{"type":"FeatureCollection", "features": [
{"type":"Feature","geometry":{"type":"Point","coordinates":[162665.45006839692,620724.0427668829]},"properties":{"OBJECTID_1":1,"efficiency":0,"stop_code":12387,"Muni_Heb":"אשקלון","stop_name":"רכבת אשקלון/הורדה"}},
{"type":"Feature","geometry":{"type":"Point","coordinates":[162795.2523488776,620668.8840763406]},"properties":{"OBJECTID_1":2,"efficiency":0,"stop_code":12386,"Muni_Heb":"אשקלון","stop_name":"הרכבת/מרכז מסחרי"}},
{"type":"Feature","geometry":{"type":"Point","coordinates":[162734.57522699924,620757.7056209538]},"properties":{"OBJECTID_1":3,"efficiency":0,"stop_code":12385,"Muni_Heb":"אשקלון","stop_name":"מנחם בגין/הרכבת"}},
{"type":"Feature","geometry":{"type":"Point","coordinates":[162812.93981675923,620660.5813643915]},"properties":{"OBJECTID_1":4,"efficiency":0,"stop_code":12523,"Muni_Heb":"אשקלון","stop_name":"מרכז מסחרי/הרכבת"}},
{"type":"Feature","geometry":{"type":"Point","coordinates":[162694.12215084143,620730.2058202982]},"properties":{"OBJECTID_1":5,"efficiency":0,"stop_code":14730,"Muni_Heb":"אשקלון","stop_name":"ת. רכבת אשקלון/רציפים"}},
{"type":"Feature","geometry":{"type":"Point","coordinates":[162694.12215084143,620730.2058202982]},"properties":{"OBJECTID_1":6,"efficiency":0,"stop_code":14730,"Muni_Heb":"אשקלון","stop_name":"ת. רכבת אשקלון/רציפים"}},
{"type":"Feature","geometry":{"type":"Point","coordinates":[162694.12215084143,620730.2058202982]},"properties":{"OBJECTID_1":7,"efficiency":0,"stop_code":14730,"Muni_Heb":"אשקלון","stop_name":"ת. רכבת אשקלון/רציפים"}},
{"type":"Feature","geometry":{"type":"Point","coordinates":[162694.12215084143,620730.2058202982]},"properties":{"OBJECTID_1":8,"efficiency":0,"stop_code":14730,"Muni_Heb":"אשקלון","stop_name":"ת. רכבת אשקלון/רציפים"}},
{"type":"Feature","geometry":{"type":"Point","coordinates":[162694.12215084143,620730.2058202982]},"properties":{"OBJECTID_1":9,"efficiency":0,"stop_code":14730,"Muni_Heb":"אשקלון","stop_name":"ת. רכבת אשקלון/רציפים"}},
{"type":"Feature","geometry":{"type":"Point","coordinates":[162694.12215084143,620730.2058202982]},"properties":{"OBJECTID_1":10,"efficiency":0,"stop_code":14730,"Muni_Heb":"אשקלון","stop_name":"ת. רכבת אשקלון/רציפים"}},
{"type":"Feature","geometry":{"type":"Point","coordinates":[162694.12215084143,620730.2058202982]},"properties":{"OBJECTID_1":11,"efficiency":0,"stop_code":14730,"Muni_Heb":"אשקלון","stop_name":"ת. רכבת אשקלון/רציפים"}},
{"type":"Feature","geometry":{"type":"Point","coordinates":[188460.34936086045,569901.8973091533]},"properties":{"OBJECTID_1":12,"efficiency":0,"stop_code":10147,"Muni_Heb":"בני שמעון","stop_name":"נבטים"}},
{"type":"Feature","geometry":{"type":"Point","coordinates":[188633.6358761834,569855.8176387419]},"properties":{"OBJECTID_1":13,"efficiency":0,"stop_code":10148,"Muni_Heb":"בני שמעון","stop_name":"נבטים/קופ''ח"}},
{"type":"Feature","geometry":{"type":"Point","coordinates":[189042.90646747677,569860.2797964233]},"properties":{"OBJECTID_1":14,"efficiency":0,"stop_code":10149,"Muni_Heb":"בני שמעון","stop_name":"בריכה"}},
{"type":"Feature","geometry":{"type":"Point","coordinates":[189304.46241053485,569924.3882222624]},"properties":{"OBJECTID_1":15,"efficiency":0,"stop_code":10150,"Muni_Heb":"בני שמעון","stop_name":"נבטים"}},
{"type":"Feature","geometry":{"type":"Point","coordinates":[188983.51653726533,570935.2819933956]},"properties":{"OBJECTID_1":16,"efficiency":0,"stop_code":10151,"Muni_Heb":"בני שמעון","stop_name":"נבטים"}},
{"type":"Feature","geometry":{"type":"Point","coordinates":[188324.70320257588,570494.9298191709]},"properties":{"OBJECTID_1":17,"efficiency":0,"stop_code":10153,"Muni_Heb":"בני שמעון","stop_name":"נבטים"}},
{"type":"Feature","geometry":{"type":"Point","coordinates":[188342.06582431158,570823.8472306086]},"properties":{"OBJECTID_1":18,"efficiency":0,"stop_code":10154,"Muni_Heb":"בני שמעון","stop_name":"נבטים"}},
{"type":"Feature","geometry":{"type":"Point","coordinates":[192322.87170487895,582516.037837741]},"properties":{"OBJECTID_1":19,"efficiency":0,"stop_code":10561,"Muni_Heb":"בני שמעון","stop_name":"כרמים מרכז"}},
{"type":"Feature","geometry":{"type":"Point","coordinates":[165016.19541018252,585397.7049820531]},"properties":{"OBJECTID_1":20,"efficiency":0,"stop_code":13625,"Muni_Heb":"בני שמעון","stop_name":"צומת תאשור"}},
{"type":"Feature","geometry":{"type":"Point","coordinates":[165280.29372983356,585059.4747692692]},"properties":{"OBJECTID_1":21,"efficiency":0,"stop_code":13632,"Muni_Heb":"בני שמעון","stop_name":"עוף הנגב"}},
{"type":"Feature","geometry":{"type":"Point","coordinates":[165029.73325850503,585274.7773299185]},"properties":{"OBJECTID_1":22,"efficiency":0,"stop_code":13634,"Muni_Heb":"בני שמעון","stop_name":"צומת תאשור"}},
{"type":"Feature","geometry":{"type":"Point","coordinates":[171346.41654212592,582295.72878572]},"properties":{"OBJECTID_1":23,"efficiency":0,"stop_code":13679,"Muni_Heb":"בני שמעון","stop_name":"צומת הנשיא"}},
{"type":"Feature","geometry":{"type":"Point","coordinates":[173475.53583865945,587990.9552144394]},"properties":{"OBJECTID_1":24,"efficiency":0,"stop_code":13724,"Muni_Heb":"בני שמעון","stop_name":"צומת רהט דרום"}},
{"type":"Feature","geometry":{"type":"Point","coordinates":[187984.9945556543,569657.4985539402]},"properties":{"OBJECTID_1":25,"efficiency":0,"stop_code":14073,"Muni_Heb":"בני שמעון","stop_name":"מסעף נבטים/כביש 25"}},
{"type":"Feature","geometry":{"type":"Point","coordinates":[188433.79354118565,570202.2274694223]},"properties":{"OBJECTID_1":26,"efficiency":0,"stop_code":14078,"Muni_Heb":"בני שמעון","stop_name":"נבטים"}},
{"type":"Feature","geometry":{"type":"Point","coordinates":[188718.96612856595,570328.3420998168]},"properties":{"OBJECTID_1":27,"efficiency":0,"stop_code":14080,"Muni_Heb":"בני שמעון","stop_name":"מקלט"}},
{"type":"Feature","geometry":{"type":"Point","coordinates":[189186.9064508357,570595.3028554406]},"properties":{"OBJECTID_1":28,"efficiency":0,"stop_code":14086,"Muni_Heb":"בני שמעון","stop_name":"נבטים"}},
{"type":"Feature","geometry":{"type":"Point","coordinates":[189225.84654325398,570253.91511036]},"properties":{"OBJECTID_1":29,"efficiency":0,"stop_code":14089,"Muni_Heb":"בני שמעון","stop_name":"נבטים"}},
{"type":"Feature","geometry":{"type":"Point","coordinates":[172676.42046549782,594744.299462176]},"properties":{"OBJECTID_1":30,"efficiency":0,"stop_code":14501,"Muni_Heb":"בני שמעון","stop_name":"צומת מושב שדה צבי"}},
{"type":"Feature","geometry":{"type":"Point","coordinates":[173382.3762002128,572570.3436812293]},"properties":{"OBJECTID_1":31,"efficiency":0,"stop_code":14595,"Muni_Heb":"בני שמעון","stop_name":"צומת חצרים/2357"}},
{"type":"Feature","geometry":{"type":"Point","coordinates":[173255.02151634262,572595.2961992259]},"properties":{"OBJECTID_1":32,"efficiency":0,"stop_code":14600,"Muni_Heb":"בני שמעון","stop_name":"צומת חצרים"}},
{"type":"Feature","geometry":{"type":"Point","coordinates":[173205.8978929509,572299.7996789445]},"properties":{"OBJECTID_1":33,"efficiency":0,"stop_code":14601,"Muni_Heb":"בני שמעון","stop_name":"קיבוץ חצרים"}},
{"type":"Feature","geometry":{"type":"Point","coordinates":[165558.2900027219,586805.4273026183]},"properties":{"OBJECTID_1":34,"efficiency":0,"stop_code":14608,"Muni_Heb":"בני שמעון","stop_name":"ברוש מרכז"}},
{"type":"Feature","geometry":{"type":"Point","coordinates":[164906.82935615344,587597.1786336272]},"properties":{"OBJECTID_1":35,"efficiency":0,"stop_code":14611,"Muni_Heb":"בני שמעון","stop_name":"תדהר/מרכז"}},
{"type":"Feature","geometry":{"type":"Point","coordinates":[183515.17861104832,590935.1357501802]},"properties":{"OBJECTID_1":36,"efficiency":0,"stop_code":14659,"Muni_Heb":"בני שמעון","stop_name":"מ. קיבוץ דבירה"}},
{"type":"Feature","geometry":{"type":"Point","coordinates":[183401.18175583114,590969.5691414208]},"properties":{"OBJECTID_1":37,"efficiency":0,"stop_code":14660,"Muni_Heb":"בני שמעון","stop_name":"צומת דבירה"}},
{"type":"Feature","geometry":{"type":"Point","coordinates":[179894.1566551461,592383.9151949547]},"properties":{"OBJECTID_1":38,"efficiency":0,"stop_code":14661,"Muni_Heb":"בני שמעון","stop_name":"צומת דבירה/3255"}},
{"type":"Feature","geometry":{"type":"Point","coordinates":[177530.34679148856,595050.7449273029]},"properties":{"OBJECTID_1":39,"efficiency":0,"stop_code":14903,"Muni_Heb":"בני שמעון","stop_name":"קיבוץ בית קמה"}},
{"type":"Feature","geometry":{"type":"Point","coordinates":[177687.4474969217,594544.274248611]},"properties":{"OBJECTID_1":40,"efficiency":0,"stop_code":15400,"Muni_Heb":"בני שמעון","stop_name":"צומת בית קמה לצפון"}},
{"type":"Feature","geometry":{"type":"Point","coordinates":[177530.5200334679,594621.190545136]},"properties":{"OBJECTID_1":41,"efficiency":0,"stop_code":15403,"Muni_Heb":"בני שמעון","stop_name":"צומת קיבוץ בית קמה"}},
{"type":"Feature","geometry":{"type":"Point","coordinates":[172790.49459266654,594701.3203781716]},"properties":{"OBJECTID_1":42,"efficiency":0,"stop_code":15407,"Muni_Heb":"בני שמעון","stop_name":"צומת מושב שדה צבי"}},
{"type":"Feature","geometry":{"type":"Point","coordinates":[171476.7024501104,582376.2953206743]},"properties":{"OBJECTID_1":43,"efficiency":0,"stop_code":15425,"Muni_Heb":"בני שמעון","stop_name":"צומת הנשיא"}},
{"type":"Feature","geometry":{"type":"Point","coordinates":[172750.61162002894,586484.7503091535]},"properties":{"OBJECTID_1":44,"efficiency":0,"stop_code":15430,"Muni_Heb":"בני שמעון","stop_name":"צומת קיבוץ משמר הנגב"}},
{"type":"Feature","geometry":{"type":"Point","coordinates":[176099.0902476886,591224.1051851745]},"properties":{"OBJECTID_1":45,"efficiency":0,"stop_code":15493,"Muni_Heb":"בני שמעון","stop_name":"צומת שובל"}},
{"type":"Feature","geometry":{"type":"Point","coordinates":[175948.83621464839,591154.7646902582]},"properties":{"OBJECTID_1":46,"efficiency":0,"stop_code":15495,"Muni_Heb":"בני שמעון","stop_name":"צומת שובל"}},
{"type":"Feature","geometry":{"type":"Point","coordinates":[177585.70740744742,594468.0636255381]},"properties":{"OBJECTID_1":47,"efficiency":0,"stop_code":15496,"Muni_Heb":"בני שמעון","stop_name":"צומת קיבוץ בית קמה"}},
{"type":"Feature","geometry":{"type":"Point","coordinates":[172786.72005371284,586581.3878309662]},"properties":{"OBJECTID_1":48,"efficiency":0,"stop_code":15501,"Muni_Heb":"בני שמעון","stop_name":"צומת קיבוץ משמר הנגב"}},
{"type":"Feature","geometry":{"type":"Point","coordinates":[179743.25144322574,592481.9526885735]},"properties":{"OBJECTID_1":49,"efficiency":0,"stop_code":15539,"Muni_Heb":"בני שמעון","stop_name":"צומת דבירה"}},
{"type":"Feature","geometry":{"type":"Point","coordinates":[171738.91450971487,581687.3074078147]},"properties":{"OBJECTID_1":50,"efficiency":0,"stop_code":15566,"Muni_Heb":"בני שמעון","stop_name":"בי''ס אשל הנשיא"}},
{"type":"Feature","geometry":{"type":"Point","coordinates":[163710.67119667842,587528.0890377522]},"properties":{"OBJECTID_1":51,"efficiency":0,"stop_code":15567,"Muni_Heb":"בני שמעון","stop_name":"צומת תדהר"}},
{"type":"Feature","geometry":{"type":"Point","coordinates":[163711.45410100278,587371.6296160236]},"properties":{"OBJECTID_1":52,"efficiency":0,"stop_code":15575,"Muni_Heb":"בני שמעון","stop_name":"צומת תדהר"}},
{"type":"Feature","geometry":{"type":"Point","coordinates":[165299.57912988268,584924.8752719646]},"properties":{"OBJECTID_1":53,"efficiency":0,"stop_code":15576,"Muni_Heb":"בני שמעון","stop_name":"עוף הנגב"}},
{"type":"Feature","geometry":{"type":"Point","coordinates":[167871.8778767126,582452.2006168942]},"properties":{"OBJECTID_1":54,"efficiency":0,"stop_code":15577,"Muni_Heb":"בני שמעון","stop_name":"גילת/סלעית"}},
{"type":"Feature","geometry":{"type":"Point","coordinates":[167800.3354221575,582516.1989526907]},"properties":{"OBJECTID_1":55,"efficiency":0,"stop_code":15578,"Muni_Heb":"בני שמעון","stop_name":"גילת/סלעית"}},
{"type":"Feature","geometry":{"type":"Point","coordinates":[168272.80270417826,582382.928519798]},"properties":{"OBJECTID_1":56,"efficiency":0,"stop_code":15579,"Muni_Heb":"בני שמעון","stop_name":"צומת תפרח מערב"}},
{"type":"Feature","geometry":{"type":"Point","coordinates":[167163.72260515025,582977.2977940636]},"properties":{"OBJECTID_1":57,"efficiency":0,"stop_code":15580,"Muni_Heb":"בני שמעון","stop_name":"צומת גילת לדרום"}},
{"type":"Feature","geometry":{"type":"Point","coordinates":[169087.10942069307,582417.011954607]},"properties":{"OBJECTID_1":58,"efficiency":0,"stop_code":15581,"Muni_Heb":"בני שמעון","stop_name":"צומת תפרח מזרח"}},
{"type":"Feature","geometry":{"type":"Point","coordinates":[167104.1245928379,583106.4396222435]},"properties":{"OBJECTID_1":59,"efficiency":0,"stop_code":15582,"Muni_Heb":"בני שמעון","stop_name":"צומת גילת לצפון"}},
{"type":"Feature","geometry":{"type":"Point","coordinates":[168405.6055407183,582350.235628035]},"properties":{"OBJECTID_1":60,"efficiency":0,"stop_code":15583,"Muni_Heb":"בני שמעון","stop_name":"צומת תפרח מערב"}},
{"type":"Feature","geometry":{"type":"Point","coordinates":[169191.25566624687,582421.8337651045]},"properties":{"OBJECTID_1":61,"efficiency":0,"stop_code":15585,"Muni_Heb":"בני שמעון","stop_name":"צומת תפרח"}},
{"type":"Feature","geometry":{"type":"Point","coordinates":[169922.71241061506,582588.4387280773]},"properties":{"OBJECTID_1":62,"efficiency":0,"stop_code":15586,"Muni_Heb":"בני שמעון","stop_name":"צומת תפרח מזרח"}},
{"type":"Feature","geometry":{"type":"Point","coordinates":[164112.4783527042,586588.4433544845]},"properties":{"OBJECTID_1":63,"efficiency":0,"stop_code":15587,"Muni_Heb":"בני שמעון","stop_name":"צומת ברוש"}},
{"type":"Feature","geometry":{"type":"Point","coordinates":[165103.2302543663,585392.3736335648]},"properties":{"OBJECTID_1":64,"efficiency":0,"stop_code":15588,"Muni_Heb":"בני שמעון","stop_name":"צומת תאשור"}},
{"type":"Feature","geometry":{"type":"Point","coordinates":[171445.38690935812,582188.9403320346]},"properties":{"OBJECTID_1":65,"efficiency":0,"stop_code":15605,"Muni_Heb":"בני שמעון","stop_name":"צומת הנשיא/כביש310"}},
{"type":"Feature","geometry":{"type":"Point","coordinates":[180370.29341890092,586707.174558877]},"properties":{"OBJECTID_1":66,"efficiency":0,"stop_code":15634,"Muni_Heb":"בני שמעון","stop_name":"מחלף עידן הנגב לדרום"}},
{"type":"Feature","geometry":{"type":"Point","coordinates":[164112.70202655002,586468.9109938362]},"properties":{"OBJECTID_1":67,"efficiency":0,"stop_code":15656,"Muni_Heb":"בני שמעון","stop_name":"צומת ברוש"}},
{"type":"Feature","geometry":{"type":"Point","coordinates":[187722.6285541504,587654.8847956912]},"properties":{"OBJECTID_1":68,"efficiency":1,"stop_code":15667,"Muni_Heb":"בני שמעון","stop_name":"להב/חדר אוכל"}},
{"type":"Feature","geometry":{"type":"Point","coordinates":[183519.76844671485,591246.1376001327]},"properties":{"OBJECTID_1":69,"efficiency":1,"stop_code":15681,"Muni_Heb":"בני שמעון","stop_name":"דבירה"}},
{"type":"Feature","geometry":{"type":"Point","coordinates":[173148.82364598417,586390.0609640008]},"properties":{"OBJECTID_1":70,"efficiency":1,"stop_code":15682,"Muni_Heb":"בני שמעון","stop_name":"משמר הנגב"}},
{"type":"Feature","geometry":{"type":"Point","coordinates":[189037.1364173952,593415.236787882]},"properties":{"OBJECTID_1":71,"efficiency":0,"stop_code":15930,"Muni_Heb":"בני שמעון","stop_name":"שומריה"}},
{"type":"Feature","geometry":{"type":"Point","coordinates":[188475.35086080318,581970.2314302836]},"properties":{"OBJECTID_1":72,"efficiency":0,"stop_code":16181,"Muni_Heb":"בני שמעון","stop_name":"צומת לקיה"}},
{"type":"Feature","geometry":{"type":"Point","coordinates":[180203.193979074,586848.0634444887]},"properties":{"OBJECTID_1":73,"efficiency":0,"stop_code":16361,"Muni_Heb":"בני שמעון","stop_name":"מחלף עידן הנגב למערב"}},
{"type":"Feature","geometry":{"type":"Point","coordinates":[179517.77035133334,586728.4711523866]},"properties":{"OBJECTID_1":74,"efficiency":0,"stop_code":16370,"Muni_Heb":"בני שמעון","stop_name":"צומת רהט דרום"}},
{"type":"Feature","geometry":{"type":"Point","coordinates":[175939.34862558925,591388.0976055455]},"properties":{"OBJECTID_1":75,"efficiency":0,"stop_code":16409,"Muni_Heb":"בני שמעון","stop_name":"שובל/מרכז"}},
{"type":"Feature","geometry":{"type":"Point","coordinates":[188449.786007359,587980.7900410661]},"properties":{"OBJECTID_1":76,"efficiency":0,"stop_code":16499,"Muni_Heb":"בני שמעון","stop_name":"צומת להב לדרום"}},
{"type":"Feature","geometry":{"type":"Point","coordinates":[188238.10558501922,569569.2626183681]},"properties":{"OBJECTID_1":77,"efficiency":0,"stop_code":19242,"Muni_Heb":"בני שמעון","stop_name":"מסעף נבטים/כביש 25"}},
{"type":"Feature","geometry":{"type":"Point","coordinates":[173342.4885605782,585928.163791912]},"properties":{"OBJECTID_1":78,"efficiency":0,"stop_code":19493,"Muni_Heb":"בני שמעון","stop_name":"משמר הנגב/מרכז"}},
{"type":"Feature","geometry":{"type":"Point","coordinates":[177245.36809814046,584986.0549348183]},"properties":{"OBJECTID_1":79,"efficiency":0,"stop_code":19667,"Muni_Heb":"בני שמעון","stop_name":"ביה''ס גבעות בר"}},
{"type":"Feature","geometry":{"type":"Point","coordinates":[176702.97890157584,585305.8177763436]},"properties":{"OBJECTID_1":80,"efficiency":0,"stop_code":19670,"Muni_Heb":"בני שמעון","stop_name":"גבעות בר/יציאה"}},
{"type":"Feature","geometry":{"type":"Point","coordinates":[176618.43100716392,585478.0275445753]},"properties":{"OBJECTID_1":81,"efficiency":0,"stop_code":19671,"Muni_Heb":"בני שמעון","stop_name":"מסעף גבעות בר/כביש 310"}},
{"type":"Feature","geometry":{"type":"Point","coordinates":[176514.08304553496,585392.3019455178]},"properties":{"OBJECTID_1":82,"efficiency":0,"stop_code":19672,"Muni_Heb":"בני שמעון","stop_name":"מסעף גבעות בר/כביש 310"}},
{"type":"Feature","geometry":{"type":"Point","coordinates":[179321.97393641926,586676.8860001175]},"properties":{"OBJECTID_1":83,"efficiency":0,"stop_code":19673,"Muni_Heb":"בני שמעון","stop_name":"צומת רהט דרום/כביש 310"}},
{"type":"Feature","geometry":{"type":"Point","coordinates":[171616.82169837438,582151.4543644738]},"properties":{"OBJECTID_1":84,"efficiency":0,"stop_code":19697,"Muni_Heb":"בני שמעון","stop_name":"צומת הנשיא/כביש 310"}},
{"type":"Feature","geometry":{"type":"Point","coordinates":[177664.77647404085,594604.019140627]},"properties":{"OBJECTID_1":85,"efficiency":0,"stop_code":19757,"Muni_Heb":"בני שמעון","stop_name":"תחנת התרעננות/פונדק בית קמה"}},
{"type":"Feature","geometry":{"type":"Point","coordinates":[177759.98375667614,594544.7599556572]},"properties":{"OBJECTID_1":86,"efficiency":0,"stop_code":11347,"Muni_Heb":"בני שמעון","stop_name":"צומת בית קמה לדרום"}},
{"type":"Feature","geometry":{"type":"Point","coordinates":[179772.9930295868,592401.8946162685]},"properties":{"OBJECTID_1":87,"efficiency":0,"stop_code":11351,"Muni_Heb":"בני שמעון","stop_name":"תחנת התרעננות/צומת דבירה"}},
{"type":"Feature","geometry":{"type":"Point","coordinates":[166129.82048130463,586776.1068865652]},"properties":{"OBJECTID_1":88,"efficiency":1,"stop_code":18191,"Muni_Heb":"בני שמעון","stop_name":"תאשור/מגרש ספורט"}},
{"type":"Feature","geometry":{"type":"Point","coordinates":[164258.13741367124,587633.6269479927]},"properties":{"OBJECTID_1":89,"efficiency":1,"stop_code":11506,"Muni_Heb":"בני שמעון","stop_name":"תדהר כניסה"}},
{"type":"Feature","geometry":{"type":"Point","coordinates":[164035.67144313172,587570.0486664773]},"properties":{"OBJECTID_1":90,"efficiency":1,"stop_code":11505,"Muni_Heb":"בני שמעון","stop_name":"תדהר הרחבה"}},
{"type":"Feature","geometry":{"type":"Point","coordinates":[165281.30147960168,586943.9091596148]},"properties":{"OBJECTID_1":91,"efficiency":1,"stop_code":11504,"Muni_Heb":"בני שמעון","stop_name":"ברוש מרכז"}},
{"type":"Feature","geometry":{"type":"Point","coordinates":[165027.4470206473,586755.1755008539]},"properties":{"OBJECTID_1":92,"efficiency":1,"stop_code":11503,"Muni_Heb":"בני שמעון","stop_name":"ברוש צרכניה"}},
{"type":"Feature","geometry":{"type":"Point","coordinates":[165308.4387288554,586544.2603015876]},"properties":{"OBJECTID_1":93,"efficiency":1,"stop_code":11502,"Muni_Heb":"בני שמעון","stop_name":"ברוש/הרחבה ב"}},
{"type":"Feature","geometry":{"type":"Point","coordinates":[175559.80202299007,591404.1017589635]},"properties":{"OBJECTID_1":94,"efficiency":1,"stop_code":18175,"Muni_Heb":"בני שמעון","stop_name":"ביה''ס מבואות הנגב"}},
{"type":"Feature","geometry":{"type":"Point","coordinates":[172883.98307655688,572190.8975995013]},"properties":{"OBJECTID_1":95,"efficiency":1,"stop_code":11510,"Muni_Heb":"בני שמעון","stop_name":"חצרים מזכירות"}},
{"type":"Feature","geometry":{"type":"Point","coordinates":[187900.1009176626,570421.909704121]},"properties":{"OBJECTID_1":96,"efficiency":0,"stop_code":11614,"Muni_Heb":"בני שמעון","stop_name":"האגס/התפוח"}},
{"type":"Feature","geometry":{"type":"Point","coordinates":[188057.38819031316,570669.1353576325]},"properties":{"OBJECTID_1":97,"efficiency":0,"stop_code":11613,"Muni_Heb":"בני שמעון","stop_name":"האגס/הרימון"}},
{"type":"Feature","geometry":{"type":"Point","coordinates":[189083.72183006202,593251.9973194911]},"properties":{"OBJECTID_1":98,"efficiency":0,"stop_code":11624,"Muni_Heb":"בני שמעון","stop_name":"ת''ת עצמונה/שומריה"}},
{"type":"Feature","geometry":{"type":"Point","coordinates":[188447.72186313686,588086.4635113253]},"properties":{"OBJECTID_1":99,"efficiency":0,"stop_code":18476,"Muni_Heb":"בני שמעון","stop_name":"צומת להב לצפון"}},
{"type":"Feature","geometry":{"type":"Point","coordinates":[188378.08353072088,588019.478073923]},"properties":{"OBJECTID_1":100,"efficiency":0,"stop_code":12711,"Muni_Heb":"בני שמעון","stop_name":"צומת להב למערב"}},
{"type":"Feature","geometry":{"type":"Point","coordinates":[165448.67631711165,620927.1238726332]},"properties":{"OBJECTID_1":101,"efficiency":1,"stop_code":10213,"Muni_Heb":"חוף אשקלון","stop_name":"צומת ניר ישראל/ברכיה"}},
{"type":"Feature","geometry":{"type":"Point","coordinates":[165583.5441942056,620913.7785370039]},"properties":{"OBJECTID_1":102,"efficiency":1,"stop_code":10214,"Muni_Heb":"חוף אשקלון","stop_name":"צומת ניר ישראל/ברכיה"}},
{"type":"Feature","geometry":{"type":"Point","coordinates":[165593.0508730944,625896.1409551409]},"properties":{"OBJECTID_1":103,"efficiency":1,"stop_code":11157,"Muni_Heb":"חוף אשקלון","stop_name":"צומת אשכולות"}},
{"type":"Feature","geometry":{"type":"Point","coordinates":[167057.26509492617,621275.0090412139]},"properties":{"OBJECTID_1":104,"efficiency":1,"stop_code":11336,"Muni_Heb":"חוף אשקלון","stop_name":"צומת הודיה"}},
{"type":"Feature","geometry":{"type":"Point","coordinates":[165902.3520223056,627380.322130667]},"properties":{"OBJECTID_1":105,"efficiency":0,"stop_code":11407,"Muni_Heb":"חוף אשקלון","stop_name":"שדרות הקוצר/מורד הנחל"}},
{"type":"Feature","geometry":{"type":"Point","coordinates":[165627.45670018048,626894.7321458001]},"properties":{"OBJECTID_1":106,"efficiency":0,"stop_code":11408,"Muni_Heb":"חוף אשקלון","stop_name":"מבוא השדות/שדרת החורש"}},
{"type":"Feature","geometry":{"type":"Point","coordinates":[162839.96108269953,619534.4777833356]},"properties":{"OBJECTID_1":107,"efficiency":1,"stop_code":12074,"Muni_Heb":"חוף אשקלון","stop_name":"צומת ברכיה"}},
{"type":"Feature","geometry":{"type":"Point","coordinates":[163100.2661311268,620468.2830552052]},"properties":{"OBJECTID_1":108,"efficiency":1,"stop_code":12075,"Muni_Heb":"חוף אשקלון","stop_name":"צומת כפר סילבר"}},
{"type":"Feature","geometry":{"type":"Point","coordinates":[165670.1742939374,625981.6767969183]},"properties":{"OBJECTID_1":109,"efficiency":1,"stop_code":12080,"Muni_Heb":"חוף אשקלון","stop_name":"צומת אשכולות"}},
{"type":"Feature","geometry":{"type":"Point","coordinates":[165883.80970367242,627277.0704917321]},"properties":{"OBJECTID_1":110,"efficiency":0,"stop_code":12327,"Muni_Heb":"חוף אשקלון","stop_name":"מבוא השדות/שדות הקוצר"}},
{"type":"Feature","geometry":{"type":"Point","coordinates":[165701.40485079898,626281.7992452527]},"properties":{"OBJECTID_1":111,"efficiency":0,"stop_code":13010,"Muni_Heb":"חוף אשקלון","stop_name":"צומת ניצנים"}},
{"type":"Feature","geometry":{"type":"Point","coordinates":[167131.28938311402,621212.5370184579]},"properties":{"OBJECTID_1":112,"efficiency":0,"stop_code":13658,"Muni_Heb":"חוף אשקלון","stop_name":"צומת הודיה"}},
{"type":"Feature","geometry":{"type":"Point","coordinates":[167244.47785080757,621412.8917725803]},"properties":{"OBJECTID_1":113,"efficiency":0,"stop_code":13659,"Muni_Heb":"חוף אשקלון","stop_name":"צומת הודיה"}},
{"type":"Feature","geometry":{"type":"Point","coordinates":[165671.98227461788,625892.1805258348]},"properties":{"OBJECTID_1":114,"efficiency":0,"stop_code":14450,"Muni_Heb":"חוף אשקלון","stop_name":"צומת אשכולות"}},
{"type":"Feature","geometry":{"type":"Point","coordinates":[162560.2052932748,614812.2073793699]},"properties":{"OBJECTID_1":115,"efficiency":0,"stop_code":14577,"Muni_Heb":"חוף אשקלון","stop_name":"דרך תלם/3412"}},
{"type":"Feature","geometry":{"type":"Point","coordinates":[162150.7791516456,618082.8728812516]},"properties":{"OBJECTID_1":116,"efficiency":0,"stop_code":14579,"Muni_Heb":"חוף אשקלון","stop_name":"צומת בית שיקמה"}},
{"type":"Feature","geometry":{"type":"Point","coordinates":[163416.38723576593,616364.724561589]},"properties":{"OBJECTID_1":117,"efficiency":0,"stop_code":14580,"Muni_Heb":"חוף אשקלון","stop_name":"'בית שיקמה א"}},
{"type":"Feature","geometry":{"type":"Point","coordinates":[163112.27650750327,616057.8877903741]},"properties":{"OBJECTID_1":118,"efficiency":0,"stop_code":14581,"Muni_Heb":"חוף אשקלון","stop_name":"'גיאה א"}},
{"type":"Feature","geometry":{"type":"Point","coordinates":[163041.66902405815,616001.3873245567]},"properties":{"OBJECTID_1":119,"efficiency":0,"stop_code":14582,"Muni_Heb":"חוף אשקלון","stop_name":"'גיאה ב"}},
{"type":"Feature","geometry":{"type":"Point","coordinates":[162702.97139275624,614996.7161171221]},"properties":{"OBJECTID_1":120,"efficiency":0,"stop_code":14583,"Muni_Heb":"חוף אשקלון","stop_name":"דרך הכפר/דרך הגיא"}},
{"type":"Feature","geometry":{"type":"Point","coordinates":[161898.7483724814,617570.3079552661]},"properties":{"OBJECTID_1":121,"efficiency":0,"stop_code":14664,"Muni_Heb":"חוף אשקלון","stop_name":"שביל האלון/שביל הדקל"}},
{"type":"Feature","geometry":{"type":"Point","coordinates":[163349.64816432443,614010.2900026884]},"properties":{"OBJECTID_1":122,"efficiency":0,"stop_code":14714,"Muni_Heb":"חוף אשקלון","stop_name":"תלמי יפה"}},
{"type":"Feature","geometry":{"type":"Point","coordinates":[156796.06113982125,612650.7852956998]},"properties":{"OBJECTID_1":123,"efficiency":0,"stop_code":14955,"Muni_Heb":"חוף אשקלון","stop_name":"כרמיה"}},
{"type":"Feature","geometry":{"type":"Point","coordinates":[156421.28328248186,609105.8662895804]},"properties":{"OBJECTID_1":124,"efficiency":0,"stop_code":14978,"Muni_Heb":"חוף אשקלון","stop_name":"נתיב העשרה"}},
{"type":"Feature","geometry":{"type":"Point","coordinates":[168166.05616280413,615909.51993976]},"properties":{"OBJECTID_1":125,"efficiency":0,"stop_code":15343,"Muni_Heb":"חוף אשקלון","stop_name":"צומת כוכב מיכאל"}},
{"type":"Feature","geometry":{"type":"Point","coordinates":[168168.86736462777,616036.4706800693]},"properties":{"OBJECTID_1":126,"efficiency":0,"stop_code":15433,"Muni_Heb":"חוף אשקלון","stop_name":"צומת כוכב מיכאל"}},
{"type":"Feature","geometry":{"type":"Point","coordinates":[164517.34121474173,619259.18547757]},"properties":{"OBJECTID_1":127,"efficiency":0,"stop_code":15507,"Muni_Heb":"חוף אשקלון","stop_name":"צומת ברכיה/משען"}},
{"type":"Feature","geometry":{"type":"Point","coordinates":[164646.74288413068,619230.5549358063]},"properties":{"OBJECTID_1":128,"efficiency":0,"stop_code":15508,"Muni_Heb":"חוף אשקלון","stop_name":"צומת ברכיה/משען"}},
{"type":"Feature","geometry":{"type":"Point","coordinates":[160358.6454804677,614364.9103329233]},"properties":{"OBJECTID_1":129,"efficiency":0,"stop_code":15511,"Muni_Heb":"חוף אשקלון","stop_name":"צומת מבקיעים"}},
{"type":"Feature","geometry":{"type":"Point","coordinates":[160250.563934684,614247.8759441905]},"properties":{"OBJECTID_1":130,"efficiency":0,"stop_code":15513,"Muni_Heb":"חוף אשקלון","stop_name":"צומת מבקיעים"}},
{"type":"Feature","geometry":{"type":"Point","coordinates":[162919.3690907722,619435.4639012369]},"properties":{"OBJECTID_1":131,"efficiency":0,"stop_code":15518,"Muni_Heb":"חוף אשקלון","stop_name":"צומת ברכיה"}},
{"type":"Feature","geometry":{"type":"Point","coordinates":[158728.47405077005,610850.0006817513]},"properties":{"OBJECTID_1":132,"efficiency":0,"stop_code":15607,"Muni_Heb":"חוף אשקלון","stop_name":"צומת יד מרדכי"}},
{"type":"Feature","geometry":{"type":"Point","coordinates":[158720.80742981605,610950.9530383372]},"properties":{"OBJECTID_1":133,"efficiency":0,"stop_code":15608,"Muni_Heb":"חוף אשקלון","stop_name":"צומת יד מרדכי"}},
{"type":"Feature","geometry":{"type":"Point","coordinates":[159999.38627859976,614444.8098004421]},"properties":{"OBJECTID_1":134,"efficiency":0,"stop_code":15800,"Muni_Heb":"חוף אשקלון","stop_name":"מבקיעים"}},
{"type":"Feature","geometry":{"type":"Point","coordinates":[163278.59287920146,611317.9047001889]},"properties":{"OBJECTID_1":135,"efficiency":0,"stop_code":15910,"Muni_Heb":"חוף אשקלון","stop_name":"גברעם"}},
{"type":"Feature","geometry":{"type":"Point","coordinates":[166038.06337148725,625606.9586754718]},"properties":{"OBJECTID_1":136,"efficiency":0,"stop_code":16420,"Muni_Heb":"חוף אשקלון","stop_name":"צומת קיבוץ ניצנים"}},
{"type":"Feature","geometry":{"type":"Point","coordinates":[165956.27871447196,625682.5647059692]},"properties":{"OBJECTID_1":137,"efficiency":0,"stop_code":16503,"Muni_Heb":"חוף אשקלון","stop_name":"צומת קיבוץ ניצנים"}},
{"type":"Feature","geometry":{"type":"Point","coordinates":[158576.82355243806,610790.6780716049]},"properties":{"OBJECTID_1":138,"efficiency":0,"stop_code":18500,"Muni_Heb":"חוף אשקלון","stop_name":"יד מרדכי/כביש 4"}},
{"type":"Feature","geometry":{"type":"Point","coordinates":[165884.942141037,618945.8481043392]},"properties":{"OBJECTID_1":139,"efficiency":0,"stop_code":19149,"Muni_Heb":"חוף אשקלון","stop_name":"גני צבי/35"}},
{"type":"Feature","geometry":{"type":"Point","coordinates":[158394.69809501333,610859.7229350421]},"properties":{"OBJECTID_1":140,"efficiency":0,"stop_code":19196,"Muni_Heb":"חוף אשקלון","stop_name":"בית ספר חופים"}},
{"type":"Feature","geometry":{"type":"Point","coordinates":[154719.57752656413,613124.7344194719]},"properties":{"OBJECTID_1":141,"efficiency":0,"stop_code":19198,"Muni_Heb":"חוף אשקלון","stop_name":"זיקים"}},
{"type":"Feature","geometry":{"type":"Point","coordinates":[162749.3906682503,615693.6093129733]},"properties":{"OBJECTID_1":142,"efficiency":0,"stop_code":19749,"Muni_Heb":"חוף אשקלון","stop_name":"גיאה   משק 88/דרך שדמה"}},
{"type":"Feature","geometry":{"type":"Point","coordinates":[162731.15276303943,615689.6064226214]},"properties":{"OBJECTID_1":143,"efficiency":0,"stop_code":19750,"Muni_Heb":"חוף אשקלון","stop_name":"גיאה   משק 88/דרך שדמה"}},
{"type":"Feature","geometry":{"type":"Point","coordinates":[164851.62695058886,627801.1129156088]},"properties":{"OBJECTID_1":144,"efficiency":0,"stop_code":19930,"Muni_Heb":"חוף אשקלון","stop_name":"גוש קטיף/כפר דרום"}},
{"type":"Feature","geometry":{"type":"Point","coordinates":[165428.3005425238,627682.3059508253]},"properties":{"OBJECTID_1":145,"efficiency":0,"stop_code":19929,"Muni_Heb":"חוף אשקלון","stop_name":"נווה דקלים/שירת הים"}},
{"type":"Feature","geometry":{"type":"Point","coordinates":[163398.0384826382,623281.4453241399]},"properties":{"OBJECTID_1":146,"efficiency":0,"stop_code":19926,"Muni_Heb":"חוף אשקלון","stop_name":"נוף ים/הצדף"}},
{"type":"Feature","geometry":{"type":"Point","coordinates":[162982.35695275705,623011.1475626859]},"properties":{"OBJECTID_1":147,"efficiency":0,"stop_code":19924,"Muni_Heb":"חוף אשקלון","stop_name":"שביל התקווה/שוהם"}},
{"type":"Feature","geometry":{"type":"Point","coordinates":[165715.66429955,627580.7821259253]},"properties":{"OBJECTID_1":148,"efficiency":0,"stop_code":10057,"Muni_Heb":"חוף אשקלון","stop_name":"דרך נווה דקלים / אולפנא"}},
{"type":"Feature","geometry":{"type":"Point","coordinates":[165268.11839579925,628036.8815215226]},"properties":{"OBJECTID_1":149,"efficiency":0,"stop_code":10035,"Muni_Heb":"חוף אשקלון","stop_name":"גוש קטיף /דיונה"}},
{"type":"Feature","geometry":{"type":"Point","coordinates":[165336.11732141091,627668.4849458401]},"properties":{"OBJECTID_1":150,"efficiency":0,"stop_code":10034,"Muni_Heb":"חוף אשקלון","stop_name":"השקמה/הכיסופים"}},
{"type":"Feature","geometry":{"type":"Point","coordinates":[165091.6972476499,627771.8997949517]},"properties":{"OBJECTID_1":151,"efficiency":0,"stop_code":10033,"Muni_Heb":"חוף אשקלון","stop_name":"נווה דקלים /כפר דרום"}},
{"type":"Feature","geometry":{"type":"Point","coordinates":[164887.6849094743,627487.9941664254]},"properties":{"OBJECTID_1":152,"efficiency":0,"stop_code":10032,"Muni_Heb":"חוף אשקלון","stop_name":"גוש קטיף / מורג"}},
{"type":"Feature","geometry":{"type":"Point","coordinates":[165053.19701013548,627192.3773984492]},"properties":{"OBJECTID_1":153,"efficiency":0,"stop_code":10028,"Muni_Heb":"חוף אשקלון","stop_name":"השקמה/הזית"}},
{"type":"Feature","geometry":{"type":"Point","coordinates":[165574.61629350725,626667.0217206051]},"properties":{"OBJECTID_1":154,"efficiency":0,"stop_code":10027,"Muni_Heb":"חוף אשקלון","stop_name":"כביש 3631/ככר שושנה"}},
{"type":"Feature","geometry":{"type":"Point","coordinates":[165568.6668664331,626761.7514301966]},"properties":{"OBJECTID_1":155,"efficiency":0,"stop_code":10024,"Muni_Heb":"חוף אשקלון","stop_name":"מבוא השדות"}},
{"type":"Feature","geometry":{"type":"Point","coordinates":[165492.39563000857,626638.9534132191]},"properties":{"OBJECTID_1":156,"efficiency":0,"stop_code":10023,"Muni_Heb":"חוף אשקלון","stop_name":"כביש 3631/מבוא השדות"}},
{"type":"Feature","geometry":{"type":"Point","coordinates":[164411.17373015458,618681.6944007099]},"properties":{"OBJECTID_1":157,"efficiency":0,"stop_code":18079,"Muni_Heb":"חוף אשקלון","stop_name":"מרכז/משען"}},
{"type":"Feature","geometry":{"type":"Point","coordinates":[168851.0645778019,615645.565326845]},"properties":{"OBJECTID_1":158,"efficiency":0,"stop_code":18078,"Muni_Heb":"חוף אשקלון","stop_name":"הצבר/הזית"}},
{"type":"Feature","geometry":{"type":"Point","coordinates":[168282.0464934925,615978.6930919319]},"properties":{"OBJECTID_1":159,"efficiency":0,"stop_code":18077,"Muni_Heb":"חוף אשקלון","stop_name":"הצבר/הגפן"}},
{"type":"Feature","geometry":{"type":"Point","coordinates":[162122.8707900448,615716.5768591285]},"properties":{"OBJECTID_1":160,"efficiency":0,"stop_code":18030,"Muni_Heb":"חוף אשקלון","stop_name":"גיאה/הרחבה"}},
{"type":"Feature","geometry":{"type":"Point","coordinates":[167664.36760429188,609757.637824088]},"properties":{"OBJECTID_1":161,"efficiency":0,"stop_code":18009,"Muni_Heb":"חוף אשקלון","stop_name":"מזכירות/חלץ"}},
{"type":"Feature","geometry":{"type":"Point","coordinates":[162526.5098878708,615189.6306180151]},"properties":{"OBJECTID_1":162,"efficiency":0,"stop_code":11459,"Muni_Heb":"חוף אשקלון","stop_name":"דרך הכפר/דרך הגיא"}},
{"type":"Feature","geometry":{"type":"Point","coordinates":[167691.4511128357,609554.2499507086]},"properties":{"OBJECTID_1":163,"efficiency":0,"stop_code":11448,"Muni_Heb":"חוף אשקלון","stop_name":"חלץ א"}},
{"type":"Feature","geometry":{"type":"Point","coordinates":[161830.3197473915,617086.9969788524]},"properties":{"OBJECTID_1":164,"efficiency":0,"stop_code":11447,"Muni_Heb":"חוף אשקלון","stop_name":"הפרדס/השזיף"}},
{"type":"Feature","geometry":{"type":"Point","coordinates":[164988.62204848567,618163.5653372715]},"properties":{"OBJECTID_1":165,"efficiency":0,"stop_code":11445,"Muni_Heb":"חוף אשקלון","stop_name":"הברכה/השפע"}},
{"type":"Feature","geometry":{"type":"Point","coordinates":[160845.5717584623,615280.6239510144]},"properties":{"OBJECTID_1":166,"efficiency":0,"stop_code":12119,"Muni_Heb":"חוף אשקלון","stop_name":"צומת קצא''א"}},
{"type":"Feature","geometry":{"type":"Point","coordinates":[160752.53635527493,615137.2190948952]},"properties":{"OBJECTID_1":167,"efficiency":0,"stop_code":12118,"Muni_Heb":"חוף אשקלון","stop_name":"צומת קצא''א"}},
{"type":"Feature","geometry":{"type":"Point","coordinates":[165635.02090053508,625202.5381389447]},"properties":{"OBJECTID_1":168,"efficiency":0,"stop_code":19935,"Muni_Heb":"חוף אשקלון","stop_name":"קיבוץ ניצנים"}},
{"type":"Feature","geometry":{"type":"Point","coordinates":[164310.92640698078,623674.1728757687]},"properties":{"OBJECTID_1":169,"efficiency":0,"stop_code":12478,"Muni_Heb":"חוף אשקלון","stop_name":"מחלף רבין אשקלון לצפון"}},
{"type":"Feature","geometry":{"type":"Point","coordinates":[164117.23437425698,623742.4078290107]},"properties":{"OBJECTID_1":170,"efficiency":0,"stop_code":12480,"Muni_Heb":"חוף אשקלון","stop_name":"מחלף רבין אשקלון למערב"}},
{"type":"Feature","geometry":{"type":"Point","coordinates":[164149.22595331757,623644.432965136]},"properties":{"OBJECTID_1":171,"efficiency":0,"stop_code":12479,"Muni_Heb":"חוף אשקלון","stop_name":"מחלף רבין אשקלון לדרום"}},
{"type":"Feature","geometry":{"type":"Point","coordinates":[160516.8575594072,615221.1693842227]},"properties":{"OBJECTID_1":172,"efficiency":0,"stop_code":12586,"Muni_Heb":"חוף אשקלון","stop_name":"גלובוס סנטר"}},
{"type":"Feature","geometry":{"type":"Point","coordinates":[168406.82729544034,614849.0353535209]},"properties":{"OBJECTID_1":173,"efficiency":0,"stop_code":12625,"Muni_Heb":"חוף אשקלון","stop_name":"הזית"}},
{"type":"Feature","geometry":{"type":"Point","coordinates":[168599.04329568413,615387.1057371115]},"properties":{"OBJECTID_1":174,"efficiency":0,"stop_code":12624,"Muni_Heb":"חוף אשקלון","stop_name":"הזית/הדקל"}},
{"type":"Feature","geometry":{"type":"Point","coordinates":[168612.8082293331,615388.7014011907]},"properties":{"OBJECTID_1":175,"efficiency":0,"stop_code":12623,"Muni_Heb":"חוף אשקלון","stop_name":"הזית/הדקל"}},
{"type":"Feature","geometry":{"type":"Point","coordinates":[168812.97549544217,615636.4372381228]},"properties":{"OBJECTID_1":176,"efficiency":0,"stop_code":12622,"Muni_Heb":"חוף אשקלון","stop_name":"הזית/הצבר"}},
{"type":"Feature","geometry":{"type":"Point","coordinates":[168819.44970188034,615679.8728101205]},"properties":{"OBJECTID_1":177,"efficiency":0,"stop_code":12621,"Muni_Heb":"חוף אשקלון","stop_name":"הצבר/הזית"}},
{"type":"Feature","geometry":{"type":"Point","coordinates":[163199.95227009626,620593.7085023641]},"properties":{"OBJECTID_1":178,"efficiency":0,"stop_code":12919,"Muni_Heb":"חוף אשקלון","stop_name":"צומת כפר סילבר למזרח"}},
{"type":"Feature","geometry":{"type":"Point","coordinates":[164573.81932908663,626971.6997366721]},"properties":{"OBJECTID_1":179,"efficiency":0,"stop_code":12920,"Muni_Heb":"חוף אשקלון","stop_name":"בסיס טירונים ניצנים"}},
{"type":"Feature","geometry":{"type":"Point","coordinates":[164556.09437560834,626953.3866755284]},"properties":{"OBJECTID_1":180,"efficiency":0,"stop_code":12921,"Muni_Heb":"חוף אשקלון","stop_name":"בסיס טירונים ניצנים/רציפים"}},
{"type":"Feature","geometry":{"type":"Point","coordinates":[168959.25180085294,615146.3829854956]},"properties":{"OBJECTID_1":181,"efficiency":0,"stop_code":12947,"Muni_Heb":"חוף אשקלון","stop_name":"הדקל/התבואה"}},
{"type":"Feature","geometry":{"type":"Point","coordinates":[168346.22567885125,609004.7827677539]},"properties":{"OBJECTID_1":182,"efficiency":0,"stop_code":15344,"Muni_Heb":"לכיש","stop_name":"צומת תלמים"}},
{"type":"Feature","geometry":{"type":"Point","coordinates":[168220.66065482888,608992.3177138267]},"properties":{"OBJECTID_1":183,"efficiency":0,"stop_code":15346,"Muni_Heb":"לכיש","stop_name":"צומת תלמים"}},
{"type":"Feature","geometry":{"type":"Point","coordinates":[188553.96163099507,581871.6505184133]},"properties":{"OBJECTID_1":184,"efficiency":0,"stop_code":16180,"Muni_Heb":"לקיה","stop_name":"צומת לקיה"}},
{"type":"Feature","geometry":{"type":"Point","coordinates":[188344.72105026472,581762.5016816654]},"properties":{"OBJECTID_1":185,"efficiency":0,"stop_code":19290,"Muni_Heb":"לקיה","stop_name":"מרכז מבקרים אריגת הנגב"}},
{"type":"Feature","geometry":{"type":"Point","coordinates":[187935.90120114165,581627.7890866959]},"properties":{"OBJECTID_1":186,"efficiency":0,"stop_code":19291,"Muni_Heb":"לקיה","stop_name":"מועצה מקומית"}},
{"type":"Feature","geometry":{"type":"Point","coordinates":[187690.73528502538,581571.3175252718]},"properties":{"OBJECTID_1":187,"efficiency":0,"stop_code":19292,"Muni_Heb":"לקיה","stop_name":"מטע זתים"}},
{"type":"Feature","geometry":{"type":"Point","coordinates":[187091.96231522376,581544.1021147993]},"properties":{"OBJECTID_1":188,"efficiency":0,"stop_code":19293,"Muni_Heb":"לקיה","stop_name":"קופת חולים"}},
{"type":"Feature","geometry":{"type":"Point","coordinates":[186698.06453290765,581593.0050780694]},"properties":{"OBJECTID_1":189,"efficiency":0,"stop_code":19294,"Muni_Heb":"לקיה","stop_name":"בית ספר עבד רבה"}},
{"type":"Feature","geometry":{"type":"Point","coordinates":[186646.86044810497,581199.3275589725]},"properties":{"OBJECTID_1":190,"efficiency":0,"stop_code":19295,"Muni_Heb":"לקיה","stop_name":"מרכז מבקרים רקמת המדבר"}},
{"type":"Feature","geometry":{"type":"Point","coordinates":[186685.60210594797,580865.3532785597]},"properties":{"OBJECTID_1":191,"efficiency":0,"stop_code":19296,"Muni_Heb":"לקיה","stop_name":"מסגד"}},
{"type":"Feature","geometry":{"type":"Point","coordinates":[186679.2762177299,580608.2477380446]},"properties":{"OBJECTID_1":192,"efficiency":0,"stop_code":19297,"Muni_Heb":"לקיה","stop_name":"בית הקשתות"}},
{"type":"Feature","geometry":{"type":"Point","coordinates":[186731.0728081738,580399.3030107168]},"properties":{"OBJECTID_1":193,"efficiency":0,"stop_code":19298,"Muni_Heb":"לקיה","stop_name":"א''ח 347"}},
{"type":"Feature","geometry":{"type":"Point","coordinates":[186508.9534650272,580387.5813692834]},"properties":{"OBJECTID_1":194,"efficiency":0,"stop_code":19299,"Muni_Heb":"לקיה","stop_name":"א''ח 120"}},
{"type":"Feature","geometry":{"type":"Point","coordinates":[186541.26707879503,580916.1445811983]},"properties":{"OBJECTID_1":195,"efficiency":0,"stop_code":19301,"Muni_Heb":"לקיה","stop_name":"גינת משחקים"}},
{"type":"Feature","geometry":{"type":"Point","coordinates":[186628.45055415458,581126.0950517869]},"properties":{"OBJECTID_1":196,"efficiency":0,"stop_code":19302,"Muni_Heb":"לקיה","stop_name":"מכולת"}},
{"type":"Feature","geometry":{"type":"Point","coordinates":[186685.19407994303,581586.2818658864]},"properties":{"OBJECTID_1":197,"efficiency":0,"stop_code":19303,"Muni_Heb":"לקיה","stop_name":"בית ספר עבד רבה"}},
{"type":"Feature","geometry":{"type":"Point","coordinates":[186925.9475602774,581599.3904532493]},"properties":{"OBJECTID_1":198,"efficiency":0,"stop_code":19304,"Muni_Heb":"לקיה","stop_name":"קופת חולים"}},
{"type":"Feature","geometry":{"type":"Point","coordinates":[187527.0798078439,581527.2426888298]},"properties":{"OBJECTID_1":199,"efficiency":0,"stop_code":19305,"Muni_Heb":"לקיה","stop_name":"חלפי לקייה"}},
{"type":"Feature","geometry":{"type":"Point","coordinates":[187819.32099737963,581633.0194896982]},"properties":{"OBJECTID_1":200,"efficiency":0,"stop_code":19306,"Muni_Heb":"לקיה","stop_name":"מועצה מקומית"}},
{"type":"Feature","geometry":{"type":"Point","coordinates":[188375.8779157999,581805.7622856597]},"properties":{"OBJECTID_1":201,"efficiency":0,"stop_code":19307,"Muni_Heb":"לקיה","stop_name":"מרכז מבקרים אריגת הנגב"}},
{"type":"Feature","geometry":{"type":"Point","coordinates":[188461.11979682007,581889.2220353737]},"properties":{"OBJECTID_1":202,"efficiency":0,"stop_code":19308,"Muni_Heb":"לקיה","stop_name":"צומת לקיה"}},
{"type":"Feature","geometry":{"type":"Point","coordinates":[165366.90929092863,582136.1875787476]},"properties":{"OBJECTID_1":203,"efficiency":0,"stop_code":10048,"Muni_Heb":"מרחבים","stop_name":"בטחה/כניסה ראשית"}},
{"type":"Feature","geometry":{"type":"Point","coordinates":[166129.1393715985,582534.7776104477]},"properties":{"OBJECTID_1":204,"efficiency":0,"stop_code":10049,"Muni_Heb":"מרחבים","stop_name":"גילת/בטחה"}},
{"type":"Feature","geometry":{"type":"Point","coordinates":[169792.69044532487,581501.8712745534]},"properties":{"OBJECTID_1":205,"efficiency":0,"stop_code":10857,"Muni_Heb":"מרחבים","stop_name":"חסד ומשפט/רמב''ם"}},
{"type":"Feature","geometry":{"type":"Point","coordinates":[169435.81525664343,581496.0296157402]},"properties":{"OBJECTID_1":206,"efficiency":0,"stop_code":10861,"Muni_Heb":"מרחבים","stop_name":"צריף הראשונים"}},
{"type":"Feature","geometry":{"type":"Point","coordinates":[169843.44896062382,581969.32451649]},"properties":{"OBJECTID_1":207,"efficiency":0,"stop_code":11343,"Muni_Heb":"מרחבים","stop_name":"הגבעה"}},
{"type":"Feature","geometry":{"type":"Point","coordinates":[169140.01560027397,582355.1079426692]},"properties":{"OBJECTID_1":208,"efficiency":0,"stop_code":13408,"Muni_Heb":"מרחבים","stop_name":"תפרח כניסה"}},
{"type":"Feature","geometry":{"type":"Point","coordinates":[169156.49855517177,581962.4003737502]},"properties":{"OBJECTID_1":209,"efficiency":0,"stop_code":13409,"Muni_Heb":"מרחבים","stop_name":"רש''י/כניסה"}},
{"type":"Feature","geometry":{"type":"Point","coordinates":[169146.06282852637,581612.8440083616]},"properties":{"OBJECTID_1":210,"efficiency":0,"stop_code":13410,"Muni_Heb":"מרחבים","stop_name":"בית הכנסת המרכזי"}},
{"type":"Feature","geometry":{"type":"Point","coordinates":[169303.80660701485,581498.656750761]},"properties":{"OBJECTID_1":211,"efficiency":0,"stop_code":13411,"Muni_Heb":"מרחבים","stop_name":"הישיבה/רמב''ם"}},
{"type":"Feature","geometry":{"type":"Point","coordinates":[169626.0767975617,581493.3486736692]},"properties":{"OBJECTID_1":212,"efficiency":0,"stop_code":13412,"Muni_Heb":"מרחבים","stop_name":"קופ''ח כללית/רמב''ם"}},
{"type":"Feature","geometry":{"type":"Point","coordinates":[169876.33533138112,581436.8317569894]},"properties":{"OBJECTID_1":213,"efficiency":0,"stop_code":13413,"Muni_Heb":"מרחבים","stop_name":"בית ספר הדסים"}},
{"type":"Feature","geometry":{"type":"Point","coordinates":[170193.88950787572,581440.323081607]},"properties":{"OBJECTID_1":214,"efficiency":0,"stop_code":13414,"Muni_Heb":"מרחבים","stop_name":"בית יוסף/הגבעה"}},
{"type":"Feature","geometry":{"type":"Point","coordinates":[170024.09976384035,581444.6711616331]},"properties":{"OBJECTID_1":215,"efficiency":0,"stop_code":13415,"Muni_Heb":"מרחבים","stop_name":"רמח''ל/רשב''ם"}},
{"type":"Feature","geometry":{"type":"Point","coordinates":[169571.3958470066,581503.9208655707]},"properties":{"OBJECTID_1":216,"efficiency":0,"stop_code":13416,"Muni_Heb":"מרחבים","stop_name":"הישיבה/רמב''ם"}},
{"type":"Feature","geometry":{"type":"Point","coordinates":[169311.37323804194,581508.4888764552]},"properties":{"OBJECTID_1":217,"efficiency":0,"stop_code":13417,"Muni_Heb":"מרחבים","stop_name":"ישיבת תפרח"}},
{"type":"Feature","geometry":{"type":"Point","coordinates":[169158.18122404584,581698.3856039989]},"properties":{"OBJECTID_1":218,"efficiency":0,"stop_code":13418,"Muni_Heb":"מרחבים","stop_name":"צרכניה"}},
{"type":"Feature","geometry":{"type":"Point","coordinates":[169167.59630625808,581994.0589358486]},"properties":{"OBJECTID_1":219,"efficiency":0,"stop_code":13419,"Muni_Heb":"מרחבים","stop_name":"רש''י/יציאה"}},
{"type":"Feature","geometry":{"type":"Point","coordinates":[169161.13667465342,582313.7588086347]},"properties":{"OBJECTID_1":220,"efficiency":0,"stop_code":13420,"Muni_Heb":"מרחבים","stop_name":"תפרח/יציאה"}},
{"type":"Feature","geometry":{"type":"Point","coordinates":[165927.08172744134,597565.1559780927]},"properties":{"OBJECTID_1":221,"efficiency":0,"stop_code":14634,"Muni_Heb":"מרחבים","stop_name":"צומת ניר עקיבא"}},
{"type":"Feature","geometry":{"type":"Point","coordinates":[165635.31712936357,594713.6265126483]},"properties":{"OBJECTID_1":222,"efficiency":0,"stop_code":14637,"Muni_Heb":"מרחבים","stop_name":"צומת זרועה"}},
{"type":"Feature","geometry":{"type":"Point","coordinates":[165930.65815820335,597428.8615339681]},"properties":{"OBJECTID_1":223,"efficiency":0,"stop_code":14639,"Muni_Heb":"מרחבים","stop_name":"צומת ניר עקיבא"}},
{"type":"Feature","geometry":{"type":"Point","coordinates":[166931.6748939727,595326.8517265316]},"properties":{"OBJECTID_1":224,"efficiency":0,"stop_code":14644,"Muni_Heb":"מרחבים","stop_name":"293/2932"}},
{"type":"Feature","geometry":{"type":"Point","coordinates":[158334.6491697197,582016.6342734457]},"properties":{"OBJECTID_1":225,"efficiency":0,"stop_code":14902,"Muni_Heb":"מרחבים","stop_name":"פטיש מרכז"}},
{"type":"Feature","geometry":{"type":"Point","coordinates":[160737.4317792877,581830.2459141581]},"properties":{"OBJECTID_1":226,"efficiency":0,"stop_code":14938,"Muni_Heb":"מרחבים","stop_name":"מסלול מרכז"}},
{"type":"Feature","geometry":{"type":"Point","coordinates":[165610.52170754177,598689.4865433307]},"properties":{"OBJECTID_1":227,"efficiency":0,"stop_code":14946,"Muni_Heb":"מרחבים","stop_name":"ניר משה"}},
{"type":"Feature","geometry":{"type":"Point","coordinates":[166719.19139804217,582829.3943886382]},"properties":{"OBJECTID_1":228,"efficiency":0,"stop_code":15363,"Muni_Heb":"מרחבים","stop_name":"גילת/כניסה ראשית"}},
{"type":"Feature","geometry":{"type":"Point","coordinates":[166933.29356798506,582954.7226776155]},"properties":{"OBJECTID_1":229,"efficiency":0,"stop_code":15364,"Muni_Heb":"מרחבים","stop_name":"צומת גילת/תחנת דלק"}},
{"type":"Feature","geometry":{"type":"Point","coordinates":[156516.09761529585,580909.1457662038]},"properties":{"OBJECTID_1":230,"efficiency":0,"stop_code":15391,"Muni_Heb":"מרחבים","stop_name":"מחנה אורים"}},
{"type":"Feature","geometry":{"type":"Point","coordinates":[157943.1495442956,580814.5162224495]},"properties":{"OBJECTID_1":231,"efficiency":0,"stop_code":15392,"Muni_Heb":"מרחבים","stop_name":"צומת פטיש"}},
{"type":"Feature","geometry":{"type":"Point","coordinates":[166010.0157276612,582504.6707622682]},"properties":{"OBJECTID_1":232,"efficiency":0,"stop_code":15410,"Muni_Heb":"מרחבים","stop_name":"בטחה/גילת"}},
{"type":"Feature","geometry":{"type":"Point","coordinates":[165225.99214747918,582089.5699158742]},"properties":{"OBJECTID_1":233,"efficiency":0,"stop_code":15411,"Muni_Heb":"מרחבים","stop_name":"בטחה/כניסה ראשית"}},
{"type":"Feature","geometry":{"type":"Point","coordinates":[163911.25113826976,581422.7433182235]},"properties":{"OBJECTID_1":234,"efficiency":0,"stop_code":15412,"Muni_Heb":"מרחבים","stop_name":"צומת אופקים"}},
{"type":"Feature","geometry":{"type":"Point","coordinates":[163560.02841400605,581283.0155324806]},"properties":{"OBJECTID_1":235,"efficiency":0,"stop_code":15413,"Muni_Heb":"מרחבים","stop_name":"צומת פדויים"}},
{"type":"Feature","geometry":{"type":"Point","coordinates":[163766.07735111332,581384.2619252552]},"properties":{"OBJECTID_1":236,"efficiency":0,"stop_code":15414,"Muni_Heb":"מרחבים","stop_name":"צומת אופקים/241"}},
{"type":"Feature","geometry":{"type":"Point","coordinates":[162565.61060017959,580899.5056866687]},"properties":{"OBJECTID_1":237,"efficiency":0,"stop_code":15415,"Muni_Heb":"מרחבים","stop_name":"צומת רנן"}},
{"type":"Feature","geometry":{"type":"Point","coordinates":[163436.80331154657,581255.5097801095]},"properties":{"OBJECTID_1":238,"efficiency":0,"stop_code":15416,"Muni_Heb":"מרחבים","stop_name":"צומת פדויים"}},
{"type":"Feature","geometry":{"type":"Point","coordinates":[158080.46555446243,580806.2819693948]},"properties":{"OBJECTID_1":239,"efficiency":0,"stop_code":15417,"Muni_Heb":"מרחבים","stop_name":"צומת פטיש"}},
{"type":"Feature","geometry":{"type":"Point","coordinates":[160991.4814730009,580636.9526287366]},"properties":{"OBJECTID_1":240,"efficiency":0,"stop_code":15418,"Muni_Heb":"מרחבים","stop_name":"צומת מסלול"}},
{"type":"Feature","geometry":{"type":"Point","coordinates":[166608.74963668882,582802.452710177]},"properties":{"OBJECTID_1":241,"efficiency":0,"stop_code":15420,"Muni_Heb":"מרחבים","stop_name":"גילת/כניסה ראשית"}},
{"type":"Feature","geometry":{"type":"Point","coordinates":[161104.71720910864,580645.8573759219]},"properties":{"OBJECTID_1":242,"efficiency":0,"stop_code":15421,"Muni_Heb":"מרחבים","stop_name":"צומת מסלול"}},
{"type":"Feature","geometry":{"type":"Point","coordinates":[161568.3650461658,580741.4165651888]},"properties":{"OBJECTID_1":243,"efficiency":0,"stop_code":15422,"Muni_Heb":"מרחבים","stop_name":"קרית חינוך מרחבים"}},
{"type":"Feature","geometry":{"type":"Point","coordinates":[161676.7881483006,580741.0399533896]},"properties":{"OBJECTID_1":244,"efficiency":0,"stop_code":15423,"Muni_Heb":"מרחבים","stop_name":"קרית חינוך מרחבים"}},
{"type":"Feature","geometry":{"type":"Point","coordinates":[162416.32072951357,580894.1079170827]},"properties":{"OBJECTID_1":245,"efficiency":0,"stop_code":15424,"Muni_Heb":"מרחבים","stop_name":"צומת רנן"}},
{"type":"Feature","geometry":{"type":"Point","coordinates":[168509.35699703865,594097.4262161322]},"properties":{"OBJECTID_1":246,"efficiency":0,"stop_code":15436,"Muni_Heb":"מרחבים","stop_name":"צומת אשבול"}},
{"type":"Feature","geometry":{"type":"Point","coordinates":[169722.0108715659,594104.2127210028]},"properties":{"OBJECTID_1":247,"efficiency":0,"stop_code":15437,"Muni_Heb":"מרחבים","stop_name":"צומת קלחים"}},
{"type":"Feature","geometry":{"type":"Point","coordinates":[169628.7379886965,594022.715885131]},"properties":{"OBJECTID_1":248,"efficiency":0,"stop_code":15438,"Muni_Heb":"מרחבים","stop_name":"צומת קלחים"}},
{"type":"Feature","geometry":{"type":"Point","coordinates":[171012.4911341684,595045.4046080598]},"properties":{"OBJECTID_1":249,"efficiency":0,"stop_code":15439,"Muni_Heb":"מרחבים","stop_name":"צומת פעמי תש''ז"}},
{"type":"Feature","geometry":{"type":"Point","coordinates":[170890.13129260813,595041.9822163786]},"properties":{"OBJECTID_1":250,"efficiency":0,"stop_code":15440,"Muni_Heb":"מרחבים","stop_name":"צומת פעמי תש''ז"}},
{"type":"Feature","geometry":{"type":"Point","coordinates":[165727.78298333718,594707.2727912313]},"properties":{"OBJECTID_1":251,"efficiency":0,"stop_code":15443,"Muni_Heb":"מרחבים","stop_name":"צומת תלמי ביל''ו"}},
{"type":"Feature","geometry":{"type":"Point","coordinates":[166871.87108626057,595305.7527793203]},"properties":{"OBJECTID_1":252,"efficiency":0,"stop_code":15445,"Muni_Heb":"מרחבים","stop_name":"צומת ניר משה ניר עקיבא"}},
{"type":"Feature","geometry":{"type":"Point","coordinates":[168388.42035883313,594154.235262829]},"properties":{"OBJECTID_1":253,"efficiency":0,"stop_code":15446,"Muni_Heb":"מרחבים","stop_name":"צומת אשבול"}},
{"type":"Feature","geometry":{"type":"Point","coordinates":[167288.20477112592,595015.2541320892]},"properties":{"OBJECTID_1":254,"efficiency":0,"stop_code":15447,"Muni_Heb":"מרחבים","stop_name":"צומת מבועים"}},
{"type":"Feature","geometry":{"type":"Point","coordinates":[165654.97954897824,594618.3871002628]},"properties":{"OBJECTID_1":255,"efficiency":0,"stop_code":15448,"Muni_Heb":"מרחבים","stop_name":"צומת תלמי ביל''ו"}},
{"type":"Feature","geometry":{"type":"Point","coordinates":[166980.12551327544,595264.2914328256]},"properties":{"OBJECTID_1":256,"efficiency":0,"stop_code":15460,"Muni_Heb":"מרחבים","stop_name":"צומת ניר משה ניר עקיבא"}},
{"type":"Feature","geometry":{"type":"Point","coordinates":[167214.1534832954,595110.5408294545]},"properties":{"OBJECTID_1":257,"efficiency":0,"stop_code":15461,"Muni_Heb":"מרחבים","stop_name":"צומת מבועים"}},
{"type":"Feature","geometry":{"type":"Point","coordinates":[162246.1062245544,583087.7273924967]},"properties":{"OBJECTID_1":258,"efficiency":0,"stop_code":18503,"Muni_Heb":"מרחבים","stop_name":"רנן מרכז"}},
{"type":"Feature","geometry":{"type":"Point","coordinates":[156393.17890924387,580936.7184887936]},"properties":{"OBJECTID_1":259,"efficiency":0,"stop_code":19210,"Muni_Heb":"מרחבים","stop_name":"מחנה אורים/241"}},
{"type":"Feature","geometry":{"type":"Point","coordinates":[156454.31611796387,580893.106362372]},"properties":{"OBJECTID_1":260,"efficiency":0,"stop_code":19945,"Muni_Heb":"מרחבים","stop_name":"בסיס אורים מחוז דרום"}},
{"type":"Feature","geometry":{"type":"Point","coordinates":[166964.75139229058,582034.584333023]},"properties":{"OBJECTID_1":261,"efficiency":0,"stop_code":18394,"Muni_Heb":"מרחבים","stop_name":"גילת/צרכניה"}},
{"type":"Feature","geometry":{"type":"Point","coordinates":[166963.8885260041,582052.3296762013]},"properties":{"OBJECTID_1":262,"efficiency":0,"stop_code":18393,"Muni_Heb":"מרחבים","stop_name":"צרכניה/גילת"}},
{"type":"Feature","geometry":{"type":"Point","coordinates":[161000.19863489026,581670.4364014994]},"properties":{"OBJECTID_1":263,"efficiency":0,"stop_code":18389,"Muni_Heb":"מרחבים","stop_name":"מסלול א"}},
{"type":"Feature","geometry":{"type":"Point","coordinates":[164908.75381696437,598585.1382490078]},"properties":{"OBJECTID_1":264,"efficiency":0,"stop_code":18306,"Muni_Heb":"מרחבים","stop_name":"מועדון הנוער ניר משה"}},
{"type":"Feature","geometry":{"type":"Point","coordinates":[165127.38424042542,582548.0213199437]},"properties":{"OBJECTID_1":265,"efficiency":0,"stop_code":18273,"Muni_Heb":"מרחבים","stop_name":"בטחה א"}},
{"type":"Feature","geometry":{"type":"Point","coordinates":[160994.7263645549,581679.1157603728]},"properties":{"OBJECTID_1":266,"efficiency":0,"stop_code":18272,"Muni_Heb":"מרחבים","stop_name":"מסלול א"}},
{"type":"Feature","geometry":{"type":"Point","coordinates":[160815.01065012152,581847.9960095363]},"properties":{"OBJECTID_1":267,"efficiency":0,"stop_code":18271,"Muni_Heb":"מרחבים","stop_name":"מסלול ב"}},
{"type":"Feature","geometry":{"type":"Point","coordinates":[167509.74388247763,581936.6202524636]},"properties":{"OBJECTID_1":268,"efficiency":0,"stop_code":18267,"Muni_Heb":"מרחבים","stop_name":"סלעית/סייפן"}},
{"type":"Feature","geometry":{"type":"Point","coordinates":[166662.05430813564,582275.3873019355]},"properties":{"OBJECTID_1":269,"efficiency":0,"stop_code":18266,"Muni_Heb":"מרחבים","stop_name":"דרור/אנפה"}},
{"type":"Feature","geometry":{"type":"Point","coordinates":[166633.48481948493,582272.2049282637]},"properties":{"OBJECTID_1":270,"efficiency":0,"stop_code":18265,"Muni_Heb":"מרחבים","stop_name":"דרור/קנריות"}},
{"type":"Feature","geometry":{"type":"Point","coordinates":[168723.44169637343,581513.5376439929]},"properties":{"OBJECTID_1":271,"efficiency":0,"stop_code":18264,"Muni_Heb":"מרחבים","stop_name":"תפרח/רמב''ם"}},
{"type":"Feature","geometry":{"type":"Point","coordinates":[168341.78197252649,582202.5211120055]},"properties":{"OBJECTID_1":272,"efficiency":0,"stop_code":18263,"Muni_Heb":"מרחבים","stop_name":"אור החיים/יציאה"}},
{"type":"Feature","geometry":{"type":"Point","coordinates":[163246.66162903252,581902.4142270277]},"properties":{"OBJECTID_1":273,"efficiency":0,"stop_code":18262,"Muni_Heb":"מרחבים","stop_name":"פדויים ב"}},
{"type":"Feature","geometry":{"type":"Point","coordinates":[162926.06595623557,581633.9204886411]},"properties":{"OBJECTID_1":274,"efficiency":0,"stop_code":18261,"Muni_Heb":"מרחבים","stop_name":"פדויים א"}},
{"type":"Feature","geometry":{"type":"Point","coordinates":[161959.2074606929,583269.1499989904]},"properties":{"OBJECTID_1":275,"efficiency":0,"stop_code":18260,"Muni_Heb":"מרחבים","stop_name":"האיריס/רנן ב"}},
{"type":"Feature","geometry":{"type":"Point","coordinates":[161912.43166834547,583035.4453757541]},"properties":{"OBJECTID_1":276,"efficiency":0,"stop_code":18259,"Muni_Heb":"מרחבים","stop_name":"הסייפון/רנן א"}},
{"type":"Feature","geometry":{"type":"Point","coordinates":[172829.85657137452,595170.064197982]},"properties":{"OBJECTID_1":277,"efficiency":0,"stop_code":18201,"Muni_Heb":"מרחבים","stop_name":"שדה צבי ב"}},
{"type":"Feature","geometry":{"type":"Point","coordinates":[172657.99222995475,595361.4406844956]},"properties":{"OBJECTID_1":278,"efficiency":0,"stop_code":18200,"Muni_Heb":"מרחבים","stop_name":"שדה צבי א"}},
{"type":"Feature","geometry":{"type":"Point","coordinates":[168335.86200755733,581906.165692999]},"properties":{"OBJECTID_1":279,"efficiency":0,"stop_code":11443,"Muni_Heb":"מרחבים","stop_name":"אור החיים"}},
{"type":"Feature","geometry":{"type":"Point","coordinates":[165356.28443147632,582732.562679517]},"properties":{"OBJECTID_1":280,"efficiency":0,"stop_code":11438,"Muni_Heb":"מרחבים","stop_name":"בטחה ב"}},
{"type":"Feature","geometry":{"type":"Point","coordinates":[170714.36139623422,594146.9844317952]},"properties":{"OBJECTID_1":281,"efficiency":0,"stop_code":11409,"Muni_Heb":"מרחבים","stop_name":"הגפן/הרימון"}},
{"type":"Feature","geometry":{"type":"Point","coordinates":[168085.56175174558,595723.8281400918]},"properties":{"OBJECTID_1":282,"efficiency":0,"stop_code":11403,"Muni_Heb":"מרחבים","stop_name":"הרחבה/אשבול"}},
{"type":"Feature","geometry":{"type":"Point","coordinates":[167345.72019969168,595148.9131395118]},"properties":{"OBJECTID_1":283,"efficiency":0,"stop_code":11402,"Muni_Heb":"מרחבים","stop_name":"בית ספר מבועים"}},
{"type":"Feature","geometry":{"type":"Point","coordinates":[167138.77533813257,595395.7774627709]},"properties":{"OBJECTID_1":284,"efficiency":0,"stop_code":11401,"Muni_Heb":"מרחבים","stop_name":"מרפאה/ברקן"}},
{"type":"Feature","geometry":{"type":"Point","coordinates":[166650.7675268241,597632.5383643036]},"properties":{"OBJECTID_1":285,"efficiency":0,"stop_code":11400,"Muni_Heb":"מרחבים","stop_name":"מזכירות ניר עקיבא"}},
{"type":"Feature","geometry":{"type":"Point","coordinates":[157879.13374922337,582280.5423639301]},"properties":{"OBJECTID_1":286,"efficiency":1,"stop_code":18390,"Muni_Heb":"מרחבים","stop_name":"הזית/החיטה"}},
{"type":"Feature","geometry":{"type":"Point","coordinates":[164861.18719208514,598448.445739028]},"properties":{"OBJECTID_1":287,"efficiency":1,"stop_code":18305,"Muni_Heb":"מרחבים","stop_name":"ניר משה ג"}},
{"type":"Feature","geometry":{"type":"Point","coordinates":[168340.7976547212,581688.8153814446]},"properties":{"OBJECTID_1":288,"efficiency":1,"stop_code":18269,"Muni_Heb":"מרחבים","stop_name":"אור החיים/רמב''ם"}},
{"type":"Feature","geometry":{"type":"Point","coordinates":[168562.45869236605,581527.8460424886]},"properties":{"OBJECTID_1":289,"efficiency":1,"stop_code":18268,"Muni_Heb":"מרחבים","stop_name":"תפרח/רמב''ם"}},
{"type":"Feature","geometry":{"type":"Point","coordinates":[157952.8164015149,582363.8260839033]},"properties":{"OBJECTID_1":290,"efficiency":1,"stop_code":18258,"Muni_Heb":"מרחבים","stop_name":"פטיש/הזית"}},
{"type":"Feature","geometry":{"type":"Point","coordinates":[169530.01088481373,595204.7522890358]},"properties":{"OBJECTID_1":291,"efficiency":1,"stop_code":18197,"Muni_Heb":"מרחבים","stop_name":"קלחים ב"}},
{"type":"Feature","geometry":{"type":"Point","coordinates":[169469.14522390248,595615.3098735341]},"properties":{"OBJECTID_1":292,"efficiency":1,"stop_code":18196,"Muni_Heb":"מרחבים","stop_name":"קלחים א"}},
{"type":"Feature","geometry":{"type":"Point","coordinates":[158310.44120301405,582027.5312050512]},"properties":{"OBJECTID_1":293,"efficiency":0,"stop_code":18391,"Muni_Heb":"מרחבים","stop_name":"הרימון/תאנה"}},
{"type":"Feature","geometry":{"type":"Point","coordinates":[168457.29683057463,595038.1879355226]},"properties":{"OBJECTID_1":294,"efficiency":0,"stop_code":11584,"Muni_Heb":"מרחבים","stop_name":"אשבול/מרכז"}},
{"type":"Feature","geometry":{"type":"Point","coordinates":[171123.83177079656,594619.9868441623]},"properties":{"OBJECTID_1":295,"efficiency":0,"stop_code":18198,"Muni_Heb":"מרחבים","stop_name":"התמר/השעורה"}},
{"type":"Feature","geometry":{"type":"Point","coordinates":[168472.09138586803,595031.0190815673]},"properties":{"OBJECTID_1":296,"efficiency":0,"stop_code":18195,"Muni_Heb":"מרחבים","stop_name":"אשבול/מרכז"}},
{"type":"Feature","geometry":{"type":"Point","coordinates":[162482.5122804119,580987.7756108005]},"properties":{"OBJECTID_1":297,"efficiency":0,"stop_code":11689,"Muni_Heb":"מרחבים","stop_name":"כביש 2414/כביש 241"}},
{"type":"Feature","geometry":{"type":"Point","coordinates":[164015.3535364619,581506.6835577232]},"properties":{"OBJECTID_1":298,"efficiency":0,"stop_code":11688,"Muni_Heb":"מרחבים","stop_name":"כביש 241"}},
{"type":"Feature","geometry":{"type":"Point","coordinates":[166377.72423650871,597707.6637802281]},"properties":{"OBJECTID_1":299,"efficiency":0,"stop_code":18205,"Muni_Heb":"מרחבים","stop_name":"ניר עקיבא א"}},
{"type":"Feature","geometry":{"type":"Point","coordinates":[166428.15024689687,594243.9659462561]},"properties":{"OBJECTID_1":300,"efficiency":0,"stop_code":11720,"Muni_Heb":"מרחבים","stop_name":"הזית/הורד"}},
{"type":"Feature","geometry":{"type":"Point","coordinates":[166224.92668015175,594083.2228820842]},"properties":{"OBJECTID_1":301,"efficiency":0,"stop_code":18194,"Muni_Heb":"מרחבים","stop_name":"תלמי ביל''ו/צרכניה"}},
{"type":"Feature","geometry":{"type":"Point","coordinates":[171080.25726450532,594223.230660531]},"properties":{"OBJECTID_1":302,"efficiency":0,"stop_code":11733,"Muni_Heb":"מרחבים","stop_name":"התמר/הגפן"}},
{"type":"Feature","geometry":{"type":"Point","coordinates":[168381.81337773823,595464.125860931]},"properties":{"OBJECTID_1":303,"efficiency":0,"stop_code":12483,"Muni_Heb":"מרחבים","stop_name":"אשבול"}},
{"type":"Feature","geometry":{"type":"Point","coordinates":[167170.8188293593,597916.548475369]},"properties":{"OBJECTID_1":304,"efficiency":0,"stop_code":12482,"Muni_Heb":"מרחבים","stop_name":"ניר עקיבא/הרחבה"}},
{"type":"Feature","geometry":{"type":"Point","coordinates":[169093.8972909244,581512.8586790172]},"properties":{"OBJECTID_1":305,"efficiency":0,"stop_code":12765,"Muni_Heb":"מרחבים","stop_name":"מקווה/רמב''ם"}},
{"type":"Feature","geometry":{"type":"Point","coordinates":[169640.44418100856,594104.9347020427]},"properties":{"OBJECTID_1":306,"efficiency":0,"stop_code":13388,"Muni_Heb":"מרחבים","stop_name":"צומת קלחים"}},
{"type":"Feature","geometry":{"type":"Point","coordinates":[166996.86121588922,595548.6224422816]},"properties":{"OBJECTID_1":307,"efficiency":0,"stop_code":13349,"Muni_Heb":"מרחבים","stop_name":"נרקיס/חרצית"}},
{"type":"Feature","geometry":{"type":"Point","coordinates":[166096.12322478043,597577.1511234039]},"properties":{"OBJECTID_1":308,"efficiency":0,"stop_code":13429,"Muni_Heb":"מרחבים","stop_name":"כניסה/ניר עקיבא"}},
{"type":"Feature","geometry":{"type":"Point","coordinates":[168371.39673338004,581522.4559096104]},"properties":{"OBJECTID_1":309,"efficiency":0,"stop_code":13372,"Muni_Heb":"מרחבים","stop_name":"רמב''ם/אור החיים"}},
{"type":"Feature","geometry":{"type":"Point","coordinates":[166999.57350050798,595558.6991251996]},"properties":{"OBJECTID_1":310,"efficiency":0,"stop_code":13336,"Muni_Heb":"מרחבים","stop_name":"נרקיס/חרצית"}},
{"type":"Feature","geometry":{"type":"Point","coordinates":[172763.65792680578,594779.8341241063]},"properties":{"OBJECTID_1":311,"efficiency":0,"stop_code":13428,"Muni_Heb":"מרחבים","stop_name":"צומת מושב שדה צבי"}},
{"type":"Feature","geometry":{"type":"Point","coordinates":[168476.22743074462,594166.0026924765]},"properties":{"OBJECTID_1":312,"efficiency":0,"stop_code":13427,"Muni_Heb":"מרחבים","stop_name":"צומת אשבול"}},
{"type":"Feature","geometry":{"type":"Point","coordinates":[160587.51871503695,592728.4654836534]},"properties":{"OBJECTID_1":313,"efficiency":0,"stop_code":10856,"Muni_Heb":"נתיבות","stop_name":"הרב גרשונוביץ'/חיל אוויר"}},
{"type":"Feature","geometry":{"type":"Point","coordinates":[160587.51871503695,592728.4654836534]},"properties":{"OBJECTID_1":314,"efficiency":0,"stop_code":10856,"Muni_Heb":"נתיבות","stop_name":"הרב גרשונוביץ'/חיל אוויר"}},
{"type":"Feature","geometry":{"type":"Point","coordinates":[161745.7801613378,592563.209928431]},"properties":{"OBJECTID_1":315,"efficiency":0,"stop_code":13437,"Muni_Heb":"נתיבות","stop_name":"שד. ירושלים/חפץ חיים"}},
{"type":"Feature","geometry":{"type":"Point","coordinates":[161745.7801613378,592563.209928431]},"properties":{"OBJECTID_1":316,"efficiency":0,"stop_code":13437,"Muni_Heb":"נתיבות","stop_name":"שד. ירושלים/חפץ חיים"}},
{"type":"Feature","geometry":{"type":"Point","coordinates":[161987.48113173584,593028.0314138894]},"properties":{"OBJECTID_1":317,"efficiency":0,"stop_code":13438,"Muni_Heb":"נתיבות","stop_name":"הרב מסעוד אלפסי/ילדי אוסלו"}},
{"type":"Feature","geometry":{"type":"Point","coordinates":[161987.48113173584,593028.0314138894]},"properties":{"OBJECTID_1":318,"efficiency":0,"stop_code":13438,"Muni_Heb":"נתיבות","stop_name":"הרב מסעוד אלפסי/ילדי אוסלו"}},
{"type":"Feature","geometry":{"type":"Point","coordinates":[161880.27059690654,593104.4670115629]},"properties":{"OBJECTID_1":319,"efficiency":0,"stop_code":13439,"Muni_Heb":"נתיבות","stop_name":"אלי כהן/הרב משה חלפון הכהן"}},
{"type":"Feature","geometry":{"type":"Point","coordinates":[161880.27059690654,593104.4670115629]},"properties":{"OBJECTID_1":320,"efficiency":0,"stop_code":13439,"Muni_Heb":"נתיבות","stop_name":"אלי כהן/הרב משה חלפון הכהן"}},
{"type":"Feature","geometry":{"type":"Point","coordinates":[161699.6036325073,593033.3909999311]},"properties":{"OBJECTID_1":321,"efficiency":0,"stop_code":13441,"Muni_Heb":"נתיבות","stop_name":"הרב משה חלפון הכהן/חזון אי''ש"}},
{"type":"Feature","geometry":{"type":"Point","coordinates":[161699.6036325073,593033.3909999311]},"properties":{"OBJECTID_1":322,"efficiency":0,"stop_code":13441,"Muni_Heb":"נתיבות","stop_name":"הרב משה חלפון הכהן/חזון אי''ש"}},
{"type":"Feature","geometry":{"type":"Point","coordinates":[161312.23331488474,592929.6483531274]},"properties":{"OBJECTID_1":323,"efficiency":0,"stop_code":13443,"Muni_Heb":"נתיבות","stop_name":"הרב אבו חצירא/בן גוריון"}},
{"type":"Feature","geometry":{"type":"Point","coordinates":[161312.23331488474,592929.6483531274]},"properties":{"OBJECTID_1":324,"efficiency":0,"stop_code":13443,"Muni_Heb":"נתיבות","stop_name":"הרב אבו חצירא/בן גוריון"}},
{"type":"Feature","geometry":{"type":"Point","coordinates":[161018.71986620524,593066.6774299529]},"properties":{"OBJECTID_1":325,"efficiency":0,"stop_code":13444,"Muni_Heb":"נתיבות","stop_name":"חזני/בן גוריון"}},
{"type":"Feature","geometry":{"type":"Point","coordinates":[161018.71986620524,593066.6774299529]},"properties":{"OBJECTID_1":326,"efficiency":0,"stop_code":13444,"Muni_Heb":"נתיבות","stop_name":"חזני/בן גוריון"}},
{"type":"Feature","geometry":{"type":"Point","coordinates":[161005.45896797924,592243.8819809778]},"properties":{"OBJECTID_1":327,"efficiency":0,"stop_code":13565,"Muni_Heb":"נתיבות","stop_name":"שד. ירושלים/הרב איפרגן"}},
{"type":"Feature","geometry":{"type":"Point","coordinates":[161005.45896797924,592243.8819809778]},"properties":{"OBJECTID_1":328,"efficiency":0,"stop_code":13565,"Muni_Heb":"נתיבות","stop_name":"שד. ירושלים/הרב איפרגן"}},
{"type":"Feature","geometry":{"type":"Point","coordinates":[161042.46878573875,592808.0738988795]},"properties":{"OBJECTID_1":329,"efficiency":0,"stop_code":13566,"Muni_Heb":"נתיבות","stop_name":"בית גיל הזהב/ז'בוטינסקי"}},
{"type":"Feature","geometry":{"type":"Point","coordinates":[161042.46878573875,592808.0738988795]},"properties":{"OBJECTID_1":330,"efficiency":0,"stop_code":13566,"Muni_Heb":"נתיבות","stop_name":"בית גיל הזהב/ז'בוטינסקי"}},
{"type":"Feature","geometry":{"type":"Point","coordinates":[160495.23438143093,592853.8419853244]},"properties":{"OBJECTID_1":331,"efficiency":0,"stop_code":14502,"Muni_Heb":"נתיבות","stop_name":"חיל אוויר/חיל הנדסה"}},
{"type":"Feature","geometry":{"type":"Point","coordinates":[160495.23438143093,592853.8419853244]},"properties":{"OBJECTID_1":332,"efficiency":0,"stop_code":14502,"Muni_Heb":"נתיבות","stop_name":"חיל אוויר/חיל הנדסה"}},
{"type":"Feature","geometry":{"type":"Point","coordinates":[161843.12598659802,592628.0934886062]},"properties":{"OBJECTID_1":333,"efficiency":0,"stop_code":14838,"Muni_Heb":"נתיבות","stop_name":"שדרות ירושלים/יוסף סמלו"}},
{"type":"Feature","geometry":{"type":"Point","coordinates":[161843.12598659802,592628.0934886062]},"properties":{"OBJECTID_1":334,"efficiency":0,"stop_code":14838,"Muni_Heb":"נתיבות","stop_name":"שדרות ירושלים/יוסף סמלו"}},
{"type":"Feature","geometry":{"type":"Point","coordinates":[161770.01615175488,592647.2367639829]},"properties":{"OBJECTID_1":335,"efficiency":0,"stop_code":14840,"Muni_Heb":"נתיבות","stop_name":"הרב אבו חצירא/ירושלים"}},
{"type":"Feature","geometry":{"type":"Point","coordinates":[161770.01615175488,592647.2367639829]},"properties":{"OBJECTID_1":336,"efficiency":0,"stop_code":14840,"Muni_Heb":"נתיבות","stop_name":"הרב אבו חצירא/ירושלים"}},
{"type":"Feature","geometry":{"type":"Point","coordinates":[161530.72811510306,592980.1049824678]},"properties":{"OBJECTID_1":337,"efficiency":0,"stop_code":14844,"Muni_Heb":"נתיבות","stop_name":"הרב אבו חצירא/הרב חי הכהן"}},
{"type":"Feature","geometry":{"type":"Point","coordinates":[161530.72811510306,592980.1049824678]},"properties":{"OBJECTID_1":338,"efficiency":0,"stop_code":14844,"Muni_Heb":"נתיבות","stop_name":"הרב אבו חצירא/הרב חי הכהן"}},
{"type":"Feature","geometry":{"type":"Point","coordinates":[161583.97695387946,592912.0594886366]},"properties":{"OBJECTID_1":339,"efficiency":0,"stop_code":14845,"Muni_Heb":"נתיבות","stop_name":"אבוחצירא/חי כהן"}},
{"type":"Feature","geometry":{"type":"Point","coordinates":[161583.97695387946,592912.0594886366]},"properties":{"OBJECTID_1":340,"efficiency":0,"stop_code":14845,"Muni_Heb":"נתיבות","stop_name":"אבוחצירא/חי כהן"}},
{"type":"Feature","geometry":{"type":"Point","coordinates":[161583.58413462678,592532.6171485276]},"properties":{"OBJECTID_1":341,"efficiency":0,"stop_code":14847,"Muni_Heb":"נתיבות","stop_name":"שד.ירושלים/שבטי ישראל"}},
{"type":"Feature","geometry":{"type":"Point","coordinates":[161583.58413462678,592532.6171485276]},"properties":{"OBJECTID_1":342,"efficiency":0,"stop_code":14847,"Muni_Heb":"נתיבות","stop_name":"שד.ירושלים/שבטי ישראל"}},
{"type":"Feature","geometry":{"type":"Point","coordinates":[160657.66287504905,592790.9412707563]},"properties":{"OBJECTID_1":343,"efficiency":0,"stop_code":14848,"Muni_Heb":"נתיבות","stop_name":"הרב גרשונוביץ'/אגוז"}},
{"type":"Feature","geometry":{"type":"Point","coordinates":[160657.66287504905,592790.9412707563]},"properties":{"OBJECTID_1":344,"efficiency":0,"stop_code":14848,"Muni_Heb":"נתיבות","stop_name":"הרב גרשונוביץ'/אגוז"}},
{"type":"Feature","geometry":{"type":"Point","coordinates":[160549.17450066432,592707.170414055]},"properties":{"OBJECTID_1":345,"efficiency":0,"stop_code":14849,"Muni_Heb":"נתיבות","stop_name":"הרב גרשנוביץ/חיל הים"}},
{"type":"Feature","geometry":{"type":"Point","coordinates":[160549.17450066432,592707.170414055]},"properties":{"OBJECTID_1":346,"efficiency":0,"stop_code":14849,"Muni_Heb":"נתיבות","stop_name":"הרב גרשנוביץ/חיל הים"}},
{"type":"Feature","geometry":{"type":"Point","coordinates":[161116.54889474125,592350.5959750693]},"properties":{"OBJECTID_1":347,"efficiency":0,"stop_code":14851,"Muni_Heb":"נתיבות","stop_name":"שד.ירושלים/בר אילן"}},
{"type":"Feature","geometry":{"type":"Point","coordinates":[161116.54889474125,592350.5959750693]},"properties":{"OBJECTID_1":348,"efficiency":0,"stop_code":14851,"Muni_Heb":"נתיבות","stop_name":"שד.ירושלים/בר אילן"}},
{"type":"Feature","geometry":{"type":"Point","coordinates":[160842.227353347,592961.3296332842]},"properties":{"OBJECTID_1":349,"efficiency":0,"stop_code":14855,"Muni_Heb":"נתיבות","stop_name":"דרכי רפאל/הרב גרשונוביץ'"}},
{"type":"Feature","geometry":{"type":"Point","coordinates":[160842.227353347,592961.3296332842]},"properties":{"OBJECTID_1":350,"efficiency":0,"stop_code":14855,"Muni_Heb":"נתיבות","stop_name":"דרכי רפאל/הרב גרשונוביץ'"}},
{"type":"Feature","geometry":{"type":"Point","coordinates":[160838.387023986,592971.6633706964]},"properties":{"OBJECTID_1":351,"efficiency":0,"stop_code":14856,"Muni_Heb":"נתיבות","stop_name":"הרב גרשונוביץ/בבא סאלי"}},
{"type":"Feature","geometry":{"type":"Point","coordinates":[160838.387023986,592971.6633706964]},"properties":{"OBJECTID_1":352,"efficiency":0,"stop_code":14856,"Muni_Heb":"נתיבות","stop_name":"הרב גרשונוביץ/בבא סאלי"}},
{"type":"Feature","geometry":{"type":"Point","coordinates":[161303.20582662383,592828.2398583678]},"properties":{"OBJECTID_1":353,"efficiency":0,"stop_code":14857,"Muni_Heb":"נתיבות","stop_name":"אבוחצירא/הרמב''ם"}},
{"type":"Feature","geometry":{"type":"Point","coordinates":[161303.20582662383,592828.2398583678]},"properties":{"OBJECTID_1":354,"efficiency":0,"stop_code":14857,"Muni_Heb":"נתיבות","stop_name":"אבוחצירא/הרמב''ם"}},
{"type":"Feature","geometry":{"type":"Point","coordinates":[161960.55460523948,592489.7282319186]},"properties":{"OBJECTID_1":355,"efficiency":0,"stop_code":14861,"Muni_Heb":"נתיבות","stop_name":"ביה''כ אהלי שם/סמלו"}},
{"type":"Feature","geometry":{"type":"Point","coordinates":[161960.55460523948,592489.7282319186]},"properties":{"OBJECTID_1":356,"efficiency":0,"stop_code":14861,"Muni_Heb":"נתיבות","stop_name":"ביה''כ אהלי שם/סמלו"}},
{"type":"Feature","geometry":{"type":"Point","coordinates":[160907.20861576375,592019.3383712299]},"properties":{"OBJECTID_1":357,"efficiency":0,"stop_code":15256,"Muni_Heb":"נתיבות","stop_name":"שדרות וייצמן/שדרות ירושלים"}},
{"type":"Feature","geometry":{"type":"Point","coordinates":[160907.20861576375,592019.3383712299]},"properties":{"OBJECTID_1":358,"efficiency":0,"stop_code":15256,"Muni_Heb":"נתיבות","stop_name":"שדרות וייצמן/שדרות ירושלים"}},
{"type":"Feature","geometry":{"type":"Point","coordinates":[160912.62357490452,591984.4904325899]},"properties":{"OBJECTID_1":359,"efficiency":0,"stop_code":15257,"Muni_Heb":"נתיבות","stop_name":"שדרות וייצמן/ורדימון"}},
{"type":"Feature","geometry":{"type":"Point","coordinates":[160912.62357490452,591984.4904325899]},"properties":{"OBJECTID_1":360,"efficiency":0,"stop_code":15257,"Muni_Heb":"נתיבות","stop_name":"שדרות וייצמן/ורדימון"}},
{"type":"Feature","geometry":{"type":"Point","coordinates":[160587.08675634055,592331.6140743932]},"properties":{"OBJECTID_1":361,"efficiency":0,"stop_code":15258,"Muni_Heb":"נתיבות","stop_name":"שדרות וייצמן/עצמאות"}},
{"type":"Feature","geometry":{"type":"Point","coordinates":[160587.08675634055,592331.6140743932]},"properties":{"OBJECTID_1":362,"efficiency":0,"stop_code":15258,"Muni_Heb":"נתיבות","stop_name":"שדרות וייצמן/עצמאות"}},
{"type":"Feature","geometry":{"type":"Point","coordinates":[160616.1534046043,592326.2385988965]},"properties":{"OBJECTID_1":363,"efficiency":0,"stop_code":15259,"Muni_Heb":"נתיבות","stop_name":"שדרות וייצמן/עצמאות"}},
{"type":"Feature","geometry":{"type":"Point","coordinates":[160616.1534046043,592326.2385988965]},"properties":{"OBJECTID_1":364,"efficiency":0,"stop_code":15259,"Muni_Heb":"נתיבות","stop_name":"שדרות וייצמן/עצמאות"}},
{"type":"Feature","geometry":{"type":"Point","coordinates":[160909.9735720348,592156.2644139853]},"properties":{"OBJECTID_1":365,"efficiency":0,"stop_code":15260,"Muni_Heb":"נתיבות","stop_name":"ירושלים/נתיביון"}},
{"type":"Feature","geometry":{"type":"Point","coordinates":[160909.9735720348,592156.2644139853]},"properties":{"OBJECTID_1":366,"efficiency":0,"stop_code":15260,"Muni_Heb":"נתיבות","stop_name":"ירושלים/נתיביון"}},
{"type":"Feature","geometry":{"type":"Point","coordinates":[160421.88850534082,592494.4378858497]},"properties":{"OBJECTID_1":367,"efficiency":0,"stop_code":15264,"Muni_Heb":"נתיבות","stop_name":"שד. וייצמן/הרב גרשונוביץ'"}},
{"type":"Feature","geometry":{"type":"Point","coordinates":[160421.88850534082,592494.4378858497]},"properties":{"OBJECTID_1":368,"efficiency":0,"stop_code":15264,"Muni_Heb":"נתיבות","stop_name":"שד. וייצמן/הרב גרשונוביץ'"}},
{"type":"Feature","geometry":{"type":"Point","coordinates":[160467.1268985739,592473.5576421244]},"properties":{"OBJECTID_1":369,"efficiency":0,"stop_code":15265,"Muni_Heb":"נתיבות","stop_name":"שד.וייצמן/הרב גרשונוביץ'"}},
{"type":"Feature","geometry":{"type":"Point","coordinates":[160467.1268985739,592473.5576421244]},"properties":{"OBJECTID_1":370,"efficiency":0,"stop_code":15265,"Muni_Heb":"נתיבות","stop_name":"שד.וייצמן/הרב גרשונוביץ'"}},
{"type":"Feature","geometry":{"type":"Point","coordinates":[162224.90107572632,592681.5453993196]},"properties":{"OBJECTID_1":371,"efficiency":0,"stop_code":15573,"Muni_Heb":"נתיבות","stop_name":"מ.נתיבות"}},
{"type":"Feature","geometry":{"type":"Point","coordinates":[162224.90107572632,592681.5453993196]},"properties":{"OBJECTID_1":372,"efficiency":0,"stop_code":15573,"Muni_Heb":"נתיבות","stop_name":"מ.נתיבות"}},
{"type":"Feature","geometry":{"type":"Point","coordinates":[159838.38811300998,592036.6986189977]},"properties":{"OBJECTID_1":373,"efficiency":0,"stop_code":15914,"Muni_Heb":"נתיבות","stop_name":"הרב צבאן/נחל ורדית"}},
{"type":"Feature","geometry":{"type":"Point","coordinates":[159838.38811300998,592036.6986189977]},"properties":{"OBJECTID_1":374,"efficiency":0,"stop_code":15914,"Muni_Heb":"נתיבות","stop_name":"הרב צבאן/נחל ורדית"}},
{"type":"Feature","geometry":{"type":"Point","coordinates":[160740.61453069202,591716.0087925659]},"properties":{"OBJECTID_1":375,"efficiency":0,"stop_code":15916,"Muni_Heb":"נתיבות","stop_name":"מרכז תרבות/הגפן"}},
{"type":"Feature","geometry":{"type":"Point","coordinates":[160740.61453069202,591716.0087925659]},"properties":{"OBJECTID_1":376,"efficiency":0,"stop_code":15916,"Muni_Heb":"נתיבות","stop_name":"מרכז תרבות/הגפן"}},
{"type":"Feature","geometry":{"type":"Point","coordinates":[160725.6953040982,591717.8668999119]},"properties":{"OBJECTID_1":377,"efficiency":0,"stop_code":15917,"Muni_Heb":"נתיבות","stop_name":"מרכז תרבות/הגפן"}},
{"type":"Feature","geometry":{"type":"Point","coordinates":[160725.6953040982,591717.8668999119]},"properties":{"OBJECTID_1":378,"efficiency":0,"stop_code":15917,"Muni_Heb":"נתיבות","stop_name":"מרכז תרבות/הגפן"}},
{"type":"Feature","geometry":{"type":"Point","coordinates":[160538.96484770125,591572.2197308003]},"properties":{"OBJECTID_1":379,"efficiency":0,"stop_code":15918,"Muni_Heb":"נתיבות","stop_name":"כיכר הגיבורים היהודים"}},
{"type":"Feature","geometry":{"type":"Point","coordinates":[160538.96484770125,591572.2197308003]},"properties":{"OBJECTID_1":380,"efficiency":0,"stop_code":15918,"Muni_Heb":"נתיבות","stop_name":"כיכר הגיבורים היהודים"}},
{"type":"Feature","geometry":{"type":"Point","coordinates":[160067.11337527962,591473.8780593203]},"properties":{"OBJECTID_1":381,"efficiency":0,"stop_code":15920,"Muni_Heb":"נתיבות","stop_name":"הגפן/שקד"}},
{"type":"Feature","geometry":{"type":"Point","coordinates":[160067.11337527962,591473.8780593203]},"properties":{"OBJECTID_1":382,"efficiency":0,"stop_code":15920,"Muni_Heb":"נתיבות","stop_name":"הגפן/שקד"}},
{"type":"Feature","geometry":{"type":"Point","coordinates":[160068.24958456348,591489.7280737429]},"properties":{"OBJECTID_1":383,"efficiency":0,"stop_code":15921,"Muni_Heb":"נתיבות","stop_name":"הגפן/תמר"}},
{"type":"Feature","geometry":{"type":"Point","coordinates":[160068.24958456348,591489.7280737429]},"properties":{"OBJECTID_1":384,"efficiency":0,"stop_code":15921,"Muni_Heb":"נתיבות","stop_name":"הגפן/תמר"}},
{"type":"Feature","geometry":{"type":"Point","coordinates":[160222.33250281605,591343.7055830357]},"properties":{"OBJECTID_1":385,"efficiency":0,"stop_code":15922,"Muni_Heb":"נתיבות","stop_name":"הגפן/לימון"}},
{"type":"Feature","geometry":{"type":"Point","coordinates":[160222.33250281605,591343.7055830357]},"properties":{"OBJECTID_1":386,"efficiency":0,"stop_code":15922,"Muni_Heb":"נתיבות","stop_name":"הגפן/לימון"}},
{"type":"Feature","geometry":{"type":"Point","coordinates":[159763.03107849963,591779.4346619322]},"properties":{"OBJECTID_1":387,"efficiency":0,"stop_code":15923,"Muni_Heb":"נתיבות","stop_name":"יובל/המעפיל"}},
{"type":"Feature","geometry":{"type":"Point","coordinates":[159763.03107849963,591779.4346619322]},"properties":{"OBJECTID_1":388,"efficiency":0,"stop_code":15923,"Muni_Heb":"נתיבות","stop_name":"יובל/המעפיל"}},
{"type":"Feature","geometry":{"type":"Point","coordinates":[159798.18171328952,591723.5699182621]},"properties":{"OBJECTID_1":389,"efficiency":0,"stop_code":15924,"Muni_Heb":"נתיבות","stop_name":"יובל/נחל בוהן"}},
{"type":"Feature","geometry":{"type":"Point","coordinates":[159798.18171328952,591723.5699182621]},"properties":{"OBJECTID_1":390,"efficiency":0,"stop_code":15924,"Muni_Heb":"נתיבות","stop_name":"יובל/נחל בוהן"}},
{"type":"Feature","geometry":{"type":"Point","coordinates":[160117.71635335873,591793.8233290979]},"properties":{"OBJECTID_1":391,"efficiency":0,"stop_code":15927,"Muni_Heb":"נתיבות","stop_name":"הרב צבאן/הרימון"}},
{"type":"Feature","geometry":{"type":"Point","coordinates":[160117.71635335873,591793.8233290979]},"properties":{"OBJECTID_1":392,"efficiency":0,"stop_code":15927,"Muni_Heb":"נתיבות","stop_name":"הרב צבאן/הרימון"}},
{"type":"Feature","geometry":{"type":"Point","coordinates":[160472.67653124264,591537.3330147128]},"properties":{"OBJECTID_1":393,"efficiency":0,"stop_code":15928,"Muni_Heb":"נתיבות","stop_name":"כיכר הגיבורים היהודים"}},
{"type":"Feature","geometry":{"type":"Point","coordinates":[160472.67653124264,591537.3330147128]},"properties":{"OBJECTID_1":394,"efficiency":0,"stop_code":15928,"Muni_Heb":"נתיבות","stop_name":"כיכר הגיבורים היהודים"}},
{"type":"Feature","geometry":{"type":"Point","coordinates":[160345.36781380157,593002.2766537255]},"properties":{"OBJECTID_1":395,"efficiency":0,"stop_code":15929,"Muni_Heb":"נתיבות","stop_name":"חיל אוויר/חיל תותחנים"}},
{"type":"Feature","geometry":{"type":"Point","coordinates":[160345.36781380157,593002.2766537255]},"properties":{"OBJECTID_1":396,"efficiency":0,"stop_code":15929,"Muni_Heb":"נתיבות","stop_name":"חיל אוויר/חיל תותחנים"}},
{"type":"Feature","geometry":{"type":"Point","coordinates":[159938.65084418986,592610.0626519778]},"properties":{"OBJECTID_1":397,"efficiency":0,"stop_code":15931,"Muni_Heb":"נתיבות","stop_name":"יובל"}},
{"type":"Feature","geometry":{"type":"Point","coordinates":[159938.65084418986,592610.0626519778]},"properties":{"OBJECTID_1":398,"efficiency":0,"stop_code":15931,"Muni_Heb":"נתיבות","stop_name":"יובל"}},
{"type":"Feature","geometry":{"type":"Point","coordinates":[160006.15928291285,592592.9343814688]},"properties":{"OBJECTID_1":399,"efficiency":0,"stop_code":15932,"Muni_Heb":"נתיבות","stop_name":"יובל/האשל"}},
{"type":"Feature","geometry":{"type":"Point","coordinates":[160006.15928291285,592592.9343814688]},"properties":{"OBJECTID_1":400,"efficiency":0,"stop_code":15932,"Muni_Heb":"נתיבות","stop_name":"יובל/האשל"}},
{"type":"Feature","geometry":{"type":"Point","coordinates":[159819.9212471009,592482.6692760048]},"properties":{"OBJECTID_1":401,"efficiency":0,"stop_code":15933,"Muni_Heb":"נתיבות","stop_name":"יובל/אצ''ל"}},
{"type":"Feature","geometry":{"type":"Point","coordinates":[159819.9212471009,592482.6692760048]},"properties":{"OBJECTID_1":402,"efficiency":0,"stop_code":15933,"Muni_Heb":"נתיבות","stop_name":"יובל/אצ''ל"}},
{"type":"Feature","geometry":{"type":"Point","coordinates":[159703.1683466483,592186.1674979521]},"properties":{"OBJECTID_1":403,"efficiency":0,"stop_code":15934,"Muni_Heb":"נתיבות","stop_name":"יובל/הגנה"}},
{"type":"Feature","geometry":{"type":"Point","coordinates":[159703.1683466483,592186.1674979521]},"properties":{"OBJECTID_1":404,"efficiency":0,"stop_code":15934,"Muni_Heb":"נתיבות","stop_name":"יובל/הגנה"}},
{"type":"Feature","geometry":{"type":"Point","coordinates":[159730.20700673712,592275.0526870745]},"properties":{"OBJECTID_1":405,"efficiency":0,"stop_code":15935,"Muni_Heb":"נתיבות","stop_name":"יובל/שד. ירושלים"}},
{"type":"Feature","geometry":{"type":"Point","coordinates":[159730.20700673712,592275.0526870745]},"properties":{"OBJECTID_1":406,"efficiency":0,"stop_code":15935,"Muni_Heb":"נתיבות","stop_name":"יובל/שד. ירושלים"}},
{"type":"Feature","geometry":{"type":"Point","coordinates":[159776.9127409433,592427.6948337485]},"properties":{"OBJECTID_1":407,"efficiency":0,"stop_code":15936,"Muni_Heb":"נתיבות","stop_name":"יובל/האצ''ל"}},
{"type":"Feature","geometry":{"type":"Point","coordinates":[159776.9127409433,592427.6948337485]},"properties":{"OBJECTID_1":408,"efficiency":0,"stop_code":15936,"Muni_Heb":"נתיבות","stop_name":"יובל/האצ''ל"}},
{"type":"Feature","geometry":{"type":"Point","coordinates":[159915.7052233083,592304.8185749773]},"properties":{"OBJECTID_1":409,"efficiency":0,"stop_code":15937,"Muni_Heb":"נתיבות","stop_name":"הרב צבאן/שדרות ירושלים"}},
{"type":"Feature","geometry":{"type":"Point","coordinates":[159915.7052233083,592304.8185749773]},"properties":{"OBJECTID_1":410,"efficiency":0,"stop_code":15937,"Muni_Heb":"נתיבות","stop_name":"הרב צבאן/שדרות ירושלים"}},
{"type":"Feature","geometry":{"type":"Point","coordinates":[159911.0439149693,592321.1451359638]},"properties":{"OBJECTID_1":411,"efficiency":0,"stop_code":15938,"Muni_Heb":"נתיבות","stop_name":"הרב צבאן/שד. ירושלים"}},
{"type":"Feature","geometry":{"type":"Point","coordinates":[159911.0439149693,592321.1451359638]},"properties":{"OBJECTID_1":412,"efficiency":0,"stop_code":15938,"Muni_Heb":"נתיבות","stop_name":"הרב צבאן/שד. ירושלים"}},
{"type":"Feature","geometry":{"type":"Point","coordinates":[159907.90564596286,591587.6648829805]},"properties":{"OBJECTID_1":413,"efficiency":0,"stop_code":15939,"Muni_Heb":"נתיבות","stop_name":"תקומה/יובל"}},
{"type":"Feature","geometry":{"type":"Point","coordinates":[159907.90564596286,591587.6648829805]},"properties":{"OBJECTID_1":414,"efficiency":0,"stop_code":15939,"Muni_Heb":"נתיבות","stop_name":"תקומה/יובל"}},
{"type":"Feature","geometry":{"type":"Point","coordinates":[159934.1694184306,591590.7307948325]},"properties":{"OBJECTID_1":415,"efficiency":0,"stop_code":15940,"Muni_Heb":"נתיבות","stop_name":"תקומה / הרימון"}},
{"type":"Feature","geometry":{"type":"Point","coordinates":[159934.1694184306,591590.7307948325]},"properties":{"OBJECTID_1":416,"efficiency":0,"stop_code":15940,"Muni_Heb":"נתיבות","stop_name":"תקומה / הרימון"}},
{"type":"Feature","geometry":{"type":"Point","coordinates":[160420.75227932094,592007.774406]},"properties":{"OBJECTID_1":417,"efficiency":0,"stop_code":15941,"Muni_Heb":"נתיבות","stop_name":"בי''ס נועם אדרת"}},
{"type":"Feature","geometry":{"type":"Point","coordinates":[160420.75227932094,592007.774406]},"properties":{"OBJECTID_1":418,"efficiency":0,"stop_code":15941,"Muni_Heb":"נתיבות","stop_name":"בי''ס נועם אדרת"}},
{"type":"Feature","geometry":{"type":"Point","coordinates":[160106.0611141607,591784.3535553914]},"properties":{"OBJECTID_1":419,"efficiency":0,"stop_code":15942,"Muni_Heb":"נתיבות","stop_name":"הרב צבאן/הרימון"}},
{"type":"Feature","geometry":{"type":"Point","coordinates":[160106.0611141607,591784.3535553914]},"properties":{"OBJECTID_1":420,"efficiency":0,"stop_code":15942,"Muni_Heb":"נתיבות","stop_name":"הרב צבאן/הרימון"}},
{"type":"Feature","geometry":{"type":"Point","coordinates":[160345.4853159318,591444.7990273752]},"properties":{"OBJECTID_1":421,"efficiency":0,"stop_code":15943,"Muni_Heb":"נתיבות","stop_name":"הגפן/משמש"}},
{"type":"Feature","geometry":{"type":"Point","coordinates":[160345.4853159318,591444.7990273752]},"properties":{"OBJECTID_1":422,"efficiency":0,"stop_code":15943,"Muni_Heb":"נתיבות","stop_name":"הגפן/משמש"}},
{"type":"Feature","geometry":{"type":"Point","coordinates":[160573.5784194118,591251.6810212887]},"properties":{"OBJECTID_1":423,"efficiency":0,"stop_code":15944,"Muni_Heb":"נתיבות","stop_name":"שוק עירוני חדש"}},
{"type":"Feature","geometry":{"type":"Point","coordinates":[160573.5784194118,591251.6810212887]},"properties":{"OBJECTID_1":424,"efficiency":0,"stop_code":15944,"Muni_Heb":"נתיבות","stop_name":"שוק עירוני חדש"}},
{"type":"Feature","geometry":{"type":"Point","coordinates":[160091.59262775505,592500.7468439064]},"properties":{"OBJECTID_1":425,"efficiency":0,"stop_code":15947,"Muni_Heb":"נתיבות","stop_name":"יובל/אשל"}},
{"type":"Feature","geometry":{"type":"Point","coordinates":[160091.59262775505,592500.7468439064]},"properties":{"OBJECTID_1":426,"efficiency":0,"stop_code":15947,"Muni_Heb":"נתיבות","stop_name":"יובל/אשל"}},
{"type":"Feature","geometry":{"type":"Point","coordinates":[160081.33809394838,592503.3555444194]},"properties":{"OBJECTID_1":427,"efficiency":0,"stop_code":15948,"Muni_Heb":"נתיבות","stop_name":"עולם הילד/יובל"}},
{"type":"Feature","geometry":{"type":"Point","coordinates":[160081.33809394838,592503.3555444194]},"properties":{"OBJECTID_1":428,"efficiency":0,"stop_code":15948,"Muni_Heb":"נתיבות","stop_name":"עולם הילד/יובל"}},
{"type":"Feature","geometry":{"type":"Point","coordinates":[160178.87201367604,592934.1403687018]},"properties":{"OBJECTID_1":429,"efficiency":0,"stop_code":15950,"Muni_Heb":"נתיבות","stop_name":"חיל אוויר/חיל הנדסה"}},
{"type":"Feature","geometry":{"type":"Point","coordinates":[160178.87201367604,592934.1403687018]},"properties":{"OBJECTID_1":430,"efficiency":0,"stop_code":15950,"Muni_Heb":"נתיבות","stop_name":"חיל אוויר/חיל הנדסה"}},
{"type":"Feature","geometry":{"type":"Point","coordinates":[162065.3030535233,592431.1594829299]},"properties":{"OBJECTID_1":431,"efficiency":0,"stop_code":15951,"Muni_Heb":"נתיבות","stop_name":"בי''ס משען/גיבורי תשכ''ז"}},
{"type":"Feature","geometry":{"type":"Point","coordinates":[162065.3030535233,592431.1594829299]},"properties":{"OBJECTID_1":432,"efficiency":0,"stop_code":15951,"Muni_Heb":"נתיבות","stop_name":"בי''ס משען/גיבורי תשכ''ז"}},
{"type":"Feature","geometry":{"type":"Point","coordinates":[161399.2774739956,592544.3966294576]},"properties":{"OBJECTID_1":433,"efficiency":0,"stop_code":16505,"Muni_Heb":"נתיבות","stop_name":"שדרות ירושלים/הרמב''ם"}},
{"type":"Feature","geometry":{"type":"Point","coordinates":[161399.2774739956,592544.3966294576]},"properties":{"OBJECTID_1":434,"efficiency":0,"stop_code":16505,"Muni_Heb":"נתיבות","stop_name":"שדרות ירושלים/הרמב''ם"}},
{"type":"Feature","geometry":{"type":"Point","coordinates":[160936.71861569348,592211.5563915811]},"properties":{"OBJECTID_1":435,"efficiency":0,"stop_code":16506,"Muni_Heb":"נתיבות","stop_name":"שד.ים/חי טייב"}},
{"type":"Feature","geometry":{"type":"Point","coordinates":[160936.71861569348,592211.5563915811]},"properties":{"OBJECTID_1":436,"efficiency":0,"stop_code":16506,"Muni_Heb":"נתיבות","stop_name":"שד.ים/חי טייב"}},
{"type":"Feature","geometry":{"type":"Point","coordinates":[161010.2896667305,592834.755367112]},"properties":{"OBJECTID_1":437,"efficiency":0,"stop_code":16512,"Muni_Heb":"נתיבות","stop_name":"ז'בוטינסקי/בית גיל הזהב"}},
{"type":"Feature","geometry":{"type":"Point","coordinates":[161010.2896667305,592834.755367112]},"properties":{"OBJECTID_1":438,"efficiency":0,"stop_code":16512,"Muni_Heb":"נתיבות","stop_name":"ז'בוטינסקי/בית גיל הזהב"}},
{"type":"Feature","geometry":{"type":"Point","coordinates":[161686.8507236648,592550.3408365712]},"properties":{"OBJECTID_1":439,"efficiency":0,"stop_code":16515,"Muni_Heb":"נתיבות","stop_name":"שדרות ירושלים/חפץ חיים"}},
{"type":"Feature","geometry":{"type":"Point","coordinates":[161686.8507236648,592550.3408365712]},"properties":{"OBJECTID_1":440,"efficiency":0,"stop_code":16515,"Muni_Heb":"נתיבות","stop_name":"שדרות ירושלים/חפץ חיים"}},
{"type":"Feature","geometry":{"type":"Point","coordinates":[160373.44011421996,591931.4212078243]},"properties":{"OBJECTID_1":441,"efficiency":0,"stop_code":19166,"Muni_Heb":"נתיבות","stop_name":"בית ספר נועם אורות"}},
{"type":"Feature","geometry":{"type":"Point","coordinates":[160373.44011421996,591931.4212078243]},"properties":{"OBJECTID_1":442,"efficiency":0,"stop_code":19166,"Muni_Heb":"נתיבות","stop_name":"בית ספר נועם אורות"}},
{"type":"Feature","geometry":{"type":"Point","coordinates":[161313.07132867788,592824.0822020568]},"properties":{"OBJECTID_1":443,"efficiency":0,"stop_code":19204,"Muni_Heb":"נתיבות","stop_name":"אבוחצירא/הרמב''ם"}},
{"type":"Feature","geometry":{"type":"Point","coordinates":[161313.07132867788,592824.0822020568]},"properties":{"OBJECTID_1":444,"efficiency":0,"stop_code":19204,"Muni_Heb":"נתיבות","stop_name":"אבוחצירא/הרמב''ם"}},
{"type":"Feature","geometry":{"type":"Point","coordinates":[160099.7047375419,592238.4598286349]},"properties":{"OBJECTID_1":445,"efficiency":0,"stop_code":19318,"Muni_Heb":"נתיבות","stop_name":"הרב חזני/יובל"}},
{"type":"Feature","geometry":{"type":"Point","coordinates":[160099.7047375419,592238.4598286349]},"properties":{"OBJECTID_1":446,"efficiency":0,"stop_code":19318,"Muni_Heb":"נתיבות","stop_name":"הרב חזני/יובל"}},
{"type":"Feature","geometry":{"type":"Point","coordinates":[161278.0742305274,591918.910716332]},"properties":{"OBJECTID_1":447,"efficiency":0,"stop_code":19349,"Muni_Heb":"נתיבות","stop_name":"בעלי המלאכה/טראסק"}},
{"type":"Feature","geometry":{"type":"Point","coordinates":[161278.0742305274,591918.910716332]},"properties":{"OBJECTID_1":448,"efficiency":0,"stop_code":19349,"Muni_Heb":"נתיבות","stop_name":"בעלי המלאכה/טראסק"}},
{"type":"Feature","geometry":{"type":"Point","coordinates":[161581.9713581379,592001.7146933031]},"properties":{"OBJECTID_1":449,"efficiency":0,"stop_code":19350,"Muni_Heb":"נתיבות","stop_name":"בעלי המלאכה/הצורף"}},
{"type":"Feature","geometry":{"type":"Point","coordinates":[161581.9713581379,592001.7146933031]},"properties":{"OBJECTID_1":450,"efficiency":0,"stop_code":19350,"Muni_Heb":"נתיבות","stop_name":"בעלי המלאכה/הצורף"}},
{"type":"Feature","geometry":{"type":"Point","coordinates":[161892.89691756162,592118.4190398032]},"properties":{"OBJECTID_1":451,"efficiency":0,"stop_code":19351,"Muni_Heb":"נתיבות","stop_name":"בעלי המלאכה/החרש"}},
{"type":"Feature","geometry":{"type":"Point","coordinates":[161892.89691756162,592118.4190398032]},"properties":{"OBJECTID_1":452,"efficiency":0,"stop_code":19351,"Muni_Heb":"נתיבות","stop_name":"בעלי המלאכה/החרש"}},
{"type":"Feature","geometry":{"type":"Point","coordinates":[161999.25836809177,592179.4842942876]},"properties":{"OBJECTID_1":453,"efficiency":0,"stop_code":19352,"Muni_Heb":"נתיבות","stop_name":"בעלי המלאכה/החרש"}},
{"type":"Feature","geometry":{"type":"Point","coordinates":[161999.25836809177,592179.4842942876]},"properties":{"OBJECTID_1":454,"efficiency":0,"stop_code":19352,"Muni_Heb":"נתיבות","stop_name":"בעלי המלאכה/החרש"}},
{"type":"Feature","geometry":{"type":"Point","coordinates":[161502.9916525482,591991.9516012508]},"properties":{"OBJECTID_1":455,"efficiency":0,"stop_code":19353,"Muni_Heb":"נתיבות","stop_name":"בעליי המלאכה/הבונים"}},
{"type":"Feature","geometry":{"type":"Point","coordinates":[161502.9916525482,591991.9516012508]},"properties":{"OBJECTID_1":456,"efficiency":0,"stop_code":19353,"Muni_Heb":"נתיבות","stop_name":"בעליי המלאכה/הבונים"}},
{"type":"Feature","geometry":{"type":"Point","coordinates":[161038.6741681823,591756.3615204698]},"properties":{"OBJECTID_1":457,"efficiency":0,"stop_code":19354,"Muni_Heb":"נתיבות","stop_name":"אחת עשרה הנקודות/שדרות וייצמן"}},
{"type":"Feature","geometry":{"type":"Point","coordinates":[161038.6741681823,591756.3615204698]},"properties":{"OBJECTID_1":458,"efficiency":0,"stop_code":19354,"Muni_Heb":"נתיבות","stop_name":"אחת עשרה הנקודות/שדרות וייצמן"}},
{"type":"Feature","geometry":{"type":"Point","coordinates":[160744.47248545827,592198.9973261162]},"properties":{"OBJECTID_1":459,"efficiency":0,"stop_code":19355,"Muni_Heb":"נתיבות","stop_name":"שדרות וייצמן/בית וגן"}},
{"type":"Feature","geometry":{"type":"Point","coordinates":[160744.47248545827,592198.9973261162]},"properties":{"OBJECTID_1":460,"efficiency":0,"stop_code":19355,"Muni_Heb":"נתיבות","stop_name":"שדרות וייצמן/בית וגן"}},
{"type":"Feature","geometry":{"type":"Point","coordinates":[160633.67490549432,591993.2661834806]},"properties":{"OBJECTID_1":461,"efficiency":0,"stop_code":19377,"Muni_Heb":"נתיבות","stop_name":"שד. ירושלים/בית וגן"}},
{"type":"Feature","geometry":{"type":"Point","coordinates":[160633.67490549432,591993.2661834806]},"properties":{"OBJECTID_1":462,"efficiency":0,"stop_code":19377,"Muni_Heb":"נתיבות","stop_name":"שד. ירושלים/בית וגן"}},
{"type":"Feature","geometry":{"type":"Point","coordinates":[160731.9400121587,592185.5400046018]},"properties":{"OBJECTID_1":463,"efficiency":0,"stop_code":19378,"Muni_Heb":"נתיבות","stop_name":"שדרות וייצמן/הכותל"}},
{"type":"Feature","geometry":{"type":"Point","coordinates":[160731.9400121587,592185.5400046018]},"properties":{"OBJECTID_1":464,"efficiency":0,"stop_code":19378,"Muni_Heb":"נתיבות","stop_name":"שדרות וייצמן/הכותל"}},
{"type":"Feature","geometry":{"type":"Point","coordinates":[160566.93030343548,593191.3009599969]},"properties":{"OBJECTID_1":465,"efficiency":0,"stop_code":19735,"Muni_Heb":"נתיבות","stop_name":"דרכי רפאל/קהילת יעקב"}},
{"type":"Feature","geometry":{"type":"Point","coordinates":[160566.93030343548,593191.3009599969]},"properties":{"OBJECTID_1":466,"efficiency":0,"stop_code":19735,"Muni_Heb":"נתיבות","stop_name":"דרכי רפאל/קהילת יעקב"}},
{"type":"Feature","geometry":{"type":"Point","coordinates":[160417.8173075509,593102.5492661587]},"properties":{"OBJECTID_1":467,"efficiency":0,"stop_code":19874,"Muni_Heb":"נתיבות","stop_name":"קהילת יעקב/הרב מזוז"}},
{"type":"Feature","geometry":{"type":"Point","coordinates":[160417.8173075509,593102.5492661587]},"properties":{"OBJECTID_1":468,"efficiency":0,"stop_code":19874,"Muni_Heb":"נתיבות","stop_name":"קהילת יעקב/הרב מזוז"}},
{"type":"Feature","geometry":{"type":"Point","coordinates":[160438.98137183866,593129.2635529623]},"properties":{"OBJECTID_1":469,"efficiency":0,"stop_code":19875,"Muni_Heb":"נתיבות","stop_name":"קהילת יעקב/הרב מזוז"}},
{"type":"Feature","geometry":{"type":"Point","coordinates":[160438.98137183866,593129.2635529623]},"properties":{"OBJECTID_1":470,"efficiency":0,"stop_code":19875,"Muni_Heb":"נתיבות","stop_name":"קהילת יעקב/הרב מזוז"}},
{"type":"Feature","geometry":{"type":"Point","coordinates":[159325.92453280775,591208.2287960321]},"properties":{"OBJECTID_1":471,"efficiency":0,"stop_code":17108,"Muni_Heb":"נתיבות","stop_name":"נתיבות"}},
{"type":"Feature","geometry":{"type":"Point","coordinates":[159325.92453280775,591208.2287960321]},"properties":{"OBJECTID_1":472,"efficiency":0,"stop_code":17108,"Muni_Heb":"נתיבות","stop_name":"נתיבות"}},
{"type":"Feature","geometry":{"type":"Point","coordinates":[159421.3672557738,591218.43538109]},"properties":{"OBJECTID_1":473,"efficiency":0,"stop_code":18518,"Muni_Heb":"נתיבות","stop_name":"ת.רכבת נתיבות/רציפים"}},
{"type":"Feature","geometry":{"type":"Point","coordinates":[159421.3672557738,591218.43538109]},"properties":{"OBJECTID_1":474,"efficiency":0,"stop_code":18518,"Muni_Heb":"נתיבות","stop_name":"ת.רכבת נתיבות/רציפים"}},
{"type":"Feature","geometry":{"type":"Point","coordinates":[162090.31875722372,592276.8936140477]},"properties":{"OBJECTID_1":475,"efficiency":0,"stop_code":11490,"Muni_Heb":"נתיבות","stop_name":"מרכז מסחרי"}},
{"type":"Feature","geometry":{"type":"Point","coordinates":[162090.31875722372,592276.8936140477]},"properties":{"OBJECTID_1":476,"efficiency":0,"stop_code":11490,"Muni_Heb":"נתיבות","stop_name":"מרכז מסחרי"}},
{"type":"Feature","geometry":{"type":"Point","coordinates":[158906.11518647175,591955.0208811124]},"properties":{"OBJECTID_1":477,"efficiency":0,"stop_code":11442,"Muni_Heb":"נתיבות","stop_name":"נווה דקלים"}},
{"type":"Feature","geometry":{"type":"Point","coordinates":[158906.11518647175,591955.0208811124]},"properties":{"OBJECTID_1":478,"efficiency":0,"stop_code":11442,"Muni_Heb":"נתיבות","stop_name":"נווה דקלים"}},
{"type":"Feature","geometry":{"type":"Point","coordinates":[158835.642712803,592002.5557337087]},"properties":{"OBJECTID_1":479,"efficiency":0,"stop_code":11441,"Muni_Heb":"נתיבות","stop_name":"נווה דקלים"}},
{"type":"Feature","geometry":{"type":"Point","coordinates":[158835.642712803,592002.5557337087]},"properties":{"OBJECTID_1":480,"efficiency":0,"stop_code":11441,"Muni_Heb":"נתיבות","stop_name":"נווה דקלים"}},
{"type":"Feature","geometry":{"type":"Point","coordinates":[158761.39441542578,592054.7702277377]},"properties":{"OBJECTID_1":481,"efficiency":0,"stop_code":11440,"Muni_Heb":"נתיבות","stop_name":"נווה דקלים/רפיח ים"}},
{"type":"Feature","geometry":{"type":"Point","coordinates":[158761.39441542578,592054.7702277377]},"properties":{"OBJECTID_1":482,"efficiency":0,"stop_code":11440,"Muni_Heb":"נתיבות","stop_name":"נווה דקלים/רפיח ים"}},
{"type":"Feature","geometry":{"type":"Point","coordinates":[159203.78976259072,591862.4841817715]},"properties":{"OBJECTID_1":483,"efficiency":0,"stop_code":18484,"Muni_Heb":"נתיבות","stop_name":"נווה דקלים/כפר דרום"}},
{"type":"Feature","geometry":{"type":"Point","coordinates":[159203.78976259072,591862.4841817715]},"properties":{"OBJECTID_1":484,"efficiency":0,"stop_code":18484,"Muni_Heb":"נתיבות","stop_name":"נווה דקלים/כפר דרום"}},
{"type":"Feature","geometry":{"type":"Point","coordinates":[159134.21433949427,591901.0302373711]},"properties":{"OBJECTID_1":485,"efficiency":0,"stop_code":18479,"Muni_Heb":"נתיבות","stop_name":"נווה דקלים/כפר דרום"}},
{"type":"Feature","geometry":{"type":"Point","coordinates":[159134.21433949427,591901.0302373711]},"properties":{"OBJECTID_1":486,"efficiency":0,"stop_code":18479,"Muni_Heb":"נתיבות","stop_name":"נווה דקלים/כפר דרום"}},
{"type":"Feature","geometry":{"type":"Point","coordinates":[159699.92135987856,592017.6421498694]},"properties":{"OBJECTID_1":487,"efficiency":0,"stop_code":18465,"Muni_Heb":"נתיבות","stop_name":"יובל/פלמ''ח"}},
{"type":"Feature","geometry":{"type":"Point","coordinates":[159699.92135987856,592017.6421498694]},"properties":{"OBJECTID_1":488,"efficiency":0,"stop_code":18465,"Muni_Heb":"נתיבות","stop_name":"יובל/פלמ''ח"}},
{"type":"Feature","geometry":{"type":"Point","coordinates":[159477.11121847027,592528.6548531164]},"properties":{"OBJECTID_1":489,"efficiency":0,"stop_code":18443,"Muni_Heb":"נתיבות","stop_name":"אלון"}},
{"type":"Feature","geometry":{"type":"Point","coordinates":[159477.11121847027,592528.6548531164]},"properties":{"OBJECTID_1":490,"efficiency":0,"stop_code":18443,"Muni_Heb":"נתיבות","stop_name":"אלון"}},
{"type":"Feature","geometry":{"type":"Point","coordinates":[161037.67424342502,591815.5790646136]},"properties":{"OBJECTID_1":491,"efficiency":0,"stop_code":18420,"Muni_Heb":"נתיבות","stop_name":"אצטדיון כדורגל/שדרות וייצמן"}},
{"type":"Feature","geometry":{"type":"Point","coordinates":[161037.67424342502,591815.5790646136]},"properties":{"OBJECTID_1":492,"efficiency":0,"stop_code":18420,"Muni_Heb":"נתיבות","stop_name":"אצטדיון כדורגל/שדרות וייצמן"}},
{"type":"Feature","geometry":{"type":"Point","coordinates":[159593.9982983282,591919.6730524359]},"properties":{"OBJECTID_1":493,"efficiency":0,"stop_code":18372,"Muni_Heb":"נתיבות","stop_name":"אחת עשרה הנקודות/חטיבת הראל"}},
{"type":"Feature","geometry":{"type":"Point","coordinates":[159593.9982983282,591919.6730524359]},"properties":{"OBJECTID_1":494,"efficiency":0,"stop_code":18372,"Muni_Heb":"נתיבות","stop_name":"אחת עשרה הנקודות/חטיבת הראל"}},
{"type":"Feature","geometry":{"type":"Point","coordinates":[159852.23228048292,592129.7621714715]},"properties":{"OBJECTID_1":495,"efficiency":0,"stop_code":18324,"Muni_Heb":"נתיבות","stop_name":"מועדון פיס/הרב צבאן"}},
{"type":"Feature","geometry":{"type":"Point","coordinates":[159852.23228048292,592129.7621714715]},"properties":{"OBJECTID_1":496,"efficiency":0,"stop_code":18324,"Muni_Heb":"נתיבות","stop_name":"מועדון פיס/הרב צבאן"}},
{"type":"Feature","geometry":{"type":"Point","coordinates":[159698.0162090166,592714.5601657095]},"properties":{"OBJECTID_1":497,"efficiency":0,"stop_code":18319,"Muni_Heb":"נתיבות","stop_name":"הרדוף/אחת עשרה הנקודות"}},
{"type":"Feature","geometry":{"type":"Point","coordinates":[159698.0162090166,592714.5601657095]},"properties":{"OBJECTID_1":498,"efficiency":0,"stop_code":18319,"Muni_Heb":"נתיבות","stop_name":"הרדוף/אחת עשרה הנקודות"}},
{"type":"Feature","geometry":{"type":"Point","coordinates":[159699.9800790685,592725.415633883]},"properties":{"OBJECTID_1":499,"efficiency":0,"stop_code":18318,"Muni_Heb":"נתיבות","stop_name":"הרדוף/אחת עשרה הנקודות"}},
{"type":"Feature","geometry":{"type":"Point","coordinates":[159699.9800790685,592725.415633883]},"properties":{"OBJECTID_1":500,"efficiency":0,"stop_code":18318,"Muni_Heb":"נתיבות","stop_name":"הרדוף/אחת עשרה הנקודות"}},
{"type":"Feature","geometry":{"type":"Point","coordinates":[161986.67819789634,593003.086968681]},"properties":{"OBJECTID_1":501,"efficiency":0,"stop_code":18162,"Muni_Heb":"נתיבות","stop_name":"אלפסי/ילדי אוסלו"}},
{"type":"Feature","geometry":{"type":"Point","coordinates":[161986.67819789634,593003.086968681]},"properties":{"OBJECTID_1":502,"efficiency":0,"stop_code":18162,"Muni_Heb":"נתיבות","stop_name":"אלפסי/ילדי אוסלו"}},
{"type":"Feature","geometry":{"type":"Point","coordinates":[159594.15392987966,591830.7430924214]},"properties":{"OBJECTID_1":503,"efficiency":0,"stop_code":18161,"Muni_Heb":"נתיבות","stop_name":"אחת עשרה הנקודות/חטיבת הראל"}},
{"type":"Feature","geometry":{"type":"Point","coordinates":[159594.15392987966,591830.7430924214]},"properties":{"OBJECTID_1":504,"efficiency":0,"stop_code":18161,"Muni_Heb":"נתיבות","stop_name":"אחת עשרה הנקודות/חטיבת הראל"}},
{"type":"Feature","geometry":{"type":"Point","coordinates":[159649.4648389687,592438.9583728263]},"properties":{"OBJECTID_1":505,"efficiency":0,"stop_code":18159,"Muni_Heb":"נתיבות","stop_name":"אחת עשרה הנקודות/ירושלים"}},
{"type":"Feature","geometry":{"type":"Point","coordinates":[159649.4648389687,592438.9583728263]},"properties":{"OBJECTID_1":506,"efficiency":0,"stop_code":18159,"Muni_Heb":"נתיבות","stop_name":"אחת עשרה הנקודות/ירושלים"}},
{"type":"Feature","geometry":{"type":"Point","coordinates":[160863.1194007422,592550.276229681]},"properties":{"OBJECTID_1":507,"efficiency":0,"stop_code":18047,"Muni_Heb":"נתיבות","stop_name":"אגוז/החיד''א"}},
{"type":"Feature","geometry":{"type":"Point","coordinates":[160863.1194007422,592550.276229681]},"properties":{"OBJECTID_1":508,"efficiency":0,"stop_code":18047,"Muni_Heb":"נתיבות","stop_name":"אגוז/החיד''א"}},
{"type":"Feature","geometry":{"type":"Point","coordinates":[159714.2588595344,591482.2117012915]},"properties":{"OBJECTID_1":509,"efficiency":0,"stop_code":18046,"Muni_Heb":"נתיבות","stop_name":"אלי סיני/קטיף"}},
{"type":"Feature","geometry":{"type":"Point","coordinates":[159714.2588595344,591482.2117012915]},"properties":{"OBJECTID_1":510,"efficiency":0,"stop_code":18046,"Muni_Heb":"נתיבות","stop_name":"אלי סיני/קטיף"}},
{"type":"Feature","geometry":{"type":"Point","coordinates":[160762.6380538495,592639.2153665748]},"properties":{"OBJECTID_1":511,"efficiency":0,"stop_code":18044,"Muni_Heb":"נתיבות","stop_name":"אגוז/החיד''א"}},
{"type":"Feature","geometry":{"type":"Point","coordinates":[160762.6380538495,592639.2153665748]},"properties":{"OBJECTID_1":512,"efficiency":0,"stop_code":18044,"Muni_Heb":"נתיבות","stop_name":"אגוז/החיד''א"}},
{"type":"Feature","geometry":{"type":"Point","coordinates":[159689.14833281643,591448.0922805943]},"properties":{"OBJECTID_1":513,"efficiency":0,"stop_code":18042,"Muni_Heb":"נתיבות","stop_name":"אלי סיני/קטיף"}},
{"type":"Feature","geometry":{"type":"Point","coordinates":[159689.14833281643,591448.0922805943]},"properties":{"OBJECTID_1":514,"efficiency":0,"stop_code":18042,"Muni_Heb":"נתיבות","stop_name":"אלי סיני/קטיף"}},
{"type":"Feature","geometry":{"type":"Point","coordinates":[159544.3217728836,592807.4754339976]},"properties":{"OBJECTID_1":515,"efficiency":0,"stop_code":18037,"Muni_Heb":"נתיבות","stop_name":"הרדוף/קיסוסית"}},
{"type":"Feature","geometry":{"type":"Point","coordinates":[159544.3217728836,592807.4754339976]},"properties":{"OBJECTID_1":516,"efficiency":0,"stop_code":18037,"Muni_Heb":"נתיבות","stop_name":"הרדוף/קיסוסית"}},
{"type":"Feature","geometry":{"type":"Point","coordinates":[159196.91058985147,591543.8427678059]},"properties":{"OBJECTID_1":517,"efficiency":0,"stop_code":11554,"Muni_Heb":"נתיבות","stop_name":"גני טל/כיכר"}},
{"type":"Feature","geometry":{"type":"Point","coordinates":[159196.91058985147,591543.8427678059]},"properties":{"OBJECTID_1":518,"efficiency":0,"stop_code":11554,"Muni_Heb":"נתיבות","stop_name":"גני טל/כיכר"}},
{"type":"Feature","geometry":{"type":"Point","coordinates":[159238.720560409,591686.6420679425]},"properties":{"OBJECTID_1":519,"efficiency":0,"stop_code":11553,"Muni_Heb":"נתיבות","stop_name":"גני טל/נווה דקלים"}},
{"type":"Feature","geometry":{"type":"Point","coordinates":[159238.720560409,591686.6420679425]},"properties":{"OBJECTID_1":520,"efficiency":0,"stop_code":11553,"Muni_Heb":"נתיבות","stop_name":"גני טל/נווה דקלים"}},
{"type":"Feature","geometry":{"type":"Point","coordinates":[160105.63650346265,592228.1138766244]},"properties":{"OBJECTID_1":521,"efficiency":0,"stop_code":11551,"Muni_Heb":"נתיבות","stop_name":"הרב חזני/שדרות ירושלים"}},
{"type":"Feature","geometry":{"type":"Point","coordinates":[160105.63650346265,592228.1138766244]},"properties":{"OBJECTID_1":522,"efficiency":0,"stop_code":11551,"Muni_Heb":"נתיבות","stop_name":"הרב חזני/שדרות ירושלים"}},
{"type":"Feature","geometry":{"type":"Point","coordinates":[160175.91404215724,592162.2929167642]},"properties":{"OBJECTID_1":523,"efficiency":0,"stop_code":11550,"Muni_Heb":"נתיבות","stop_name":"שדרות ירושלים/הרב חזני"}},
{"type":"Feature","geometry":{"type":"Point","coordinates":[160175.91404215724,592162.2929167642]},"properties":{"OBJECTID_1":524,"efficiency":0,"stop_code":11550,"Muni_Heb":"נתיבות","stop_name":"שדרות ירושלים/הרב חזני"}},
{"type":"Feature","geometry":{"type":"Point","coordinates":[160180.23512858376,592136.210599802]},"properties":{"OBJECTID_1":525,"efficiency":0,"stop_code":11549,"Muni_Heb":"נתיבות","stop_name":"שדרות ירושלים/הרב חזני"}},
{"type":"Feature","geometry":{"type":"Point","coordinates":[160180.23512858376,592136.210599802]},"properties":{"OBJECTID_1":526,"efficiency":0,"stop_code":11549,"Muni_Heb":"נתיבות","stop_name":"שדרות ירושלים/הרב חזני"}},
{"type":"Feature","geometry":{"type":"Point","coordinates":[160388.42971848306,592076.4835126314]},"properties":{"OBJECTID_1":527,"efficiency":0,"stop_code":11548,"Muni_Heb":"נתיבות","stop_name":"שדרות ירושלים/הרב צבאן"}},
{"type":"Feature","geometry":{"type":"Point","coordinates":[160388.42971848306,592076.4835126314]},"properties":{"OBJECTID_1":528,"efficiency":0,"stop_code":11548,"Muni_Heb":"נתיבות","stop_name":"שדרות ירושלים/הרב צבאן"}},
{"type":"Feature","geometry":{"type":"Point","coordinates":[160458.02522014204,592024.0853332088]},"properties":{"OBJECTID_1":529,"efficiency":0,"stop_code":11547,"Muni_Heb":"נתיבות","stop_name":"שדרות ירושלים/הרב צבאן"}},
{"type":"Feature","geometry":{"type":"Point","coordinates":[160458.02522014204,592024.0853332088]},"properties":{"OBJECTID_1":530,"efficiency":0,"stop_code":11547,"Muni_Heb":"נתיבות","stop_name":"שדרות ירושלים/הרב צבאן"}},
{"type":"Feature","geometry":{"type":"Point","coordinates":[159558.12413232264,592147.4131927604]},"properties":{"OBJECTID_1":531,"efficiency":0,"stop_code":11546,"Muni_Heb":"נתיבות","stop_name":"אחת עשרה הנקודות/ירושלים"}},
{"type":"Feature","geometry":{"type":"Point","coordinates":[159558.12413232264,592147.4131927604]},"properties":{"OBJECTID_1":532,"efficiency":0,"stop_code":11546,"Muni_Heb":"נתיבות","stop_name":"אחת עשרה הנקודות/ירושלים"}},
{"type":"Feature","geometry":{"type":"Point","coordinates":[159457.0427195302,591816.4500487135]},"properties":{"OBJECTID_1":533,"efficiency":0,"stop_code":11545,"Muni_Heb":"נתיבות","stop_name":"נווה דקלים/קטיף"}},
{"type":"Feature","geometry":{"type":"Point","coordinates":[159457.0427195302,591816.4500487135]},"properties":{"OBJECTID_1":534,"efficiency":0,"stop_code":11545,"Muni_Heb":"נתיבות","stop_name":"נווה דקלים/קטיף"}},
{"type":"Feature","geometry":{"type":"Point","coordinates":[161827.51236971514,593072.1584345525]},"properties":{"OBJECTID_1":535,"efficiency":0,"stop_code":11544,"Muni_Heb":"נתיבות","stop_name":"הרב משה חלפון הכהן/אלי כהן"}},
{"type":"Feature","geometry":{"type":"Point","coordinates":[161827.51236971514,593072.1584345525]},"properties":{"OBJECTID_1":536,"efficiency":0,"stop_code":11544,"Muni_Heb":"נתיבות","stop_name":"הרב משה חלפון הכהן/אלי כהן"}},
{"type":"Feature","geometry":{"type":"Point","coordinates":[159763.6569997211,592304.5783117675]},"properties":{"OBJECTID_1":537,"efficiency":0,"stop_code":12116,"Muni_Heb":"נתיבות","stop_name":"שדרות ירושלים/יובל"}},
{"type":"Feature","geometry":{"type":"Point","coordinates":[159763.6569997211,592304.5783117675]},"properties":{"OBJECTID_1":538,"efficiency":0,"stop_code":12116,"Muni_Heb":"נתיבות","stop_name":"שדרות ירושלים/יובל"}},
{"type":"Feature","geometry":{"type":"Point","coordinates":[159717.19533210812,592344.2080358705]},"properties":{"OBJECTID_1":539,"efficiency":0,"stop_code":12117,"Muni_Heb":"נתיבות","stop_name":"שדרות ירושלים/יובל"}},
{"type":"Feature","geometry":{"type":"Point","coordinates":[159717.19533210812,592344.2080358705]},"properties":{"OBJECTID_1":540,"efficiency":0,"stop_code":12117,"Muni_Heb":"נתיבות","stop_name":"שדרות ירושלים/יובל"}},
{"type":"Feature","geometry":{"type":"Point","coordinates":[160576.94493827998,591241.5715929731]},"properties":{"OBJECTID_1":541,"efficiency":0,"stop_code":12144,"Muni_Heb":"נתיבות","stop_name":"שוק עירוני חדש"}},
{"type":"Feature","geometry":{"type":"Point","coordinates":[160576.94493827998,591241.5715929731]},"properties":{"OBJECTID_1":542,"efficiency":0,"stop_code":12144,"Muni_Heb":"נתיבות","stop_name":"שוק עירוני חדש"}},
{"type":"Feature","geometry":{"type":"Point","coordinates":[161039.70946122456,591839.4077008704]},"properties":{"OBJECTID_1":543,"efficiency":0,"stop_code":18406,"Muni_Heb":"נתיבות","stop_name":"אצטדיון כדורגל/שדרות וייצמן"}},
{"type":"Feature","geometry":{"type":"Point","coordinates":[161039.70946122456,591839.4077008704]},"properties":{"OBJECTID_1":544,"efficiency":0,"stop_code":18406,"Muni_Heb":"נתיבות","stop_name":"אצטדיון כדורגל/שדרות וייצמן"}},
{"type":"Feature","geometry":{"type":"Point","coordinates":[161620.60725047207,592967.7417978761]},"properties":{"OBJECTID_1":545,"efficiency":0,"stop_code":18375,"Muni_Heb":"נתיבות","stop_name":"הרב משה חלפון הכהן/הרב אבוחצירא"}},
{"type":"Feature","geometry":{"type":"Point","coordinates":[161620.60725047207,592967.7417978761]},"properties":{"OBJECTID_1":546,"efficiency":0,"stop_code":18375,"Muni_Heb":"נתיבות","stop_name":"הרב משה חלפון הכהן/הרב אבוחצירא"}},
{"type":"Feature","geometry":{"type":"Point","coordinates":[160553.80585476343,593190.7097886982]},"properties":{"OBJECTID_1":547,"efficiency":0,"stop_code":12355,"Muni_Heb":"נתיבות","stop_name":"דרכי רפאל/קהילת יעקב"}},
{"type":"Feature","geometry":{"type":"Point","coordinates":[160553.80585476343,593190.7097886982]},"properties":{"OBJECTID_1":548,"efficiency":0,"stop_code":12355,"Muni_Heb":"נתיבות","stop_name":"דרכי רפאל/קהילת יעקב"}},
{"type":"Feature","geometry":{"type":"Point","coordinates":[160161.68370292918,594175.8092768783]},"properties":{"OBJECTID_1":549,"efficiency":0,"stop_code":12382,"Muni_Heb":"נתיבות","stop_name":"אריאל שרון/אהוד מנור"}},
{"type":"Feature","geometry":{"type":"Point","coordinates":[160161.68370292918,594175.8092768783]},"properties":{"OBJECTID_1":550,"efficiency":0,"stop_code":12382,"Muni_Heb":"נתיבות","stop_name":"אריאל שרון/אהוד מנור"}},
{"type":"Feature","geometry":{"type":"Point","coordinates":[160374.52769847412,593987.4286513344]},"properties":{"OBJECTID_1":551,"efficiency":0,"stop_code":12381,"Muni_Heb":"נתיבות","stop_name":"אריאל שרון/נעמי שמר"}},
{"type":"Feature","geometry":{"type":"Point","coordinates":[160374.52769847412,593987.4286513344]},"properties":{"OBJECTID_1":552,"efficiency":0,"stop_code":12381,"Muni_Heb":"נתיבות","stop_name":"אריאל שרון/נעמי שמר"}},
{"type":"Feature","geometry":{"type":"Point","coordinates":[160340.63714454937,594063.4655769153]},"properties":{"OBJECTID_1":553,"efficiency":0,"stop_code":12380,"Muni_Heb":"נתיבות","stop_name":"אריאל שרון/נעמי שמר"}},
{"type":"Feature","geometry":{"type":"Point","coordinates":[160340.63714454937,594063.4655769153]},"properties":{"OBJECTID_1":554,"efficiency":0,"stop_code":12380,"Muni_Heb":"נתיבות","stop_name":"אריאל שרון/נעמי שמר"}},
{"type":"Feature","geometry":{"type":"Point","coordinates":[160847.9484818625,592981.1457086224]},"properties":{"OBJECTID_1":555,"efficiency":0,"stop_code":44305,"Muni_Heb":"נתיבות","stop_name":"תחנת מוניות נתיבות באבא סאלי"}},
{"type":"Feature","geometry":{"type":"Point","coordinates":[160847.9484818625,592981.1457086224]},"properties":{"OBJECTID_1":556,"efficiency":0,"stop_code":44305,"Muni_Heb":"נתיבות","stop_name":"תחנת מוניות נתיבות באבא סאלי"}},
{"type":"Feature","geometry":{"type":"Point","coordinates":[159716.83214454225,591965.0971843544]},"properties":{"OBJECTID_1":557,"efficiency":0,"stop_code":18464,"Muni_Heb":"נתיבות","stop_name":"יובל/נחל המעיינות"}},
{"type":"Feature","geometry":{"type":"Point","coordinates":[159716.83214454225,591965.0971843544]},"properties":{"OBJECTID_1":558,"efficiency":0,"stop_code":18464,"Muni_Heb":"נתיבות","stop_name":"יובל/נחל המעיינות"}},
{"type":"Feature","geometry":{"type":"Point","coordinates":[159342.40619660853,591840.9496974462]},"properties":{"OBJECTID_1":559,"efficiency":0,"stop_code":12549,"Muni_Heb":"נתיבות","stop_name":"נווה דקלים/קטיף"}},
{"type":"Feature","geometry":{"type":"Point","coordinates":[159342.40619660853,591840.9496974462]},"properties":{"OBJECTID_1":560,"efficiency":0,"stop_code":12549,"Muni_Heb":"נתיבות","stop_name":"נווה דקלים/קטיף"}},
{"type":"Feature","geometry":{"type":"Point","coordinates":[159287.07688130965,591794.0318084928]},"properties":{"OBJECTID_1":561,"efficiency":0,"stop_code":12548,"Muni_Heb":"נתיבות","stop_name":"גני טל/נווה דקלים"}},
{"type":"Feature","geometry":{"type":"Point","coordinates":[159287.07688130965,591794.0318084928]},"properties":{"OBJECTID_1":562,"efficiency":0,"stop_code":12548,"Muni_Heb":"נתיבות","stop_name":"גני טל/נווה דקלים"}},
{"type":"Feature","geometry":{"type":"Point","coordinates":[159218.37288955462,591555.2508442336]},"properties":{"OBJECTID_1":563,"efficiency":0,"stop_code":12547,"Muni_Heb":"נתיבות","stop_name":"גני טל/אליהו אילוז"}},
{"type":"Feature","geometry":{"type":"Point","coordinates":[159218.37288955462,591555.2508442336]},"properties":{"OBJECTID_1":564,"efficiency":0,"stop_code":12547,"Muni_Heb":"נתיבות","stop_name":"גני טל/אליהו אילוז"}},
{"type":"Feature","geometry":{"type":"Point","coordinates":[160559.66063451447,593756.1860223934]},"properties":{"OBJECTID_1":565,"efficiency":0,"stop_code":12546,"Muni_Heb":"נתיבות","stop_name":"יצחק שמיר/אחת עשרה נקודות"}},
{"type":"Feature","geometry":{"type":"Point","coordinates":[160559.66063451447,593756.1860223934]},"properties":{"OBJECTID_1":566,"efficiency":0,"stop_code":12546,"Muni_Heb":"נתיבות","stop_name":"יצחק שמיר/אחת עשרה נקודות"}},
{"type":"Feature","geometry":{"type":"Point","coordinates":[160700.30830732785,593592.9475121836]},"properties":{"OBJECTID_1":567,"efficiency":0,"stop_code":12545,"Muni_Heb":"נתיבות","stop_name":"אחת עשרה נקודות/יצחק שמיר"}},
{"type":"Feature","geometry":{"type":"Point","coordinates":[160700.30830732785,593592.9475121836]},"properties":{"OBJECTID_1":568,"efficiency":0,"stop_code":12545,"Muni_Heb":"נתיבות","stop_name":"אחת עשרה נקודות/יצחק שמיר"}},
{"type":"Feature","geometry":{"type":"Point","coordinates":[159421.3672557738,591218.43538109]},"properties":{"OBJECTID_1":569,"efficiency":0,"stop_code":18518,"Muni_Heb":"נתיבות","stop_name":"ת.רכבת נתיבות/רציפים"}},
{"type":"Feature","geometry":{"type":"Point","coordinates":[159421.3672557738,591218.43538109]},"properties":{"OBJECTID_1":570,"efficiency":0,"stop_code":18518,"Muni_Heb":"נתיבות","stop_name":"ת.רכבת נתיבות/רציפים"}},
{"type":"Feature","geometry":{"type":"Point","coordinates":[160759.91597699106,592019.943847365]},"properties":{"OBJECTID_1":571,"efficiency":0,"stop_code":18034,"Muni_Heb":"נתיבות","stop_name":"שדרות ירושלים/שדרות וייצמן"}},
{"type":"Feature","geometry":{"type":"Point","coordinates":[160759.91597699106,592019.943847365]},"properties":{"OBJECTID_1":572,"efficiency":0,"stop_code":18034,"Muni_Heb":"נתיבות","stop_name":"שדרות ירושלים/שדרות וייצמן"}},
{"type":"Feature","geometry":{"type":"Point","coordinates":[159978.30030041136,593810.7131277882]},"properties":{"OBJECTID_1":573,"efficiency":0,"stop_code":11694,"Muni_Heb":"נתיבות","stop_name":"יצחק שמיר/ביאליק"}},
{"type":"Feature","geometry":{"type":"Point","coordinates":[159978.30030041136,593810.7131277882]},"properties":{"OBJECTID_1":574,"efficiency":0,"stop_code":11694,"Muni_Heb":"נתיבות","stop_name":"יצחק שמיר/ביאליק"}},
{"type":"Feature","geometry":{"type":"Point","coordinates":[159000.3399028595,594283.2702062929]},"properties":{"OBJECTID_1":575,"efficiency":0,"stop_code":11692,"Muni_Heb":"נתיבות","stop_name":"אריאל שרון/שדרות ירושלים"}},
{"type":"Feature","geometry":{"type":"Point","coordinates":[159000.3399028595,594283.2702062929]},"properties":{"OBJECTID_1":576,"efficiency":0,"stop_code":11692,"Muni_Heb":"נתיבות","stop_name":"אריאל שרון/שדרות ירושלים"}},
{"type":"Feature","geometry":{"type":"Point","coordinates":[159969.52659092544,594239.442225628]},"properties":{"OBJECTID_1":577,"efficiency":0,"stop_code":11360,"Muni_Heb":"נתיבות","stop_name":"אריאל שרון/חיים נחמן ביאליק"}},
{"type":"Feature","geometry":{"type":"Point","coordinates":[159969.52659092544,594239.442225628]},"properties":{"OBJECTID_1":578,"efficiency":0,"stop_code":11360,"Muni_Heb":"נתיבות","stop_name":"אריאל שרון/חיים נחמן ביאליק"}},
{"type":"Feature","geometry":{"type":"Point","coordinates":[160413.93610133242,593794.3777399758]},"properties":{"OBJECTID_1":579,"efficiency":0,"stop_code":11697,"Muni_Heb":"נתיבות","stop_name":"יצחק שמיר/אריאל שרון"}},
{"type":"Feature","geometry":{"type":"Point","coordinates":[160413.93610133242,593794.3777399758]},"properties":{"OBJECTID_1":580,"efficiency":0,"stop_code":11697,"Muni_Heb":"נתיבות","stop_name":"יצחק שמיר/אריאל שרון"}},
{"type":"Feature","geometry":{"type":"Point","coordinates":[160331.0789205441,593836.4286579982]},"properties":{"OBJECTID_1":581,"efficiency":0,"stop_code":11695,"Muni_Heb":"נתיבות","stop_name":"יצחק שמיר/אריאל שרון"}},
{"type":"Feature","geometry":{"type":"Point","coordinates":[160331.0789205441,593836.4286579982]},"properties":{"OBJECTID_1":582,"efficiency":0,"stop_code":11695,"Muni_Heb":"נתיבות","stop_name":"יצחק שמיר/אריאל שרון"}},
{"type":"Feature","geometry":{"type":"Point","coordinates":[160502.45737474467,592937.4078184034]},"properties":{"OBJECTID_1":583,"efficiency":0,"stop_code":11703,"Muni_Heb":"נתיבות","stop_name":"אור לציון/הרב מזוז"}},
{"type":"Feature","geometry":{"type":"Point","coordinates":[160502.45737474467,592937.4078184034]},"properties":{"OBJECTID_1":584,"efficiency":0,"stop_code":11703,"Muni_Heb":"נתיבות","stop_name":"אור לציון/הרב מזוז"}},
{"type":"Feature","geometry":{"type":"Point","coordinates":[160363.12707019728,593065.7126995953]},"properties":{"OBJECTID_1":585,"efficiency":0,"stop_code":11704,"Muni_Heb":"נתיבות","stop_name":"אור לציון/קהילות יעקב"}},
{"type":"Feature","geometry":{"type":"Point","coordinates":[160363.12707019728,593065.7126995953]},"properties":{"OBJECTID_1":586,"efficiency":0,"stop_code":11704,"Muni_Heb":"נתיבות","stop_name":"אור לציון/קהילות יעקב"}},
{"type":"Feature","geometry":{"type":"Point","coordinates":[158999.79336403322,594303.7871022245]},"properties":{"OBJECTID_1":587,"efficiency":0,"stop_code":11691,"Muni_Heb":"נתיבות","stop_name":"מאגר מים/אריאל שרון"}},
{"type":"Feature","geometry":{"type":"Point","coordinates":[158999.79336403322,594303.7871022245]},"properties":{"OBJECTID_1":588,"efficiency":0,"stop_code":11691,"Muni_Heb":"נתיבות","stop_name":"מאגר מים/אריאל שרון"}},
{"type":"Feature","geometry":{"type":"Point","coordinates":[159909.05431322748,594271.500269401]},"properties":{"OBJECTID_1":589,"efficiency":0,"stop_code":11166,"Muni_Heb":"נתיבות","stop_name":"אריאל שרון/אריק איינשטיין"}},
{"type":"Feature","geometry":{"type":"Point","coordinates":[159909.05431322748,594271.500269401]},"properties":{"OBJECTID_1":590,"efficiency":0,"stop_code":11166,"Muni_Heb":"נתיבות","stop_name":"אריאל שרון/אריק איינשטיין"}},
{"type":"Feature","geometry":{"type":"Point","coordinates":[159922.84839513365,594223.0759427351]},"properties":{"OBJECTID_1":591,"efficiency":1,"stop_code":11399,"Muni_Heb":"נתיבות","stop_name":"חיים נחמן ביאליק/אריאל שרון"}},
{"type":"Feature","geometry":{"type":"Point","coordinates":[159922.84839513365,594223.0759427351]},"properties":{"OBJECTID_1":592,"efficiency":1,"stop_code":11399,"Muni_Heb":"נתיבות","stop_name":"חיים נחמן ביאליק/אריאל שרון"}},
{"type":"Feature","geometry":{"type":"Point","coordinates":[159465.61068631784,594298.7687432623]},"properties":{"OBJECTID_1":593,"efficiency":0,"stop_code":11501,"Muni_Heb":"נתיבות","stop_name":"אריאל שרון/יהושוע אזולאי"}},
{"type":"Feature","geometry":{"type":"Point","coordinates":[159465.61068631784,594298.7687432623]},"properties":{"OBJECTID_1":594,"efficiency":0,"stop_code":11501,"Muni_Heb":"נתיבות","stop_name":"אריאל שרון/יהושוע אזולאי"}},
{"type":"Feature","geometry":{"type":"Point","coordinates":[159929.69265970073,593873.0856490984]},"properties":{"OBJECTID_1":595,"efficiency":1,"stop_code":11693,"Muni_Heb":"נתיבות","stop_name":"ביאליק/יצחק שמיר"}},
{"type":"Feature","geometry":{"type":"Point","coordinates":[159929.69265970073,593873.0856490984]},"properties":{"OBJECTID_1":596,"efficiency":1,"stop_code":11693,"Muni_Heb":"נתיבות","stop_name":"ביאליק/יצחק שמיר"}},
{"type":"Feature","geometry":{"type":"Point","coordinates":[159421.3672557738,591218.43538109]},"properties":{"OBJECTID_1":597,"efficiency":0,"stop_code":18518,"Muni_Heb":"נתיבות","stop_name":"ת.רכבת נתיבות/רציפים"}},
{"type":"Feature","geometry":{"type":"Point","coordinates":[159421.3672557738,591218.43538109]},"properties":{"OBJECTID_1":598,"efficiency":0,"stop_code":18518,"Muni_Heb":"נתיבות","stop_name":"ת.רכבת נתיבות/רציפים"}},
{"type":"Feature","geometry":{"type":"Point","coordinates":[159421.3672557738,591218.43538109]},"properties":{"OBJECTID_1":599,"efficiency":0,"stop_code":18518,"Muni_Heb":"נתיבות","stop_name":"ת.רכבת נתיבות/רציפים"}},
{"type":"Feature","geometry":{"type":"Point","coordinates":[159421.3672557738,591218.43538109]},"properties":{"OBJECTID_1":600,"efficiency":0,"stop_code":18518,"Muni_Heb":"נתיבות","stop_name":"ת.רכבת נתיבות/רציפים"}},
{"type":"Feature","geometry":{"type":"Point","coordinates":[159421.3672557738,591218.43538109]},"properties":{"OBJECTID_1":601,"efficiency":1,"stop_code":18518,"Muni_Heb":"נתיבות","stop_name":"ת.רכבת נתיבות/רציפים"}},
{"type":"Feature","geometry":{"type":"Point","coordinates":[159421.3672557738,591218.43538109]},"properties":{"OBJECTID_1":602,"efficiency":1,"stop_code":18518,"Muni_Heb":"נתיבות","stop_name":"ת.רכבת נתיבות/רציפים"}},
{"type":"Feature","geometry":{"type":"Point","coordinates":[159535.75790163182,594279.6260540982]},"properties":{"OBJECTID_1":603,"efficiency":0,"stop_code":12831,"Muni_Heb":"נתיבות","stop_name":"אריאל שרון"}},
{"type":"Feature","geometry":{"type":"Point","coordinates":[159535.75790163182,594279.6260540982]},"properties":{"OBJECTID_1":604,"efficiency":0,"stop_code":12831,"Muni_Heb":"נתיבות","stop_name":"אריאל שרון"}},
{"type":"Feature","geometry":{"type":"Point","coordinates":[159421.3672557738,591218.43538109]},"properties":{"OBJECTID_1":605,"efficiency":0,"stop_code":18518,"Muni_Heb":"נתיבות","stop_name":"ת.רכבת נתיבות/רציפים"}},
{"type":"Feature","geometry":{"type":"Point","coordinates":[159421.3672557738,591218.43538109]},"properties":{"OBJECTID_1":606,"efficiency":0,"stop_code":18518,"Muni_Heb":"נתיבות","stop_name":"ת.רכבת נתיבות/רציפים"}},
{"type":"Feature","geometry":{"type":"Point","coordinates":[159421.3672557738,591218.43538109]},"properties":{"OBJECTID_1":607,"efficiency":0,"stop_code":18518,"Muni_Heb":"נתיבות","stop_name":"ת.רכבת נתיבות/רציפים"}},
{"type":"Feature","geometry":{"type":"Point","coordinates":[159421.3672557738,591218.43538109]},"properties":{"OBJECTID_1":608,"efficiency":0,"stop_code":18518,"Muni_Heb":"נתיבות","stop_name":"ת.רכבת נתיבות/רציפים"}},
{"type":"Feature","geometry":{"type":"Point","coordinates":[160789.72285690525,592924.1459138897]},"properties":{"OBJECTID_1":609,"efficiency":0,"stop_code":12833,"Muni_Heb":"נתיבות","stop_name":"הרב גרשונוביץ/דרכי רפאל"}},
{"type":"Feature","geometry":{"type":"Point","coordinates":[160789.72285690525,592924.1459138897]},"properties":{"OBJECTID_1":610,"efficiency":0,"stop_code":12833,"Muni_Heb":"נתיבות","stop_name":"הרב גרשונוביץ/דרכי רפאל"}},
{"type":"Feature","geometry":{"type":"Point","coordinates":[160038.47849872638,592875.0613972165]},"properties":{"OBJECTID_1":611,"efficiency":0,"stop_code":12912,"Muni_Heb":"נתיבות","stop_name":"שדרות ויצמן/אחת עשרה הנקודות"}},
{"type":"Feature","geometry":{"type":"Point","coordinates":[160038.47849872638,592875.0613972165]},"properties":{"OBJECTID_1":612,"efficiency":0,"stop_code":12912,"Muni_Heb":"נתיבות","stop_name":"שדרות ויצמן/אחת עשרה הנקודות"}},
{"type":"Feature","geometry":{"type":"Point","coordinates":[159421.3672557738,591218.43538109]},"properties":{"OBJECTID_1":613,"efficiency":0,"stop_code":18518,"Muni_Heb":"נתיבות","stop_name":"ת.רכבת נתיבות/רציפים"}},
{"type":"Feature","geometry":{"type":"Point","coordinates":[159421.3672557738,591218.43538109]},"properties":{"OBJECTID_1":614,"efficiency":0,"stop_code":18518,"Muni_Heb":"נתיבות","stop_name":"ת.רכבת נתיבות/רציפים"}},
{"type":"Feature","geometry":{"type":"Point","coordinates":[160126.84050041408,592813.3505973852]},"properties":{"OBJECTID_1":615,"efficiency":0,"stop_code":12913,"Muni_Heb":"נתיבות","stop_name":"שדרות ויצמן/הרב מזוז"}},
{"type":"Feature","geometry":{"type":"Point","coordinates":[160126.84050041408,592813.3505973852]},"properties":{"OBJECTID_1":616,"efficiency":0,"stop_code":12913,"Muni_Heb":"נתיבות","stop_name":"שדרות ויצמן/הרב מזוז"}},
{"type":"Feature","geometry":{"type":"Point","coordinates":[159268.4365766349,594282.7176431789]},"properties":{"OBJECTID_1":617,"efficiency":1,"stop_code":13461,"Muni_Heb":"נתיבות","stop_name":"אריאל שרון/יהדות מקסיקו"}},
{"type":"Feature","geometry":{"type":"Point","coordinates":[159268.4365766349,594282.7176431789]},"properties":{"OBJECTID_1":618,"efficiency":1,"stop_code":13461,"Muni_Heb":"נתיבות","stop_name":"אריאל שרון/יהדות מקסיקו"}},
{"type":"Feature","geometry":{"type":"Point","coordinates":[163429.63690375694,591426.5719732454]},"properties":{"OBJECTID_1":619,"efficiency":0,"stop_code":19992,"Muni_Heb":"נתיבות","stop_name":"פארק תעשיות נ.ע.מ ג"}},
{"type":"Feature","geometry":{"type":"Point","coordinates":[163429.63690375694,591426.5719732454]},"properties":{"OBJECTID_1":620,"efficiency":0,"stop_code":19992,"Muni_Heb":"נתיבות","stop_name":"פארק תעשיות נ.ע.מ ג"}},
{"type":"Feature","geometry":{"type":"Point","coordinates":[163304.15971331613,591453.4145362396]},"properties":{"OBJECTID_1":621,"efficiency":0,"stop_code":19991,"Muni_Heb":"נתיבות","stop_name":"פארק תעשיות נ.ע.מ ב"}},
{"type":"Feature","geometry":{"type":"Point","coordinates":[163304.15971331613,591453.4145362396]},"properties":{"OBJECTID_1":622,"efficiency":0,"stop_code":19991,"Muni_Heb":"נתיבות","stop_name":"פארק תעשיות נ.ע.מ ב"}},
{"type":"Feature","geometry":{"type":"Point","coordinates":[163322.25211788778,591846.9529393946]},"properties":{"OBJECTID_1":623,"efficiency":0,"stop_code":19990,"Muni_Heb":"נתיבות","stop_name":"פארק תעשיות נ.ע.מ א"}},
{"type":"Feature","geometry":{"type":"Point","coordinates":[163322.25211788778,591846.9529393946]},"properties":{"OBJECTID_1":624,"efficiency":0,"stop_code":19990,"Muni_Heb":"נתיבות","stop_name":"פארק תעשיות נ.ע.מ א"}},
{"type":"Feature","geometry":{"type":"Point","coordinates":[163513.0635703653,591804.3472870848]},"properties":{"OBJECTID_1":625,"efficiency":0,"stop_code":18234,"Muni_Heb":"נתיבות","stop_name":"פארק תעשיות נ.ע.מ"}},
{"type":"Feature","geometry":{"type":"Point","coordinates":[163513.0635703653,591804.3472870848]},"properties":{"OBJECTID_1":626,"efficiency":0,"stop_code":18234,"Muni_Heb":"נתיבות","stop_name":"פארק תעשיות נ.ע.מ"}},
{"type":"Feature","geometry":{"type":"Point","coordinates":[163173.97821499247,591683.5331668488]},"properties":{"OBJECTID_1":627,"efficiency":0,"stop_code":18232,"Muni_Heb":"נתיבות","stop_name":"פארק תעשיות נ.ע.מ"}},
{"type":"Feature","geometry":{"type":"Point","coordinates":[163173.97821499247,591683.5331668488]},"properties":{"OBJECTID_1":628,"efficiency":0,"stop_code":18232,"Muni_Heb":"נתיבות","stop_name":"פארק תעשיות נ.ע.מ"}},
{"type":"Feature","geometry":{"type":"Point","coordinates":[174635.2908849259,588122.2991041406]},"properties":{"OBJECTID_1":629,"efficiency":0,"stop_code":10886,"Muni_Heb":"רהט","stop_name":"חממות"}},
{"type":"Feature","geometry":{"type":"Point","coordinates":[174812.89794150856,588214.0130745401]},"properties":{"OBJECTID_1":630,"efficiency":0,"stop_code":10887,"Muni_Heb":"רהט","stop_name":"שכונה 18"}},
{"type":"Feature","geometry":{"type":"Point","coordinates":[174805.36176545918,588231.2317844476]},"properties":{"OBJECTID_1":631,"efficiency":0,"stop_code":10888,"Muni_Heb":"רהט","stop_name":"שכונה 18"}},
{"type":"Feature","geometry":{"type":"Point","coordinates":[174830.5963762211,588282.1289879133]},"properties":{"OBJECTID_1":632,"efficiency":0,"stop_code":10889,"Muni_Heb":"רהט","stop_name":"שכונה 18"}},
{"type":"Feature","geometry":{"type":"Point","coordinates":[174823.99607819546,588273.50849246]},"properties":{"OBJECTID_1":633,"efficiency":0,"stop_code":10890,"Muni_Heb":"רהט","stop_name":"שכונה 18"}},
{"type":"Feature","geometry":{"type":"Point","coordinates":[174860.60617005583,588783.181327395]},"properties":{"OBJECTID_1":634,"efficiency":0,"stop_code":10891,"Muni_Heb":"רהט","stop_name":"שכונה 18"}},
{"type":"Feature","geometry":{"type":"Point","coordinates":[174874.42443744166,588789.3316744688]},"properties":{"OBJECTID_1":635,"efficiency":0,"stop_code":10892,"Muni_Heb":"רהט","stop_name":"שכונה 18"}},
{"type":"Feature","geometry":{"type":"Point","coordinates":[175052.79500338217,588258.2299593138]},"properties":{"OBJECTID_1":636,"efficiency":0,"stop_code":10893,"Muni_Heb":"רהט","stop_name":"תיכון אלנג'אח"}},
{"type":"Feature","geometry":{"type":"Point","coordinates":[174967.62182668468,588271.4545179686]},"properties":{"OBJECTID_1":637,"efficiency":0,"stop_code":10894,"Muni_Heb":"רהט","stop_name":"תיכון אלנג'אח"}},
{"type":"Feature","geometry":{"type":"Point","coordinates":[175071.52508835366,588659.0945771299]},"properties":{"OBJECTID_1":638,"efficiency":0,"stop_code":10895,"Muni_Heb":"רהט","stop_name":"בית ספר ח'מיס"}},
{"type":"Feature","geometry":{"type":"Point","coordinates":[175101.6201914556,588623.152343977]},"properties":{"OBJECTID_1":639,"efficiency":0,"stop_code":10896,"Muni_Heb":"רהט","stop_name":"בית ספר ח'מיס"}},
{"type":"Feature","geometry":{"type":"Point","coordinates":[175301.2889269487,588851.4965649861]},"properties":{"OBJECTID_1":640,"efficiency":0,"stop_code":10897,"Muni_Heb":"רהט","stop_name":"שכונה 17"}},
{"type":"Feature","geometry":{"type":"Point","coordinates":[175329.4478951105,588672.41634681]},"properties":{"OBJECTID_1":641,"efficiency":0,"stop_code":10898,"Muni_Heb":"רהט","stop_name":"'בית ספר א'סלאם א"}},
{"type":"Feature","geometry":{"type":"Point","coordinates":[175292.5309609272,588917.2857757702]},"properties":{"OBJECTID_1":642,"efficiency":0,"stop_code":10899,"Muni_Heb":"רהט","stop_name":"עכא/טבריה"}},
{"type":"Feature","geometry":{"type":"Point","coordinates":[175454.4998022671,588981.6891187755]},"properties":{"OBJECTID_1":643,"efficiency":0,"stop_code":10900,"Muni_Heb":"רהט","stop_name":"בית ספר סלאח א דין"}},
{"type":"Feature","geometry":{"type":"Point","coordinates":[175483.76081581658,588340.7871919369]},"properties":{"OBJECTID_1":644,"efficiency":0,"stop_code":10901,"Muni_Heb":"רהט","stop_name":"שכונה 34"}},
{"type":"Feature","geometry":{"type":"Point","coordinates":[175509.68851758476,588896.4113062513]},"properties":{"OBJECTID_1":645,"efficiency":0,"stop_code":10902,"Muni_Heb":"רהט","stop_name":"שכונה 17"}},
{"type":"Feature","geometry":{"type":"Point","coordinates":[175542.39391390444,589006.0455637099]},"properties":{"OBJECTID_1":646,"efficiency":0,"stop_code":10903,"Muni_Heb":"רהט","stop_name":"תיכון מקיף אל עזי"}},
{"type":"Feature","geometry":{"type":"Point","coordinates":[175531.11262373993,588698.2885794402]},"properties":{"OBJECTID_1":647,"efficiency":0,"stop_code":10904,"Muni_Heb":"רהט","stop_name":"שלוחת המחלקה לשירותים חברתיים/אלסלאם"}},
{"type":"Feature","geometry":{"type":"Point","coordinates":[175559.59688500682,588482.3953192172]},"properties":{"OBJECTID_1":648,"efficiency":0,"stop_code":10905,"Muni_Heb":"רהט","stop_name":"שכונה 34"}},
{"type":"Feature","geometry":{"type":"Point","coordinates":[175683.8102815048,588706.1853692798]},"properties":{"OBJECTID_1":649,"efficiency":0,"stop_code":10906,"Muni_Heb":"רהט","stop_name":"גן ילדים/יצחק רבין"}},
{"type":"Feature","geometry":{"type":"Point","coordinates":[175905.5622435738,588896.3054951739]},"properties":{"OBJECTID_1":650,"efficiency":0,"stop_code":10907,"Muni_Heb":"רהט","stop_name":"שכונה 22"}},
{"type":"Feature","geometry":{"type":"Point","coordinates":[176039.57276598242,591089.8541644742]},"properties":{"OBJECTID_1":651,"efficiency":0,"stop_code":10908,"Muni_Heb":"רהט","stop_name":"צומת שובל"}},
{"type":"Feature","geometry":{"type":"Point","coordinates":[176054.2864689117,589001.6881717008]},"properties":{"OBJECTID_1":652,"efficiency":0,"stop_code":10909,"Muni_Heb":"רהט","stop_name":"מסגד אלתקווה"}},
{"type":"Feature","geometry":{"type":"Point","coordinates":[176074.68679641228,588760.7710351144]},"properties":{"OBJECTID_1":653,"efficiency":0,"stop_code":10910,"Muni_Heb":"רהט","stop_name":"שכונה 21"}},
{"type":"Feature","geometry":{"type":"Point","coordinates":[176121.11719964817,588970.2532732225]},"properties":{"OBJECTID_1":654,"efficiency":0,"stop_code":10911,"Muni_Heb":"רהט","stop_name":"מסגד אלתקווה"}},
{"type":"Feature","geometry":{"type":"Point","coordinates":[176120.28600657778,588884.546109777]},"properties":{"OBJECTID_1":655,"efficiency":0,"stop_code":10912,"Muni_Heb":"רהט","stop_name":"מועדון פיס לנוער"}},
{"type":"Feature","geometry":{"type":"Point","coordinates":[176139.5166387259,588567.5700116073]},"properties":{"OBJECTID_1":656,"efficiency":0,"stop_code":10913,"Muni_Heb":"רהט","stop_name":"שכונה 21"}},
{"type":"Feature","geometry":{"type":"Point","coordinates":[176218.1313319822,588716.6002111377]},"properties":{"OBJECTID_1":657,"efficiency":0,"stop_code":10914,"Muni_Heb":"רהט","stop_name":"שכונה 21"}},
{"type":"Feature","geometry":{"type":"Point","coordinates":[176223.49915272585,588726.5572435479]},"properties":{"OBJECTID_1":658,"efficiency":0,"stop_code":10915,"Muni_Heb":"רהט","stop_name":"שכונה 21"}},
{"type":"Feature","geometry":{"type":"Point","coordinates":[176434.18358354416,588841.6682397911]},"properties":{"OBJECTID_1":659,"efficiency":0,"stop_code":10916,"Muni_Heb":"רהט","stop_name":"מגרש כדורגל"}},
{"type":"Feature","geometry":{"type":"Point","coordinates":[176863.01270367348,588385.7448996928]},"properties":{"OBJECTID_1":660,"efficiency":0,"stop_code":10922,"Muni_Heb":"רהט","stop_name":"שכונה 31"}},
{"type":"Feature","geometry":{"type":"Point","coordinates":[176881.11155758757,588392.1021673988]},"properties":{"OBJECTID_1":661,"efficiency":0,"stop_code":10923,"Muni_Heb":"רהט","stop_name":"שכונה 31"}},
{"type":"Feature","geometry":{"type":"Point","coordinates":[176984.51162622162,588697.1564333678]},"properties":{"OBJECTID_1":662,"efficiency":0,"stop_code":10924,"Muni_Heb":"רהט","stop_name":"שכונה 27"}},
{"type":"Feature","geometry":{"type":"Point","coordinates":[177029.71236376488,588397.5959751188]},"properties":{"OBJECTID_1":663,"efficiency":0,"stop_code":10927,"Muni_Heb":"רהט","stop_name":"שכונה 31"}},
{"type":"Feature","geometry":{"type":"Point","coordinates":[177111.2221293081,588442.3934795662]},"properties":{"OBJECTID_1":664,"efficiency":0,"stop_code":10929,"Muni_Heb":"רהט","stop_name":"מרכז פיס"}},
{"type":"Feature","geometry":{"type":"Point","coordinates":[177736.8900070361,588219.8896237934]},"properties":{"OBJECTID_1":665,"efficiency":0,"stop_code":10940,"Muni_Heb":"רהט","stop_name":"מסוף"}},
{"type":"Feature","geometry":{"type":"Point","coordinates":[177759.96415817662,588281.2251261859]},"properties":{"OBJECTID_1":666,"efficiency":0,"stop_code":10942,"Muni_Heb":"רהט","stop_name":"שכונה 29"}},
{"type":"Feature","geometry":{"type":"Point","coordinates":[178084.2688558226,588602.3749718071]},"properties":{"OBJECTID_1":667,"efficiency":0,"stop_code":10960,"Muni_Heb":"רהט","stop_name":"אלכרם/אבן תנבל"}},
{"type":"Feature","geometry":{"type":"Point","coordinates":[173520.94475824427,588128.5803479291]},"properties":{"OBJECTID_1":668,"efficiency":0,"stop_code":15502,"Muni_Heb":"רהט","stop_name":"צומת רהט דרום"}},
{"type":"Feature","geometry":{"type":"Point","coordinates":[179573.87068694638,592372.6055573182]},"properties":{"OBJECTID_1":669,"efficiency":0,"stop_code":15636,"Muni_Heb":"רהט","stop_name":"צומת דבירה"}},
{"type":"Feature","geometry":{"type":"Point","coordinates":[177536.44749382648,589162.8413498928]},"properties":{"OBJECTID_1":670,"efficiency":0,"stop_code":16119,"Muni_Heb":"רהט","stop_name":"מסגד אלאחסאן"}},
{"type":"Feature","geometry":{"type":"Point","coordinates":[176047.4714572192,591136.9456173338]},"properties":{"OBJECTID_1":671,"efficiency":0,"stop_code":16120,"Muni_Heb":"רהט","stop_name":"צומת שובל"}},
{"type":"Feature","geometry":{"type":"Point","coordinates":[173725.02630107035,587985.8686135279]},"properties":{"OBJECTID_1":672,"efficiency":0,"stop_code":16122,"Muni_Heb":"רהט","stop_name":"מסוף תפוז/אלסאלם"}},
{"type":"Feature","geometry":{"type":"Point","coordinates":[174611.93517310746,588132.7112210626]},"properties":{"OBJECTID_1":673,"efficiency":0,"stop_code":16123,"Muni_Heb":"רהט","stop_name":"חממות"}},
{"type":"Feature","geometry":{"type":"Point","coordinates":[174619.50812172444,588257.0867589446]},"properties":{"OBJECTID_1":674,"efficiency":0,"stop_code":16125,"Muni_Heb":"רהט","stop_name":"שכונה 18"}},
{"type":"Feature","geometry":{"type":"Point","coordinates":[174597.62143766115,588277.2500792193]},"properties":{"OBJECTID_1":675,"efficiency":0,"stop_code":16126,"Muni_Heb":"רהט","stop_name":"שכונה 18"}},
{"type":"Feature","geometry":{"type":"Point","coordinates":[174674.6609410097,588607.8982906854]},"properties":{"OBJECTID_1":676,"efficiency":0,"stop_code":16127,"Muni_Heb":"רהט","stop_name":"אלתייסיר/אלתלאוה"}},
{"type":"Feature","geometry":{"type":"Point","coordinates":[174709.62422388548,588687.2499497335]},"properties":{"OBJECTID_1":677,"efficiency":0,"stop_code":16128,"Muni_Heb":"רהט","stop_name":"אלתייסיר/אלתלאוה"}},
{"type":"Feature","geometry":{"type":"Point","coordinates":[175182.1861475165,588488.5341902368]},"properties":{"OBJECTID_1":678,"efficiency":0,"stop_code":16139,"Muni_Heb":"רהט","stop_name":"מסגד אלסלאם"}},
{"type":"Feature","geometry":{"type":"Point","coordinates":[175323.1366850047,588461.8808122389]},"properties":{"OBJECTID_1":679,"efficiency":0,"stop_code":16140,"Muni_Heb":"רהט","stop_name":"מסגד אלסלאם"}},
{"type":"Feature","geometry":{"type":"Point","coordinates":[175411.65254939732,588339.3168592012]},"properties":{"OBJECTID_1":680,"efficiency":0,"stop_code":16141,"Muni_Heb":"רהט","stop_name":"שכונה 34"}},
{"type":"Feature","geometry":{"type":"Point","coordinates":[175390.74518005812,588546.8624801566]},"properties":{"OBJECTID_1":681,"efficiency":0,"stop_code":16142,"Muni_Heb":"רהט","stop_name":"מסגד אל סלאם"}},
{"type":"Feature","geometry":{"type":"Point","coordinates":[175305.8739007283,588631.0465889607]},"properties":{"OBJECTID_1":682,"efficiency":0,"stop_code":16144,"Muni_Heb":"רהט","stop_name":"'בית ספר א'סלאם א"}},
{"type":"Feature","geometry":{"type":"Point","coordinates":[175555.08388321238,588879.6992365083]},"properties":{"OBJECTID_1":683,"efficiency":0,"stop_code":16150,"Muni_Heb":"רהט","stop_name":"שכונה 17"}},
{"type":"Feature","geometry":{"type":"Point","coordinates":[175569.28453589868,588478.9172670539]},"properties":{"OBJECTID_1":684,"efficiency":0,"stop_code":16154,"Muni_Heb":"רהט","stop_name":"שכונה 34"}},
{"type":"Feature","geometry":{"type":"Point","coordinates":[175739.94424967715,588550.495772194]},"properties":{"OBJECTID_1":685,"efficiency":0,"stop_code":16155,"Muni_Heb":"רהט","stop_name":"נג'יב מחפוז/אלנקב"}},
{"type":"Feature","geometry":{"type":"Point","coordinates":[175749.53299657675,588546.1312933594]},"properties":{"OBJECTID_1":686,"efficiency":0,"stop_code":16156,"Muni_Heb":"רהט","stop_name":"נג'יב מחפוז/אלנקב"}},
{"type":"Feature","geometry":{"type":"Point","coordinates":[175739.32575515937,588607.2692002819]},"properties":{"OBJECTID_1":687,"efficiency":0,"stop_code":16157,"Muni_Heb":"רהט","stop_name":"שכונה 34"}},
{"type":"Feature","geometry":{"type":"Point","coordinates":[175699.89924903435,588777.6358876259]},"properties":{"OBJECTID_1":688,"efficiency":0,"stop_code":16159,"Muni_Heb":"רהט","stop_name":"גן שיקומי"}},
{"type":"Feature","geometry":{"type":"Point","coordinates":[175825.17713955767,588870.6949167125]},"properties":{"OBJECTID_1":689,"efficiency":0,"stop_code":16160,"Muni_Heb":"רהט","stop_name":"כביש ראשי 2"}},
{"type":"Feature","geometry":{"type":"Point","coordinates":[176169.94380752143,588427.1801346849]},"properties":{"OBJECTID_1":690,"efficiency":0,"stop_code":16164,"Muni_Heb":"רהט","stop_name":"בית ספר אבן סינא"}},
{"type":"Feature","geometry":{"type":"Point","coordinates":[176129.26049746608,588571.6042545086]},"properties":{"OBJECTID_1":691,"efficiency":0,"stop_code":16165,"Muni_Heb":"רהט","stop_name":"שכונה 21"}},
{"type":"Feature","geometry":{"type":"Point","coordinates":[176084.53386078824,588818.6097641839]},"properties":{"OBJECTID_1":692,"efficiency":0,"stop_code":16169,"Muni_Heb":"רהט","stop_name":"מועדון פיס לנוער"}},
{"type":"Feature","geometry":{"type":"Point","coordinates":[176411.49815963642,588830.11926375]},"properties":{"OBJECTID_1":693,"efficiency":0,"stop_code":16178,"Muni_Heb":"רהט","stop_name":"מגרש כדורגל"}},
{"type":"Feature","geometry":{"type":"Point","coordinates":[177041.32771376625,588400.2099260851]},"properties":{"OBJECTID_1":694,"efficiency":0,"stop_code":16183,"Muni_Heb":"רהט","stop_name":"שכונה 31"}},
{"type":"Feature","geometry":{"type":"Point","coordinates":[176933.08188710286,588587.4833013008]},"properties":{"OBJECTID_1":695,"efficiency":0,"stop_code":16185,"Muni_Heb":"רהט","stop_name":"בית ספר אל רחמה"}},
{"type":"Feature","geometry":{"type":"Point","coordinates":[176860.3522428599,588619.7131510536]},"properties":{"OBJECTID_1":696,"efficiency":0,"stop_code":16186,"Muni_Heb":"רהט","stop_name":"בית ספר אל רחמה"}},
{"type":"Feature","geometry":{"type":"Point","coordinates":[176954.7632194169,588702.9323302304]},"properties":{"OBJECTID_1":697,"efficiency":0,"stop_code":16187,"Muni_Heb":"רהט","stop_name":"שכונה 27"}},
{"type":"Feature","geometry":{"type":"Point","coordinates":[177036.29816258923,588918.3739830684]},"properties":{"OBJECTID_1":698,"efficiency":0,"stop_code":16189,"Muni_Heb":"רהט","stop_name":"שכונה 24"}},
{"type":"Feature","geometry":{"type":"Point","coordinates":[177031.1230437517,588838.5611073695]},"properties":{"OBJECTID_1":699,"efficiency":0,"stop_code":16190,"Muni_Heb":"רהט","stop_name":"שכונה 24"}},
{"type":"Feature","geometry":{"type":"Point","coordinates":[177101.63490886858,589010.2503497441]},"properties":{"OBJECTID_1":700,"efficiency":0,"stop_code":16191,"Muni_Heb":"רהט","stop_name":"שכונה 24"}},
{"type":"Feature","geometry":{"type":"Point","coordinates":[177241.37601374602,588237.8470734777]},"properties":{"OBJECTID_1":701,"efficiency":0,"stop_code":16192,"Muni_Heb":"רהט","stop_name":"שכונה 30"}},
{"type":"Feature","geometry":{"type":"Point","coordinates":[177180.06026530595,588482.2533048367]},"properties":{"OBJECTID_1":702,"efficiency":0,"stop_code":16193,"Muni_Heb":"רהט","stop_name":"מסגד אל רחמה"}},
{"type":"Feature","geometry":{"type":"Point","coordinates":[177303.0225306237,588404.6946118759]},"properties":{"OBJECTID_1":703,"efficiency":0,"stop_code":16194,"Muni_Heb":"רהט","stop_name":"שכונה 30"}},
{"type":"Feature","geometry":{"type":"Point","coordinates":[177472.1187116867,588563.3484803507]},"properties":{"OBJECTID_1":704,"efficiency":0,"stop_code":16197,"Muni_Heb":"רהט","stop_name":"שכונה 26"}},
{"type":"Feature","geometry":{"type":"Point","coordinates":[177821.97137724,588373.6735646313]},"properties":{"OBJECTID_1":705,"efficiency":0,"stop_code":16200,"Muni_Heb":"רהט","stop_name":"שכונה 29"}},
{"type":"Feature","geometry":{"type":"Point","coordinates":[177553.15972143033,588586.9731394012]},"properties":{"OBJECTID_1":706,"efficiency":0,"stop_code":16202,"Muni_Heb":"רהט","stop_name":"אלימן"}},
{"type":"Feature","geometry":{"type":"Point","coordinates":[177541.11349246316,588761.325165657]},"properties":{"OBJECTID_1":707,"efficiency":0,"stop_code":16203,"Muni_Heb":"רהט","stop_name":"בית ספר א זהרא"}},
{"type":"Feature","geometry":{"type":"Point","coordinates":[177539.18917962554,588803.2455890203]},"properties":{"OBJECTID_1":708,"efficiency":0,"stop_code":16204,"Muni_Heb":"רהט","stop_name":"בית ספר א זהרא"}},
{"type":"Feature","geometry":{"type":"Point","coordinates":[177692.30154339064,588915.730032576]},"properties":{"OBJECTID_1":709,"efficiency":0,"stop_code":16205,"Muni_Heb":"רהט","stop_name":"מסגד אל אנסאר"}},
{"type":"Feature","geometry":{"type":"Point","coordinates":[177680.7747663288,588887.5017484778]},"properties":{"OBJECTID_1":710,"efficiency":0,"stop_code":16206,"Muni_Heb":"רהט","stop_name":"מסגד אל אנסאר"}},
{"type":"Feature","geometry":{"type":"Point","coordinates":[177759.67015969177,588660.3255514241]},"properties":{"OBJECTID_1":711,"efficiency":0,"stop_code":16207,"Muni_Heb":"רהט","stop_name":"בית ספר אל נור"}},
{"type":"Feature","geometry":{"type":"Point","coordinates":[177751.32249047185,588666.0137814224]},"properties":{"OBJECTID_1":712,"efficiency":0,"stop_code":16208,"Muni_Heb":"רהט","stop_name":"בית ספר אל נור"}},
{"type":"Feature","geometry":{"type":"Point","coordinates":[177973.44556587696,588504.0203522317]},"properties":{"OBJECTID_1":713,"efficiency":0,"stop_code":16209,"Muni_Heb":"רהט","stop_name":"שכונה 29"}},
{"type":"Feature","geometry":{"type":"Point","coordinates":[177952.36933338214,588825.3238694117]},"properties":{"OBJECTID_1":714,"efficiency":0,"stop_code":16212,"Muni_Heb":"רהט","stop_name":"מסגד אל אח'א"}},
{"type":"Feature","geometry":{"type":"Point","coordinates":[178017.77338422515,588792.2436501274]},"properties":{"OBJECTID_1":715,"efficiency":0,"stop_code":16213,"Muni_Heb":"רהט","stop_name":"מסגד אל אח'א"}},
{"type":"Feature","geometry":{"type":"Point","coordinates":[177925.46269115363,588899.9422924869]},"properties":{"OBJECTID_1":716,"efficiency":0,"stop_code":16214,"Muni_Heb":"רהט","stop_name":"מסגד אל אח'א"}},
{"type":"Feature","geometry":{"type":"Point","coordinates":[178111.6806129343,588775.0176867213]},"properties":{"OBJECTID_1":717,"efficiency":0,"stop_code":16215,"Muni_Heb":"רהט","stop_name":"בית ספר אל אח'א"}},
{"type":"Feature","geometry":{"type":"Point","coordinates":[178193.2406874434,588978.9364044586]},"properties":{"OBJECTID_1":718,"efficiency":0,"stop_code":16216,"Muni_Heb":"רהט","stop_name":"גן ילדים"}},
{"type":"Feature","geometry":{"type":"Point","coordinates":[175234.12256245766,589072.8767377863]},"properties":{"OBJECTID_1":719,"efficiency":0,"stop_code":16217,"Muni_Heb":"רהט","stop_name":"שכונה 17"}},
{"type":"Feature","geometry":{"type":"Point","coordinates":[175241.9831396705,589064.8600669012]},"properties":{"OBJECTID_1":720,"efficiency":0,"stop_code":16218,"Muni_Heb":"רהט","stop_name":"שכונה 17"}},
{"type":"Feature","geometry":{"type":"Point","coordinates":[175340.81401310815,589178.9818038009]},"properties":{"OBJECTID_1":721,"efficiency":0,"stop_code":16219,"Muni_Heb":"רהט","stop_name":"שכונה 17"}},
{"type":"Feature","geometry":{"type":"Point","coordinates":[175421.00999575818,589069.7585985427]},"properties":{"OBJECTID_1":722,"efficiency":0,"stop_code":16220,"Muni_Heb":"רהט","stop_name":"בית ספר סלאח א דין"}},
{"type":"Feature","geometry":{"type":"Point","coordinates":[175376.76942941296,589134.4777115328]},"properties":{"OBJECTID_1":723,"efficiency":0,"stop_code":16221,"Muni_Heb":"רהט","stop_name":"שכונה 17"}},
{"type":"Feature","geometry":{"type":"Point","coordinates":[175536.03247248015,588986.1137927374]},"properties":{"OBJECTID_1":724,"efficiency":0,"stop_code":16222,"Muni_Heb":"רהט","stop_name":"בית ספר סלאח א דין"}},
{"type":"Feature","geometry":{"type":"Point","coordinates":[175435.2685081638,589428.7299840467]},"properties":{"OBJECTID_1":725,"efficiency":0,"stop_code":16223,"Muni_Heb":"רהט","stop_name":"שכונה 14"}},
{"type":"Feature","geometry":{"type":"Point","coordinates":[175537.9298337972,589414.659409533]},"properties":{"OBJECTID_1":726,"efficiency":0,"stop_code":16224,"Muni_Heb":"רהט","stop_name":"שכונה 14"}},
{"type":"Feature","geometry":{"type":"Point","coordinates":[175428.78270214534,589537.1986528106]},"properties":{"OBJECTID_1":727,"efficiency":0,"stop_code":16225,"Muni_Heb":"רהט","stop_name":"שכונה 14"}},
{"type":"Feature","geometry":{"type":"Point","coordinates":[175433.10869612108,589570.6663580188]},"properties":{"OBJECTID_1":728,"efficiency":0,"stop_code":16226,"Muni_Heb":"רהט","stop_name":"שכונה 14"}},
{"type":"Feature","geometry":{"type":"Point","coordinates":[175586.68514742889,589224.7377124378]},"properties":{"OBJECTID_1":729,"efficiency":0,"stop_code":16227,"Muni_Heb":"רהט","stop_name":"אשכול פיס"}},
{"type":"Feature","geometry":{"type":"Point","coordinates":[175592.82952921253,589260.9699294688]},"properties":{"OBJECTID_1":730,"efficiency":0,"stop_code":16228,"Muni_Heb":"רהט","stop_name":"אשכול פיס"}},
{"type":"Feature","geometry":{"type":"Point","coordinates":[175700.12746089586,589399.67498166]},"properties":{"OBJECTID_1":731,"efficiency":0,"stop_code":16229,"Muni_Heb":"רהט","stop_name":"קופת חולים"}},
{"type":"Feature","geometry":{"type":"Point","coordinates":[175840.9893927402,589377.2422224303]},"properties":{"OBJECTID_1":732,"efficiency":0,"stop_code":16230,"Muni_Heb":"רהט","stop_name":"שכונה 13"}},
{"type":"Feature","geometry":{"type":"Point","coordinates":[175862.5407808344,589390.6796393811]},"properties":{"OBJECTID_1":733,"efficiency":0,"stop_code":16231,"Muni_Heb":"רהט","stop_name":"שכונה 13"}},
{"type":"Feature","geometry":{"type":"Point","coordinates":[175638.7838747313,589717.8269878495]},"properties":{"OBJECTID_1":734,"efficiency":0,"stop_code":16232,"Muni_Heb":"רהט","stop_name":"שכונה 14"}},
{"type":"Feature","geometry":{"type":"Point","coordinates":[175702.3608458141,589705.6961415133]},"properties":{"OBJECTID_1":735,"efficiency":0,"stop_code":16233,"Muni_Heb":"רהט","stop_name":"שכונה 14"}},
{"type":"Feature","geometry":{"type":"Point","coordinates":[175843.82857382845,589647.1138036794]},"properties":{"OBJECTID_1":736,"efficiency":0,"stop_code":16234,"Muni_Heb":"רהט","stop_name":"בי''ס אלהודא צפון"}},
{"type":"Feature","geometry":{"type":"Point","coordinates":[175968.04033601994,589738.1830857134]},"properties":{"OBJECTID_1":737,"efficiency":0,"stop_code":16235,"Muni_Heb":"רהט","stop_name":"שכונה 12"}},
{"type":"Feature","geometry":{"type":"Point","coordinates":[176087.6452856442,589865.531042123]},"properties":{"OBJECTID_1":738,"efficiency":0,"stop_code":16236,"Muni_Heb":"רהט","stop_name":"מסגד אלראשדין"}},
{"type":"Feature","geometry":{"type":"Point","coordinates":[175926.70944356036,589634.0166218152]},"properties":{"OBJECTID_1":739,"efficiency":0,"stop_code":16237,"Muni_Heb":"רהט","stop_name":"בית ספר אלהודא"}},
{"type":"Feature","geometry":{"type":"Point","coordinates":[175926.00598843524,589670.6101985339]},"properties":{"OBJECTID_1":740,"efficiency":0,"stop_code":16238,"Muni_Heb":"רהט","stop_name":"בית ספר אלביאן"}},
{"type":"Feature","geometry":{"type":"Point","coordinates":[176055.46448338695,589376.6812675688]},"properties":{"OBJECTID_1":741,"efficiency":0,"stop_code":16239,"Muni_Heb":"רהט","stop_name":"שכונה 13"}},
{"type":"Feature","geometry":{"type":"Point","coordinates":[176170.7005517626,589045.8899292113]},"properties":{"OBJECTID_1":742,"efficiency":0,"stop_code":16240,"Muni_Heb":"רהט","stop_name":"מסגד אלתקוה"}},
{"type":"Feature","geometry":{"type":"Point","coordinates":[176193.63673437672,589301.7070606652]},"properties":{"OBJECTID_1":743,"efficiency":0,"stop_code":16241,"Muni_Heb":"רהט","stop_name":"שכונה 13"}},
{"type":"Feature","geometry":{"type":"Point","coordinates":[176328.52713537324,589260.6777533519]},"properties":{"OBJECTID_1":744,"efficiency":0,"stop_code":16242,"Muni_Heb":"רהט","stop_name":"שכונה 13"}},
{"type":"Feature","geometry":{"type":"Point","coordinates":[176059.8091802344,589827.0602327861]},"properties":{"OBJECTID_1":745,"efficiency":0,"stop_code":16244,"Muni_Heb":"רהט","stop_name":"שכונה 12"}},
{"type":"Feature","geometry":{"type":"Point","coordinates":[176187.65713298466,589901.4848806822]},"properties":{"OBJECTID_1":746,"efficiency":0,"stop_code":16246,"Muni_Heb":"רהט","stop_name":"בית ספר אל הודא"}},
{"type":"Feature","geometry":{"type":"Point","coordinates":[176210.7897548608,589929.6635940402]},"properties":{"OBJECTID_1":747,"efficiency":0,"stop_code":16247,"Muni_Heb":"רהט","stop_name":"בית ספר אל הודא"}},
{"type":"Feature","geometry":{"type":"Point","coordinates":[176343.35402005294,589165.9246133803]},"properties":{"OBJECTID_1":748,"efficiency":0,"stop_code":16248,"Muni_Heb":"רהט","stop_name":"בית ספר עומר בן אל ח'טאב"}},
{"type":"Feature","geometry":{"type":"Point","coordinates":[176371.43503642085,589217.4789945921]},"properties":{"OBJECTID_1":749,"efficiency":0,"stop_code":16249,"Muni_Heb":"רהט","stop_name":"שכונה 13"}},
{"type":"Feature","geometry":{"type":"Point","coordinates":[176461.4265487811,589174.7517830672]},"properties":{"OBJECTID_1":750,"efficiency":0,"stop_code":16251,"Muni_Heb":"רהט","stop_name":"שכונה 20/כניסה"}},
{"type":"Feature","geometry":{"type":"Point","coordinates":[176488.7380646593,589247.487801692]},"properties":{"OBJECTID_1":751,"efficiency":0,"stop_code":16252,"Muni_Heb":"רהט","stop_name":"כביש ראשי 2"}},
{"type":"Feature","geometry":{"type":"Point","coordinates":[176565.44371355668,589350.956603906]},"properties":{"OBJECTID_1":752,"efficiency":0,"stop_code":16253,"Muni_Heb":"רהט","stop_name":"כביש ראשי 2"}},
{"type":"Feature","geometry":{"type":"Point","coordinates":[176721.87737761106,589484.1480478295]},"properties":{"OBJECTID_1":753,"efficiency":0,"stop_code":16254,"Muni_Heb":"רהט","stop_name":"כביש ראשי 2"}},
{"type":"Feature","geometry":{"type":"Point","coordinates":[177163.5532680149,589244.7330890065]},"properties":{"OBJECTID_1":754,"efficiency":0,"stop_code":16255,"Muni_Heb":"רהט","stop_name":"שוק עירוני"}},
{"type":"Feature","geometry":{"type":"Point","coordinates":[176756.1867548423,589547.6530114887]},"properties":{"OBJECTID_1":755,"efficiency":0,"stop_code":16257,"Muni_Heb":"רהט","stop_name":"גן ציבורי מרכז העיר"}},
{"type":"Feature","geometry":{"type":"Point","coordinates":[176894.23830713215,589489.0989787073]},"properties":{"OBJECTID_1":756,"efficiency":0,"stop_code":16258,"Muni_Heb":"רהט","stop_name":"גן ציבורי מרכז העיר"}},
{"type":"Feature","geometry":{"type":"Point","coordinates":[176884.3905043329,589546.4643260371]},"properties":{"OBJECTID_1":757,"efficiency":0,"stop_code":16259,"Muni_Heb":"רהט","stop_name":"מתנ''ס מרכז העיר"}},
{"type":"Feature","geometry":{"type":"Point","coordinates":[176749.81506889913,589896.6200932573]},"properties":{"OBJECTID_1":758,"efficiency":0,"stop_code":16260,"Muni_Heb":"רהט","stop_name":"גן ילדים"}},
{"type":"Feature","geometry":{"type":"Point","coordinates":[176755.5608754242,589906.243146581]},"properties":{"OBJECTID_1":759,"efficiency":0,"stop_code":16261,"Muni_Heb":"רהט","stop_name":"גן ילדים"}},
{"type":"Feature","geometry":{"type":"Point","coordinates":[176877.3173896322,589771.136978821]},"properties":{"OBJECTID_1":760,"efficiency":0,"stop_code":16262,"Muni_Heb":"רהט","stop_name":"בית ספר אבן ח'לדון"}},
{"type":"Feature","geometry":{"type":"Point","coordinates":[176857.19518356444,589851.0529886164]},"properties":{"OBJECTID_1":761,"efficiency":0,"stop_code":16263,"Muni_Heb":"רהט","stop_name":"מרכז חינוכי טיפולי"}},
{"type":"Feature","geometry":{"type":"Point","coordinates":[177005.37410853629,589640.8853884806]},"properties":{"OBJECTID_1":762,"efficiency":0,"stop_code":16264,"Muni_Heb":"רהט","stop_name":"מגן דוד אדום"}},
{"type":"Feature","geometry":{"type":"Point","coordinates":[176978.9526592491,589645.5389818059]},"properties":{"OBJECTID_1":763,"efficiency":0,"stop_code":16265,"Muni_Heb":"רהט","stop_name":"מגן דוד אדום"}},
{"type":"Feature","geometry":{"type":"Point","coordinates":[177085.66764205653,589505.5068613796]},"properties":{"OBJECTID_1":764,"efficiency":0,"stop_code":16266,"Muni_Heb":"רהט","stop_name":"עיריית רהט"}},
{"type":"Feature","geometry":{"type":"Point","coordinates":[177103.38426198263,589488.470324866]},"properties":{"OBJECTID_1":765,"efficiency":0,"stop_code":16267,"Muni_Heb":"רהט","stop_name":"עיריית רהט"}},
{"type":"Feature","geometry":{"type":"Point","coordinates":[176625.32361635126,590059.7918323663]},"properties":{"OBJECTID_1":766,"efficiency":0,"stop_code":16268,"Muni_Heb":"רהט","stop_name":"שכונה 10"}},
{"type":"Feature","geometry":{"type":"Point","coordinates":[176623.33088224777,590107.256858553]},"properties":{"OBJECTID_1":767,"efficiency":0,"stop_code":16269,"Muni_Heb":"רהט","stop_name":"שכונה 9"}},
{"type":"Feature","geometry":{"type":"Point","coordinates":[176556.879498949,590206.435225025]},"properties":{"OBJECTID_1":768,"efficiency":0,"stop_code":16270,"Muni_Heb":"רהט","stop_name":"גן אלמוסתקבל"}},
{"type":"Feature","geometry":{"type":"Point","coordinates":[176560.54812283834,590219.7258589447]},"properties":{"OBJECTID_1":769,"efficiency":0,"stop_code":16271,"Muni_Heb":"רהט","stop_name":"גן אלמוסתקבל"}},
{"type":"Feature","geometry":{"type":"Point","coordinates":[176517.20043365,590501.9844273059]},"properties":{"OBJECTID_1":770,"efficiency":0,"stop_code":16272,"Muni_Heb":"רהט","stop_name":"צאלח אלדין/עומר אלמוכתאר"}},
{"type":"Feature","geometry":{"type":"Point","coordinates":[176478.64580405192,590469.5441454194]},"properties":{"OBJECTID_1":771,"efficiency":0,"stop_code":16273,"Muni_Heb":"רהט","stop_name":"צאלח אלדין/עומר אלמוכתאר"}},
{"type":"Feature","geometry":{"type":"Point","coordinates":[176423.5390910605,590689.8693985732]},"properties":{"OBJECTID_1":772,"efficiency":0,"stop_code":16274,"Muni_Heb":"רהט","stop_name":"בית ספר אל הוזייל"}},
{"type":"Feature","geometry":{"type":"Point","coordinates":[176365.12850967614,590754.3103147335]},"properties":{"OBJECTID_1":773,"efficiency":0,"stop_code":16275,"Muni_Heb":"רהט","stop_name":"בית ספר אל הוזייל"}},
{"type":"Feature","geometry":{"type":"Point","coordinates":[176864.95672067115,589958.4645892617]},"properties":{"OBJECTID_1":774,"efficiency":0,"stop_code":16276,"Muni_Heb":"רהט","stop_name":"בית ספר טכנולוגי עמל"}},
{"type":"Feature","geometry":{"type":"Point","coordinates":[176758.81351788423,590329.461025807]},"properties":{"OBJECTID_1":775,"efficiency":0,"stop_code":16277,"Muni_Heb":"רהט","stop_name":"משטרת רהט"}},
{"type":"Feature","geometry":{"type":"Point","coordinates":[176762.227756055,590257.3746788331]},"properties":{"OBJECTID_1":776,"efficiency":0,"stop_code":16278,"Muni_Heb":"רהט","stop_name":"משטרת רהט"}},
{"type":"Feature","geometry":{"type":"Point","coordinates":[177137.24727880713,589090.3833355729]},"properties":{"OBJECTID_1":777,"efficiency":0,"stop_code":16279,"Muni_Heb":"רהט","stop_name":"תחנת קמח"}},
{"type":"Feature","geometry":{"type":"Point","coordinates":[177252.59306796608,589177.6228972441]},"properties":{"OBJECTID_1":778,"efficiency":0,"stop_code":16280,"Muni_Heb":"רהט","stop_name":"שכונה 24"}},
{"type":"Feature","geometry":{"type":"Point","coordinates":[177279.93520345827,589400.6036797831]},"properties":{"OBJECTID_1":779,"efficiency":0,"stop_code":16281,"Muni_Heb":"רהט","stop_name":"שוק עירוני"}},
{"type":"Feature","geometry":{"type":"Point","coordinates":[177269.64765795413,589396.7644647737]},"properties":{"OBJECTID_1":780,"efficiency":0,"stop_code":16282,"Muni_Heb":"רהט","stop_name":"שוק עירוני"}},
{"type":"Feature","geometry":{"type":"Point","coordinates":[177488.36373078314,589102.7155682043]},"properties":{"OBJECTID_1":781,"efficiency":0,"stop_code":16283,"Muni_Heb":"רהט","stop_name":"שכונה 25"}},
{"type":"Feature","geometry":{"type":"Point","coordinates":[177488.81540762726,589120.4546190822]},"properties":{"OBJECTID_1":782,"efficiency":0,"stop_code":16284,"Muni_Heb":"רהט","stop_name":"שכונה 25"}},
{"type":"Feature","geometry":{"type":"Point","coordinates":[177504.07169563088,589177.274932164]},"properties":{"OBJECTID_1":783,"efficiency":0,"stop_code":16285,"Muni_Heb":"רהט","stop_name":"מסגד אלחסאן"}},
{"type":"Feature","geometry":{"type":"Point","coordinates":[177351.08300846658,589613.98309965]},"properties":{"OBJECTID_1":784,"efficiency":0,"stop_code":16286,"Muni_Heb":"רהט","stop_name":"שכונה 7"}},
{"type":"Feature","geometry":{"type":"Point","coordinates":[177603.3996344631,589303.2798544684]},"properties":{"OBJECTID_1":785,"efficiency":0,"stop_code":16287,"Muni_Heb":"רהט","stop_name":"מסגד אלחסאן"}},
{"type":"Feature","geometry":{"type":"Point","coordinates":[177595.6885566088,589325.26512157]},"properties":{"OBJECTID_1":786,"efficiency":0,"stop_code":16288,"Muni_Heb":"רהט","stop_name":"שכונה 7"}},
{"type":"Feature","geometry":{"type":"Point","coordinates":[177792.942535187,589180.1100835308]},"properties":{"OBJECTID_1":787,"efficiency":0,"stop_code":16289,"Muni_Heb":"רהט","stop_name":"בית ספר אל חיכמה"}},
{"type":"Feature","geometry":{"type":"Point","coordinates":[177887.03067060933,589137.6006708072]},"properties":{"OBJECTID_1":788,"efficiency":0,"stop_code":16290,"Muni_Heb":"רהט","stop_name":"שכונה 8"}},
{"type":"Feature","geometry":{"type":"Point","coordinates":[177609.65454059112,589487.5379047621]},"properties":{"OBJECTID_1":789,"efficiency":0,"stop_code":16291,"Muni_Heb":"רהט","stop_name":"מסגד בילאל"}},
{"type":"Feature","geometry":{"type":"Point","coordinates":[177618.9339075755,589477.1888426027]},"properties":{"OBJECTID_1":790,"efficiency":0,"stop_code":16292,"Muni_Heb":"רהט","stop_name":"מסגד בילאל"}},
{"type":"Feature","geometry":{"type":"Point","coordinates":[177630.9411637562,589672.9554482435]},"properties":{"OBJECTID_1":791,"efficiency":0,"stop_code":16293,"Muni_Heb":"רהט","stop_name":"שכונה 7"}},
{"type":"Feature","geometry":{"type":"Point","coordinates":[178090.9162050328,589127.9206203816]},"properties":{"OBJECTID_1":792,"efficiency":0,"stop_code":16294,"Muni_Heb":"רהט","stop_name":"בית ספר תיכון"}},
{"type":"Feature","geometry":{"type":"Point","coordinates":[178158.12339024336,589166.3518183136]},"properties":{"OBJECTID_1":793,"efficiency":0,"stop_code":16295,"Muni_Heb":"רהט","stop_name":"קופת חולים כללית"}},
{"type":"Feature","geometry":{"type":"Point","coordinates":[178283.77770452842,589168.7384774504]},"properties":{"OBJECTID_1":794,"efficiency":0,"stop_code":16296,"Muni_Heb":"רהט","stop_name":"ככר הזיתים"}},
{"type":"Feature","geometry":{"type":"Point","coordinates":[178178.3244187949,589392.2458451553]},"properties":{"OBJECTID_1":795,"efficiency":0,"stop_code":16297,"Muni_Heb":"רהט","stop_name":"התחנה לבריאות המשפחה"}},
{"type":"Feature","geometry":{"type":"Point","coordinates":[178213.76893819412,589239.6454678127]},"properties":{"OBJECTID_1":796,"efficiency":0,"stop_code":16298,"Muni_Heb":"רהט","stop_name":"התחנה לבריאות המשפחה"}},
{"type":"Feature","geometry":{"type":"Point","coordinates":[177957.46071501382,589651.6941084609]},"properties":{"OBJECTID_1":797,"efficiency":0,"stop_code":16299,"Muni_Heb":"רהט","stop_name":"מחסן עירייה"}},
{"type":"Feature","geometry":{"type":"Point","coordinates":[177908.12825230643,589730.7261702513]},"properties":{"OBJECTID_1":798,"efficiency":0,"stop_code":16301,"Muni_Heb":"רהט","stop_name":"שכונה 4"}},
{"type":"Feature","geometry":{"type":"Point","coordinates":[177910.95653245138,589748.3448683461]},"properties":{"OBJECTID_1":799,"efficiency":0,"stop_code":16302,"Muni_Heb":"רהט","stop_name":"שכונה 4"}},
{"type":"Feature","geometry":{"type":"Point","coordinates":[178170.52737288433,589561.1472127105]},"properties":{"OBJECTID_1":800,"efficiency":0,"stop_code":16303,"Muni_Heb":"רהט","stop_name":"שכונה 4"}},
{"type":"Feature","geometry":{"type":"Point","coordinates":[178169.44441360811,589575.898574371]},"properties":{"OBJECTID_1":801,"efficiency":0,"stop_code":16304,"Muni_Heb":"רהט","stop_name":"שכונה 4"}},
{"type":"Feature","geometry":{"type":"Point","coordinates":[178180.7456718702,589764.1286663499]},"properties":{"OBJECTID_1":802,"efficiency":0,"stop_code":16305,"Muni_Heb":"רהט","stop_name":"שכונה 4"}},
{"type":"Feature","geometry":{"type":"Point","coordinates":[178229.77314465534,589800.0818762423]},"properties":{"OBJECTID_1":803,"efficiency":0,"stop_code":16306,"Muni_Heb":"רהט","stop_name":"שכונה 4"}},
{"type":"Feature","geometry":{"type":"Point","coordinates":[178576.00149077014,589177.7914359352]},"properties":{"OBJECTID_1":804,"efficiency":0,"stop_code":16307,"Muni_Heb":"רהט","stop_name":"אזור תעשיה רהט"}},
{"type":"Feature","geometry":{"type":"Point","coordinates":[178564.78915874113,589156.3245360599]},"properties":{"OBJECTID_1":805,"efficiency":0,"stop_code":16308,"Muni_Heb":"רהט","stop_name":"אזור תעשיה רהט"}},
{"type":"Feature","geometry":{"type":"Point","coordinates":[178661.75303547346,589240.4359382219]},"properties":{"OBJECTID_1":806,"efficiency":0,"stop_code":16309,"Muni_Heb":"רהט","stop_name":"מכון רישוי"}},
{"type":"Feature","geometry":{"type":"Point","coordinates":[178673.64641591307,589265.8919579983]},"properties":{"OBJECTID_1":807,"efficiency":0,"stop_code":16310,"Muni_Heb":"רהט","stop_name":"מכון רישוי"}},
{"type":"Feature","geometry":{"type":"Point","coordinates":[178304.39770875452,589501.630474698]},"properties":{"OBJECTID_1":808,"efficiency":0,"stop_code":16311,"Muni_Heb":"רהט","stop_name":"אלזומר/יאסין"}},
{"type":"Feature","geometry":{"type":"Point","coordinates":[178320.8710955461,589482.3833085126]},"properties":{"OBJECTID_1":809,"efficiency":0,"stop_code":16312,"Muni_Heb":"רהט","stop_name":"אלזומר/יאסין"}},
{"type":"Feature","geometry":{"type":"Point","coordinates":[178087.3885314261,589917.9564544943]},"properties":{"OBJECTID_1":810,"efficiency":0,"stop_code":16313,"Muni_Heb":"רהט","stop_name":"שכונה 4"}},
{"type":"Feature","geometry":{"type":"Point","coordinates":[178101.28081288165,590063.7090822996]},"properties":{"OBJECTID_1":811,"efficiency":0,"stop_code":16314,"Muni_Heb":"רהט","stop_name":"שכונה 4"}},
{"type":"Feature","geometry":{"type":"Point","coordinates":[178097.14765693323,590028.6872911656]},"properties":{"OBJECTID_1":812,"efficiency":0,"stop_code":16315,"Muni_Heb":"רהט","stop_name":"שכונה 4"}},
{"type":"Feature","geometry":{"type":"Point","coordinates":[178261.13531383476,590011.0741721494]},"properties":{"OBJECTID_1":813,"efficiency":0,"stop_code":16316,"Muni_Heb":"רהט","stop_name":"שכונה 4"}},
{"type":"Feature","geometry":{"type":"Point","coordinates":[178257.95402806974,590000.220460996]},"properties":{"OBJECTID_1":814,"efficiency":0,"stop_code":16317,"Muni_Heb":"רהט","stop_name":"אלאנביא"}},
{"type":"Feature","geometry":{"type":"Point","coordinates":[178880.98982265996,589387.8284303516]},"properties":{"OBJECTID_1":815,"efficiency":0,"stop_code":16318,"Muni_Heb":"רהט","stop_name":"אזור תעשיה"}},
{"type":"Feature","geometry":{"type":"Point","coordinates":[178908.81709393117,589426.4175458439]},"properties":{"OBJECTID_1":816,"efficiency":0,"stop_code":16319,"Muni_Heb":"רהט","stop_name":"מפעל שיש"}},
{"type":"Feature","geometry":{"type":"Point","coordinates":[178728.07236144194,589539.664308632]},"properties":{"OBJECTID_1":817,"efficiency":0,"stop_code":16320,"Muni_Heb":"רהט","stop_name":"מאפיה"}},
{"type":"Feature","geometry":{"type":"Point","coordinates":[178786.43576251683,589530.8990578562]},"properties":{"OBJECTID_1":818,"efficiency":0,"stop_code":16321,"Muni_Heb":"רהט","stop_name":"תחנת הקמח"}},
{"type":"Feature","geometry":{"type":"Point","coordinates":[178045.33193157788,589889.0725664252]},"properties":{"OBJECTID_1":819,"efficiency":0,"stop_code":16367,"Muni_Heb":"רהט","stop_name":"שכונה 4"}},
{"type":"Feature","geometry":{"type":"Point","coordinates":[177071.0289663198,589296.6675822771]},"properties":{"OBJECTID_1":820,"efficiency":0,"stop_code":16368,"Muni_Heb":"רהט","stop_name":"שוק עירוני"}},
{"type":"Feature","geometry":{"type":"Point","coordinates":[179416.22591377163,586768.9980605396]},"properties":{"OBJECTID_1":821,"efficiency":0,"stop_code":16369,"Muni_Heb":"רהט","stop_name":"צומת רהט דרום"}},
{"type":"Feature","geometry":{"type":"Point","coordinates":[175670.69545003906,588708.9014703856]},"properties":{"OBJECTID_1":822,"efficiency":0,"stop_code":16372,"Muni_Heb":"רהט","stop_name":"גן ילדים/יצחק רבין"}},
{"type":"Feature","geometry":{"type":"Point","coordinates":[177107.8659585956,590429.1621586545]},"properties":{"OBJECTID_1":823,"efficiency":0,"stop_code":16384,"Muni_Heb":"רהט","stop_name":"שכונה 2"}},
{"type":"Feature","geometry":{"type":"Point","coordinates":[177113.36812349534,590285.1060439631]},"properties":{"OBJECTID_1":824,"efficiency":0,"stop_code":16385,"Muni_Heb":"רהט","stop_name":"שכונה 2"}},
{"type":"Feature","geometry":{"type":"Point","coordinates":[177180.42231591287,590216.1991800709]},"properties":{"OBJECTID_1":825,"efficiency":0,"stop_code":16386,"Muni_Heb":"רהט","stop_name":"פלסטין/אלמאידה"}},
{"type":"Feature","geometry":{"type":"Point","coordinates":[177283.20178639484,590115.1040291105]},"properties":{"OBJECTID_1":826,"efficiency":0,"stop_code":16387,"Muni_Heb":"רהט","stop_name":"שכונה 2"}},
{"type":"Feature","geometry":{"type":"Point","coordinates":[177371.97201070713,589982.7980149604]},"properties":{"OBJECTID_1":827,"efficiency":0,"stop_code":16388,"Muni_Heb":"רהט","stop_name":"שכונה 2"}},
{"type":"Feature","geometry":{"type":"Point","coordinates":[177305.18635977915,589906.8925826494]},"properties":{"OBJECTID_1":828,"efficiency":0,"stop_code":16389,"Muni_Heb":"רהט","stop_name":"שכונה 2"}},
{"type":"Feature","geometry":{"type":"Point","coordinates":[177247.7855688435,589847.1381431507]},"properties":{"OBJECTID_1":829,"efficiency":0,"stop_code":16390,"Muni_Heb":"רהט","stop_name":"שכונה 2"}},
{"type":"Feature","geometry":{"type":"Point","coordinates":[177379.0581999304,589782.4085401827]},"properties":{"OBJECTID_1":830,"efficiency":0,"stop_code":16391,"Muni_Heb":"רהט","stop_name":"בית ספר אבו עוביידה"}},
{"type":"Feature","geometry":{"type":"Point","coordinates":[177560.30765388103,589799.5313542833]},"properties":{"OBJECTID_1":831,"efficiency":0,"stop_code":16392,"Muni_Heb":"רהט","stop_name":"בית ספר אבו עוביידה"}},
{"type":"Feature","geometry":{"type":"Point","coordinates":[177725.62750437803,589971.7317538791]},"properties":{"OBJECTID_1":832,"efficiency":0,"stop_code":16393,"Muni_Heb":"רהט","stop_name":"שכונה 3"}},
{"type":"Feature","geometry":{"type":"Point","coordinates":[177776.7645270799,590083.2949172469]},"properties":{"OBJECTID_1":833,"efficiency":0,"stop_code":16394,"Muni_Heb":"רהט","stop_name":"שכונה 3"}},
{"type":"Feature","geometry":{"type":"Point","coordinates":[177710.43936736087,590097.8635239584]},"properties":{"OBJECTID_1":834,"efficiency":0,"stop_code":16395,"Muni_Heb":"רהט","stop_name":"שכונה 3"}},
{"type":"Feature","geometry":{"type":"Point","coordinates":[177638.8457738592,589984.2759196251]},"properties":{"OBJECTID_1":835,"efficiency":0,"stop_code":16396,"Muni_Heb":"רהט","stop_name":"שכונה 3"}},
{"type":"Feature","geometry":{"type":"Point","coordinates":[177560.84503229163,589814.9415760497]},"properties":{"OBJECTID_1":836,"efficiency":0,"stop_code":16397,"Muni_Heb":"רהט","stop_name":"בית ספר אבו עוביידה"}},
{"type":"Feature","geometry":{"type":"Point","coordinates":[177556.3736350219,589719.824128176]},"properties":{"OBJECTID_1":837,"efficiency":0,"stop_code":16398,"Muni_Heb":"רהט","stop_name":"שכונה 3"}},
{"type":"Feature","geometry":{"type":"Point","coordinates":[177539.0859525298,589654.2523674018]},"properties":{"OBJECTID_1":838,"efficiency":0,"stop_code":16399,"Muni_Heb":"רהט","stop_name":"אלסלאם/אלרעד"}},
{"type":"Feature","geometry":{"type":"Point","coordinates":[177087.5087803276,589654.5227131237]},"properties":{"OBJECTID_1":839,"efficiency":0,"stop_code":16400,"Muni_Heb":"רהט","stop_name":"'תיכון א"}},
{"type":"Feature","geometry":{"type":"Point","coordinates":[177466.85928831474,589786.4902735703]},"properties":{"OBJECTID_1":840,"efficiency":0,"stop_code":16401,"Muni_Heb":"רהט","stop_name":"בית ספר אבו עוביידה"}},
{"type":"Feature","geometry":{"type":"Point","coordinates":[177101.5320998602,589641.4927774777]},"properties":{"OBJECTID_1":841,"efficiency":0,"stop_code":16402,"Muni_Heb":"רהט","stop_name":"מרכז פיס לגיל הזהב"}},
{"type":"Feature","geometry":{"type":"Point","coordinates":[177254.48408343643,589880.8187473449]},"properties":{"OBJECTID_1":842,"efficiency":0,"stop_code":16403,"Muni_Heb":"רהט","stop_name":"שכונה 2"}},
{"type":"Feature","geometry":{"type":"Point","coordinates":[177341.2914871835,589898.0981961702]},"properties":{"OBJECTID_1":843,"efficiency":0,"stop_code":16404,"Muni_Heb":"רהט","stop_name":"שכונה 2"}},
{"type":"Feature","geometry":{"type":"Point","coordinates":[177372.25479204563,590005.7491285548]},"properties":{"OBJECTID_1":844,"efficiency":0,"stop_code":16405,"Muni_Heb":"רהט","stop_name":"שכונה 2"}},
{"type":"Feature","geometry":{"type":"Point","coordinates":[177261.75270401657,590149.674492257]},"properties":{"OBJECTID_1":845,"efficiency":0,"stop_code":16406,"Muni_Heb":"רהט","stop_name":"שכונה 2"}},
{"type":"Feature","geometry":{"type":"Point","coordinates":[177191.8453584704,590218.8140980348]},"properties":{"OBJECTID_1":846,"efficiency":0,"stop_code":16407,"Muni_Heb":"רהט","stop_name":"פלסטין/אלאנפאל"}},
{"type":"Feature","geometry":{"type":"Point","coordinates":[177117.85867594118,590430.8957025036]},"properties":{"OBJECTID_1":847,"efficiency":0,"stop_code":16408,"Muni_Heb":"רהט","stop_name":"שכונה 2"}},
{"type":"Feature","geometry":{"type":"Point","coordinates":[177562.5623893065,589650.3882504931]},"properties":{"OBJECTID_1":848,"efficiency":0,"stop_code":16517,"Muni_Heb":"רהט","stop_name":"שכונה 3"}},
{"type":"Feature","geometry":{"type":"Point","coordinates":[178082.61171751324,588568.230479195]},"properties":{"OBJECTID_1":849,"efficiency":0,"stop_code":16518,"Muni_Heb":"רהט","stop_name":"בית ספר אל אח'א"}},
{"type":"Feature","geometry":{"type":"Point","coordinates":[177826.75413198015,588404.2574557676]},"properties":{"OBJECTID_1":850,"efficiency":0,"stop_code":16519,"Muni_Heb":"רהט","stop_name":"שכונה 29"}},
{"type":"Feature","geometry":{"type":"Point","coordinates":[177126.90606170215,588463.1754145123]},"properties":{"OBJECTID_1":851,"efficiency":0,"stop_code":16520,"Muni_Heb":"רהט","stop_name":"מרכז פיס"}},
{"type":"Feature","geometry":{"type":"Point","coordinates":[178687.90665024566,589020.5694081903]},"properties":{"OBJECTID_1":852,"efficiency":0,"stop_code":19494,"Muni_Heb":"רהט","stop_name":"שכונה 38"}},
{"type":"Feature","geometry":{"type":"Point","coordinates":[178678.60748870103,589001.8670289695]},"properties":{"OBJECTID_1":853,"efficiency":0,"stop_code":19495,"Muni_Heb":"רהט","stop_name":"שכונה 38"}},
{"type":"Feature","geometry":{"type":"Point","coordinates":[178637.71671734672,588931.0635044747]},"properties":{"OBJECTID_1":854,"efficiency":0,"stop_code":19496,"Muni_Heb":"רהט","stop_name":"רפח/אלרמלה"}},
{"type":"Feature","geometry":{"type":"Point","coordinates":[178549.23503739532,588924.8677999509]},"properties":{"OBJECTID_1":855,"efficiency":0,"stop_code":19497,"Muni_Heb":"רהט","stop_name":"רפח/אלרמלה"}},
{"type":"Feature","geometry":{"type":"Point","coordinates":[178478.9405570852,588875.3581958485]},"properties":{"OBJECTID_1":856,"efficiency":0,"stop_code":19498,"Muni_Heb":"רהט","stop_name":"רפח/אלבואי"}},
{"type":"Feature","geometry":{"type":"Point","coordinates":[178526.18754564552,588796.0045051208]},"properties":{"OBJECTID_1":857,"efficiency":0,"stop_code":19499,"Muni_Heb":"רהט","stop_name":"אלבואי/רפח"}},
{"type":"Feature","geometry":{"type":"Point","coordinates":[178636.740116856,588656.8608677323]},"properties":{"OBJECTID_1":858,"efficiency":0,"stop_code":19500,"Muni_Heb":"רהט","stop_name":"שכונה 38"}},
{"type":"Feature","geometry":{"type":"Point","coordinates":[178628.85820737504,588635.824516598]},"properties":{"OBJECTID_1":859,"efficiency":0,"stop_code":19501,"Muni_Heb":"רהט","stop_name":"שכונה 38"}},
{"type":"Feature","geometry":{"type":"Point","coordinates":[179187.91258453397,587734.5290806122]},"properties":{"OBJECTID_1":860,"efficiency":0,"stop_code":19674,"Muni_Heb":"רהט","stop_name":"אלח'זאן/כניסה"}},
{"type":"Feature","geometry":{"type":"Point","coordinates":[178900.20285236696,587844.7477823605]},"properties":{"OBJECTID_1":861,"efficiency":0,"stop_code":19675,"Muni_Heb":"רהט","stop_name":"אלח'זאן/כ. אלשאבי"}},
{"type":"Feature","geometry":{"type":"Point","coordinates":[178708.46765204245,587927.5449659623]},"properties":{"OBJECTID_1":862,"efficiency":0,"stop_code":19676,"Muni_Heb":"רהט","stop_name":"אלח'זאן/כ. אלנוראס"}},
{"type":"Feature","geometry":{"type":"Point","coordinates":[178691.1938500575,587791.230102824]},"properties":{"OBJECTID_1":863,"efficiency":0,"stop_code":19677,"Muni_Heb":"רהט","stop_name":"אלנוראס/1318"}},
{"type":"Feature","geometry":{"type":"Point","coordinates":[178556.72024215758,587727.1126278458]},"properties":{"OBJECTID_1":864,"efficiency":0,"stop_code":19678,"Muni_Heb":"רהט","stop_name":"אלנוראס/1108"}},
{"type":"Feature","geometry":{"type":"Point","coordinates":[178476.689925273,587768.2300948044]},"properties":{"OBJECTID_1":865,"efficiency":0,"stop_code":19679,"Muni_Heb":"רהט","stop_name":"אלנוראס/476"}},
{"type":"Feature","geometry":{"type":"Point","coordinates":[178137.82080023398,587736.6333888178]},"properties":{"OBJECTID_1":866,"efficiency":0,"stop_code":19680,"Muni_Heb":"רהט","stop_name":"אלנוראס/454"}},
{"type":"Feature","geometry":{"type":"Point","coordinates":[177954.518520182,587786.1470687957]},"properties":{"OBJECTID_1":867,"efficiency":0,"stop_code":19681,"Muni_Heb":"רהט","stop_name":"אלפג'ר/עזה"}},
{"type":"Feature","geometry":{"type":"Point","coordinates":[177826.47530209715,587761.375817854]},"properties":{"OBJECTID_1":868,"efficiency":0,"stop_code":19682,"Muni_Heb":"רהט","stop_name":"אלנוראס/411"}},
{"type":"Feature","geometry":{"type":"Point","coordinates":[177850.45159104222,587762.4999795659]},"properties":{"OBJECTID_1":869,"efficiency":0,"stop_code":19683,"Muni_Heb":"רהט","stop_name":"אלנוראס/411"}},
{"type":"Feature","geometry":{"type":"Point","coordinates":[178034.4083606679,587758.1100492933]},"properties":{"OBJECTID_1":870,"efficiency":0,"stop_code":19684,"Muni_Heb":"רהט","stop_name":"אלפ'ר/אלאמל"}},
{"type":"Feature","geometry":{"type":"Point","coordinates":[178136.33296738323,587721.2269404136]},"properties":{"OBJECTID_1":871,"efficiency":0,"stop_code":19685,"Muni_Heb":"רהט","stop_name":"אלנוראס/454"}},
{"type":"Feature","geometry":{"type":"Point","coordinates":[178464.76579268844,587759.7390455928]},"properties":{"OBJECTID_1":872,"efficiency":0,"stop_code":19686,"Muni_Heb":"רהט","stop_name":"אלנוראס/476"}},
{"type":"Feature","geometry":{"type":"Point","coordinates":[178546.44370619973,587726.376739566]},"properties":{"OBJECTID_1":873,"efficiency":0,"stop_code":19687,"Muni_Heb":"רהט","stop_name":"אלנוראס/1108"}},
{"type":"Feature","geometry":{"type":"Point","coordinates":[178754.84646626486,587770.247325545]},"properties":{"OBJECTID_1":874,"efficiency":0,"stop_code":19688,"Muni_Heb":"רהט","stop_name":"טארק בן זיאד/אבן בטוטה"}},
{"type":"Feature","geometry":{"type":"Point","coordinates":[178684.4373384441,587912.4481973122]},"properties":{"OBJECTID_1":875,"efficiency":0,"stop_code":19689,"Muni_Heb":"רהט","stop_name":"אלח'זאן/כ. אלנוראס"}},
{"type":"Feature","geometry":{"type":"Point","coordinates":[178886.91045439104,587826.7259821485]},"properties":{"OBJECTID_1":876,"efficiency":0,"stop_code":19690,"Muni_Heb":"רהט","stop_name":"אלח'זאן/כ. אלשאבי"}},
{"type":"Feature","geometry":{"type":"Point","coordinates":[179165.39640583567,587717.3185930687]},"properties":{"OBJECTID_1":877,"efficiency":0,"stop_code":19691,"Muni_Heb":"רהט","stop_name":"אלח'זאן/יציאה"}},
{"type":"Feature","geometry":{"type":"Point","coordinates":[179250.264932191,587671.9745124633]},"properties":{"OBJECTID_1":878,"efficiency":0,"stop_code":19692,"Muni_Heb":"רהט","stop_name":"עומר אלמוח'תאר/כ. אבן רושד"}},
{"type":"Feature","geometry":{"type":"Point","coordinates":[177361.12620094672,588825.8051641042]},"properties":{"OBJECTID_1":879,"efficiency":0,"stop_code":19848,"Muni_Heb":"רהט","stop_name":"בית ספר א זהרא"}},
{"type":"Feature","geometry":{"type":"Point","coordinates":[177349.90518275066,588802.8982137458]},"properties":{"OBJECTID_1":880,"efficiency":0,"stop_code":19849,"Muni_Heb":"רהט","stop_name":"בית ספר א זהרא"}},
{"type":"Feature","geometry":{"type":"Point","coordinates":[177081.50402743564,588502.7220077787]},"properties":{"OBJECTID_1":881,"efficiency":0,"stop_code":19850,"Muni_Heb":"רהט","stop_name":"מסגד אל רחמה"}},
{"type":"Feature","geometry":{"type":"Point","coordinates":[177443.89197154314,588403.6835777939]},"properties":{"OBJECTID_1":882,"efficiency":0,"stop_code":19851,"Muni_Heb":"רהט","stop_name":"שכונה 26 דרום"}},
{"type":"Feature","geometry":{"type":"Point","coordinates":[177443.18425058568,588393.263710555]},"properties":{"OBJECTID_1":883,"efficiency":0,"stop_code":19852,"Muni_Heb":"רהט","stop_name":"שכונה 26 דרום"}},
{"type":"Feature","geometry":{"type":"Point","coordinates":[177970.48674777534,589052.2236210951]},"properties":{"OBJECTID_1":884,"efficiency":0,"stop_code":19853,"Muni_Heb":"רהט","stop_name":"בית ספר דאר אלקלם"}},
{"type":"Feature","geometry":{"type":"Point","coordinates":[175396.31258092535,588333.2831741088]},"properties":{"OBJECTID_1":885,"efficiency":0,"stop_code":19854,"Muni_Heb":"רהט","stop_name":"שכונה 34"}},
{"type":"Feature","geometry":{"type":"Point","coordinates":[175477.90074061023,588349.6823309188]},"properties":{"OBJECTID_1":886,"efficiency":0,"stop_code":19855,"Muni_Heb":"רהט","stop_name":"שכונה 34"}},
{"type":"Feature","geometry":{"type":"Point","coordinates":[179265.3574426849,587811.8467418165]},"properties":{"OBJECTID_1":887,"efficiency":0,"stop_code":19856,"Muni_Heb":"רהט","stop_name":"עומר אלמוח'תאר/כ. אבן רושד"}},
{"type":"Feature","geometry":{"type":"Point","coordinates":[176242.03299955628,588470.2359505289]},"properties":{"OBJECTID_1":888,"efficiency":0,"stop_code":19861,"Muni_Heb":"רהט","stop_name":"בי''ס אבן סינא/צאלח אלדין"}},
{"type":"Feature","geometry":{"type":"Point","coordinates":[178762.18178138643,589066.9602631504]},"properties":{"OBJECTID_1":889,"efficiency":0,"stop_code":19862,"Muni_Heb":"רהט","stop_name":"אלביר/עומר אלמוכתאר"}},
{"type":"Feature","geometry":{"type":"Point","coordinates":[174601.94700406812,587534.3316669133]},"properties":{"OBJECTID_1":890,"efficiency":0,"stop_code":19958,"Muni_Heb":"רהט","stop_name":"חממות דרום"}},
{"type":"Feature","geometry":{"type":"Point","coordinates":[174579.62876751562,587542.9652992774]},"properties":{"OBJECTID_1":891,"efficiency":0,"stop_code":19959,"Muni_Heb":"רהט","stop_name":"חממות דרום"}},
{"type":"Feature","geometry":{"type":"Point","coordinates":[174857.65173476582,587333.3198078165]},"properties":{"OBJECTID_1":892,"efficiency":0,"stop_code":19960,"Muni_Heb":"רהט","stop_name":"כיכר הנח'לה"}},
{"type":"Feature","geometry":{"type":"Point","coordinates":[174846.3124923482,587351.2199568124]},"properties":{"OBJECTID_1":893,"efficiency":0,"stop_code":19961,"Muni_Heb":"רהט","stop_name":"כיכר הנח'לה"}},
{"type":"Feature","geometry":{"type":"Point","coordinates":[174989.78973434848,587087.7110756657]},"properties":{"OBJECTID_1":894,"efficiency":0,"stop_code":19962,"Muni_Heb":"רהט","stop_name":"אלשוערא"}},
{"type":"Feature","geometry":{"type":"Point","coordinates":[174953.52472797857,587105.4953773837]},"properties":{"OBJECTID_1":895,"efficiency":0,"stop_code":19963,"Muni_Heb":"רהט","stop_name":"אלשוערא"}},
{"type":"Feature","geometry":{"type":"Point","coordinates":[175255.14818735683,587140.4732633842]},"properties":{"OBJECTID_1":896,"efficiency":0,"stop_code":19964,"Muni_Heb":"רהט","stop_name":"כיכר אחמד שוקי"}},
{"type":"Feature","geometry":{"type":"Point","coordinates":[175247.58168358382,587105.9106654742]},"properties":{"OBJECTID_1":897,"efficiency":0,"stop_code":19965,"Muni_Heb":"רהט","stop_name":"כיכר אחמד שוקי"}},
{"type":"Feature","geometry":{"type":"Point","coordinates":[175123.6137406007,587462.3618045314]},"properties":{"OBJECTID_1":898,"efficiency":0,"stop_code":19966,"Muni_Heb":"רהט","stop_name":"התאומים"}},
{"type":"Feature","geometry":{"type":"Point","coordinates":[175105.9394088803,587422.1872243029]},"properties":{"OBJECTID_1":899,"efficiency":0,"stop_code":19967,"Muni_Heb":"רהט","stop_name":"התאומים"}},
{"type":"Feature","geometry":{"type":"Point","coordinates":[175456.31902745413,587403.5195970209]},"properties":{"OBJECTID_1":900,"efficiency":0,"stop_code":19968,"Muni_Heb":"רהט","stop_name":"מרכז מתחם 5"}},
{"type":"Feature","geometry":{"type":"Point","coordinates":[175330.38318204036,587429.8857342987]},"properties":{"OBJECTID_1":901,"efficiency":0,"stop_code":19969,"Muni_Heb":"רהט","stop_name":"מרכז מתחם 5"}},
{"type":"Feature","geometry":{"type":"Point","coordinates":[175605.97773181295,587498.8020237988]},"properties":{"OBJECTID_1":902,"efficiency":0,"stop_code":19970,"Muni_Heb":"רהט","stop_name":"הגבעה"}},
{"type":"Feature","geometry":{"type":"Point","coordinates":[175587.95395894948,587488.2331852173]},"properties":{"OBJECTID_1":903,"efficiency":0,"stop_code":19971,"Muni_Heb":"רהט","stop_name":"הגבעה"}},
{"type":"Feature","geometry":{"type":"Point","coordinates":[175534.80930657312,587722.3031308351]},"properties":{"OBJECTID_1":904,"efficiency":0,"stop_code":19972,"Muni_Heb":"רהט","stop_name":"בית ספר סלמאן"}},
{"type":"Feature","geometry":{"type":"Point","coordinates":[175525.406838558,587725.8907985494]},"properties":{"OBJECTID_1":905,"efficiency":0,"stop_code":19973,"Muni_Heb":"רהט","stop_name":"בית ספר סלמאן"}},
{"type":"Feature","geometry":{"type":"Point","coordinates":[176472.8290100568,589172.0437480978]},"properties":{"OBJECTID_1":906,"efficiency":1,"stop_code":18449,"Muni_Heb":"רהט","stop_name":"שכונה 20/יציאה"}},
{"type":"Feature","geometry":{"type":"Point","coordinates":[176315.62263082172,589060.9243680036]},"properties":{"OBJECTID_1":907,"efficiency":1,"stop_code":18448,"Muni_Heb":"רהט","stop_name":"עמען/מסקט"}},
{"type":"Feature","geometry":{"type":"Point","coordinates":[176375.19349700082,588929.6177943662]},"properties":{"OBJECTID_1":908,"efficiency":1,"stop_code":18447,"Muni_Heb":"רהט","stop_name":"שכונה 20/דרום"}},
{"type":"Feature","geometry":{"type":"Point","coordinates":[176470.46825651306,588991.3182947547]},"properties":{"OBJECTID_1":909,"efficiency":1,"stop_code":18446,"Muni_Heb":"רהט","stop_name":"בירות/מסקט"}},
{"type":"Feature","geometry":{"type":"Point","coordinates":[179343.17869067198,587714.9713589078]},"properties":{"OBJECTID_1":910,"efficiency":1,"stop_code":11507,"Muni_Heb":"רהט","stop_name":"פארק תעשיות עידן הנגב כניסה"}},
{"type":"Feature","geometry":{"type":"Point","coordinates":[179715.4342003036,587771.7604810579]},"properties":{"OBJECTID_1":911,"efficiency":1,"stop_code":18386,"Muni_Heb":"רהט","stop_name":"פארק תעשיות עידן הנגב"}},
{"type":"Feature","geometry":{"type":"Point","coordinates":[174561.73680095974,587231.1353135975]},"properties":{"OBJECTID_1":912,"efficiency":0,"stop_code":11659,"Muni_Heb":"רהט","stop_name":"מתחם 5 מרכז"}},
{"type":"Feature","geometry":{"type":"Point","coordinates":[174570.79006541622,587279.1077020987]},"properties":{"OBJECTID_1":913,"efficiency":0,"stop_code":11658,"Muni_Heb":"רהט","stop_name":"מתחם 5 מרכז"}},
{"type":"Feature","geometry":{"type":"Point","coordinates":[174497.01656842447,587467.2563732906]},"properties":{"OBJECTID_1":914,"efficiency":0,"stop_code":11657,"Muni_Heb":"רהט","stop_name":"מתחם 5 צפון מערב"}},
{"type":"Feature","geometry":{"type":"Point","coordinates":[174687.87132910616,587028.9027369553]},"properties":{"OBJECTID_1":915,"efficiency":0,"stop_code":11656,"Muni_Heb":"רהט","stop_name":"בעדאד/אל שוערא"}},
{"type":"Feature","geometry":{"type":"Point","coordinates":[174749.8922663235,587005.2414927332]},"properties":{"OBJECTID_1":916,"efficiency":0,"stop_code":11655,"Muni_Heb":"רהט","stop_name":"בעדאד/אל שוערא"}},
{"type":"Feature","geometry":{"type":"Point","coordinates":[177398.74977841182,587515.7154161711]},"properties":{"OBJECTID_1":917,"efficiency":0,"stop_code":11651,"Muni_Heb":"רהט","stop_name":"מתחם 3 מרכז"}},
{"type":"Feature","geometry":{"type":"Point","coordinates":[177443.32473521167,587505.667720458]},"properties":{"OBJECTID_1":918,"efficiency":0,"stop_code":11650,"Muni_Heb":"רהט","stop_name":"מרכז מתחם 3"}},
{"type":"Feature","geometry":{"type":"Point","coordinates":[177671.53518093732,587766.5404102842]},"properties":{"OBJECTID_1":919,"efficiency":0,"stop_code":11649,"Muni_Heb":"רהט","stop_name":"אולם ספורט"}},
{"type":"Feature","geometry":{"type":"Point","coordinates":[177708.92747253965,587649.4125028171]},"properties":{"OBJECTID_1":920,"efficiency":0,"stop_code":11648,"Muni_Heb":"רהט","stop_name":"חאפז אברהים"}},
{"type":"Feature","geometry":{"type":"Point","coordinates":[177741.7496703529,587554.9225040056]},"properties":{"OBJECTID_1":921,"efficiency":0,"stop_code":11647,"Muni_Heb":"רהט","stop_name":"אל סיאב"}},
{"type":"Feature","geometry":{"type":"Point","coordinates":[177753.2129645676,587423.9274963214]},"properties":{"OBJECTID_1":922,"efficiency":0,"stop_code":11646,"Muni_Heb":"רהט","stop_name":"מתחם 3 מזרח"}},
{"type":"Feature","geometry":{"type":"Point","coordinates":[177850.90019846975,587254.0026328276]},"properties":{"OBJECTID_1":923,"efficiency":0,"stop_code":11645,"Muni_Heb":"רהט","stop_name":"מתחם 8 מערב"}},
{"type":"Feature","geometry":{"type":"Point","coordinates":[177844.87736395947,587151.0191421249]},"properties":{"OBJECTID_1":924,"efficiency":0,"stop_code":11644,"Muni_Heb":"רהט","stop_name":"אל מג'דל דרום"}},
{"type":"Feature","geometry":{"type":"Point","coordinates":[177871.54455046513,587062.9851598198]},"properties":{"OBJECTID_1":925,"efficiency":0,"stop_code":11643,"Muni_Heb":"רהט","stop_name":"אלמג'דל/בע'דאד"}},
{"type":"Feature","geometry":{"type":"Point","coordinates":[177787.93285974054,587017.7465884651]},"properties":{"OBJECTID_1":926,"efficiency":0,"stop_code":11642,"Muni_Heb":"רהט","stop_name":"בגדד"}},
{"type":"Feature","geometry":{"type":"Point","coordinates":[177581.87267271563,586993.5113547624]},"properties":{"OBJECTID_1":927,"efficiency":0,"stop_code":11641,"Muni_Heb":"רהט","stop_name":"בגדד"}},
{"type":"Feature","geometry":{"type":"Point","coordinates":[177535.74534713218,587020.3074721448]},"properties":{"OBJECTID_1":928,"efficiency":0,"stop_code":11640,"Muni_Heb":"רהט","stop_name":"מתחם 3 מערב"}},
{"type":"Feature","geometry":{"type":"Point","coordinates":[177275.1749128665,586996.518765269]},"properties":{"OBJECTID_1":929,"efficiency":0,"stop_code":11639,"Muni_Heb":"רהט","stop_name":"מתחם 4 דרום"}},
{"type":"Feature","geometry":{"type":"Point","coordinates":[177321.03836882164,587022.3905713629]},"properties":{"OBJECTID_1":930,"efficiency":0,"stop_code":11638,"Muni_Heb":"רהט","stop_name":"גן ציבורי"}},
{"type":"Feature","geometry":{"type":"Point","coordinates":[177224.28421880474,587092.0811192299]},"properties":{"OBJECTID_1":931,"efficiency":0,"stop_code":11637,"Muni_Heb":"רהט","stop_name":"גן ציבורי"}},
{"type":"Feature","geometry":{"type":"Point","coordinates":[177220.97241986863,587214.1734529225]},"properties":{"OBJECTID_1":932,"efficiency":0,"stop_code":11636,"Muni_Heb":"רהט","stop_name":"צפון מערב"}},
{"type":"Feature","geometry":{"type":"Point","coordinates":[177192.87961727605,587324.6126594505]},"properties":{"OBJECTID_1":933,"efficiency":0,"stop_code":11635,"Muni_Heb":"רהט","stop_name":"מתחם 4 מזרח"}},
{"type":"Feature","geometry":{"type":"Point","coordinates":[177133.38254335418,587502.483344831]},"properties":{"OBJECTID_1":934,"efficiency":0,"stop_code":11634,"Muni_Heb":"רהט","stop_name":"תאופיק זיאד"}},
{"type":"Feature","geometry":{"type":"Point","coordinates":[177159.95667069918,587463.6785940074]},"properties":{"OBJECTID_1":935,"efficiency":0,"stop_code":11633,"Muni_Heb":"רהט","stop_name":"חאפז אברהים"}},
{"type":"Feature","geometry":{"type":"Point","coordinates":[177194.3781599855,587577.5240574521]},"properties":{"OBJECTID_1":936,"efficiency":0,"stop_code":11632,"Muni_Heb":"רהט","stop_name":"מתנ''ס"}},
{"type":"Feature","geometry":{"type":"Point","coordinates":[177247.64883251867,587600.8153033942]},"properties":{"OBJECTID_1":937,"efficiency":0,"stop_code":11631,"Muni_Heb":"רהט","stop_name":"מתנ''ס"}},
{"type":"Feature","geometry":{"type":"Point","coordinates":[178172.85101620413,589451.2557703963]},"properties":{"OBJECTID_1":938,"efficiency":0,"stop_code":11630,"Muni_Heb":"רהט","stop_name":"שכ' 5 מערב"}},
{"type":"Feature","geometry":{"type":"Point","coordinates":[177846.76494560757,589702.2525857296]},"properties":{"OBJECTID_1":939,"efficiency":0,"stop_code":11629,"Muni_Heb":"רהט","stop_name":"מחסן עירייה"}},
{"type":"Feature","geometry":{"type":"Point","coordinates":[178118.6505728462,588541.3656405479]},"properties":{"OBJECTID_1":940,"efficiency":0,"stop_code":11661,"Muni_Heb":"רהט","stop_name":"בי''ס/שכ' 29 צפון"}},
{"type":"Feature","geometry":{"type":"Point","coordinates":[174886.45059099636,588018.6601183075]},"properties":{"OBJECTID_1":941,"efficiency":0,"stop_code":12855,"Muni_Heb":"רהט","stop_name":"אלחזאן/אלבאדיה"}},
{"type":"Feature","geometry":{"type":"Point","coordinates":[174977.8356515241,587967.0439183676]},"properties":{"OBJECTID_1":942,"efficiency":0,"stop_code":12856,"Muni_Heb":"רהט","stop_name":"אלחזאן/אלבאדיה"}},
{"type":"Feature","geometry":{"type":"Point","coordinates":[175487.49540844082,587826.8405425514]},"properties":{"OBJECTID_1":943,"efficiency":0,"stop_code":12857,"Muni_Heb":"רהט","stop_name":"אלחזאן/אריחא"}},
{"type":"Feature","geometry":{"type":"Point","coordinates":[175947.49630051566,588459.4834825608]},"properties":{"OBJECTID_1":944,"efficiency":0,"stop_code":12860,"Muni_Heb":"רהט","stop_name":"בי''ס אלחנאן/צלאח אלדין"}},
{"type":"Feature","geometry":{"type":"Point","coordinates":[176797.26446367102,587402.3948059633]},"properties":{"OBJECTID_1":945,"efficiency":0,"stop_code":12866,"Muni_Heb":"רהט","stop_name":"אלמערפה/אלעודה"}},
{"type":"Feature","geometry":{"type":"Point","coordinates":[176781.52910156077,587322.9579951203]},"properties":{"OBJECTID_1":946,"efficiency":0,"stop_code":12867,"Muni_Heb":"רהט","stop_name":"אלמערפה/אלעודה"}},
{"type":"Feature","geometry":{"type":"Point","coordinates":[175932.16681263334,587679.5037910686]},"properties":{"OBJECTID_1":947,"efficiency":0,"stop_code":12875,"Muni_Heb":"רהט","stop_name":"אלפאתח/חטין"}},
{"type":"Feature","geometry":{"type":"Point","coordinates":[175857.61835131454,587755.4350179905]},"properties":{"OBJECTID_1":948,"efficiency":0,"stop_code":12883,"Muni_Heb":"רהט","stop_name":"חטין/אלחזאן"}},
{"type":"Feature","geometry":{"type":"Point","coordinates":[176253.8589793616,587534.5789130504]},"properties":{"OBJECTID_1":949,"efficiency":0,"stop_code":12890,"Muni_Heb":"רהט","stop_name":"חטין/אלהג'רה"}},
{"type":"Feature","geometry":{"type":"Point","coordinates":[175764.1719140443,587452.0132602113]},"properties":{"OBJECTID_1":950,"efficiency":0,"stop_code":12891,"Muni_Heb":"רהט","stop_name":"אלפאתח/אריחא"}},
{"type":"Feature","geometry":{"type":"Point","coordinates":[175711.98528070576,587461.4346176115]},"properties":{"OBJECTID_1":951,"efficiency":0,"stop_code":12892,"Muni_Heb":"רהט","stop_name":"אריחא/אלפאתח"}},
{"type":"Feature","geometry":{"type":"Point","coordinates":[176468.1038523969,588486.1569044254]},"properties":{"OBJECTID_1":952,"efficiency":0,"stop_code":12895,"Muni_Heb":"רהט","stop_name":"ביה''ס אלתקווא/צלאח אלאדין"}},
{"type":"Feature","geometry":{"type":"Point","coordinates":[176444.26704173232,588495.4581678231]},"properties":{"OBJECTID_1":953,"efficiency":0,"stop_code":12896,"Muni_Heb":"רהט","stop_name":"ביה''ס אלתקווא/צלאח אלאדין"}},
{"type":"Feature","geometry":{"type":"Point","coordinates":[177146.68398129486,587145.9500465903]},"properties":{"OBJECTID_1":954,"efficiency":0,"stop_code":12861,"Muni_Heb":"רהט","stop_name":"אלהלאל/סוריא"}},
{"type":"Feature","geometry":{"type":"Point","coordinates":[177108.69591784952,587138.4532174389]},"properties":{"OBJECTID_1":955,"efficiency":0,"stop_code":12863,"Muni_Heb":"רהט","stop_name":"אלהלאל/אלמכתבה"}},
{"type":"Feature","geometry":{"type":"Point","coordinates":[176858.19626360785,587110.975071389]},"properties":{"OBJECTID_1":956,"efficiency":0,"stop_code":12864,"Muni_Heb":"רהט","stop_name":"אלמכתבה/אלמערפה"}},
{"type":"Feature","geometry":{"type":"Point","coordinates":[176641.82758237695,587612.594014016]},"properties":{"OBJECTID_1":957,"efficiency":0,"stop_code":12868,"Muni_Heb":"רהט","stop_name":"אלאקסא/אלסקאטי"}},
{"type":"Feature","geometry":{"type":"Point","coordinates":[176666.12881279443,587576.7910870404]},"properties":{"OBJECTID_1":958,"efficiency":0,"stop_code":12869,"Muni_Heb":"רהט","stop_name":"אלאקסא/אלסקאטי"}},
{"type":"Feature","geometry":{"type":"Point","coordinates":[176401.93792392666,587848.9784696631]},"properties":{"OBJECTID_1":959,"efficiency":0,"stop_code":12871,"Muni_Heb":"רהט","stop_name":"אלאהראם/אלאקסא"}},
{"type":"Feature","geometry":{"type":"Point","coordinates":[176118.2474469372,587842.8332641452]},"properties":{"OBJECTID_1":960,"efficiency":0,"stop_code":12872,"Muni_Heb":"רהט","stop_name":"אלאהראם"}},
{"type":"Feature","geometry":{"type":"Point","coordinates":[176145.75072209438,587845.7129748577]},"properties":{"OBJECTID_1":961,"efficiency":0,"stop_code":12873,"Muni_Heb":"רהט","stop_name":"אלאהראם"}},
{"type":"Feature","geometry":{"type":"Point","coordinates":[175955.27769285574,587701.1401739384]},"properties":{"OBJECTID_1":962,"efficiency":0,"stop_code":12874,"Muni_Heb":"רהט","stop_name":"אלאהראם/חטין"}},
{"type":"Feature","geometry":{"type":"Point","coordinates":[177693.79381698047,587337.9002025102]},"properties":{"OBJECTID_1":963,"efficiency":0,"stop_code":12886,"Muni_Heb":"רהט","stop_name":"אקרא/אלסדאקה"}},
{"type":"Feature","geometry":{"type":"Point","coordinates":[177737.56086412724,587292.0427784983]},"properties":{"OBJECTID_1":964,"efficiency":0,"stop_code":12887,"Muni_Heb":"רהט","stop_name":"אקרא/אלסדאקה"}},
{"type":"Feature","geometry":{"type":"Point","coordinates":[177472.65283365536,587204.9541178566]},"properties":{"OBJECTID_1":965,"efficiency":0,"stop_code":12888,"Muni_Heb":"רהט","stop_name":"אקרא/אלעהד"}},
{"type":"Feature","geometry":{"type":"Point","coordinates":[177425.69807534153,587191.2829126354]},"properties":{"OBJECTID_1":966,"efficiency":0,"stop_code":12889,"Muni_Heb":"רהט","stop_name":"אקרא/אלסלאמה"}},
{"type":"Feature","geometry":{"type":"Point","coordinates":[176814.19586765705,587145.5273773061]},"properties":{"OBJECTID_1":967,"efficiency":0,"stop_code":12865,"Muni_Heb":"רהט","stop_name":"אלמערפה/אלמכתבה"}},
{"type":"Feature","geometry":{"type":"Point","coordinates":[176413.17190291974,587805.0235700385]},"properties":{"OBJECTID_1":968,"efficiency":0,"stop_code":12870,"Muni_Heb":"רהט","stop_name":"אלאקסא/אלאהראם"}},
{"type":"Feature","geometry":{"type":"Point","coordinates":[177702.29020529005,587845.2532216582]},"properties":{"OBJECTID_1":969,"efficiency":0,"stop_code":12893,"Muni_Heb":"רהט","stop_name":"אלח'זאן/אלמג'דל"}},
{"type":"Feature","geometry":{"type":"Point","coordinates":[177102.09624781337,587810.3024542698]},"properties":{"OBJECTID_1":970,"efficiency":0,"stop_code":12876,"Muni_Heb":"רהט","stop_name":"אלחזאן/קנטרי"}},
{"type":"Feature","geometry":{"type":"Point","coordinates":[175585.8673993377,587784.2925513441]},"properties":{"OBJECTID_1":971,"efficiency":0,"stop_code":12858,"Muni_Heb":"רהט","stop_name":"אלחזאן/אריחא"}},
{"type":"Feature","geometry":{"type":"Point","coordinates":[176474.2378469755,587919.4224425202]},"properties":{"OBJECTID_1":972,"efficiency":0,"stop_code":12884,"Muni_Heb":"רהט","stop_name":"אלח'זאן אלאקסא"}},
{"type":"Feature","geometry":{"type":"Point","coordinates":[179330.18331946412,586981.4408699033]},"properties":{"OBJECTID_1":973,"efficiency":0,"stop_code":12899,"Muni_Heb":"רהט","stop_name":"עומר אלמוח'תאר/השלושה"}},
{"type":"Feature","geometry":{"type":"Point","coordinates":[177617.90905952253,587820.3100924278]},"properties":{"OBJECTID_1":974,"efficiency":0,"stop_code":12882,"Muni_Heb":"רהט","stop_name":"אלח'זאן/אלמג'דל"}},
{"type":"Feature","geometry":{"type":"Point","coordinates":[176714.63629013265,588388.6794270548]},"properties":{"OBJECTID_1":975,"efficiency":0,"stop_code":12901,"Muni_Heb":"רהט","stop_name":"ע'רנאטה/אלח'דר"}},
{"type":"Feature","geometry":{"type":"Point","coordinates":[177156.89682799426,587765.2848971771]},"properties":{"OBJECTID_1":976,"efficiency":0,"stop_code":12877,"Muni_Heb":"רהט","stop_name":"אלחזאן/קנטרי"}},
{"type":"Feature","geometry":{"type":"Point","coordinates":[177400.18587220222,587447.0748652971]},"properties":{"OBJECTID_1":977,"efficiency":1,"stop_code":12881,"Muni_Heb":"רהט","stop_name":"אלעודה/אלסבר"}},
{"type":"Feature","geometry":{"type":"Point","coordinates":[175897.31757789434,587808.6028945704]},"properties":{"OBJECTID_1":978,"efficiency":0,"stop_code":12862,"Muni_Heb":"רהט","stop_name":"אלחזאן/חטין"}},
{"type":"Feature","geometry":{"type":"Point","coordinates":[178343.2749569226,587828.5185078357]},"properties":{"OBJECTID_1":979,"efficiency":0,"stop_code":12894,"Muni_Heb":"רהט","stop_name":"אלשאם/אלפג'ר"}},
{"type":"Feature","geometry":{"type":"Point","coordinates":[176705.46014212674,588215.0784576577]},"properties":{"OBJECTID_1":980,"efficiency":0,"stop_code":12902,"Muni_Heb":"רהט","stop_name":"קורטבה"}},
{"type":"Feature","geometry":{"type":"Point","coordinates":[176403.50429122197,587952.0906441831]},"properties":{"OBJECTID_1":981,"efficiency":0,"stop_code":12885,"Muni_Heb":"רהט","stop_name":"אלח'זאן אלאקסא"}},
{"type":"Feature","geometry":{"type":"Point","coordinates":[179332.14400041456,587145.2026470993]},"properties":{"OBJECTID_1":982,"efficiency":0,"stop_code":12900,"Muni_Heb":"רהט","stop_name":"עומר אלמוח'תאר/השלושה"}},
{"type":"Feature","geometry":{"type":"Point","coordinates":[178666.68940095554,588945.8081877276]},"properties":{"OBJECTID_1":983,"efficiency":0,"stop_code":12898,"Muni_Heb":"רהט","stop_name":"רפח/אלעראק"}},
{"type":"Feature","geometry":{"type":"Point","coordinates":[175802.0849535142,587805.8956865373]},"properties":{"OBJECTID_1":984,"efficiency":0,"stop_code":12859,"Muni_Heb":"רהט","stop_name":"אלחזאן/חטין"}},
{"type":"Feature","geometry":{"type":"Point","coordinates":[176824.62442529967,588372.3741030984]},"properties":{"OBJECTID_1":985,"efficiency":0,"stop_code":12903,"Muni_Heb":"רהט","stop_name":"קורטבה/אלח'דר"}},
{"type":"Feature","geometry":{"type":"Point","coordinates":[177219.87792960016,587390.5880143469]},"properties":{"OBJECTID_1":986,"efficiency":0,"stop_code":12880,"Muni_Heb":"רהט","stop_name":"אלעודה/אלמדינה אלמונוארה"}},
{"type":"Feature","geometry":{"type":"Point","coordinates":[177104.0538644283,587730.0173033027]},"properties":{"OBJECTID_1":987,"efficiency":0,"stop_code":12878,"Muni_Heb":"רהט","stop_name":"אלחזאן/אלמדינה אלמונוארה"}},
{"type":"Feature","geometry":{"type":"Point","coordinates":[178333.66181706445,587947.9740765259]},"properties":{"OBJECTID_1":988,"efficiency":0,"stop_code":12904,"Muni_Heb":"רהט","stop_name":"אלשאם/אלח'זאן"}},
{"type":"Feature","geometry":{"type":"Point","coordinates":[177110.9177594541,587592.8307989527]},"properties":{"OBJECTID_1":989,"efficiency":0,"stop_code":12879,"Muni_Heb":"רהט","stop_name":"אלמדינה אלמונוארה/אלחיאת"}},
{"type":"Feature","geometry":{"type":"Point","coordinates":[173619.928833891,588032.7881523875]},"properties":{"OBJECTID_1":990,"efficiency":0,"stop_code":12854,"Muni_Heb":"רהט","stop_name":"מסוף תפוז/אלסאלם"}},
{"type":"Feature","geometry":{"type":"Point","coordinates":[178490.20372452034,588812.6667138849]},"properties":{"OBJECTID_1":991,"efficiency":0,"stop_code":12897,"Muni_Heb":"רהט","stop_name":"אלבואי/רפח"}},
{"type":"Feature","geometry":{"type":"Point","coordinates":[176712.38578848136,588419.8460058398]},"properties":{"OBJECTID_1":992,"efficiency":0,"stop_code":12979,"Muni_Heb":"רהט","stop_name":"תחנה תפעולית/שכונה 31"}},
{"type":"Feature","geometry":{"type":"Point","coordinates":[158230.86022977522,595582.783936778]},"properties":{"OBJECTID_1":993,"efficiency":0,"stop_code":13546,"Muni_Heb":"שדות נגב","stop_name":"צומת זימרת"}},
{"type":"Feature","geometry":{"type":"Point","coordinates":[160980.13935453893,593884.8854725785]},"properties":{"OBJECTID_1":994,"efficiency":0,"stop_code":14348,"Muni_Heb":"שדות נגב","stop_name":"צומת נתיבות מערב"}},
{"type":"Feature","geometry":{"type":"Point","coordinates":[160880.75182997662,593963.2837687179]},"properties":{"OBJECTID_1":995,"efficiency":0,"stop_code":14349,"Muni_Heb":"שדות נגב","stop_name":"צומת נתיבות מערב"}},
{"type":"Feature","geometry":{"type":"Point","coordinates":[164439.86657227835,596370.369131957]},"properties":{"OBJECTID_1":996,"efficiency":0,"stop_code":14949,"Muni_Heb":"שדות נגב","stop_name":"זרועה/בית כנסת"}},
{"type":"Feature","geometry":{"type":"Point","coordinates":[163215.88660362439,591960.7374056426]},"properties":{"OBJECTID_1":997,"efficiency":1,"stop_code":15362,"Muni_Heb":"שדות נגב","stop_name":"בית הגדי"}},
{"type":"Feature","geometry":{"type":"Point","coordinates":[163113.59414707057,591912.6113127376]},"properties":{"OBJECTID_1":998,"efficiency":0,"stop_code":15365,"Muni_Heb":"שדות נגב","stop_name":"בית הגדי"}},
{"type":"Feature","geometry":{"type":"Point","coordinates":[154127.9538748639,595623.3209753478]},"properties":{"OBJECTID_1":999,"efficiency":0,"stop_code":15426,"Muni_Heb":"שדות נגב","stop_name":"צומת עלומים לדרום"}},
{"type":"Feature","geometry":{"type":"Point","coordinates":[154206.6959071103,595689.2485802121]},"properties":{"OBJECTID_1":1000,"efficiency":0,"stop_code":15427,"Muni_Heb":"שדות נגב","stop_name":"צומת עלומים לצפון"}},
{"type":"Feature","geometry":{"type":"Point","coordinates":[163273.43478453538,590232.201757328]},"properties":{"OBJECTID_1":1001,"efficiency":0,"stop_code":15569,"Muni_Heb":"שדות נגב","stop_name":"צומת שיבולים"}},
{"type":"Feature","geometry":{"type":"Point","coordinates":[162678.22970471138,591906.0997931827]},"properties":{"OBJECTID_1":1002,"efficiency":0,"stop_code":15570,"Muni_Heb":"שדות נגב","stop_name":"צומת הגדי"}},
{"type":"Feature","geometry":{"type":"Point","coordinates":[161474.3873159985,593586.6204286523]},"properties":{"OBJECTID_1":1003,"efficiency":0,"stop_code":15571,"Muni_Heb":"שדות נגב","stop_name":"קרית חינוך שדות נגב"}},
{"type":"Feature","geometry":{"type":"Point","coordinates":[162043.6508192032,593334.7594327923]},"properties":{"OBJECTID_1":1004,"efficiency":0,"stop_code":15572,"Muni_Heb":"שדות נגב","stop_name":"צומת נתיבות"}},
{"type":"Feature","geometry":{"type":"Point","coordinates":[159677.397962584,594857.4087275525]},"properties":{"OBJECTID_1":1005,"efficiency":0,"stop_code":15589,"Muni_Heb":"שדות נגב","stop_name":"צומת תקומה"}},
{"type":"Feature","geometry":{"type":"Point","coordinates":[162189.15320712002,592838.1984467624]},"properties":{"OBJECTID_1":1006,"efficiency":0,"stop_code":15590,"Muni_Heb":"שדות נגב","stop_name":"צומת נתיבות דרום/כביש 25"}},
{"type":"Feature","geometry":{"type":"Point","coordinates":[162029.6170446804,593220.7372231095]},"properties":{"OBJECTID_1":1007,"efficiency":0,"stop_code":15591,"Muni_Heb":"שדות נגב","stop_name":"צומת נתיבות"}},
{"type":"Feature","geometry":{"type":"Point","coordinates":[161535.90328654015,593535.4938712602]},"properties":{"OBJECTID_1":1008,"efficiency":0,"stop_code":15592,"Muni_Heb":"שדות נגב","stop_name":"קרית חינוך שדות נגב"}},
{"type":"Feature","geometry":{"type":"Point","coordinates":[161978.294693355,593293.5378430369]},"properties":{"OBJECTID_1":1009,"efficiency":0,"stop_code":15593,"Muni_Heb":"שדות נגב","stop_name":"צומת נתיבות צפון"}},
{"type":"Feature","geometry":{"type":"Point","coordinates":[163112.74869294016,590857.3395565768]},"properties":{"OBJECTID_1":1010,"efficiency":0,"stop_code":15594,"Muni_Heb":"שדות נגב","stop_name":"צומת שרשרת"}},
{"type":"Feature","geometry":{"type":"Point","coordinates":[162772.02698280232,591667.7450846194]},"properties":{"OBJECTID_1":1011,"efficiency":0,"stop_code":15595,"Muni_Heb":"שדות נגב","stop_name":"צומת הגדי"}},
{"type":"Feature","geometry":{"type":"Point","coordinates":[163255.39550812135,590096.5778729409]},"properties":{"OBJECTID_1":1012,"efficiency":0,"stop_code":15615,"Muni_Heb":"שדות נגב","stop_name":"צומת שיבולים"}},
{"type":"Feature","geometry":{"type":"Point","coordinates":[159587.20456216295,594927.7834712568]},"properties":{"OBJECTID_1":1013,"efficiency":0,"stop_code":15619,"Muni_Heb":"שדות נגב","stop_name":"צומת תקומה"}},
{"type":"Feature","geometry":{"type":"Point","coordinates":[162130.97187751957,595417.2346546978]},"properties":{"OBJECTID_1":1014,"efficiency":0,"stop_code":15620,"Muni_Heb":"שדות נגב","stop_name":"צומת יושיביה"}},
{"type":"Feature","geometry":{"type":"Point","coordinates":[162161.37430836997,595414.1845097075]},"properties":{"OBJECTID_1":1015,"efficiency":0,"stop_code":15622,"Muni_Heb":"שדות נגב","stop_name":"צומת יושיביה"}},
{"type":"Feature","geometry":{"type":"Point","coordinates":[155345.81567863323,597702.0786533059]},"properties":{"OBJECTID_1":1016,"efficiency":0,"stop_code":15623,"Muni_Heb":"שדות נגב","stop_name":"צומת סעד"}},
{"type":"Feature","geometry":{"type":"Point","coordinates":[155755.79360324517,597340.0716282377]},"properties":{"OBJECTID_1":1017,"efficiency":0,"stop_code":15624,"Muni_Heb":"שדות נגב","stop_name":"צומת עלומים בארי"}},
{"type":"Feature","geometry":{"type":"Point","coordinates":[157527.19410798448,596136.5982029786]},"properties":{"OBJECTID_1":1018,"efficiency":0,"stop_code":15625,"Muni_Heb":"שדות נגב","stop_name":"צומת שובה"}},
{"type":"Feature","geometry":{"type":"Point","coordinates":[155876.86640181023,597228.889805729]},"properties":{"OBJECTID_1":1019,"efficiency":0,"stop_code":15626,"Muni_Heb":"שדות נגב","stop_name":"צומת עלומים בארי"}},
{"type":"Feature","geometry":{"type":"Point","coordinates":[157616.52890085801,596069.7584605315]},"properties":{"OBJECTID_1":1020,"efficiency":0,"stop_code":15627,"Muni_Heb":"שדות נגב","stop_name":"צומת שובה"}},
{"type":"Feature","geometry":{"type":"Point","coordinates":[158164.46547876653,595656.2473217001]},"properties":{"OBJECTID_1":1021,"efficiency":0,"stop_code":15628,"Muni_Heb":"שדות נגב","stop_name":"צומת זימרת"}},
{"type":"Feature","geometry":{"type":"Point","coordinates":[155880.60782016045,597826.4310425589]},"properties":{"OBJECTID_1":1022,"efficiency":0,"stop_code":19136,"Muni_Heb":"שדות נגב","stop_name":"חדר אוכל/סעד"}},
{"type":"Feature","geometry":{"type":"Point","coordinates":[154912.11779168437,592614.2139378537]},"properties":{"OBJECTID_1":1023,"efficiency":0,"stop_code":19504,"Muni_Heb":"שדות נגב","stop_name":"שוקדה"}},
{"type":"Feature","geometry":{"type":"Point","coordinates":[156468.27568391786,593506.3123512475]},"properties":{"OBJECTID_1":1024,"efficiency":0,"stop_code":19505,"Muni_Heb":"שדות נגב","stop_name":"כפר מימון"}},
{"type":"Feature","geometry":{"type":"Point","coordinates":[164044.94692106906,596641.4659120558]},"properties":{"OBJECTID_1":1025,"efficiency":0,"stop_code":18467,"Muni_Heb":"שדות נגב","stop_name":"זרועה/מרכז"}},
{"type":"Feature","geometry":{"type":"Point","coordinates":[162319.18526444127,590537.3180763248]},"properties":{"OBJECTID_1":1026,"efficiency":0,"stop_code":18215,"Muni_Heb":"שדות נגב","stop_name":"שרשרת/מעגל תנועה"}},
{"type":"Feature","geometry":{"type":"Point","coordinates":[161626.8642984873,589101.0866648064]},"properties":{"OBJECTID_1":1027,"efficiency":0,"stop_code":18211,"Muni_Heb":"שדות נגב","stop_name":"מלילות/בית העם"}},
{"type":"Feature","geometry":{"type":"Point","coordinates":[163093.68562270195,592047.1094360836]},"properties":{"OBJECTID_1":1028,"efficiency":0,"stop_code":18204,"Muni_Heb":"שדות נגב","stop_name":"בית הגדי ד"}},
{"type":"Feature","geometry":{"type":"Point","coordinates":[162598.21945250462,592544.8919135036]},"properties":{"OBJECTID_1":1029,"efficiency":0,"stop_code":18203,"Muni_Heb":"שדות נגב","stop_name":"בית הגדי ג"}},
{"type":"Feature","geometry":{"type":"Point","coordinates":[162689.7349716262,592535.3011574276]},"properties":{"OBJECTID_1":1030,"efficiency":0,"stop_code":18193,"Muni_Heb":"שדות נגב","stop_name":"בית הגדי ב"}},
{"type":"Feature","geometry":{"type":"Point","coordinates":[163099.7287975589,592056.8345586987]},"properties":{"OBJECTID_1":1031,"efficiency":0,"stop_code":18192,"Muni_Heb":"שדות נגב","stop_name":"בית הגדי א"}},
{"type":"Feature","geometry":{"type":"Point","coordinates":[164305.70065576248,596486.7301714644]},"properties":{"OBJECTID_1":1032,"efficiency":0,"stop_code":11489,"Muni_Heb":"שדות נגב","stop_name":"קופ''ח כללית/זרועה"}},
{"type":"Feature","geometry":{"type":"Point","coordinates":[164435.30812017884,596659.1347263929]},"properties":{"OBJECTID_1":1033,"efficiency":0,"stop_code":11488,"Muni_Heb":"שדות נגב","stop_name":"מקווה/זרועה"}},
{"type":"Feature","geometry":{"type":"Point","coordinates":[164738.1879890622,596054.5539945951]},"properties":{"OBJECTID_1":1034,"efficiency":0,"stop_code":11487,"Muni_Heb":"שדות נגב","stop_name":"זרועה יציאה"}},
{"type":"Feature","geometry":{"type":"Point","coordinates":[164573.52848596324,596211.8767731037]},"properties":{"OBJECTID_1":1035,"efficiency":0,"stop_code":11486,"Muni_Heb":"שדות נגב","stop_name":"זרועה כניסה"}},
{"type":"Feature","geometry":{"type":"Point","coordinates":[157422.7907860936,595284.2898545484]},"properties":{"OBJECTID_1":1036,"efficiency":0,"stop_code":11485,"Muni_Heb":"שדות נגב","stop_name":"מזכירות/זמרת"}},
{"type":"Feature","geometry":{"type":"Point","coordinates":[157613.44663772793,595389.939658386]},"properties":{"OBJECTID_1":1037,"efficiency":0,"stop_code":11484,"Muni_Heb":"שדות נגב","stop_name":"צרכניה/זמרת"}},
{"type":"Feature","geometry":{"type":"Point","coordinates":[157588.63283728834,595213.2250813248]},"properties":{"OBJECTID_1":1038,"efficiency":0,"stop_code":11483,"Muni_Heb":"שדות נגב","stop_name":"אולם ספורט/זמרת"}},
{"type":"Feature","geometry":{"type":"Point","coordinates":[157595.59088948113,595200.3211207611]},"properties":{"OBJECTID_1":1039,"efficiency":0,"stop_code":11482,"Muni_Heb":"שדות נגב","stop_name":"אולם ספורט/זמרת"}},
{"type":"Feature","geometry":{"type":"Point","coordinates":[157170.07601583216,595309.5258944458]},"properties":{"OBJECTID_1":1040,"efficiency":0,"stop_code":11481,"Muni_Heb":"שדות נגב","stop_name":"זמרת כניסה"}},
{"type":"Feature","geometry":{"type":"Point","coordinates":[162601.79673224047,595241.7880785929]},"properties":{"OBJECTID_1":1041,"efficiency":0,"stop_code":11480,"Muni_Heb":"שדות נגב","stop_name":"יושיביה"}},
{"type":"Feature","geometry":{"type":"Point","coordinates":[162584.82706055415,595267.7166104482]},"properties":{"OBJECTID_1":1042,"efficiency":0,"stop_code":11479,"Muni_Heb":"שדות נגב","stop_name":"יושיביה יציאה"}},
{"type":"Feature","geometry":{"type":"Point","coordinates":[162869.87878092754,595085.8682279878]},"properties":{"OBJECTID_1":1043,"efficiency":0,"stop_code":11478,"Muni_Heb":"שדות נגב","stop_name":"מרכז/יושיביה"}},
{"type":"Feature","geometry":{"type":"Point","coordinates":[159766.39030994452,595141.65057981]},"properties":{"OBJECTID_1":1044,"efficiency":0,"stop_code":11477,"Muni_Heb":"שדות נגב","stop_name":"תקומה יציאה"}},
{"type":"Feature","geometry":{"type":"Point","coordinates":[160062.187707205,595451.9905716215]},"properties":{"OBJECTID_1":1045,"efficiency":0,"stop_code":11476,"Muni_Heb":"שדות נגב","stop_name":"קופ''ח כללית/תקומה"}},
{"type":"Feature","geometry":{"type":"Point","coordinates":[156777.2543822574,595463.4602293769]},"properties":{"OBJECTID_1":1046,"efficiency":0,"stop_code":11475,"Muni_Heb":"שדות נגב","stop_name":"שובה"}},
{"type":"Feature","geometry":{"type":"Point","coordinates":[156761.06634545856,595443.0437582252]},"properties":{"OBJECTID_1":1047,"efficiency":0,"stop_code":11474,"Muni_Heb":"שדות נגב","stop_name":"שובה"}},
{"type":"Feature","geometry":{"type":"Point","coordinates":[157310.27527004253,595785.0522370532]},"properties":{"OBJECTID_1":1048,"efficiency":0,"stop_code":11473,"Muni_Heb":"שדות נגב","stop_name":"שובה יציאה"}},
{"type":"Feature","geometry":{"type":"Point","coordinates":[157544.5884294004,596040.4682477835]},"properties":{"OBJECTID_1":1049,"efficiency":0,"stop_code":11472,"Muni_Heb":"שדות נגב","stop_name":"שובה כניסה"}},
{"type":"Feature","geometry":{"type":"Point","coordinates":[163000.59281502076,589672.715470232]},"properties":{"OBJECTID_1":1050,"efficiency":0,"stop_code":11471,"Muni_Heb":"שדות נגב","stop_name":"שיבולים א"}},
{"type":"Feature","geometry":{"type":"Point","coordinates":[162990.84093684203,589680.9735725888]},"properties":{"OBJECTID_1":1051,"efficiency":0,"stop_code":11470,"Muni_Heb":"שדות נגב","stop_name":"שיבולים א"}},
{"type":"Feature","geometry":{"type":"Point","coordinates":[162975.29573259837,589919.4561659391]},"properties":{"OBJECTID_1":1052,"efficiency":0,"stop_code":11469,"Muni_Heb":"שדות נגב","stop_name":"שיבולים"}},
{"type":"Feature","geometry":{"type":"Point","coordinates":[163192.9610787736,590088.4869672721]},"properties":{"OBJECTID_1":1053,"efficiency":0,"stop_code":11467,"Muni_Heb":"שדות נגב","stop_name":"שיבולים כניסה"}},
{"type":"Feature","geometry":{"type":"Point","coordinates":[162513.86251721426,590659.2243039575]},"properties":{"OBJECTID_1":1054,"efficiency":0,"stop_code":11466,"Muni_Heb":"שדות נגב","stop_name":"שרשרת"}},
{"type":"Feature","geometry":{"type":"Point","coordinates":[162303.88922089554,590366.4196555243]},"properties":{"OBJECTID_1":1055,"efficiency":0,"stop_code":11465,"Muni_Heb":"שדות נגב","stop_name":"מועדון שרשרת"}},
{"type":"Feature","geometry":{"type":"Point","coordinates":[162243.28820501213,590172.0403912357]},"properties":{"OBJECTID_1":1056,"efficiency":0,"stop_code":11464,"Muni_Heb":"שדות נגב","stop_name":"שרשרת כניסה"}},
{"type":"Feature","geometry":{"type":"Point","coordinates":[161349.50496857084,588827.9675887248]},"properties":{"OBJECTID_1":1057,"efficiency":0,"stop_code":11462,"Muni_Heb":"שדות נגב","stop_name":"מגרש ספורט/מלילות"}},
{"type":"Feature","geometry":{"type":"Point","coordinates":[161533.99640732282,588769.0622388624]},"properties":{"OBJECTID_1":1058,"efficiency":0,"stop_code":11461,"Muni_Heb":"שדות נגב","stop_name":"מלילות"}},
{"type":"Feature","geometry":{"type":"Point","coordinates":[162036.6154761832,589358.0717218606]},"properties":{"OBJECTID_1":1059,"efficiency":0,"stop_code":11458,"Muni_Heb":"שדות נגב","stop_name":"מעגלים"}},
{"type":"Feature","geometry":{"type":"Point","coordinates":[162049.24716205848,589337.3780267484]},"properties":{"OBJECTID_1":1060,"efficiency":0,"stop_code":11457,"Muni_Heb":"שדות נגב","stop_name":"מעגלים"}},
{"type":"Feature","geometry":{"type":"Point","coordinates":[162002.80528529634,589678.5992351478]},"properties":{"OBJECTID_1":1061,"efficiency":0,"stop_code":11456,"Muni_Heb":"שדות נגב","stop_name":"קופ''ח כללית/מעגלים"}},
{"type":"Feature","geometry":{"type":"Point","coordinates":[162019.87556274288,589686.8216414307]},"properties":{"OBJECTID_1":1062,"efficiency":0,"stop_code":11455,"Muni_Heb":"שדות נגב","stop_name":"מגרש ספורט/מעגלים"}},
{"type":"Feature","geometry":{"type":"Point","coordinates":[160997.8219636177,589350.6375373383]},"properties":{"OBJECTID_1":1063,"efficiency":0,"stop_code":11454,"Muni_Heb":"שדות נגב","stop_name":"גבעולים"}},
{"type":"Feature","geometry":{"type":"Point","coordinates":[161144.43326110338,589613.1663231874]},"properties":{"OBJECTID_1":1064,"efficiency":0,"stop_code":11453,"Muni_Heb":"שדות נגב","stop_name":"מועדון/גבעולים"}},
{"type":"Feature","geometry":{"type":"Point","coordinates":[161452.86694956437,589695.7205498397]},"properties":{"OBJECTID_1":1065,"efficiency":0,"stop_code":11452,"Muni_Heb":"שדות נגב","stop_name":"מגרש ספורט/גבעולים"}},
{"type":"Feature","geometry":{"type":"Point","coordinates":[162532.31568927647,592874.3537520269]},"properties":{"OBJECTID_1":1066,"efficiency":0,"stop_code":11451,"Muni_Heb":"שדות נגב","stop_name":"מזכירות בית הגדי"}},
{"type":"Feature","geometry":{"type":"Point","coordinates":[162958.9953472143,593198.3650887597]},"properties":{"OBJECTID_1":1067,"efficiency":0,"stop_code":11450,"Muni_Heb":"שדות נגב","stop_name":"בית הגדי ג"}},
{"type":"Feature","geometry":{"type":"Point","coordinates":[162819.50306777842,591742.3336950261]},"properties":{"OBJECTID_1":1068,"efficiency":0,"stop_code":11793,"Muni_Heb":"שדות נגב","stop_name":"צומת הגדי"}},
{"type":"Feature","geometry":{"type":"Point","coordinates":[154116.02035916797,595888.1916029741]},"properties":{"OBJECTID_1":1069,"efficiency":0,"stop_code":11809,"Muni_Heb":"שדות נגב","stop_name":"עלומים"}},
{"type":"Feature","geometry":{"type":"Point","coordinates":[161177.90598447155,593410.636341993]},"properties":{"OBJECTID_1":1070,"efficiency":0,"stop_code":11808,"Muni_Heb":"שדות נגב","stop_name":"מכללת חמדת הדרום"}},
{"type":"Feature","geometry":{"type":"Point","coordinates":[160833.58429652228,593555.2732773141]},"properties":{"OBJECTID_1":1071,"efficiency":0,"stop_code":12356,"Muni_Heb":"שדות נגב","stop_name":"יצחק שמיר/אחת עשרה הנקודות"}},
{"type":"Feature","geometry":{"type":"Point","coordinates":[162218.830022419,591990.662730317]},"properties":{"OBJECTID_1":1072,"efficiency":0,"stop_code":12830,"Muni_Heb":"שדות נגב","stop_name":"יוסף סמלו/אברהם רוזנמן"}},
{"type":"Feature","geometry":{"type":"Point","coordinates":[157926.6342115982,595125.621707508]},"properties":{"OBJECTID_1":1073,"efficiency":0,"stop_code":12995,"Muni_Heb":"שדות נגב","stop_name":"זמרת/הרחבה"}},
{"type":"Feature","geometry":{"type":"Point","coordinates":[156480.29355329165,593418.0861962022]},"properties":{"OBJECTID_1":1074,"efficiency":0,"stop_code":12999,"Muni_Heb":"שדות נגב","stop_name":"תושיה/כפר מימון"}},
{"type":"Feature","geometry":{"type":"Point","coordinates":[157862.41027735724,595003.4729860739]},"properties":{"OBJECTID_1":1075,"efficiency":0,"stop_code":12998,"Muni_Heb":"שדות נגב","stop_name":"זמרת/הרחבה"}},
{"type":"Feature","geometry":{"type":"Point","coordinates":[158175.9264357275,595600.7374158577]},"properties":{"OBJECTID_1":1076,"efficiency":0,"stop_code":13476,"Muni_Heb":"שדות נגב","stop_name":"צומת זימרת"}},
{"type":"Feature","geometry":{"type":"Point","coordinates":[161968.40031076717,603466.7034979006]},"properties":{"OBJECTID_1":1077,"efficiency":0,"stop_code":10063,"Muni_Heb":"שדרות","stop_name":"הבנים/שכ' נאות הדקלים"}},
{"type":"Feature","geometry":{"type":"Point","coordinates":[161759.46214376338,603797.6345848177]},"properties":{"OBJECTID_1":1078,"efficiency":0,"stop_code":10064,"Muni_Heb":"שדרות","stop_name":"מרכז מסחרי/דרך מנחם בגין"}},
{"type":"Feature","geometry":{"type":"Point","coordinates":[162188.93347054784,604031.0019594142]},"properties":{"OBJECTID_1":1079,"efficiency":0,"stop_code":10066,"Muni_Heb":"שדרות","stop_name":"מנחם בגין/ספריה ציבורית"}},
{"type":"Feature","geometry":{"type":"Point","coordinates":[162510.56433406894,603775.4180611431]},"properties":{"OBJECTID_1":1080,"efficiency":0,"stop_code":10076,"Muni_Heb":"שדרות","stop_name":"אזור תעשיה שדרות"}},
{"type":"Feature","geometry":{"type":"Point","coordinates":[161854.0854609477,603955.4542939948]},"properties":{"OBJECTID_1":1081,"efficiency":0,"stop_code":13587,"Muni_Heb":"שדרות","stop_name":"מנחם בגין/בי''ס הרוא''ה"}},
{"type":"Feature","geometry":{"type":"Point","coordinates":[161211.7409624659,603992.8541618184]},"properties":{"OBJECTID_1":1082,"efficiency":0,"stop_code":14503,"Muni_Heb":"שדרות","stop_name":"מרכז לתרבות יהודית/הרמב''ם"}},
{"type":"Feature","geometry":{"type":"Point","coordinates":[161102.21004046185,603685.3171898234]},"properties":{"OBJECTID_1":1083,"efficiency":0,"stop_code":14505,"Muni_Heb":"שדרות","stop_name":"הרמב''ם/משה זרח"}},
{"type":"Feature","geometry":{"type":"Point","coordinates":[161272.44277338102,603638.0127298281]},"properties":{"OBJECTID_1":1084,"efficiency":0,"stop_code":14506,"Muni_Heb":"שדרות","stop_name":"ניצן/הרב בן נון"}},
{"type":"Feature","geometry":{"type":"Point","coordinates":[160999.3662175767,604956.0917614114]},"properties":{"OBJECTID_1":1085,"efficiency":0,"stop_code":14508,"Muni_Heb":"שדרות","stop_name":"יונה/מרים הנביאה"}},
{"type":"Feature","geometry":{"type":"Point","coordinates":[161254.55698546788,604921.8368854084]},"properties":{"OBJECTID_1":1086,"efficiency":0,"stop_code":14509,"Muni_Heb":"שדרות","stop_name":"משה רבנו/משעול רבקה"}},
{"type":"Feature","geometry":{"type":"Point","coordinates":[161007.07690010386,604824.2050139792]},"properties":{"OBJECTID_1":1087,"efficiency":0,"stop_code":14510,"Muni_Heb":"שדרות","stop_name":"משה רבנו/משעול אברהם"}},
{"type":"Feature","geometry":{"type":"Point","coordinates":[161035.97933865292,604491.7176781169]},"properties":{"OBJECTID_1":1088,"efficiency":0,"stop_code":14513,"Muni_Heb":"שדרות","stop_name":"גולומב/משעול ניצנה"}},
{"type":"Feature","geometry":{"type":"Point","coordinates":[161968.33562718332,603523.6989953596]},"properties":{"OBJECTID_1":1089,"efficiency":0,"stop_code":14514,"Muni_Heb":"שדרות","stop_name":"הבנים/יערה"}},
{"type":"Feature","geometry":{"type":"Point","coordinates":[163098.56441717243,603697.4765997889]},"properties":{"OBJECTID_1":1090,"efficiency":0,"stop_code":14516,"Muni_Heb":"שדרות","stop_name":"לונדון/ניס"}},
{"type":"Feature","geometry":{"type":"Point","coordinates":[161972.03315016118,603075.8123208996]},"properties":{"OBJECTID_1":1091,"efficiency":0,"stop_code":14517,"Muni_Heb":"שדרות","stop_name":"שדרות/בריכה עירונית"}},
{"type":"Feature","geometry":{"type":"Point","coordinates":[161955.42055520343,603163.6145277771]},"properties":{"OBJECTID_1":1092,"efficiency":0,"stop_code":14518,"Muni_Heb":"שדרות","stop_name":"בריכת שחיה/הבנים"}},
{"type":"Feature","geometry":{"type":"Point","coordinates":[160931.26584084542,604651.7607262571]},"properties":{"OBJECTID_1":1093,"efficiency":0,"stop_code":14519,"Muni_Heb":"שדרות","stop_name":"כיכר גולומב/גולומב"}},
{"type":"Feature","geometry":{"type":"Point","coordinates":[160442.28857793944,604995.7223712681]},"properties":{"OBJECTID_1":1094,"efficiency":0,"stop_code":14520,"Muni_Heb":"שדרות","stop_name":"משעול שרה/ירמיהו"}},
{"type":"Feature","geometry":{"type":"Point","coordinates":[160689.9367281549,604904.5011239093]},"properties":{"OBJECTID_1":1095,"efficiency":0,"stop_code":14522,"Muni_Heb":"שדרות","stop_name":"משה רבנו/משעול יעקב"}},
{"type":"Feature","geometry":{"type":"Point","coordinates":[160708.7406909442,604316.3668613906]},"properties":{"OBJECTID_1":1096,"efficiency":0,"stop_code":14863,"Muni_Heb":"שדרות","stop_name":"ברלב/בורוכוב"}},
{"type":"Feature","geometry":{"type":"Point","coordinates":[161014.68768201311,604269.1787315084]},"properties":{"OBJECTID_1":1097,"efficiency":0,"stop_code":14864,"Muni_Heb":"שדרות","stop_name":"ברלב/המגינים"}},
{"type":"Feature","geometry":{"type":"Point","coordinates":[161246.40760536017,604229.9553507649]},"properties":{"OBJECTID_1":1098,"efficiency":0,"stop_code":14866,"Muni_Heb":"שדרות","stop_name":"יוספטל/המעפלים"}},
{"type":"Feature","geometry":{"type":"Point","coordinates":[161361.4809486983,603491.7001929372]},"properties":{"OBJECTID_1":1099,"efficiency":0,"stop_code":14867,"Muni_Heb":"שדרות","stop_name":"הרצל/קדש"}},
{"type":"Feature","geometry":{"type":"Point","coordinates":[161412.0981511972,603387.739512668]},"properties":{"OBJECTID_1":1100,"efficiency":0,"stop_code":14869,"Muni_Heb":"שדרות","stop_name":"מרכז תעסוקתי אנוש/הרצל"}},
{"type":"Feature","geometry":{"type":"Point","coordinates":[161334.08686777105,603535.8749555668]},"properties":{"OBJECTID_1":1101,"efficiency":0,"stop_code":14870,"Muni_Heb":"שדרות","stop_name":"הרצל/נורית"}},
{"type":"Feature","geometry":{"type":"Point","coordinates":[161355.36273429895,603705.632761281]},"properties":{"OBJECTID_1":1102,"efficiency":0,"stop_code":14871,"Muni_Heb":"שדרות","stop_name":"משטרה"}},
{"type":"Feature","geometry":{"type":"Point","coordinates":[162408.81376783573,604099.9831877551]},"properties":{"OBJECTID_1":1103,"efficiency":0,"stop_code":14873,"Muni_Heb":"שדרות","stop_name":"דרך ירושלים/שאר ישוב"}},
{"type":"Feature","geometry":{"type":"Point","coordinates":[161463.56365552795,604082.5940374889]},"properties":{"OBJECTID_1":1104,"efficiency":0,"stop_code":14875,"Muni_Heb":"שדרות","stop_name":"יוספטל/מבצע סיני"}},
{"type":"Feature","geometry":{"type":"Point","coordinates":[161361.07398885523,603775.791429928]},"properties":{"OBJECTID_1":1105,"efficiency":0,"stop_code":14876,"Muni_Heb":"שדרות","stop_name":"עירייה"}},
{"type":"Feature","geometry":{"type":"Point","coordinates":[162183.99789078627,603566.197385478]},"properties":{"OBJECTID_1":1106,"efficiency":0,"stop_code":14878,"Muni_Heb":"שדרות","stop_name":"יגאל אלון/יהדות איטליה"}},
{"type":"Feature","geometry":{"type":"Point","coordinates":[160952.5509965337,605092.1904681906]},"properties":{"OBJECTID_1":1107,"efficiency":0,"stop_code":14880,"Muni_Heb":"שדרות","stop_name":"יהושע בן נון/נחום"}},
{"type":"Feature","geometry":{"type":"Point","coordinates":[160861.4936513092,605028.5006908536]},"properties":{"OBJECTID_1":1108,"efficiency":0,"stop_code":14881,"Muni_Heb":"שדרות","stop_name":"יחזקאל/יהושע בן נון"}},
{"type":"Feature","geometry":{"type":"Point","coordinates":[160779.20646518224,604785.792218607]},"properties":{"OBJECTID_1":1109,"efficiency":0,"stop_code":14882,"Muni_Heb":"שדרות","stop_name":"יחזקאל/דרך העלייה"}},
{"type":"Feature","geometry":{"type":"Point","coordinates":[162610.0558231705,604182.8207549849]},"properties":{"OBJECTID_1":1110,"efficiency":0,"stop_code":14883,"Muni_Heb":"שדרות","stop_name":"דרך ירושלים/נחשון"}},
{"type":"Feature","geometry":{"type":"Point","coordinates":[162312.14891993243,603655.4201457398]},"properties":{"OBJECTID_1":1111,"efficiency":0,"stop_code":14887,"Muni_Heb":"שדרות","stop_name":"יהדות איטליה/אבן גבירול"}},
{"type":"Feature","geometry":{"type":"Point","coordinates":[162801.97239348298,604280.4607858333]},"properties":{"OBJECTID_1":1112,"efficiency":0,"stop_code":14890,"Muni_Heb":"שדרות","stop_name":"דרך ירושלים/הרצוג"}},
{"type":"Feature","geometry":{"type":"Point","coordinates":[162877.3861861669,603460.4966390672]},"properties":{"OBJECTID_1":1113,"efficiency":0,"stop_code":14891,"Muni_Heb":"שדרות","stop_name":"קהילת מילנו/דבלין"}},
{"type":"Feature","geometry":{"type":"Point","coordinates":[162892.4048320843,603689.3929609365]},"properties":{"OBJECTID_1":1114,"efficiency":0,"stop_code":14892,"Muni_Heb":"שדרות","stop_name":"פריז/ניס"}},
{"type":"Feature","geometry":{"type":"Point","coordinates":[163079.0651332108,603972.5778100055]},"properties":{"OBJECTID_1":1115,"efficiency":0,"stop_code":14893,"Muni_Heb":"שדרות","stop_name":"פריז/הלסינקי"}},
{"type":"Feature","geometry":{"type":"Point","coordinates":[162686.49293488302,604091.9204693981]},"properties":{"OBJECTID_1":1116,"efficiency":0,"stop_code":14895,"Muni_Heb":"שדרות","stop_name":"דרך ירושלים/דרך משה דיין"}},
{"type":"Feature","geometry":{"type":"Point","coordinates":[160613.93653977176,604431.1157070714]},"properties":{"OBJECTID_1":1117,"efficiency":0,"stop_code":14896,"Muni_Heb":"שדרות","stop_name":"בר לב/קק''ל"}},
{"type":"Feature","geometry":{"type":"Point","coordinates":[160552.93928474686,604594.9070628987]},"properties":{"OBJECTID_1":1118,"efficiency":0,"stop_code":14897,"Muni_Heb":"שדרות","stop_name":"ברלב/משעול יציאת אירופה"}},
{"type":"Feature","geometry":{"type":"Point","coordinates":[160543.92064196971,604779.915979128]},"properties":{"OBJECTID_1":1119,"efficiency":0,"stop_code":14898,"Muni_Heb":"שדרות","stop_name":"ברלב/המכבים"}},
{"type":"Feature","geometry":{"type":"Point","coordinates":[161682.89885150062,603728.0910863859]},"properties":{"OBJECTID_1":1120,"efficiency":0,"stop_code":15266,"Muni_Heb":"שדרות","stop_name":"בגין/מרכז מסחרי"}},
{"type":"Feature","geometry":{"type":"Point","coordinates":[161872.00387460444,603983.7416794162]},"properties":{"OBJECTID_1":1121,"efficiency":0,"stop_code":15269,"Muni_Heb":"שדרות","stop_name":"מנחם בגין/בי''ס הרוא''ה"}},
{"type":"Feature","geometry":{"type":"Point","coordinates":[161105.81355157052,604716.2017125539]},"properties":{"OBJECTID_1":1122,"efficiency":0,"stop_code":15271,"Muni_Heb":"שדרות","stop_name":"כיכר קק''ל/הרב יורם אברג'ל"}},
{"type":"Feature","geometry":{"type":"Point","coordinates":[161342.8742102539,604852.4825283544]},"properties":{"OBJECTID_1":1123,"efficiency":0,"stop_code":15272,"Muni_Heb":"שדרות","stop_name":"המעפילים/דניאל"}},
{"type":"Feature","geometry":{"type":"Point","coordinates":[161612.1024134892,603619.7060526924]},"properties":{"OBJECTID_1":1124,"efficiency":0,"stop_code":15273,"Muni_Heb":"שדרות","stop_name":"דרך מנחם בגין/הרצל"}},
{"type":"Feature","geometry":{"type":"Point","coordinates":[161614.02047382892,603588.8692279897]},"properties":{"OBJECTID_1":1125,"efficiency":0,"stop_code":15274,"Muni_Heb":"שדרות","stop_name":"דרך מנחם בגין/שוק"}},
{"type":"Feature","geometry":{"type":"Point","coordinates":[162493.92279518046,603875.8605198165]},"properties":{"OBJECTID_1":1126,"efficiency":0,"stop_code":15275,"Muni_Heb":"שדרות","stop_name":"דרך ירושלים/דרך מנחם בגין"}},
{"type":"Feature","geometry":{"type":"Point","coordinates":[162531.60789254901,603784.9498504832]},"properties":{"OBJECTID_1":1127,"efficiency":0,"stop_code":15277,"Muni_Heb":"שדרות","stop_name":"אזור תעשיה שדרות"}},
{"type":"Feature","geometry":{"type":"Point","coordinates":[162207.26395753957,604048.0882488918]},"properties":{"OBJECTID_1":1128,"efficiency":0,"stop_code":15280,"Muni_Heb":"שדרות","stop_name":"ספרייה ציבורית/יצחק שמיר"}},
{"type":"Feature","geometry":{"type":"Point","coordinates":[162694.24032444373,603580.0314509438]},"properties":{"OBJECTID_1":1129,"efficiency":0,"stop_code":15282,"Muni_Heb":"שדרות","stop_name":"קהילת מילנו/בריסל"}},
{"type":"Feature","geometry":{"type":"Point","coordinates":[163061.10858933633,604304.2222677172]},"properties":{"OBJECTID_1":1130,"efficiency":0,"stop_code":15377,"Muni_Heb":"שדרות","stop_name":"צומת דורות"}},
{"type":"Feature","geometry":{"type":"Point","coordinates":[162288.4246194546,603642.1334735729]},"properties":{"OBJECTID_1":1131,"efficiency":0,"stop_code":16199,"Muni_Heb":"שדרות","stop_name":"יהדות איטליה/ביאליק"}},
{"type":"Feature","geometry":{"type":"Point","coordinates":[162055.06401775632,603593.6319290211]},"properties":{"OBJECTID_1":1132,"efficiency":0,"stop_code":16201,"Muni_Heb":"שדרות","stop_name":"יגאל אלון/דוד אלעזר"}},
{"type":"Feature","geometry":{"type":"Point","coordinates":[162006.59928490958,603091.1452637903]},"properties":{"OBJECTID_1":1133,"efficiency":0,"stop_code":19507,"Muni_Heb":"שדרות","stop_name":"חניון בריכה"}},
{"type":"Feature","geometry":{"type":"Point","coordinates":[161245.77805310683,604219.3138714649]},"properties":{"OBJECTID_1":1134,"efficiency":0,"stop_code":19522,"Muni_Heb":"שדרות","stop_name":"יוספטל/הרמב''ם"}},
{"type":"Feature","geometry":{"type":"Point","coordinates":[162759.31911008334,604157.1671079446]},"properties":{"OBJECTID_1":1135,"efficiency":0,"stop_code":19523,"Muni_Heb":"שדרות","stop_name":"דרך ירושלים/ישראל ישעיהו"}},
{"type":"Feature","geometry":{"type":"Point","coordinates":[162634.11794683384,604049.737590898]},"properties":{"OBJECTID_1":1136,"efficiency":0,"stop_code":19524,"Muni_Heb":"שדרות","stop_name":"דרך ירושלים/דרך משה דיין"}},
{"type":"Feature","geometry":{"type":"Point","coordinates":[162484.9252869778,603880.5670673039]},"properties":{"OBJECTID_1":1137,"efficiency":0,"stop_code":19525,"Muni_Heb":"שדרות","stop_name":"דרך ירושלים/דרך מנחם בגין"}},
{"type":"Feature","geometry":{"type":"Point","coordinates":[161818.8405026855,603937.1318139936]},"properties":{"OBJECTID_1":1138,"efficiency":0,"stop_code":44012,"Muni_Heb":"שדרות","stop_name":"תחנת מוניות שדרות דרך מנחם בגין"}},
{"type":"Feature","geometry":{"type":"Point","coordinates":[161823.51822856403,603958.5067966034]},"properties":{"OBJECTID_1":1139,"efficiency":0,"stop_code":44011,"Muni_Heb":"שדרות","stop_name":"תחנת מוניות שדרות דרך מנחם בגין"}},
{"type":"Feature","geometry":{"type":"Point","coordinates":[160781.3425866863,604827.6950441822]},"properties":{"OBJECTID_1":1140,"efficiency":1,"stop_code":18379,"Muni_Heb":"שדרות","stop_name":"יחזקאל/משה רבנו"}},
{"type":"Feature","geometry":{"type":"Point","coordinates":[161654.50647422284,604532.1695816482]},"properties":{"OBJECTID_1":1141,"efficiency":1,"stop_code":18377,"Muni_Heb":"שדרות","stop_name":"הרב יורם אברג'ל/משעול חטיבת הצנחנים"}},
{"type":"Feature","geometry":{"type":"Point","coordinates":[162877.16586102903,603472.3625621389]},"properties":{"OBJECTID_1":1142,"efficiency":1,"stop_code":18371,"Muni_Heb":"שדרות","stop_name":"קהילת מילנו/דבלין"}},
{"type":"Feature","geometry":{"type":"Point","coordinates":[161570.33094299183,604578.6557043687]},"properties":{"OBJECTID_1":1143,"efficiency":1,"stop_code":18358,"Muni_Heb":"שדרות","stop_name":"הרב יורם אברג'ל/משעול חטיבת הצנחנים"}},
{"type":"Feature","geometry":{"type":"Point","coordinates":[162723.14587087254,603568.1197663927]},"properties":{"OBJECTID_1":1144,"efficiency":1,"stop_code":18356,"Muni_Heb":"שדרות","stop_name":"קהילת מילנו/מדריד"}},
{"type":"Feature","geometry":{"type":"Point","coordinates":[160989.00035848754,604261.5612144589]},"properties":{"OBJECTID_1":1145,"efficiency":1,"stop_code":18353,"Muni_Heb":"שדרות","stop_name":"ברלב/המגינים"}},
{"type":"Feature","geometry":{"type":"Point","coordinates":[160556.02697742305,604553.1964226653]},"properties":{"OBJECTID_1":1146,"efficiency":1,"stop_code":18352,"Muni_Heb":"שדרות","stop_name":"ברלב/משעול יציאת אירופה"}},
{"type":"Feature","geometry":{"type":"Point","coordinates":[160534.27439051573,604770.4344289327]},"properties":{"OBJECTID_1":1147,"efficiency":1,"stop_code":18351,"Muni_Heb":"שדרות","stop_name":"ברלב/דרך העליה"}},
{"type":"Feature","geometry":{"type":"Point","coordinates":[160607.46874970364,604999.664522393]},"properties":{"OBJECTID_1":1148,"efficiency":1,"stop_code":18350,"Muni_Heb":"שדרות","stop_name":"נחל שקמה/משה רבנו"}},
{"type":"Feature","geometry":{"type":"Point","coordinates":[160999.91208718874,604833.6706236039]},"properties":{"OBJECTID_1":1149,"efficiency":1,"stop_code":18349,"Muni_Heb":"שדרות","stop_name":"משה רבנו/משעול אברהם"}},
{"type":"Feature","geometry":{"type":"Point","coordinates":[161219.14094583588,604906.5113705007]},"properties":{"OBJECTID_1":1150,"efficiency":1,"stop_code":18348,"Muni_Heb":"שדרות","stop_name":"משה רבנו /יהושע בן נון"}},
{"type":"Feature","geometry":{"type":"Point","coordinates":[161598.95929022133,603306.1949745866]},"properties":{"OBJECTID_1":1151,"efficiency":1,"stop_code":18170,"Muni_Heb":"שדרות","stop_name":"בן יהודה/הנחלים"}},
{"type":"Feature","geometry":{"type":"Point","coordinates":[161730.0373423821,603647.3263059318]},"properties":{"OBJECTID_1":1152,"efficiency":1,"stop_code":18168,"Muni_Heb":"שדרות","stop_name":"יגאל אלון/הדגל"}},
{"type":"Feature","geometry":{"type":"Point","coordinates":[161576.7786546064,603468.1003961206]},"properties":{"OBJECTID_1":1153,"efficiency":1,"stop_code":18167,"Muni_Heb":"שדרות","stop_name":"סמטת הפלדה/בן יהודה"}},
{"type":"Feature","geometry":{"type":"Point","coordinates":[161023.89113472748,604993.7658881212]},"properties":{"OBJECTID_1":1154,"efficiency":1,"stop_code":18165,"Muni_Heb":"שדרות","stop_name":"יונה/מרים הנביאה"}},
{"type":"Feature","geometry":{"type":"Point","coordinates":[160938.10063839564,604701.7317113257]},"properties":{"OBJECTID_1":1155,"efficiency":1,"stop_code":18164,"Muni_Heb":"שדרות","stop_name":"גולומב/קק''ל"}},
{"type":"Feature","geometry":{"type":"Point","coordinates":[161008.38526866207,604516.4895081588]},"properties":{"OBJECTID_1":1156,"efficiency":1,"stop_code":18163,"Muni_Heb":"שדרות","stop_name":"גולומב/המעפילים"}},
{"type":"Feature","geometry":{"type":"Point","coordinates":[163118.5198187662,603979.4604466092]},"properties":{"OBJECTID_1":1157,"efficiency":1,"stop_code":18156,"Muni_Heb":"שדרות","stop_name":"פראג/פריז"}},
{"type":"Feature","geometry":{"type":"Point","coordinates":[163183.04576629936,603652.3320904053]},"properties":{"OBJECTID_1":1158,"efficiency":1,"stop_code":18155,"Muni_Heb":"שדרות","stop_name":"אמסטרדם/פראג"}},
{"type":"Feature","geometry":{"type":"Point","coordinates":[163175.1890130397,603622.2138792574]},"properties":{"OBJECTID_1":1159,"efficiency":1,"stop_code":18154,"Muni_Heb":"שדרות","stop_name":"אמסטרדם/פראג"}},
{"type":"Feature","geometry":{"type":"Point","coordinates":[161394.22421750618,604863.9493019895]},"properties":{"OBJECTID_1":1160,"efficiency":1,"stop_code":18127,"Muni_Heb":"שדרות","stop_name":"המעפילים/דניאל"}},
{"type":"Feature","geometry":{"type":"Point","coordinates":[162422.45648212393,604093.6987383392]},"properties":{"OBJECTID_1":1161,"efficiency":1,"stop_code":18124,"Muni_Heb":"שדרות","stop_name":"ירושלים/שאר ישוב"}},
{"type":"Feature","geometry":{"type":"Point","coordinates":[160982.90310196922,604714.0096159814]},"properties":{"OBJECTID_1":1162,"efficiency":1,"stop_code":18120,"Muni_Heb":"שדרות","stop_name":"הרב יורם אברג'ל/גולומב"}},
{"type":"Feature","geometry":{"type":"Point","coordinates":[161475.2567956677,603403.354549281]},"properties":{"OBJECTID_1":1163,"efficiency":1,"stop_code":18116,"Muni_Heb":"שדרות","stop_name":"בגין/הרצל"}},
{"type":"Feature","geometry":{"type":"Point","coordinates":[161495.55500765453,603398.1406583079]},"properties":{"OBJECTID_1":1164,"efficiency":1,"stop_code":18115,"Muni_Heb":"שדרות","stop_name":"בגין/הרצל"}},
{"type":"Feature","geometry":{"type":"Point","coordinates":[162024.75130572356,604227.3990817645]},"properties":{"OBJECTID_1":1165,"efficiency":1,"stop_code":11500,"Muni_Heb":"שדרות","stop_name":"העליה/מגן דוד"}},
{"type":"Feature","geometry":{"type":"Point","coordinates":[162553.33973477554,603347.6099472782]},"properties":{"OBJECTID_1":1166,"efficiency":1,"stop_code":11499,"Muni_Heb":"שדרות","stop_name":"בריסל/רומא"}},
{"type":"Feature","geometry":{"type":"Point","coordinates":[161726.76985139988,603229.9714435226]},"properties":{"OBJECTID_1":1167,"efficiency":1,"stop_code":11498,"Muni_Heb":"שדרות","stop_name":"הנחלים/סמטת השיקמה"}},
{"type":"Feature","geometry":{"type":"Point","coordinates":[161391.87233019745,604918.9618087562]},"properties":{"OBJECTID_1":1168,"efficiency":1,"stop_code":11497,"Muni_Heb":"שדרות","stop_name":"יהושע בן נון/מעפילים"}},
{"type":"Feature","geometry":{"type":"Point","coordinates":[161448.88331652965,604209.1964707195]},"properties":{"OBJECTID_1":1169,"efficiency":0,"stop_code":11534,"Muni_Heb":"שדרות","stop_name":"נתן אלבז/יצחק בן צבי"}},
{"type":"Feature","geometry":{"type":"Point","coordinates":[161621.92585707922,604292.6160465978]},"properties":{"OBJECTID_1":1170,"efficiency":0,"stop_code":11533,"Muni_Heb":"שדרות","stop_name":"נתן אלבז/ישיבת ציון"}},
{"type":"Feature","geometry":{"type":"Point","coordinates":[161388.67631019687,604533.9842716899]},"properties":{"OBJECTID_1":1171,"efficiency":0,"stop_code":11532,"Muni_Heb":"שדרות","stop_name":"קרן היסוד/השקד"}},
{"type":"Feature","geometry":{"type":"Point","coordinates":[162043.78159570228,604182.0527077363]},"properties":{"OBJECTID_1":1172,"efficiency":0,"stop_code":11540,"Muni_Heb":"שדרות","stop_name":"העליה/מגן דוד"}},
{"type":"Feature","geometry":{"type":"Point","coordinates":[160423.93344875594,604974.5365131181]},"properties":{"OBJECTID_1":1173,"efficiency":0,"stop_code":11539,"Muni_Heb":"שדרות","stop_name":"משעול שרה/משה רבנו"}},
{"type":"Feature","geometry":{"type":"Point","coordinates":[162823.53711398842,603549.165401741]},"properties":{"OBJECTID_1":1174,"efficiency":0,"stop_code":11538,"Muni_Heb":"שדרות","stop_name":"פריז/אוסלו"}},
{"type":"Feature","geometry":{"type":"Point","coordinates":[161167.06593041995,604630.365038329]},"properties":{"OBJECTID_1":1175,"efficiency":0,"stop_code":11537,"Muni_Heb":"שדרות","stop_name":"המעפילים/העליה"}},
{"type":"Feature","geometry":{"type":"Point","coordinates":[162219.91002948553,604585.1480211373]},"properties":{"OBJECTID_1":1176,"efficiency":0,"stop_code":12099,"Muni_Heb":"שדרות","stop_name":"דרך מנחם בגין/הרב בן ציון אבא שאול"}},
{"type":"Feature","geometry":{"type":"Point","coordinates":[162359.88233770378,604823.0036819103]},"properties":{"OBJECTID_1":1177,"efficiency":0,"stop_code":12098,"Muni_Heb":"שדרות","stop_name":"דרך מנחם בגין/הרב שלום משאש"}},
{"type":"Feature","geometry":{"type":"Point","coordinates":[162053.07908623415,604352.0997378101]},"properties":{"OBJECTID_1":1178,"efficiency":0,"stop_code":12100,"Muni_Heb":"שדרות","stop_name":"דרך מנחם בגין/דרך העלייה"}},
{"type":"Feature","geometry":{"type":"Point","coordinates":[162139.76127732062,604449.4223252495]},"properties":{"OBJECTID_1":1179,"efficiency":0,"stop_code":12095,"Muni_Heb":"שדרות","stop_name":"דרך מנחם בגין/דרך העלייה"}},
{"type":"Feature","geometry":{"type":"Point","coordinates":[161742.84479810315,604345.8342279488]},"properties":{"OBJECTID_1":1180,"efficiency":0,"stop_code":12120,"Muni_Heb":"שדרות","stop_name":"נתן אלבז/קיבוץ גלויות"}},
{"type":"Feature","geometry":{"type":"Point","coordinates":[160853.63893756267,604275.6298644366]},"properties":{"OBJECTID_1":1181,"efficiency":0,"stop_code":12150,"Muni_Heb":"שדרות","stop_name":"ברלב/בורוכוב"}},
{"type":"Feature","geometry":{"type":"Point","coordinates":[162612.19153340004,604451.7063360134]},"properties":{"OBJECTID_1":1182,"efficiency":0,"stop_code":12213,"Muni_Heb":"שדרות","stop_name":"הרב שלום משאש/משעול ברנר"}},
{"type":"Feature","geometry":{"type":"Point","coordinates":[160305.16756564664,605132.670151475]},"properties":{"OBJECTID_1":1183,"efficiency":0,"stop_code":12212,"Muni_Heb":"שדרות","stop_name":"האחוזה/חידקל"}},
{"type":"Feature","geometry":{"type":"Point","coordinates":[160323.71581528286,605154.4091941203]},"properties":{"OBJECTID_1":1184,"efficiency":0,"stop_code":12211,"Muni_Heb":"שדרות","stop_name":"האחוזה/חידקל"}},
{"type":"Feature","geometry":{"type":"Point","coordinates":[160447.17247085544,605186.7512269252]},"properties":{"OBJECTID_1":1185,"efficiency":0,"stop_code":12210,"Muni_Heb":"שדרות","stop_name":"האחוזה/נחל פרת"}},
{"type":"Feature","geometry":{"type":"Point","coordinates":[160456.56126461324,605117.5050560839]},"properties":{"OBJECTID_1":1186,"efficiency":0,"stop_code":12209,"Muni_Heb":"שדרות","stop_name":"האחוזה/נחל פרת"}},
{"type":"Feature","geometry":{"type":"Point","coordinates":[162006.66815705266,604444.0586020099]},"properties":{"OBJECTID_1":1187,"efficiency":0,"stop_code":12208,"Muni_Heb":"שדרות","stop_name":"הרב יורם אברג'ל/דרך מנחם בגין"}},
{"type":"Feature","geometry":{"type":"Point","coordinates":[162580.93323485574,604779.433079097]},"properties":{"OBJECTID_1":1188,"efficiency":0,"stop_code":12207,"Muni_Heb":"שדרות","stop_name":"הרב שלום משאש/הרב עובדיה יוסף"}},
{"type":"Feature","geometry":{"type":"Point","coordinates":[162550.56879404135,604801.776448427]},"properties":{"OBJECTID_1":1189,"efficiency":0,"stop_code":12206,"Muni_Heb":"שדרות","stop_name":"הרב שלום משאש/הרב עובדיה יוסף"}},
{"type":"Feature","geometry":{"type":"Point","coordinates":[162429.1188043718,604511.5895735925]},"properties":{"OBJECTID_1":1190,"efficiency":0,"stop_code":12314,"Muni_Heb":"שדרות","stop_name":"הרב בן ציון אבא שאול/הרב עובדיה יוסף"}},
{"type":"Feature","geometry":{"type":"Point","coordinates":[162349.66274806877,604847.122016539]},"properties":{"OBJECTID_1":1191,"efficiency":0,"stop_code":12313,"Muni_Heb":"שדרות","stop_name":"דרך מנחם בגין/הרב שלום משאש"}},
{"type":"Feature","geometry":{"type":"Point","coordinates":[160927.426495212,605352.6921837021]},"properties":{"OBJECTID_1":1192,"efficiency":1,"stop_code":12399,"Muni_Heb":"שדרות","stop_name":"נחל שקמה/נחל הבשור"}},
{"type":"Feature","geometry":{"type":"Point","coordinates":[160686.62861144106,605175.9686940694]},"properties":{"OBJECTID_1":1193,"efficiency":1,"stop_code":12398,"Muni_Heb":"שדרות","stop_name":"נחל שקמה/נחל דולב"}},
{"type":"Feature","geometry":{"type":"Point","coordinates":[160933.06468905657,605224.0326763483]},"properties":{"OBJECTID_1":1194,"efficiency":1,"stop_code":12397,"Muni_Heb":"שדרות","stop_name":"נחל הבשור/נחל דולב"}},
{"type":"Feature","geometry":{"type":"Point","coordinates":[160986.54521835485,605124.9322446205]},"properties":{"OBJECTID_1":1195,"efficiency":1,"stop_code":12396,"Muni_Heb":"שדרות","stop_name":"נחל הבשור/נחל דולב"}},
{"type":"Feature","geometry":{"type":"Point","coordinates":[160705.72638891285,604169.5710320222]},"properties":{"OBJECTID_1":1196,"efficiency":0,"stop_code":12509,"Muni_Heb":"שדרות","stop_name":"תנועת נוער/בורוכוב"}},
{"type":"Feature","geometry":{"type":"Point","coordinates":[160675.54643447167,604156.9898067301]},"properties":{"OBJECTID_1":1197,"efficiency":0,"stop_code":12508,"Muni_Heb":"שדרות","stop_name":"בורוכוב/המכבים"}},
{"type":"Feature","geometry":{"type":"Point","coordinates":[160676.79626077227,603974.9082258543]},"properties":{"OBJECTID_1":1198,"efficiency":0,"stop_code":12507,"Muni_Heb":"שדרות","stop_name":"אריק איינשטיין/לאה גולברג"}},
{"type":"Feature","geometry":{"type":"Point","coordinates":[160646.1063069488,603956.231269232]},"properties":{"OBJECTID_1":1199,"efficiency":0,"stop_code":12506,"Muni_Heb":"שדרות","stop_name":"אריק איינשטיין"}},
{"type":"Feature","geometry":{"type":"Point","coordinates":[160897.08918017673,603895.8230078245]},"properties":{"OBJECTID_1":1200,"efficiency":0,"stop_code":12505,"Muni_Heb":"שדרות","stop_name":"הרב קוק/אריק איינשטיין"}},
{"type":"Feature","geometry":{"type":"Point","coordinates":[161020.98804265584,603784.9053036859]},"properties":{"OBJECTID_1":1201,"efficiency":0,"stop_code":12504,"Muni_Heb":"שדרות","stop_name":"דרך הרב שלום איפרגן/הרב קוק"}},
{"type":"Feature","geometry":{"type":"Point","coordinates":[160994.46774395136,603730.7204591916]},"properties":{"OBJECTID_1":1202,"efficiency":0,"stop_code":12503,"Muni_Heb":"שדרות","stop_name":"דרך הרב שלום איפרגן/הרב קוק"}},
{"type":"Feature","geometry":{"type":"Point","coordinates":[161053.08081948076,603461.6041322289]},"properties":{"OBJECTID_1":1203,"efficiency":0,"stop_code":12502,"Muni_Heb":"שדרות","stop_name":"דרך הרב שלום איפרגן/רבי דוד חסין"}},
{"type":"Feature","geometry":{"type":"Point","coordinates":[161045.4387430778,603403.2103230957]},"properties":{"OBJECTID_1":1204,"efficiency":0,"stop_code":12501,"Muni_Heb":"שדרות","stop_name":"דרך הרב שלום איפרגן/רבי דוד חסין"}},
{"type":"Feature","geometry":{"type":"Point","coordinates":[161123.27156329868,603223.8039752457]},"properties":{"OBJECTID_1":1205,"efficiency":0,"stop_code":12500,"Muni_Heb":"שדרות","stop_name":"דרך הרב שלום איפרגן/רבי דוד בוזגלו"}},
{"type":"Feature","geometry":{"type":"Point","coordinates":[162483.94995826524,604274.437417142]},"properties":{"OBJECTID_1":1206,"efficiency":0,"stop_code":12544,"Muni_Heb":"שדרות","stop_name":"דרך משה דיין/הרצוג"}},
{"type":"Feature","geometry":{"type":"Point","coordinates":[162499.92769168934,604295.6398293203]},"properties":{"OBJECTID_1":1207,"efficiency":0,"stop_code":12543,"Muni_Heb":"שדרות","stop_name":"הרצוג/דרך משה דיין"}},
{"type":"Feature","geometry":{"type":"Point","coordinates":[162642.6296292399,604373.1438459484]},"properties":{"OBJECTID_1":1208,"efficiency":0,"stop_code":12542,"Muni_Heb":"שדרות","stop_name":"הרצוג/הרב שלום משאש"}},
{"type":"Feature","geometry":{"type":"Point","coordinates":[161358.1080627372,605249.9229593007]},"properties":{"OBJECTID_1":1209,"efficiency":0,"stop_code":12554,"Muni_Heb":"שדרות","stop_name":"נחל הירדן/נחל צאלים"}},
{"type":"Feature","geometry":{"type":"Point","coordinates":[161748.48675284145,605002.5788115814]},"properties":{"OBJECTID_1":1210,"efficiency":0,"stop_code":12553,"Muni_Heb":"שדרות","stop_name":"נחל הירדן/אדמונית החורש"}},
{"type":"Feature","geometry":{"type":"Point","coordinates":[162424.2400124382,603432.0358561092]},"properties":{"OBJECTID_1":1211,"efficiency":0,"stop_code":12552,"Muni_Heb":"שדרות","stop_name":"מסוף אזור התעשייה/רומא"}},
{"type":"Feature","geometry":{"type":"Point","coordinates":[160883.2522548244,604743.8447266814]},"properties":{"OBJECTID_1":1212,"efficiency":0,"stop_code":12585,"Muni_Heb":"שדרות","stop_name":"דרך הרב יורם אברג'ל/יונה"}},
{"type":"Feature","geometry":{"type":"Point","coordinates":[161980.97469650104,605276.3974720591]},"properties":{"OBJECTID_1":1213,"efficiency":0,"stop_code":12664,"Muni_Heb":"שדרות","stop_name":"אילן רמון/הרב אלישע וישליצקי"}},
{"type":"Feature","geometry":{"type":"Point","coordinates":[161975.52565990968,605218.4344177487]},"properties":{"OBJECTID_1":1214,"efficiency":0,"stop_code":12663,"Muni_Heb":"שדרות","stop_name":"אילן רמון/הרב אלישע וישליצקי"}},
{"type":"Feature","geometry":{"type":"Point","coordinates":[161240.47122511233,605425.0050240841]},"properties":{"OBJECTID_1":1215,"efficiency":0,"stop_code":12662,"Muni_Heb":"שדרות","stop_name":"אלי מויאל/נחל הירדן"}},
{"type":"Feature","geometry":{"type":"Point","coordinates":[161115.58652344637,605407.9638819575]},"properties":{"OBJECTID_1":1216,"efficiency":0,"stop_code":12661,"Muni_Heb":"שדרות","stop_name":"נחל שקמה/נחל הירדן"}},
{"type":"Feature","geometry":{"type":"Point","coordinates":[161096.2412395069,604229.3559791857]},"properties":{"OBJECTID_1":1217,"efficiency":0,"stop_code":12660,"Muni_Heb":"שדרות","stop_name":"דרך הרב שלום איפרגן/ברלב"}},
{"type":"Feature","geometry":{"type":"Point","coordinates":[161119.32634235598,604281.0100713972]},"properties":{"OBJECTID_1":1218,"efficiency":0,"stop_code":12659,"Muni_Heb":"שדרות","stop_name":"הצדיק בבא יגו/יוספטל"}},
{"type":"Feature","geometry":{"type":"Point","coordinates":[161462.83779993805,604905.5918394]},"properties":{"OBJECTID_1":1219,"efficiency":0,"stop_code":12632,"Muni_Heb":"שדרות","stop_name":"אדמונית החורש/יהושע בן נון"}},
{"type":"Feature","geometry":{"type":"Point","coordinates":[161697.68056057964,604969.1518466511]},"properties":{"OBJECTID_1":1220,"efficiency":0,"stop_code":12631,"Muni_Heb":"שדרות","stop_name":"אדמונית החורש/נחל הירדן"}},
{"type":"Feature","geometry":{"type":"Point","coordinates":[161792.1561104938,604948.0023323313]},"properties":{"OBJECTID_1":1221,"efficiency":0,"stop_code":12630,"Muni_Heb":"שדרות","stop_name":"אדמונית החורש/מרגנית"}},
{"type":"Feature","geometry":{"type":"Point","coordinates":[162081.47595846312,604816.2208925621]},"properties":{"OBJECTID_1":1222,"efficiency":0,"stop_code":12629,"Muni_Heb":"שדרות","stop_name":"בי''ס הרוא''ה/אדמונית החורש"}},
{"type":"Feature","geometry":{"type":"Point","coordinates":[162087.95581365228,604854.5515723736]},"properties":{"OBJECTID_1":1223,"efficiency":0,"stop_code":12628,"Muni_Heb":"שדרות","stop_name":"בי''ס הרוא''ה/אדמונית החורש"}},
{"type":"Feature","geometry":{"type":"Point","coordinates":[161225.07761945532,603118.113665113]},"properties":{"OBJECTID_1":1224,"efficiency":0,"stop_code":18119,"Muni_Heb":"שדרות","stop_name":"דרך מנחם בגין/דרך הרב שלום איפרגן"}},
{"type":"Feature","geometry":{"type":"Point","coordinates":[162620.48384691577,604179.2154109993]},"properties":{"OBJECTID_1":1225,"efficiency":0,"stop_code":12943,"Muni_Heb":"שדרות","stop_name":"דרך ירושלים/נחשון"}},
{"type":"Feature","geometry":{"type":"Point","coordinates":[161183.01601695962,603155.3851764428]},"properties":{"OBJECTID_1":1226,"efficiency":0,"stop_code":12793,"Muni_Heb":"שדרות","stop_name":"דרך הרב שלום איפרגן/דרך מנחם בגין"}},
{"type":"Feature","geometry":{"type":"Point","coordinates":[161412.87032269838,605464.5136328221]},"properties":{"OBJECTID_1":1227,"efficiency":0,"stop_code":12790,"Muni_Heb":"שדרות","stop_name":"אלי מויאל/הרב אלישע וישלצקי"}},
{"type":"Feature","geometry":{"type":"Point","coordinates":[161227.08566065348,605019.2377057069]},"properties":{"OBJECTID_1":1228,"efficiency":0,"stop_code":12801,"Muni_Heb":"שדרות","stop_name":"יהושע בן נון/מרים הנביאה"}},
{"type":"Feature","geometry":{"type":"Point","coordinates":[160405.13903772406,604708.9604597277]},"properties":{"OBJECTID_1":1229,"efficiency":0,"stop_code":12799,"Muni_Heb":"שדרות","stop_name":"כיכר המושבות/המכבים"}},
{"type":"Feature","geometry":{"type":"Point","coordinates":[160520.38821559536,604314.772013051]},"properties":{"OBJECTID_1":1230,"efficiency":0,"stop_code":12802,"Muni_Heb":"שדרות","stop_name":"המכבים/משעול האר''י"}},
{"type":"Feature","geometry":{"type":"Point","coordinates":[160840.353776303,605321.5805823334]},"properties":{"OBJECTID_1":1231,"efficiency":0,"stop_code":12788,"Muni_Heb":"שדרות","stop_name":"נחל שקמה/נחל הבשור"}},
{"type":"Feature","geometry":{"type":"Point","coordinates":[160480.79296516872,604149.3331812029]},"properties":{"OBJECTID_1":1232,"efficiency":1,"stop_code":12795,"Muni_Heb":"שדרות","stop_name":"עוזי חיטמן/יהודה עמיחי"}},
{"type":"Feature","geometry":{"type":"Point","coordinates":[161683.94487991932,604719.2918319649]},"properties":{"OBJECTID_1":1233,"efficiency":0,"stop_code":12787,"Muni_Heb":"שדרות","stop_name":"סחלב/מרגנית"}},
{"type":"Feature","geometry":{"type":"Point","coordinates":[160296.90632673347,604949.4225748751]},"properties":{"OBJECTID_1":1234,"efficiency":0,"stop_code":12796,"Muni_Heb":"שדרות","stop_name":"העליה/האחוזה"}},
{"type":"Feature","geometry":{"type":"Point","coordinates":[161480.57340067596,603266.6030236451]},"properties":{"OBJECTID_1":1235,"efficiency":0,"stop_code":12794,"Muni_Heb":"שדרות","stop_name":"בן יהודה/דרך מנחם בגין"}},
{"type":"Feature","geometry":{"type":"Point","coordinates":[161481.1561033115,605465.1303525773]},"properties":{"OBJECTID_1":1236,"efficiency":0,"stop_code":12789,"Muni_Heb":"שדרות","stop_name":"אלי מויאל/הרב אלישע וישלצקי"}},
{"type":"Feature","geometry":{"type":"Point","coordinates":[160928.5627490828,603834.4368083761]},"properties":{"OBJECTID_1":1237,"efficiency":0,"stop_code":12785,"Muni_Heb":"שדרות","stop_name":"הרב קוק/דרך הרב שלום איפרגן"}},
{"type":"Feature","geometry":{"type":"Point","coordinates":[161194.24756611543,605040.1574820111]},"properties":{"OBJECTID_1":1238,"efficiency":0,"stop_code":12800,"Muni_Heb":"שדרות","stop_name":"יהושע בן נון/מרים הנביאה"}},
{"type":"Feature","geometry":{"type":"Point","coordinates":[160448.2105079258,604483.1738069269]},"properties":{"OBJECTID_1":1239,"efficiency":0,"stop_code":12798,"Muni_Heb":"שדרות","stop_name":"המכבים/קק''ל"}},
{"type":"Feature","geometry":{"type":"Point","coordinates":[160590.65391823975,604831.2130518099]},"properties":{"OBJECTID_1":1240,"efficiency":0,"stop_code":12792,"Muni_Heb":"שדרות","stop_name":"העליה/בר לב"}},
{"type":"Feature","geometry":{"type":"Point","coordinates":[161947.6953374511,604908.8846676894]},"properties":{"OBJECTID_1":1241,"efficiency":0,"stop_code":12805,"Muni_Heb":"שדרות","stop_name":"שנית/אדמונית החורש"}},
{"type":"Feature","geometry":{"type":"Point","coordinates":[162058.47945444754,605432.761385567]},"properties":{"OBJECTID_1":1242,"efficiency":0,"stop_code":12803,"Muni_Heb":"שדרות","stop_name":"אילן רמון/אלי כהן"}},
{"type":"Feature","geometry":{"type":"Point","coordinates":[161970.08687726167,604990.7052964099]},"properties":{"OBJECTID_1":1243,"efficiency":0,"stop_code":12804,"Muni_Heb":"שדרות","stop_name":"שנית/אדמונית החורש"}},
{"type":"Feature","geometry":{"type":"Point","coordinates":[160676.79023468474,604175.3898435741]},"properties":{"OBJECTID_1":1244,"efficiency":0,"stop_code":12797,"Muni_Heb":"שדרות","stop_name":"המכבים/בורוכוב"}},
{"type":"Feature","geometry":{"type":"Point","coordinates":[161731.51621414442,604700.1768314522]},"properties":{"OBJECTID_1":1245,"efficiency":0,"stop_code":12786,"Muni_Heb":"שדרות","stop_name":"סחלב/מרגנית"}},
{"type":"Feature","geometry":{"type":"Point","coordinates":[161567.72363396644,602268.148695471]},"properties":{"OBJECTID_1":1246,"efficiency":0,"stop_code":10005,"Muni_Heb":"שער הנגב","stop_name":"מכללת ספיר"}},
{"type":"Feature","geometry":{"type":"Point","coordinates":[152841.4579133336,598545.0056335242]},"properties":{"OBJECTID_1":1247,"efficiency":0,"stop_code":10060,"Muni_Heb":"שער הנגב","stop_name":"צומת נחל עוז"}},
{"type":"Feature","geometry":{"type":"Point","coordinates":[161496.81609136937,602175.843401317]},"properties":{"OBJECTID_1":1248,"efficiency":0,"stop_code":10061,"Muni_Heb":"שער הנגב","stop_name":"מכללת ספיר/232"}},
{"type":"Feature","geometry":{"type":"Point","coordinates":[162178.42228530883,607498.2357434899]},"properties":{"OBJECTID_1":1249,"efficiency":1,"stop_code":10139,"Muni_Heb":"שער הנגב","stop_name":"אור הנר/חדר אוכל"}},
{"type":"Feature","geometry":{"type":"Point","coordinates":[172170.80682273436,600778.59091495]},"properties":{"OBJECTID_1":1250,"efficiency":0,"stop_code":13702,"Muni_Heb":"שער הנגב","stop_name":"קיבוץ רוחמה/חדר אוכל"}},
{"type":"Feature","geometry":{"type":"Point","coordinates":[158917.28125193395,607826.004973552]},"properties":{"OBJECTID_1":1251,"efficiency":0,"stop_code":14553,"Muni_Heb":"שער הנגב","stop_name":"ארז/מרכז"}},
{"type":"Feature","geometry":{"type":"Point","coordinates":[160229.75107875175,603164.3201599568]},"properties":{"OBJECTID_1":1252,"efficiency":0,"stop_code":14616,"Muni_Heb":"שער הנגב","stop_name":"ניר עם/מרכז"}},
{"type":"Feature","geometry":{"type":"Point","coordinates":[166634.75851995908,602304.2701127566]},"properties":{"OBJECTID_1":1253,"efficiency":0,"stop_code":15340,"Muni_Heb":"שער הנגב","stop_name":"צומת קיבוץ דורות"}},
{"type":"Feature","geometry":{"type":"Point","coordinates":[167454.73336895954,608841.9985788383]},"properties":{"OBJECTID_1":1254,"efficiency":0,"stop_code":15345,"Muni_Heb":"שער הנגב","stop_name":"צומת חלץ"}},
{"type":"Feature","geometry":{"type":"Point","coordinates":[165225.91217153193,607425.093754198]},"properties":{"OBJECTID_1":1255,"efficiency":0,"stop_code":15354,"Muni_Heb":"שער הנגב","stop_name":"צומת ברור חיל/אור הנר"}},
{"type":"Feature","geometry":{"type":"Point","coordinates":[165170.3474445252,607366.947587066]},"properties":{"OBJECTID_1":1256,"efficiency":0,"stop_code":15355,"Muni_Heb":"שער הנגב","stop_name":"צומת ברור חיל/אור הנר"}},
{"type":"Feature","geometry":{"type":"Point","coordinates":[161812.32137087523,602624.2842985218]},"properties":{"OBJECTID_1":1257,"efficiency":0,"stop_code":15366,"Muni_Heb":"שער הנגב","stop_name":"מועצה אזורית שער הנגב"}},
{"type":"Feature","geometry":{"type":"Point","coordinates":[163161.61292018645,604289.816682547]},"properties":{"OBJECTID_1":1258,"efficiency":0,"stop_code":15367,"Muni_Heb":"שער הנגב","stop_name":"צומת איבים"}},
{"type":"Feature","geometry":{"type":"Point","coordinates":[163283.3540695692,604672.377546595]},"properties":{"OBJECTID_1":1259,"efficiency":0,"stop_code":15368,"Muni_Heb":"שער הנגב","stop_name":"צומת איבים"}},
{"type":"Feature","geometry":{"type":"Point","coordinates":[158740.77777145727,601617.1783354244]},"properties":{"OBJECTID_1":1260,"efficiency":0,"stop_code":15369,"Muni_Heb":"שער הנגב","stop_name":"צומת מפלסים"}},
{"type":"Feature","geometry":{"type":"Point","coordinates":[160924.47228190152,601960.2718465014]},"properties":{"OBJECTID_1":1261,"efficiency":0,"stop_code":15371,"Muni_Heb":"שער הנגב","stop_name":"צומת שער הנגב"}},
{"type":"Feature","geometry":{"type":"Point","coordinates":[161444.97566991812,602215.0531921631]},"properties":{"OBJECTID_1":1262,"efficiency":0,"stop_code":15372,"Muni_Heb":"שער הנגב","stop_name":"מכללת ספיר"}},
{"type":"Feature","geometry":{"type":"Point","coordinates":[161888.58942735844,602742.1764449537]},"properties":{"OBJECTID_1":1263,"efficiency":0,"stop_code":15374,"Muni_Heb":"שער הנגב","stop_name":"מועצה אזורית שער הנגב"}},
{"type":"Feature","geometry":{"type":"Point","coordinates":[163144.78085023843,604408.6660628922]},"properties":{"OBJECTID_1":1264,"efficiency":0,"stop_code":15375,"Muni_Heb":"שער הנגב","stop_name":"צומת דורות"}},
{"type":"Feature","geometry":{"type":"Point","coordinates":[163200.82441170048,604567.8156456063]},"properties":{"OBJECTID_1":1265,"efficiency":0,"stop_code":15376,"Muni_Heb":"שער הנגב","stop_name":"צומת איבים"}},
{"type":"Feature","geometry":{"type":"Point","coordinates":[160733.24407596205,602012.1352342837]},"properties":{"OBJECTID_1":1266,"efficiency":0,"stop_code":15389,"Muni_Heb":"שער הנגב","stop_name":"צומת שער הנגב"}},
{"type":"Feature","geometry":{"type":"Point","coordinates":[166745.11240560684,602241.8366870915]},"properties":{"OBJECTID_1":1267,"efficiency":0,"stop_code":15432,"Muni_Heb":"שער הנגב","stop_name":"צומת דורות"}},
{"type":"Feature","geometry":{"type":"Point","coordinates":[158643.82254312705,601657.2200422828]},"properties":{"OBJECTID_1":1268,"efficiency":0,"stop_code":15434,"Muni_Heb":"שער הנגב","stop_name":"צומת מפלסים"}},
{"type":"Feature","geometry":{"type":"Point","coordinates":[155984.71419062203,598425.3565779327]},"properties":{"OBJECTID_1":1269,"efficiency":0,"stop_code":15449,"Muni_Heb":"שער הנגב","stop_name":"צומת כפר עזה"}},
{"type":"Feature","geometry":{"type":"Point","coordinates":[155881.20614830632,598360.4542427098]},"properties":{"OBJECTID_1":1270,"efficiency":0,"stop_code":15450,"Muni_Heb":"שער הנגב","stop_name":"צומת כפר עזה"}},
{"type":"Feature","geometry":{"type":"Point","coordinates":[155791.18963703784,598264.0896956003]},"properties":{"OBJECTID_1":1271,"efficiency":0,"stop_code":15451,"Muni_Heb":"שער הנגב","stop_name":"צומת קיבוץ סעד"}},
{"type":"Feature","geometry":{"type":"Point","coordinates":[155354.4274498996,597835.0889488558]},"properties":{"OBJECTID_1":1272,"efficiency":0,"stop_code":15457,"Muni_Heb":"שער הנגב","stop_name":"צומת סעד"}},
{"type":"Feature","geometry":{"type":"Point","coordinates":[155663.16578690265,598184.7023694238]},"properties":{"OBJECTID_1":1273,"efficiency":0,"stop_code":15458,"Muni_Heb":"שער הנגב","stop_name":"צומת קיבוץ סעד"}},
{"type":"Feature","geometry":{"type":"Point","coordinates":[155782.8223958134,597221.5912513314]},"properties":{"OBJECTID_1":1274,"efficiency":0,"stop_code":15459,"Muni_Heb":"שער הנגב","stop_name":"צומת עלומים בארי"}},
{"type":"Feature","geometry":{"type":"Point","coordinates":[160804.37872620497,602985.4198042355]},"properties":{"OBJECTID_1":1275,"efficiency":0,"stop_code":15596,"Muni_Heb":"שער הנגב","stop_name":"צומת ניר עם"}},
{"type":"Feature","geometry":{"type":"Point","coordinates":[161122.4035448567,601426.24488671]},"properties":{"OBJECTID_1":1276,"efficiency":0,"stop_code":15597,"Muni_Heb":"שער הנגב","stop_name":"צומת גבים"}},
{"type":"Feature","geometry":{"type":"Point","coordinates":[161294.8465848955,598843.3207146318]},"properties":{"OBJECTID_1":1277,"efficiency":0,"stop_code":15598,"Muni_Heb":"שער הנגב","stop_name":"צומת יכיני"}},
{"type":"Feature","geometry":{"type":"Point","coordinates":[160876.67021084475,601872.9414482609]},"properties":{"OBJECTID_1":1278,"efficiency":0,"stop_code":15599,"Muni_Heb":"שער הנגב","stop_name":"צומת שער הנגב"}},
{"type":"Feature","geometry":{"type":"Point","coordinates":[161081.22803755285,601554.8810506797]},"properties":{"OBJECTID_1":1279,"efficiency":0,"stop_code":15601,"Muni_Heb":"שער הנגב","stop_name":"צומת גבים"}},
{"type":"Feature","geometry":{"type":"Point","coordinates":[160800.0999135662,602866.7963630137]},"properties":{"OBJECTID_1":1280,"efficiency":0,"stop_code":15602,"Muni_Heb":"שער הנגב","stop_name":"צומת שדרות דרום"}},
{"type":"Feature","geometry":{"type":"Point","coordinates":[160795.73433907132,602092.8398496488]},"properties":{"OBJECTID_1":1281,"efficiency":0,"stop_code":15603,"Muni_Heb":"שער הנגב","stop_name":"צומת שער הנגב"}},
{"type":"Feature","geometry":{"type":"Point","coordinates":[160331.17950865353,607399.3695305759]},"properties":{"OBJECTID_1":1282,"efficiency":0,"stop_code":15617,"Muni_Heb":"שער הנגב","stop_name":"צומת קיבוץ ארז"}},
{"type":"Feature","geometry":{"type":"Point","coordinates":[160324.42667688397,607264.0156870342]},"properties":{"OBJECTID_1":1283,"efficiency":0,"stop_code":15618,"Muni_Heb":"שער הנגב","stop_name":"צומת קיבוץ ארז"}},
{"type":"Feature","geometry":{"type":"Point","coordinates":[161289.3114980017,598720.0476571798]},"properties":{"OBJECTID_1":1284,"efficiency":0,"stop_code":15621,"Muni_Heb":"שער הנגב","stop_name":"צומת יכיני"}},
{"type":"Feature","geometry":{"type":"Point","coordinates":[155232.1354752037,597823.5338151361]},"properties":{"OBJECTID_1":1285,"efficiency":0,"stop_code":15643,"Muni_Heb":"שער הנגב","stop_name":"צומת סעד"}},
{"type":"Feature","geometry":{"type":"Point","coordinates":[152541.70917790825,598069.6702285847]},"properties":{"OBJECTID_1":1286,"efficiency":1,"stop_code":15684,"Muni_Heb":"שער הנגב","stop_name":"נחל עוז"}},
{"type":"Feature","geometry":{"type":"Point","coordinates":[161976.32829990005,602374.9933568855]},"properties":{"OBJECTID_1":1287,"efficiency":0,"stop_code":16366,"Muni_Heb":"שער הנגב","stop_name":"כיכר חניון ספיר/בריסל"}},
{"type":"Feature","geometry":{"type":"Point","coordinates":[160850.68855941558,602926.7219694973]},"properties":{"OBJECTID_1":1288,"efficiency":0,"stop_code":17900,"Muni_Heb":"שער הנגב","stop_name":"ת. רכבת שדרות/בגין"}},
{"type":"Feature","geometry":{"type":"Point","coordinates":[166629.62242830175,607457.9952807662]},"properties":{"OBJECTID_1":1289,"efficiency":0,"stop_code":19124,"Muni_Heb":"שער הנגב","stop_name":"ברור חיל/מרכז"}},
{"type":"Feature","geometry":{"type":"Point","coordinates":[166195.375351271,607264.1694638715]},"properties":{"OBJECTID_1":1290,"efficiency":0,"stop_code":19125,"Muni_Heb":"שער הנגב","stop_name":"מרכז שדה חינוכי"}},
{"type":"Feature","geometry":{"type":"Point","coordinates":[160266.49570011764,607345.5146725458]},"properties":{"OBJECTID_1":1291,"efficiency":0,"stop_code":19127,"Muni_Heb":"שער הנגב","stop_name":"צומת קיבוץ ארז"}},
{"type":"Feature","geometry":{"type":"Point","coordinates":[160698.58505620869,603023.7182004667]},"properties":{"OBJECTID_1":1292,"efficiency":0,"stop_code":19130,"Muni_Heb":"שער הנגב","stop_name":"ניר עם"}},
{"type":"Feature","geometry":{"type":"Point","coordinates":[165078.51478399197,607309.5460806596]},"properties":{"OBJECTID_1":1293,"efficiency":0,"stop_code":19131,"Muni_Heb":"שער הנגב","stop_name":"'אור הנר א"}},
{"type":"Feature","geometry":{"type":"Point","coordinates":[158611.8319941567,601304.2356306314]},"properties":{"OBJECTID_1":1294,"efficiency":0,"stop_code":19132,"Muni_Heb":"שער הנגב","stop_name":"מזכירות/מפלסים"}},
{"type":"Feature","geometry":{"type":"Point","coordinates":[155688.529463485,599377.903563074]},"properties":{"OBJECTID_1":1295,"efficiency":0,"stop_code":19134,"Muni_Heb":"שער הנגב","stop_name":"מזכירות/כפר עזה"}},
{"type":"Feature","geometry":{"type":"Point","coordinates":[171813.91624192128,600791.196755457]},"properties":{"OBJECTID_1":1296,"efficiency":0,"stop_code":19138,"Muni_Heb":"שער הנגב","stop_name":"רוחמה"}},
{"type":"Feature","geometry":{"type":"Point","coordinates":[166517.7589157507,601658.0772373659]},"properties":{"OBJECTID_1":1297,"efficiency":0,"stop_code":19139,"Muni_Heb":"שער הנגב","stop_name":"קיבוץ דורות"}},
{"type":"Feature","geometry":{"type":"Point","coordinates":[161731.61984503115,602341.1981324069]},"properties":{"OBJECTID_1":1298,"efficiency":0,"stop_code":19144,"Muni_Heb":"שער הנגב","stop_name":"מכללת ספיר/בריסל"}},
{"type":"Feature","geometry":{"type":"Point","coordinates":[167313.8274636171,608800.1259608397]},"properties":{"OBJECTID_1":1299,"efficiency":0,"stop_code":19345,"Muni_Heb":"שער הנגב","stop_name":"צומת חלץ"}},
{"type":"Feature","geometry":{"type":"Point","coordinates":[160906.55343359118,602860.9846863317]},"properties":{"OBJECTID_1":1300,"efficiency":0,"stop_code":19946,"Muni_Heb":"שער הנגב","stop_name":"ת. רכבת שדרות"}},
{"type":"Feature","geometry":{"type":"Point","coordinates":[160783.3447914512,602843.4940082815]},"properties":{"OBJECTID_1":1301,"efficiency":0,"stop_code":17106,"Muni_Heb":"שער הנגב","stop_name":"שדרות"}},
{"type":"Feature","geometry":{"type":"Point","coordinates":[162050.35427310626,601794.1003819747]},"properties":{"OBJECTID_1":1302,"efficiency":1,"stop_code":18288,"Muni_Heb":"שער הנגב","stop_name":"גבים/חדר אוכל"}},
{"type":"Feature","geometry":{"type":"Point","coordinates":[161562.84706587144,598880.9695012257]},"properties":{"OBJECTID_1":1303,"efficiency":1,"stop_code":18183,"Muni_Heb":"שער הנגב","stop_name":"יכיני כניסה"}},
{"type":"Feature","geometry":{"type":"Point","coordinates":[161768.81177268122,599076.5359972895]},"properties":{"OBJECTID_1":1304,"efficiency":1,"stop_code":11496,"Muni_Heb":"שער הנגב","stop_name":"יכיני א"}},
{"type":"Feature","geometry":{"type":"Point","coordinates":[162219.24209076157,599077.3764849601]},"properties":{"OBJECTID_1":1305,"efficiency":1,"stop_code":11495,"Muni_Heb":"שער הנגב","stop_name":"יכיני ב"}},
{"type":"Feature","geometry":{"type":"Point","coordinates":[162033.32739066237,599224.6572602734]},"properties":{"OBJECTID_1":1306,"efficiency":0,"stop_code":11729,"Muni_Heb":"שער הנגב","stop_name":"יכיני ג"}},
{"type":"Feature","geometry":{"type":"Point","coordinates":[162171.09488378259,602655.2345175219]},"properties":{"OBJECTID_1":1307,"efficiency":0,"stop_code":18381,"Muni_Heb":"שער הנגב","stop_name":"אזור תעשיה ספירים/שקמה"}},
{"type":"Feature","geometry":{"type":"Point","coordinates":[162202.59443133377,602717.2677100888]},"properties":{"OBJECTID_1":1308,"efficiency":0,"stop_code":18380,"Muni_Heb":"שער הנגב","stop_name":"אזור תעשיה ספירים/שקמה"}},
{"type":"Feature","geometry":{"type":"Point","coordinates":[160882.1304991938,602909.8010202012]},"properties":{"OBJECTID_1":1309,"efficiency":0,"stop_code":12550,"Muni_Heb":"שער הנגב","stop_name":"תחנה רכבת שדרות/רציפים"}},
{"type":"Feature","geometry":{"type":"Point","coordinates":[160882.1304991938,602909.8010202012]},"properties":{"OBJECTID_1":1310,"efficiency":0,"stop_code":12550,"Muni_Heb":"שער הנגב","stop_name":"תחנה רכבת שדרות/רציפים"}},
{"type":"Feature","geometry":{"type":"Point","coordinates":[161819.387595339,605610.9480206073]},"properties":{"OBJECTID_1":1311,"efficiency":1,"stop_code":12666,"Muni_Heb":"שער הנגב","stop_name":"אלי מויאל/דוד המלך"}},
{"type":"Feature","geometry":{"type":"Point","coordinates":[161779.91163631342,605599.3024140025]},"properties":{"OBJECTID_1":1312,"efficiency":1,"stop_code":12665,"Muni_Heb":"שער הנגב","stop_name":"אלי מויאל/דוד המלך"}},
{"type":"Feature","geometry":{"type":"Point","coordinates":[160882.1304991938,602909.8010202012]},"properties":{"OBJECTID_1":1313,"efficiency":0,"stop_code":12550,"Muni_Heb":"שער הנגב","stop_name":"תחנה רכבת שדרות/רציפים"}},
{"type":"Feature","geometry":{"type":"Point","coordinates":[160882.1304991938,602909.8010202012]},"properties":{"OBJECTID_1":1314,"efficiency":0,"stop_code":12550,"Muni_Heb":"שער הנגב","stop_name":"תחנה רכבת שדרות/רציפים"}},
{"type":"Feature","geometry":{"type":"Point","coordinates":[160882.1304991938,602909.8010202012]},"properties":{"OBJECTID_1":1315,"efficiency":0,"stop_code":12550,"Muni_Heb":"שער הנגב","stop_name":"תחנה רכבת שדרות/רציפים"}},
{"type":"Feature","geometry":{"type":"Point","coordinates":[161147.843833123,603099.9177800113]},"properties":{"OBJECTID_1":1316,"efficiency":0,"stop_code":18118,"Muni_Heb":"שער הנגב","stop_name":"דרך מנחם בגין/דרך הרב שלום איפרגן"}},
{"type":"Feature","geometry":{"type":"Point","coordinates":[160882.1304991938,602909.8010202012]},"properties":{"OBJECTID_1":1317,"efficiency":0,"stop_code":12550,"Muni_Heb":"שער הנגב","stop_name":"תחנה רכבת שדרות/רציפים"}},
{"type":"Feature","geometry":{"type":"Point","coordinates":[160882.1304991938,602909.8010202012]},"properties":{"OBJECTID_1":1318,"efficiency":0,"stop_code":12550,"Muni_Heb":"שער הנגב","stop_name":"תחנה רכבת שדרות/רציפים"}},
{"type":"Feature","geometry":{"type":"Point","coordinates":[162120.53605068292,605543.6371212468]},"properties":{"OBJECTID_1":1319,"efficiency":0,"stop_code":12791,"Muni_Heb":"שער הנגב","stop_name":"אלי כהן/אילן רמון"}},
{"type":"Feature","geometry":{"type":"Point","coordinates":[192374.79361321256,581323.52930424]},"properties":{"OBJECTID_1":1320,"efficiency":0,"stop_code":10560,"Muni_Heb":"בני שמעון","stop_name":"צומת מיתר"}},
{"type":"Feature","geometry":{"type":"Point","coordinates":[166544.34952378614,627777.3131831433]},"properties":{"OBJECTID_1":1321,"efficiency":0,"stop_code":11155,"Muni_Heb":"חוף אשקלון","stop_name":"צומת בית עזרא"}},
{"type":"Feature","geometry":{"type":"Point","coordinates":[166624.67273621296,627881.246964967]},"properties":{"OBJECTID_1":1322,"efficiency":0,"stop_code":12081,"Muni_Heb":"חוף אשקלון","stop_name":"צומת בית עזרא"}},
{"type":"Feature","geometry":{"type":"Point","coordinates":[167330.82153215114,621348.9173579795]},"properties":{"OBJECTID_1":1323,"efficiency":1,"stop_code":13660,"Muni_Heb":"חוף אשקלון","stop_name":"צומת הודיה"}},
{"type":"Feature","geometry":{"type":"Point","coordinates":[192455.21857175822,581432.4246030712]},"properties":{"OBJECTID_1":1324,"efficiency":0,"stop_code":14100,"Muni_Heb":"בני שמעון","stop_name":"צומת מיתר"}},
{"type":"Feature","geometry":{"type":"Point","coordinates":[192464.1027182709,581334.2753886109]},"properties":{"OBJECTID_1":1325,"efficiency":0,"stop_code":14102,"Muni_Heb":"בני שמעון","stop_name":"צומת מיתר"}},
{"type":"Feature","geometry":{"type":"Point","coordinates":[192669.2057598808,581737.119314613]},"properties":{"OBJECTID_1":1326,"efficiency":0,"stop_code":14106,"Muni_Heb":"בני שמעון","stop_name":"צומת כרמים"}},
{"type":"Feature","geometry":{"type":"Point","coordinates":[192759.7195585432,581811.1756013909]},"properties":{"OBJECTID_1":1327,"efficiency":0,"stop_code":14108,"Muni_Heb":"בני שמעון","stop_name":"צומת כרמים"}},
{"type":"Feature","geometry":{"type":"Point","coordinates":[180522.58651065326,586983.0285966059]},"properties":{"OBJECTID_1":1328,"efficiency":0,"stop_code":15635,"Muni_Heb":"בני שמעון","stop_name":"מחלף עידן הנגב לצפון"}},
{"type":"Feature","geometry":{"type":"Point","coordinates":[180669.63801622044,586848.4284672273]},"properties":{"OBJECTID_1":1329,"efficiency":0,"stop_code":16121,"Muni_Heb":"בני שמעון","stop_name":"מחלף עידן הנגב למזרח"}},
{"type":"Feature","geometry":{"type":"Point","coordinates":[174973.84492374354,584009.7462025608]},"properties":{"OBJECTID_1":1330,"efficiency":0,"stop_code":19660,"Muni_Heb":"בני שמעון","stop_name":"תראבין/יציאה"}},
{"type":"Feature","geometry":{"type":"Point","coordinates":[174895.06796052196,584259.3394363924]},"properties":{"OBJECTID_1":1331,"efficiency":0,"stop_code":19663,"Muni_Heb":"בני שמעון","stop_name":"מסעף תראבין/כביש 310"}},
{"type":"Feature","geometry":{"type":"Point","coordinates":[174748.86323867663,584205.1885006566]},"properties":{"OBJECTID_1":1332,"efficiency":0,"stop_code":19696,"Muni_Heb":"בני שמעון","stop_name":"מסעף תראבין/כביש 310"}},
{"type":"Feature","geometry":{"type":"Point","coordinates":[180859.23747962032,586564.3187286605]},"properties":{"OBJECTID_1":1333,"efficiency":0,"stop_code":17088,"Muni_Heb":"בני שמעון","stop_name":"להבים רהט"}},
{"type":"Feature","geometry":{"type":"Point","coordinates":[177733.79120366427,660587.19709895]},"properties":{"OBJECTID_1":1334,"efficiency":0,"stop_code":39719,"Muni_Heb":"תל אביב - יפו","stop_name":"מסוף וולפסון"}},
{"type":"Feature","geometry":{"type":"Point","coordinates":[179500.37491825363,661581.1285624091]},"properties":{"OBJECTID_1":1335,"efficiency":0,"stop_code":20902,"Muni_Heb":"תל אביב - יפו","stop_name":"שד' ישראל גורי/דרך קיבוץ גלויות"}},
{"type":"Feature","geometry":{"type":"Point","coordinates":[180185.34613727083,665282.3533293452]},"properties":{"OBJECTID_1":1336,"efficiency":0,"stop_code":21000,"Muni_Heb":"תל אביב - יפו","stop_name":"ביה''ח איכילוב/שד' דוד המלך"}},
{"type":"Feature","geometry":{"type":"Point","coordinates":[178922.77303033473,666095.2690508568]},"properties":{"OBJECTID_1":1337,"efficiency":0,"stop_code":21005,"Muni_Heb":"תל אביב - יפו","stop_name":"ארלוזורוב/דיזנגוף"}},
{"type":"Feature","geometry":{"type":"Point","coordinates":[180715.6101917052,664522.9280717178]},"properties":{"OBJECTID_1":1338,"efficiency":0,"stop_code":21022,"Muni_Heb":"תל אביב - יפו","stop_name":"ת. רכבת השלום"}},
{"type":"Feature","geometry":{"type":"Point","coordinates":[180710.86070719198,664490.6766501406]},"properties":{"OBJECTID_1":1339,"efficiency":0,"stop_code":21023,"Muni_Heb":"תל אביב - יפו","stop_name":"ת. רכבת השלום"}},
{"type":"Feature","geometry":{"type":"Point","coordinates":[179901.06744351113,664627.8626674844]},"properties":{"OBJECTID_1":1340,"efficiency":0,"stop_code":21024,"Muni_Heb":"תל אביב - יפו","stop_name":"לאונרדו דה וינצ'י/קפלן"}},
{"type":"Feature","geometry":{"type":"Point","coordinates":[180924.06286132365,664415.4582104306]},"properties":{"OBJECTID_1":1341,"efficiency":0,"stop_code":21028,"Muni_Heb":"תל אביב - יפו","stop_name":"דרך השלום/יגאל אלון"}},
{"type":"Feature","geometry":{"type":"Point","coordinates":[181620.05962867494,663656.8974747199]},"properties":{"OBJECTID_1":1342,"efficiency":0,"stop_code":21030,"Muni_Heb":"תל אביב - יפו","stop_name":"דרך השלום/דרך יצחק רבין"}},
{"type":"Feature","geometry":{"type":"Point","coordinates":[181589.7352844036,663704.2500224938]},"properties":{"OBJECTID_1":1343,"efficiency":0,"stop_code":21031,"Muni_Heb":"תל אביב - יפו","stop_name":"דרך השלום/דרך יצחק רבין"}},
{"type":"Feature","geometry":{"type":"Point","coordinates":[182261.11424800323,662978.6505209467]},"properties":{"OBJECTID_1":1344,"efficiency":0,"stop_code":21032,"Muni_Heb":"תל אביב - יפו","stop_name":"דרך השלום/המאבק"}},
{"type":"Feature","geometry":{"type":"Point","coordinates":[182239.24195824558,662962.8731264876]},"properties":{"OBJECTID_1":1345,"efficiency":0,"stop_code":21033,"Muni_Heb":"תל אביב - יפו","stop_name":"דרך השלום/המאבק"}},
{"type":"Feature","geometry":{"type":"Point","coordinates":[180697.84918893484,665610.0678831787]},"properties":{"OBJECTID_1":1346,"efficiency":0,"stop_code":21035,"Muni_Heb":"תל אביב - יפו","stop_name":"ארלוזורוב/דרך נמיר"}},
{"type":"Feature","geometry":{"type":"Point","coordinates":[179905.93937567313,665831.5755126501]},"properties":{"OBJECTID_1":1347,"efficiency":0,"stop_code":21038,"Muni_Heb":"תל אביב - יפו","stop_name":"הוועד הפועל/ארלוזורוב"}},
{"type":"Feature","geometry":{"type":"Point","coordinates":[178805.84827159377,666625.9119625764]},"properties":{"OBJECTID_1":1348,"efficiency":0,"stop_code":21043,"Muni_Heb":"תל אביב - יפו","stop_name":"ירקון/ויתקין"}},
{"type":"Feature","geometry":{"type":"Point","coordinates":[180195.01894301228,665757.8205710736]},"properties":{"OBJECTID_1":1349,"efficiency":0,"stop_code":21068,"Muni_Heb":"תל אביב - יפו","stop_name":"ארלוזורוב/משה שרת"}},
{"type":"Feature","geometry":{"type":"Point","coordinates":[178844.88775765293,666284.4294095765]},"properties":{"OBJECTID_1":1350,"efficiency":0,"stop_code":21078,"Muni_Heb":"תל אביב - יפו","stop_name":"בן יהודה/ז'בוטינסקי"}},
{"type":"Feature","geometry":{"type":"Point","coordinates":[181122.1670958053,664367.0261186849]},"properties":{"OBJECTID_1":1351,"efficiency":0,"stop_code":21080,"Muni_Heb":"תל אביב - יפו","stop_name":"דרך השלום/תוצרת הארץ"}},
{"type":"Feature","geometry":{"type":"Point","coordinates":[178919.0745331429,666990.4062987958]},"properties":{"OBJECTID_1":1352,"efficiency":0,"stop_code":21089,"Muni_Heb":"תל אביב - יפו","stop_name":"הירקון/ירמיהו"}},
{"type":"Feature","geometry":{"type":"Point","coordinates":[178997.34433789278,666875.2098495208]},"properties":{"OBJECTID_1":1353,"efficiency":0,"stop_code":21090,"Muni_Heb":"תל אביב - יפו","stop_name":"בן יהודה/ירמיהו"}},
{"type":"Feature","geometry":{"type":"Point","coordinates":[180303.31678550402,668626.0725999215]},"properties":{"OBJECTID_1":1354,"efficiency":0,"stop_code":21092,"Muni_Heb":"תל אביב - יפו","stop_name":"שד' לוי אשכול/דב האוזנר"}},
{"type":"Feature","geometry":{"type":"Point","coordinates":[179714.05152411768,664804.9098714174]},"properties":{"OBJECTID_1":1355,"efficiency":0,"stop_code":21100,"Muni_Heb":"תל אביב - יפו","stop_name":"לונדון מיניסטור/שד' שאול המלך"}},
{"type":"Feature","geometry":{"type":"Point","coordinates":[178630.21834763527,666192.4726832244]},"properties":{"OBJECTID_1":1356,"efficiency":0,"stop_code":21104,"Muni_Heb":"תל אביב - יפו","stop_name":"הירקון/ארלוזורוב"}},
{"type":"Feature","geometry":{"type":"Point","coordinates":[180336.92944163873,668825.2167203604]},"properties":{"OBJECTID_1":1357,"efficiency":0,"stop_code":21107,"Muni_Heb":"תל אביב - יפו","stop_name":"שד' לוי אשכול/אינשטיין"}},
{"type":"Feature","geometry":{"type":"Point","coordinates":[181467.8409698235,664238.6471548072]},"properties":{"OBJECTID_1":1358,"efficiency":0,"stop_code":21118,"Muni_Heb":"תל אביב - יפו","stop_name":"בית העלמין/דרך השלום"}},
{"type":"Feature","geometry":{"type":"Point","coordinates":[181097.83924221236,664350.8167945865]},"properties":{"OBJECTID_1":1359,"efficiency":0,"stop_code":21119,"Muni_Heb":"תל אביב - יפו","stop_name":"דרך השלום/תוצרת הארץ"}},
{"type":"Feature","geometry":{"type":"Point","coordinates":[179585.58450886447,665584.7615816667]},"properties":{"OBJECTID_1":1360,"efficiency":0,"stop_code":21123,"Muni_Heb":"תל אביב - יפו","stop_name":"עיריית תל אביב-יפו/אבן גבירול"}},
{"type":"Feature","geometry":{"type":"Point","coordinates":[181408.42812974472,665116.3546580791]},"properties":{"OBJECTID_1":1361,"efficiency":0,"stop_code":21126,"Muni_Heb":"תל אביב - יפו","stop_name":"ערבי נחל/בורוכוב"}},
{"type":"Feature","geometry":{"type":"Point","coordinates":[179712.22774726574,666391.005560142]},"properties":{"OBJECTID_1":1362,"efficiency":0,"stop_code":21127,"Muni_Heb":"תל אביב - יפו","stop_name":"אבן גבירול/פרופ' שור"}},
{"type":"Feature","geometry":{"type":"Point","coordinates":[181789.00403603018,663277.243669996]},"properties":{"OBJECTID_1":1363,"efficiency":0,"stop_code":21133,"Muni_Heb":"תל אביב - יפו","stop_name":"דרך השלום/דרך הטייסים"}},
{"type":"Feature","geometry":{"type":"Point","coordinates":[181736.45644564222,663316.5830443648]},"properties":{"OBJECTID_1":1364,"efficiency":0,"stop_code":21134,"Muni_Heb":"תל אביב - יפו","stop_name":"דרך השלום/דרך הטייסים"}},
{"type":"Feature","geometry":{"type":"Point","coordinates":[179875.49586938747,665311.1670913913]},"properties":{"OBJECTID_1":1365,"efficiency":0,"stop_code":21136,"Muni_Heb":"תל אביב - יפו","stop_name":"רבנות תל אביב/שד' דוד המלך"}},
{"type":"Feature","geometry":{"type":"Point","coordinates":[180909.77391803692,665577.6578876467]},"properties":{"OBJECTID_1":1366,"efficiency":0,"stop_code":21139,"Muni_Heb":"תל אביב - יפו","stop_name":"ת. רכבת תל אביב סבידור/על פרשת דרכים"}},
{"type":"Feature","geometry":{"type":"Point","coordinates":[180900.04522697575,665551.6351747544]},"properties":{"OBJECTID_1":1367,"efficiency":1,"stop_code":21140,"Muni_Heb":"תל אביב - יפו","stop_name":"ת. רכבת תל אביב סבידור/על פרשת דרכים"}},
{"type":"Feature","geometry":{"type":"Point","coordinates":[179721.0302123054,664826.9501597685]},"properties":{"OBJECTID_1":1368,"efficiency":1,"stop_code":21150,"Muni_Heb":"תל אביב - יפו","stop_name":"לונדון מיניסטור/שד' שאול המלך"}},
{"type":"Feature","geometry":{"type":"Point","coordinates":[179337.5159245544,665978.9610025091]},"properties":{"OBJECTID_1":1369,"efficiency":0,"stop_code":21155,"Muni_Heb":"תל אביב - יפו","stop_name":"ארלוזורוב/שלמה המלך"}},
{"type":"Feature","geometry":{"type":"Point","coordinates":[183251.04368219868,668163.1380663802]},"properties":{"OBJECTID_1":1370,"efficiency":0,"stop_code":21163,"Muni_Heb":"תל אביב - יפו","stop_name":"מרכז הספורט/בכור שטרית"}},
{"type":"Feature","geometry":{"type":"Point","coordinates":[180257.70330262667,665316.1178667437]},"properties":{"OBJECTID_1":1371,"efficiency":0,"stop_code":21173,"Muni_Heb":"תל אביב - יפו","stop_name":"ביה''ח איכילוב/ויצמן"}},
{"type":"Feature","geometry":{"type":"Point","coordinates":[178843.02638857238,663265.1798907255]},"properties":{"OBJECTID_1":1372,"efficiency":1,"stop_code":21179,"Muni_Heb":"תל אביב - יפו","stop_name":"אלנבי/יהודה הלוי"}},
{"type":"Feature","geometry":{"type":"Point","coordinates":[180790.97369468556,667008.726252711]},"properties":{"OBJECTID_1":1373,"efficiency":1,"stop_code":21188,"Muni_Heb":"תל אביב - יפו","stop_name":"דרך נמיר/יהודה המכבי"}},
{"type":"Feature","geometry":{"type":"Point","coordinates":[181706.556300612,662918.8158245494]},"properties":{"OBJECTID_1":1374,"efficiency":0,"stop_code":21190,"Muni_Heb":"תל אביב - יפו","stop_name":"אורט סינגלובסקי/דרך הטייסים"}},
{"type":"Feature","geometry":{"type":"Point","coordinates":[181313.54599086472,662247.2823822309]},"properties":{"OBJECTID_1":1375,"efficiency":0,"stop_code":21194,"Muni_Heb":"תל אביב - יפו","stop_name":"דרך משה דיין/ההגנה"}},
{"type":"Feature","geometry":{"type":"Point","coordinates":[181155.07219582843,668887.0803457365]},"properties":{"OBJECTID_1":1376,"efficiency":0,"stop_code":21199,"Muni_Heb":"תל אביב - יפו","stop_name":"קניון רמת אביב/ברודצקי"}},
{"type":"Feature","geometry":{"type":"Point","coordinates":[180236.76460731463,665150.3043832841]},"properties":{"OBJECTID_1":1377,"efficiency":0,"stop_code":21206,"Muni_Heb":"תל אביב - יפו","stop_name":"בית המשפט/ויצמן"}},
{"type":"Feature","geometry":{"type":"Point","coordinates":[180884.9265947196,662984.1077037661]},"properties":{"OBJECTID_1":1378,"efficiency":0,"stop_code":21209,"Muni_Heb":"תל אביב - יפו","stop_name":"לה גווארדייה/לוחמי גליפולי"}},
{"type":"Feature","geometry":{"type":"Point","coordinates":[180792.02291631032,668449.7663274698]},"properties":{"OBJECTID_1":1379,"efficiency":0,"stop_code":21215,"Muni_Heb":"תל אביב - יפו","stop_name":"ביה''ס אלומות/רדינג"}},
{"type":"Feature","geometry":{"type":"Point","coordinates":[180851.04395275965,668532.2673987885]},"properties":{"OBJECTID_1":1380,"efficiency":0,"stop_code":21216,"Muni_Heb":"תל אביב - יפו","stop_name":"רדינג/אשר ברש"}},
{"type":"Feature","geometry":{"type":"Point","coordinates":[182351.5924085205,662463.2306110705]},"properties":{"OBJECTID_1":1381,"efficiency":0,"stop_code":21218,"Muni_Heb":"תל אביב - יפו","stop_name":"דרך הטייסים/עודד"}},
{"type":"Feature","geometry":{"type":"Point","coordinates":[184013.8033427294,670627.4614358037]},"properties":{"OBJECTID_1":1382,"efficiency":0,"stop_code":21219,"Muni_Heb":"תל אביב - יפו","stop_name":"בית עלמין צבאי/משה סנה"}},
{"type":"Feature","geometry":{"type":"Point","coordinates":[180280.38646606973,664268.5464673234]},"properties":{"OBJECTID_1":1383,"efficiency":1,"stop_code":21221,"Muni_Heb":"תל אביב - יפו","stop_name":"קריית הממשלה/דרך מנחם בגין"}},
{"type":"Feature","geometry":{"type":"Point","coordinates":[179390.50354470068,663876.684087475]},"properties":{"OBJECTID_1":1384,"efficiency":0,"stop_code":21226,"Muni_Heb":"תל אביב - יפו","stop_name":"יהודה הלוי/שיינקין"}},
{"type":"Feature","geometry":{"type":"Point","coordinates":[181611.1506776349,668262.2667465799]},"properties":{"OBJECTID_1":1385,"efficiency":0,"stop_code":21227,"Muni_Heb":"תל אביב - יפו","stop_name":"קמפוס ברושים/שלום רוזנפלד"}},
{"type":"Feature","geometry":{"type":"Point","coordinates":[181250.6902763397,669968.0318185237]},"properties":{"OBJECTID_1":1386,"efficiency":0,"stop_code":21234,"Muni_Heb":"תל אביב - יפו","stop_name":"שד' קק''ל/שלמה בן יוסף"}},
{"type":"Feature","geometry":{"type":"Point","coordinates":[181599.43588175194,668234.0329311414]},"properties":{"OBJECTID_1":1387,"efficiency":0,"stop_code":21235,"Muni_Heb":"תל אביב - יפו","stop_name":"קמפוס ברושים/שלום רוזנפלד"}},
{"type":"Feature","geometry":{"type":"Point","coordinates":[179944.17832107795,663718.4935321736]},"properties":{"OBJECTID_1":1388,"efficiency":0,"stop_code":21237,"Muni_Heb":"תל אביב - יפו","stop_name":"יצחק שדה/המסגר"}},
{"type":"Feature","geometry":{"type":"Point","coordinates":[180259.4450646582,665180.1577288327]},"properties":{"OBJECTID_1":1389,"efficiency":0,"stop_code":21238,"Muni_Heb":"תל אביב - יפו","stop_name":"בית המשפט/ויצמן"}},
{"type":"Feature","geometry":{"type":"Point","coordinates":[178611.24671448147,663278.6385489047]},"properties":{"OBJECTID_1":1390,"efficiency":0,"stop_code":21241,"Muni_Heb":"תל אביב - יפו","stop_name":"יהודה הלוי/נחלת בנימין"}},
{"type":"Feature","geometry":{"type":"Point","coordinates":[180086.09993361088,664131.9019141297]},"properties":{"OBJECTID_1":1391,"efficiency":0,"stop_code":21243,"Muni_Heb":"תל אביב - יפו","stop_name":"החשמונאים/דרך מנחם בגין"}},
{"type":"Feature","geometry":{"type":"Point","coordinates":[179449.33700126215,663469.8123957044]},"properties":{"OBJECTID_1":1392,"efficiency":1,"stop_code":21244,"Muni_Heb":"תל אביב - יפו","stop_name":"דרך מנחם בגין/הרכבת"}},
{"type":"Feature","geometry":{"type":"Point","coordinates":[179352.8532466806,662637.6177256067]},"properties":{"OBJECTID_1":1393,"efficiency":1,"stop_code":21256,"Muni_Heb":"תל אביב - יפו","stop_name":"ת.מרכזית תל אביב קומה 6/רציפים"}},
{"type":"Feature","geometry":{"type":"Point","coordinates":[180436.45683137845,663009.9922372516]},"properties":{"OBJECTID_1":1394,"efficiency":0,"stop_code":21264,"Muni_Heb":"תל אביב - יפו","stop_name":"לה גווארדייה/יגאל אלון"}},
{"type":"Feature","geometry":{"type":"Point","coordinates":[182400.17834176967,661411.806463791]},"properties":{"OBJECTID_1":1395,"efficiency":0,"stop_code":21265,"Muni_Heb":"תל אביב - יפו","stop_name":"דרך בר לב/דרך הטייסים"}},
{"type":"Feature","geometry":{"type":"Point","coordinates":[183940.13958305336,668237.1088998788]},"properties":{"OBJECTID_1":1396,"efficiency":0,"stop_code":21270,"Muni_Heb":"תל אביב - יפו","stop_name":"מבצע קדש/ראול ולנברג"}},
{"type":"Feature","geometry":{"type":"Point","coordinates":[181369.5060814183,669918.5707744065]},"properties":{"OBJECTID_1":1397,"efficiency":0,"stop_code":21273,"Muni_Heb":"תל אביב - יפו","stop_name":"שד' קק''ל/אופנהיימר"}},
{"type":"Feature","geometry":{"type":"Point","coordinates":[180040.84286012105,663028.1509087217]},"properties":{"OBJECTID_1":1398,"efficiency":1,"stop_code":21274,"Muni_Heb":"תל אביב - יפו","stop_name":"מחלף לה גווארדייה"}},
{"type":"Feature","geometry":{"type":"Point","coordinates":[181326.14716585778,662132.0192015744]},"properties":{"OBJECTID_1":1399,"efficiency":0,"stop_code":21277,"Muni_Heb":"תל אביב - יפו","stop_name":"דרך משה דיין/ההגנה"}},
{"type":"Feature","geometry":{"type":"Point","coordinates":[181972.73603208736,662678.5283932276]},"properties":{"OBJECTID_1":1400,"efficiency":0,"stop_code":21281,"Muni_Heb":"תל אביב - יפו","stop_name":"פארק וולפסון/דרך הטייסים"}},
{"type":"Feature","geometry":{"type":"Point","coordinates":[182601.47563964783,661549.0239603266]},"properties":{"OBJECTID_1":1401,"efficiency":0,"stop_code":21282,"Muni_Heb":"תל אביב - יפו","stop_name":"דרך הטייסים/דרך בר לב"}},
{"type":"Feature","geometry":{"type":"Point","coordinates":[181712.775505648,661514.6886278092]},"properties":{"OBJECTID_1":1402,"efficiency":0,"stop_code":21286,"Muni_Heb":"תל אביב - יפו","stop_name":"דרך בר לב/אונטרמן"}},
{"type":"Feature","geometry":{"type":"Point","coordinates":[182088.38474092845,661433.5721348108]},"properties":{"OBJECTID_1":1403,"efficiency":0,"stop_code":21287,"Muni_Heb":"תל אביב - יפו","stop_name":"דרך בר לב/שד' ששת הימים"}},
{"type":"Feature","geometry":{"type":"Point","coordinates":[180749.1385045153,664177.9273043205]},"properties":{"OBJECTID_1":1404,"efficiency":0,"stop_code":21289,"Muni_Heb":"תל אביב - יפו","stop_name":"אסותא/יגאל אלון"}},
{"type":"Feature","geometry":{"type":"Point","coordinates":[181208.59297445958,662993.6422465998]},"properties":{"OBJECTID_1":1405,"efficiency":0,"stop_code":21301,"Muni_Heb":"תל אביב - יפו","stop_name":"לה גווארדייה/הגיבור האלמוני"}},
{"type":"Feature","geometry":{"type":"Point","coordinates":[180496.83305319765,665039.6324460052]},"properties":{"OBJECTID_1":1406,"efficiency":1,"stop_code":21303,"Muni_Heb":"תל אביב - יפו","stop_name":"בית הדר דפנה/שד' שאול המלך"}},
{"type":"Feature","geometry":{"type":"Point","coordinates":[180695.38591957215,662386.9016394354]},"properties":{"OBJECTID_1":1407,"efficiency":1,"stop_code":21305,"Muni_Heb":"תל אביב - יפו","stop_name":"גן התקווה/דרך ההגנה"}},
{"type":"Feature","geometry":{"type":"Point","coordinates":[181063.58132528406,662378.852318819]},"properties":{"OBJECTID_1":1408,"efficiency":0,"stop_code":21307,"Muni_Heb":"תל אביב - יפו","stop_name":"ביה''ס נתיב/דרך ההגנה"}},
{"type":"Feature","geometry":{"type":"Point","coordinates":[180747.57574316952,662402.2278021954]},"properties":{"OBJECTID_1":1409,"efficiency":0,"stop_code":21311,"Muni_Heb":"תל אביב - יפו","stop_name":"גן התקווה/דרך ההגנה"}},
{"type":"Feature","geometry":{"type":"Point","coordinates":[179841.90116701563,664152.1453704849]},"properties":{"OBJECTID_1":1410,"efficiency":0,"stop_code":21315,"Muni_Heb":"תל אביב - יפו","stop_name":"קניון טי.אל.וי/החשמונאים"}},
{"type":"Feature","geometry":{"type":"Point","coordinates":[179502.71610959864,664197.4961848292]},"properties":{"OBJECTID_1":1411,"efficiency":0,"stop_code":21316,"Muni_Heb":"תל אביב - יפו","stop_name":"החשמונאים/יהודה הלוי"}},
{"type":"Feature","geometry":{"type":"Point","coordinates":[180580.63482423266,663052.9097387353]},"properties":{"OBJECTID_1":1412,"efficiency":0,"stop_code":21317,"Muni_Heb":"תל אביב - יפו","stop_name":"יגאל אלון/לה גווארדייה"}},
{"type":"Feature","geometry":{"type":"Point","coordinates":[180564.22748932664,663158.0975723256]},"properties":{"OBJECTID_1":1413,"efficiency":0,"stop_code":21318,"Muni_Heb":"תל אביב - יפו","stop_name":"היכל הספורט/יגאל אלון"}},
{"type":"Feature","geometry":{"type":"Point","coordinates":[180157.80466548004,663652.4616291536]},"properties":{"OBJECTID_1":1414,"efficiency":0,"stop_code":21324,"Muni_Heb":"תל אביב - יפו","stop_name":"יצחק שדה/שונצינו"}},
{"type":"Feature","geometry":{"type":"Point","coordinates":[179630.04693081294,663148.182846402]},"properties":{"OBJECTID_1":1415,"efficiency":1,"stop_code":21342,"Muni_Heb":"תל אביב - יפו","stop_name":"הרכבת/בני ברק"}},
{"type":"Feature","geometry":{"type":"Point","coordinates":[184927.74471119748,668693.2376089864]},"properties":{"OBJECTID_1":1416,"efficiency":0,"stop_code":21356,"Muni_Heb":"תל אביב - יפו","stop_name":"ראול ולנברג/הנחושת"}},
{"type":"Feature","geometry":{"type":"Point","coordinates":[185090.71955504917,668965.2565100162]},"properties":{"OBJECTID_1":1417,"efficiency":0,"stop_code":21357,"Muni_Heb":"תל אביב - יפו","stop_name":"ראול ולנברג/הארד"}},
{"type":"Feature","geometry":{"type":"Point","coordinates":[184229.2148564786,668255.6187510635]},"properties":{"OBJECTID_1":1418,"efficiency":0,"stop_code":21358,"Muni_Heb":"תל אביב - יפו","stop_name":"ראול ולנברג/משמר הירדן"}},
{"type":"Feature","geometry":{"type":"Point","coordinates":[178874.04509265345,665193.1340508583]},"properties":{"OBJECTID_1":1419,"efficiency":0,"stop_code":21366,"Muni_Heb":"תל אביב - יפו","stop_name":"כיכר דיזנגוף/דיזנגוף"}},
{"type":"Feature","geometry":{"type":"Point","coordinates":[179338.24152514117,665205.9295151484]},"properties":{"OBJECTID_1":1420,"efficiency":0,"stop_code":21367,"Muni_Heb":"תל אביב - יפו","stop_name":"כיכר מסריק/פרישמן"}},
{"type":"Feature","geometry":{"type":"Point","coordinates":[179212.85657458397,663296.5342472871]},"properties":{"OBJECTID_1":1421,"efficiency":1,"stop_code":21376,"Muni_Heb":"תל אביב - יפו","stop_name":"חברת החשמל/דרך מנחם בגין"}},
{"type":"Feature","geometry":{"type":"Point","coordinates":[181486.19805596987,668417.7604192283]},"properties":{"OBJECTID_1":1422,"efficiency":0,"stop_code":21385,"Muni_Heb":"תל אביב - יפו","stop_name":"מכון התקנים/חיים לבנון"}},
{"type":"Feature","geometry":{"type":"Point","coordinates":[181494.99778604292,668650.823022455]},"properties":{"OBJECTID_1":1423,"efficiency":0,"stop_code":21387,"Muni_Heb":"תל אביב - יפו","stop_name":"חיים לבנון/ד''ר ג'ורג' וויז"}},
{"type":"Feature","geometry":{"type":"Point","coordinates":[181473.81002787003,669067.4136094133]},"properties":{"OBJECTID_1":1424,"efficiency":0,"stop_code":21388,"Muni_Heb":"תל אביב - יפו","stop_name":"האוניברסיטה/חיים לבנון"}},
{"type":"Feature","geometry":{"type":"Point","coordinates":[181484.17876151804,669492.8686836299]},"properties":{"OBJECTID_1":1425,"efficiency":1,"stop_code":21389,"Muni_Heb":"תל אביב - יפו","stop_name":"חיים לבנון/קלצ'קין"}},
{"type":"Feature","geometry":{"type":"Point","coordinates":[181530.65340664226,669630.4232846241]},"properties":{"OBJECTID_1":1426,"efficiency":0,"stop_code":21394,"Muni_Heb":"תל אביב - יפו","stop_name":"חיים לבנון/קלצ'קין"}},
{"type":"Feature","geometry":{"type":"Point","coordinates":[178847.8799783913,663487.4986282126]},"properties":{"OBJECTID_1":1427,"efficiency":0,"stop_code":21397,"Muni_Heb":"תל אביב - יפו","stop_name":"שד' רוטשילד/אלנבי"}},
{"type":"Feature","geometry":{"type":"Point","coordinates":[180861.3755228511,664542.223396648]},"properties":{"OBJECTID_1":1428,"efficiency":0,"stop_code":21398,"Muni_Heb":"תל אביב - יפו","stop_name":"יגאל אלון/דרך השלום"}},
{"type":"Feature","geometry":{"type":"Point","coordinates":[180978.57941240704,664923.6901332743]},"properties":{"OBJECTID_1":1429,"efficiency":0,"stop_code":21399,"Muni_Heb":"תל אביב - יפו","stop_name":"יגאל אלון/עמק ברכה"}},
{"type":"Feature","geometry":{"type":"Point","coordinates":[181036.63269636093,665020.0572819517]},"properties":{"OBJECTID_1":1430,"efficiency":0,"stop_code":21400,"Muni_Heb":"תל אביב - יפו","stop_name":"יגאל אלון/עמק ברכה"}},
{"type":"Feature","geometry":{"type":"Point","coordinates":[181174.91748647206,665161.0335212434]},"properties":{"OBJECTID_1":1431,"efficiency":0,"stop_code":21401,"Muni_Heb":"תל אביב - יפו","stop_name":"יגאל אלון/ערבי נחל"}},
{"type":"Feature","geometry":{"type":"Point","coordinates":[181168.5265064448,665168.820013681]},"properties":{"OBJECTID_1":1432,"efficiency":0,"stop_code":21402,"Muni_Heb":"תל אביב - יפו","stop_name":"יגאל אלון/ערבי נחל"}},
{"type":"Feature","geometry":{"type":"Point","coordinates":[180602.18766672094,663627.2455119818]},"properties":{"OBJECTID_1":1433,"efficiency":0,"stop_code":21406,"Muni_Heb":"תל אביב - יפו","stop_name":"יגאל אלון/יצחק שדה"}},
{"type":"Feature","geometry":{"type":"Point","coordinates":[180544.48696881282,662490.3847659169]},"properties":{"OBJECTID_1":1434,"efficiency":0,"stop_code":21407,"Muni_Heb":"תל אביב - יפו","stop_name":"יגאל אלון/ההגנה"}},
{"type":"Feature","geometry":{"type":"Point","coordinates":[179516.49033237397,664122.368307144]},"properties":{"OBJECTID_1":1435,"efficiency":0,"stop_code":21413,"Muni_Heb":"תל אביב - יפו","stop_name":"יהודה הלוי/החשמונאים"}},
{"type":"Feature","geometry":{"type":"Point","coordinates":[179180.26356326177,663603.1680186352]},"properties":{"OBJECTID_1":1436,"efficiency":0,"stop_code":21414,"Muni_Heb":"תל אביב - יפו","stop_name":"יהודה הלוי/נחמני"}},
{"type":"Feature","geometry":{"type":"Point","coordinates":[180821.93791404765,666984.323171291]},"properties":{"OBJECTID_1":1437,"efficiency":1,"stop_code":21415,"Muni_Heb":"תל אביב - יפו","stop_name":"דרך נמיר/יהודה המכבי"}},
{"type":"Feature","geometry":{"type":"Point","coordinates":[180996.5515142305,663509.1997569413]},"properties":{"OBJECTID_1":1438,"efficiency":0,"stop_code":21421,"Muni_Heb":"תל אביב - יפו","stop_name":"ביה''ס ניב/יצחק שדה"}},
{"type":"Feature","geometry":{"type":"Point","coordinates":[180183.13063267182,663657.3539815038]},"properties":{"OBJECTID_1":1439,"efficiency":0,"stop_code":21422,"Muni_Heb":"תל אביב - יפו","stop_name":"יצחק שדה/שונצינו"}},
{"type":"Feature","geometry":{"type":"Point","coordinates":[180950.96293852574,667901.0220602179]},"properties":{"OBJECTID_1":1440,"efficiency":0,"stop_code":21423,"Muni_Heb":"תל אביב - יפו","stop_name":"חיים לבנון/רדינג"}},
{"type":"Feature","geometry":{"type":"Point","coordinates":[178969.2361778969,663158.3316862534]},"properties":{"OBJECTID_1":1441,"efficiency":1,"stop_code":21426,"Muni_Heb":"תל אביב - יפו","stop_name":"דרך מנחם בגין/אלנבי"}},
{"type":"Feature","geometry":{"type":"Point","coordinates":[181983.20051451548,662699.2265122664]},"properties":{"OBJECTID_1":1442,"efficiency":0,"stop_code":21433,"Muni_Heb":"תל אביב - יפו","stop_name":"פארק וולפסון/דרך הטייסים"}},
{"type":"Feature","geometry":{"type":"Point","coordinates":[180484.48132267623,662998.7189746457]},"properties":{"OBJECTID_1":1443,"efficiency":0,"stop_code":21434,"Muni_Heb":"תל אביב - יפו","stop_name":"לה גווארדייה/יגאל אלון"}},
{"type":"Feature","geometry":{"type":"Point","coordinates":[181703.9792916366,661536.7885297437]},"properties":{"OBJECTID_1":1444,"efficiency":0,"stop_code":21436,"Muni_Heb":"תל אביב - יפו","stop_name":"דרך בר לב/אונטרמן"}},
{"type":"Feature","geometry":{"type":"Point","coordinates":[182171.99634791742,661440.0298398476]},"properties":{"OBJECTID_1":1445,"efficiency":0,"stop_code":21437,"Muni_Heb":"תל אביב - יפו","stop_name":"דרך בר לב/שד' ששת הימים"}},
{"type":"Feature","geometry":{"type":"Point","coordinates":[180742.00724418293,662998.8446911232]},"properties":{"OBJECTID_1":1446,"efficiency":0,"stop_code":21438,"Muni_Heb":"תל אביב - יפו","stop_name":"לה גווארדייה/שער הגיא"}},
{"type":"Feature","geometry":{"type":"Point","coordinates":[178814.49849504323,663333.8250084626]},"properties":{"OBJECTID_1":1447,"efficiency":0,"stop_code":21445,"Muni_Heb":"תל אביב - יפו","stop_name":"אלנבי/לילינבלום"}},
{"type":"Feature","geometry":{"type":"Point","coordinates":[179036.36703977612,666979.0715709764]},"properties":{"OBJECTID_1":1448,"efficiency":0,"stop_code":21446,"Muni_Heb":"תל אביב - יפו","stop_name":"עירוני ה'/בן יהודה"}},
{"type":"Feature","geometry":{"type":"Point","coordinates":[178532.23937981162,663498.1892530051]},"properties":{"OBJECTID_1":1449,"efficiency":1,"stop_code":21451,"Muni_Heb":"תל אביב - יפו","stop_name":"מגדל שלום/אחד העם"}},
{"type":"Feature","geometry":{"type":"Point","coordinates":[180576.97830847977,663405.7804588615]},"properties":{"OBJECTID_1":1450,"efficiency":0,"stop_code":21454,"Muni_Heb":"תל אביב - יפו","stop_name":"יגאל אלון/הפלמ''ח"}},
{"type":"Feature","geometry":{"type":"Point","coordinates":[182908.1490493447,668219.4797636712]},"properties":{"OBJECTID_1":1451,"efficiency":0,"stop_code":21455,"Muni_Heb":"תל אביב - יפו","stop_name":"מגרשי הטניס/בכור שטרית"}},
{"type":"Feature","geometry":{"type":"Point","coordinates":[180586.95753566988,663249.4962045852]},"properties":{"OBJECTID_1":1452,"efficiency":0,"stop_code":21457,"Muni_Heb":"תל אביב - יפו","stop_name":"היכל הספורט/יגאל אלון"}},
{"type":"Feature","geometry":{"type":"Point","coordinates":[181076.62211712584,667932.9269156468]},"properties":{"OBJECTID_1":1453,"efficiency":0,"stop_code":21460,"Muni_Heb":"תל אביב - יפו","stop_name":"מוזאון ארץ ישראל/חיים לבנון"}},
{"type":"Feature","geometry":{"type":"Point","coordinates":[183444.983232615,668209.0230375372]},"properties":{"OBJECTID_1":1454,"efficiency":0,"stop_code":21461,"Muni_Heb":"תל אביב - יפו","stop_name":"איצטדיון הדר יוסף/בכור שטרית"}},
{"type":"Feature","geometry":{"type":"Point","coordinates":[183182.7799460358,668183.4531359171]},"properties":{"OBJECTID_1":1455,"efficiency":0,"stop_code":21466,"Muni_Heb":"תל אביב - יפו","stop_name":"מרכז הספורט/בכור שטרית"}},
{"type":"Feature","geometry":{"type":"Point","coordinates":[181514.95244439814,668762.527763833]},"properties":{"OBJECTID_1":1456,"efficiency":0,"stop_code":21469,"Muni_Heb":"תל אביב - יפו","stop_name":"חיים לבנון/ד''ר ג'ורג' וויז"}},
{"type":"Feature","geometry":{"type":"Point","coordinates":[180446.7368206533,664705.2640348603]},"properties":{"OBJECTID_1":1457,"efficiency":1,"stop_code":21472,"Muni_Heb":"תל אביב - יפו","stop_name":"קניון עזריאלי/דרך מנחם בגין"}},
{"type":"Feature","geometry":{"type":"Point","coordinates":[180361.86828083283,670693.1061350986]},"properties":{"OBJECTID_1":1458,"efficiency":0,"stop_code":21479,"Muni_Heb":"תל אביב - יפו","stop_name":"ת. דלק פז למד/2040"}},
{"type":"Feature","geometry":{"type":"Point","coordinates":[178719.53227106095,662209.7627639213]},"properties":{"OBJECTID_1":1459,"efficiency":1,"stop_code":21480,"Muni_Heb":"תל אביב - יפו","stop_name":"שוקן/דרך קיבוץ גלויות"}},
{"type":"Feature","geometry":{"type":"Point","coordinates":[178808.35990656886,662908.2469205204]},"properties":{"OBJECTID_1":1460,"efficiency":1,"stop_code":21481,"Muni_Heb":"תל אביב - יפו","stop_name":"העלייה/מטלון"}},
{"type":"Feature","geometry":{"type":"Point","coordinates":[179320.0743519036,662946.6909960995]},"properties":{"OBJECTID_1":1461,"efficiency":0,"stop_code":21482,"Muni_Heb":"תל אביב - יפו","stop_name":"הגדוד העברי/שד' הר ציון"}},
{"type":"Feature","geometry":{"type":"Point","coordinates":[178901.61154814088,662990.0455712132]},"properties":{"OBJECTID_1":1462,"efficiency":0,"stop_code":21483,"Muni_Heb":"תל אביב - יפו","stop_name":"לוינסקי/העלייה"}},
{"type":"Feature","geometry":{"type":"Point","coordinates":[179212.66591208614,663773.4805282815]},"properties":{"OBJECTID_1":1463,"efficiency":0,"stop_code":21484,"Muni_Heb":"תל אביב - יפו","stop_name":"שד' רוטשילד/בלפור"}},
{"type":"Feature","geometry":{"type":"Point","coordinates":[182628.7299038827,661824.7111450692]},"properties":{"OBJECTID_1":1464,"efficiency":0,"stop_code":21486,"Muni_Heb":"תל אביב - יפו","stop_name":"מסוף הטייסים"}},
{"type":"Feature","geometry":{"type":"Point","coordinates":[180779.12754217596,664366.5507832781]},"properties":{"OBJECTID_1":1465,"efficiency":0,"stop_code":21487,"Muni_Heb":"תל אביב - יפו","stop_name":"יגאל אלון/דרך השלום"}},
{"type":"Feature","geometry":{"type":"Point","coordinates":[178831.9898095653,663268.2180713637]},"properties":{"OBJECTID_1":1466,"efficiency":1,"stop_code":21490,"Muni_Heb":"תל אביב - יפו","stop_name":"אלנבי/יהודה הלוי"}},
{"type":"Feature","geometry":{"type":"Point","coordinates":[178739.88627900864,663614.3469510622]},"properties":{"OBJECTID_1":1467,"efficiency":1,"stop_code":21491,"Muni_Heb":"תל אביב - יפו","stop_name":"בית הכנסת הגדול/אלנבי"}},
{"type":"Feature","geometry":{"type":"Point","coordinates":[178364.9729154834,661362.5345734275]},"properties":{"OBJECTID_1":1468,"efficiency":1,"stop_code":21496,"Muni_Heb":"תל אביב - יפו","stop_name":"דרך בן צבי/הרצל"}},
{"type":"Feature","geometry":{"type":"Point","coordinates":[181354.90880501978,668166.3051611503]},"properties":{"OBJECTID_1":1469,"efficiency":0,"stop_code":21497,"Muni_Heb":"תל אביב - יפו","stop_name":"מכון הנפט/חיים לבנון"}},
{"type":"Feature","geometry":{"type":"Point","coordinates":[181480.17524765828,668473.0072643884]},"properties":{"OBJECTID_1":1470,"efficiency":1,"stop_code":21498,"Muni_Heb":"תל אביב - יפו","stop_name":"מכון התקנים/חיים לבנון"}},
{"type":"Feature","geometry":{"type":"Point","coordinates":[178414.35439497896,661780.174792307]},"properties":{"OBJECTID_1":1471,"efficiency":1,"stop_code":21499,"Muni_Heb":"תל אביב - יפו","stop_name":"הגן הזואולוגי/הרצל"}},
{"type":"Feature","geometry":{"type":"Point","coordinates":[179237.02138975787,663293.999064241]},"properties":{"OBJECTID_1":1472,"efficiency":1,"stop_code":21502,"Muni_Heb":"תל אביב - יפו","stop_name":"דרך מנחם בגין/הגליל"}},
{"type":"Feature","geometry":{"type":"Point","coordinates":[181480.34542271978,668922.2311682506]},"properties":{"OBJECTID_1":1473,"efficiency":1,"stop_code":21513,"Muni_Heb":"תל אביב - יפו","stop_name":"האוניברסיטה/חיים לבנון"}},
{"type":"Feature","geometry":{"type":"Point","coordinates":[179558.9568977989,665174.8983725092]},"properties":{"OBJECTID_1":1474,"efficiency":0,"stop_code":21516,"Muni_Heb":"תל אביב - יפו","stop_name":"כיכר רבין/אבן גבירול"}},
{"type":"Feature","geometry":{"type":"Point","coordinates":[180664.43563327956,663929.298322713]},"properties":{"OBJECTID_1":1475,"efficiency":0,"stop_code":21518,"Muni_Heb":"תל אביב - יפו","stop_name":"יגאל אלון/קרמנצקי"}},
{"type":"Feature","geometry":{"type":"Point","coordinates":[179511.62815025286,665264.2413451858]},"properties":{"OBJECTID_1":1476,"efficiency":1,"stop_code":21520,"Muni_Heb":"תל אביב - יפו","stop_name":"כיכר רבין/מלכי ישראל"}},
{"type":"Feature","geometry":{"type":"Point","coordinates":[180635.58080072785,663692.3221856281]},"properties":{"OBJECTID_1":1477,"efficiency":0,"stop_code":21521,"Muni_Heb":"תל אביב - יפו","stop_name":"יגאל אלון/יצחק שדה"}},
{"type":"Feature","geometry":{"type":"Point","coordinates":[183209.91987375455,669783.639333477]},"properties":{"OBJECTID_1":1478,"efficiency":0,"stop_code":21525,"Muni_Heb":"תל אביב - יפו","stop_name":"בני אפרים/חנה רובינא"}},
{"type":"Feature","geometry":{"type":"Point","coordinates":[181261.24860436993,661901.2761789763]},"properties":{"OBJECTID_1":1479,"efficiency":0,"stop_code":21530,"Muni_Heb":"תל אביב - יפו","stop_name":"דרך משה דיין/קרייתי"}},
{"type":"Feature","geometry":{"type":"Point","coordinates":[181306.81681486615,663298.7792631453]},"properties":{"OBJECTID_1":1480,"efficiency":0,"stop_code":21531,"Muni_Heb":"תל אביב - יפו","stop_name":"דרך משה דיין/משה שטינשנידר"}},
{"type":"Feature","geometry":{"type":"Point","coordinates":[180852.70719701494,670086.4185973754]},"properties":{"OBJECTID_1":1481,"efficiency":1,"stop_code":21532,"Muni_Heb":"תל אביב - יפו","stop_name":"דרך נמיר/שד' קק''ל"}},
{"type":"Feature","geometry":{"type":"Point","coordinates":[183926.0815547379,668373.5550250601]},"properties":{"OBJECTID_1":1482,"efficiency":0,"stop_code":21533,"Muni_Heb":"תל אביב - יפו","stop_name":"פנחס רוזן/ראול ולנברג"}},
{"type":"Feature","geometry":{"type":"Point","coordinates":[180898.90156571264,666444.6519707477]},"properties":{"OBJECTID_1":1483,"efficiency":1,"stop_code":21534,"Muni_Heb":"תל אביב - יפו","stop_name":"תיכון חדש רבין/דרך נמיר"}},
{"type":"Feature","geometry":{"type":"Point","coordinates":[181314.64374922233,661607.7687602891]},"properties":{"OBJECTID_1":1484,"efficiency":0,"stop_code":21538,"Muni_Heb":"תל אביב - יפו","stop_name":"דרך בר לב/דרך משה דיין"}},
{"type":"Feature","geometry":{"type":"Point","coordinates":[178983.65948120528,664575.9157797669]},"properties":{"OBJECTID_1":1485,"efficiency":1,"stop_code":21541,"Muni_Heb":"תל אביב - יפו","stop_name":"דיזינגוף סנטר/המלך ג'ורג'"}},
{"type":"Feature","geometry":{"type":"Point","coordinates":[178959.167747164,664566.6983077766]},"properties":{"OBJECTID_1":1486,"efficiency":1,"stop_code":21543,"Muni_Heb":"תל אביב - יפו","stop_name":"דיזינגוף סנטר/המלך ג'ורג'"}},
{"type":"Feature","geometry":{"type":"Point","coordinates":[180191.21491034783,664943.9996166171]},"properties":{"OBJECTID_1":1487,"efficiency":1,"stop_code":21544,"Muni_Heb":"תל אביב - יפו","stop_name":"בית המשפט/שד' שאול המלך"}},
{"type":"Feature","geometry":{"type":"Point","coordinates":[181556.5544330111,669515.4420415214]},"properties":{"OBJECTID_1":1488,"efficiency":0,"stop_code":21547,"Muni_Heb":"תל אביב - יפו","stop_name":"קלצ'קין/חיים לבנון"}},
{"type":"Feature","geometry":{"type":"Point","coordinates":[178843.49724940865,661987.040600664]},"properties":{"OBJECTID_1":1489,"efficiency":0,"stop_code":21551,"Muni_Heb":"תל אביב - יפו","stop_name":"שדרות הר ציון/דרך קיבוץ גלויות"}},
{"type":"Feature","geometry":{"type":"Point","coordinates":[178990.9215171726,662460.9585625851]},"properties":{"OBJECTID_1":1490,"efficiency":0,"stop_code":21553,"Muni_Heb":"תל אביב - יפו","stop_name":"שד' הר ציון/דרך שלמה"}},
{"type":"Feature","geometry":{"type":"Point","coordinates":[179108.54709526605,662710.9956728603]},"properties":{"OBJECTID_1":1491,"efficiency":0,"stop_code":21554,"Muni_Heb":"תל אביב - יפו","stop_name":"שד' הר ציון/וולפסון"}},
{"type":"Feature","geometry":{"type":"Point","coordinates":[182535.07722130197,668126.3493892824]},"properties":{"OBJECTID_1":1492,"efficiency":0,"stop_code":21562,"Muni_Heb":"תל אביב - יפו","stop_name":"לונה פארק/שד' רוקח"}},
{"type":"Feature","geometry":{"type":"Point","coordinates":[180915.190278348,666010.1155935706]},"properties":{"OBJECTID_1":1493,"efficiency":1,"stop_code":21564,"Muni_Heb":"תל אביב - יפו","stop_name":"דרך נמיר/ז'בוטינסקי"}},
{"type":"Feature","geometry":{"type":"Point","coordinates":[183409.6871395613,669937.8441316887]},"properties":{"OBJECTID_1":1494,"efficiency":0,"stop_code":21565,"Muni_Heb":"תל אביב - יפו","stop_name":"בני אפרים/מנורה"}},
{"type":"Feature","geometry":{"type":"Point","coordinates":[181863.76549892023,661505.4803086894]},"properties":{"OBJECTID_1":1495,"efficiency":0,"stop_code":21572,"Muni_Heb":"תל אביב - יפו","stop_name":"דרך בר לב/צביה לובטקין"}},
{"type":"Feature","geometry":{"type":"Point","coordinates":[181327.26750223193,661624.3551492393]},"properties":{"OBJECTID_1":1496,"efficiency":0,"stop_code":21574,"Muni_Heb":"תל אביב - יפו","stop_name":"דרך בר לב/דרך משה דיין"}},
{"type":"Feature","geometry":{"type":"Point","coordinates":[178890.9253896551,660995.7033596663]},"properties":{"OBJECTID_1":1497,"efficiency":1,"stop_code":21577,"Muni_Heb":"תל אביב - יפו","stop_name":"קריית שלום/דרך בן צבי"}},
{"type":"Feature","geometry":{"type":"Point","coordinates":[178733.2781288689,662623.8880710881]},"properties":{"OBJECTID_1":1498,"efficiency":1,"stop_code":21584,"Muni_Heb":"תל אביב - יפו","stop_name":"העלייה/פלורנטין"}},
{"type":"Feature","geometry":{"type":"Point","coordinates":[178391.3276567774,661761.3051806247]},"properties":{"OBJECTID_1":1499,"efficiency":1,"stop_code":21586,"Muni_Heb":"תל אביב - יפו","stop_name":"הגן הזואולוגי/הרצל"}},
{"type":"Feature","geometry":{"type":"Point","coordinates":[180489.5072923631,663595.8506198763]},"properties":{"OBJECTID_1":1500,"efficiency":0,"stop_code":21587,"Muni_Heb":"תל אביב - יפו","stop_name":"סינרמה/יצחק שדה"}},
{"type":"Feature","geometry":{"type":"Point","coordinates":[179459.79943057965,663272.7167658367]},"properties":{"OBJECTID_1":1501,"efficiency":0,"stop_code":21588,"Muni_Heb":"תל אביב - יפו","stop_name":"סלומון/הרכבת"}},
{"type":"Feature","geometry":{"type":"Point","coordinates":[182262.9933222282,662562.6908346494]},"properties":{"OBJECTID_1":1502,"efficiency":0,"stop_code":21590,"Muni_Heb":"תל אביב - יפו","stop_name":"דרך הטייסים/עודד"}},
{"type":"Feature","geometry":{"type":"Point","coordinates":[179191.20065910072,660782.0436083819]},"properties":{"OBJECTID_1":1503,"efficiency":1,"stop_code":21592,"Muni_Heb":"תל אביב - יפו","stop_name":"צומת חולון/דרך בן צבי"}},
{"type":"Feature","geometry":{"type":"Point","coordinates":[181608.01070365464,663007.2297357644]},"properties":{"OBJECTID_1":1504,"efficiency":0,"stop_code":21595,"Muni_Heb":"תל אביב - יפו","stop_name":"לה גווארדייה/דרך הטייסים"}},
{"type":"Feature","geometry":{"type":"Point","coordinates":[181805.97249888454,662784.4908368108]},"properties":{"OBJECTID_1":1505,"efficiency":0,"stop_code":21602,"Muni_Heb":"תל אביב - יפו","stop_name":"אורט סינגלובסקי/דרך הטייסים"}},
{"type":"Feature","geometry":{"type":"Point","coordinates":[179862.77447510773,661775.3249213023]},"properties":{"OBJECTID_1":1506,"efficiency":1,"stop_code":21609,"Muni_Heb":"תל אביב - יפו","stop_name":"חיל השריון/קיבוץ גלויות"}},
{"type":"Feature","geometry":{"type":"Point","coordinates":[180755.31109352864,667831.570891416]},"properties":{"OBJECTID_1":1507,"efficiency":1,"stop_code":21613,"Muni_Heb":"תל אביב - יפו","stop_name":"סמינר הקיבוצים/חיים לבנון"}},
{"type":"Feature","geometry":{"type":"Point","coordinates":[180890.4684508257,666635.4182099103]},"properties":{"OBJECTID_1":1508,"efficiency":1,"stop_code":21615,"Muni_Heb":"תל אביב - יפו","stop_name":"דרך נמיר/פנקס"}},
{"type":"Feature","geometry":{"type":"Point","coordinates":[180479.60430949682,670120.114399524]},"properties":{"OBJECTID_1":1509,"efficiency":0,"stop_code":21617,"Muni_Heb":"תל אביב - יפו","stop_name":"צבי פרופס/שד' לוי אשכול"}},
{"type":"Feature","geometry":{"type":"Point","coordinates":[180985.57383751322,671179.9806623338]},"properties":{"OBJECTID_1":1510,"efficiency":0,"stop_code":21618,"Muni_Heb":"תל אביב - יפו","stop_name":"קריית חינוך/שושנה פרסיץ"}},
{"type":"Feature","geometry":{"type":"Point","coordinates":[179995.2195191497,663682.5882342899]},"properties":{"OBJECTID_1":1511,"efficiency":0,"stop_code":21625,"Muni_Heb":"תל אביב - יפו","stop_name":"יצחק שדה/המסגר"}},
{"type":"Feature","geometry":{"type":"Point","coordinates":[185133.64427770604,669183.2354999491]},"properties":{"OBJECTID_1":1512,"efficiency":0,"stop_code":21626,"Muni_Heb":"תל אביב - יפו","stop_name":"דבורה הנביאה/ראול ולנברג"}},
{"type":"Feature","geometry":{"type":"Point","coordinates":[184665.69835661945,668791.1626753889]},"properties":{"OBJECTID_1":1513,"efficiency":0,"stop_code":21635,"Muni_Heb":"תל אביב - יפו","stop_name":"עולי הגרדום/ניסן כהן"}},
{"type":"Feature","geometry":{"type":"Point","coordinates":[181946.39813453276,663116.7568132129]},"properties":{"OBJECTID_1":1514,"efficiency":1,"stop_code":21655,"Muni_Heb":"תל אביב - יפו","stop_name":"דרך השלום/דרך הטייסים"}},
{"type":"Feature","geometry":{"type":"Point","coordinates":[182058.06258859823,668772.5999975398]},"properties":{"OBJECTID_1":1515,"efficiency":0,"stop_code":21665,"Muni_Heb":"תל אביב - יפו","stop_name":"הפקולטה להנדסה/קלאוזנר"}},
{"type":"Feature","geometry":{"type":"Point","coordinates":[180538.34535020316,664834.2127562927]},"properties":{"OBJECTID_1":1516,"efficiency":1,"stop_code":21669,"Muni_Heb":"תל אביב - יפו","stop_name":"קניון עזריאלי/דרך מנחם בגין"}},
{"type":"Feature","geometry":{"type":"Point","coordinates":[181130.90208135507,668909.7935934816]},"properties":{"OBJECTID_1":1517,"efficiency":1,"stop_code":21672,"Muni_Heb":"תל אביב - יפו","stop_name":"קניון רמת אביב/ברודצקי"}},
{"type":"Feature","geometry":{"type":"Point","coordinates":[180357.98471153303,664460.3123481625]},"properties":{"OBJECTID_1":1518,"efficiency":1,"stop_code":21675,"Muni_Heb":"תל אביב - יפו","stop_name":"קריית הממשלה/דרך מנחם בגין"}},
{"type":"Feature","geometry":{"type":"Point","coordinates":[180840.740477871,668031.7388735821]},"properties":{"OBJECTID_1":1519,"efficiency":0,"stop_code":21698,"Muni_Heb":"תל אביב - יפו","stop_name":"רדינג/ברודצקי"}},
{"type":"Feature","geometry":{"type":"Point","coordinates":[180797.48611476758,668322.884736401]},"properties":{"OBJECTID_1":1520,"efficiency":0,"stop_code":21699,"Muni_Heb":"תל אביב - יפו","stop_name":"ביה''ס אליאנס/רדינג"}},
{"type":"Feature","geometry":{"type":"Point","coordinates":[180797.94691949675,668245.5910702229]},"properties":{"OBJECTID_1":1521,"efficiency":0,"stop_code":21700,"Muni_Heb":"תל אביב - יפו","stop_name":"ביה''ס אליאנס/רדינג"}},
{"type":"Feature","geometry":{"type":"Point","coordinates":[181142.0536819773,668613.5581677868]},"properties":{"OBJECTID_1":1522,"efficiency":0,"stop_code":21701,"Muni_Heb":"תל אביב - יפו","stop_name":"רדינג/הברון הירש"}},
{"type":"Feature","geometry":{"type":"Point","coordinates":[180822.80937277473,668007.6325458292]},"properties":{"OBJECTID_1":1523,"efficiency":1,"stop_code":21702,"Muni_Heb":"תל אביב - יפו","stop_name":"רדינג/הררי"}},
{"type":"Feature","geometry":{"type":"Point","coordinates":[180927.0235328449,668582.1021666315]},"properties":{"OBJECTID_1":1524,"efficiency":0,"stop_code":21703,"Muni_Heb":"תל אביב - יפו","stop_name":"רדינג/אשר ברש"}},
{"type":"Feature","geometry":{"type":"Point","coordinates":[180886.18954653203,665308.83470432]},"properties":{"OBJECTID_1":1525,"efficiency":1,"stop_code":21705,"Muni_Heb":"תל אביב - יפו","stop_name":"דרך מנחם בגין/על פרשת דרכים"}},
{"type":"Feature","geometry":{"type":"Point","coordinates":[179122.25412726952,662738.2206677786]},"properties":{"OBJECTID_1":1526,"efficiency":0,"stop_code":21714,"Muni_Heb":"תל אביב - יפו","stop_name":"שד' הר ציון/וולפסון"}},
{"type":"Feature","geometry":{"type":"Point","coordinates":[182711.69788678692,668340.950147021]},"properties":{"OBJECTID_1":1527,"efficiency":0,"stop_code":21716,"Muni_Heb":"תל אביב - יפו","stop_name":"שד' רוקח/בכור שטרית"}},
{"type":"Feature","geometry":{"type":"Point","coordinates":[182260.10849375106,667941.1651144135]},"properties":{"OBJECTID_1":1528,"efficiency":0,"stop_code":21717,"Muni_Heb":"תל אביב - יפו","stop_name":"אקספו תל אביב/שד' רוקח"}},
{"type":"Feature","geometry":{"type":"Point","coordinates":[181848.81556870916,667803.3994530858]},"properties":{"OBJECTID_1":1529,"efficiency":0,"stop_code":21718,"Muni_Heb":"תל אביב - יפו","stop_name":"ת. רכבת האוניברסיטה/שד' רוקח"}},
{"type":"Feature","geometry":{"type":"Point","coordinates":[182202.72332408885,667942.1516978446]},"properties":{"OBJECTID_1":1530,"efficiency":0,"stop_code":21719,"Muni_Heb":"תל אביב - יפו","stop_name":"שד' רוקח/אייזיק רמבה"}},
{"type":"Feature","geometry":{"type":"Point","coordinates":[178999.7506181043,663541.3414101669]},"properties":{"OBJECTID_1":1531,"efficiency":0,"stop_code":21721,"Muni_Heb":"תל אביב - יפו","stop_name":"שד' רוטשילד/בצלאל יפה"}},
{"type":"Feature","geometry":{"type":"Point","coordinates":[180535.9545992204,662506.4965889971]},"properties":{"OBJECTID_1":1532,"efficiency":0,"stop_code":21728,"Muni_Heb":"תל אביב - יפו","stop_name":"יגאל אלון/ההגנה"}},
{"type":"Feature","geometry":{"type":"Point","coordinates":[179789.63696637115,664140.0400423941]},"properties":{"OBJECTID_1":1533,"efficiency":0,"stop_code":21729,"Muni_Heb":"תל אביב - יפו","stop_name":"החשמונאים/קרליבך"}},
{"type":"Feature","geometry":{"type":"Point","coordinates":[179292.51584201955,664051.1706133415]},"properties":{"OBJECTID_1":1534,"efficiency":0,"stop_code":21732,"Muni_Heb":"תל אביב - יפו","stop_name":"שד' רוטשילד/שיינקין"}},
{"type":"Feature","geometry":{"type":"Point","coordinates":[182036.36402176914,669235.9875561898]},"properties":{"OBJECTID_1":1535,"efficiency":0,"stop_code":21734,"Muni_Heb":"תל אביב - יפו","stop_name":"מדעי החיים/קלאוזנר"}},
{"type":"Feature","geometry":{"type":"Point","coordinates":[181350.4101750076,668124.5156686555]},"properties":{"OBJECTID_1":1536,"efficiency":0,"stop_code":21750,"Muni_Heb":"תל אביב - יפו","stop_name":"מכון הנפט/חיים לבנון"}},
{"type":"Feature","geometry":{"type":"Point","coordinates":[180309.4993645185,670620.5624322565]},"properties":{"OBJECTID_1":1537,"efficiency":0,"stop_code":21759,"Muni_Heb":"תל אביב - יפו","stop_name":"ת. דלק פז למד/2040"}},
{"type":"Feature","geometry":{"type":"Point","coordinates":[183000.29864318468,669593.988312731]},"properties":{"OBJECTID_1":1538,"efficiency":0,"stop_code":21761,"Muni_Heb":"תל אביב - יפו","stop_name":"שד' קק''ל/בני אפרים"}},
{"type":"Feature","geometry":{"type":"Point","coordinates":[180875.28764369484,665272.281732461]},"properties":{"OBJECTID_1":1539,"efficiency":1,"stop_code":21764,"Muni_Heb":"תל אביב - יפו","stop_name":"דרך מנחם בגין/על פרשת דרכים"}},
{"type":"Feature","geometry":{"type":"Point","coordinates":[180288.13124213487,665568.0578645023]},"properties":{"OBJECTID_1":1540,"efficiency":0,"stop_code":21770,"Muni_Heb":"תל אביב - יפו","stop_name":"ויצמן/בארי"}},
{"type":"Feature","geometry":{"type":"Point","coordinates":[180288.41266531168,665396.0634954205]},"properties":{"OBJECTID_1":1541,"efficiency":0,"stop_code":21815,"Muni_Heb":"תל אביב - יפו","stop_name":"ביה''ח איכילוב/ויצמן"}},
{"type":"Feature","geometry":{"type":"Point","coordinates":[184538.4394306,668287.5963886593]},"properties":{"OBJECTID_1":1542,"efficiency":0,"stop_code":21827,"Muni_Heb":"תל אביב - יפו","stop_name":"ראול ולנברג/הברזל"}},
{"type":"Feature","geometry":{"type":"Point","coordinates":[184676.0433243874,668394.6890172842]},"properties":{"OBJECTID_1":1543,"efficiency":0,"stop_code":21828,"Muni_Heb":"תל אביב - יפו","stop_name":"מטה מרחב ירקון/ראול ולנברג"}},
{"type":"Feature","geometry":{"type":"Point","coordinates":[184858.18526920117,668582.4718262712]},"properties":{"OBJECTID_1":1544,"efficiency":0,"stop_code":21829,"Muni_Heb":"תל אביב - יפו","stop_name":"ראול ולנברג/הנחושת"}},
{"type":"Feature","geometry":{"type":"Point","coordinates":[185097.3860469796,668927.1980718815]},"properties":{"OBJECTID_1":1545,"efficiency":0,"stop_code":21830,"Muni_Heb":"תל אביב - יפו","stop_name":"ראול ולנברג/הארד"}},
{"type":"Feature","geometry":{"type":"Point","coordinates":[184729.5700799554,668480.5577992209]},"properties":{"OBJECTID_1":1546,"efficiency":0,"stop_code":21831,"Muni_Heb":"תל אביב - יפו","stop_name":"מטה מרחב ירקון/ראול ולנברג"}},
{"type":"Feature","geometry":{"type":"Point","coordinates":[179743.0404736164,661563.7670652005]},"properties":{"OBJECTID_1":1547,"efficiency":1,"stop_code":22028,"Muni_Heb":"תל אביב - יפו","stop_name":"בית ספר הולץ/חיל השריון"}},
{"type":"Feature","geometry":{"type":"Point","coordinates":[178841.0934052198,662070.9951192394]},"properties":{"OBJECTID_1":1548,"efficiency":0,"stop_code":22555,"Muni_Heb":"תל אביב - יפו","stop_name":"שד' הר ציון/דרך קיבוץ גלויות"}},
{"type":"Feature","geometry":{"type":"Point","coordinates":[178691.78347628802,661105.6158604359]},"properties":{"OBJECTID_1":1549,"efficiency":1,"stop_code":22556,"Muni_Heb":"תל אביב - יפו","stop_name":"בניין פנורמה/דרך בן צבי"}},
{"type":"Feature","geometry":{"type":"Point","coordinates":[178984.31498760695,660894.1987492305]},"properties":{"OBJECTID_1":1550,"efficiency":1,"stop_code":22557,"Muni_Heb":"תל אביב - יפו","stop_name":"קריית שלום/דרך בן צבי"}},
{"type":"Feature","geometry":{"type":"Point","coordinates":[182502.7091389732,668128.2414210433]},"properties":{"OBJECTID_1":1551,"efficiency":0,"stop_code":22919,"Muni_Heb":"תל אביב - יפו","stop_name":"לונה פארק/שד' רוקח"}},
{"type":"Feature","geometry":{"type":"Point","coordinates":[179068.98297652087,667181.2095110144]},"properties":{"OBJECTID_1":1552,"efficiency":0,"stop_code":22920,"Muni_Heb":"תל אביב - יפו","stop_name":"נמל תל אביב/דיזינגוף"}},
{"type":"Feature","geometry":{"type":"Point","coordinates":[181862.97621366286,663157.9836489944]},"properties":{"OBJECTID_1":1553,"efficiency":0,"stop_code":22930,"Muni_Heb":"תל אביב - יפו","stop_name":"דרך השלום/דרך הטייסים"}},
{"type":"Feature","geometry":{"type":"Point","coordinates":[181260.5889684841,661750.6884242336]},"properties":{"OBJECTID_1":1554,"efficiency":0,"stop_code":22932,"Muni_Heb":"תל אביב - יפו","stop_name":"דרך משה דיין/דרך בר לב"}},
{"type":"Feature","geometry":{"type":"Point","coordinates":[180023.44109774783,662997.1686695697]},"properties":{"OBJECTID_1":1555,"efficiency":0,"stop_code":22934,"Muni_Heb":"תל אביב - יפו","stop_name":"מחלף לה גווארדייה"}},
{"type":"Feature","geometry":{"type":"Point","coordinates":[178045.67680032577,663740.3501707589]},"properties":{"OBJECTID_1":1556,"efficiency":0,"stop_code":22935,"Muni_Heb":"תל אביב - יפו","stop_name":"מסוף כרמלית"}},
{"type":"Feature","geometry":{"type":"Point","coordinates":[180548.82464115758,662636.8556769546]},"properties":{"OBJECTID_1":1557,"efficiency":0,"stop_code":22939,"Muni_Heb":"תל אביב - יפו","stop_name":"יגאל אלון/שד' החי''ל"}},
{"type":"Feature","geometry":{"type":"Point","coordinates":[181134.24126667445,671593.1587485009]},"properties":{"OBJECTID_1":1558,"efficiency":0,"stop_code":22951,"Muni_Heb":"תל אביב - יפו","stop_name":"קריית חינוך"}},
{"type":"Feature","geometry":{"type":"Point","coordinates":[179387.73236768614,662693.4805385426]},"properties":{"OBJECTID_1":1559,"efficiency":0,"stop_code":22955,"Muni_Heb":"תל אביב - יפו","stop_name":"ת.מרכזית תל אביב קומה 7/רציפים"}},
{"type":"Feature","geometry":{"type":"Point","coordinates":[178807.032943887,663403.3839405555]},"properties":{"OBJECTID_1":1560,"efficiency":0,"stop_code":22983,"Muni_Heb":"תל אביב - יפו","stop_name":"אלנבי/שד' רוטשילד"}},
{"type":"Feature","geometry":{"type":"Point","coordinates":[178774.06794529027,663519.3976960143]},"properties":{"OBJECTID_1":1561,"efficiency":1,"stop_code":22984,"Muni_Heb":"תל אביב - יפו","stop_name":"אלנבי/אחד העם"}},
{"type":"Feature","geometry":{"type":"Point","coordinates":[178691.39859936395,663744.5063924121]},"properties":{"OBJECTID_1":1562,"efficiency":0,"stop_code":22985,"Muni_Heb":"תל אביב - יפו","stop_name":"אלנבי/מונטיפיורי"}},
{"type":"Feature","geometry":{"type":"Point","coordinates":[179458.5751595297,663369.6408595834]},"properties":{"OBJECTID_1":1563,"efficiency":0,"stop_code":22986,"Muni_Heb":"תל אביב - יפו","stop_name":"הרכבת/סלומון"}},
{"type":"Feature","geometry":{"type":"Point","coordinates":[178691.19442574691,663717.1168942102]},"properties":{"OBJECTID_1":1564,"efficiency":1,"stop_code":22988,"Muni_Heb":"תל אביב - יפו","stop_name":"אלנבי/מונטיפיורי"}},
{"type":"Feature","geometry":{"type":"Point","coordinates":[178574.30233449372,664048.8202214908]},"properties":{"OBJECTID_1":1565,"efficiency":0,"stop_code":22989,"Muni_Heb":"תל אביב - יפו","stop_name":"שוק הכרמל/אלנבי"}},
{"type":"Feature","geometry":{"type":"Point","coordinates":[178465.26188859373,664358.7586090234]},"properties":{"OBJECTID_1":1566,"efficiency":0,"stop_code":22990,"Muni_Heb":"תל אביב - יפו","stop_name":"אלנבי/גאולה"}},
{"type":"Feature","geometry":{"type":"Point","coordinates":[179075.81189518413,667118.084663378]},"properties":{"OBJECTID_1":1567,"efficiency":0,"stop_code":22998,"Muni_Heb":"תל אביב - יפו","stop_name":"דיזנגוף/בן יהודה"}},
{"type":"Feature","geometry":{"type":"Point","coordinates":[178985.11453506688,666790.9804086147]},"properties":{"OBJECTID_1":1568,"efficiency":0,"stop_code":22999,"Muni_Heb":"תל אביב - יפו","stop_name":"בן יהודה/שד' נורדאו"}},
{"type":"Feature","geometry":{"type":"Point","coordinates":[178890.7447114399,666420.3110914406]},"properties":{"OBJECTID_1":1569,"efficiency":0,"stop_code":23000,"Muni_Heb":"תל אביב - יפו","stop_name":"בן יהודה/ז'בוטינסקי"}},
{"type":"Feature","geometry":{"type":"Point","coordinates":[178578.85890412604,664078.2991202185]},"properties":{"OBJECTID_1":1570,"efficiency":1,"stop_code":23009,"Muni_Heb":"תל אביב - יפו","stop_name":"שוק הכרמל/אלנבי"}},
{"type":"Feature","geometry":{"type":"Point","coordinates":[179798.50980563957,666898.1110207357]},"properties":{"OBJECTID_1":1571,"efficiency":0,"stop_code":23012,"Muni_Heb":"תל אביב - יפו","stop_name":"כיכר מילאנו/אבן גבירול"}},
{"type":"Feature","geometry":{"type":"Point","coordinates":[179483.15298802996,662606.9425159418]},"properties":{"OBJECTID_1":1572,"efficiency":1,"stop_code":23013,"Muni_Heb":"תל אביב - יפו","stop_name":"ת.מרכזית תל אביב קומה 7/הורדה"}},
{"type":"Feature","geometry":{"type":"Point","coordinates":[180556.08551813912,664880.8302507047]},"properties":{"OBJECTID_1":1573,"efficiency":1,"stop_code":23014,"Muni_Heb":"תל אביב - יפו","stop_name":"קניון עזריאלי/דרך מנחם בגין"}},
{"type":"Feature","geometry":{"type":"Point","coordinates":[179867.33219902107,663068.1910727407]},"properties":{"OBJECTID_1":1574,"efficiency":1,"stop_code":23016,"Muni_Heb":"תל אביב - יפו","stop_name":"המסגר/לה גווארדייה"}},
{"type":"Feature","geometry":{"type":"Point","coordinates":[180087.59042533505,663809.5339703782]},"properties":{"OBJECTID_1":1575,"efficiency":1,"stop_code":23017,"Muni_Heb":"תל אביב - יפו","stop_name":"המסגר/המלאכה"}},
{"type":"Feature","geometry":{"type":"Point","coordinates":[178597.68844192373,663993.9456365248]},"properties":{"OBJECTID_1":1576,"efficiency":1,"stop_code":23018,"Muni_Heb":"תל אביב - יפו","stop_name":"אלנבי/בלפור"}},
{"type":"Feature","geometry":{"type":"Point","coordinates":[178519.4448651514,664260.9553495512]},"properties":{"OBJECTID_1":1577,"efficiency":1,"stop_code":23019,"Muni_Heb":"תל אביב - יפו","stop_name":"אלנבי/ביאליק"}},
{"type":"Feature","geometry":{"type":"Point","coordinates":[178732.57754883514,663604.950442159]},"properties":{"OBJECTID_1":1578,"efficiency":1,"stop_code":23020,"Muni_Heb":"תל אביב - יפו","stop_name":"בית הכנסת הגדול/אלנבי"}},
{"type":"Feature","geometry":{"type":"Point","coordinates":[178659.9053000167,663826.5817361551]},"properties":{"OBJECTID_1":1579,"efficiency":0,"stop_code":23021,"Muni_Heb":"תל אביב - יפו","stop_name":"אלנבי/מזא''ה"}},
{"type":"Feature","geometry":{"type":"Point","coordinates":[180260.65840325571,663020.4263840038]},"properties":{"OBJECTID_1":1580,"efficiency":0,"stop_code":23023,"Muni_Heb":"תל אביב - יפו","stop_name":"לה גווארדייה/המעפילים"}},
{"type":"Feature","geometry":{"type":"Point","coordinates":[180245.7864988452,664943.5671894314]},"properties":{"OBJECTID_1":1581,"efficiency":0,"stop_code":23025,"Muni_Heb":"תל אביב - יפו","stop_name":"בית המשפט/שד' שאול המלך"}},
{"type":"Feature","geometry":{"type":"Point","coordinates":[182356.6950145877,668025.8659866693]},"properties":{"OBJECTID_1":1582,"efficiency":0,"stop_code":23074,"Muni_Heb":"תל אביב - יפו","stop_name":"אקספו תל אביב/שד' רוקח"}},
{"type":"Feature","geometry":{"type":"Point","coordinates":[180868.18538711657,665689.4837201257]},"properties":{"OBJECTID_1":1583,"efficiency":1,"stop_code":24068,"Muni_Heb":"תל אביב - יפו","stop_name":"ת. רכבת תל אביב - סבידור/דרך נמיר"}},
{"type":"Feature","geometry":{"type":"Point","coordinates":[179504.85293046208,662697.7883721241]},"properties":{"OBJECTID_1":1584,"efficiency":0,"stop_code":24090,"Muni_Heb":"תל אביב - יפו","stop_name":"ת. מרכזית תל אביב/לוינסקי"}},
{"type":"Feature","geometry":{"type":"Point","coordinates":[179870.24641890725,661632.3569155686]},"properties":{"OBJECTID_1":1585,"efficiency":1,"stop_code":25069,"Muni_Heb":"תל אביב - יפו","stop_name":"דרך קיבוץ גלויות/כביש 1"}},
{"type":"Feature","geometry":{"type":"Point","coordinates":[179442.07550831378,662703.9123243246]},"properties":{"OBJECTID_1":1586,"efficiency":0,"stop_code":25070,"Muni_Heb":"תל אביב - יפו","stop_name":"ת. מרכזית תל אביב/לוינסקי"}},
{"type":"Feature","geometry":{"type":"Point","coordinates":[180665.53946091744,667731.1123956704]},"properties":{"OBJECTID_1":1587,"efficiency":1,"stop_code":25071,"Muni_Heb":"תל אביב - יפו","stop_name":"סמינר הקיבוצים/דרך נמיר"}},
{"type":"Feature","geometry":{"type":"Point","coordinates":[182012.94535277638,668592.6773836839]},"properties":{"OBJECTID_1":1588,"efficiency":1,"stop_code":25075,"Muni_Heb":"תל אביב - יפו","stop_name":"הפקולטה להנדסה/ד''ר ג'ורג' וויז"}},
{"type":"Feature","geometry":{"type":"Point","coordinates":[181132.11942862856,667981.9535285939]},"properties":{"OBJECTID_1":1589,"efficiency":0,"stop_code":25077,"Muni_Heb":"תל אביב - יפו","stop_name":"מוזאון ארץ ישראל/חיים לבנון"}},
{"type":"Feature","geometry":{"type":"Point","coordinates":[179579.79238422305,663577.8631990069]},"properties":{"OBJECTID_1":1590,"efficiency":1,"stop_code":25141,"Muni_Heb":"תל אביב - יפו","stop_name":"דרך מנחם בגין/נחמני"}},
{"type":"Feature","geometry":{"type":"Point","coordinates":[176165.27263673456,660200.7434061617]},"properties":{"OBJECTID_1":1591,"efficiency":0,"stop_code":25200,"Muni_Heb":"תל אביב - יפו","stop_name":"יפת/יוטבת"}},
{"type":"Feature","geometry":{"type":"Point","coordinates":[176212.5414098766,660209.6357824638]},"properties":{"OBJECTID_1":1592,"efficiency":1,"stop_code":25201,"Muni_Heb":"תל אביב - יפו","stop_name":"יפת/יוטבת"}},
{"type":"Feature","geometry":{"type":"Point","coordinates":[176374.04336047333,660359.3205201434]},"properties":{"OBJECTID_1":1593,"efficiency":0,"stop_code":25202,"Muni_Heb":"תל אביב - יפו","stop_name":"ביה''ס שיל''ה/יפת"}},
{"type":"Feature","geometry":{"type":"Point","coordinates":[176453.81888047364,660416.0926594788]},"properties":{"OBJECTID_1":1594,"efficiency":1,"stop_code":25203,"Muni_Heb":"תל אביב - יפו","stop_name":"יפת/אייזיק חריף"}},
{"type":"Feature","geometry":{"type":"Point","coordinates":[176613.25326277054,660659.7151173038]},"properties":{"OBJECTID_1":1595,"efficiency":0,"stop_code":25204,"Muni_Heb":"תל אביב - יפו","stop_name":"יפת/הבעש''ט"}},
{"type":"Feature","geometry":{"type":"Point","coordinates":[176644.10240274572,660673.003264385]},"properties":{"OBJECTID_1":1596,"efficiency":1,"stop_code":25205,"Muni_Heb":"תל אביב - יפו","stop_name":"יפת/הבעש''ט"}},
{"type":"Feature","geometry":{"type":"Point","coordinates":[176745.25473208292,660062.0091584128]},"properties":{"OBJECTID_1":1597,"efficiency":1,"stop_code":25206,"Muni_Heb":"תל אביב - יפו","stop_name":"גבעת התמרים/שד' ירושלים"}},
{"type":"Feature","geometry":{"type":"Point","coordinates":[176765.1107038522,660269.293183455]},"properties":{"OBJECTID_1":1598,"efficiency":1,"stop_code":25208,"Muni_Heb":"תל אביב - יפו","stop_name":"שד' ירושלים/מחרוזת"}},
{"type":"Feature","geometry":{"type":"Point","coordinates":[176830.97445683685,660207.3616556865]},"properties":{"OBJECTID_1":1599,"efficiency":0,"stop_code":25209,"Muni_Heb":"תל אביב - יפו","stop_name":"מחרוזת/שד' ירושלים"}},
{"type":"Feature","geometry":{"type":"Point","coordinates":[176841.5969704859,660195.0082035038]},"properties":{"OBJECTID_1":1600,"efficiency":0,"stop_code":25210,"Muni_Heb":"תל אביב - יפו","stop_name":"מחרוזת/שד' ירושלים"}},
{"type":"Feature","geometry":{"type":"Point","coordinates":[176800.56049111756,660275.6872835773]},"properties":{"OBJECTID_1":1601,"efficiency":1,"stop_code":25211,"Muni_Heb":"תל אביב - יפו","stop_name":"שד' ירושלים/מחרוזת"}},
{"type":"Feature","geometry":{"type":"Point","coordinates":[177127.34013293916,660171.1948626338]},"properties":{"OBJECTID_1":1602,"efficiency":0,"stop_code":25214,"Muni_Heb":"תל אביב - יפו","stop_name":"מחרוזת/פעמונית"}},
{"type":"Feature","geometry":{"type":"Point","coordinates":[177105.4003959845,660165.2979470731]},"properties":{"OBJECTID_1":1603,"efficiency":0,"stop_code":25215,"Muni_Heb":"תל אביב - יפו","stop_name":"מחרוזת/פעמונית"}},
{"type":"Feature","geometry":{"type":"Point","coordinates":[177317.96169495894,660216.0917447014]},"properties":{"OBJECTID_1":1604,"efficiency":0,"stop_code":25216,"Muni_Heb":"תל אביב - יפו","stop_name":"נרדור/מחרוזת"}},
{"type":"Feature","geometry":{"type":"Point","coordinates":[177337.84229444593,660135.2804805748]},"properties":{"OBJECTID_1":1605,"efficiency":0,"stop_code":25217,"Muni_Heb":"תל אביב - יפו","stop_name":"מחרוזת/נרדור"}},
{"type":"Feature","geometry":{"type":"Point","coordinates":[177156.32366413882,660462.941071812]},"properties":{"OBJECTID_1":1606,"efficiency":1,"stop_code":25218,"Muni_Heb":"תל אביב - יפו","stop_name":"מרכז הטניס/הרב הלר"}},
{"type":"Feature","geometry":{"type":"Point","coordinates":[177376.48461625283,660388.5079874652]},"properties":{"OBJECTID_1":1607,"efficiency":1,"stop_code":25222,"Muni_Heb":"תל אביב - יפו","stop_name":"הרב רובינשטיין/נרדור"}},
{"type":"Feature","geometry":{"type":"Point","coordinates":[177411.19672413054,660399.4537377493]},"properties":{"OBJECTID_1":1608,"efficiency":1,"stop_code":25223,"Muni_Heb":"תל אביב - יפו","stop_name":"מחלף וולפסון/הרב רובינשטיין"}},
{"type":"Feature","geometry":{"type":"Point","coordinates":[176745.3218351712,661023.9941675921]},"properties":{"OBJECTID_1":1609,"efficiency":1,"stop_code":25224,"Muni_Heb":"תל אביב - יפו","stop_name":"יפת/מנדס פראנס"}},
{"type":"Feature","geometry":{"type":"Point","coordinates":[176751.25818157615,661110.6866023125]},"properties":{"OBJECTID_1":1610,"efficiency":0,"stop_code":25225,"Muni_Heb":"תל אביב - יפו","stop_name":"יפת/מנדס פראנס"}},
{"type":"Feature","geometry":{"type":"Point","coordinates":[176781.75060158083,661354.7424959741]},"properties":{"OBJECTID_1":1611,"efficiency":0,"stop_code":25226,"Muni_Heb":"תל אביב - יפו","stop_name":"יפת/סייפן"}},
{"type":"Feature","geometry":{"type":"Point","coordinates":[176816.03715071856,661422.5755092066]},"properties":{"OBJECTID_1":1612,"efficiency":0,"stop_code":25227,"Muni_Heb":"תל אביב - יפו","stop_name":"יפת/חייבי"}},
{"type":"Feature","geometry":{"type":"Point","coordinates":[176909.96141512343,661613.0273308116]},"properties":{"OBJECTID_1":1613,"efficiency":0,"stop_code":25228,"Muni_Heb":"תל אביב - יפו","stop_name":"ד''ר ארליך/יפת"}},
{"type":"Feature","geometry":{"type":"Point","coordinates":[177192.92399055834,660837.8246288068]},"properties":{"OBJECTID_1":1614,"efficiency":0,"stop_code":25233,"Muni_Heb":"תל אביב - יפו","stop_name":"שדרות ירושלים/נחל הבשור"}},
{"type":"Feature","geometry":{"type":"Point","coordinates":[177317.68686684628,661245.3889085992]},"properties":{"OBJECTID_1":1615,"efficiency":0,"stop_code":25236,"Muni_Heb":"תל אביב - יפו","stop_name":"שדרות ירושלים/וכטנגוב"}},
{"type":"Feature","geometry":{"type":"Point","coordinates":[177329.55359194908,661374.0850175789]},"properties":{"OBJECTID_1":1616,"efficiency":0,"stop_code":25237,"Muni_Heb":"תל אביב - יפו","stop_name":"שדרות ירושלים/ד''ר ארליך"}},
{"type":"Feature","geometry":{"type":"Point","coordinates":[177702.35903394542,660800.0158984839]},"properties":{"OBJECTID_1":1617,"efficiency":1,"stop_code":25244,"Muni_Heb":"תל אביב - יפו","stop_name":"היינריך היינה/שז''ר"}},
{"type":"Feature","geometry":{"type":"Point","coordinates":[177809.64896251512,660912.4641878816]},"properties":{"OBJECTID_1":1618,"efficiency":0,"stop_code":25245,"Muni_Heb":"תל אביב - יפו","stop_name":"שז''ר/שקד"}},
{"type":"Feature","geometry":{"type":"Point","coordinates":[177887.8225055163,660950.0696389026]},"properties":{"OBJECTID_1":1619,"efficiency":0,"stop_code":25246,"Muni_Heb":"תל אביב - יפו","stop_name":"שקד/גרינבוים"}},
{"type":"Feature","geometry":{"type":"Point","coordinates":[177921.22285109406,660825.2912589053]},"properties":{"OBJECTID_1":1620,"efficiency":0,"stop_code":25247,"Muni_Heb":"תל אביב - יפו","stop_name":"ביה''ס שז''ר/שז''ר"}},
{"type":"Feature","geometry":{"type":"Point","coordinates":[177954.78496824222,660809.5187228285]},"properties":{"OBJECTID_1":1621,"efficiency":0,"stop_code":25248,"Muni_Heb":"תל אביב - יפו","stop_name":"ביה''ס שז''ר/שז''ר"}},
{"type":"Feature","geometry":{"type":"Point","coordinates":[177962.4208187141,660921.7098763391]},"properties":{"OBJECTID_1":1622,"efficiency":0,"stop_code":25249,"Muni_Heb":"תל אביב - יפו","stop_name":"שקד/גרינבוים"}},
{"type":"Feature","geometry":{"type":"Point","coordinates":[178186.47091255596,660782.5176292012]},"properties":{"OBJECTID_1":1623,"efficiency":0,"stop_code":25250,"Muni_Heb":"תל אביב - יפו","stop_name":"נווה עופר/שז''ר"}},
{"type":"Feature","geometry":{"type":"Point","coordinates":[178170.09873157967,660774.8215993166]},"properties":{"OBJECTID_1":1624,"efficiency":0,"stop_code":25251,"Muni_Heb":"תל אביב - יפו","stop_name":"נווה עופר/שז''ר"}},
{"type":"Feature","geometry":{"type":"Point","coordinates":[178073.80111748804,661065.5264484917]},"properties":{"OBJECTID_1":1625,"efficiency":0,"stop_code":25252,"Muni_Heb":"תל אביב - יפו","stop_name":"גרינבוים/מאיר גרוסמן"}},
{"type":"Feature","geometry":{"type":"Point","coordinates":[178103.41839575273,661101.8894449867]},"properties":{"OBJECTID_1":1626,"efficiency":0,"stop_code":25253,"Muni_Heb":"תל אביב - יפו","stop_name":"גרינבוים/מאיר גרוסמן"}},
{"type":"Feature","geometry":{"type":"Point","coordinates":[178128.76499491266,661016.9544874742]},"properties":{"OBJECTID_1":1627,"efficiency":0,"stop_code":25254,"Muni_Heb":"תל אביב - יפו","stop_name":"מאיר גרוסמן/גרינבוים"}},
{"type":"Feature","geometry":{"type":"Point","coordinates":[178373.38772708768,660732.6368426597]},"properties":{"OBJECTID_1":1628,"efficiency":0,"stop_code":25256,"Muni_Heb":"תל אביב - יפו","stop_name":"שז''ר/תל גיבורים"}},
{"type":"Feature","geometry":{"type":"Point","coordinates":[178401.18303520916,660738.8455572707]},"properties":{"OBJECTID_1":1629,"efficiency":0,"stop_code":25257,"Muni_Heb":"תל אביב - יפו","stop_name":"שז''ר/תל גיבורים"}},
{"type":"Feature","geometry":{"type":"Point","coordinates":[178239.5448834268,660966.6043192141]},"properties":{"OBJECTID_1":1630,"efficiency":0,"stop_code":25258,"Muni_Heb":"תל אביב - יפו","stop_name":"ביה''ס ברנר/מאיר גרוסמן"}},
{"type":"Feature","geometry":{"type":"Point","coordinates":[178453.40762761733,660806.7224803703]},"properties":{"OBJECTID_1":1631,"efficiency":1,"stop_code":25260,"Muni_Heb":"תל אביב - יפו","stop_name":"תל גיבורים/שז''ר"}},
{"type":"Feature","geometry":{"type":"Point","coordinates":[178415.47202303042,660698.4235363209]},"properties":{"OBJECTID_1":1632,"efficiency":1,"stop_code":25261,"Muni_Heb":"תל אביב - יפו","stop_name":"תל גיבורים/מאיר גרוסמן"}},
{"type":"Feature","geometry":{"type":"Point","coordinates":[178516.8591253322,660918.4675444469]},"properties":{"OBJECTID_1":1633,"efficiency":1,"stop_code":25262,"Muni_Heb":"תל אביב - יפו","stop_name":"בניין פנורמה/פרייגרזון"}},
{"type":"Feature","geometry":{"type":"Point","coordinates":[178525.93957078975,661156.6259559836]},"properties":{"OBJECTID_1":1634,"efficiency":0,"stop_code":25263,"Muni_Heb":"תל אביב - יפו","stop_name":"תל גיבורים/בית מעצר"}},
{"type":"Feature","geometry":{"type":"Point","coordinates":[178208.91358467488,661379.3557501431]},"properties":{"OBJECTID_1":1635,"efficiency":0,"stop_code":25264,"Muni_Heb":"תל אביב - יפו","stop_name":"גרינבוים/דרך בן צבי"}},
{"type":"Feature","geometry":{"type":"Point","coordinates":[178259.172467709,661405.4335611888]},"properties":{"OBJECTID_1":1636,"efficiency":0,"stop_code":25265,"Muni_Heb":"תל אביב - יפו","stop_name":"גרינבוים/דרך בן צבי"}},
{"type":"Feature","geometry":{"type":"Point","coordinates":[178219.80472328234,661573.150147164]},"properties":{"OBJECTID_1":1637,"efficiency":0,"stop_code":25267,"Muni_Heb":"תל אביב - יפו","stop_name":"דרך בן צבי/הרצל"}},
{"type":"Feature","geometry":{"type":"Point","coordinates":[178871.25396981853,661202.7051123587]},"properties":{"OBJECTID_1":1638,"efficiency":0,"stop_code":25271,"Muni_Heb":"תל אביב - יפו","stop_name":"הקשת/החרמש"}},
{"type":"Feature","geometry":{"type":"Point","coordinates":[178654.6700052698,661248.7036470807]},"properties":{"OBJECTID_1":1639,"efficiency":1,"stop_code":25272,"Muni_Heb":"תל אביב - יפו","stop_name":"לבון/דרך בן צבי"}},
{"type":"Feature","geometry":{"type":"Point","coordinates":[179064.62284804598,661018.5217915456]},"properties":{"OBJECTID_1":1640,"efficiency":0,"stop_code":25276,"Muni_Heb":"תל אביב - יפו","stop_name":"שד' ישראל גורי/גיתית"}},
{"type":"Feature","geometry":{"type":"Point","coordinates":[179057.31876258482,661010.6774400326]},"properties":{"OBJECTID_1":1641,"efficiency":0,"stop_code":25277,"Muni_Heb":"תל אביב - יפו","stop_name":"שד' ישראל גורי/גיתית"}},
{"type":"Feature","geometry":{"type":"Point","coordinates":[179299.01819736545,661032.4540530426]},"properties":{"OBJECTID_1":1642,"efficiency":0,"stop_code":25278,"Muni_Heb":"תל אביב - יפו","stop_name":"שד' ישראל גורי/דיק"}},
{"type":"Feature","geometry":{"type":"Point","coordinates":[179353.4035358336,661051.3130055859]},"properties":{"OBJECTID_1":1643,"efficiency":0,"stop_code":25279,"Muni_Heb":"תל אביב - יפו","stop_name":"שד' ישראל גורי/דיק"}},
{"type":"Feature","geometry":{"type":"Point","coordinates":[179058.88545175886,661310.2998579934]},"properties":{"OBJECTID_1":1644,"efficiency":0,"stop_code":25280,"Muni_Heb":"תל אביב - יפו","stop_name":"הקשת/השופר"}},
{"type":"Feature","geometry":{"type":"Point","coordinates":[179508.98950390553,661273.2603182086]},"properties":{"OBJECTID_1":1645,"efficiency":0,"stop_code":25281,"Muni_Heb":"תל אביב - יפו","stop_name":"קופ''ח כללית/שד' ישראל גורי"}},
{"type":"Feature","geometry":{"type":"Point","coordinates":[179502.443674705,661290.0305585231]},"properties":{"OBJECTID_1":1646,"efficiency":0,"stop_code":25282,"Muni_Heb":"תל אביב - יפו","stop_name":"קופ''ח כללית/שד' ישראל גורי"}},
{"type":"Feature","geometry":{"type":"Point","coordinates":[179493.63735245372,661621.1868507995]},"properties":{"OBJECTID_1":1647,"efficiency":0,"stop_code":25284,"Muni_Heb":"תל אביב - יפו","stop_name":"שד' ישראל גורי/דרך קיבוץ גלויות"}},
{"type":"Feature","geometry":{"type":"Point","coordinates":[179955.35635903565,661635.4639081365]},"properties":{"OBJECTID_1":1648,"efficiency":0,"stop_code":25287,"Muni_Heb":"תל אביב - יפו","stop_name":"גשר קיבוץ גלויות"}},
{"type":"Feature","geometry":{"type":"Point","coordinates":[176831.24345819128,661738.331790134]},"properties":{"OBJECTID_1":1649,"efficiency":0,"stop_code":25288,"Muni_Heb":"תל אביב - יפו","stop_name":"יפת/ד''ר ארליך"}},
{"type":"Feature","geometry":{"type":"Point","coordinates":[176846.00465434842,661677.1685617948]},"properties":{"OBJECTID_1":1650,"efficiency":0,"stop_code":25291,"Muni_Heb":"תל אביב - יפו","stop_name":"יפת/ד''ר ארליך"}},
{"type":"Feature","geometry":{"type":"Point","coordinates":[176880.74763276902,662170.6028997154]},"properties":{"OBJECTID_1":1651,"efficiency":0,"stop_code":25296,"Muni_Heb":"תל אביב - יפו","stop_name":"יפת/לואי פסטר"}},
{"type":"Feature","geometry":{"type":"Point","coordinates":[177110.23570920216,662440.5544803127]},"properties":{"OBJECTID_1":1652,"efficiency":0,"stop_code":25301,"Muni_Heb":"תל אביב - יפו","stop_name":"שוק הפשפשים/יפת"}},
{"type":"Feature","geometry":{"type":"Point","coordinates":[177205.57009855943,662541.9570496667]},"properties":{"OBJECTID_1":1653,"efficiency":0,"stop_code":25302,"Muni_Heb":"תל אביב - יפו","stop_name":"כיכר השעון"}},
{"type":"Feature","geometry":{"type":"Point","coordinates":[177316.90277685964,662561.7886489558]},"properties":{"OBJECTID_1":1654,"efficiency":0,"stop_code":25303,"Muni_Heb":"תל אביב - יפו","stop_name":"כיכר השעון/מרזוק ועזר"}},
{"type":"Feature","geometry":{"type":"Point","coordinates":[177672.26726213892,661960.3988361874]},"properties":{"OBJECTID_1":1655,"efficiency":0,"stop_code":25308,"Muni_Heb":"תל אביב - יפו","stop_name":"אצטדיון בלומפילד/דרך בן צבי"}},
{"type":"Feature","geometry":{"type":"Point","coordinates":[177813.70099033223,661879.9771635305]},"properties":{"OBJECTID_1":1656,"efficiency":0,"stop_code":25318,"Muni_Heb":"תל אביב - יפו","stop_name":"דרך בן צבי/היינריך היינה"}},
{"type":"Feature","geometry":{"type":"Point","coordinates":[178083.2585428649,661696.0176320191]},"properties":{"OBJECTID_1":1657,"efficiency":0,"stop_code":25320,"Muni_Heb":"תל אביב - יפו","stop_name":"מכון הרישוי/דרך בן צבי"}},
{"type":"Feature","geometry":{"type":"Point","coordinates":[177883.44406344657,662491.3710150673]},"properties":{"OBJECTID_1":1658,"efficiency":0,"stop_code":25324,"Muni_Heb":"תל אביב - יפו","stop_name":"דרך שלמה/דרך קיבוץ גלויות"}},
{"type":"Feature","geometry":{"type":"Point","coordinates":[177424.85055219248,662905.4398690049]},"properties":{"OBJECTID_1":1659,"efficiency":0,"stop_code":25329,"Muni_Heb":"תל אביב - יפו","stop_name":"בית האצ''ל/גולדמן"}},
{"type":"Feature","geometry":{"type":"Point","coordinates":[177595.72134444505,663074.5110784371]},"properties":{"OBJECTID_1":1660,"efficiency":0,"stop_code":25333,"Muni_Heb":"תל אביב - יפו","stop_name":"מתחם התחנה/פרופ' קויפמן"}},
{"type":"Feature","geometry":{"type":"Point","coordinates":[177674.4553818052,663367.3857752132]},"properties":{"OBJECTID_1":1661,"efficiency":0,"stop_code":25334,"Muni_Heb":"תל אביב - יפו","stop_name":"פרופ' קויפמן/שנקר"}},
{"type":"Feature","geometry":{"type":"Point","coordinates":[177976.65362463982,662884.4348340523]},"properties":{"OBJECTID_1":1662,"efficiency":0,"stop_code":25335,"Muni_Heb":"תל אביב - יפו","stop_name":"אילת/אליפלט"}},
{"type":"Feature","geometry":{"type":"Point","coordinates":[177898.4518966226,663460.5047312091]},"properties":{"OBJECTID_1":1663,"efficiency":1,"stop_code":25336,"Muni_Heb":"תל אביב - יפו","stop_name":"מרכז הטקסטיל/המרד"}},
{"type":"Feature","geometry":{"type":"Point","coordinates":[177774.1718841937,663573.790330324]},"properties":{"OBJECTID_1":1664,"efficiency":0,"stop_code":25337,"Muni_Heb":"תל אביב - יפו","stop_name":"מרכז הטקסטיל/פרופ' קויפמן"}},
{"type":"Feature","geometry":{"type":"Point","coordinates":[177798.98824938873,663730.6008496513]},"properties":{"OBJECTID_1":1665,"efficiency":0,"stop_code":25338,"Muni_Heb":"תל אביב - יפו","stop_name":"גן צ'רלס קלור/פרופ' קויפמן"}},
{"type":"Feature","geometry":{"type":"Point","coordinates":[178004.4611685131,663659.8995375828]},"properties":{"OBJECTID_1":1666,"efficiency":1,"stop_code":25340,"Muni_Heb":"תל אביב - יפו","stop_name":"המרד/פינס"}},
{"type":"Feature","geometry":{"type":"Point","coordinates":[178091.39721738454,663698.0251719814]},"properties":{"OBJECTID_1":1667,"efficiency":1,"stop_code":25346,"Muni_Heb":"תל אביב - יפו","stop_name":"יצחק אלחנן/הכרמל"}},
{"type":"Feature","geometry":{"type":"Point","coordinates":[178075.64730800668,663749.3213393458]},"properties":{"OBJECTID_1":1668,"efficiency":0,"stop_code":25349,"Muni_Heb":"תל אביב - יפו","stop_name":"מסוף כרמלית/הכרמל"}},
{"type":"Feature","geometry":{"type":"Point","coordinates":[178131.10174350743,663801.8804618329]},"properties":{"OBJECTID_1":1669,"efficiency":1,"stop_code":25354,"Muni_Heb":"תל אביב - יפו","stop_name":"מסוף כרמלית/הכרמל"}},
{"type":"Feature","geometry":{"type":"Point","coordinates":[178112.7928502289,663850.858214703]},"properties":{"OBJECTID_1":1670,"efficiency":0,"stop_code":25358,"Muni_Heb":"תל אביב - יפו","stop_name":"מסוף כרמלית"}},
{"type":"Feature","geometry":{"type":"Point","coordinates":[178030.0926947318,663971.401669258]},"properties":{"OBJECTID_1":1671,"efficiency":0,"stop_code":25360,"Muni_Heb":"תל אביב - יפו","stop_name":"הכובשים/כרמלית"}},
{"type":"Feature","geometry":{"type":"Point","coordinates":[178078.82112614193,664042.0632623932]},"properties":{"OBJECTID_1":1672,"efficiency":0,"stop_code":25364,"Muni_Heb":"תל אביב - יפו","stop_name":"הכובשים/דניאל"}},
{"type":"Feature","geometry":{"type":"Point","coordinates":[178020.37041005463,664227.2691945825]},"properties":{"OBJECTID_1":1673,"efficiency":1,"stop_code":25365,"Muni_Heb":"תל אביב - יפו","stop_name":"הירקון/עזרא הסופר"}},
{"type":"Feature","geometry":{"type":"Point","coordinates":[178113.612189356,664493.8069474513]},"properties":{"OBJECTID_1":1674,"efficiency":1,"stop_code":25366,"Muni_Heb":"תל אביב - יפו","stop_name":"הירקון/אלנבי"}},
{"type":"Feature","geometry":{"type":"Point","coordinates":[178332.85429886007,662179.4919136618]},"properties":{"OBJECTID_1":1675,"efficiency":0,"stop_code":25372,"Muni_Heb":"תל אביב - יפו","stop_name":"דרך קיבוץ גלויות/אבולעפיה"}},
{"type":"Feature","geometry":{"type":"Point","coordinates":[178333.81316837354,662206.4347276146]},"properties":{"OBJECTID_1":1676,"efficiency":0,"stop_code":25373,"Muni_Heb":"תל אביב - יפו","stop_name":"דרך קיבוץ גלויות/אבולעפיה"}},
{"type":"Feature","geometry":{"type":"Point","coordinates":[178365.73838729985,662534.7670080912]},"properties":{"OBJECTID_1":1677,"efficiency":1,"stop_code":25374,"Muni_Heb":"תל אביב - יפו","stop_name":"דרך שלמה/בן עטר"}},
{"type":"Feature","geometry":{"type":"Point","coordinates":[178439.33075869642,662517.1710176001]},"properties":{"OBJECTID_1":1678,"efficiency":1,"stop_code":25376,"Muni_Heb":"תל אביב - יפו","stop_name":"דרך שלמה/אבולעפיה"}},
{"type":"Feature","geometry":{"type":"Point","coordinates":[178690.651419058,662167.2960134245]},"properties":{"OBJECTID_1":1679,"efficiency":0,"stop_code":25380,"Muni_Heb":"תל אביב - יפו","stop_name":"שוקן/הפטיש"}},
{"type":"Feature","geometry":{"type":"Point","coordinates":[178709.3256921362,662420.3868885777]},"properties":{"OBJECTID_1":1680,"efficiency":1,"stop_code":25381,"Muni_Heb":"תל אביב - יפו","stop_name":"שוקן/דרך שלמה"}},
{"type":"Feature","geometry":{"type":"Point","coordinates":[178931.92848451622,662540.2590499463]},"properties":{"OBJECTID_1":1681,"efficiency":0,"stop_code":25383,"Muni_Heb":"תל אביב - יפו","stop_name":"דרך שלמה/שד' הר ציון"}},
{"type":"Feature","geometry":{"type":"Point","coordinates":[178214.41733506665,663040.4912681098]},"properties":{"OBJECTID_1":1682,"efficiency":0,"stop_code":25384,"Muni_Heb":"תל אביב - יפו","stop_name":"אילת/שלוש"}},
{"type":"Feature","geometry":{"type":"Point","coordinates":[178237.83646806143,663040.2854384375]},"properties":{"OBJECTID_1":1683,"efficiency":0,"stop_code":25385,"Muni_Heb":"תל אביב - יפו","stop_name":"אילת/שלוש"}},
{"type":"Feature","geometry":{"type":"Point","coordinates":[178414.98939004669,663108.5440498596]},"properties":{"OBJECTID_1":1684,"efficiency":0,"stop_code":25387,"Muni_Heb":"תל אביב - יפו","stop_name":"דרך יפו/הרצל"}},
{"type":"Feature","geometry":{"type":"Point","coordinates":[178732.50163369245,662595.0594024122]},"properties":{"OBJECTID_1":1685,"efficiency":1,"stop_code":25390,"Muni_Heb":"תל אביב - יפו","stop_name":"העלייה/פלורנטין"}},
{"type":"Feature","geometry":{"type":"Point","coordinates":[178773.01773417796,662713.5513870392]},"properties":{"OBJECTID_1":1686,"efficiency":0,"stop_code":25392,"Muni_Heb":"תל אביב - יפו","stop_name":"העלייה/פרנקל"}},
{"type":"Feature","geometry":{"type":"Point","coordinates":[178824.22935065924,662932.9123938739]},"properties":{"OBJECTID_1":1687,"efficiency":1,"stop_code":25393,"Muni_Heb":"תל אביב - יפו","stop_name":"העלייה/וולפסון"}},
{"type":"Feature","geometry":{"type":"Point","coordinates":[178826.72296636147,662989.7899178443]},"properties":{"OBJECTID_1":1688,"efficiency":1,"stop_code":25394,"Muni_Heb":"תל אביב - יפו","stop_name":"העלייה/מטלון"}},
{"type":"Feature","geometry":{"type":"Point","coordinates":[178925.21882556117,662989.6188734908]},"properties":{"OBJECTID_1":1689,"efficiency":1,"stop_code":25402,"Muni_Heb":"תל אביב - יפו","stop_name":"לוינסקי/העלייה"}},
{"type":"Feature","geometry":{"type":"Point","coordinates":[178670.85273498282,663165.5116394311]},"properties":{"OBJECTID_1":1690,"efficiency":0,"stop_code":25403,"Muni_Heb":"תל אביב - יפו","stop_name":"דרך יפו/נחלת בנימין"}},
{"type":"Feature","geometry":{"type":"Point","coordinates":[178683.35378619662,663174.4437224492]},"properties":{"OBJECTID_1":1691,"efficiency":0,"stop_code":25405,"Muni_Heb":"תל אביב - יפו","stop_name":"דרך יפו/נחלת בנימין"}},
{"type":"Feature","geometry":{"type":"Point","coordinates":[178851.58444654875,663232.6544396206]},"properties":{"OBJECTID_1":1692,"efficiency":1,"stop_code":25409,"Muni_Heb":"תל אביב - יפו","stop_name":"אלנבי/דרך מנחם בגין"}},
{"type":"Feature","geometry":{"type":"Point","coordinates":[178816.32401391177,663365.3109142842]},"properties":{"OBJECTID_1":1693,"efficiency":0,"stop_code":25414,"Muni_Heb":"תל אביב - יפו","stop_name":"אלנבי/לילינבלום"}},
{"type":"Feature","geometry":{"type":"Point","coordinates":[178793.58521759082,663417.4100376097]},"properties":{"OBJECTID_1":1694,"efficiency":0,"stop_code":25420,"Muni_Heb":"תל אביב - יפו","stop_name":"אלנבי/שד' רוטשילד"}},
{"type":"Feature","geometry":{"type":"Point","coordinates":[179070.2614836382,661892.2132155233]},"properties":{"OBJECTID_1":1695,"efficiency":0,"stop_code":25423,"Muni_Heb":"תל אביב - יפו","stop_name":"מסילת ישרים/דרך קיבוץ גלויות"}},
{"type":"Feature","geometry":{"type":"Point","coordinates":[179067.92033401772,661921.0542896846]},"properties":{"OBJECTID_1":1696,"efficiency":0,"stop_code":25424,"Muni_Heb":"תל אביב - יפו","stop_name":"מסילת ישרים/דרך קיבוץ גלויות"}},
{"type":"Feature","geometry":{"type":"Point","coordinates":[179240.7946369452,661739.6166873967]},"properties":{"OBJECTID_1":1697,"efficiency":0,"stop_code":25425,"Muni_Heb":"תל אביב - יפו","stop_name":"דרך קיבוץ גלויות/חכמי לובלין"}},
{"type":"Feature","geometry":{"type":"Point","coordinates":[179301.07994118577,661746.6974873571]},"properties":{"OBJECTID_1":1698,"efficiency":0,"stop_code":25426,"Muni_Heb":"תל אביב - יפו","stop_name":"דרך קיבוץ גלויות/חכמי לובלין"}},
{"type":"Feature","geometry":{"type":"Point","coordinates":[179134.1762844864,662124.2775703016]},"properties":{"OBJECTID_1":1699,"efficiency":0,"stop_code":25427,"Muni_Heb":"תל אביב - יפו","stop_name":"מסילת ישרים/חכמי ישראל"}},
{"type":"Feature","geometry":{"type":"Point","coordinates":[179131.17343173205,662153.0103319545]},"properties":{"OBJECTID_1":1700,"efficiency":0,"stop_code":25428,"Muni_Heb":"תל אביב - יפו","stop_name":"מסילת ישרים/חכמי ישראל"}},
{"type":"Feature","geometry":{"type":"Point","coordinates":[179106.33205939832,662509.6252499997]},"properties":{"OBJECTID_1":1701,"efficiency":0,"stop_code":25429,"Muni_Heb":"תל אביב - יפו","stop_name":"דרך שלמה/מסילת ישרים"}},
{"type":"Feature","geometry":{"type":"Point","coordinates":[179106.07110755195,662491.4400590941]},"properties":{"OBJECTID_1":1702,"efficiency":0,"stop_code":25430,"Muni_Heb":"תל אביב - יפו","stop_name":"דרך שלמה/מסילת ישרים"}},
{"type":"Feature","geometry":{"type":"Point","coordinates":[179111.2478943363,662891.9601576148]},"properties":{"OBJECTID_1":1703,"efficiency":0,"stop_code":25437,"Muni_Heb":"תל אביב - יפו","stop_name":"לוינסקי/שד' הר ציון"}},
{"type":"Feature","geometry":{"type":"Point","coordinates":[179369.57601101513,662663.3895914201]},"properties":{"OBJECTID_1":1704,"efficiency":0,"stop_code":25439,"Muni_Heb":"תל אביב - יפו","stop_name":"ת.מרכזית תל אביב קומה 7/רציפים"}},
{"type":"Feature","geometry":{"type":"Point","coordinates":[179210.98588375835,662823.5886334938]},"properties":{"OBJECTID_1":1705,"efficiency":0,"stop_code":25440,"Muni_Heb":"תל אביב - יפו","stop_name":"לוינסקי/שד' הר ציון"}},
{"type":"Feature","geometry":{"type":"Point","coordinates":[179272.99606132845,662814.6939680956]},"properties":{"OBJECTID_1":1706,"efficiency":0,"stop_code":25441,"Muni_Heb":"תל אביב - יפו","stop_name":"לוינסקי/שד' הר ציון"}},
{"type":"Feature","geometry":{"type":"Point","coordinates":[179300.40404222556,663466.0744119745]},"properties":{"OBJECTID_1":1707,"efficiency":0,"stop_code":25454,"Muni_Heb":"תל אביב - יפו","stop_name":"הרכבת/דרך מנחם בגין"}},
{"type":"Feature","geometry":{"type":"Point","coordinates":[179606.43693987318,662617.326314667]},"properties":{"OBJECTID_1":1708,"efficiency":0,"stop_code":25476,"Muni_Heb":"תל אביב - יפו","stop_name":"לוינסקי/לבנדה"}},
{"type":"Feature","geometry":{"type":"Point","coordinates":[179622.39053016138,662639.7748772446]},"properties":{"OBJECTID_1":1709,"efficiency":0,"stop_code":25477,"Muni_Heb":"תל אביב - יפו","stop_name":"ת. מרכזית תל אביב/לוינסקי"}},
{"type":"Feature","geometry":{"type":"Point","coordinates":[179644.34519519826,662940.8704977221]},"properties":{"OBJECTID_1":1710,"efficiency":0,"stop_code":25478,"Muni_Heb":"תל אביב - יפו","stop_name":"ראש פינה/הרכבת"}},
{"type":"Feature","geometry":{"type":"Point","coordinates":[178425.91088288146,663615.4976275522]},"properties":{"OBJECTID_1":1711,"efficiency":1,"stop_code":25485,"Muni_Heb":"תל אביב - יפו","stop_name":"מגדל שלום/מונטיפיורי"}},
{"type":"Feature","geometry":{"type":"Point","coordinates":[178403.2282673655,663680.9043973468]},"properties":{"OBJECTID_1":1712,"efficiency":0,"stop_code":25486,"Muni_Heb":"תל אביב - יפו","stop_name":"גרוזנברג/יעבץ"}},
{"type":"Feature","geometry":{"type":"Point","coordinates":[178670.2627834223,663772.0922842561]},"properties":{"OBJECTID_1":1713,"efficiency":0,"stop_code":25508,"Muni_Heb":"תל אביב - יפו","stop_name":"אלנבי/מונטיפיורי"}},
{"type":"Feature","geometry":{"type":"Point","coordinates":[178618.3146455225,663910.1394143335]},"properties":{"OBJECTID_1":1714,"efficiency":0,"stop_code":25512,"Muni_Heb":"תל אביב - יפו","stop_name":"אלנבי/מזא''ה"}},
{"type":"Feature","geometry":{"type":"Point","coordinates":[178621.9838973206,663930.3069862548]},"properties":{"OBJECTID_1":1715,"efficiency":0,"stop_code":25514,"Muni_Heb":"תל אביב - יפו","stop_name":"אלנבי/מזא''ה"}},
{"type":"Feature","geometry":{"type":"Point","coordinates":[178741.21226192766,663992.8155856876]},"properties":{"OBJECTID_1":1716,"efficiency":0,"stop_code":25524,"Muni_Heb":"תל אביב - יפו","stop_name":"ביה''ס בלפור/בלפור"}},
{"type":"Feature","geometry":{"type":"Point","coordinates":[178831.29332816604,664110.5553397122]},"properties":{"OBJECTID_1":1717,"efficiency":0,"stop_code":25525,"Muni_Heb":"תל אביב - יפו","stop_name":"שיינקין/יוחנן הסנדלר"}},
{"type":"Feature","geometry":{"type":"Point","coordinates":[178293.38647959798,664492.5232135521]},"properties":{"OBJECTID_1":1718,"efficiency":0,"stop_code":25527,"Muni_Heb":"תל אביב - יפו","stop_name":"הכובשים/אלנבי"}},
{"type":"Feature","geometry":{"type":"Point","coordinates":[178553.3392024482,664776.4669402394]},"properties":{"OBJECTID_1":1719,"efficiency":0,"stop_code":25543,"Muni_Heb":"תל אביב - יפו","stop_name":"טרומפלדור/פינסקר"}},
{"type":"Feature","geometry":{"type":"Point","coordinates":[178586.421058467,664902.6399266901]},"properties":{"OBJECTID_1":1720,"efficiency":0,"stop_code":25552,"Muni_Heb":"תל אביב - יפו","stop_name":"בוגרשוב/פינסקר"}},
{"type":"Feature","geometry":{"type":"Point","coordinates":[178778.78861205815,664794.0814925252]},"properties":{"OBJECTID_1":1721,"efficiency":0,"stop_code":25554,"Muni_Heb":"תל אביב - יפו","stop_name":"בוגרשוב/בר כוכבא"}},
{"type":"Feature","geometry":{"type":"Point","coordinates":[178819.37579627137,664412.7834553465]},"properties":{"OBJECTID_1":1722,"efficiency":1,"stop_code":25556,"Muni_Heb":"תל אביב - יפו","stop_name":"המלך ג'ורג'/רש''י"}},
{"type":"Feature","geometry":{"type":"Point","coordinates":[178844.81409960194,664422.4402938418]},"properties":{"OBJECTID_1":1723,"efficiency":1,"stop_code":25557,"Muni_Heb":"תל אביב - יפו","stop_name":"המלך ג'ורג'/החשמונאים"}},
{"type":"Feature","geometry":{"type":"Point","coordinates":[178870.6735824921,664821.5482212879]},"properties":{"OBJECTID_1":1724,"efficiency":0,"stop_code":25564,"Muni_Heb":"תל אביב - יפו","stop_name":"דיזנגוף סנטר/טשרניחובסקי"}},
{"type":"Feature","geometry":{"type":"Point","coordinates":[178985.88036909042,664801.7938735699]},"properties":{"OBJECTID_1":1725,"efficiency":0,"stop_code":25565,"Muni_Heb":"תל אביב - יפו","stop_name":"דיזנגוף סנטר/דיזנגוף"}},
{"type":"Feature","geometry":{"type":"Point","coordinates":[178795.9946136274,664988.4064242487]},"properties":{"OBJECTID_1":1726,"efficiency":0,"stop_code":25566,"Muni_Heb":"תל אביב - יפו","stop_name":"כיכר דיזנגוף/פינסקר"}},
{"type":"Feature","geometry":{"type":"Point","coordinates":[178972.52494896686,665194.2939287797]},"properties":{"OBJECTID_1":1727,"efficiency":1,"stop_code":25575,"Muni_Heb":"תל אביב - יפו","stop_name":"כיכר דיזנגוף/ריינס"}},
{"type":"Feature","geometry":{"type":"Point","coordinates":[179075.31117809648,663640.5111012394]},"properties":{"OBJECTID_1":1728,"efficiency":0,"stop_code":25578,"Muni_Heb":"תל אביב - יפו","stop_name":"שד' רוטשילד/נחמני"}},
{"type":"Feature","geometry":{"type":"Point","coordinates":[179057.30750002677,663886.4297804245]},"properties":{"OBJECTID_1":1729,"efficiency":0,"stop_code":25579,"Muni_Heb":"תל אביב - יפו","stop_name":"בלפור/מלצ'ט"}},
{"type":"Feature","geometry":{"type":"Point","coordinates":[179187.24494024046,663720.7966202842]},"properties":{"OBJECTID_1":1730,"efficiency":0,"stop_code":25582,"Muni_Heb":"תל אביב - יפו","stop_name":"שד' רוטשילד/מזא''ה"}},
{"type":"Feature","geometry":{"type":"Point","coordinates":[179180.26952490825,663771.6126864266]},"properties":{"OBJECTID_1":1731,"efficiency":0,"stop_code":25584,"Muni_Heb":"תל אביב - יפו","stop_name":"שד' רוטשילד/בלפור"}},
{"type":"Feature","geometry":{"type":"Point","coordinates":[179132.7521746892,664028.6263884923]},"properties":{"OBJECTID_1":1732,"efficiency":0,"stop_code":25586,"Muni_Heb":"תל אביב - יפו","stop_name":"שיינקין/פיארברג"}},
{"type":"Feature","geometry":{"type":"Point","coordinates":[179252.69609037894,664034.3615445949]},"properties":{"OBJECTID_1":1733,"efficiency":0,"stop_code":25587,"Muni_Heb":"תל אביב - יפו","stop_name":"שד' רוטשילד/שיינקין"}},
{"type":"Feature","geometry":{"type":"Point","coordinates":[179356.21702640582,664281.4634593268]},"properties":{"OBJECTID_1":1734,"efficiency":0,"stop_code":25590,"Muni_Heb":"תל אביב - יפו","stop_name":"שד' רוטשילד/חשמונאים"}},
{"type":"Feature","geometry":{"type":"Point","coordinates":[179366.08545876163,664317.6862113666]},"properties":{"OBJECTID_1":1735,"efficiency":0,"stop_code":25591,"Muni_Heb":"תל אביב - יפו","stop_name":"הבימה/שד' רוטשילד"}},
{"type":"Feature","geometry":{"type":"Point","coordinates":[179340.46968310175,664358.7062503791]},"properties":{"OBJECTID_1":1736,"efficiency":0,"stop_code":25592,"Muni_Heb":"תל אביב - יפו","stop_name":"הבימה/שד' רוטשילד"}},
{"type":"Feature","geometry":{"type":"Point","coordinates":[179699.9573066467,664218.679841132]},"properties":{"OBJECTID_1":1737,"efficiency":0,"stop_code":25604,"Muni_Heb":"תל אביב - יפו","stop_name":"הסינמטק/קרליבך"}},
{"type":"Feature","geometry":{"type":"Point","coordinates":[179070.058365701,664624.3646810015]},"properties":{"OBJECTID_1":1738,"efficiency":0,"stop_code":25607,"Muni_Heb":"תל אביב - יפו","stop_name":"דיזנגוף סנטר/שדרות בן ציון"}},
{"type":"Feature","geometry":{"type":"Point","coordinates":[179030.28233652445,664618.0910277378]},"properties":{"OBJECTID_1":1739,"efficiency":0,"stop_code":25608,"Muni_Heb":"תל אביב - יפו","stop_name":"דיזנגוף סנטר/שדרות בן ציון"}},
{"type":"Feature","geometry":{"type":"Point","coordinates":[179007.92293438013,664788.8427296862]},"properties":{"OBJECTID_1":1740,"efficiency":1,"stop_code":25609,"Muni_Heb":"תל אביב - יפו","stop_name":"דיזנגוף סנטר/דיזנגוף"}},
{"type":"Feature","geometry":{"type":"Point","coordinates":[179268.96305744955,664470.9893898239]},"properties":{"OBJECTID_1":1741,"efficiency":0,"stop_code":25612,"Muni_Heb":"תל אביב - יפו","stop_name":"הבימה/שד' בן ציון"}},
{"type":"Feature","geometry":{"type":"Point","coordinates":[179280.28537699115,664683.9680144604]},"properties":{"OBJECTID_1":1742,"efficiency":0,"stop_code":25614,"Muni_Heb":"תל אביב - יפו","stop_name":"היכל התרבות/דיזנגוף"}},
{"type":"Feature","geometry":{"type":"Point","coordinates":[179334.82710297636,664603.7996555069]},"properties":{"OBJECTID_1":1743,"efficiency":0,"stop_code":25615,"Muni_Heb":"תל אביב - יפו","stop_name":"הבימה/שד' תרס''ט"}},
{"type":"Feature","geometry":{"type":"Point","coordinates":[179194.9122897032,664965.7495534567]},"properties":{"OBJECTID_1":1744,"efficiency":1,"stop_code":25617,"Muni_Heb":"תל אביב - יפו","stop_name":"המלך ג'ורג'/זמנהוף"}},
{"type":"Feature","geometry":{"type":"Point","coordinates":[179221.24460657808,664987.0474207704]},"properties":{"OBJECTID_1":1745,"efficiency":0,"stop_code":25618,"Muni_Heb":"תל אביב - יפו","stop_name":"המלך ג'ורג'/זמנהוף"}},
{"type":"Feature","geometry":{"type":"Point","coordinates":[179263.02823046572,665047.7618646855]},"properties":{"OBJECTID_1":1746,"efficiency":1,"stop_code":25619,"Muni_Heb":"תל אביב - יפו","stop_name":"כיכר מסריק/המלך ג'ורג'"}},
{"type":"Feature","geometry":{"type":"Point","coordinates":[179419.3202498341,664408.5186711516]},"properties":{"OBJECTID_1":1747,"efficiency":0,"stop_code":25621,"Muni_Heb":"תל אביב - יפו","stop_name":"הבימה/שד' בן ציון"}},
{"type":"Feature","geometry":{"type":"Point","coordinates":[179388.88032819476,664639.0719093172]},"properties":{"OBJECTID_1":1748,"efficiency":0,"stop_code":25622,"Muni_Heb":"תל אביב - יפו","stop_name":"היכל התרבות/דיזנגוף"}},
{"type":"Feature","geometry":{"type":"Point","coordinates":[179606.9466290928,664507.1408589206]},"properties":{"OBJECTID_1":1749,"efficiency":0,"stop_code":25624,"Muni_Heb":"תל אביב - יפו","stop_name":"אבן גבירול/דיזנגוף"}},
{"type":"Feature","geometry":{"type":"Point","coordinates":[179620.71207389893,664694.8268482112]},"properties":{"OBJECTID_1":1750,"efficiency":0,"stop_code":25625,"Muni_Heb":"תל אביב - יפו","stop_name":"לונדון מיניסטור/אבן גבירול"}},
{"type":"Feature","geometry":{"type":"Point","coordinates":[179484.64013332257,665243.9433273078]},"properties":{"OBJECTID_1":1751,"efficiency":1,"stop_code":25629,"Muni_Heb":"תל אביב - יפו","stop_name":"כיכר רבין/מלכי ישראל"}},
{"type":"Feature","geometry":{"type":"Point","coordinates":[179597.98463280257,664918.6957644459]},"properties":{"OBJECTID_1":1752,"efficiency":0,"stop_code":25631,"Muni_Heb":"תל אביב - יפו","stop_name":"אבן גבירול/השופטים"}},
{"type":"Feature","geometry":{"type":"Point","coordinates":[179572.38906909566,664940.6418004632]},"properties":{"OBJECTID_1":1753,"efficiency":0,"stop_code":25632,"Muni_Heb":"תל אביב - יפו","stop_name":"אבן גבירול/השופטים"}},
{"type":"Feature","geometry":{"type":"Point","coordinates":[179559.0656473025,665106.3666912431]},"properties":{"OBJECTID_1":1754,"efficiency":0,"stop_code":25634,"Muni_Heb":"תל אביב - יפו","stop_name":"אבן גבירול/מאנה"}},
{"type":"Feature","geometry":{"type":"Point","coordinates":[179769.78848044015,662561.6857751282]},"properties":{"OBJECTID_1":1755,"efficiency":0,"stop_code":25636,"Muni_Heb":"תל אביב - יפו","stop_name":"ת. רכבת ההגנה/החרש"}},
{"type":"Feature","geometry":{"type":"Point","coordinates":[179873.34567302378,662477.7811016777]},"properties":{"OBJECTID_1":1756,"efficiency":0,"stop_code":25637,"Muni_Heb":"תל אביב - יפו","stop_name":"ת. רכבת ההגנה"}},
{"type":"Feature","geometry":{"type":"Point","coordinates":[179892.29253328132,662492.8995622487]},"properties":{"OBJECTID_1":1757,"efficiency":0,"stop_code":25638,"Muni_Heb":"תל אביב - יפו","stop_name":"ת. רכבת ההגנה"}},
{"type":"Feature","geometry":{"type":"Point","coordinates":[180395.8467284132,661680.5601663885]},"properties":{"OBJECTID_1":1758,"efficiency":0,"stop_code":25639,"Muni_Heb":"תל אביב - יפו","stop_name":"לח''י/דרך קיבוץ גלויות"}},
{"type":"Feature","geometry":{"type":"Point","coordinates":[180445.1118572707,661695.6742189096]},"properties":{"OBJECTID_1":1759,"efficiency":0,"stop_code":25640,"Muni_Heb":"תל אביב - יפו","stop_name":"לח''י/דרך קיבוץ גלויות"}},
{"type":"Feature","geometry":{"type":"Point","coordinates":[180185.41587161476,662438.9798212436]},"properties":{"OBJECTID_1":1760,"efficiency":0,"stop_code":25641,"Muni_Heb":"תל אביב - יפו","stop_name":"דרך ההגנה/המעפילים"}},
{"type":"Feature","geometry":{"type":"Point","coordinates":[180193.7035441971,662457.466690134]},"properties":{"OBJECTID_1":1761,"efficiency":0,"stop_code":25642,"Muni_Heb":"תל אביב - יפו","stop_name":"דרך ההגנה/המעפילים"}},
{"type":"Feature","geometry":{"type":"Point","coordinates":[180509.69010067265,662306.4381767102]},"properties":{"OBJECTID_1":1762,"efficiency":0,"stop_code":25643,"Muni_Heb":"תל אביב - יפו","stop_name":"שוק התקווה/אצ''ל"}},
{"type":"Feature","geometry":{"type":"Point","coordinates":[180380.46353178256,662421.595237868]},"properties":{"OBJECTID_1":1763,"efficiency":0,"stop_code":25644,"Muni_Heb":"תל אביב - יפו","stop_name":"שוק התקווה/דרך ההגנה"}},
{"type":"Feature","geometry":{"type":"Point","coordinates":[180504.2248331696,662359.0215979826]},"properties":{"OBJECTID_1":1764,"efficiency":0,"stop_code":25645,"Muni_Heb":"תל אביב - יפו","stop_name":"שוק התקווה/אצ''ל"}},
{"type":"Feature","geometry":{"type":"Point","coordinates":[180273.15184048083,663003.1901085709]},"properties":{"OBJECTID_1":1765,"efficiency":0,"stop_code":25655,"Muni_Heb":"תל אביב - יפו","stop_name":"לה גווארדייה/המעפילים"}},
{"type":"Feature","geometry":{"type":"Point","coordinates":[180696.95582319627,661757.5874937136]},"properties":{"OBJECTID_1":1766,"efficiency":0,"stop_code":25660,"Muni_Heb":"תל אביב - יפו","stop_name":"אצ''ל/לח''י"}},
{"type":"Feature","geometry":{"type":"Point","coordinates":[180684.4213572647,661789.4610073201]},"properties":{"OBJECTID_1":1767,"efficiency":0,"stop_code":25661,"Muni_Heb":"תל אביב - יפו","stop_name":"אצ''ל/לח''י"}},
{"type":"Feature","geometry":{"type":"Point","coordinates":[180544.29819283792,662045.8219443186]},"properties":{"OBJECTID_1":1768,"efficiency":0,"stop_code":25662,"Muni_Heb":"תל אביב - יפו","stop_name":"אצ''ל/חנוך"}},
{"type":"Feature","geometry":{"type":"Point","coordinates":[180537.95269561844,662115.2642478243]},"properties":{"OBJECTID_1":1769,"efficiency":0,"stop_code":25663,"Muni_Heb":"תל אביב - יפו","stop_name":"אצ''ל/חנוך"}},
{"type":"Feature","geometry":{"type":"Point","coordinates":[180939.2037680946,661705.4360859366]},"properties":{"OBJECTID_1":1770,"efficiency":0,"stop_code":25668,"Muni_Heb":"תל אביב - יפו","stop_name":"שכונת הארגזים/לח''י"}},
{"type":"Feature","geometry":{"type":"Point","coordinates":[181002.08406030378,661674.7032606987]},"properties":{"OBJECTID_1":1771,"efficiency":0,"stop_code":25669,"Muni_Heb":"תל אביב - יפו","stop_name":"שכונת הארגזים/לח''י"}},
{"type":"Feature","geometry":{"type":"Point","coordinates":[180975.57110855725,662031.5405864124]},"properties":{"OBJECTID_1":1772,"efficiency":0,"stop_code":25670,"Muni_Heb":"תל אביב - יפו","stop_name":"קרייתי/גבעתי"}},
{"type":"Feature","geometry":{"type":"Point","coordinates":[180964.77793334483,662099.4468776665]},"properties":{"OBJECTID_1":1773,"efficiency":0,"stop_code":25671,"Muni_Heb":"תל אביב - יפו","stop_name":"גבעתי/קרייתי"}},
{"type":"Feature","geometry":{"type":"Point","coordinates":[181239.96914732287,661767.7321210644]},"properties":{"OBJECTID_1":1774,"efficiency":0,"stop_code":25673,"Muni_Heb":"תל אביב - יפו","stop_name":"דרך משה דיין/דרך בר לב"}},
{"type":"Feature","geometry":{"type":"Point","coordinates":[181173.6509538978,661989.3202307825]},"properties":{"OBJECTID_1":1775,"efficiency":0,"stop_code":25674,"Muni_Heb":"תל אביב - יפו","stop_name":"קרייתי/דרך משה דיין"}},
{"type":"Feature","geometry":{"type":"Point","coordinates":[181131.41300510007,662008.7742503716]},"properties":{"OBJECTID_1":1776,"efficiency":0,"stop_code":25675,"Muni_Heb":"תל אביב - יפו","stop_name":"קרייתי/דרך משה דיין"}},
{"type":"Feature","geometry":{"type":"Point","coordinates":[180961.89490176667,662211.1253055574]},"properties":{"OBJECTID_1":1777,"efficiency":0,"stop_code":25677,"Muni_Heb":"תל אביב - יפו","stop_name":"גבעתי/ההגנה"}},
{"type":"Feature","geometry":{"type":"Point","coordinates":[180977.59737172586,662292.6819080384]},"properties":{"OBJECTID_1":1778,"efficiency":0,"stop_code":25678,"Muni_Heb":"תל אביב - יפו","stop_name":"גבעתי/ההגנה"}},
{"type":"Feature","geometry":{"type":"Point","coordinates":[180566.2806841704,662756.4408088812]},"properties":{"OBJECTID_1":1779,"efficiency":0,"stop_code":25682,"Muni_Heb":"תל אביב - יפו","stop_name":"יגאל אלון/שד' החי''ל"}},
{"type":"Feature","geometry":{"type":"Point","coordinates":[180561.04273413584,662893.1899920804]},"properties":{"OBJECTID_1":1780,"efficiency":0,"stop_code":25683,"Muni_Heb":"תל אביב - יפו","stop_name":"יגאל אלון/לה גווארדייה"}},
{"type":"Feature","geometry":{"type":"Point","coordinates":[181184.47179743467,662982.976476784]},"properties":{"OBJECTID_1":1781,"efficiency":0,"stop_code":25693,"Muni_Heb":"תל אביב - יפו","stop_name":"לה גווארדייה/הגיבור האלמוני"}},
{"type":"Feature","geometry":{"type":"Point","coordinates":[181294.09026970115,663430.4551076728]},"properties":{"OBJECTID_1":1782,"efficiency":0,"stop_code":25695,"Muni_Heb":"תל אביב - יפו","stop_name":"דרך משה דיין/הרכבי"}},
{"type":"Feature","geometry":{"type":"Point","coordinates":[179986.1751488371,663517.6166007739]},"properties":{"OBJECTID_1":1783,"efficiency":0,"stop_code":25702,"Muni_Heb":"תל אביב - יפו","stop_name":"המסגר/בית עובד"}},
{"type":"Feature","geometry":{"type":"Point","coordinates":[179755.03696807343,664468.3038857686]},"properties":{"OBJECTID_1":1784,"efficiency":0,"stop_code":25720,"Muni_Heb":"תל אביב - יפו","stop_name":"לסקוב/הפטמן"}},
{"type":"Feature","geometry":{"type":"Point","coordinates":[179778.66744316922,664644.0861170583]},"properties":{"OBJECTID_1":1785,"efficiency":0,"stop_code":25721,"Muni_Heb":"תל אביב - יפו","stop_name":"דובנוב/קפלן"}},
{"type":"Feature","geometry":{"type":"Point","coordinates":[179900.02760132824,664821.7056128962]},"properties":{"OBJECTID_1":1786,"efficiency":1,"stop_code":25722,"Muni_Heb":"תל אביב - יפו","stop_name":"האופרה/שד' שאול המלך"}},
{"type":"Feature","geometry":{"type":"Point","coordinates":[180470.25644549096,665052.376013599]},"properties":{"OBJECTID_1":1787,"efficiency":1,"stop_code":25732,"Muni_Heb":"תל אביב - יפו","stop_name":"בית הדר דפנה/שד' שאול המלך"}},
{"type":"Feature","geometry":{"type":"Point","coordinates":[180665.48298294237,663535.4074974703]},"properties":{"OBJECTID_1":1788,"efficiency":0,"stop_code":25735,"Muni_Heb":"תל אביב - יפו","stop_name":"יצחק שדה/יגאל אלון"}},
{"type":"Feature","geometry":{"type":"Point","coordinates":[181007.02253214162,663531.3384377281]},"properties":{"OBJECTID_1":1789,"efficiency":0,"stop_code":25740,"Muni_Heb":"תל אביב - יפו","stop_name":"ביה''ס ניב/יצחק שדה"}},
{"type":"Feature","geometry":{"type":"Point","coordinates":[181250.85659791334,663484.9541750342]},"properties":{"OBJECTID_1":1790,"efficiency":0,"stop_code":25742,"Muni_Heb":"תל אביב - יפו","stop_name":"דרך משה דיין/יצחק שדה"}},
{"type":"Feature","geometry":{"type":"Point","coordinates":[181248.9348685894,663601.8409823246]},"properties":{"OBJECTID_1":1791,"efficiency":0,"stop_code":25743,"Muni_Heb":"תל אביב - יפו","stop_name":"דרך משה דיין/יצחק שדה"}},
{"type":"Feature","geometry":{"type":"Point","coordinates":[181209.85217808635,663730.4002603176]},"properties":{"OBJECTID_1":1792,"efficiency":0,"stop_code":25744,"Muni_Heb":"תל אביב - יפו","stop_name":"ביה''ס בלוך/דרך משה דיין"}},
{"type":"Feature","geometry":{"type":"Point","coordinates":[181217.93234633812,663995.8441848384]},"properties":{"OBJECTID_1":1793,"efficiency":0,"stop_code":25746,"Muni_Heb":"תל אביב - יפו","stop_name":"רמת ישראל/דרך משה דיין"}},
{"type":"Feature","geometry":{"type":"Point","coordinates":[181251.42177441245,664037.6352792205]},"properties":{"OBJECTID_1":1794,"efficiency":0,"stop_code":25747,"Muni_Heb":"תל אביב - יפו","stop_name":"רמת ישראל/דרך משה דיין"}},
{"type":"Feature","geometry":{"type":"Point","coordinates":[181262.11728138113,664170.110508499]},"properties":{"OBJECTID_1":1795,"efficiency":0,"stop_code":25749,"Muni_Heb":"תל אביב - יפו","stop_name":"דרך משה דיין/דרך השלום"}},
{"type":"Feature","geometry":{"type":"Point","coordinates":[181302.36903972545,664202.4506474799]},"properties":{"OBJECTID_1":1796,"efficiency":0,"stop_code":25750,"Muni_Heb":"תל אביב - יפו","stop_name":"דרך משה דיין/דרך השלום"}},
{"type":"Feature","geometry":{"type":"Point","coordinates":[181152.31900720994,664701.139886686]},"properties":{"OBJECTID_1":1797,"efficiency":0,"stop_code":25761,"Muni_Heb":"תל אביב - יפו","stop_name":"מגדלי תל אביב/נחלת יצחק"}},
{"type":"Feature","geometry":{"type":"Point","coordinates":[181232.87929972628,664882.3663606001]},"properties":{"OBJECTID_1":1798,"efficiency":0,"stop_code":25764,"Muni_Heb":"תל אביב - יפו","stop_name":"עמק ברכה/בנימיני"}},
{"type":"Feature","geometry":{"type":"Point","coordinates":[178335.90413450156,665573.327792181]},"properties":{"OBJECTID_1":1799,"efficiency":0,"stop_code":25767,"Muni_Heb":"תל אביב - יפו","stop_name":"חוף גורדון"}},
{"type":"Feature","geometry":{"type":"Point","coordinates":[178861.34214420783,665416.7432274892]},"properties":{"OBJECTID_1":1800,"efficiency":0,"stop_code":25774,"Muni_Heb":"תל אביב - יפו","stop_name":"דיזנגוף/פרישמן"}},
{"type":"Feature","geometry":{"type":"Point","coordinates":[178892.75222537084,665716.913748582]},"properties":{"OBJECTID_1":1801,"efficiency":0,"stop_code":25778,"Muni_Heb":"תל אביב - יפו","stop_name":"דיזנגוף/ש''ץ"}},
{"type":"Feature","geometry":{"type":"Point","coordinates":[178920.77618732367,665854.9735852965]},"properties":{"OBJECTID_1":1802,"efficiency":0,"stop_code":25785,"Muni_Heb":"תל אביב - יפו","stop_name":"דיזנגוף/שד' בן גוריון"}},
{"type":"Feature","geometry":{"type":"Point","coordinates":[178980.5116628064,665753.7128494795]},"properties":{"OBJECTID_1":1803,"efficiency":0,"stop_code":25786,"Muni_Heb":"תל אביב - יפו","stop_name":"שד' בן גוריון/דיזנגוף"}},
{"type":"Feature","geometry":{"type":"Point","coordinates":[178933.65192171128,665911.3664127555]},"properties":{"OBJECTID_1":1804,"efficiency":0,"stop_code":25787,"Muni_Heb":"תל אביב - יפו","stop_name":"דיזנגוף/יודפת"}},
{"type":"Feature","geometry":{"type":"Point","coordinates":[178963.6686282474,666004.8397546251]},"properties":{"OBJECTID_1":1805,"efficiency":0,"stop_code":25794,"Muni_Heb":"תל אביב - יפו","stop_name":"דיזנגוף/ארלוזורוב"}},
{"type":"Feature","geometry":{"type":"Point","coordinates":[178939.2573310761,666654.3220158863]},"properties":{"OBJECTID_1":1806,"efficiency":0,"stop_code":25800,"Muni_Heb":"תל אביב - יפו","stop_name":"בן יהודה/שדרות נורדאו"}},
{"type":"Feature","geometry":{"type":"Point","coordinates":[178795.59380079014,666658.3335597896]},"properties":{"OBJECTID_1":1807,"efficiency":0,"stop_code":25801,"Muni_Heb":"תל אביב - יפו","stop_name":"הירקון/שד' נורדאו"}},
{"type":"Feature","geometry":{"type":"Point","coordinates":[178931.04762964894,667081.1794026379]},"properties":{"OBJECTID_1":1808,"efficiency":0,"stop_code":25803,"Muni_Heb":"תל אביב - יפו","stop_name":"הירקון/שער ציון"}},
{"type":"Feature","geometry":{"type":"Point","coordinates":[179057.66845156258,665522.0849006132]},"properties":{"OBJECTID_1":1809,"efficiency":1,"stop_code":25805,"Muni_Heb":"תל אביב - יפו","stop_name":"ריינס/גורדון"}},
{"type":"Feature","geometry":{"type":"Point","coordinates":[179315.97367919562,665568.1907949862]},"properties":{"OBJECTID_1":1810,"efficiency":0,"stop_code":25809,"Muni_Heb":"תל אביב - יפו","stop_name":"שד' בן גוריון/שלמה המלך"}},
{"type":"Feature","geometry":{"type":"Point","coordinates":[178987.89367435992,666161.3230555197]},"properties":{"OBJECTID_1":1811,"efficiency":0,"stop_code":25811,"Muni_Heb":"תל אביב - יפו","stop_name":"דיזנגוף/ארלוזורוב"}},
{"type":"Feature","geometry":{"type":"Point","coordinates":[179005.39033047372,666192.9685976622]},"properties":{"OBJECTID_1":1812,"efficiency":0,"stop_code":25812,"Muni_Heb":"תל אביב - יפו","stop_name":"דיזנגוף/ארלוזורוב"}},
{"type":"Feature","geometry":{"type":"Point","coordinates":[179187.26265432316,665918.6754109135]},"properties":{"OBJECTID_1":1813,"efficiency":0,"stop_code":25813,"Muni_Heb":"תל אביב - יפו","stop_name":"ביה''ס גרץ/מאנגר"}},
{"type":"Feature","geometry":{"type":"Point","coordinates":[179584.71578135501,665507.6950699344]},"properties":{"OBJECTID_1":1814,"efficiency":1,"stop_code":25818,"Muni_Heb":"תל אביב - יפו","stop_name":"עיריית תל אביב - יפו/אבן גבירול"}},
{"type":"Feature","geometry":{"type":"Point","coordinates":[179683.10419847633,665341.5261147486]},"properties":{"OBJECTID_1":1815,"efficiency":1,"stop_code":25819,"Muni_Heb":"תל אביב - יפו","stop_name":"שד' דוד המלך/אבן גבירול"}},
{"type":"Feature","geometry":{"type":"Point","coordinates":[179666.2030112925,665485.973604239]},"properties":{"OBJECTID_1":1816,"efficiency":0,"stop_code":25820,"Muni_Heb":"תל אביב - יפו","stop_name":"עיריית תל אביב - יפו/בלוך"}},
{"type":"Feature","geometry":{"type":"Point","coordinates":[179698.87327244217,665511.0182755057]},"properties":{"OBJECTID_1":1817,"efficiency":0,"stop_code":25821,"Muni_Heb":"תל אביב - יפו","stop_name":"עיריית תל אביב - יפו/בלוך"}},
{"type":"Feature","geometry":{"type":"Point","coordinates":[179562.0707574196,665631.539434634]},"properties":{"OBJECTID_1":1818,"efficiency":1,"stop_code":25823,"Muni_Heb":"תל אביב - יפו","stop_name":"עיריית תל אביב - יפו/אבן גבירול"}},
{"type":"Feature","geometry":{"type":"Point","coordinates":[179013.09506070206,666278.6575920143]},"properties":{"OBJECTID_1":1819,"efficiency":0,"stop_code":25830,"Muni_Heb":"תל אביב - יפו","stop_name":"דיזנגוף/ז'בוטינסקי"}},
{"type":"Feature","geometry":{"type":"Point","coordinates":[179066.24816429534,666326.9061087443]},"properties":{"OBJECTID_1":1820,"efficiency":0,"stop_code":25831,"Muni_Heb":"תל אביב - יפו","stop_name":"ז'בוטינסקי/דיזנגוף"}},
{"type":"Feature","geometry":{"type":"Point","coordinates":[179044.2679546903,666378.447547631]},"properties":{"OBJECTID_1":1821,"efficiency":0,"stop_code":25832,"Muni_Heb":"תל אביב - יפו","stop_name":"דיזנגוף/ז'בוטינסקי"}},
{"type":"Feature","geometry":{"type":"Point","coordinates":[179078.4849452148,666579.2482691234]},"properties":{"OBJECTID_1":1822,"efficiency":0,"stop_code":25833,"Muni_Heb":"תל אביב - יפו","stop_name":"דיזנגוף/בזל"}},
{"type":"Feature","geometry":{"type":"Point","coordinates":[179358.5902512829,666271.5222258494]},"properties":{"OBJECTID_1":1823,"efficiency":0,"stop_code":25835,"Muni_Heb":"תל אביב - יפו","stop_name":"ז'בוטינסקי/ארבע ארצות"}},
{"type":"Feature","geometry":{"type":"Point","coordinates":[179367.71523179003,666670.1437143803]},"properties":{"OBJECTID_1":1824,"efficiency":0,"stop_code":25836,"Muni_Heb":"תל אביב - יפו","stop_name":"שד' נורדאו/סוקולוב"}},
{"type":"Feature","geometry":{"type":"Point","coordinates":[179102.54965740646,666648.5712031857]},"properties":{"OBJECTID_1":1825,"efficiency":0,"stop_code":25839,"Muni_Heb":"תל אביב - יפו","stop_name":"דיזנגוף/שד' נורדאו"}},
{"type":"Feature","geometry":{"type":"Point","coordinates":[179131.9721887553,666783.5212058534]},"properties":{"OBJECTID_1":1826,"efficiency":0,"stop_code":25840,"Muni_Heb":"תל אביב - יפו","stop_name":"דיזנגוף/שד' נורדאו"}},
{"type":"Feature","geometry":{"type":"Point","coordinates":[179125.81533587462,666802.0647218919]},"properties":{"OBJECTID_1":1827,"efficiency":0,"stop_code":25841,"Muni_Heb":"תל אביב - יפו","stop_name":"דיזנגוף/שד' נורדאו"}},
{"type":"Feature","geometry":{"type":"Point","coordinates":[179106.88371072954,667026.807699931]},"properties":{"OBJECTID_1":1828,"efficiency":0,"stop_code":25844,"Muni_Heb":"תל אביב - יפו","stop_name":"דיזינגוף/ירמיהו"}},
{"type":"Feature","geometry":{"type":"Point","coordinates":[179532.35228603552,666622.2554488806]},"properties":{"OBJECTID_1":1829,"efficiency":0,"stop_code":25847,"Muni_Heb":"תל אביב - יפו","stop_name":"שד' נורדאו/יהושע בן נון"}},
{"type":"Feature","geometry":{"type":"Point","coordinates":[179565.25803846773,666227.1282720596]},"properties":{"OBJECTID_1":1830,"efficiency":0,"stop_code":25848,"Muni_Heb":"תל אביב - יפו","stop_name":"ז'בוטינסקי/אבן גבירול"}},
{"type":"Feature","geometry":{"type":"Point","coordinates":[179602.37484803225,666640.2778119951]},"properties":{"OBJECTID_1":1831,"efficiency":0,"stop_code":25851,"Muni_Heb":"תל אביב - יפו","stop_name":"שד' נורדאו/יהושע בן נון"}},
{"type":"Feature","geometry":{"type":"Point","coordinates":[179700.06831496817,666444.0595200043]},"properties":{"OBJECTID_1":1832,"efficiency":1,"stop_code":25852,"Muni_Heb":"תל אביב - יפו","stop_name":"אבן גבירול/פנקס"}},
{"type":"Feature","geometry":{"type":"Point","coordinates":[179342.04541962262,667413.223374396]},"properties":{"OBJECTID_1":1833,"efficiency":0,"stop_code":25867,"Muni_Heb":"תל אביב - יפו","stop_name":"מסוף רדינג/הורדה"}},
{"type":"Feature","geometry":{"type":"Point","coordinates":[179732.6776789822,667492.5288936472]},"properties":{"OBJECTID_1":1834,"efficiency":0,"stop_code":25868,"Muni_Heb":"תל אביב - יפו","stop_name":"אבן גבירול/שד' רוקח"}},
{"type":"Feature","geometry":{"type":"Point","coordinates":[179636.36263303107,667604.4636636864]},"properties":{"OBJECTID_1":1835,"efficiency":0,"stop_code":25869,"Muni_Heb":"תל אביב - יפו","stop_name":"אבן גבירול/שד' רוקח"}},
{"type":"Feature","geometry":{"type":"Point","coordinates":[179731.3992447994,667744.9248814816]},"properties":{"OBJECTID_1":1836,"efficiency":0,"stop_code":25870,"Muni_Heb":"תל אביב - יפו","stop_name":"ש''י עגנון/אבן גבירול"}},
{"type":"Feature","geometry":{"type":"Point","coordinates":[179913.00666919074,665318.4508887916]},"properties":{"OBJECTID_1":1837,"efficiency":0,"stop_code":25872,"Muni_Heb":"תל אביב - יפו","stop_name":"רבנות תל אביב/שד' דוד המלך"}},
{"type":"Feature","geometry":{"type":"Point","coordinates":[179971.20384402078,665765.7846123689]},"properties":{"OBJECTID_1":1838,"efficiency":0,"stop_code":25875,"Muni_Heb":"תל אביב - יפו","stop_name":"בלוך/ארלוזורוב"}},
{"type":"Feature","geometry":{"type":"Point","coordinates":[180056.49210667546,665775.1012560393]},"properties":{"OBJECTID_1":1839,"efficiency":0,"stop_code":25876,"Muni_Heb":"תל אביב - יפו","stop_name":"ארלוזורוב/בלוך"}},
{"type":"Feature","geometry":{"type":"Point","coordinates":[179918.3938360727,666145.1298129447]},"properties":{"OBJECTID_1":1840,"efficiency":0,"stop_code":25877,"Muni_Heb":"תל אביב - יפו","stop_name":"גימנסיה הרצליה/ז'בוטינסקי"}},
{"type":"Feature","geometry":{"type":"Point","coordinates":[180010.44471229202,666146.3245491402]},"properties":{"OBJECTID_1":1841,"efficiency":0,"stop_code":25878,"Muni_Heb":"תל אביב - יפו","stop_name":"גימנסיה הרצליה/ז'בוטינסקי"}},
{"type":"Feature","geometry":{"type":"Point","coordinates":[180404.95916379063,665676.9478684041]},"properties":{"OBJECTID_1":1842,"efficiency":0,"stop_code":25882,"Muni_Heb":"תל אביב - יפו","stop_name":"ארלוזורוב/ויצמן"}},
{"type":"Feature","geometry":{"type":"Point","coordinates":[180431.53416973373,665688.8221323737]},"properties":{"OBJECTID_1":1843,"efficiency":0,"stop_code":25883,"Muni_Heb":"תל אביב - יפו","stop_name":"ארלוזורוב/ויצמן"}},
{"type":"Feature","geometry":{"type":"Point","coordinates":[180290.40512308432,665937.6520350022]},"properties":{"OBJECTID_1":1844,"efficiency":0,"stop_code":25886,"Muni_Heb":"תל אביב - יפו","stop_name":"כיכר המדינה/תש''ח"}},
{"type":"Feature","geometry":{"type":"Point","coordinates":[180346.87747758816,665843.7308291266]},"properties":{"OBJECTID_1":1845,"efficiency":0,"stop_code":25887,"Muni_Heb":"תל אביב - יפו","stop_name":"כיכר המדינה/ויצמן"}},
{"type":"Feature","geometry":{"type":"Point","coordinates":[180354.93029683555,666194.5620711768]},"properties":{"OBJECTID_1":1846,"efficiency":0,"stop_code":25888,"Muni_Heb":"תל אביב - יפו","stop_name":"כיכר המדינה/ליפסקי"}},
{"type":"Feature","geometry":{"type":"Point","coordinates":[180042.52628555516,666507.1538074611]},"properties":{"OBJECTID_1":1847,"efficiency":0,"stop_code":25890,"Muni_Heb":"תל אביב - יפו","stop_name":"פנקס/רמז"}},
{"type":"Feature","geometry":{"type":"Point","coordinates":[179764.4957110196,666817.8469756006]},"properties":{"OBJECTID_1":1848,"efficiency":0,"stop_code":25893,"Muni_Heb":"תל אביב - יפו","stop_name":"כיכר מילאנו/אבן גבירול"}},
{"type":"Feature","geometry":{"type":"Point","coordinates":[179889.0309784641,666823.3494448541]},"properties":{"OBJECTID_1":1849,"efficiency":1,"stop_code":25894,"Muni_Heb":"תל אביב - יפו","stop_name":"כיכר מילאנו/דה האז"}},
{"type":"Feature","geometry":{"type":"Point","coordinates":[180023.8899483492,666837.6847294939]},"properties":{"OBJECTID_1":1850,"efficiency":0,"stop_code":25896,"Muni_Heb":"תל אביב - יפו","stop_name":"יהודה המכבי/מתתיהו"}},
{"type":"Feature","geometry":{"type":"Point","coordinates":[180443.45276048535,666481.764948321]},"properties":{"OBJECTID_1":1851,"efficiency":0,"stop_code":25897,"Muni_Heb":"תל אביב - יפו","stop_name":"בית החייל/ויצמן"}},
{"type":"Feature","geometry":{"type":"Point","coordinates":[180462.3407835839,666483.688491278]},"properties":{"OBJECTID_1":1852,"efficiency":0,"stop_code":25898,"Muni_Heb":"תל אביב - יפו","stop_name":"בית החייל/ויצמן"}},
{"type":"Feature","geometry":{"type":"Point","coordinates":[180461.29327001874,666579.725021654]},"properties":{"OBJECTID_1":1853,"efficiency":0,"stop_code":25899,"Muni_Heb":"תל אביב - יפו","stop_name":"ויצמן/פנקס"}},
{"type":"Feature","geometry":{"type":"Point","coordinates":[180232.66826585867,666828.7815101097]},"properties":{"OBJECTID_1":1854,"efficiency":1,"stop_code":25900,"Muni_Heb":"תל אביב - יפו","stop_name":"ביה''ס עירוני י''א/יהודה המכבי"}},
{"type":"Feature","geometry":{"type":"Point","coordinates":[180357.8834551761,666839.3881087494]},"properties":{"OBJECTID_1":1855,"efficiency":0,"stop_code":25902,"Muni_Heb":"תל אביב - יפו","stop_name":"יהודה המכבי/ויצמן"}},
{"type":"Feature","geometry":{"type":"Point","coordinates":[180671.03720136534,665635.0099249219]},"properties":{"OBJECTID_1":1856,"efficiency":0,"stop_code":25903,"Muni_Heb":"תל אביב - יפו","stop_name":"ארלוזורוב/דרך נמיר"}},
{"type":"Feature","geometry":{"type":"Point","coordinates":[180606.3040137543,666014.0639931656]},"properties":{"OBJECTID_1":1857,"efficiency":0,"stop_code":25913,"Muni_Heb":"תל אביב - יפו","stop_name":"ז'בוטינסקי/כיכר המדינה"}},
{"type":"Feature","geometry":{"type":"Point","coordinates":[180775.71926544886,665952.3163503547]},"properties":{"OBJECTID_1":1858,"efficiency":0,"stop_code":25914,"Muni_Heb":"תל אביב - יפו","stop_name":"ז'בוטינסקי/דרך נמיר"}},
{"type":"Feature","geometry":{"type":"Point","coordinates":[180924.2020856841,665722.649710706]},"properties":{"OBJECTID_1":1859,"efficiency":0,"stop_code":25937,"Muni_Heb":"תל אביב - יפו","stop_name":"ת. רכבת תל אביב - סבידור/חנה וסע"}},
{"type":"Feature","geometry":{"type":"Point","coordinates":[180796.72192282404,666559.480735056]},"properties":{"OBJECTID_1":1860,"efficiency":0,"stop_code":25938,"Muni_Heb":"תל אביב - יפו","stop_name":"פנקס/דרך נמיר"}},
{"type":"Feature","geometry":{"type":"Point","coordinates":[180810.21740400267,666533.5916158083]},"properties":{"OBJECTID_1":1861,"efficiency":0,"stop_code":25939,"Muni_Heb":"תל אביב - יפו","stop_name":"פנקס/דרך נמיר"}},
{"type":"Feature","geometry":{"type":"Point","coordinates":[180667.6092150772,666864.0387621146]},"properties":{"OBJECTID_1":1862,"efficiency":1,"stop_code":25942,"Muni_Heb":"תל אביב - יפו","stop_name":"יהודה המכבי/דרך נמיר"}},
{"type":"Feature","geometry":{"type":"Point","coordinates":[180690.60930664587,666880.0303401123]},"properties":{"OBJECTID_1":1863,"efficiency":1,"stop_code":25943,"Muni_Heb":"תל אביב - יפו","stop_name":"יהודה המכבי/דרך נמיר"}},
{"type":"Feature","geometry":{"type":"Point","coordinates":[181072.05080020413,666997.901933184]},"properties":{"OBJECTID_1":1864,"efficiency":0,"stop_code":25948,"Muni_Heb":"תל אביב - יפו","stop_name":"הרב הרצוג/הזוהר"}},
{"type":"Feature","geometry":{"type":"Point","coordinates":[180990.10240411758,666970.1562104354]},"properties":{"OBJECTID_1":1865,"efficiency":0,"stop_code":25949,"Muni_Heb":"תל אביב - יפו","stop_name":"הרב הרצוג/הזוהר"}},
{"type":"Feature","geometry":{"type":"Point","coordinates":[181195.3398722348,666999.2112058062]},"properties":{"OBJECTID_1":1866,"efficiency":0,"stop_code":25950,"Muni_Heb":"תל אביב - יפו","stop_name":"הרב הרצוג/בבלי"}},
{"type":"Feature","geometry":{"type":"Point","coordinates":[179835.85959910273,667785.3252919144]},"properties":{"OBJECTID_1":1867,"efficiency":0,"stop_code":25951,"Muni_Heb":"תל אביב - יפו","stop_name":"ש''י עגנון/ישראל גלילי"}},
{"type":"Feature","geometry":{"type":"Point","coordinates":[180105.6071408055,667803.9046021687]},"properties":{"OBJECTID_1":1868,"efficiency":0,"stop_code":25952,"Muni_Heb":"תל אביב - יפו","stop_name":"ש''י עגנון/שד' לוי אשכול"}},
{"type":"Feature","geometry":{"type":"Point","coordinates":[179924.2007578496,667370.6874572679]},"properties":{"OBJECTID_1":1869,"efficiency":1,"stop_code":25953,"Muni_Heb":"תל אביב - יפו","stop_name":"ספורטק/שד' רוקח"}},
{"type":"Feature","geometry":{"type":"Point","coordinates":[180215.24256198425,667840.6293426417]},"properties":{"OBJECTID_1":1870,"efficiency":0,"stop_code":25954,"Muni_Heb":"תל אביב - יפו","stop_name":"ש''י עגנון/שד' לוי אשכול"}},
{"type":"Feature","geometry":{"type":"Point","coordinates":[180274.88967060583,667960.9389510643]},"properties":{"OBJECTID_1":1871,"efficiency":0,"stop_code":25955,"Muni_Heb":"תל אביב - יפו","stop_name":"שדרות לוי אשכול/ש''י עגנון"}},
{"type":"Feature","geometry":{"type":"Point","coordinates":[180304.51811531652,667958.3850852957]},"properties":{"OBJECTID_1":1872,"efficiency":0,"stop_code":25956,"Muni_Heb":"תל אביב - יפו","stop_name":"שדרות לוי אשכול/ש''י עגנון"}},
{"type":"Feature","geometry":{"type":"Point","coordinates":[180271.54627393844,668268.6781406918]},"properties":{"OBJECTID_1":1873,"efficiency":0,"stop_code":25957,"Muni_Heb":"תל אביב - יפו","stop_name":"שד' לוי אשכול/אפטר"}},
{"type":"Feature","geometry":{"type":"Point","coordinates":[180418.92747773544,668083.5856924609]},"properties":{"OBJECTID_1":1874,"efficiency":0,"stop_code":25958,"Muni_Heb":"תל אביב - יפו","stop_name":"אפטר/יהודה בורלא"}},
{"type":"Feature","geometry":{"type":"Point","coordinates":[180472.03969899443,668272.8966371291]},"properties":{"OBJECTID_1":1875,"efficiency":0,"stop_code":25959,"Muni_Heb":"תל אביב - יפו","stop_name":"ביה''ס ארן/יהודה בורלא"}},
{"type":"Feature","geometry":{"type":"Point","coordinates":[180329.98677974287,668615.545905638]},"properties":{"OBJECTID_1":1876,"efficiency":0,"stop_code":25960,"Muni_Heb":"תל אביב - יפו","stop_name":"שד' לוי אשכול/דב האוזנר"}},
{"type":"Feature","geometry":{"type":"Point","coordinates":[180459.77669755972,668520.5662979196]},"properties":{"OBJECTID_1":1877,"efficiency":0,"stop_code":25961,"Muni_Heb":"תל אביב - יפו","stop_name":"ביה''ס ארן/יהודה בורלא"}},
{"type":"Feature","geometry":{"type":"Point","coordinates":[180473.5297407093,668587.2706938591]},"properties":{"OBJECTID_1":1878,"efficiency":0,"stop_code":25962,"Muni_Heb":"תל אביב - יפו","stop_name":"יהודה בורלא/דב האוזנר"}},
{"type":"Feature","geometry":{"type":"Point","coordinates":[180457.4847190334,668882.1952053303]},"properties":{"OBJECTID_1":1879,"efficiency":0,"stop_code":25963,"Muni_Heb":"תל אביב - יפו","stop_name":"אינשטיין/שד' לוי אשכול"}},
{"type":"Feature","geometry":{"type":"Point","coordinates":[180865.33500681617,667524.0919012299]},"properties":{"OBJECTID_1":1880,"efficiency":0,"stop_code":25964,"Muni_Heb":"תל אביב - יפו","stop_name":"שד' רוקח/דרך נמיר"}},
{"type":"Feature","geometry":{"type":"Point","coordinates":[180975.7094196777,667581.4479520213]},"properties":{"OBJECTID_1":1881,"efficiency":0,"stop_code":25970,"Muni_Heb":"תל אביב - יפו","stop_name":"שד' רוקח/דרך נמיר"}},
{"type":"Feature","geometry":{"type":"Point","coordinates":[181164.0039736496,667200.7091706208]},"properties":{"OBJECTID_1":1882,"efficiency":0,"stop_code":25971,"Muni_Heb":"תל אביב - יפו","stop_name":"בבלי/הכנסת הגדולה"}},
{"type":"Feature","geometry":{"type":"Point","coordinates":[181147.69000493913,667305.2310335243]},"properties":{"OBJECTID_1":1883,"efficiency":0,"stop_code":25972,"Muni_Heb":"תל אביב - יפו","stop_name":"הרב קוסובסקי/בבלי"}},
{"type":"Feature","geometry":{"type":"Point","coordinates":[181254.78692138393,667143.479792969]},"properties":{"OBJECTID_1":1884,"efficiency":0,"stop_code":25973,"Muni_Heb":"תל אביב - יפו","stop_name":"תוספתא/ירושלמי"}},
{"type":"Feature","geometry":{"type":"Point","coordinates":[181240.63659826474,667271.39148484]},"properties":{"OBJECTID_1":1885,"efficiency":0,"stop_code":25974,"Muni_Heb":"תל אביב - יפו","stop_name":"הכנסת הגדולה/תוספתא"}},
{"type":"Feature","geometry":{"type":"Point","coordinates":[181126.77713216623,667616.8057705553]},"properties":{"OBJECTID_1":1886,"efficiency":0,"stop_code":25978,"Muni_Heb":"תל אביב - יפו","stop_name":"מגרשי הטניס/שד' רוקח"}},
{"type":"Feature","geometry":{"type":"Point","coordinates":[181056.51276834466,668181.4014872184]},"properties":{"OBJECTID_1":1887,"efficiency":0,"stop_code":25988,"Muni_Heb":"תל אביב - יפו","stop_name":"ברודצקי/סלואדור"}},
{"type":"Feature","geometry":{"type":"Point","coordinates":[181201.45270997807,668396.5398356384]},"properties":{"OBJECTID_1":1888,"efficiency":0,"stop_code":25989,"Muni_Heb":"תל אביב - יפו","stop_name":"בית ברודצקי/ברודצקי"}},
{"type":"Feature","geometry":{"type":"Point","coordinates":[181191.33938913542,668417.869293726]},"properties":{"OBJECTID_1":1889,"efficiency":0,"stop_code":25990,"Muni_Heb":"תל אביב - יפו","stop_name":"בית ברודצקי/ברודצקי"}},
{"type":"Feature","geometry":{"type":"Point","coordinates":[181204.86902114423,668576.8377534448]},"properties":{"OBJECTID_1":1890,"efficiency":0,"stop_code":25992,"Muni_Heb":"תל אביב - יפו","stop_name":"ברודצקי/רדינג"}},
{"type":"Feature","geometry":{"type":"Point","coordinates":[181194.49745062774,668579.6491622085]},"properties":{"OBJECTID_1":1891,"efficiency":0,"stop_code":25993,"Muni_Heb":"תל אביב - יפו","stop_name":"ברודצקי/רדינג"}},
{"type":"Feature","geometry":{"type":"Point","coordinates":[181174.05359054555,668664.6697121384]},"properties":{"OBJECTID_1":1892,"efficiency":1,"stop_code":25995,"Muni_Heb":"תל אביב - יפו","stop_name":"ברודצקי/רדינג"}},
{"type":"Feature","geometry":{"type":"Point","coordinates":[181931.04988040155,661541.049892257]},"properties":{"OBJECTID_1":1893,"efficiency":0,"stop_code":26004,"Muni_Heb":"תל אביב - יפו","stop_name":"צביה לובטקין/צוקרמן"}},
{"type":"Feature","geometry":{"type":"Point","coordinates":[181959.1918207767,661591.2907126913]},"properties":{"OBJECTID_1":1894,"efficiency":0,"stop_code":26005,"Muni_Heb":"תל אביב - יפו","stop_name":"צביה לובטקין/צוקרמן"}},
{"type":"Feature","geometry":{"type":"Point","coordinates":[182256.7663927976,661505.0344693142]},"properties":{"OBJECTID_1":1895,"efficiency":0,"stop_code":26009,"Muni_Heb":"תל אביב - יפו","stop_name":"שד' ששת הימים/דרך בר לב"}},
{"type":"Feature","geometry":{"type":"Point","coordinates":[181360.09381129104,662496.2807280096]},"properties":{"OBJECTID_1":1896,"efficiency":0,"stop_code":26018,"Muni_Heb":"תל אביב - יפו","stop_name":"דרך משה דיין/צבי נשרי"}},
{"type":"Feature","geometry":{"type":"Point","coordinates":[181336.47847901395,662545.272206696]},"properties":{"OBJECTID_1":1897,"efficiency":0,"stop_code":26019,"Muni_Heb":"תל אביב - יפו","stop_name":"דרך משה דיין/צבי נשרי"}},
{"type":"Feature","geometry":{"type":"Point","coordinates":[181481.87092474336,662356.213448117]},"properties":{"OBJECTID_1":1898,"efficiency":0,"stop_code":26020,"Muni_Heb":"תל אביב - יפו","stop_name":"בית ברבור/דרך ההגנה"}},
{"type":"Feature","geometry":{"type":"Point","coordinates":[181532.739753096,662346.8197651005]},"properties":{"OBJECTID_1":1899,"efficiency":0,"stop_code":26022,"Muni_Heb":"תל אביב - יפו","stop_name":"בית ברבור/דרך ההגנה"}},
{"type":"Feature","geometry":{"type":"Point","coordinates":[181829.4405025573,662082.2409337023]},"properties":{"OBJECTID_1":1900,"efficiency":0,"stop_code":26024,"Muni_Heb":"תל אביב - יפו","stop_name":"אסא קדמוני/הרב יוסף צוברי"}},
{"type":"Feature","geometry":{"type":"Point","coordinates":[181819.1508062918,662083.4987651323]},"properties":{"OBJECTID_1":1901,"efficiency":0,"stop_code":26025,"Muni_Heb":"תל אביב - יפו","stop_name":"אסא קדמוני/הרב יוסף צוברי"}},
{"type":"Feature","geometry":{"type":"Point","coordinates":[181955.18469845373,661887.9390489787]},"properties":{"OBJECTID_1":1902,"efficiency":0,"stop_code":26026,"Muni_Heb":"תל אביב - יפו","stop_name":"ביה''ס בעש''ט/צביה לובטקין"}},
{"type":"Feature","geometry":{"type":"Point","coordinates":[182010.9616131931,661825.6346659419]},"properties":{"OBJECTID_1":1903,"efficiency":0,"stop_code":26027,"Muni_Heb":"תל אביב - יפו","stop_name":"ביה''ס בעש''ט/צביה לובטקין"}},
{"type":"Feature","geometry":{"type":"Point","coordinates":[181744.59862805696,662328.6224774772]},"properties":{"OBJECTID_1":1904,"efficiency":0,"stop_code":26028,"Muni_Heb":"תל אביב - יפו","stop_name":"הרב אלנקווה/אסא קדמוני"}},
{"type":"Feature","geometry":{"type":"Point","coordinates":[181760.04010787985,662366.9335757016]},"properties":{"OBJECTID_1":1905,"efficiency":0,"stop_code":26029,"Muni_Heb":"תל אביב - יפו","stop_name":"הרב אלנקווה/אסא קדמוני"}},
{"type":"Feature","geometry":{"type":"Point","coordinates":[181379.5515426717,662850.3947126627]},"properties":{"OBJECTID_1":1906,"efficiency":0,"stop_code":26030,"Muni_Heb":"תל אביב - יפו","stop_name":"דרך משה דיין/לה גווארדייה"}},
{"type":"Feature","geometry":{"type":"Point","coordinates":[181352.73501423455,662876.5545333982]},"properties":{"OBJECTID_1":1907,"efficiency":0,"stop_code":26031,"Muni_Heb":"תל אביב - יפו","stop_name":"דרך משה דיין/לה גווארדייה"}},
{"type":"Feature","geometry":{"type":"Point","coordinates":[181347.54316487128,663255.2680210784]},"properties":{"OBJECTID_1":1908,"efficiency":0,"stop_code":26035,"Muni_Heb":"תל אביב - יפו","stop_name":"דרך משה דיין/משה שטינשנידר"}},
{"type":"Feature","geometry":{"type":"Point","coordinates":[181716.26234314675,663116.8317017405]},"properties":{"OBJECTID_1":1909,"efficiency":0,"stop_code":26042,"Muni_Heb":"תל אביב - יפו","stop_name":"דרך הטייסים/דרך השלום"}},
{"type":"Feature","geometry":{"type":"Point","coordinates":[182265.5423891892,661709.7072167351]},"properties":{"OBJECTID_1":1910,"efficiency":0,"stop_code":26051,"Muni_Heb":"תל אביב - יפו","stop_name":"שד' ששת הימים/תקוע"}},
{"type":"Feature","geometry":{"type":"Point","coordinates":[182285.22847822864,661720.9461370087]},"properties":{"OBJECTID_1":1911,"efficiency":0,"stop_code":26052,"Muni_Heb":"תל אביב - יפו","stop_name":"שד' ששת הימים/תקוע"}},
{"type":"Feature","geometry":{"type":"Point","coordinates":[182315.26495457586,661876.8602425572]},"properties":{"OBJECTID_1":1912,"efficiency":0,"stop_code":26053,"Muni_Heb":"תל אביב - יפו","stop_name":"מח''ל/שד' ששת הימים"}},
{"type":"Feature","geometry":{"type":"Point","coordinates":[182407.47411086032,661911.122068394]},"properties":{"OBJECTID_1":1913,"efficiency":0,"stop_code":26054,"Muni_Heb":"תל אביב - יפו","stop_name":"מח''ל/מעפילי אגוז"}},
{"type":"Feature","geometry":{"type":"Point","coordinates":[182430.03145419073,662062.7389420227]},"properties":{"OBJECTID_1":1914,"efficiency":0,"stop_code":26055,"Muni_Heb":"תל אביב - יפו","stop_name":"מעפילי אגוז/מח''ל"}},
{"type":"Feature","geometry":{"type":"Point","coordinates":[182253.71065163478,662400.1583623892]},"properties":{"OBJECTID_1":1915,"efficiency":0,"stop_code":26056,"Muni_Heb":"תל אביב - יפו","stop_name":"ביה''ס תל חי/מעפילי אגוז"}},
{"type":"Feature","geometry":{"type":"Point","coordinates":[182479.8787679969,661901.5439405342]},"properties":{"OBJECTID_1":1916,"efficiency":0,"stop_code":26063,"Muni_Heb":"תל אביב - יפו","stop_name":"מח''ל/מעפילי אגוז"}},
{"type":"Feature","geometry":{"type":"Point","coordinates":[182412.6035988869,662801.2263358557]},"properties":{"OBJECTID_1":1917,"efficiency":0,"stop_code":26071,"Muni_Heb":"תל אביב - יפו","stop_name":"עודד/אלוף דוד"}},
{"type":"Feature","geometry":{"type":"Point","coordinates":[182335.44005973355,663031.8286266575]},"properties":{"OBJECTID_1":1918,"efficiency":0,"stop_code":26072,"Muni_Heb":"תל אביב - יפו","stop_name":"המאבק/עמישב"}},
{"type":"Feature","geometry":{"type":"Point","coordinates":[181530.14147602752,664182.8579152351]},"properties":{"OBJECTID_1":1919,"efficiency":0,"stop_code":26089,"Muni_Heb":"תל אביב - יפו","stop_name":"דרך השלום/חביבה רייק"}},
{"type":"Feature","geometry":{"type":"Point","coordinates":[181396.92078523443,664614.9456450036]},"properties":{"OBJECTID_1":1920,"efficiency":0,"stop_code":26099,"Muni_Heb":"תל אביב - יפו","stop_name":"נחלת יצחק/עליית הנוער"}},
{"type":"Feature","geometry":{"type":"Point","coordinates":[181413.3785131516,667321.1989853675]},"properties":{"OBJECTID_1":1921,"efficiency":0,"stop_code":26294,"Muni_Heb":"תל אביב - יפו","stop_name":"שטיינמן/הרב קוסובסקי"}},
{"type":"Feature","geometry":{"type":"Point","coordinates":[181372.25101397588,667379.2387562782]},"properties":{"OBJECTID_1":1922,"efficiency":0,"stop_code":26295,"Muni_Heb":"תל אביב - יפו","stop_name":"הרב קוסובסקי/שטיינמן"}},
{"type":"Feature","geometry":{"type":"Point","coordinates":[181347.86552191098,667647.5781351273]},"properties":{"OBJECTID_1":1923,"efficiency":0,"stop_code":26296,"Muni_Heb":"תל אביב - יפו","stop_name":"מרכז רבין/שד' רוקח"}},
{"type":"Feature","geometry":{"type":"Point","coordinates":[181738.67219397877,667170.7253758643]},"properties":{"OBJECTID_1":1924,"efficiency":0,"stop_code":26298,"Muni_Heb":"תל אביב - יפו","stop_name":"קאנטרי דקל"}},
{"type":"Feature","geometry":{"type":"Point","coordinates":[182005.39713220418,667825.5536878164]},"properties":{"OBJECTID_1":1925,"efficiency":0,"stop_code":26302,"Muni_Heb":"תל אביב - יפו","stop_name":"ת. רכבת האוניברסיטה/שד' רוקח"}},
{"type":"Feature","geometry":{"type":"Point","coordinates":[181506.91837753647,668910.931641293]},"properties":{"OBJECTID_1":1926,"efficiency":0,"stop_code":26312,"Muni_Heb":"תל אביב - יפו","stop_name":"האוניברסיטה/חיים לבנון"}},
{"type":"Feature","geometry":{"type":"Point","coordinates":[181715.43858282434,668056.6172584542]},"properties":{"OBJECTID_1":1927,"efficiency":0,"stop_code":26313,"Muni_Heb":"תל אביב - יפו","stop_name":"ת. רכבת אונברסיטה/איסוף"}},
{"type":"Feature","geometry":{"type":"Point","coordinates":[181750.99456372086,668048.9445109098]},"properties":{"OBJECTID_1":1928,"efficiency":0,"stop_code":26314,"Muni_Heb":"תל אביב - יפו","stop_name":"ת. רכבת אונברסיטה/הורדה"}},
{"type":"Feature","geometry":{"type":"Point","coordinates":[181773.6242592539,668195.2381068675]},"properties":{"OBJECTID_1":1929,"efficiency":0,"stop_code":26315,"Muni_Heb":"תל אביב - יפו","stop_name":"ירוחם משל/ד''ר ג'ורג' וייז"}},
{"type":"Feature","geometry":{"type":"Point","coordinates":[182821.0419584879,668458.2114733246]},"properties":{"OBJECTID_1":1930,"efficiency":0,"stop_code":26323,"Muni_Heb":"תל אביב - יפו","stop_name":"בני אפרים/בכור שטרית"}},
{"type":"Feature","geometry":{"type":"Point","coordinates":[183207.33182590126,668424.555409916]},"properties":{"OBJECTID_1":1931,"efficiency":0,"stop_code":26423,"Muni_Heb":"תל אביב - יפו","stop_name":"שלום אש/קהילת ורשה"}},
{"type":"Feature","geometry":{"type":"Point","coordinates":[182881.520441006,668661.7020337426]},"properties":{"OBJECTID_1":1932,"efficiency":0,"stop_code":26424,"Muni_Heb":"תל אביב - יפו","stop_name":"בני אפרים/הדר יוסף"}},
{"type":"Feature","geometry":{"type":"Point","coordinates":[182994.41011376496,668663.9574110381]},"properties":{"OBJECTID_1":1933,"efficiency":0,"stop_code":26425,"Muni_Heb":"תל אביב - יפו","stop_name":"הדר יוסף/בני אפרים"}},
{"type":"Feature","geometry":{"type":"Point","coordinates":[182931.43745093857,668789.7135813922]},"properties":{"OBJECTID_1":1934,"efficiency":0,"stop_code":26426,"Muni_Heb":"תל אביב - יפו","stop_name":"בני אפרים/הדר יוסף"}},
{"type":"Feature","geometry":{"type":"Point","coordinates":[182912.1320556159,668880.2709966757]},"properties":{"OBJECTID_1":1935,"efficiency":0,"stop_code":26427,"Muni_Heb":"תל אביב - יפו","stop_name":"מכללת אפקה/בני אפרים"}},
{"type":"Feature","geometry":{"type":"Point","coordinates":[183127.68070619483,668585.5225897545]},"properties":{"OBJECTID_1":1936,"efficiency":0,"stop_code":26428,"Muni_Heb":"תל אביב - יפו","stop_name":"הדר יוסף/קהילת ורשה"}},
{"type":"Feature","geometry":{"type":"Point","coordinates":[183173.12515261234,668492.7652622354]},"properties":{"OBJECTID_1":1937,"efficiency":0,"stop_code":26429,"Muni_Heb":"תל אביב - יפו","stop_name":"הדר יוסף/קהילת ורשה"}},
{"type":"Feature","geometry":{"type":"Point","coordinates":[183146.00318040536,668536.1100936679]},"properties":{"OBJECTID_1":1938,"efficiency":0,"stop_code":26430,"Muni_Heb":"תל אביב - יפו","stop_name":"הדר יוסף/קהילת ורשה"}},
{"type":"Feature","geometry":{"type":"Point","coordinates":[183344.4117847783,668274.6955377081]},"properties":{"OBJECTID_1":1939,"efficiency":0,"stop_code":26432,"Muni_Heb":"תל אביב - יפו","stop_name":"שלום אש/קיציס"}},
{"type":"Feature","geometry":{"type":"Point","coordinates":[183524.43543185134,668202.9751417517]},"properties":{"OBJECTID_1":1940,"efficiency":0,"stop_code":26434,"Muni_Heb":"תל אביב - יפו","stop_name":"איצטדיון הדר יוסף/בכור שטרית"}},
{"type":"Feature","geometry":{"type":"Point","coordinates":[183265.87305906115,668457.392391272]},"properties":{"OBJECTID_1":1941,"efficiency":0,"stop_code":26435,"Muni_Heb":"תל אביב - יפו","stop_name":"קהילת ורשה/שלום אש"}},
{"type":"Feature","geometry":{"type":"Point","coordinates":[183506.8088446,668636.1813726575]},"properties":{"OBJECTID_1":1942,"efficiency":0,"stop_code":26436,"Muni_Heb":"תל אביב - יפו","stop_name":"קהילת יאסי/קהילת ורשה"}},
{"type":"Feature","geometry":{"type":"Point","coordinates":[183676.27861663167,668570.8217873893]},"properties":{"OBJECTID_1":1943,"efficiency":0,"stop_code":26445,"Muni_Heb":"תל אביב - יפו","stop_name":"יד המעביר/קהילת יאסי"}},
{"type":"Feature","geometry":{"type":"Point","coordinates":[183748.13425884198,668633.0009808345]},"properties":{"OBJECTID_1":1944,"efficiency":0,"stop_code":26446,"Muni_Heb":"תל אביב - יפו","stop_name":"קהילת יאסי/פנחס רוזן"}},
{"type":"Feature","geometry":{"type":"Point","coordinates":[183771.5094891554,668758.2266618587]},"properties":{"OBJECTID_1":1945,"efficiency":0,"stop_code":26448,"Muni_Heb":"תל אביב - יפו","stop_name":"פנחס רוזן/מבצע קדש"}},
{"type":"Feature","geometry":{"type":"Point","coordinates":[183751.0187407842,668755.4155658454]},"properties":{"OBJECTID_1":1946,"efficiency":0,"stop_code":26450,"Muni_Heb":"תל אביב - יפו","stop_name":"פנחס רוזן/מבצע קדש"}},
{"type":"Feature","geometry":{"type":"Point","coordinates":[183917.16096757248,668548.4626916649]},"properties":{"OBJECTID_1":1947,"efficiency":0,"stop_code":26451,"Muni_Heb":"תל אביב - יפו","stop_name":"אשכנזי/פנחס רוזן"}},
{"type":"Feature","geometry":{"type":"Point","coordinates":[183838.48877622728,668803.0135956218]},"properties":{"OBJECTID_1":1948,"efficiency":0,"stop_code":26452,"Muni_Heb":"תל אביב - יפו","stop_name":"בנימין מטודלה/אבן ספיר"}},
{"type":"Feature","geometry":{"type":"Point","coordinates":[184271.36169474846,668270.2212143926]},"properties":{"OBJECTID_1":1949,"efficiency":0,"stop_code":26454,"Muni_Heb":"תל אביב - יפו","stop_name":"ראול ולנברג/משמר הירדן"}},
{"type":"Feature","geometry":{"type":"Point","coordinates":[184353.88467500627,668633.6607598398]},"properties":{"OBJECTID_1":1950,"efficiency":0,"stop_code":26455,"Muni_Heb":"תל אביב - יפו","stop_name":"הרוגי מלכות/משמר הירדן"}},
{"type":"Feature","geometry":{"type":"Point","coordinates":[184394.2209476213,668616.4439651081]},"properties":{"OBJECTID_1":1951,"efficiency":0,"stop_code":26456,"Muni_Heb":"תל אביב - יפו","stop_name":"הרוגי מלכות/משמר הירדן"}},
{"type":"Feature","geometry":{"type":"Point","coordinates":[184359.47822372144,668750.0778338134]},"properties":{"OBJECTID_1":1952,"efficiency":0,"stop_code":26457,"Muni_Heb":"תל אביב - יפו","stop_name":"משמר הירדן/הרוגי מלכות"}},
{"type":"Feature","geometry":{"type":"Point","coordinates":[184512.04916246986,668298.5545872094]},"properties":{"OBJECTID_1":1953,"efficiency":0,"stop_code":26595,"Muni_Heb":"תל אביב - יפו","stop_name":"ראול ולנברג/הברזל"}},
{"type":"Feature","geometry":{"type":"Point","coordinates":[184463.000709715,668554.3290632751]},"properties":{"OBJECTID_1":1954,"efficiency":0,"stop_code":26600,"Muni_Heb":"תל אביב - יפו","stop_name":"הרוגי מלכות/עולי הגרדום"}},
{"type":"Feature","geometry":{"type":"Point","coordinates":[184546.98332329735,668548.9389440853]},"properties":{"OBJECTID_1":1955,"efficiency":0,"stop_code":26601,"Muni_Heb":"תל אביב - יפו","stop_name":"עולי הגרדום/בי''ס ישגב"}},
{"type":"Feature","geometry":{"type":"Point","coordinates":[184613.97878444323,668626.5547557677]},"properties":{"OBJECTID_1":1956,"efficiency":0,"stop_code":26603,"Muni_Heb":"תל אביב - יפו","stop_name":"עולי הגרדום/הרוגי מלכות"}},
{"type":"Feature","geometry":{"type":"Point","coordinates":[184660.07791603674,668748.488582963]},"properties":{"OBJECTID_1":1957,"efficiency":0,"stop_code":26605,"Muni_Heb":"תל אביב - יפו","stop_name":"עולי הגרדום/ניסן כהן"}},
{"type":"Feature","geometry":{"type":"Point","coordinates":[180383.4132378163,669107.4808341946]},"properties":{"OBJECTID_1":1958,"efficiency":0,"stop_code":26618,"Muni_Heb":"תל אביב - יפו","stop_name":"שד' לוי אשכול/זריצקי"}},
{"type":"Feature","geometry":{"type":"Point","coordinates":[180428.44467069884,669208.9959703761]},"properties":{"OBJECTID_1":1959,"efficiency":0,"stop_code":26619,"Muni_Heb":"תל אביב - יפו","stop_name":"שד' לוי אשכול/זריצקי"}},
{"type":"Feature","geometry":{"type":"Point","coordinates":[180494.68091696047,669770.0795119513]},"properties":{"OBJECTID_1":1960,"efficiency":0,"stop_code":26620,"Muni_Heb":"תל אביב - יפו","stop_name":"שד' לוי אשכול/רודנסקי"}},
{"type":"Feature","geometry":{"type":"Point","coordinates":[180536.09686242856,669864.955470231]},"properties":{"OBJECTID_1":1961,"efficiency":0,"stop_code":26621,"Muni_Heb":"תל אביב - יפו","stop_name":"שד' לוי אשכול/רודנסקי"}},
{"type":"Feature","geometry":{"type":"Point","coordinates":[180484.59930555712,670093.8136645679]},"properties":{"OBJECTID_1":1962,"efficiency":0,"stop_code":26623,"Muni_Heb":"תל אביב - יפו","stop_name":"צבי פרופס/שד' לוי אשכול"}},
{"type":"Feature","geometry":{"type":"Point","coordinates":[180861.36796787655,669261.7891046422]},"properties":{"OBJECTID_1":1963,"efficiency":0,"stop_code":26627,"Muni_Heb":"תל אביב - יפו","stop_name":"ביה''ס יחדיו/יהודה הנשיא"}},
{"type":"Feature","geometry":{"type":"Point","coordinates":[180909.0023235039,669602.8241045268]},"properties":{"OBJECTID_1":1964,"efficiency":0,"stop_code":26628,"Muni_Heb":"תל אביב - יפו","stop_name":"קאנטרי נווה אביבים/יהודה הנשיא"}},
{"type":"Feature","geometry":{"type":"Point","coordinates":[180929.8541897355,669676.1557609044]},"properties":{"OBJECTID_1":1965,"efficiency":0,"stop_code":26629,"Muni_Heb":"תל אביב - יפו","stop_name":"קאנטרי נווה אביבים/יהודה הנשיא"}},
{"type":"Feature","geometry":{"type":"Point","coordinates":[180965.73995759277,669085.0739214033]},"properties":{"OBJECTID_1":1966,"efficiency":0,"stop_code":26630,"Muni_Heb":"תל אביב - יפו","stop_name":"טאגור/אנדרסן"}},
{"type":"Feature","geometry":{"type":"Point","coordinates":[181083.76893840346,668949.8929125972]},"properties":{"OBJECTID_1":1967,"efficiency":0,"stop_code":26631,"Muni_Heb":"תל אביב - יפו","stop_name":"קניון רמת אביב/אינשטיין"}},
{"type":"Feature","geometry":{"type":"Point","coordinates":[181083.7634287723,668973.4020392948]},"properties":{"OBJECTID_1":1968,"efficiency":0,"stop_code":26632,"Muni_Heb":"תל אביב - יפו","stop_name":"קניון רמת אביב/אינשטיין"}},
{"type":"Feature","geometry":{"type":"Point","coordinates":[181310.45236719458,668995.3916132968]},"properties":{"OBJECTID_1":1969,"efficiency":1,"stop_code":26635,"Muni_Heb":"תל אביב - יפו","stop_name":"אינשטיין/אהרון בארט"}},
{"type":"Feature","geometry":{"type":"Point","coordinates":[181236.5932193761,669833.2396407638]},"properties":{"OBJECTID_1":1970,"efficiency":1,"stop_code":26637,"Muni_Heb":"תל אביב - יפו","stop_name":"רב אשי/ד''ר שמשון צ'רטוק"}},
{"type":"Feature","geometry":{"type":"Point","coordinates":[181250.98477547703,669820.6546152692]},"properties":{"OBJECTID_1":1971,"efficiency":1,"stop_code":26638,"Muni_Heb":"תל אביב - יפו","stop_name":"רב אשי/ד''ר שמשון צ'רטוק"}},
{"type":"Feature","geometry":{"type":"Point","coordinates":[180580.81708633056,670256.0131731547]},"properties":{"OBJECTID_1":1972,"efficiency":1,"stop_code":26639,"Muni_Heb":"תל אביב - יפו","stop_name":"קדושי השואה/צבי פרופס"}},
{"type":"Feature","geometry":{"type":"Point","coordinates":[180623.54742047857,670374.5047000118]},"properties":{"OBJECTID_1":1973,"efficiency":0,"stop_code":26642,"Muni_Heb":"תל אביב - יפו","stop_name":"קדושי השואה/צבי פרופס"}},
{"type":"Feature","geometry":{"type":"Point","coordinates":[180623.78656667087,670683.5616094366]},"properties":{"OBJECTID_1":1974,"efficiency":0,"stop_code":26643,"Muni_Heb":"תל אביב - יפו","stop_name":"מסוף אזורי חן"}},
{"type":"Feature","geometry":{"type":"Point","coordinates":[180946.10016449422,670003.1161440586]},"properties":{"OBJECTID_1":1975,"efficiency":0,"stop_code":26646,"Muni_Heb":"תל אביב - יפו","stop_name":"שד' קק''ל/שלמה בן יוסף"}},
{"type":"Feature","geometry":{"type":"Point","coordinates":[181136.27628274064,670108.298676391]},"properties":{"OBJECTID_1":1976,"efficiency":0,"stop_code":26648,"Muni_Heb":"תל אביב - יפו","stop_name":"שלמה בן יוסף/שד' קק''ל"}},
{"type":"Feature","geometry":{"type":"Point","coordinates":[181159.50908261532,670188.0535258328]},"properties":{"OBJECTID_1":1977,"efficiency":0,"stop_code":26649,"Muni_Heb":"תל אביב - יפו","stop_name":"שלמה בן יוסף/אבא אחימאיר"}},
{"type":"Feature","geometry":{"type":"Point","coordinates":[181234.75541986097,670297.4425452047]},"properties":{"OBJECTID_1":1978,"efficiency":0,"stop_code":26650,"Muni_Heb":"תל אביב - יפו","stop_name":"אבא אחימאיר/שלמה בן יוסף"}},
{"type":"Feature","geometry":{"type":"Point","coordinates":[180988.81037387485,671162.5582872523]},"properties":{"OBJECTID_1":1979,"efficiency":0,"stop_code":26656,"Muni_Heb":"תל אביב - יפו","stop_name":"קריית חינוך/שושנה פרסיץ"}},
{"type":"Feature","geometry":{"type":"Point","coordinates":[181154.07930691363,671649.3064545129]},"properties":{"OBJECTID_1":1980,"efficiency":0,"stop_code":26659,"Muni_Heb":"תל אביב - יפו","stop_name":"קריית חינוך"}},
{"type":"Feature","geometry":{"type":"Point","coordinates":[180541.41187209406,671742.6814675746]},"properties":{"OBJECTID_1":1981,"efficiency":0,"stop_code":26662,"Muni_Heb":"תל אביב - יפו","stop_name":"סי אנד סאן/רוזנבלום"}},
{"type":"Feature","geometry":{"type":"Point","coordinates":[181381.72751880522,669704.8351802073]},"properties":{"OBJECTID_1":1982,"efficiency":0,"stop_code":26674,"Muni_Heb":"תל אביב - יפו","stop_name":"גן יוסף פוליטי/אופנהיימר"}},
{"type":"Feature","geometry":{"type":"Point","coordinates":[181365.6885925319,669731.1768552384]},"properties":{"OBJECTID_1":1983,"efficiency":0,"stop_code":26675,"Muni_Heb":"תל אביב - יפו","stop_name":"גן יוסף פוליטי/אופנהיימר"}},
{"type":"Feature","geometry":{"type":"Point","coordinates":[181501.69608995377,669584.0676578054]},"properties":{"OBJECTID_1":1984,"efficiency":0,"stop_code":26677,"Muni_Heb":"תל אביב - יפו","stop_name":"חיים לבנון/קלצ'קין"}},
{"type":"Feature","geometry":{"type":"Point","coordinates":[181741.95071499582,669425.7049726323]},"properties":{"OBJECTID_1":1985,"efficiency":0,"stop_code":26682,"Muni_Heb":"תל אביב - יפו","stop_name":"מסוף אונברסיטת ת''א"}},
{"type":"Feature","geometry":{"type":"Point","coordinates":[181732.05339520072,669428.9576437164]},"properties":{"OBJECTID_1":1986,"efficiency":0,"stop_code":26683,"Muni_Heb":"תל אביב - יפו","stop_name":"קלצ'קין"}},
{"type":"Feature","geometry":{"type":"Point","coordinates":[181341.38800184522,670271.5362292846]},"properties":{"OBJECTID_1":1987,"efficiency":0,"stop_code":26688,"Muni_Heb":"תל אביב - יפו","stop_name":"אבא אחימאיר/אליהו בית צורי"}},
{"type":"Feature","geometry":{"type":"Point","coordinates":[181567.1236287609,669970.2832341179]},"properties":{"OBJECTID_1":1988,"efficiency":0,"stop_code":26689,"Muni_Heb":"תל אביב - יפו","stop_name":"רקנאטי/שד' קק''ל"}},
{"type":"Feature","geometry":{"type":"Point","coordinates":[181602.66796232725,670062.523954019]},"properties":{"OBJECTID_1":1989,"efficiency":0,"stop_code":26691,"Muni_Heb":"תל אביב - יפו","stop_name":"רקנאטי/שד' קק''ל"}},
{"type":"Feature","geometry":{"type":"Point","coordinates":[181566.56484473517,670275.5722647893]},"properties":{"OBJECTID_1":1990,"efficiency":0,"stop_code":26692,"Muni_Heb":"תל אביב - יפו","stop_name":"מרכז שוסטר/אבא אחימאיר"}},
{"type":"Feature","geometry":{"type":"Point","coordinates":[181563.46927548537,670255.2904842175]},"properties":{"OBJECTID_1":1991,"efficiency":0,"stop_code":26693,"Muni_Heb":"תל אביב - יפו","stop_name":"מרכז שוסטר/אבא אחימאיר"}},
{"type":"Feature","geometry":{"type":"Point","coordinates":[182107.19828273932,669711.5655069618]},"properties":{"OBJECTID_1":1992,"efficiency":0,"stop_code":26695,"Muni_Heb":"תל אביב - יפו","stop_name":"אפקה/שד' קק''ל"}},
{"type":"Feature","geometry":{"type":"Point","coordinates":[182469.59693140004,669609.7699223302]},"properties":{"OBJECTID_1":1993,"efficiency":0,"stop_code":26696,"Muni_Heb":"תל אביב - יפו","stop_name":"מחלף קק''ל/שד' קק''ל"}},
{"type":"Feature","geometry":{"type":"Point","coordinates":[182960.52641915425,669083.9164943888]},"properties":{"OBJECTID_1":1994,"efficiency":0,"stop_code":26702,"Muni_Heb":"תל אביב - יפו","stop_name":"מכללת אפקה/בני אפרים"}},
{"type":"Feature","geometry":{"type":"Point","coordinates":[182963.34328792628,669263.66247659]},"properties":{"OBJECTID_1":1995,"efficiency":0,"stop_code":26703,"Muni_Heb":"תל אביב - יפו","stop_name":"ביה''ס עמל/בני אפרים"}},
{"type":"Feature","geometry":{"type":"Point","coordinates":[183004.74597452907,669308.2033054943]},"properties":{"OBJECTID_1":1996,"efficiency":0,"stop_code":26704,"Muni_Heb":"תל אביב - יפו","stop_name":"ביה''ס עמל/בני אפרים"}},
{"type":"Feature","geometry":{"type":"Point","coordinates":[183044.98503849813,669502.0091611794]},"properties":{"OBJECTID_1":1997,"efficiency":0,"stop_code":26707,"Muni_Heb":"תל אביב - יפו","stop_name":"בני אפרים/שד' קק''ל"}},
{"type":"Feature","geometry":{"type":"Point","coordinates":[183212.95307238,669470.2473219569]},"properties":{"OBJECTID_1":1998,"efficiency":0,"stop_code":26708,"Muni_Heb":"תל אביב - יפו","stop_name":"שלונסקי/בני אפרים"}},
{"type":"Feature","geometry":{"type":"Point","coordinates":[183213.79402587496,669494.3079000772]},"properties":{"OBJECTID_1":1999,"efficiency":0,"stop_code":26709,"Muni_Heb":"תל אביב - יפו","stop_name":"שלונסקי/בני אפרים"}},
{"type":"Feature","geometry":{"type":"Point","coordinates":[183223.4261436906,669760.3037987376]},"properties":{"OBJECTID_1":2000,"efficiency":0,"stop_code":26710,"Muni_Heb":"תל אביב - יפו","stop_name":"בני אפרים/חנה רובינא"}},
{"type":"Feature","geometry":{"type":"Point","coordinates":[183508.00452663933,669320.2699452892]},"properties":{"OBJECTID_1":2001,"efficiency":0,"stop_code":26712,"Muni_Heb":"תל אביב - יפו","stop_name":"שלונסקי/קהילת ונציה"}},
{"type":"Feature","geometry":{"type":"Point","coordinates":[183631.54639694642,669294.4388824234]},"properties":{"OBJECTID_1":2002,"efficiency":0,"stop_code":26713,"Muni_Heb":"תל אביב - יפו","stop_name":"שלונסקי/קהילת ונציה"}},
{"type":"Feature","geometry":{"type":"Point","coordinates":[183391.51874283585,669897.433043969]},"properties":{"OBJECTID_1":2003,"efficiency":0,"stop_code":26714,"Muni_Heb":"תל אביב - יפו","stop_name":"בני אפרים/מנורה"}},
{"type":"Feature","geometry":{"type":"Point","coordinates":[183799.1842443159,669059.7555487367]},"properties":{"OBJECTID_1":2004,"efficiency":0,"stop_code":26718,"Muni_Heb":"תל אביב - יפו","stop_name":"פתחיה מרגנשבורג/פנחס רוזן"}},
{"type":"Feature","geometry":{"type":"Point","coordinates":[183988.95520229475,668944.6502405298]},"properties":{"OBJECTID_1":2005,"efficiency":0,"stop_code":26721,"Muni_Heb":"תל אביב - יפו","stop_name":"שמואל רומנילי/בנימין מטודלה"}},
{"type":"Feature","geometry":{"type":"Point","coordinates":[183800.8485579171,669587.2630430511]},"properties":{"OBJECTID_1":2006,"efficiency":0,"stop_code":26724,"Muni_Heb":"תל אביב - יפו","stop_name":"דבורה הנביאה/משה סנה"}},
{"type":"Feature","geometry":{"type":"Point","coordinates":[184099.9514192604,669108.8266172111]},"properties":{"OBJECTID_1":2007,"efficiency":0,"stop_code":26725,"Muni_Heb":"תל אביב - יפו","stop_name":"פתחיה מרגנשבורג/זאב רכטר"}},
{"type":"Feature","geometry":{"type":"Point","coordinates":[184318.93211648628,669142.7753865147]},"properties":{"OBJECTID_1":2008,"efficiency":0,"stop_code":26726,"Muni_Heb":"תל אביב - יפו","stop_name":"פתחיה מרגנשבורג/ישראל אשכנזי"}},
{"type":"Feature","geometry":{"type":"Point","coordinates":[184070.45010921048,669607.2780161329]},"properties":{"OBJECTID_1":2009,"efficiency":0,"stop_code":26727,"Muni_Heb":"תל אביב - יפו","stop_name":"דבורה הנביאה/מתתיהו שוהם"}},
{"type":"Feature","geometry":{"type":"Point","coordinates":[183870.94096682814,669983.1235508951]},"properties":{"OBJECTID_1":2010,"efficiency":0,"stop_code":26732,"Muni_Heb":"תל אביב - יפו","stop_name":"צה''ל/משה סנה"}},
{"type":"Feature","geometry":{"type":"Point","coordinates":[184100.68220291808,670022.9070279336]},"properties":{"OBJECTID_1":2011,"efficiency":0,"stop_code":26734,"Muni_Heb":"תל אביב - יפו","stop_name":"ביה''ס און/ויסבורג"}},
{"type":"Feature","geometry":{"type":"Point","coordinates":[184115.47369765778,670015.8692347538]},"properties":{"OBJECTID_1":2012,"efficiency":0,"stop_code":26735,"Muni_Heb":"תל אביב - יפו","stop_name":"ביה''ס און/ויסבורג"}},
{"type":"Feature","geometry":{"type":"Point","coordinates":[184378.28700098066,670068.5182068642]},"properties":{"OBJECTID_1":2013,"efficiency":0,"stop_code":26736,"Muni_Heb":"תל אביב - יפו","stop_name":"צה''ל/המצביאים"}},
{"type":"Feature","geometry":{"type":"Point","coordinates":[184395.4868783797,670075.6667015438]},"properties":{"OBJECTID_1":2014,"efficiency":0,"stop_code":26737,"Muni_Heb":"תל אביב - יפו","stop_name":"צה''ל/המצביאים"}},
{"type":"Feature","geometry":{"type":"Point","coordinates":[183271.06797595293,670787.7722229339]},"properties":{"OBJECTID_1":2015,"efficiency":0,"stop_code":26740,"Muni_Heb":"תל אביב - יפו","stop_name":"בית העלמין/קרית שאול"}},
{"type":"Feature","geometry":{"type":"Point","coordinates":[184463.12176551408,669082.2847121835]},"properties":{"OBJECTID_1":2016,"efficiency":0,"stop_code":26774,"Muni_Heb":"תל אביב - יפו","stop_name":"משמר הירדן/מרכוס"}},
{"type":"Feature","geometry":{"type":"Point","coordinates":[184528.60929028547,669106.4554376898]},"properties":{"OBJECTID_1":2017,"efficiency":0,"stop_code":26775,"Muni_Heb":"תל אביב - יפו","stop_name":"מרכוס/משמר הירדן"}},
{"type":"Feature","geometry":{"type":"Point","coordinates":[184536.58933234785,669094.2298473277]},"properties":{"OBJECTID_1":2018,"efficiency":0,"stop_code":26776,"Muni_Heb":"תל אביב - יפו","stop_name":"מרכוס/משמר הירדן"}},
{"type":"Feature","geometry":{"type":"Point","coordinates":[184776.49297773634,668954.3489177577]},"properties":{"OBJECTID_1":2019,"efficiency":0,"stop_code":26777,"Muni_Heb":"תל אביב - יפו","stop_name":"עולי הגרדום/מרכוס"}},
{"type":"Feature","geometry":{"type":"Point","coordinates":[184749.6808529005,669034.7263100133]},"properties":{"OBJECTID_1":2020,"efficiency":0,"stop_code":26779,"Muni_Heb":"תל אביב - יפו","stop_name":"מרכוס/עולי הגרדום"}},
{"type":"Feature","geometry":{"type":"Point","coordinates":[184739.84207385464,669027.8846509944]},"properties":{"OBJECTID_1":2021,"efficiency":0,"stop_code":26780,"Muni_Heb":"תל אביב - יפו","stop_name":"מרכוס/עולי הגרדום"}},
{"type":"Feature","geometry":{"type":"Point","coordinates":[184434.06984725193,669579.4025708131]},"properties":{"OBJECTID_1":2022,"efficiency":0,"stop_code":26781,"Muni_Heb":"תל אביב - יפו","stop_name":"דבורה הנביאה/משמר הירדן"}},
{"type":"Feature","geometry":{"type":"Point","coordinates":[184559.49882689383,669416.5137949289]},"properties":{"OBJECTID_1":2023,"efficiency":0,"stop_code":26782,"Muni_Heb":"תל אביב - יפו","stop_name":"משמר הירדן/דבורה הנביאה"}},
{"type":"Feature","geometry":{"type":"Point","coordinates":[184562.7596269066,669459.085091138]},"properties":{"OBJECTID_1":2024,"efficiency":0,"stop_code":26783,"Muni_Heb":"תל אביב - יפו","stop_name":"משמר הירדן/דבורה הנביאה"}},
{"type":"Feature","geometry":{"type":"Point","coordinates":[184569.96106873185,669604.7723430184]},"properties":{"OBJECTID_1":2025,"efficiency":0,"stop_code":26784,"Muni_Heb":"תל אביב - יפו","stop_name":"דבורה הנביאה/משמר הירדן"}},
{"type":"Feature","geometry":{"type":"Point","coordinates":[184787.20611187274,669576.3048967303]},"properties":{"OBJECTID_1":2026,"efficiency":0,"stop_code":26785,"Muni_Heb":"תל אביב - יפו","stop_name":"דבורה הנביאה/צה''ל"}},
{"type":"Feature","geometry":{"type":"Point","coordinates":[185072.67256920598,669209.9450109506]},"properties":{"OBJECTID_1":2027,"efficiency":0,"stop_code":26790,"Muni_Heb":"תל אביב - יפו","stop_name":"דבורה הנביאה/ראול ולנברג"}},
{"type":"Feature","geometry":{"type":"Point","coordinates":[184815.35302592875,669583.1950005101]},"properties":{"OBJECTID_1":2028,"efficiency":0,"stop_code":26795,"Muni_Heb":"תל אביב - יפו","stop_name":"דבורה הנביאה/צה''ל"}},
{"type":"Feature","geometry":{"type":"Point","coordinates":[184920.09482101217,669440.6745666995]},"properties":{"OBJECTID_1":2029,"efficiency":0,"stop_code":26797,"Muni_Heb":"תל אביב - יפו","stop_name":"דבורה הנביאה/בית אל"}},
{"type":"Feature","geometry":{"type":"Point","coordinates":[184963.25524793018,669477.5656842695]},"properties":{"OBJECTID_1":2030,"efficiency":0,"stop_code":26798,"Muni_Heb":"תל אביב - יפו","stop_name":"בית אל/דבורה הנביאה"}},
{"type":"Feature","geometry":{"type":"Point","coordinates":[184954.43910940774,669493.7858919573]},"properties":{"OBJECTID_1":2031,"efficiency":0,"stop_code":26799,"Muni_Heb":"תל אביב - יפו","stop_name":"בית אל/דבורה הנביאה"}},
{"type":"Feature","geometry":{"type":"Point","coordinates":[185056.18835525963,669553.4329440115]},"properties":{"OBJECTID_1":2032,"efficiency":0,"stop_code":26802,"Muni_Heb":"תל אביב - יפו","stop_name":"בית אל/אח''י דקר"}},
{"type":"Feature","geometry":{"type":"Point","coordinates":[184642.2851170532,669862.2369383209]},"properties":{"OBJECTID_1":2033,"efficiency":0,"stop_code":26804,"Muni_Heb":"תל אביב - יפו","stop_name":"צה''ל/יהונתן"}},
{"type":"Feature","geometry":{"type":"Point","coordinates":[184645.2547141931,669875.0902174333]},"properties":{"OBJECTID_1":2034,"efficiency":0,"stop_code":26805,"Muni_Heb":"תל אביב - יפו","stop_name":"צה''ל/יהונתן"}},
{"type":"Feature","geometry":{"type":"Point","coordinates":[185255.24224004813,669083.0223669714]},"properties":{"OBJECTID_1":2035,"efficiency":0,"stop_code":26806,"Muni_Heb":"תל אביב - יפו","stop_name":"מסוף עתידים"}},
{"type":"Feature","geometry":{"type":"Point","coordinates":[185366.66204600345,668986.504422743]},"properties":{"OBJECTID_1":2036,"efficiency":0,"stop_code":26807,"Muni_Heb":"תל אביב - יפו","stop_name":"מסוף עתידים"}},
{"type":"Feature","geometry":{"type":"Point","coordinates":[185164.46110563155,669365.548354217]},"properties":{"OBJECTID_1":2037,"efficiency":0,"stop_code":26808,"Muni_Heb":"תל אביב - יפו","stop_name":"ביה''ס משה שרת/הצנחנים"}},
{"type":"Feature","geometry":{"type":"Point","coordinates":[178105.55083947995,663904.4484899953]},"properties":{"OBJECTID_1":2038,"efficiency":1,"stop_code":26956,"Muni_Heb":"תל אביב - יפו","stop_name":"מסוף כרמלית"}},
{"type":"Feature","geometry":{"type":"Point","coordinates":[178067.97252957203,663905.3776199546]},"properties":{"OBJECTID_1":2039,"efficiency":1,"stop_code":26957,"Muni_Heb":"תל אביב - יפו","stop_name":"מסוף כרמלית"}},
{"type":"Feature","geometry":{"type":"Point","coordinates":[178051.84407423294,663933.1662123573]},"properties":{"OBJECTID_1":2040,"efficiency":1,"stop_code":26959,"Muni_Heb":"תל אביב - יפו","stop_name":"כרמלית"}},
{"type":"Feature","geometry":{"type":"Point","coordinates":[178039.21136364448,663938.2077736561]},"properties":{"OBJECTID_1":2041,"efficiency":1,"stop_code":26961,"Muni_Heb":"תל אביב - יפו","stop_name":"מסוף כרמלית"}},
{"type":"Feature","geometry":{"type":"Point","coordinates":[178028.08675488003,663942.5779174145]},"properties":{"OBJECTID_1":2042,"efficiency":1,"stop_code":26963,"Muni_Heb":"תל אביב - יפו","stop_name":"מסוף כרמלית"}},
{"type":"Feature","geometry":{"type":"Point","coordinates":[179437.26175358897,662848.6448316823]},"properties":{"OBJECTID_1":2043,"efficiency":0,"stop_code":26967,"Muni_Heb":"תל אביב - יפו","stop_name":"ראש פינה/הגדוד העברי"}},
{"type":"Feature","geometry":{"type":"Point","coordinates":[183056.91016260744,669458.8293881598]},"properties":{"OBJECTID_1":2044,"efficiency":0,"stop_code":26970,"Muni_Heb":"תל אביב - יפו","stop_name":"בני אפרים/שד' קק''ל"}},
{"type":"Feature","geometry":{"type":"Point","coordinates":[178440.37034925062,663126.5171102681]},"properties":{"OBJECTID_1":2045,"efficiency":0,"stop_code":26987,"Muni_Heb":"תל אביב - יפו","stop_name":"דרך יפו/הרצל"}},
{"type":"Feature","geometry":{"type":"Point","coordinates":[180088.59991811955,664558.1601976434]},"properties":{"OBJECTID_1":2046,"efficiency":0,"stop_code":27005,"Muni_Heb":"תל אביב - יפו","stop_name":"מתחם שרונה/אליעזר קפלן"}},
{"type":"Feature","geometry":{"type":"Point","coordinates":[181119.66129930748,665430.2651671179]},"properties":{"OBJECTID_1":2047,"efficiency":1,"stop_code":27010,"Muni_Heb":"תל אביב - יפו","stop_name":"ת. רכבת תל אביב - סבידור/על פרשת דרכים"}},
{"type":"Feature","geometry":{"type":"Point","coordinates":[178136.3371759962,662533.2561961815]},"properties":{"OBJECTID_1":2048,"efficiency":1,"stop_code":27035,"Muni_Heb":"תל אביב - יפו","stop_name":"דרך שלמה/אליפלט"}},
{"type":"Feature","geometry":{"type":"Point","coordinates":[181078.80156534386,662357.836443926]},"properties":{"OBJECTID_1":2049,"efficiency":0,"stop_code":27050,"Muni_Heb":"תל אביב - יפו","stop_name":"דרך ההגנה/גבעתי"}},
{"type":"Feature","geometry":{"type":"Point","coordinates":[181498.21857820314,669057.8964490767]},"properties":{"OBJECTID_1":2050,"efficiency":0,"stop_code":27065,"Muni_Heb":"תל אביב - יפו","stop_name":"האוניברסיטה/חיים לבנון"}},
{"type":"Feature","geometry":{"type":"Point","coordinates":[181679.10202433766,669883.5914721077]},"properties":{"OBJECTID_1":2051,"efficiency":0,"stop_code":27069,"Muni_Heb":"תל אביב - יפו","stop_name":"שד' קק''ל/חיים לבנון"}},
{"type":"Feature","geometry":{"type":"Point","coordinates":[181622.9957078223,669870.2716263316]},"properties":{"OBJECTID_1":2052,"efficiency":0,"stop_code":27070,"Muni_Heb":"תל אביב - יפו","stop_name":"שדרות קק''ל/חיים לבנון"}},
{"type":"Feature","geometry":{"type":"Point","coordinates":[182520.43317079713,669627.1058170076]},"properties":{"OBJECTID_1":2053,"efficiency":0,"stop_code":27071,"Muni_Heb":"תל אביב - יפו","stop_name":"מחלף קק''ל/שד' קק''ל"}},
{"type":"Feature","geometry":{"type":"Point","coordinates":[182933.15858779964,669582.8078079309]},"properties":{"OBJECTID_1":2054,"efficiency":0,"stop_code":27072,"Muni_Heb":"תל אביב - יפו","stop_name":"שד' קק''ל/בני אפרים"}},
{"type":"Feature","geometry":{"type":"Point","coordinates":[178019.07435624875,663909.1252518204]},"properties":{"OBJECTID_1":2055,"efficiency":0,"stop_code":27086,"Muni_Heb":"תל אביב - יפו","stop_name":"כרמלית"}},
{"type":"Feature","geometry":{"type":"Point","coordinates":[179515.79960801027,663273.0511614453]},"properties":{"OBJECTID_1":2056,"efficiency":1,"stop_code":27117,"Muni_Heb":"תל אביב - יפו","stop_name":"הרכבת/סלומון"}},
{"type":"Feature","geometry":{"type":"Point","coordinates":[178592.2465264777,663979.1079432638]},"properties":{"OBJECTID_1":2057,"efficiency":1,"stop_code":27228,"Muni_Heb":"תל אביב - יפו","stop_name":"אלנבי/בלפור"}},
{"type":"Feature","geometry":{"type":"Point","coordinates":[179084.9130698363,667127.9178832668]},"properties":{"OBJECTID_1":2058,"efficiency":1,"stop_code":27246,"Muni_Heb":"תל אביב - יפו","stop_name":"דיזנגוף/בן יהודה"}},
{"type":"Feature","geometry":{"type":"Point","coordinates":[180428.84366546126,663585.5485037644]},"properties":{"OBJECTID_1":2059,"efficiency":0,"stop_code":27257,"Muni_Heb":"תל אביב - יפו","stop_name":"סינרמה/יצחק שדה"}},
{"type":"Feature","geometry":{"type":"Point","coordinates":[177884.4368140239,663450.9143810394]},"properties":{"OBJECTID_1":2060,"efficiency":0,"stop_code":28538,"Muni_Heb":"תל אביב - יפו","stop_name":"מרכז הטקסטיל/המרד"}},
{"type":"Feature","geometry":{"type":"Point","coordinates":[177941.9624169361,663593.841023871]},"properties":{"OBJECTID_1":2061,"efficiency":0,"stop_code":28539,"Muni_Heb":"תל אביב - יפו","stop_name":"המרד/פינס"}},
{"type":"Feature","geometry":{"type":"Point","coordinates":[180922.12741229162,664228.6132015844]},"properties":{"OBJECTID_1":2062,"efficiency":0,"stop_code":28542,"Muni_Heb":"תל אביב - יפו","stop_name":"אסותא/הסוללים"}},
{"type":"Feature","geometry":{"type":"Point","coordinates":[184326.32376231145,670623.4912301112]},"properties":{"OBJECTID_1":2063,"efficiency":0,"stop_code":28543,"Muni_Heb":"תל אביב - יפו","stop_name":"וילנסקי/לוין קיפניס"}},
{"type":"Feature","geometry":{"type":"Point","coordinates":[184119.30866716578,670602.1425773237]},"properties":{"OBJECTID_1":2064,"efficiency":0,"stop_code":28544,"Muni_Heb":"תל אביב - יפו","stop_name":"אלי תבין/וילנסקי"}},
{"type":"Feature","geometry":{"type":"Point","coordinates":[184289.8402251531,670415.9166203977]},"properties":{"OBJECTID_1":2065,"efficiency":0,"stop_code":28545,"Muni_Heb":"תל אביב - יפו","stop_name":"סשה ארגוב/לוין קיפניס"}},
{"type":"Feature","geometry":{"type":"Point","coordinates":[183764.59207095226,669958.1027428878]},"properties":{"OBJECTID_1":2066,"efficiency":0,"stop_code":28555,"Muni_Heb":"תל אביב - יפו","stop_name":"צה''ל/משה סנה"}},
{"type":"Feature","geometry":{"type":"Point","coordinates":[179160.1160892654,663689.9652416176]},"properties":{"OBJECTID_1":2067,"efficiency":0,"stop_code":28558,"Muni_Heb":"תל אביב - יפו","stop_name":"שד' רוטשילד/נחמני"}},
{"type":"Feature","geometry":{"type":"Point","coordinates":[179103.14598386158,662754.0430533183]},"properties":{"OBJECTID_1":2068,"efficiency":0,"stop_code":28559,"Muni_Heb":"תל אביב - יפו","stop_name":"שד' הר ציון/וולפסון"}},
{"type":"Feature","geometry":{"type":"Point","coordinates":[184184.6435771316,668466.9115139497]},"properties":{"OBJECTID_1":2069,"efficiency":0,"stop_code":28563,"Muni_Heb":"תל אביב - יפו","stop_name":"משמר הירדן/טורקוב"}},
{"type":"Feature","geometry":{"type":"Point","coordinates":[184194.85931273992,668391.8022731175]},"properties":{"OBJECTID_1":2070,"efficiency":0,"stop_code":28564,"Muni_Heb":"תל אביב - יפו","stop_name":"משמר הירדן/טורקוב"}},
{"type":"Feature","geometry":{"type":"Point","coordinates":[177762.88937077462,661303.5484607777]},"properties":{"OBJECTID_1":2071,"efficiency":1,"stop_code":28566,"Muni_Heb":"תל אביב - יפו","stop_name":"היינריך היינה/נס לגויים"}},
{"type":"Feature","geometry":{"type":"Point","coordinates":[181276.79811623815,665715.7745389885]},"properties":{"OBJECTID_1":2072,"efficiency":1,"stop_code":28569,"Muni_Heb":"תל אביב - יפו","stop_name":"דרך מנחם בגין/זיסמן שלום"}},
{"type":"Feature","geometry":{"type":"Point","coordinates":[181402.78262245873,664566.5750431756]},"properties":{"OBJECTID_1":2073,"efficiency":1,"stop_code":28574,"Muni_Heb":"תל אביב - יפו","stop_name":"עליית הנוער/נחלת יצחק"}},
{"type":"Feature","geometry":{"type":"Point","coordinates":[180047.0414170819,666527.3186856372]},"properties":{"OBJECTID_1":2074,"efficiency":1,"stop_code":28576,"Muni_Heb":"תל אביב - יפו","stop_name":"פנקס/דה האז"}},
{"type":"Feature","geometry":{"type":"Point","coordinates":[180109.568780352,664584.4712505378]},"properties":{"OBJECTID_1":2075,"efficiency":0,"stop_code":28581,"Muni_Heb":"תל אביב - יפו","stop_name":"מתחם שרונה/אליעזר קפלן"}},
{"type":"Feature","geometry":{"type":"Point","coordinates":[180852.81262155352,669270.4711821866]},"properties":{"OBJECTID_1":2076,"efficiency":0,"stop_code":28582,"Muni_Heb":"תל אביב - יפו","stop_name":"ביה''ס יחדיו/יהודה הנשיא"}},
{"type":"Feature","geometry":{"type":"Point","coordinates":[178803.66717425466,662844.6138044909]},"properties":{"OBJECTID_1":2077,"efficiency":0,"stop_code":28587,"Muni_Heb":"תל אביב - יפו","stop_name":"העלייה/וולפסון"}},
{"type":"Feature","geometry":{"type":"Point","coordinates":[176294.28273416235,659905.0023350288]},"properties":{"OBJECTID_1":2078,"efficiency":0,"stop_code":28594,"Muni_Heb":"תל אביב - יפו","stop_name":"שמחה הולצברג/אייזיק חריף"}},
{"type":"Feature","geometry":{"type":"Point","coordinates":[179780.17941372283,667304.71352653]},"properties":{"OBJECTID_1":2079,"efficiency":0,"stop_code":28596,"Muni_Heb":"תל אביב - יפו","stop_name":"אבן גבירול/שד' רוקח"}},
{"type":"Feature","geometry":{"type":"Point","coordinates":[179395.58945837303,662002.4843852309]},"properties":{"OBJECTID_1":2080,"efficiency":0,"stop_code":28611,"Muni_Heb":"תל אביב - יפו","stop_name":"שד' חכמי ישראל/שד' חכמי לובלין"}},
{"type":"Feature","geometry":{"type":"Point","coordinates":[179391.29481951048,662015.1429363461]},"properties":{"OBJECTID_1":2081,"efficiency":0,"stop_code":28612,"Muni_Heb":"תל אביב - יפו","stop_name":"שד' חכמי ישראל/שד' חכמי לובלין"}},
{"type":"Feature","geometry":{"type":"Point","coordinates":[179743.18844392264,662811.8499905531]},"properties":{"OBJECTID_1":2082,"efficiency":0,"stop_code":28616,"Muni_Heb":"תל אביב - יפו","stop_name":"לבנדה/מירון"}},
{"type":"Feature","geometry":{"type":"Point","coordinates":[179406.27430337816,662701.6135743085]},"properties":{"OBJECTID_1":2083,"efficiency":0,"stop_code":28624,"Muni_Heb":"תל אביב - יפו","stop_name":"ת.מרכזית תל אביב קומה 6/רציפים"}},
{"type":"Feature","geometry":{"type":"Point","coordinates":[179441.74549324147,662523.9365471539]},"properties":{"OBJECTID_1":2084,"efficiency":0,"stop_code":28625,"Muni_Heb":"תל אביב - יפו","stop_name":"ת.מרכזית תל אביב קומה 7/רציפים"}},
{"type":"Feature","geometry":{"type":"Point","coordinates":[179470.72764950292,662593.2407816341]},"properties":{"OBJECTID_1":2085,"efficiency":1,"stop_code":28627,"Muni_Heb":"תל אביב - יפו","stop_name":"ת.מרכזית תל אביב קומה 6/הורדה"}},
{"type":"Feature","geometry":{"type":"Point","coordinates":[176452.75203616158,661796.1457025488]},"properties":{"OBJECTID_1":2086,"efficiency":0,"stop_code":31182,"Muni_Heb":"תל אביב - יפו","stop_name":"פארק מדרון יפו/נמל יפו"}},
{"type":"Feature","geometry":{"type":"Point","coordinates":[176455.15619519437,661806.3376100096]},"properties":{"OBJECTID_1":2087,"efficiency":0,"stop_code":31183,"Muni_Heb":"תל אביב - יפו","stop_name":"פארק מדרון יפו/נמל יפו"}},
{"type":"Feature","geometry":{"type":"Point","coordinates":[176629.72630508125,662195.4977929505]},"properties":{"OBJECTID_1":2088,"efficiency":0,"stop_code":31184,"Muni_Heb":"תל אביב - יפו","stop_name":"נמל יפו/יהודה הימית"}},
{"type":"Feature","geometry":{"type":"Point","coordinates":[176636.32102132664,662236.500046999]},"properties":{"OBJECTID_1":2089,"efficiency":0,"stop_code":31186,"Muni_Heb":"תל אביב - יפו","stop_name":"נמל יפו/יהודה הימית"}},
{"type":"Feature","geometry":{"type":"Point","coordinates":[177657.61339087144,660507.3349069883]},"properties":{"OBJECTID_1":2090,"efficiency":1,"stop_code":34795,"Muni_Heb":"תל אביב - יפו","stop_name":"בי''ח וולפסון"}},
{"type":"Feature","geometry":{"type":"Point","coordinates":[176621.49367533225,659789.0701427422]},"properties":{"OBJECTID_1":2091,"efficiency":1,"stop_code":36231,"Muni_Heb":"תל אביב - יפו","stop_name":"שד' ירושלים/שמחה הולצברג"}},
{"type":"Feature","geometry":{"type":"Point","coordinates":[178193.11943863038,660418.544869736]},"properties":{"OBJECTID_1":2092,"efficiency":0,"stop_code":36394,"Muni_Heb":"תל אביב - יפו","stop_name":"הלוחמים/תל גיבורים"}},
{"type":"Feature","geometry":{"type":"Point","coordinates":[180603.36536036187,667862.3137557883]},"properties":{"OBJECTID_1":2093,"efficiency":0,"stop_code":37348,"Muni_Heb":"תל אביב - יפו","stop_name":"סמינר הקיבוצים/ש''י עגנון"}},
{"type":"Feature","geometry":{"type":"Point","coordinates":[180970.1051247329,665653.0574922092]},"properties":{"OBJECTID_1":2094,"efficiency":0,"stop_code":20001,"Muni_Heb":"תל אביב - יפו","stop_name":"ת. רכבת תל אביב- סבידור/רציפים A"}},
{"type":"Feature","geometry":{"type":"Point","coordinates":[179880.28951899585,663146.097446004]},"properties":{"OBJECTID_1":2095,"efficiency":1,"stop_code":20004,"Muni_Heb":"תל אביב - יפו","stop_name":"המסגר/המקצוע"}},
{"type":"Feature","geometry":{"type":"Point","coordinates":[179682.54732158594,661672.898565385]},"properties":{"OBJECTID_1":2096,"efficiency":1,"stop_code":20021,"Muni_Heb":"תל אביב - יפו","stop_name":"דרך קיבוץ גלויות/חיל השריון"}},
{"type":"Feature","geometry":{"type":"Point","coordinates":[176563.55116623914,661642.2039423917]},"properties":{"OBJECTID_1":2097,"efficiency":0,"stop_code":20023,"Muni_Heb":"תל אביב - יפו","stop_name":"ביה''ס חסן ערפה/אבן סינא"}},
{"type":"Feature","geometry":{"type":"Point","coordinates":[180108.37834480696,663886.301424764]},"properties":{"OBJECTID_1":2098,"efficiency":1,"stop_code":20026,"Muni_Heb":"תל אביב - יפו","stop_name":"המסגר/בן אביגדור"}},
{"type":"Feature","geometry":{"type":"Point","coordinates":[177253.52718299328,661535.1929036527]},"properties":{"OBJECTID_1":2099,"efficiency":0,"stop_code":20027,"Muni_Heb":"תל אביב - יפו","stop_name":"ד''ר ארליך/שבטי ישראל"}},
{"type":"Feature","geometry":{"type":"Point","coordinates":[176358.99130305555,661199.7220868894]},"properties":{"OBJECTID_1":2100,"efficiency":0,"stop_code":20028,"Muni_Heb":"תל אביב - יפו","stop_name":"קדם/מנדס פראנס"}},
{"type":"Feature","geometry":{"type":"Point","coordinates":[176799.68323059648,662072.9138978886]},"properties":{"OBJECTID_1":2101,"efficiency":0,"stop_code":20042,"Muni_Heb":"תל אביב - יפו","stop_name":"יהודה מרגוזה/יפת"}},
{"type":"Feature","geometry":{"type":"Point","coordinates":[184225.75537155673,669108.1674588675]},"properties":{"OBJECTID_1":2102,"efficiency":0,"stop_code":20043,"Muni_Heb":"תל אביב - יפו","stop_name":"באסולה/פתחיה מרגנשבורג"}},
{"type":"Feature","geometry":{"type":"Point","coordinates":[177259.61531157195,661522.8586554453]},"properties":{"OBJECTID_1":2103,"efficiency":1,"stop_code":20046,"Muni_Heb":"תל אביב - יפו","stop_name":"ד''ר ארליך/שבטי ישראל"}},
{"type":"Feature","geometry":{"type":"Point","coordinates":[180615.42637003958,668819.2682280757]},"properties":{"OBJECTID_1":2104,"efficiency":1,"stop_code":20047,"Muni_Heb":"תל אביב - יפו","stop_name":"דרך נמיר/אינשטיין"}},
{"type":"Feature","geometry":{"type":"Point","coordinates":[176925.1022321995,661619.9503040933]},"properties":{"OBJECTID_1":2105,"efficiency":0,"stop_code":20048,"Muni_Heb":"תל אביב - יפו","stop_name":"ד''ר ארליך/יפת"}},
{"type":"Feature","geometry":{"type":"Point","coordinates":[180655.28086731667,667961.3638282806]},"properties":{"OBJECTID_1":2106,"efficiency":1,"stop_code":20050,"Muni_Heb":"תל אביב - יפו","stop_name":"סמינר הקיבוצים/דרך נמיר"}},
{"type":"Feature","geometry":{"type":"Point","coordinates":[180670.25717719726,668990.9418814703]},"properties":{"OBJECTID_1":2107,"efficiency":1,"stop_code":20051,"Muni_Heb":"תל אביב - יפו","stop_name":"דרך נמיר/אינשטיין"}},
{"type":"Feature","geometry":{"type":"Point","coordinates":[176495.37760076398,661601.7940607013]},"properties":{"OBJECTID_1":2108,"efficiency":1,"stop_code":20052,"Muni_Heb":"תל אביב - יפו","stop_name":"ביה''ס חסן ערפה/קדם"}},
{"type":"Feature","geometry":{"type":"Point","coordinates":[180804.90689817478,669974.3772831165]},"properties":{"OBJECTID_1":2109,"efficiency":1,"stop_code":20064,"Muni_Heb":"תל אביב - יפו","stop_name":"דרך נמיר/שד' קק''ל"}},
{"type":"Feature","geometry":{"type":"Point","coordinates":[181228.3718425327,671608.5503144296]},"properties":{"OBJECTID_1":2110,"efficiency":1,"stop_code":20096,"Muni_Heb":"תל אביב - יפו","stop_name":"מכללת לוינסקי/דרך נמיר"}},
{"type":"Feature","geometry":{"type":"Point","coordinates":[181018.523551681,671159.8951282981]},"properties":{"OBJECTID_1":2111,"efficiency":1,"stop_code":20099,"Muni_Heb":"תל אביב - יפו","stop_name":"קריית החינוך/דרך נמיר"}},
{"type":"Feature","geometry":{"type":"Point","coordinates":[176454.35153275443,660922.5329853187]},"properties":{"OBJECTID_1":2112,"efficiency":1,"stop_code":20103,"Muni_Heb":"תל אביב - יפו","stop_name":"עירוני י''ב/טולוז"}},
{"type":"Feature","geometry":{"type":"Point","coordinates":[181034.274902161,670011.7642040822]},"properties":{"OBJECTID_1":2113,"efficiency":0,"stop_code":20104,"Muni_Heb":"תל אביב - יפו","stop_name":"שד' קק''ל/שלמה בן יוסף"}},
{"type":"Feature","geometry":{"type":"Point","coordinates":[181188.39145361166,671590.5146381035]},"properties":{"OBJECTID_1":2114,"efficiency":1,"stop_code":20105,"Muni_Heb":"תל אביב - יפו","stop_name":"מכללת לוינסקי/דרך נמיר"}},
{"type":"Feature","geometry":{"type":"Point","coordinates":[176290.51239543266,660865.340622666]},"properties":{"OBJECTID_1":2115,"efficiency":1,"stop_code":20107,"Muni_Heb":"תל אביב - יפו","stop_name":"קדם/אסף הרופא"}},
{"type":"Feature","geometry":{"type":"Point","coordinates":[176332.30025584708,660673.6534522944]},"properties":{"OBJECTID_1":2116,"efficiency":1,"stop_code":20110,"Muni_Heb":"תל אביב - יפו","stop_name":"מרכז פרס לשלום/3178"}},
{"type":"Feature","geometry":{"type":"Point","coordinates":[181435.35181206185,671976.4907167328]},"properties":{"OBJECTID_1":2117,"efficiency":0,"stop_code":20112,"Muni_Heb":"תל אביב - יפו","stop_name":"מחלף גלילות/דרך נמיר"}},
{"type":"Feature","geometry":{"type":"Point","coordinates":[176523.1464846085,660526.6918862951]},"properties":{"OBJECTID_1":2118,"efficiency":0,"stop_code":20116,"Muni_Heb":"תל אביב - יפו","stop_name":"יפת/נגיב מחפוז"}},
{"type":"Feature","geometry":{"type":"Point","coordinates":[181529.8410259626,672114.0875369882]},"properties":{"OBJECTID_1":2119,"efficiency":1,"stop_code":20118,"Muni_Heb":"תל אביב - יפו","stop_name":"מחלף גלילות מערב"}},
{"type":"Feature","geometry":{"type":"Point","coordinates":[182052.19264779688,668998.1763096642]},"properties":{"OBJECTID_1":2120,"efficiency":1,"stop_code":20137,"Muni_Heb":"תל אביב - יפו","stop_name":"מוזאון העם היהודי/קלאוזנר"}},
{"type":"Feature","geometry":{"type":"Point","coordinates":[182056.32974490448,669070.7954435799]},"properties":{"OBJECTID_1":2121,"efficiency":1,"stop_code":20138,"Muni_Heb":"תל אביב - יפו","stop_name":"מוזאון העם היהודי/קלאוזנר"}},
{"type":"Feature","geometry":{"type":"Point","coordinates":[176466.67476245473,661246.1741131656]},"properties":{"OBJECTID_1":2122,"efficiency":1,"stop_code":20141,"Muni_Heb":"תל אביב - יפו","stop_name":"ולנסיה/מענית"}},
{"type":"Feature","geometry":{"type":"Point","coordinates":[176312.12667386807,660660.8754693735]},"properties":{"OBJECTID_1":2123,"efficiency":0,"stop_code":20170,"Muni_Heb":"תל אביב - יפו","stop_name":"מרכז פרס לשלום/3178"}},
{"type":"Feature","geometry":{"type":"Point","coordinates":[183858.0443010334,668566.0798669462]},"properties":{"OBJECTID_1":2124,"efficiency":0,"stop_code":20187,"Muni_Heb":"תל אביב - יפו","stop_name":"פנחס רוזן/אשכנזי"}},
{"type":"Feature","geometry":{"type":"Point","coordinates":[183722.34912870565,670289.5971689317]},"properties":{"OBJECTID_1":2125,"efficiency":0,"stop_code":20195,"Muni_Heb":"תל אביב - יפו","stop_name":"משה סנה/בני אפרים"}},
{"type":"Feature","geometry":{"type":"Point","coordinates":[184092.31061407327,670680.526538744]},"properties":{"OBJECTID_1":2126,"efficiency":0,"stop_code":20196,"Muni_Heb":"תל אביב - יפו","stop_name":"בית עלמין צבאי קריית שאול"}},
{"type":"Feature","geometry":{"type":"Point","coordinates":[176828.86935390634,662073.567818274]},"properties":{"OBJECTID_1":2127,"efficiency":0,"stop_code":20203,"Muni_Heb":"תל אביב - יפו","stop_name":"יהודה מרגוזה/יפת"}},
{"type":"Feature","geometry":{"type":"Point","coordinates":[183706.00478668645,669909.2946578998]},"properties":{"OBJECTID_1":2128,"efficiency":0,"stop_code":20266,"Muni_Heb":"תל אביב - יפו","stop_name":"משה סנה/צה''ל"}},
{"type":"Feature","geometry":{"type":"Point","coordinates":[179408.31995768874,667391.6705888547]},"properties":{"OBJECTID_1":2129,"efficiency":0,"stop_code":20277,"Muni_Heb":"תל אביב - יפו","stop_name":"מסוף רדינג/רציפים"}},
{"type":"Feature","geometry":{"type":"Point","coordinates":[180852.22772182903,666832.0640588752]},"properties":{"OBJECTID_1":2130,"efficiency":0,"stop_code":20287,"Muni_Heb":"תל אביב - יפו","stop_name":"דרך נמיר/הרב הרצוג"}},
{"type":"Feature","geometry":{"type":"Point","coordinates":[183761.4534090159,669146.1621075966]},"properties":{"OBJECTID_1":2131,"efficiency":0,"stop_code":20299,"Muni_Heb":"תל אביב - יפו","stop_name":"פנחס רוזן/שלונסקי"}},
{"type":"Feature","geometry":{"type":"Point","coordinates":[183757.68992394357,669659.2727935497]},"properties":{"OBJECTID_1":2132,"efficiency":0,"stop_code":20300,"Muni_Heb":"תל אביב - יפו","stop_name":"משה סנה/דבורה הנביאה"}},
{"type":"Feature","geometry":{"type":"Point","coordinates":[183737.13152931747,669878.0243925286]},"properties":{"OBJECTID_1":2133,"efficiency":0,"stop_code":20301,"Muni_Heb":"תל אביב - יפו","stop_name":"משה סנה/צה''ל"}},
{"type":"Feature","geometry":{"type":"Point","coordinates":[183727.71301021773,670258.5285359102]},"properties":{"OBJECTID_1":2134,"efficiency":0,"stop_code":20302,"Muni_Heb":"תל אביב - יפו","stop_name":"משה סנה/בני אפרים"}},
{"type":"Feature","geometry":{"type":"Point","coordinates":[183811.86224729937,668611.7075396809]},"properties":{"OBJECTID_1":2135,"efficiency":0,"stop_code":20304,"Muni_Heb":"תל אביב - יפו","stop_name":"פנחס רוזן/קהילת יאסי"}},
{"type":"Feature","geometry":{"type":"Point","coordinates":[183740.34074267093,669180.9456140845]},"properties":{"OBJECTID_1":2136,"efficiency":0,"stop_code":20305,"Muni_Heb":"תל אביב - יפו","stop_name":"פנחס רוזן/שלונסקי"}},
{"type":"Feature","geometry":{"type":"Point","coordinates":[183738.6237191221,669551.220134435]},"properties":{"OBJECTID_1":2137,"efficiency":0,"stop_code":20306,"Muni_Heb":"תל אביב - יפו","stop_name":"פנחס רוזן/דבורה הנביאה"}},
{"type":"Feature","geometry":{"type":"Point","coordinates":[181505.39761831748,662992.0871857841]},"properties":{"OBJECTID_1":2138,"efficiency":0,"stop_code":20335,"Muni_Heb":"תל אביב - יפו","stop_name":"לה גווארדייה/דרך הטייסים"}},
{"type":"Feature","geometry":{"type":"Point","coordinates":[180828.62638061764,666831.7101914027]},"properties":{"OBJECTID_1":2139,"efficiency":0,"stop_code":20347,"Muni_Heb":"תל אביב - יפו","stop_name":"דרך נמיר/יהודה המכבי"}},
{"type":"Feature","geometry":{"type":"Point","coordinates":[180868.747996565,665887.4236241421]},"properties":{"OBJECTID_1":2140,"efficiency":1,"stop_code":20348,"Muni_Heb":"תל אביב - יפו","stop_name":"דרך נמיר/ז'בוטינסקי"}},
{"type":"Feature","geometry":{"type":"Point","coordinates":[180790.91626684397,665455.2410843027]},"properties":{"OBJECTID_1":2141,"efficiency":1,"stop_code":20349,"Muni_Heb":"תל אביב - יפו","stop_name":"ת. רכבת תל אביב - סבידור/דרך נמיר"}},
{"type":"Feature","geometry":{"type":"Point","coordinates":[179749.49185852185,662612.1096632362]},"properties":{"OBJECTID_1":2142,"efficiency":1,"stop_code":20353,"Muni_Heb":"תל אביב - יפו","stop_name":"ת. רכבת ההגנה/החרש"}},
{"type":"Feature","geometry":{"type":"Point","coordinates":[180076.49145074826,663771.9846255498]},"properties":{"OBJECTID_1":2143,"efficiency":1,"stop_code":20356,"Muni_Heb":"תל אביב - יפו","stop_name":"המסגר/יצחק שדה"}},
{"type":"Feature","geometry":{"type":"Point","coordinates":[176914.9985251916,661304.0617480119]},"properties":{"OBJECTID_1":2144,"efficiency":0,"stop_code":20358,"Muni_Heb":"תל אביב - יפו","stop_name":"שבטי ישראל/לייב בן שרה"}},
{"type":"Feature","geometry":{"type":"Point","coordinates":[177078.51928498395,661536.9179102096]},"properties":{"OBJECTID_1":2145,"efficiency":0,"stop_code":20359,"Muni_Heb":"תל אביב - יפו","stop_name":"שבטי ישראל/ד''ר ארליך"}},
{"type":"Feature","geometry":{"type":"Point","coordinates":[179596.2504723581,664765.3390366007]},"properties":{"OBJECTID_1":2146,"efficiency":0,"stop_code":20361,"Muni_Heb":"תל אביב - יפו","stop_name":"לונדון מיניסטור/אבן גבירול"}},
{"type":"Feature","geometry":{"type":"Point","coordinates":[178944.71164334877,665914.8708609216]},"properties":{"OBJECTID_1":2147,"efficiency":0,"stop_code":20364,"Muni_Heb":"תל אביב - יפו","stop_name":"דיזנגוף/יודפת"}},
{"type":"Feature","geometry":{"type":"Point","coordinates":[178374.49637096102,661569.1980209015]},"properties":{"OBJECTID_1":2148,"efficiency":1,"stop_code":20380,"Muni_Heb":"תל אביב - יפו","stop_name":"הרצל/דרך בן צבי"}},
{"type":"Feature","geometry":{"type":"Point","coordinates":[177063.5766362039,661532.2118113601]},"properties":{"OBJECTID_1":2149,"efficiency":0,"stop_code":20381,"Muni_Heb":"תל אביב - יפו","stop_name":"שבטי ישראל/ד''ר ארליך"}},
{"type":"Feature","geometry":{"type":"Point","coordinates":[176924.66725182423,661334.9602003659]},"properties":{"OBJECTID_1":2150,"efficiency":0,"stop_code":20382,"Muni_Heb":"תל אביב - יפו","stop_name":"שבטי ישראל/בן שרה"}},
{"type":"Feature","geometry":{"type":"Point","coordinates":[178399.49006264412,661818.048806811]},"properties":{"OBJECTID_1":2151,"efficiency":0,"stop_code":20386,"Muni_Heb":"תל אביב - יפו","stop_name":"הגן הזואולוגי/הרצל"}},
{"type":"Feature","geometry":{"type":"Point","coordinates":[178697.52302972166,662303.11079664]},"properties":{"OBJECTID_1":2152,"efficiency":0,"stop_code":20388,"Muni_Heb":"תל אביב - יפו","stop_name":"שוקן/בר יוחאי"}},
{"type":"Feature","geometry":{"type":"Point","coordinates":[178657.26896158876,662109.2116473565]},"properties":{"OBJECTID_1":2153,"efficiency":0,"stop_code":20389,"Muni_Heb":"תל אביב - יפו","stop_name":"שוקן/דרך קיבוץ גלויות"}},
{"type":"Feature","geometry":{"type":"Point","coordinates":[180657.08481688012,662992.2929426748]},"properties":{"OBJECTID_1":2154,"efficiency":0,"stop_code":20390,"Muni_Heb":"תל אביב - יפו","stop_name":"לה גווארדייה/שער הגיא"}},
{"type":"Feature","geometry":{"type":"Point","coordinates":[182091.27880247313,669745.2244397333]},"properties":{"OBJECTID_1":2155,"efficiency":0,"stop_code":20396,"Muni_Heb":"תל אביב - יפו","stop_name":"אפקה/שד' קק''ל"}},
{"type":"Feature","geometry":{"type":"Point","coordinates":[181915.76860963655,669445.2430636209]},"properties":{"OBJECTID_1":2156,"efficiency":0,"stop_code":20482,"Muni_Heb":"תל אביב - יפו","stop_name":"ביה''ס לרפואה/קלצ'קין"}},
{"type":"Feature","geometry":{"type":"Point","coordinates":[176718.70326657573,659925.1694073436]},"properties":{"OBJECTID_1":2157,"efficiency":0,"stop_code":20496,"Muni_Heb":"תל אביב - יפו","stop_name":"שד' ירושלים/הגיבורים"}},
{"type":"Feature","geometry":{"type":"Point","coordinates":[181916.5916336783,669463.6480775783]},"properties":{"OBJECTID_1":2158,"efficiency":0,"stop_code":20503,"Muni_Heb":"תל אביב - יפו","stop_name":"ביה''ס לרפואה/קלצ'קין"}},
{"type":"Feature","geometry":{"type":"Point","coordinates":[179795.71338078467,661944.0301002736]},"properties":{"OBJECTID_1":2159,"efficiency":0,"stop_code":20506,"Muni_Heb":"תל אביב - יפו","stop_name":"דרך חיל השריון/גולומב"}},
{"type":"Feature","geometry":{"type":"Point","coordinates":[176710.38029709377,660035.3196919053]},"properties":{"OBJECTID_1":2160,"efficiency":1,"stop_code":20538,"Muni_Heb":"תל אביב - יפו","stop_name":"גבעת התמרים/שד' ירושלים"}},
{"type":"Feature","geometry":{"type":"Point","coordinates":[177297.72724937412,660165.7198582704]},"properties":{"OBJECTID_1":2161,"efficiency":1,"stop_code":20544,"Muni_Heb":"תל אביב - יפו","stop_name":"נרדור/מחרוזת"}},
{"type":"Feature","geometry":{"type":"Point","coordinates":[177941.7402000967,663747.6490940179]},"properties":{"OBJECTID_1":2162,"efficiency":0,"stop_code":20550,"Muni_Heb":"תל אביב - יפו","stop_name":"יוסף לוי/הכובשים"}},
{"type":"Feature","geometry":{"type":"Point","coordinates":[179171.4100511716,665634.8543356055]},"properties":{"OBJECTID_1":2163,"efficiency":0,"stop_code":20551,"Muni_Heb":"תל אביב - יפו","stop_name":"מנהלי הנדסה ובת''ש/שד' בן גוריון"}},
{"type":"Feature","geometry":{"type":"Point","coordinates":[177396.37067520752,661955.3251145444]},"properties":{"OBJECTID_1":2164,"efficiency":0,"stop_code":20563,"Muni_Heb":"תל אביב - יפו","stop_name":"יהודה הימית/שד' ירושלים"}},
{"type":"Feature","geometry":{"type":"Point","coordinates":[181209.4361227923,668962.3930940643]},"properties":{"OBJECTID_1":2165,"efficiency":0,"stop_code":20597,"Muni_Heb":"תל אביב - יפו","stop_name":"אינשטיין/ברודצקי"}},
{"type":"Feature","geometry":{"type":"Point","coordinates":[177154.88672952715,661708.5934692597]},"properties":{"OBJECTID_1":2166,"efficiency":0,"stop_code":20607,"Muni_Heb":"תל אביב - יפו","stop_name":"שבטי ישראל/תג'ר"}},
{"type":"Feature","geometry":{"type":"Point","coordinates":[180867.08698283794,671013.8698433088]},"properties":{"OBJECTID_1":2167,"efficiency":0,"stop_code":20610,"Muni_Heb":"תל אביב - יפו","stop_name":"מכון מופת/שושנה פרסיץ"}},
{"type":"Feature","geometry":{"type":"Point","coordinates":[180778.92371816875,671005.9995187375]},"properties":{"OBJECTID_1":2168,"efficiency":0,"stop_code":20611,"Muni_Heb":"תל אביב - יפו","stop_name":"מכון מופת/שושנה פרסיץ"}},
{"type":"Feature","geometry":{"type":"Point","coordinates":[178258.3161784464,660983.7165047613]},"properties":{"OBJECTID_1":2169,"efficiency":0,"stop_code":20721,"Muni_Heb":"תל אביב - יפו","stop_name":"ביה''ס ברנר/מאיר גרוסמן"}},
{"type":"Feature","geometry":{"type":"Point","coordinates":[178948.52976383775,662416.5487104852]},"properties":{"OBJECTID_1":2170,"efficiency":0,"stop_code":20825,"Muni_Heb":"תל אביב - יפו","stop_name":"שד' הר ציון/דרך שלמה"}},
{"type":"Feature","geometry":{"type":"Point","coordinates":[179352.8532466806,662637.6177256067]},"properties":{"OBJECTID_1":2171,"efficiency":0,"stop_code":21256,"Muni_Heb":"תל אביב - יפו","stop_name":"ת.מרכזית תל אביב קומה 6/רציפים"}},
{"type":"Feature","geometry":{"type":"Point","coordinates":[179387.73236768614,662693.4805385426]},"properties":{"OBJECTID_1":2172,"efficiency":0,"stop_code":22955,"Muni_Heb":"תל אביב - יפו","stop_name":"ת.מרכזית תל אביב קומה 7/רציפים"}},
{"type":"Feature","geometry":{"type":"Point","coordinates":[179352.8532466806,662637.6177256067]},"properties":{"OBJECTID_1":2173,"efficiency":0,"stop_code":21256,"Muni_Heb":"תל אביב - יפו","stop_name":"ת.מרכזית תל אביב קומה 6/רציפים"}},
{"type":"Feature","geometry":{"type":"Point","coordinates":[179352.8532466806,662637.6177256067]},"properties":{"OBJECTID_1":2174,"efficiency":0,"stop_code":21256,"Muni_Heb":"תל אביב - יפו","stop_name":"ת.מרכזית תל אביב קומה 6/רציפים"}},
{"type":"Feature","geometry":{"type":"Point","coordinates":[179352.8532466806,662637.6177256067]},"properties":{"OBJECTID_1":2175,"efficiency":0,"stop_code":21256,"Muni_Heb":"תל אביב - יפו","stop_name":"ת.מרכזית תל אביב קומה 6/רציפים"}},
{"type":"Feature","geometry":{"type":"Point","coordinates":[179352.8532466806,662637.6177256067]},"properties":{"OBJECTID_1":2176,"efficiency":0,"stop_code":21256,"Muni_Heb":"תל אביב - יפו","stop_name":"ת.מרכזית תל אביב קומה 6/רציפים"}},
{"type":"Feature","geometry":{"type":"Point","coordinates":[179352.8532466806,662637.6177256067]},"properties":{"OBJECTID_1":2177,"efficiency":0,"stop_code":21256,"Muni_Heb":"תל אביב - יפו","stop_name":"ת.מרכזית תל אביב קומה 6/רציפים"}},
{"type":"Feature","geometry":{"type":"Point","coordinates":[179352.8532466806,662637.6177256067]},"properties":{"OBJECTID_1":2178,"efficiency":0,"stop_code":21256,"Muni_Heb":"תל אביב - יפו","stop_name":"ת.מרכזית תל אביב קומה 6/רציפים"}},
{"type":"Feature","geometry":{"type":"Point","coordinates":[179352.8532466806,662637.6177256067]},"properties":{"OBJECTID_1":2179,"efficiency":0,"stop_code":21256,"Muni_Heb":"תל אביב - יפו","stop_name":"ת.מרכזית תל אביב קומה 6/רציפים"}},
{"type":"Feature","geometry":{"type":"Point","coordinates":[179387.73236768614,662693.4805385426]},"properties":{"OBJECTID_1":2180,"efficiency":0,"stop_code":22955,"Muni_Heb":"תל אביב - יפו","stop_name":"ת.מרכזית תל אביב קומה 7/רציפים"}},
{"type":"Feature","geometry":{"type":"Point","coordinates":[179369.57601101513,662663.3895914201]},"properties":{"OBJECTID_1":2181,"efficiency":0,"stop_code":25439,"Muni_Heb":"תל אביב - יפו","stop_name":"ת.מרכזית תל אביב קומה 7/רציפים"}},
{"type":"Feature","geometry":{"type":"Point","coordinates":[179387.73236768614,662693.4805385426]},"properties":{"OBJECTID_1":2182,"efficiency":0,"stop_code":22955,"Muni_Heb":"תל אביב - יפו","stop_name":"ת.מרכזית תל אביב קומה 7/רציפים"}},
{"type":"Feature","geometry":{"type":"Point","coordinates":[179387.73236768614,662693.4805385426]},"properties":{"OBJECTID_1":2183,"efficiency":0,"stop_code":22955,"Muni_Heb":"תל אביב - יפו","stop_name":"ת.מרכזית תל אביב קומה 7/רציפים"}},
{"type":"Feature","geometry":{"type":"Point","coordinates":[179352.8532466806,662637.6177256067]},"properties":{"OBJECTID_1":2184,"efficiency":0,"stop_code":21256,"Muni_Heb":"תל אביב - יפו","stop_name":"ת.מרכזית תל אביב קומה 6/רציפים"}},
{"type":"Feature","geometry":{"type":"Point","coordinates":[179406.27430337816,662701.6135743085]},"properties":{"OBJECTID_1":2185,"efficiency":0,"stop_code":28624,"Muni_Heb":"תל אביב - יפו","stop_name":"ת.מרכזית תל אביב קומה 6/רציפים"}},
{"type":"Feature","geometry":{"type":"Point","coordinates":[179441.74549324147,662523.9365471539]},"properties":{"OBJECTID_1":2186,"efficiency":0,"stop_code":28625,"Muni_Heb":"תל אביב - יפו","stop_name":"ת.מרכזית תל אביב קומה 7/רציפים"}},
{"type":"Feature","geometry":{"type":"Point","coordinates":[179441.74549324147,662523.9365471539]},"properties":{"OBJECTID_1":2187,"efficiency":0,"stop_code":28625,"Muni_Heb":"תל אביב - יפו","stop_name":"ת.מרכזית תל אביב קומה 7/רציפים"}},
{"type":"Feature","geometry":{"type":"Point","coordinates":[179441.74549324147,662523.9365471539]},"properties":{"OBJECTID_1":2188,"efficiency":0,"stop_code":28625,"Muni_Heb":"תל אביב - יפו","stop_name":"ת.מרכזית תל אביב קומה 7/רציפים"}},
{"type":"Feature","geometry":{"type":"Point","coordinates":[179441.74549324147,662523.9365471539]},"properties":{"OBJECTID_1":2189,"efficiency":0,"stop_code":28625,"Muni_Heb":"תל אביב - יפו","stop_name":"ת.מרכזית תל אביב קומה 7/רציפים"}},
{"type":"Feature","geometry":{"type":"Point","coordinates":[179441.74549324147,662523.9365471539]},"properties":{"OBJECTID_1":2190,"efficiency":0,"stop_code":28625,"Muni_Heb":"תל אביב - יפו","stop_name":"ת.מרכזית תל אביב קומה 7/רציפים"}},
{"type":"Feature","geometry":{"type":"Point","coordinates":[179352.8532466806,662637.6177256067]},"properties":{"OBJECTID_1":2191,"efficiency":0,"stop_code":21256,"Muni_Heb":"תל אביב - יפו","stop_name":"ת.מרכזית תל אביב קומה 6/רציפים"}},
{"type":"Feature","geometry":{"type":"Point","coordinates":[179406.27430337816,662701.6135743085]},"properties":{"OBJECTID_1":2192,"efficiency":0,"stop_code":28624,"Muni_Heb":"תל אביב - יפו","stop_name":"ת.מרכזית תל אביב קומה 6/רציפים"}},
{"type":"Feature","geometry":{"type":"Point","coordinates":[179441.74549324147,662523.9365471539]},"properties":{"OBJECTID_1":2193,"efficiency":0,"stop_code":28625,"Muni_Heb":"תל אביב - יפו","stop_name":"ת.מרכזית תל אביב קומה 7/רציפים"}},
{"type":"Feature","geometry":{"type":"Point","coordinates":[179352.8532466806,662637.6177256067]},"properties":{"OBJECTID_1":2194,"efficiency":0,"stop_code":21256,"Muni_Heb":"תל אביב - יפו","stop_name":"ת.מרכזית תל אביב קומה 6/רציפים"}},
{"type":"Feature","geometry":{"type":"Point","coordinates":[179895.41471040394,662421.473334372]},"properties":{"OBJECTID_1":2195,"efficiency":1,"stop_code":17104,"Muni_Heb":"תל אביב - יפו","stop_name":"תל אביב ההגנה"}},
{"type":"Feature","geometry":{"type":"Point","coordinates":[179096.75302187947,660545.8863619199]},"properties":{"OBJECTID_1":2196,"efficiency":1,"stop_code":17048,"Muni_Heb":"תל אביב - יפו","stop_name":"צומת חולון"}},
{"type":"Feature","geometry":{"type":"Point","coordinates":[180698.49581411685,664566.130156343]},"properties":{"OBJECTID_1":2197,"efficiency":1,"stop_code":17046,"Muni_Heb":"תל אביב - יפו","stop_name":"השלום"}},
{"type":"Feature","geometry":{"type":"Point","coordinates":[181174.07378387952,665714.1648200679]},"properties":{"OBJECTID_1":2198,"efficiency":1,"stop_code":17038,"Muni_Heb":"תל אביב - יפו","stop_name":"תל אביב מרכז"}},
{"type":"Feature","geometry":{"type":"Point","coordinates":[181772.462942249,667907.6992207523]},"properties":{"OBJECTID_1":2199,"efficiency":1,"stop_code":17036,"Muni_Heb":"תל אביב - יפו","stop_name":"תא אוניברסיטה"}},
{"type":"Feature","geometry":{"type":"Point","coordinates":[179352.8532466806,662637.6177256067]},"properties":{"OBJECTID_1":2200,"efficiency":0,"stop_code":21256,"Muni_Heb":"תל אביב - יפו","stop_name":"ת.מרכזית תל אביב קומה 6/רציפים"}},
{"type":"Feature","geometry":{"type":"Point","coordinates":[178883.71670287868,662528.3639021252]},"properties":{"OBJECTID_1":2201,"efficiency":1,"stop_code":28663,"Muni_Heb":"תל אביב - יפו","stop_name":"דרך שלמה/שד' הר ציון"}},
{"type":"Feature","geometry":{"type":"Point","coordinates":[179369.57601101513,662663.3895914201]},"properties":{"OBJECTID_1":2202,"efficiency":0,"stop_code":25439,"Muni_Heb":"תל אביב - יפו","stop_name":"ת.מרכזית תל אביב קומה 7/רציפים"}},
{"type":"Feature","geometry":{"type":"Point","coordinates":[179352.8532466806,662637.6177256067]},"properties":{"OBJECTID_1":2203,"efficiency":1,"stop_code":21256,"Muni_Heb":"תל אביב - יפו","stop_name":"ת.מרכזית תל אביב קומה 6/רציפים"}},
{"type":"Feature","geometry":{"type":"Point","coordinates":[179387.73236768614,662693.4805385426]},"properties":{"OBJECTID_1":2204,"efficiency":1,"stop_code":22955,"Muni_Heb":"תל אביב - יפו","stop_name":"ת.מרכזית תל אביב קומה 7/רציפים"}},
{"type":"Feature","geometry":{"type":"Point","coordinates":[179387.73236768614,662693.4805385426]},"properties":{"OBJECTID_1":2205,"efficiency":1,"stop_code":22955,"Muni_Heb":"תל אביב - יפו","stop_name":"ת.מרכזית תל אביב קומה 7/רציפים"}},
{"type":"Feature","geometry":{"type":"Point","coordinates":[179387.73236768614,662693.4805385426]},"properties":{"OBJECTID_1":2206,"efficiency":1,"stop_code":22955,"Muni_Heb":"תל אביב - יפו","stop_name":"ת.מרכזית תל אביב קומה 7/רציפים"}},
{"type":"Feature","geometry":{"type":"Point","coordinates":[179406.27430337816,662701.6135743085]},"properties":{"OBJECTID_1":2207,"efficiency":0,"stop_code":28624,"Muni_Heb":"תל אביב - יפו","stop_name":"ת.מרכזית תל אביב קומה 6/רציפים"}},
{"type":"Feature","geometry":{"type":"Point","coordinates":[179369.57601101513,662663.3895914201]},"properties":{"OBJECTID_1":2208,"efficiency":0,"stop_code":25439,"Muni_Heb":"תל אביב - יפו","stop_name":"ת.מרכזית תל אביב קומה 7/רציפים"}},
{"type":"Feature","geometry":{"type":"Point","coordinates":[179369.57601101513,662663.3895914201]},"properties":{"OBJECTID_1":2209,"efficiency":0,"stop_code":25439,"Muni_Heb":"תל אביב - יפו","stop_name":"ת.מרכזית תל אביב קומה 7/רציפים"}},
{"type":"Feature","geometry":{"type":"Point","coordinates":[179369.57601101513,662663.3895914201]},"properties":{"OBJECTID_1":2210,"efficiency":0,"stop_code":25439,"Muni_Heb":"תל אביב - יפו","stop_name":"ת.מרכזית תל אביב קומה 7/רציפים"}},
{"type":"Feature","geometry":{"type":"Point","coordinates":[179369.57601101513,662663.3895914201]},"properties":{"OBJECTID_1":2211,"efficiency":0,"stop_code":25439,"Muni_Heb":"תל אביב - יפו","stop_name":"ת.מרכזית תל אביב קומה 7/רציפים"}},
{"type":"Feature","geometry":{"type":"Point","coordinates":[179406.27430337816,662701.6135743085]},"properties":{"OBJECTID_1":2212,"efficiency":0,"stop_code":28624,"Muni_Heb":"תל אביב - יפו","stop_name":"ת.מרכזית תל אביב קומה 6/רציפים"}},
{"type":"Feature","geometry":{"type":"Point","coordinates":[179406.27430337816,662701.6135743085]},"properties":{"OBJECTID_1":2213,"efficiency":0,"stop_code":28624,"Muni_Heb":"תל אביב - יפו","stop_name":"ת.מרכזית תל אביב קומה 6/רציפים"}},
{"type":"Feature","geometry":{"type":"Point","coordinates":[179352.8532466806,662637.6177256067]},"properties":{"OBJECTID_1":2214,"efficiency":0,"stop_code":21256,"Muni_Heb":"תל אביב - יפו","stop_name":"ת.מרכזית תל אביב קומה 6/רציפים"}},
{"type":"Feature","geometry":{"type":"Point","coordinates":[179352.8532466806,662637.6177256067]},"properties":{"OBJECTID_1":2215,"efficiency":0,"stop_code":21256,"Muni_Heb":"תל אביב - יפו","stop_name":"ת.מרכזית תל אביב קומה 6/רציפים"}},
{"type":"Feature","geometry":{"type":"Point","coordinates":[179352.8532466806,662637.6177256067]},"properties":{"OBJECTID_1":2216,"efficiency":0,"stop_code":21256,"Muni_Heb":"תל אביב - יפו","stop_name":"ת.מרכזית תל אביב קומה 6/רציפים"}},
{"type":"Feature","geometry":{"type":"Point","coordinates":[179352.8532466806,662637.6177256067]},"properties":{"OBJECTID_1":2217,"efficiency":0,"stop_code":21256,"Muni_Heb":"תל אביב - יפו","stop_name":"ת.מרכזית תל אביב קומה 6/רציפים"}},
{"type":"Feature","geometry":{"type":"Point","coordinates":[179352.8532466806,662637.6177256067]},"properties":{"OBJECTID_1":2218,"efficiency":0,"stop_code":21256,"Muni_Heb":"תל אביב - יפו","stop_name":"ת.מרכזית תל אביב קומה 6/רציפים"}},
{"type":"Feature","geometry":{"type":"Point","coordinates":[179352.8532466806,662637.6177256067]},"properties":{"OBJECTID_1":2219,"efficiency":0,"stop_code":21256,"Muni_Heb":"תל אביב - יפו","stop_name":"ת.מרכזית תל אביב קומה 6/רציפים"}},
{"type":"Feature","geometry":{"type":"Point","coordinates":[179352.8532466806,662637.6177256067]},"properties":{"OBJECTID_1":2220,"efficiency":0,"stop_code":21256,"Muni_Heb":"תל אביב - יפו","stop_name":"ת.מרכזית תל אביב קומה 6/רציפים"}},
{"type":"Feature","geometry":{"type":"Point","coordinates":[179352.8532466806,662637.6177256067]},"properties":{"OBJECTID_1":2221,"efficiency":0,"stop_code":21256,"Muni_Heb":"תל אביב - יפו","stop_name":"ת.מרכזית תל אביב קומה 6/רציפים"}},
{"type":"Feature","geometry":{"type":"Point","coordinates":[179352.8532466806,662637.6177256067]},"properties":{"OBJECTID_1":2222,"efficiency":0,"stop_code":21256,"Muni_Heb":"תל אביב - יפו","stop_name":"ת.מרכזית תל אביב קומה 6/רציפים"}},
{"type":"Feature","geometry":{"type":"Point","coordinates":[179352.8532466806,662637.6177256067]},"properties":{"OBJECTID_1":2223,"efficiency":0,"stop_code":21256,"Muni_Heb":"תל אביב - יפו","stop_name":"ת.מרכזית תל אביב קומה 6/רציפים"}},
{"type":"Feature","geometry":{"type":"Point","coordinates":[179352.8532466806,662637.6177256067]},"properties":{"OBJECTID_1":2224,"efficiency":0,"stop_code":21256,"Muni_Heb":"תל אביב - יפו","stop_name":"ת.מרכזית תל אביב קומה 6/רציפים"}},
{"type":"Feature","geometry":{"type":"Point","coordinates":[179352.8532466806,662637.6177256067]},"properties":{"OBJECTID_1":2225,"efficiency":0,"stop_code":21256,"Muni_Heb":"תל אביב - יפו","stop_name":"ת.מרכזית תל אביב קומה 6/רציפים"}},
{"type":"Feature","geometry":{"type":"Point","coordinates":[179406.27430337816,662701.6135743085]},"properties":{"OBJECTID_1":2226,"efficiency":0,"stop_code":28624,"Muni_Heb":"תל אביב - יפו","stop_name":"ת.מרכזית תל אביב קומה 6/רציפים"}},
{"type":"Feature","geometry":{"type":"Point","coordinates":[179406.27430337816,662701.6135743085]},"properties":{"OBJECTID_1":2227,"efficiency":0,"stop_code":28624,"Muni_Heb":"תל אביב - יפו","stop_name":"ת.מרכזית תל אביב קומה 6/רציפים"}},
{"type":"Feature","geometry":{"type":"Point","coordinates":[179387.73236768614,662693.4805385426]},"properties":{"OBJECTID_1":2228,"efficiency":0,"stop_code":22955,"Muni_Heb":"תל אביב - יפו","stop_name":"ת.מרכזית תל אביב קומה 7/רציפים"}},
{"type":"Feature","geometry":{"type":"Point","coordinates":[179523.16504552524,662551.1178185354]},"properties":{"OBJECTID_1":2229,"efficiency":0,"stop_code":44212,"Muni_Heb":"תל אביב - יפו","stop_name":"תחנת מוניות תל אביב תחנה מרכזית"}},
{"type":"Feature","geometry":{"type":"Point","coordinates":[179532.65331276934,662538.328074177]},"properties":{"OBJECTID_1":2230,"efficiency":0,"stop_code":44210,"Muni_Heb":"תל אביב - יפו","stop_name":"תחנת מוניות תל אביב תחנה מרכזית"}},
{"type":"Feature","geometry":{"type":"Point","coordinates":[179313.99536149754,662435.0611245986]},"properties":{"OBJECTID_1":2231,"efficiency":0,"stop_code":44209,"Muni_Heb":"תל אביב - יפו","stop_name":"תחנת מוניות תל אביב דרך שלמה"}},
{"type":"Feature","geometry":{"type":"Point","coordinates":[179338.71260696658,662452.3735672521]},"properties":{"OBJECTID_1":2232,"efficiency":0,"stop_code":44208,"Muni_Heb":"תל אביב - יפו","stop_name":"תחנת מוניות תל אביב דרך שלמה"}},
{"type":"Feature","geometry":{"type":"Point","coordinates":[179170.73015234043,662888.7304243805]},"properties":{"OBJECTID_1":2233,"efficiency":0,"stop_code":44207,"Muni_Heb":"תל אביב - יפו","stop_name":"תחנת מוניות תל אביב לוינסקי הר ציון"}},
{"type":"Feature","geometry":{"type":"Point","coordinates":[179193.08081388526,662833.1961147275]},"properties":{"OBJECTID_1":2234,"efficiency":0,"stop_code":44206,"Muni_Heb":"תל אביב - יפו","stop_name":"תחנת מוניות תל אביב לוינסקי הר ציון"}},
{"type":"Feature","geometry":{"type":"Point","coordinates":[177826.1387397156,663811.8844039071]},"properties":{"OBJECTID_1":2235,"efficiency":0,"stop_code":44205,"Muni_Heb":"תל אביב - יפו","stop_name":"תחנת מוניות תל אביב יחזקאל קויפמן"}},
{"type":"Feature","geometry":{"type":"Point","coordinates":[177839.63862132144,663995.6881598742]},"properties":{"OBJECTID_1":2236,"efficiency":0,"stop_code":44204,"Muni_Heb":"תל אביב - יפו","stop_name":"תחנת מוניות תל אביב הרברט סמואל"}},
{"type":"Feature","geometry":{"type":"Point","coordinates":[178097.8300529018,664072.481256824]},"properties":{"OBJECTID_1":2237,"efficiency":0,"stop_code":44203,"Muni_Heb":"תל אביב - יפו","stop_name":"תחנת מוניות תל אביב הכובשים"}},
{"type":"Feature","geometry":{"type":"Point","coordinates":[178667.76133225416,666302.437918414]},"properties":{"OBJECTID_1":2238,"efficiency":0,"stop_code":44202,"Muni_Heb":"תל אביב - יפו","stop_name":"תחנת מוניות תל אביב הירקון"}},
{"type":"Feature","geometry":{"type":"Point","coordinates":[181689.49094613758,667068.9983571708]},"properties":{"OBJECTID_1":2239,"efficiency":0,"stop_code":44096,"Muni_Heb":"תל אביב - יפו","stop_name":"תחנת מוניות תל אביב שכונת בבלי"}},
{"type":"Feature","geometry":{"type":"Point","coordinates":[181698.39878898897,667103.6744456395]},"properties":{"OBJECTID_1":2240,"efficiency":0,"stop_code":44095,"Muni_Heb":"תל אביב - יפו","stop_name":"תחנת מוניות תל אביב שכונת בבלי"}},
{"type":"Feature","geometry":{"type":"Point","coordinates":[179295.4439136133,667372.931839177]},"properties":{"OBJECTID_1":2241,"efficiency":0,"stop_code":44090,"Muni_Heb":"תל אביב - יפו","stop_name":"תחנת מוניות תל אביב מסוף רדינג"}},
{"type":"Feature","geometry":{"type":"Point","coordinates":[179278.11011561763,667381.7608220968]},"properties":{"OBJECTID_1":2242,"efficiency":0,"stop_code":44089,"Muni_Heb":"תל אביב - יפו","stop_name":"תחנת מוניות תל אביב מסוף רדינג"}},
{"type":"Feature","geometry":{"type":"Point","coordinates":[182628.1831858466,661856.3171200755]},"properties":{"OBJECTID_1":2243,"efficiency":0,"stop_code":44029,"Muni_Heb":"תל אביב - יפו","stop_name":"תחנת מוניות רמת גן דרך הטייסים"}},
{"type":"Feature","geometry":{"type":"Point","coordinates":[179352.8532466806,662637.6177256067]},"properties":{"OBJECTID_1":2244,"efficiency":0,"stop_code":21256,"Muni_Heb":"תל אביב - יפו","stop_name":"ת.מרכזית תל אביב קומה 6/רציפים"}},
{"type":"Feature","geometry":{"type":"Point","coordinates":[185165.07706494426,669045.0689185134]},"properties":{"OBJECTID_1":2245,"efficiency":0,"stop_code":28668,"Muni_Heb":"תל אביב - יפו","stop_name":"ראול ולנברג/דבורה הנביאה"}},
{"type":"Feature","geometry":{"type":"Point","coordinates":[178280.1019459558,665105.9212984286]},"properties":{"OBJECTID_1":2246,"efficiency":0,"stop_code":44277,"Muni_Heb":"תל אביב - יפו","stop_name":"תחנת מוניות תל אביב הירקון"}},
{"type":"Feature","geometry":{"type":"Point","coordinates":[180631.77974302383,664477.5604049196]},"properties":{"OBJECTID_1":2247,"efficiency":0,"stop_code":21378,"Muni_Heb":"תל אביב - יפו","stop_name":"קניון עזריאלי/כביש 20"}},
{"type":"Feature","geometry":{"type":"Point","coordinates":[181117.95278490003,665352.7582027381]},"properties":{"OBJECTID_1":2248,"efficiency":0,"stop_code":20024,"Muni_Heb":"תל אביב - יפו","stop_name":"גשר דוד שיפמן /דרך מנחם בגין"}},
{"type":"Feature","geometry":{"type":"Point","coordinates":[181088.85624584917,665348.2105242362]},"properties":{"OBJECTID_1":2249,"efficiency":0,"stop_code":20017,"Muni_Heb":"תל אביב - יפו","stop_name":"גשר דוד שיפמן /דרך מנחם בגין"}},
{"type":"Feature","geometry":{"type":"Point","coordinates":[180752.12946217434,665236.488300499]},"properties":{"OBJECTID_1":2250,"efficiency":1,"stop_code":20013,"Muni_Heb":"תל אביב - יפו","stop_name":"דרך נמיר/דרך מנחם בגין"}},
{"type":"Feature","geometry":{"type":"Point","coordinates":[178892.531093963,663365.3394841086]},"properties":{"OBJECTID_1":2251,"efficiency":0,"stop_code":20005,"Muni_Heb":"תל אביב - יפו","stop_name":"יהודה הלוי/יבנה"}},
{"type":"Feature","geometry":{"type":"Point","coordinates":[179148.5537482058,663393.3755498799]},"properties":{"OBJECTID_1":2252,"efficiency":0,"stop_code":20053,"Muni_Heb":"תל אביב - יפו","stop_name":"מקווה ישראל/לבונטין"}},
{"type":"Feature","geometry":{"type":"Point","coordinates":[179406.27430337816,662701.6135743085]},"properties":{"OBJECTID_1":2253,"efficiency":0,"stop_code":28624,"Muni_Heb":"תל אביב - יפו","stop_name":"ת.מרכזית תל אביב קומה 6/רציפים"}},
{"type":"Feature","geometry":{"type":"Point","coordinates":[181846.46877738702,667883.3613380047]},"properties":{"OBJECTID_1":2254,"efficiency":0,"stop_code":20060,"Muni_Heb":"תל אביב - יפו","stop_name":"ת. רכבת האוניברסיטה/מזרח"}},
{"type":"Feature","geometry":{"type":"Point","coordinates":[180336.02108451742,667633.7929495629]},"properties":{"OBJECTID_1":2255,"efficiency":0,"stop_code":20054,"Muni_Heb":"תל אביב - יפו","stop_name":"שדרות לוי אשכול/כיכר מאיר יערי"}},
{"type":"Feature","geometry":{"type":"Point","coordinates":[179920.98583120483,663460.7605676326]},"properties":{"OBJECTID_1":2256,"efficiency":1,"stop_code":20139,"Muni_Heb":"תל אביב - יפו","stop_name":"1185/המסגר"}},
{"type":"Feature","geometry":{"type":"Point","coordinates":[179441.74549324147,662523.9365471539]},"properties":{"OBJECTID_1":2257,"efficiency":0,"stop_code":28625,"Muni_Heb":"תל אביב - יפו","stop_name":"ת.מרכזית תל אביב קומה 7/רציפים"}},
{"type":"Feature","geometry":{"type":"Point","coordinates":[179369.57601101513,662663.3895914201]},"properties":{"OBJECTID_1":2258,"efficiency":0,"stop_code":25439,"Muni_Heb":"תל אביב - יפו","stop_name":"ת.מרכזית תל אביב קומה 7/רציפים"}},
{"type":"Feature","geometry":{"type":"Point","coordinates":[177626.8251070953,661957.0369166334]},"properties":{"OBJECTID_1":2259,"efficiency":0,"stop_code":20235,"Muni_Heb":"תל אביב - יפו","stop_name":"אצטדיון בלומפילד/דרך בן צבי"}},
{"type":"Feature","geometry":{"type":"Point","coordinates":[179333.38599908433,664525.7373813849]},"properties":{"OBJECTID_1":2260,"efficiency":0,"stop_code":20236,"Muni_Heb":"תל אביב - יפו","stop_name":"הבימה/שד' תרס''ט"}},
{"type":"Feature","geometry":{"type":"Point","coordinates":[177733.79120366427,660587.19709895]},"properties":{"OBJECTID_1":2261,"efficiency":0,"stop_code":39719,"Muni_Heb":"תל אביב - יפו","stop_name":"מסוף וולפסון"}},
{"type":"Feature","geometry":{"type":"Point","coordinates":[182147.0484999248,670077.6962861149]},"properties":{"OBJECTID_1":2262,"efficiency":1,"stop_code":20276,"Muni_Heb":"תל אביב - יפו","stop_name":"בית הלוחם/שמואל ברקאי"}},
{"type":"Feature","geometry":{"type":"Point","coordinates":[177147.09372497632,661969.6651570508]},"properties":{"OBJECTID_1":2263,"efficiency":1,"stop_code":20280,"Muni_Heb":"תל אביב - יפו","stop_name":"יהודה הימית/אברהם לוינסון"}},
{"type":"Feature","geometry":{"type":"Point","coordinates":[176911.311314132,662003.8046383995]},"properties":{"OBJECTID_1":2264,"efficiency":1,"stop_code":20278,"Muni_Heb":"תל אביב - יפו","stop_name":"יהודה הימית/אברהם אבן שושן"}},
{"type":"Feature","geometry":{"type":"Point","coordinates":[185251.470565516,669392.0905790676]},"properties":{"OBJECTID_1":2265,"efficiency":0,"stop_code":20284,"Muni_Heb":"תל אביב - יפו","stop_name":"בית אבות בית בלב/בית אל"}},
{"type":"Feature","geometry":{"type":"Point","coordinates":[185201.71727874805,669610.604438927]},"properties":{"OBJECTID_1":2266,"efficiency":0,"stop_code":20283,"Muni_Heb":"תל אביב - יפו","stop_name":"בית אל/רמה"}},
{"type":"Feature","geometry":{"type":"Point","coordinates":[179352.8532466806,662637.6177256067]},"properties":{"OBJECTID_1":2267,"efficiency":0,"stop_code":21256,"Muni_Heb":"תל אביב - יפו","stop_name":"ת.מרכזית תל אביב קומה 6/רציפים"}},
{"type":"Feature","geometry":{"type":"Point","coordinates":[180970.1051247329,665653.0574922092]},"properties":{"OBJECTID_1":2268,"efficiency":0,"stop_code":20001,"Muni_Heb":"תל אביב - יפו","stop_name":"ת. רכבת תל אביב- סבידור/רציפים A"}},
{"type":"Feature","geometry":{"type":"Point","coordinates":[184661.48369851365,670397.1142788299]},"properties":{"OBJECTID_1":2269,"efficiency":0,"stop_code":20320,"Muni_Heb":"תל אביב - יפו","stop_name":"סשה ארגוב/מקס זליגמן"}},
{"type":"Feature","geometry":{"type":"Point","coordinates":[184571.38528142736,670567.9757078801]},"properties":{"OBJECTID_1":2270,"efficiency":0,"stop_code":20317,"Muni_Heb":"תל אביב - יפו","stop_name":"משה וילנסקי/פרנץ קפקא"}},
{"type":"Feature","geometry":{"type":"Point","coordinates":[182790.78121239645,670114.3841095988]},"properties":{"OBJECTID_1":2271,"efficiency":0,"stop_code":20316,"Muni_Heb":"תל אביב - יפו","stop_name":"אהרון בקר/מרדכי מאיר"}},
{"type":"Feature","geometry":{"type":"Point","coordinates":[181159.6443912889,665868.5806126994]},"properties":{"OBJECTID_1":2272,"efficiency":0,"stop_code":20314,"Muni_Heb":"תל אביב - יפו","stop_name":"תחנת רכבת סבידור מרכז/גשר מודעי"}},
{"type":"Feature","geometry":{"type":"Point","coordinates":[179754.58154420124,664593.5025627351]},"properties":{"OBJECTID_1":2273,"efficiency":0,"stop_code":20313,"Muni_Heb":"תל אביב - יפו","stop_name":"אליעזר קפלן/דובנוב"}},
{"type":"Feature","geometry":{"type":"Point","coordinates":[179725.70438508998,664573.3221181598]},"properties":{"OBJECTID_1":2274,"efficiency":0,"stop_code":20311,"Muni_Heb":"תל אביב - יפו","stop_name":"אליעזר קפלן/אבן גבירול"}},
{"type":"Feature","geometry":{"type":"Point","coordinates":[179542.43916069748,661830.8019367272]},"properties":{"OBJECTID_1":2275,"efficiency":0,"stop_code":20310,"Muni_Heb":"תל אביב - יפו","stop_name":"ישראל מסלנט/האסיף"}},
{"type":"Feature","geometry":{"type":"Point","coordinates":[179399.85663531302,662414.7622623376]},"properties":{"OBJECTID_1":2276,"efficiency":1,"stop_code":20309,"Muni_Heb":"תל אביב - יפו","stop_name":"ת.מרכזית תל אביב/דרך שלמה"}},
{"type":"Feature","geometry":{"type":"Point","coordinates":[179320.213463172,662455.2188140991]},"properties":{"OBJECTID_1":2277,"efficiency":1,"stop_code":20298,"Muni_Heb":"תל אביב - יפו","stop_name":"ת.מרכזית תל אביב/דרך שלמה"}},
{"type":"Feature","geometry":{"type":"Point","coordinates":[177527.2883175741,661385.9104826604]},"properties":{"OBJECTID_1":2278,"efficiency":1,"stop_code":20297,"Muni_Heb":"תל אביב - יפו","stop_name":"עזה/נס לגויים"}},
{"type":"Feature","geometry":{"type":"Point","coordinates":[177491.42217066057,661437.8446044265]},"properties":{"OBJECTID_1":2279,"efficiency":0,"stop_code":20296,"Muni_Heb":"תל אביב - יפו","stop_name":"נס לגויים/עזה"}},
{"type":"Feature","geometry":{"type":"Point","coordinates":[180970.1051247329,665653.0574922092]},"properties":{"OBJECTID_1":2280,"efficiency":0,"stop_code":20001,"Muni_Heb":"תל אביב - יפו","stop_name":"ת. רכבת תל אביב- סבידור/רציפים A"}},
{"type":"Feature","geometry":{"type":"Point","coordinates":[180970.1051247329,665653.0574922092]},"properties":{"OBJECTID_1":2281,"efficiency":0,"stop_code":20001,"Muni_Heb":"תל אביב - יפו","stop_name":"ת. רכבת תל אביב- סבידור/רציפים A"}},
{"type":"Feature","geometry":{"type":"Point","coordinates":[180970.1051247329,665653.0574922092]},"properties":{"OBJECTID_1":2282,"efficiency":0,"stop_code":20001,"Muni_Heb":"תל אביב - יפו","stop_name":"ת. רכבת תל אביב- סבידור/רציפים A"}},
{"type":"Feature","geometry":{"type":"Point","coordinates":[180970.1051247329,665653.0574922092]},"properties":{"OBJECTID_1":2283,"efficiency":0,"stop_code":20001,"Muni_Heb":"תל אביב - יפו","stop_name":"ת. רכבת תל אביב- סבידור/רציפים A"}},
{"type":"Feature","geometry":{"type":"Point","coordinates":[180970.1051247329,665653.0574922092]},"properties":{"OBJECTID_1":2284,"efficiency":0,"stop_code":20001,"Muni_Heb":"תל אביב - יפו","stop_name":"ת. רכבת תל אביב- סבידור/רציפים A"}},
{"type":"Feature","geometry":{"type":"Point","coordinates":[180970.1051247329,665653.0574922092]},"properties":{"OBJECTID_1":2285,"efficiency":0,"stop_code":20001,"Muni_Heb":"תל אביב - יפו","stop_name":"ת. רכבת תל אביב- סבידור/רציפים A"}},
{"type":"Feature","geometry":{"type":"Point","coordinates":[180970.1051247329,665653.0574922092]},"properties":{"OBJECTID_1":2286,"efficiency":0,"stop_code":20001,"Muni_Heb":"תל אביב - יפו","stop_name":"ת. רכבת תל אביב- סבידור/רציפים A"}},
{"type":"Feature","geometry":{"type":"Point","coordinates":[180970.1051247329,665653.0574922092]},"properties":{"OBJECTID_1":2287,"efficiency":0,"stop_code":20001,"Muni_Heb":"תל אביב - יפו","stop_name":"ת. רכבת תל אביב- סבידור/רציפים A"}},
{"type":"Feature","geometry":{"type":"Point","coordinates":[181021.80508773634,665618.2636168995]},"properties":{"OBJECTID_1":2288,"efficiency":1,"stop_code":27997,"Muni_Heb":"תל אביב - יפו","stop_name":"ת. רכבת תל אביב - סבידור/הורדה"}},
{"type":"Feature","geometry":{"type":"Point","coordinates":[180970.1051247329,665653.0574922092]},"properties":{"OBJECTID_1":2289,"efficiency":1,"stop_code":20001,"Muni_Heb":"תל אביב - יפו","stop_name":"ת. רכבת תל אביב- סבידור/רציפים A"}},
{"type":"Feature","geometry":{"type":"Point","coordinates":[180970.1051247329,665653.0574922092]},"properties":{"OBJECTID_1":2290,"efficiency":1,"stop_code":20001,"Muni_Heb":"תל אביב - יפו","stop_name":"ת. רכבת תל אביב- סבידור/רציפים A"}},
{"type":"Feature","geometry":{"type":"Point","coordinates":[180970.1051247329,665653.0574922092]},"properties":{"OBJECTID_1":2291,"efficiency":1,"stop_code":20001,"Muni_Heb":"תל אביב - יפו","stop_name":"ת. רכבת תל אביב- סבידור/רציפים A"}},
{"type":"Feature","geometry":{"type":"Point","coordinates":[180970.1051247329,665653.0574922092]},"properties":{"OBJECTID_1":2292,"efficiency":0,"stop_code":20001,"Muni_Heb":"תל אביב - יפו","stop_name":"ת. רכבת תל אביב- סבידור/רציפים A"}},
{"type":"Feature","geometry":{"type":"Point","coordinates":[180970.1051247329,665653.0574922092]},"properties":{"OBJECTID_1":2293,"efficiency":1,"stop_code":20001,"Muni_Heb":"תל אביב - יפו","stop_name":"ת. רכבת תל אביב- סבידור/רציפים A"}},
{"type":"Feature","geometry":{"type":"Point","coordinates":[180970.1051247329,665653.0574922092]},"properties":{"OBJECTID_1":2294,"efficiency":0,"stop_code":20001,"Muni_Heb":"תל אביב - יפו","stop_name":"ת. רכבת תל אביב- סבידור/רציפים A"}},
{"type":"Feature","geometry":{"type":"Point","coordinates":[180970.1051247329,665653.0574922092]},"properties":{"OBJECTID_1":2295,"efficiency":0,"stop_code":20001,"Muni_Heb":"תל אביב - יפו","stop_name":"ת. רכבת תל אביב- סבידור/רציפים A"}},
{"type":"Feature","geometry":{"type":"Point","coordinates":[178775.70669918915,661968.6815579188]},"properties":{"OBJECTID_1":2296,"efficiency":0,"stop_code":20323,"Muni_Heb":"תל אביב - יפו","stop_name":"דרך קיבוץ גלויות/שד' הר ציון"}},
{"type":"Feature","geometry":{"type":"Point","coordinates":[180908.4538674519,665627.8968698034]},"properties":{"OBJECTID_1":2297,"efficiency":0,"stop_code":44285,"Muni_Heb":"תל אביב - יפו","stop_name":"תחנת מוניות תל אביב רכבת מרכז"}},
{"type":"Feature","geometry":{"type":"Point","coordinates":[181057.85841169162,665665.1454818539]},"properties":{"OBJECTID_1":2298,"efficiency":0,"stop_code":44284,"Muni_Heb":"תל אביב - יפו","stop_name":"תחנת מוניות תל אביב רכבת מרכז"}},
{"type":"Feature","geometry":{"type":"Point","coordinates":[180703.49024663735,670724.0654517686]},"properties":{"OBJECTID_1":2299,"efficiency":0,"stop_code":44283,"Muni_Heb":"תל אביב - יפו","stop_name":"תחנת מוניות תל אביב אזורי חן"}},
{"type":"Feature","geometry":{"type":"Point","coordinates":[180664.60520186374,670771.5651760955]},"properties":{"OBJECTID_1":2300,"efficiency":0,"stop_code":44282,"Muni_Heb":"תל אביב - יפו","stop_name":"תחנת מוניות תל אביב אזורי חן"}},
{"type":"Feature","geometry":{"type":"Point","coordinates":[179880.69818045714,662474.2039737571]},"properties":{"OBJECTID_1":2301,"efficiency":0,"stop_code":44281,"Muni_Heb":"תל אביב - יפו","stop_name":"תחנת מוניות תל אביב רכבת ההגנה"}},
{"type":"Feature","geometry":{"type":"Point","coordinates":[178161.99232718893,664572.4546667339]},"properties":{"OBJECTID_1":2302,"efficiency":0,"stop_code":44280,"Muni_Heb":"תל אביב - יפו","stop_name":"תחנת מוניות תל אביב מגדל האופרה"}},
{"type":"Feature","geometry":{"type":"Point","coordinates":[182025.63232075254,662553.1374949376]},"properties":{"OBJECTID_1":2303,"efficiency":0,"stop_code":44279,"Muni_Heb":"תל אביב - יפו","stop_name":"תחנת מוניות תל אביב אורות"}},
{"type":"Feature","geometry":{"type":"Point","coordinates":[182015.032636263,662572.6933497002]},"properties":{"OBJECTID_1":2304,"efficiency":0,"stop_code":44278,"Muni_Heb":"תל אביב - יפו","stop_name":"תחנת מוניות תל אביב אורות"}},
{"type":"Feature","geometry":{"type":"Point","coordinates":[178103.32222509905,662519.63969792]},"properties":{"OBJECTID_1":2305,"efficiency":1,"stop_code":20459,"Muni_Heb":"תל אביב - יפו","stop_name":"דרך שלמה/שלבים"}},
{"type":"Feature","geometry":{"type":"Point","coordinates":[177986.14363033438,662733.5832984913]},"properties":{"OBJECTID_1":2306,"efficiency":0,"stop_code":20458,"Muni_Heb":"תל אביב - יפו","stop_name":"אליפלט/הרבי מבכרך"}},
{"type":"Feature","geometry":{"type":"Point","coordinates":[177980.62428504793,662769.6456335678]},"properties":{"OBJECTID_1":2307,"efficiency":0,"stop_code":20457,"Muni_Heb":"תל אביב - יפו","stop_name":"אליפלט/הרבי מבכרך"}},
{"type":"Feature","geometry":{"type":"Point","coordinates":[178009.09406589536,662131.1256307622]},"properties":{"OBJECTID_1":2308,"efficiency":1,"stop_code":20456,"Muni_Heb":"תל אביב - יפו","stop_name":"אצטדיון בלומפילד/שלבים"}},
{"type":"Feature","geometry":{"type":"Point","coordinates":[178026.28722456784,662108.9882179582]},"properties":{"OBJECTID_1":2309,"efficiency":1,"stop_code":20455,"Muni_Heb":"תל אביב - יפו","stop_name":"אצטדיון בלומפילד/שלבים"}},
{"type":"Feature","geometry":{"type":"Point","coordinates":[177622.99748626768,662519.3849935366]},"properties":{"OBJECTID_1":2310,"efficiency":0,"stop_code":20454,"Muni_Heb":"תל אביב - יפו","stop_name":"דרך שלמה/שד' ירושלים"}},
{"type":"Feature","geometry":{"type":"Point","coordinates":[177617.87316140922,662536.3724621927]},"properties":{"OBJECTID_1":2311,"efficiency":0,"stop_code":20453,"Muni_Heb":"תל אביב - יפו","stop_name":"דרך שלמה/שדרות ירושלים"}},
{"type":"Feature","geometry":{"type":"Point","coordinates":[177259.44087101953,662688.2217630845]},"properties":{"OBJECTID_1":2312,"efficiency":0,"stop_code":20452,"Muni_Heb":"תל אביב - יפו","stop_name":"כיכר השעון/נחום גולדמן"}},
{"type":"Feature","geometry":{"type":"Point","coordinates":[177291.46233965782,662575.8664583942]},"properties":{"OBJECTID_1":2313,"efficiency":0,"stop_code":20450,"Muni_Heb":"תל אביב - יפו","stop_name":"כיכר השעון/מרזוק ועזר"}},
{"type":"Feature","geometry":{"type":"Point","coordinates":[177076.35266873753,662400.3309070776]},"properties":{"OBJECTID_1":2314,"efficiency":0,"stop_code":20449,"Muni_Heb":"תל אביב - יפו","stop_name":"שוק הפשפשים/יפת"}},
{"type":"Feature","geometry":{"type":"Point","coordinates":[176907.43997381104,662252.5513620568]},"properties":{"OBJECTID_1":2315,"efficiency":0,"stop_code":20448,"Muni_Heb":"תל אביב - יפו","stop_name":"יפת/לואי פסטר"}},
{"type":"Feature","geometry":{"type":"Point","coordinates":[176863.55745376064,661989.699292205]},"properties":{"OBJECTID_1":2316,"efficiency":0,"stop_code":20447,"Muni_Heb":"תל אביב - יפו","stop_name":"יפת/יהודה הימית"}},
{"type":"Feature","geometry":{"type":"Point","coordinates":[176862.75279268858,661887.6821192276]},"properties":{"OBJECTID_1":2317,"efficiency":0,"stop_code":20446,"Muni_Heb":"תל אביב - יפו","stop_name":"יפת/יצחק אבינרי"}},
{"type":"Feature","geometry":{"type":"Point","coordinates":[177819.13291403142,661684.0093201724]},"properties":{"OBJECTID_1":2318,"efficiency":1,"stop_code":20445,"Muni_Heb":"תל אביב - יפו","stop_name":"האקדמית תל אביב-יפו/היינריך היינה"}},
{"type":"Feature","geometry":{"type":"Point","coordinates":[177828.68927843845,661595.8113467663]},"properties":{"OBJECTID_1":2319,"efficiency":1,"stop_code":20444,"Muni_Heb":"תל אביב - יפו","stop_name":"האקדמית תל אביב-יפו/היינריך היינה"}},
{"type":"Feature","geometry":{"type":"Point","coordinates":[177838.84913671098,661886.1951923115]},"properties":{"OBJECTID_1":2320,"efficiency":0,"stop_code":20443,"Muni_Heb":"תל אביב - יפו","stop_name":"דרך בן צבי/היינריך היינה"}},
{"type":"Feature","geometry":{"type":"Point","coordinates":[177374.04933114385,661947.5440560817]},"properties":{"OBJECTID_1":2321,"efficiency":0,"stop_code":20419,"Muni_Heb":"תל אביב - יפו","stop_name":"יהודה הימית/שד' ירושלים"}},
{"type":"Feature","geometry":{"type":"Point","coordinates":[177810.43578183983,661428.1068849354]},"properties":{"OBJECTID_1":2322,"efficiency":1,"stop_code":20418,"Muni_Heb":"תל אביב - יפו","stop_name":"היינריך היינה/נס לגויים"}},
{"type":"Feature","geometry":{"type":"Point","coordinates":[177852.57457578537,661315.934069067]},"properties":{"OBJECTID_1":2323,"efficiency":0,"stop_code":20350,"Muni_Heb":"תל אביב - יפו","stop_name":"נס לגויים/היינריך היינה"}},
{"type":"Feature","geometry":{"type":"Point","coordinates":[177724.1015574704,661380.4443473795]},"properties":{"OBJECTID_1":2324,"efficiency":0,"stop_code":20343,"Muni_Heb":"תל אביב - יפו","stop_name":"נס לגויים/שרירא גאון"}},
{"type":"Feature","geometry":{"type":"Point","coordinates":[177629.36262043347,660712.4893677213]},"properties":{"OBJECTID_1":2325,"efficiency":1,"stop_code":20342,"Muni_Heb":"תל אביב - יפו","stop_name":"היינריך הינה/יגאל ידין"}},
{"type":"Feature","geometry":{"type":"Point","coordinates":[177298.01476608566,660600.3027091833]},"properties":{"OBJECTID_1":2326,"efficiency":1,"stop_code":20337,"Muni_Heb":"תל אביב - יפו","stop_name":"אד' קוץ/אלפרדו דבלין"}},
{"type":"Feature","geometry":{"type":"Point","coordinates":[178036.33000863827,662395.2698246484]},"properties":{"OBJECTID_1":2327,"efficiency":0,"stop_code":20462,"Muni_Heb":"תל אביב - יפו","stop_name":"שלבים/אליפלט"}},
{"type":"Feature","geometry":{"type":"Point","coordinates":[178047.3452052856,662386.7972476787]},"properties":{"OBJECTID_1":2328,"efficiency":1,"stop_code":20461,"Muni_Heb":"תל אביב - יפו","stop_name":"שלבים/אליפלט"}},
{"type":"Feature","geometry":{"type":"Point","coordinates":[178022.92743522074,664576.7906242902]},"properties":{"OBJECTID_1":2329,"efficiency":1,"stop_code":44286,"Muni_Heb":"תל אביב - יפו","stop_name":"תחנת מוניות הרברט סמואל"}},
{"type":"Feature","geometry":{"type":"Point","coordinates":[176703.9891794129,660245.59702737]},"properties":{"OBJECTID_1":2330,"efficiency":0,"stop_code":20464,"Muni_Heb":"תל אביב - יפו","stop_name":"סהרון/שד' ירושלים"}},
{"type":"Feature","geometry":{"type":"Point","coordinates":[179352.8532466806,662637.6177256067]},"properties":{"OBJECTID_1":2331,"efficiency":0,"stop_code":21256,"Muni_Heb":"תל אביב - יפו","stop_name":"ת.מרכזית תל אביב קומה 6/רציפים"}},
{"type":"Feature","geometry":{"type":"Point","coordinates":[176710.0773631523,660233.2625133308]},"properties":{"OBJECTID_1":2332,"efficiency":0,"stop_code":20465,"Muni_Heb":"תל אביב - יפו","stop_name":"סהרון/שד' ירושלים"}},
{"type":"Feature","geometry":{"type":"Point","coordinates":[180498.25724187243,666519.5906132556]},"properties":{"OBJECTID_1":2333,"efficiency":0,"stop_code":20467,"Muni_Heb":"תל אביב - יפו","stop_name":"בית החייל/פנקס"}},
{"type":"Feature","geometry":{"type":"Point","coordinates":[180474.01596950192,666155.7359444447]},"properties":{"OBJECTID_1":2334,"efficiency":1,"stop_code":20466,"Muni_Heb":"תל אביב - יפו","stop_name":"כיכר המדינה/אריה עקיבא"}},
{"type":"Feature","geometry":{"type":"Point","coordinates":[178721.92502794898,660211.0453733887]},"properties":{"OBJECTID_1":2335,"efficiency":0,"stop_code":35245,"Muni_Heb":"תל אביב - יפו","stop_name":"מסוף הלוחמים/משרד הרישוי"}},
{"type":"Feature","geometry":{"type":"Point","coordinates":[177987.07845281402,663912.8041123429]},"properties":{"OBJECTID_1":2336,"efficiency":0,"stop_code":44298,"Muni_Heb":"תל אביב - יפו","stop_name":"תחנת מוניות תל אביב מסוף כרמלית"}},
{"type":"Feature","geometry":{"type":"Point","coordinates":[181136.34551306444,661312.0264221005]},"properties":{"OBJECTID_1":2337,"efficiency":0,"stop_code":20469,"Muni_Heb":"תל אביב - יפו","stop_name":"פרופ' ישעיהו ליבוביץ'/הרב יעקב טראב"}},
{"type":"Feature","geometry":{"type":"Point","coordinates":[184376.5953518918,668814.5577395775]},"properties":{"OBJECTID_1":2338,"efficiency":0,"stop_code":20634,"Muni_Heb":"תל אביב - יפו","stop_name":"משמר הירדן/הרוגי מלכות"}},
{"type":"Feature","geometry":{"type":"Point","coordinates":[179691.54805541073,665882.9787943201]},"properties":{"OBJECTID_1":2339,"efficiency":0,"stop_code":20635,"Muni_Heb":"תל אביב - יפו","stop_name":"ארלוזורוב/אבן גבירול"}},
{"type":"Feature","geometry":{"type":"Point","coordinates":[178502.50818908733,661272.2691531753]},"properties":{"OBJECTID_1":2340,"efficiency":1,"stop_code":20636,"Muni_Heb":"תל אביב - יפו","stop_name":"דרך בן צבי/לבון"}},
{"type":"Feature","geometry":{"type":"Point","coordinates":[177990.6706034609,663890.6110636159]},"properties":{"OBJECTID_1":2341,"efficiency":0,"stop_code":44314,"Muni_Heb":"תל אביב - יפו","stop_name":"תחנת מוניות תל אביב מסוף כרמלית"}},
{"type":"Feature","geometry":{"type":"Point","coordinates":[180970.1051247329,665653.0574922092]},"properties":{"OBJECTID_1":2342,"efficiency":0,"stop_code":20001,"Muni_Heb":"תל אביב - יפו","stop_name":"ת. רכבת תל אביב- סבידור/רציפים A"}},
{"type":"Feature","geometry":{"type":"Point","coordinates":[181917.42166598578,661866.4545141525]},"properties":{"OBJECTID_1":2343,"efficiency":0,"stop_code":20641,"Muni_Heb":"תל אביב - יפו","stop_name":"ביה''ס בעש''ט/מח''ל"}},
{"type":"Feature","geometry":{"type":"Point","coordinates":[181508.72992432464,661910.4415170948]},"properties":{"OBJECTID_1":2344,"efficiency":0,"stop_code":20640,"Muni_Heb":"תל אביב - יפו","stop_name":"מח''ל/ הרב אלנקווה"}},
{"type":"Feature","geometry":{"type":"Point","coordinates":[181519.29922451897,661933.4674781812]},"properties":{"OBJECTID_1":2345,"efficiency":0,"stop_code":20639,"Muni_Heb":"תל אביב - יפו","stop_name":"מח''ל/ הרב אלנקווה"}},
{"type":"Feature","geometry":{"type":"Point","coordinates":[176051.6167117081,660107.856303787]},"properties":{"OBJECTID_1":2346,"efficiency":0,"stop_code":20642,"Muni_Heb":"תל אביב - יפו","stop_name":"יפת/3198"}},
{"type":"Feature","geometry":{"type":"Point","coordinates":[179381.8108649719,664234.7880007951]},"properties":{"OBJECTID_1":2347,"efficiency":0,"stop_code":20649,"Muni_Heb":"תל אביב - יפו","stop_name":"החשמונאים/שד' רוטשילד"}},
{"type":"Feature","geometry":{"type":"Point","coordinates":[181317.21820404474,669540.1803969003]},"properties":{"OBJECTID_1":2348,"efficiency":0,"stop_code":20673,"Muni_Heb":"תל אביב - יפו","stop_name":"טאגור/אופנהיימר"}},
{"type":"Feature","geometry":{"type":"Point","coordinates":[181015.60286730365,669417.2294903144]},"properties":{"OBJECTID_1":2349,"efficiency":0,"stop_code":20672,"Muni_Heb":"תל אביב - יפו","stop_name":"טאגור/אריה פסטרנק"}},
{"type":"Feature","geometry":{"type":"Point","coordinates":[181173.26045945456,669480.507686706]},"properties":{"OBJECTID_1":2350,"efficiency":0,"stop_code":20671,"Muni_Heb":"תל אביב - יפו","stop_name":"מרכז מסחרי/טאגור"}},
{"type":"Feature","geometry":{"type":"Point","coordinates":[180995.9423452667,669135.1936703171]},"properties":{"OBJECTID_1":2351,"efficiency":0,"stop_code":20670,"Muni_Heb":"תל אביב - יפו","stop_name":"טאגור/אנדרסן"}},
{"type":"Feature","geometry":{"type":"Point","coordinates":[179213.87230106417,665891.4014178882]},"properties":{"OBJECTID_1":2352,"efficiency":0,"stop_code":20669,"Muni_Heb":"תל אביב - יפו","stop_name":"בי''ס גרץ/אד''ם הכהן"}},
{"type":"Feature","geometry":{"type":"Point","coordinates":[179034.8390328176,661843.3397520955]},"properties":{"OBJECTID_1":2353,"efficiency":0,"stop_code":20668,"Muni_Heb":"תל אביב - יפו","stop_name":"דרך קיבוץ גלויות/מסילת ישרים"}},
{"type":"Feature","geometry":{"type":"Point","coordinates":[179570.1130268801,661662.3602384669]},"properties":{"OBJECTID_1":2354,"efficiency":0,"stop_code":20667,"Muni_Heb":"תל אביב - יפו","stop_name":"דרך קיבוץ גלויות/שד' ישראל גורי"}},
{"type":"Feature","geometry":{"type":"Point","coordinates":[178898.01234898574,661873.602925005]},"properties":{"OBJECTID_1":2355,"efficiency":1,"stop_code":20666,"Muni_Heb":"תל אביב - יפו","stop_name":"דרך קיבוץ גלויות/לבון"}},
{"type":"Feature","geometry":{"type":"Point","coordinates":[177923.92833767238,662368.1158697107]},"properties":{"OBJECTID_1":2356,"efficiency":0,"stop_code":20665,"Muni_Heb":"תל אביב - יפו","stop_name":"אצטדיון בלומפילד/דרך קיבוץ גלויות"}},
{"type":"Feature","geometry":{"type":"Point","coordinates":[178705.82765458792,665295.0513747587]},"properties":{"OBJECTID_1":2357,"efficiency":0,"stop_code":20664,"Muni_Heb":"תל אביב - יפו","stop_name":"פרישמן/דב הוז"}},
{"type":"Feature","geometry":{"type":"Point","coordinates":[178754.06357809145,665528.3969586061]},"properties":{"OBJECTID_1":2358,"efficiency":0,"stop_code":20663,"Muni_Heb":"תל אביב - יפו","stop_name":"גורדון/דב הוז"}},
{"type":"Feature","geometry":{"type":"Point","coordinates":[178474.0976553032,665590.4015945265]},"properties":{"OBJECTID_1":2359,"efficiency":0,"stop_code":20662,"Muni_Heb":"תל אביב - יפו","stop_name":"גורדון/הירקון"}},
{"type":"Feature","geometry":{"type":"Point","coordinates":[178287.67247831382,665133.5027332312]},"properties":{"OBJECTID_1":2360,"efficiency":0,"stop_code":20661,"Muni_Heb":"תל אביב - יפו","stop_name":"חוף בוגרשוב/הירקון"}},
{"type":"Feature","geometry":{"type":"Point","coordinates":[178011.0075526904,664571.1837020568]},"properties":{"OBJECTID_1":2361,"efficiency":0,"stop_code":20660,"Muni_Heb":"תל אביב - יפו","stop_name":"חוף ירושלים"}},
{"type":"Feature","geometry":{"type":"Point","coordinates":[177917.5392757027,664272.8216655048]},"properties":{"OBJECTID_1":2362,"efficiency":0,"stop_code":20659,"Muni_Heb":"תל אביב - יפו","stop_name":"חוף בננה ביץ'"}},
{"type":"Feature","geometry":{"type":"Point","coordinates":[178154.06054839084,664618.8397134127]},"properties":{"OBJECTID_1":2363,"efficiency":0,"stop_code":20658,"Muni_Heb":"תל אביב - יפו","stop_name":"הירקון/אלנבי"}},
{"type":"Feature","geometry":{"type":"Point","coordinates":[178185.6687163576,664799.3546961523]},"properties":{"OBJECTID_1":2364,"efficiency":1,"stop_code":20657,"Muni_Heb":"תל אביב - יפו","stop_name":"הירקון/טרומפלדור"}},
{"type":"Feature","geometry":{"type":"Point","coordinates":[178206.97009121347,665115.9762056484]},"properties":{"OBJECTID_1":2365,"efficiency":0,"stop_code":20656,"Muni_Heb":"תל אביב - יפו","stop_name":"חוף בוגרשוב/טיילת"}},
{"type":"Feature","geometry":{"type":"Point","coordinates":[178358.92487508967,665359.2127456096]},"properties":{"OBJECTID_1":2366,"efficiency":0,"stop_code":20655,"Muni_Heb":"תל אביב - יפו","stop_name":"חוף פרישמן"}},
{"type":"Feature","geometry":{"type":"Point","coordinates":[178463.23966000637,665777.520573082]},"properties":{"OBJECTID_1":2367,"efficiency":0,"stop_code":20654,"Muni_Heb":"תל אביב - יפו","stop_name":"הירקון/שדרות בן גוריון"}},
{"type":"Feature","geometry":{"type":"Point","coordinates":[178572.52381841693,666142.470390638]},"properties":{"OBJECTID_1":2368,"efficiency":0,"stop_code":20653,"Muni_Heb":"תל אביב - יפו","stop_name":"אליעזר פרי/ארלוזורוב"}},
{"type":"Feature","geometry":{"type":"Point","coordinates":[178782.9351397496,666137.1904542285]},"properties":{"OBJECTID_1":2369,"efficiency":0,"stop_code":20652,"Muni_Heb":"תל אביב - יפו","stop_name":"ארלוזורוב/בן יהודה"}},
{"type":"Feature","geometry":{"type":"Point","coordinates":[178825.32943940023,666374.7738831751]},"properties":{"OBJECTID_1":2370,"efficiency":0,"stop_code":20651,"Muni_Heb":"תל אביב - יפו","stop_name":"ז'בוטינסקי/בן יהודה"}},
{"type":"Feature","geometry":{"type":"Point","coordinates":[179774.08844898856,666881.1289885052]},"properties":{"OBJECTID_1":2371,"efficiency":1,"stop_code":20675,"Muni_Heb":"תל אביב - יפו","stop_name":"אבן גבירול/יהודה המכבי"}},
{"type":"Feature","geometry":{"type":"Point","coordinates":[179726.14298202065,666473.1221467908]},"properties":{"OBJECTID_1":2372,"efficiency":1,"stop_code":20674,"Muni_Heb":"תל אביב - יפו","stop_name":"אבן גבירול/פנקס"}},
{"type":"Feature","geometry":{"type":"Point","coordinates":[179408.31995768874,667391.6705888547]},"properties":{"OBJECTID_1":2373,"efficiency":0,"stop_code":20277,"Muni_Heb":"תל אביב - יפו","stop_name":"מסוף רדינג/רציפים"}},
{"type":"Feature","geometry":{"type":"Point","coordinates":[179342.04541962262,667413.223374396]},"properties":{"OBJECTID_1":2374,"efficiency":0,"stop_code":25867,"Muni_Heb":"תל אביב - יפו","stop_name":"מסוף רדינג/הורדה"}},
{"type":"Feature","geometry":{"type":"Point","coordinates":[179892.3626758265,666854.7189229063]},"properties":{"OBJECTID_1":2375,"efficiency":0,"stop_code":20676,"Muni_Heb":"תל אביב - יפו","stop_name":"כיכר מילאנו/יהודה המכבי"}},
{"type":"Feature","geometry":{"type":"Point","coordinates":[185255.24224004813,669083.0223669714]},"properties":{"OBJECTID_1":2376,"efficiency":0,"stop_code":26806,"Muni_Heb":"תל אביב - יפו","stop_name":"מסוף עתידים"}},
{"type":"Feature","geometry":{"type":"Point","coordinates":[185366.66204600345,668986.504422743]},"properties":{"OBJECTID_1":2377,"efficiency":0,"stop_code":26807,"Muni_Heb":"תל אביב - יפו","stop_name":"מסוף עתידים"}},
{"type":"Feature","geometry":{"type":"Point","coordinates":[179620.80611385562,665851.3188902022]},"properties":{"OBJECTID_1":2378,"efficiency":1,"stop_code":20700,"Muni_Heb":"תל אביב - יפו","stop_name":"אבן גבירול/ארלוזורוב"}},
{"type":"Feature","geometry":{"type":"Point","coordinates":[179597.91945146746,665841.2065647555]},"properties":{"OBJECTID_1":2379,"efficiency":1,"stop_code":20699,"Muni_Heb":"תל אביב - יפו","stop_name":"אבן גבירול/ארלוזורוב"}},
{"type":"Feature","geometry":{"type":"Point","coordinates":[179671.2410046138,666266.523110222]},"properties":{"OBJECTID_1":2380,"efficiency":1,"stop_code":20698,"Muni_Heb":"תל אביב - יפו","stop_name":"אבן גבירול/ז'בוטינסקי"}},
{"type":"Feature","geometry":{"type":"Point","coordinates":[179694.50601285868,666277.0776982241]},"properties":{"OBJECTID_1":2381,"efficiency":1,"stop_code":20697,"Muni_Heb":"תל אביב - יפו","stop_name":"אבן גבירול/ז'בוטינסקי"}},
{"type":"Feature","geometry":{"type":"Point","coordinates":[178105.55083947995,663904.4484899953]},"properties":{"OBJECTID_1":2382,"efficiency":1,"stop_code":26956,"Muni_Heb":"תל אביב - יפו","stop_name":"מסוף כרמלית"}},
{"type":"Feature","geometry":{"type":"Point","coordinates":[179548.51600042012,666988.1363180637]},"properties":{"OBJECTID_1":2383,"efficiency":0,"stop_code":20009,"Muni_Heb":"תל אביב - יפו","stop_name":"בית ספר אוסישקין"}},
{"type":"Feature","geometry":{"type":"Point","coordinates":[179050.5431386612,663062.9742450657]},"properties":{"OBJECTID_1":2384,"efficiency":1,"stop_code":20109,"Muni_Heb":"תל אביב - יפו","stop_name":"צ'לנוב/הגדוד העברי"}},
{"type":"Feature","geometry":{"type":"Point","coordinates":[179582.04821152953,665212.7327924051]},"properties":{"OBJECTID_1":2385,"efficiency":0,"stop_code":20152,"Muni_Heb":"תל אביב - יפו","stop_name":"כיכר רבין/אבן גבירול"}},
{"type":"Feature","geometry":{"type":"Point","coordinates":[180028.4091915504,666104.6703974587]},"properties":{"OBJECTID_1":2386,"efficiency":1,"stop_code":20193,"Muni_Heb":"תל אביב - יפו","stop_name":"גימנסיה הרצליה/רמז"}},
{"type":"Feature","geometry":{"type":"Point","coordinates":[178298.81197213224,664386.5994032072]},"properties":{"OBJECTID_1":2387,"efficiency":0,"stop_code":20121,"Muni_Heb":"תל אביב - יפו","stop_name":"גאולה/הכובשים"}},
{"type":"Feature","geometry":{"type":"Point","coordinates":[178982.752968523,662852.8821122891]},"properties":{"OBJECTID_1":2388,"efficiency":1,"stop_code":20102,"Muni_Heb":"תל אביב - יפו","stop_name":"צ'לנוב/מטלון"}},
{"type":"Feature","geometry":{"type":"Point","coordinates":[178131.49055719117,664548.2931514503]},"properties":{"OBJECTID_1":2389,"efficiency":1,"stop_code":20095,"Muni_Heb":"תל אביב - יפו","stop_name":"הירקון/יונה הנביא"}},
{"type":"Feature","geometry":{"type":"Point","coordinates":[179298.62091241073,663205.7077719243]},"properties":{"OBJECTID_1":2390,"efficiency":0,"stop_code":20113,"Muni_Heb":"תל אביב - יפו","stop_name":"הגליל/השרון"}},
{"type":"Feature","geometry":{"type":"Point","coordinates":[179776.66104504376,663040.4887376474]},"properties":{"OBJECTID_1":2391,"efficiency":0,"stop_code":20160,"Muni_Heb":"תל אביב - יפו","stop_name":"הרכבת/המסגר"}},
{"type":"Feature","geometry":{"type":"Point","coordinates":[178248.33686622966,664816.1778863597]},"properties":{"OBJECTID_1":2392,"efficiency":0,"stop_code":20133,"Muni_Heb":"תל אביב - יפו","stop_name":"טרומפלדור/בן יהודה"}},
{"type":"Feature","geometry":{"type":"Point","coordinates":[178877.96651368588,662578.3989660633]},"properties":{"OBJECTID_1":2393,"efficiency":1,"stop_code":20097,"Muni_Heb":"תל אביב - יפו","stop_name":"צ'לנוב/דרך שלמה"}},
{"type":"Feature","geometry":{"type":"Point","coordinates":[179342.04541962262,667413.223374396]},"properties":{"OBJECTID_1":2394,"efficiency":1,"stop_code":25867,"Muni_Heb":"תל אביב - יפו","stop_name":"מסוף רדינג/הורדה"}},
{"type":"Feature","geometry":{"type":"Point","coordinates":[179342.04541962262,667413.223374396]},"properties":{"OBJECTID_1":2395,"efficiency":0,"stop_code":25867,"Muni_Heb":"תל אביב - יפו","stop_name":"מסוף רדינג/הורדה"}},
{"type":"Feature","geometry":{"type":"Point","coordinates":[180970.1051247329,665653.0574922092]},"properties":{"OBJECTID_1":2396,"efficiency":0,"stop_code":20001,"Muni_Heb":"תל אביב - יפו","stop_name":"ת. רכבת תל אביב- סבידור/רציפים A"}},
{"type":"Feature","geometry":{"type":"Point","coordinates":[179408.31995768874,667391.6705888547]},"properties":{"OBJECTID_1":2397,"efficiency":0,"stop_code":20277,"Muni_Heb":"תל אביב - יפו","stop_name":"מסוף רדינג/רציפים"}},
{"type":"Feature","geometry":{"type":"Point","coordinates":[185255.24224004813,669083.0223669714]},"properties":{"OBJECTID_1":2398,"efficiency":0,"stop_code":26806,"Muni_Heb":"תל אביב - יפו","stop_name":"מסוף עתידים"}},
{"type":"Feature","geometry":{"type":"Point","coordinates":[185366.66204600345,668986.504422743]},"properties":{"OBJECTID_1":2399,"efficiency":0,"stop_code":26807,"Muni_Heb":"תל אביב - יפו","stop_name":"מסוף עתידים"}},
{"type":"Feature","geometry":{"type":"Point","coordinates":[178105.55083947995,663904.4484899953]},"properties":{"OBJECTID_1":2400,"efficiency":0,"stop_code":26956,"Muni_Heb":"תל אביב - יפו","stop_name":"מסוף כרמלית"}},
{"type":"Feature","geometry":{"type":"Point","coordinates":[178067.97252957203,663905.3776199546]},"properties":{"OBJECTID_1":2401,"efficiency":0,"stop_code":26957,"Muni_Heb":"תל אביב - יפו","stop_name":"מסוף כרמלית"}},
{"type":"Feature","geometry":{"type":"Point","coordinates":[178039.21136364448,663938.2077736561]},"properties":{"OBJECTID_1":2402,"efficiency":0,"stop_code":26961,"Muni_Heb":"תל אביב - יפו","stop_name":"מסוף כרמלית"}},
{"type":"Feature","geometry":{"type":"Point","coordinates":[178028.08675488003,663942.5779174145]},"properties":{"OBJECTID_1":2403,"efficiency":0,"stop_code":26963,"Muni_Heb":"תל אביב - יפו","stop_name":"מסוף כרמלית"}},
{"type":"Feature","geometry":{"type":"Point","coordinates":[177733.79120366427,660587.19709895]},"properties":{"OBJECTID_1":2404,"efficiency":0,"stop_code":39719,"Muni_Heb":"תל אביב - יפו","stop_name":"מסוף וולפסון"}},
{"type":"Feature","geometry":{"type":"Point","coordinates":[180970.1051247329,665653.0574922092]},"properties":{"OBJECTID_1":2405,"efficiency":0,"stop_code":20001,"Muni_Heb":"תל אביב - יפו","stop_name":"ת. רכבת תל אביב- סבידור/רציפים A"}},
{"type":"Feature","geometry":{"type":"Point","coordinates":[178067.97252957203,663905.3776199546]},"properties":{"OBJECTID_1":2406,"efficiency":0,"stop_code":26957,"Muni_Heb":"תל אביב - יפו","stop_name":"מסוף כרמלית"}},
{"type":"Feature","geometry":{"type":"Point","coordinates":[178039.21136364448,663938.2077736561]},"properties":{"OBJECTID_1":2407,"efficiency":0,"stop_code":26961,"Muni_Heb":"תל אביב - יפו","stop_name":"מסוף כרמלית"}},
{"type":"Feature","geometry":{"type":"Point","coordinates":[178028.08675488003,663942.5779174145]},"properties":{"OBJECTID_1":2408,"efficiency":0,"stop_code":26963,"Muni_Heb":"תל אביב - יפו","stop_name":"מסוף כרמלית"}},
{"type":"Feature","geometry":{"type":"Point","coordinates":[185366.66204600345,668986.504422743]},"properties":{"OBJECTID_1":2409,"efficiency":0,"stop_code":26807,"Muni_Heb":"תל אביב - יפו","stop_name":"מסוף עתידים"}},
{"type":"Feature","geometry":{"type":"Point","coordinates":[179406.27430337816,662701.6135743085]},"properties":{"OBJECTID_1":2410,"efficiency":1,"stop_code":28624,"Muni_Heb":"תל אביב - יפו","stop_name":"ת.מרכזית תל אביב קומה 6/רציפים"}},
{"type":"Feature","geometry":{"type":"Point","coordinates":[178039.21136364448,663938.2077736561]},"properties":{"OBJECTID_1":2411,"efficiency":1,"stop_code":26961,"Muni_Heb":"תל אביב - יפו","stop_name":"מסוף כרמלית"}},
{"type":"Feature","geometry":{"type":"Point","coordinates":[179352.8532466806,662637.6177256067]},"properties":{"OBJECTID_1":2412,"efficiency":1,"stop_code":21256,"Muni_Heb":"תל אביב - יפו","stop_name":"ת.מרכזית תל אביב קומה 6/רציפים"}},
{"type":"Feature","geometry":{"type":"Point","coordinates":[177733.79120366427,660587.19709895]},"properties":{"OBJECTID_1":2413,"efficiency":1,"stop_code":39719,"Muni_Heb":"תל אביב - יפו","stop_name":"מסוף וולפסון"}},
{"type":"Feature","geometry":{"type":"Point","coordinates":[179352.8532466806,662637.6177256067]},"properties":{"OBJECTID_1":2414,"efficiency":0,"stop_code":21256,"Muni_Heb":"תל אביב - יפו","stop_name":"ת.מרכזית תל אביב קומה 6/רציפים"}},
{"type":"Feature","geometry":{"type":"Point","coordinates":[179352.8532466806,662637.6177256067]},"properties":{"OBJECTID_1":2415,"efficiency":0,"stop_code":21256,"Muni_Heb":"תל אביב - יפו","stop_name":"ת.מרכזית תל אביב קומה 6/רציפים"}},
{"type":"Feature","geometry":{"type":"Point","coordinates":[178067.97252957203,663905.3776199546]},"properties":{"OBJECTID_1":2416,"efficiency":0,"stop_code":26957,"Muni_Heb":"תל אביב - יפו","stop_name":"מסוף כרמלית"}},
{"type":"Feature","geometry":{"type":"Point","coordinates":[179683.4928601399,664258.110819687]},"properties":{"OBJECTID_1":2417,"efficiency":0,"stop_code":20289,"Muni_Heb":"תל אביב - יפו","stop_name":"קרליבך/הארבעה"}},
{"type":"Feature","geometry":{"type":"Point","coordinates":[179659.9429455959,664296.5714620429]},"properties":{"OBJECTID_1":2418,"efficiency":0,"stop_code":20256,"Muni_Heb":"תל אביב - יפו","stop_name":"קרליבך/לסקוב"}},
{"type":"Feature","geometry":{"type":"Point","coordinates":[179584.13518101242,664252.0681151662]},"properties":{"OBJECTID_1":2419,"efficiency":0,"stop_code":20271,"Muni_Heb":"תל אביב - יפו","stop_name":"יהודה הלוי/מרמורק"}},
{"type":"Feature","geometry":{"type":"Point","coordinates":[179601.9974588518,664641.6720418364]},"properties":{"OBJECTID_1":2420,"efficiency":0,"stop_code":20273,"Muni_Heb":"תל אביב - יפו","stop_name":"אבן גבירול/אליעזר קפלן"}},
{"type":"Feature","geometry":{"type":"Point","coordinates":[185255.24224004813,669083.0223669714]},"properties":{"OBJECTID_1":2421,"efficiency":0,"stop_code":26806,"Muni_Heb":"תל אביב - יפו","stop_name":"מסוף עתידים"}},
{"type":"Feature","geometry":{"type":"Point","coordinates":[179408.31995768874,667391.6705888547]},"properties":{"OBJECTID_1":2422,"efficiency":0,"stop_code":20277,"Muni_Heb":"תל אביב - יפו","stop_name":"מסוף רדינג/רציפים"}},
{"type":"Feature","geometry":{"type":"Point","coordinates":[178105.55083947995,663904.4484899953]},"properties":{"OBJECTID_1":2423,"efficiency":0,"stop_code":26956,"Muni_Heb":"תל אביב - יפו","stop_name":"מסוף כרמלית"}},
{"type":"Feature","geometry":{"type":"Point","coordinates":[178028.08675488003,663942.5779174145]},"properties":{"OBJECTID_1":2424,"efficiency":0,"stop_code":26963,"Muni_Heb":"תל אביב - יפו","stop_name":"מסוף כרמלית"}},
{"type":"Feature","geometry":{"type":"Point","coordinates":[181145.87081720802,668624.6329668177]},"properties":{"OBJECTID_1":2425,"efficiency":0,"stop_code":20344,"Muni_Heb":"תל אביב - יפו","stop_name":"רדינג/ברודצקי"}},
{"type":"Feature","geometry":{"type":"Point","coordinates":[177160.55238631883,660821.5470502138]},"properties":{"OBJECTID_1":2426,"efficiency":0,"stop_code":20345,"Muni_Heb":"תל אביב - יפו","stop_name":"שדרות ירושלים/נחל הבשור"}},
{"type":"Feature","geometry":{"type":"Point","coordinates":[177251.30137820644,661020.997301416]},"properties":{"OBJECTID_1":2427,"efficiency":0,"stop_code":20346,"Muni_Heb":"תל אביב - יפו","stop_name":"שדרות ירושלים/נסים איסקוב"}},
{"type":"Feature","geometry":{"type":"Point","coordinates":[180623.78656667087,670683.5616094366]},"properties":{"OBJECTID_1":2428,"efficiency":1,"stop_code":26643,"Muni_Heb":"תל אביב - יפו","stop_name":"מסוף אזורי חן"}},
{"type":"Feature","geometry":{"type":"Point","coordinates":[180196.29117588518,664155.6503255476]},"properties":{"OBJECTID_1":2429,"efficiency":1,"stop_code":20727,"Muni_Heb":"תל אביב - יפו","stop_name":"דרך מנחם בגין/הארבעה"}},
{"type":"Feature","geometry":{"type":"Point","coordinates":[181750.99456372086,668048.9445109098]},"properties":{"OBJECTID_1":2430,"efficiency":0,"stop_code":26314,"Muni_Heb":"תל אביב - יפו","stop_name":"ת. רכבת אונברסיטה/הורדה"}},
{"type":"Feature","geometry":{"type":"Point","coordinates":[179747.4090701132,664014.0100170341]},"properties":{"OBJECTID_1":2431,"efficiency":0,"stop_code":20731,"Muni_Heb":"תל אביב - יפו","stop_name":"קניון טי.אל.וי/קרליבך"}},
{"type":"Feature","geometry":{"type":"Point","coordinates":[180176.8926477238,664169.3649489388]},"properties":{"OBJECTID_1":2432,"efficiency":1,"stop_code":20728,"Muni_Heb":"תל אביב - יפו","stop_name":"דרך מנחם בגין/הארבעה"}},
{"type":"Feature","geometry":{"type":"Point","coordinates":[181715.43858282434,668056.6172584542]},"properties":{"OBJECTID_1":2433,"efficiency":0,"stop_code":26313,"Muni_Heb":"תל אביב - יפו","stop_name":"ת. רכבת אונברסיטה/איסוף"}},
{"type":"Feature","geometry":{"type":"Point","coordinates":[178477.17877157935,662065.911222305]},"properties":{"OBJECTID_1":2434,"efficiency":1,"stop_code":20729,"Muni_Heb":"תל אביב - יפו","stop_name":"הרצל/דרך קיבוץ גלויות"}},
{"type":"Feature","geometry":{"type":"Point","coordinates":[179264.0611678335,662967.4270457566]},"properties":{"OBJECTID_1":2435,"efficiency":0,"stop_code":20733,"Muni_Heb":"תל אביב - יפו","stop_name":"הגדוד העברי/שדרות הר ציון"}},
{"type":"Feature","geometry":{"type":"Point","coordinates":[180085.14237446236,664055.2794615026]},"properties":{"OBJECTID_1":2436,"efficiency":1,"stop_code":20725,"Muni_Heb":"תל אביב - יפו","stop_name":"דרך מנחם בגין/החשמונאים"}},
{"type":"Feature","geometry":{"type":"Point","coordinates":[177501.07297630084,662473.0904992684]},"properties":{"OBJECTID_1":2437,"efficiency":0,"stop_code":20546,"Muni_Heb":"תל אביב - יפו","stop_name":"שלמה"}},
{"type":"Feature","geometry":{"type":"Point","coordinates":[180427.2863770219,669374.1193806799]},"properties":{"OBJECTID_1":2438,"efficiency":0,"stop_code":20736,"Muni_Heb":"תל אביב - יפו","stop_name":"שדרות לוי אשכול/מארק שאגאל"}},
{"type":"Feature","geometry":{"type":"Point","coordinates":[178955.2570321009,663394.8085633148]},"properties":{"OBJECTID_1":2439,"efficiency":0,"stop_code":20202,"Muni_Heb":"תל אביב - יפו","stop_name":"יהודה הלוי/יבנה"}},
{"type":"Feature","geometry":{"type":"Point","coordinates":[179337.25580457173,664860.3940210423]},"properties":{"OBJECTID_1":2440,"efficiency":0,"stop_code":20738,"Muni_Heb":"תל אביב - יפו","stop_name":"הנביאים/שמריהו לוין"}},
{"type":"Feature","geometry":{"type":"Point","coordinates":[177448.50235508077,662023.4191790863]},"properties":{"OBJECTID_1":2441,"efficiency":0,"stop_code":20451,"Muni_Heb":"תל אביב - יפו","stop_name":"אצטדיון בלומפילד"}},
{"type":"Feature","geometry":{"type":"Point","coordinates":[179909.89075207378,663885.9623207995]},"properties":{"OBJECTID_1":2442,"efficiency":1,"stop_code":20726,"Muni_Heb":"תל אביב - יפו","stop_name":"דרך מנחם בגין/המלאכה"}},
{"type":"Feature","geometry":{"type":"Point","coordinates":[177082.45100223017,660597.870565942]},"properties":{"OBJECTID_1":2443,"efficiency":1,"stop_code":20351,"Muni_Heb":"תל אביב - יפו","stop_name":"שדרות ירושלים/שדרות הבעש''ט"}},
{"type":"Feature","geometry":{"type":"Point","coordinates":[177838.08181485007,662922.5930476678]},"properties":{"OBJECTID_1":2444,"efficiency":1,"stop_code":20701,"Muni_Heb":"תל אביב - יפו","stop_name":"אליפלט"}},
{"type":"Feature","geometry":{"type":"Point","coordinates":[177268.3624173598,661126.4954597062]},"properties":{"OBJECTID_1":2445,"efficiency":1,"stop_code":20375,"Muni_Heb":"תל אביב - יפו","stop_name":"איסקוב"}},
{"type":"Feature","geometry":{"type":"Point","coordinates":[180239.2018788444,664215.47719657]},"properties":{"OBJECTID_1":2446,"efficiency":1,"stop_code":20707,"Muni_Heb":"תל אביב - יפו","stop_name":"יהודית"}},
{"type":"Feature","geometry":{"type":"Point","coordinates":[180581.77180589995,664931.4096053386]},"properties":{"OBJECTID_1":2447,"efficiency":0,"stop_code":20709,"Muni_Heb":"תל אביב - יפו","stop_name":"שאול המלך"}},
{"type":"Feature","geometry":{"type":"Point","coordinates":[179328.34598184976,664851.6686972217]},"properties":{"OBJECTID_1":2448,"efficiency":0,"stop_code":20739,"Muni_Heb":"תל אביב - יפו","stop_name":"הנביאים/שמריהו לוין"}},
{"type":"Feature","geometry":{"type":"Point","coordinates":[179710.01198010385,663674.6055853628]},"properties":{"OBJECTID_1":2449,"efficiency":0,"stop_code":20705,"Muni_Heb":"תל אביב - יפו","stop_name":"קרליבך"}},
{"type":"Feature","geometry":{"type":"Point","coordinates":[180469.40919330055,669455.907050596]},"properties":{"OBJECTID_1":2450,"efficiency":0,"stop_code":20737,"Muni_Heb":"תל אביב - יפו","stop_name":"שדרות לוי אשכול/מארק שאגאל"}},
{"type":"Feature","geometry":{"type":"Point","coordinates":[178982.48346271575,663402.3517165678]},"properties":{"OBJECTID_1":2451,"efficiency":0,"stop_code":20703,"Muni_Heb":"תל אביב - יפו","stop_name":"אלנבי"}},
{"type":"Feature","geometry":{"type":"Point","coordinates":[177115.08186189216,660608.1586556466]},"properties":{"OBJECTID_1":2452,"efficiency":0,"stop_code":20354,"Muni_Heb":"תל אביב - יפו","stop_name":"שדרות ירושלים/אד קוץ'"}},
{"type":"Feature","geometry":{"type":"Point","coordinates":[177788.98828528926,660872.4059905205]},"properties":{"OBJECTID_1":2453,"efficiency":0,"stop_code":20730,"Muni_Heb":"תל אביב - יפו","stop_name":"שז''ר/שקד"}},
{"type":"Feature","geometry":{"type":"Point","coordinates":[181010.50093379756,665475.144982547]},"properties":{"OBJECTID_1":2454,"efficiency":0,"stop_code":20711,"Muni_Heb":"תל אביב - יפו","stop_name":"ארלוזורוב"}},
{"type":"Feature","geometry":{"type":"Point","coordinates":[176742.83438562587,660138.0909300317]},"properties":{"OBJECTID_1":2455,"efficiency":0,"stop_code":20362,"Muni_Heb":"תל אביב - יפו","stop_name":"מחרוזת"}},
{"type":"Feature","geometry":{"type":"Point","coordinates":[185037.82757672993,668536.0628797058]},"properties":{"OBJECTID_1":2456,"efficiency":0,"stop_code":20734,"Muni_Heb":"תל אביב - יפו","stop_name":"הנחושת/הברזל"}},
{"type":"Feature","geometry":{"type":"Point","coordinates":[179741.6131278618,663787.1481228153]},"properties":{"OBJECTID_1":2457,"efficiency":0,"stop_code":20732,"Muni_Heb":"תל אביב - יפו","stop_name":"לינקולן/דרך מנחם בגין"}},
{"type":"Feature","geometry":{"type":"Point","coordinates":[177147.01594937767,660746.3078125233]},"properties":{"OBJECTID_1":2458,"efficiency":0,"stop_code":20366,"Muni_Heb":"תל אביב - יפו","stop_name":"הבעש''ט"}},
{"type":"Feature","geometry":{"type":"Point","coordinates":[177390.73982966674,661552.5895050437]},"properties":{"OBJECTID_1":2459,"efficiency":0,"stop_code":20399,"Muni_Heb":"תל אביב - יפו","stop_name":"ארליך"}},
{"type":"Feature","geometry":{"type":"Point","coordinates":[179701.83695527076,666196.3195727656]},"properties":{"OBJECTID_1":2460,"efficiency":0,"stop_code":20743,"Muni_Heb":"תל אביב - יפו","stop_name":"ז'בוטינסקי/אבן גבירול"}},
{"type":"Feature","geometry":{"type":"Point","coordinates":[180946.7197778168,665585.834742908]},"properties":{"OBJECTID_1":2461,"efficiency":0,"stop_code":20741,"Muni_Heb":"תל אביב - יפו","stop_name":"ת.רכבת תל אביב - סבידור/רציפים C"}},
{"type":"Feature","geometry":{"type":"Point","coordinates":[178902.54946711718,663414.8682020452]},"properties":{"OBJECTID_1":2462,"efficiency":0,"stop_code":20745,"Muni_Heb":"תל אביב - יפו","stop_name":"יבנה/יהודה הלוי"}},
{"type":"Feature","geometry":{"type":"Point","coordinates":[180927.14281633834,665626.7170467088]},"properties":{"OBJECTID_1":2463,"efficiency":0,"stop_code":20740,"Muni_Heb":"תל אביב - יפו","stop_name":"ת.רכבת תל אביב - סבידור/רציפים B"}},
{"type":"Feature","geometry":{"type":"Point","coordinates":[178122.16537285774,663856.808365427]},"properties":{"OBJECTID_1":2464,"efficiency":0,"stop_code":20744,"Muni_Heb":"תל אביב - יפו","stop_name":"מסוף כרמלית"}},
{"type":"Feature","geometry":{"type":"Point","coordinates":[185252.5430062206,669150.2319265439]},"properties":{"OBJECTID_1":2465,"efficiency":0,"stop_code":20742,"Muni_Heb":"תל אביב - יפו","stop_name":"ראול ולנברג/דבורה הנביאה"}},
{"type":"Feature","geometry":{"type":"Point","coordinates":[180946.7197778168,665585.834742908]},"properties":{"OBJECTID_1":2466,"efficiency":0,"stop_code":20741,"Muni_Heb":"תל אביב - יפו","stop_name":"ת.רכבת תל אביב - סבידור/רציפים C"}},
{"type":"Feature","geometry":{"type":"Point","coordinates":[180946.7197778168,665585.834742908]},"properties":{"OBJECTID_1":2467,"efficiency":0,"stop_code":20741,"Muni_Heb":"תל אביב - יפו","stop_name":"ת.רכבת תל אביב - סבידור/רציפים C"}},
{"type":"Feature","geometry":{"type":"Point","coordinates":[180927.14281633834,665626.7170467088]},"properties":{"OBJECTID_1":2468,"efficiency":0,"stop_code":20740,"Muni_Heb":"תל אביב - יפו","stop_name":"ת.רכבת תל אביב - סבידור/רציפים B"}},
{"type":"Feature","geometry":{"type":"Point","coordinates":[181715.43858282434,668056.6172584542]},"properties":{"OBJECTID_1":2469,"efficiency":0,"stop_code":26313,"Muni_Heb":"תל אביב - יפו","stop_name":"ת. רכבת אונברסיטה/איסוף"}},
{"type":"Feature","geometry":{"type":"Point","coordinates":[177268.3624173598,661126.4954597062]},"properties":{"OBJECTID_1":2470,"efficiency":0,"stop_code":20375,"Muni_Heb":"תל אביב - יפו","stop_name":"איסקוב"}},
{"type":"Feature","geometry":{"type":"Point","coordinates":[177448.50235508077,662023.4191790863]},"properties":{"OBJECTID_1":2471,"efficiency":0,"stop_code":20451,"Muni_Heb":"תל אביב - יפו","stop_name":"אצטדיון בלומפילד"}},
{"type":"Feature","geometry":{"type":"Point","coordinates":[177838.08181485007,662922.5930476678]},"properties":{"OBJECTID_1":2472,"efficiency":0,"stop_code":20701,"Muni_Heb":"תל אביב - יפו","stop_name":"אליפלט"}},
{"type":"Feature","geometry":{"type":"Point","coordinates":[181010.50093379756,665475.144982547]},"properties":{"OBJECTID_1":2473,"efficiency":0,"stop_code":20711,"Muni_Heb":"תל אביב - יפו","stop_name":"ארלוזורוב"}},
{"type":"Feature","geometry":{"type":"Point","coordinates":[177501.07297630084,662473.0904992684]},"properties":{"OBJECTID_1":2474,"efficiency":0,"stop_code":20546,"Muni_Heb":"תל אביב - יפו","stop_name":"שלמה"}},
{"type":"Feature","geometry":{"type":"Point","coordinates":[179710.01198010385,663674.6055853628]},"properties":{"OBJECTID_1":2475,"efficiency":0,"stop_code":20705,"Muni_Heb":"תל אביב - יפו","stop_name":"קרליבך"}},
{"type":"Feature","geometry":{"type":"Point","coordinates":[176742.83438562587,660138.0909300317]},"properties":{"OBJECTID_1":2476,"efficiency":0,"stop_code":20362,"Muni_Heb":"תל אביב - יפו","stop_name":"מחרוזת"}},
{"type":"Feature","geometry":{"type":"Point","coordinates":[180239.2018788444,664215.47719657]},"properties":{"OBJECTID_1":2477,"efficiency":0,"stop_code":20707,"Muni_Heb":"תל אביב - יפו","stop_name":"יהודית"}},
{"type":"Feature","geometry":{"type":"Point","coordinates":[181010.50093379756,665475.144982547]},"properties":{"OBJECTID_1":2478,"efficiency":0,"stop_code":20711,"Muni_Heb":"תל אביב - יפו","stop_name":"ארלוזורוב"}},
{"type":"Feature","geometry":{"type":"Point","coordinates":[176742.83438562587,660138.0909300317]},"properties":{"OBJECTID_1":2479,"efficiency":0,"stop_code":20362,"Muni_Heb":"תל אביב - יפו","stop_name":"מחרוזת"}},
{"type":"Feature","geometry":{"type":"Point","coordinates":[177147.01594937767,660746.3078125233]},"properties":{"OBJECTID_1":2480,"efficiency":0,"stop_code":20366,"Muni_Heb":"תל אביב - יפו","stop_name":"הבעש''ט"}},
{"type":"Feature","geometry":{"type":"Point","coordinates":[177448.50235508077,662023.4191790863]},"properties":{"OBJECTID_1":2481,"efficiency":0,"stop_code":20451,"Muni_Heb":"תל אביב - יפו","stop_name":"אצטדיון בלומפילד"}},
{"type":"Feature","geometry":{"type":"Point","coordinates":[177390.73982966674,661552.5895050437]},"properties":{"OBJECTID_1":2482,"efficiency":0,"stop_code":20399,"Muni_Heb":"תל אביב - יפו","stop_name":"ארליך"}},
{"type":"Feature","geometry":{"type":"Point","coordinates":[177501.07297630084,662473.0904992684]},"properties":{"OBJECTID_1":2483,"efficiency":0,"stop_code":20546,"Muni_Heb":"תל אביב - יפו","stop_name":"שלמה"}},
{"type":"Feature","geometry":{"type":"Point","coordinates":[178982.48346271575,663402.3517165678]},"properties":{"OBJECTID_1":2484,"efficiency":0,"stop_code":20703,"Muni_Heb":"תל אביב - יפו","stop_name":"אלנבי"}},
{"type":"Feature","geometry":{"type":"Point","coordinates":[179710.01198010385,663674.6055853628]},"properties":{"OBJECTID_1":2485,"efficiency":0,"stop_code":20705,"Muni_Heb":"תל אביב - יפו","stop_name":"קרליבך"}},
{"type":"Feature","geometry":{"type":"Point","coordinates":[177268.3624173598,661126.4954597062]},"properties":{"OBJECTID_1":2486,"efficiency":0,"stop_code":20375,"Muni_Heb":"תל אביב - יפו","stop_name":"איסקוב"}},
{"type":"Feature","geometry":{"type":"Point","coordinates":[177838.08181485007,662922.5930476678]},"properties":{"OBJECTID_1":2487,"efficiency":0,"stop_code":20701,"Muni_Heb":"תל אביב - יפו","stop_name":"אליפלט"}},
{"type":"Feature","geometry":{"type":"Point","coordinates":[178982.48346271575,663402.3517165678]},"properties":{"OBJECTID_1":2488,"efficiency":0,"stop_code":20703,"Muni_Heb":"תל אביב - יפו","stop_name":"אלנבי"}},
{"type":"Feature","geometry":{"type":"Point","coordinates":[180239.2018788444,664215.47719657]},"properties":{"OBJECTID_1":2489,"efficiency":0,"stop_code":20707,"Muni_Heb":"תל אביב - יפו","stop_name":"יהודית"}},
{"type":"Feature","geometry":{"type":"Point","coordinates":[180581.77180589995,664931.4096053386]},"properties":{"OBJECTID_1":2490,"efficiency":0,"stop_code":20709,"Muni_Heb":"תל אביב - יפו","stop_name":"שאול המלך"}},
{"type":"Feature","geometry":{"type":"Point","coordinates":[177147.01594937767,660746.3078125233]},"properties":{"OBJECTID_1":2491,"efficiency":0,"stop_code":20366,"Muni_Heb":"תל אביב - יפו","stop_name":"הבעש''ט"}},
{"type":"Feature","geometry":{"type":"Point","coordinates":[177390.73982966674,661552.5895050437]},"properties":{"OBJECTID_1":2492,"efficiency":0,"stop_code":20399,"Muni_Heb":"תל אביב - יפו","stop_name":"ארליך"}},
{"type":"Feature","geometry":{"type":"Point","coordinates":[180581.77180589995,664931.4096053386]},"properties":{"OBJECTID_1":2493,"efficiency":0,"stop_code":20709,"Muni_Heb":"תל אביב - יפו","stop_name":"שאול המלך"}},
{"type":"Feature","geometry":{"type":"Point","coordinates":[181715.43858282434,668056.6172584542]},"properties":{"OBJECTID_1":2494,"efficiency":0,"stop_code":26313,"Muni_Heb":"תל אביב - יפו","stop_name":"ת. רכבת אונברסיטה/איסוף"}},
{"type":"Feature","geometry":{"type":"Point","coordinates":[179738.18004363435,663705.9888474221]},"properties":{"OBJECTID_1":2495,"efficiency":1,"stop_code":20750,"Muni_Heb":"תל אביב - יפו","stop_name":"ת.רק''ל קרליבך/לינקולן"}},
{"type":"Feature","geometry":{"type":"Point","coordinates":[179422.56600677202,663481.8940128639]},"properties":{"OBJECTID_1":2496,"efficiency":1,"stop_code":20752,"Muni_Heb":"תל אביב - יפו","stop_name":"דרך מנחם בגין/הרכבת"}},
{"type":"Feature","geometry":{"type":"Point","coordinates":[179675.29226415438,663537.4573805268]},"properties":{"OBJECTID_1":2497,"efficiency":1,"stop_code":20751,"Muni_Heb":"תל אביב - יפו","stop_name":"ישראל טל/דרך מנחם בגין"}},
{"type":"Feature","geometry":{"type":"Point","coordinates":[179754.69058259696,663702.264936054]},"properties":{"OBJECTID_1":2498,"efficiency":1,"stop_code":20749,"Muni_Heb":"תל אביב - יפו","stop_name":"ת.רק''ל קרליבך/יצחק שדה"}},
{"type":"Feature","geometry":{"type":"Point","coordinates":[181715.43858282434,668056.6172584542]},"properties":{"OBJECTID_1":2499,"efficiency":0,"stop_code":26313,"Muni_Heb":"תל אביב - יפו","stop_name":"ת. רכבת אונברסיטה/איסוף"}},
{"type":"Feature","geometry":{"type":"Point","coordinates":[177768.64289418363,660609.454478897]},"properties":{"OBJECTID_1":2500,"efficiency":0,"stop_code":36742,"Muni_Heb":"תל אביב - יפו","stop_name":"תחנה תפעולית מסוף וולפסון"}},
{"type":"Feature","geometry":{"type":"Point","coordinates":[179793.76169422845,662945.609762861]},"properties":{"OBJECTID_1":2501,"efficiency":1,"stop_code":20754,"Muni_Heb":"תל אביב - יפו","stop_name":"החרש/ראש פינה"}},
{"type":"Feature","geometry":{"type":"Point","coordinates":[179721.92280822265,663049.2409948241]},"properties":{"OBJECTID_1":2502,"efficiency":1,"stop_code":20753,"Muni_Heb":"תל אביב - יפו","stop_name":"הרכבת/ראש פינה"}},
{"type":"Feature","geometry":{"type":"Point","coordinates":[185224.19324969186,669083.4597223748]},"properties":{"OBJECTID_1":2503,"efficiency":0,"stop_code":20755,"Muni_Heb":"תל אביב - יפו","stop_name":"דבורה הנביאה/ראול ולנברג"}},
{"type":"Feature","geometry":{"type":"Point","coordinates":[191669.3177134415,379690.97461188433]},"properties":{"OBJECTID_1":2504,"efficiency":0,"stop_code":10228,"Muni_Heb":"אילת","stop_name":"דרך מצרים/מצפה תת ימי"}},
{"type":"Feature","geometry":{"type":"Point","coordinates":[193997.1549311198,383210.26740456297]},"properties":{"OBJECTID_1":2505,"efficiency":0,"stop_code":10246,"Muni_Heb":"אילת","stop_name":"דרך מצרים/נמל שער צפוני"}},
{"type":"Feature","geometry":{"type":"Point","coordinates":[194456.16561007634,383659.1626804983]},"properties":{"OBJECTID_1":2506,"efficiency":0,"stop_code":10247,"Muni_Heb":"אילת","stop_name":"דרך הערבה/דרבן"}},
{"type":"Feature","geometry":{"type":"Point","coordinates":[195100.45156496443,384639.4045789045]},"properties":{"OBJECTID_1":2507,"efficiency":0,"stop_code":10249,"Muni_Heb":"אילת","stop_name":"דרך הערבה/הפלמ''ח"}},
{"type":"Feature","geometry":{"type":"Point","coordinates":[195088.4716545967,384657.05526397517]},"properties":{"OBJECTID_1":2508,"efficiency":0,"stop_code":10250,"Muni_Heb":"אילת","stop_name":"דרך הערבה/ארגמן"}},
{"type":"Feature","geometry":{"type":"Point","coordinates":[194910.60559723582,384162.1797795467]},"properties":{"OBJECTID_1":2509,"efficiency":0,"stop_code":10251,"Muni_Heb":"אילת","stop_name":"דרך מצרים/חיל הים"}},
{"type":"Feature","geometry":{"type":"Point","coordinates":[193848.71787231893,385703.8814539701]},"properties":{"OBJECTID_1":2510,"efficiency":0,"stop_code":10252,"Muni_Heb":"אילת","stop_name":"שד.ששת הימים/שד.ארגמן"}},
{"type":"Feature","geometry":{"type":"Point","coordinates":[195149.8861196722,384775.86063200154]},"properties":{"OBJECTID_1":2511,"efficiency":0,"stop_code":10254,"Muni_Heb":"אילת","stop_name":"דרך הערבה/דרך יותם"}},
{"type":"Feature","geometry":{"type":"Point","coordinates":[195302.52004841,385129.13216425397]},"properties":{"OBJECTID_1":2512,"efficiency":0,"stop_code":10255,"Muni_Heb":"אילת","stop_name":"דרך הערבה/שדרות התמרים"}},
{"type":"Feature","geometry":{"type":"Point","coordinates":[194818.3703582985,385106.7958112309]},"properties":{"OBJECTID_1":2513,"efficiency":0,"stop_code":10256,"Muni_Heb":"אילת","stop_name":"דרך יותם/נביעות"}},
{"type":"Feature","geometry":{"type":"Point","coordinates":[195100.3513125699,384905.8803658931]},"properties":{"OBJECTID_1":2514,"efficiency":0,"stop_code":10257,"Muni_Heb":"אילת","stop_name":"דרך יותם/הבז"}},
{"type":"Feature","geometry":{"type":"Point","coordinates":[194836.39915592497,385372.8995032397]},"properties":{"OBJECTID_1":2515,"efficiency":0,"stop_code":10258,"Muni_Heb":"אילת","stop_name":"חטיבת הנגב/עיריית אילת"}},
{"type":"Feature","geometry":{"type":"Point","coordinates":[194541.00303070984,385504.2398173809]},"properties":{"OBJECTID_1":2516,"efficiency":0,"stop_code":10260,"Muni_Heb":"אילת","stop_name":"אילות/לוס אנג'לס"}},
{"type":"Feature","geometry":{"type":"Point","coordinates":[194091.83504410315,385602.3478128917]},"properties":{"OBJECTID_1":2517,"efficiency":0,"stop_code":10261,"Muni_Heb":"אילת","stop_name":"שחמון/קטורה"}},
{"type":"Feature","geometry":{"type":"Point","coordinates":[194009.4199648443,385927.0942502901]},"properties":{"OBJECTID_1":2518,"efficiency":0,"stop_code":10262,"Muni_Heb":"אילת","stop_name":"ששת הימים/הספורטאים"}},
{"type":"Feature","geometry":{"type":"Point","coordinates":[195099.87350096364,385534.2717735138]},"properties":{"OBJECTID_1":2519,"efficiency":0,"stop_code":10265,"Muni_Heb":"אילת","stop_name":"ת. מרכזית אילת/הורדה"}},
{"type":"Feature","geometry":{"type":"Point","coordinates":[194723.77824809187,385766.0992173578]},"properties":{"OBJECTID_1":2520,"efficiency":0,"stop_code":10266,"Muni_Heb":"אילת","stop_name":"אילות/ירושלים השלמה"}},
{"type":"Feature","geometry":{"type":"Point","coordinates":[194878.71281880155,385842.2431598443]},"properties":{"OBJECTID_1":2521,"efficiency":0,"stop_code":10267,"Muni_Heb":"אילת","stop_name":"אילות/שדרות התמרים"}},
{"type":"Feature","geometry":{"type":"Point","coordinates":[195289.50936876467,385163.0793297163]},"properties":{"OBJECTID_1":2522,"efficiency":0,"stop_code":10268,"Muni_Heb":"אילת","stop_name":"דרך הערבה/יותם"}},
{"type":"Feature","geometry":{"type":"Point","coordinates":[195161.39549737182,385346.80729146133]},"properties":{"OBJECTID_1":2523,"efficiency":0,"stop_code":10269,"Muni_Heb":"אילת","stop_name":"שדרות התמרים/שפיפון"}},
{"type":"Feature","geometry":{"type":"Point","coordinates":[194510.64076664523,386101.8829934265]},"properties":{"OBJECTID_1":2524,"efficiency":0,"stop_code":10270,"Muni_Heb":"אילת","stop_name":"ירושלים השלמה/ברנע"}},
{"type":"Feature","geometry":{"type":"Point","coordinates":[194490.00493757412,386104.47834006825]},"properties":{"OBJECTID_1":2525,"efficiency":0,"stop_code":10271,"Muni_Heb":"אילת","stop_name":"ירושלים השלמה/פארן"}},
{"type":"Feature","geometry":{"type":"Point","coordinates":[194579.73269547336,386187.5251297867]},"properties":{"OBJECTID_1":2526,"efficiency":0,"stop_code":10272,"Muni_Heb":"אילת","stop_name":"ברנע/ברק"}},
{"type":"Feature","geometry":{"type":"Point","coordinates":[194590.02211740264,386195.26165586663]},"properties":{"OBJECTID_1":2527,"efficiency":0,"stop_code":10273,"Muni_Heb":"אילת","stop_name":"ברנע/ברק"}},
{"type":"Feature","geometry":{"type":"Point","coordinates":[194743.03621822613,386061.68549337314]},"properties":{"OBJECTID_1":2528,"efficiency":0,"stop_code":10274,"Muni_Heb":"אילת","stop_name":"רודד/גשרון"}},
{"type":"Feature","geometry":{"type":"Point","coordinates":[194907.3712901401,385874.10438480694]},"properties":{"OBJECTID_1":2529,"efficiency":0,"stop_code":10275,"Muni_Heb":"אילת","stop_name":"אילות/מישר"}},
{"type":"Feature","geometry":{"type":"Point","coordinates":[194714.99792382016,385783.6323850184]},"properties":{"OBJECTID_1":2530,"efficiency":0,"stop_code":10276,"Muni_Heb":"אילת","stop_name":"אילות/ירושלים השלמה"}},
{"type":"Feature","geometry":{"type":"Point","coordinates":[195151.86925881135,385915.3613960496]},"properties":{"OBJECTID_1":2531,"efficiency":0,"stop_code":10277,"Muni_Heb":"אילת","stop_name":"אילות/אגמונים"}},
{"type":"Feature","geometry":{"type":"Point","coordinates":[194863.52208205304,386074.38988991297]},"properties":{"OBJECTID_1":2532,"efficiency":0,"stop_code":10279,"Muni_Heb":"אילת","stop_name":"רודד/ארנון"}},
{"type":"Feature","geometry":{"type":"Point","coordinates":[194943.57248297823,386120.4378949627]},"properties":{"OBJECTID_1":2533,"efficiency":0,"stop_code":10281,"Muni_Heb":"אילת","stop_name":"שדרות התמרים/רודד"}},
{"type":"Feature","geometry":{"type":"Point","coordinates":[195027.24351607688,385915.7428888616]},"properties":{"OBJECTID_1":2534,"efficiency":0,"stop_code":10282,"Muni_Heb":"אילת","stop_name":"אילות/שדרות התמרים"}},
{"type":"Feature","geometry":{"type":"Point","coordinates":[195380.43994833488,386031.9229417089]},"properties":{"OBJECTID_1":2535,"efficiency":0,"stop_code":10283,"Muni_Heb":"אילת","stop_name":"שד.חטיבת גולני/החורב"}},
{"type":"Feature","geometry":{"type":"Point","coordinates":[195381.29879440457,386386.96369513415]},"properties":{"OBJECTID_1":2536,"efficiency":0,"stop_code":10284,"Muni_Heb":"אילת","stop_name":"חטיבת גולני/המליחה"}},
{"type":"Feature","geometry":{"type":"Point","coordinates":[195196.42215568153,386486.015815755]},"properties":{"OBJECTID_1":2537,"efficiency":0,"stop_code":10285,"Muni_Heb":"אילת","stop_name":"שד. יעלים/הנחושת"}},
{"type":"Feature","geometry":{"type":"Point","coordinates":[195198.0675668435,386216.2107648589]},"properties":{"OBJECTID_1":2538,"efficiency":0,"stop_code":10286,"Muni_Heb":"אילת","stop_name":"יעלים/בית ספר יעלים"}},
{"type":"Feature","geometry":{"type":"Point","coordinates":[195362.6823657559,386427.2411077289]},"properties":{"OBJECTID_1":2539,"efficiency":0,"stop_code":10287,"Muni_Heb":"אילת","stop_name":"חטיבת גולני/ככר זאבים"}},
{"type":"Feature","geometry":{"type":"Point","coordinates":[195356.6558502006,386057.80131407164]},"properties":{"OBJECTID_1":2540,"efficiency":0,"stop_code":10288,"Muni_Heb":"אילת","stop_name":"חטיבת גולני/החורב"}},
{"type":"Feature","geometry":{"type":"Point","coordinates":[194509.4958552082,383754.9263764104]},"properties":{"OBJECTID_1":2541,"efficiency":0,"stop_code":10289,"Muni_Heb":"אילת","stop_name":"דרך מצרים/חוף הדקל"}},
{"type":"Feature","geometry":{"type":"Point","coordinates":[193681.83859292447,382833.88633807795]},"properties":{"OBJECTID_1":2542,"efficiency":0,"stop_code":10290,"Muni_Heb":"אילת","stop_name":"דרך מצרים/נמל שער דרומי"}},
{"type":"Feature","geometry":{"type":"Point","coordinates":[194269.91322670196,385753.696215224]},"properties":{"OBJECTID_1":2543,"efficiency":0,"stop_code":10292,"Muni_Heb":"אילת","stop_name":"סיני/לוס אנג'לס"}},
{"type":"Feature","geometry":{"type":"Point","coordinates":[194459.24647822423,385913.2250144177]},"properties":{"OBJECTID_1":2544,"efficiency":0,"stop_code":10293,"Muni_Heb":"אילת","stop_name":"פארן/ירושלים השלמה"}},
{"type":"Feature","geometry":{"type":"Point","coordinates":[193411.04671984978,382186.2803109116]},"properties":{"OBJECTID_1":2545,"efficiency":0,"stop_code":10318,"Muni_Heb":"אילת","stop_name":"דרך מצרים/ריף הדולפינים"}},
{"type":"Feature","geometry":{"type":"Point","coordinates":[194224.03414864128,383363.94302550587]},"properties":{"OBJECTID_1":2546,"efficiency":0,"stop_code":10319,"Muni_Heb":"אילת","stop_name":"נמל צפוני"}},
{"type":"Feature","geometry":{"type":"Point","coordinates":[193347.54017368695,382098.8589379777]},"properties":{"OBJECTID_1":2547,"efficiency":0,"stop_code":10321,"Muni_Heb":"אילת","stop_name":"דרך מצרים/ריף הדולפינים"}},
{"type":"Feature","geometry":{"type":"Point","coordinates":[192529.0466810349,381127.11464269215]},"properties":{"OBJECTID_1":2548,"efficiency":0,"stop_code":10323,"Muni_Heb":"אילת","stop_name":"דרך מצרים/חוות הגמלים"}},
{"type":"Feature","geometry":{"type":"Point","coordinates":[192399.06151269822,380735.47391023836]},"properties":{"OBJECTID_1":2549,"efficiency":0,"stop_code":10324,"Muni_Heb":"אילת","stop_name":"דרך מצרים/חוף אלמוג"}},
{"type":"Feature","geometry":{"type":"Point","coordinates":[192462.69999806082,380831.203042303]},"properties":{"OBJECTID_1":2550,"efficiency":0,"stop_code":10339,"Muni_Heb":"אילת","stop_name":"דרך מצרים/חוף הוויליג"}},
{"type":"Feature","geometry":{"type":"Point","coordinates":[192761.0596578818,381416.0922111387]},"properties":{"OBJECTID_1":2551,"efficiency":0,"stop_code":10340,"Muni_Heb":"אילת","stop_name":"דרך מצרים/חוות הגמלים"}},
{"type":"Feature","geometry":{"type":"Point","coordinates":[193664.5401554734,382730.39542074123]},"properties":{"OBJECTID_1":2552,"efficiency":0,"stop_code":10452,"Muni_Heb":"אילת","stop_name":"דרך מצרים/נמל שער דרומי"}},
{"type":"Feature","geometry":{"type":"Point","coordinates":[195697.71042980126,385019.99141176394]},"properties":{"OBJECTID_1":2553,"efficiency":0,"stop_code":10453,"Muni_Heb":"אילת","stop_name":"תרשיש/מלון דן פנורמה"}},
{"type":"Feature","geometry":{"type":"Point","coordinates":[194808.2675772251,383992.47604011145]},"properties":{"OBJECTID_1":2554,"efficiency":0,"stop_code":10454,"Muni_Heb":"אילת","stop_name":"דרך מצרים/חיל הים"}},
{"type":"Feature","geometry":{"type":"Point","coordinates":[194384.33509494437,385349.4030000358]},"properties":{"OBJECTID_1":2555,"efficiency":0,"stop_code":10455,"Muni_Heb":"אילת","stop_name":"דרך יותם/מרכז מור"}},
{"type":"Feature","geometry":{"type":"Point","coordinates":[195321.92214890808,384867.38134063035]},"properties":{"OBJECTID_1":2556,"efficiency":0,"stop_code":10456,"Muni_Heb":"אילת","stop_name":"קניון מול הים"}},
{"type":"Feature","geometry":{"type":"Point","coordinates":[194759.56612964917,385294.14533574414]},"properties":{"OBJECTID_1":2557,"efficiency":0,"stop_code":10457,"Muni_Heb":"אילת","stop_name":"חטיבת הנגב/דרך יותם"}},
{"type":"Feature","geometry":{"type":"Point","coordinates":[194974.4432315037,385834.163807261]},"properties":{"OBJECTID_1":2558,"efficiency":0,"stop_code":10459,"Muni_Heb":"אילת","stop_name":"שדרות התמרים/אילות"}},
{"type":"Feature","geometry":{"type":"Point","coordinates":[195081.8764478875,385413.7094846511]},"properties":{"OBJECTID_1":2559,"efficiency":0,"stop_code":10460,"Muni_Heb":"אילת","stop_name":"שדרות התמרים/תחנה מרכזית"}},
{"type":"Feature","geometry":{"type":"Point","coordinates":[194462.08602748893,385926.29858237633]},"properties":{"OBJECTID_1":2560,"efficiency":0,"stop_code":10461,"Muni_Heb":"אילת","stop_name":"פארן/צין"}},
{"type":"Feature","geometry":{"type":"Point","coordinates":[193926.3694827425,383157.11082395713]},"properties":{"OBJECTID_1":2561,"efficiency":0,"stop_code":10463,"Muni_Heb":"אילת","stop_name":"דרך מצרים/נמל שער צפוני"}},
{"type":"Feature","geometry":{"type":"Point","coordinates":[192014.54039746724,380140.6064323082]},"properties":{"OBJECTID_1":2562,"efficiency":0,"stop_code":10464,"Muni_Heb":"אילת","stop_name":"דרך מצרים/בית ספר שדה"}},
{"type":"Feature","geometry":{"type":"Point","coordinates":[191614.65428028774,379583.2562818966]},"properties":{"OBJECTID_1":2563,"efficiency":0,"stop_code":10465,"Muni_Heb":"אילת","stop_name":"מצפה תת ימי/דרך מצרים"}},
{"type":"Feature","geometry":{"type":"Point","coordinates":[195123.13438935208,385490.3259570745]},"properties":{"OBJECTID_1":2564,"efficiency":0,"stop_code":10466,"Muni_Heb":"אילת","stop_name":"ת. מרכזית אילת/רציפים"}},
{"type":"Feature","geometry":{"type":"Point","coordinates":[193966.38898697987,386523.1055311521]},"properties":{"OBJECTID_1":2565,"efficiency":0,"stop_code":10467,"Muni_Heb":"אילת","stop_name":"מלכת שבא/האצטדיון"}},
{"type":"Feature","geometry":{"type":"Point","coordinates":[193969.75181854423,386382.4330112515]},"properties":{"OBJECTID_1":2566,"efficiency":0,"stop_code":10468,"Muni_Heb":"אילת","stop_name":"מלכת שבא/צור"}},
{"type":"Feature","geometry":{"type":"Point","coordinates":[194790.7173229258,385357.0378232213]},"properties":{"OBJECTID_1":2567,"efficiency":0,"stop_code":10471,"Muni_Heb":"אילת","stop_name":"חטיבת הנגב/בית החייל"}},
{"type":"Feature","geometry":{"type":"Point","coordinates":[193766.1688031191,386051.35368399916]},"properties":{"OBJECTID_1":2568,"efficiency":0,"stop_code":10502,"Muni_Heb":"אילת","stop_name":"הספורטאים/מלכת שבא"}},
{"type":"Feature","geometry":{"type":"Point","coordinates":[193866.82795500814,386123.3960353159]},"properties":{"OBJECTID_1":2569,"efficiency":0,"stop_code":10503,"Muni_Heb":"אילת","stop_name":"מלכת שבא/הספורטאים"}},
{"type":"Feature","geometry":{"type":"Point","coordinates":[194433.05132768882,386291.1606775633]},"properties":{"OBJECTID_1":2570,"efficiency":0,"stop_code":10505,"Muni_Heb":"אילת","stop_name":"ירושלים השלמה/שני"}},
{"type":"Feature","geometry":{"type":"Point","coordinates":[194559.33833775995,385599.9707497463]},"properties":{"OBJECTID_1":2571,"efficiency":0,"stop_code":10506,"Muni_Heb":"אילת","stop_name":"אילות/לוס אנג'לס"}},
{"type":"Feature","geometry":{"type":"Point","coordinates":[194216.75205962922,386462.349566724]},"properties":{"OBJECTID_1":2572,"efficiency":0,"stop_code":10507,"Muni_Heb":"אילת","stop_name":"מלכת שבא/פאלאס"}},
{"type":"Feature","geometry":{"type":"Point","coordinates":[194872.4075658605,385441.3238912438]},"properties":{"OBJECTID_1":2573,"efficiency":0,"stop_code":10508,"Muni_Heb":"אילת","stop_name":"חטיבת הנגב/ספריה עירונית"}},
{"type":"Feature","geometry":{"type":"Point","coordinates":[189875.0297872613,386260.3487215677]},"properties":{"OBJECTID_1":2574,"efficiency":0,"stop_code":10581,"Muni_Heb":"אילת","stop_name":"צומת מחנה מצודה 396"}},
{"type":"Feature","geometry":{"type":"Point","coordinates":[194424.71759953003,384900.8266273838]},"properties":{"OBJECTID_1":2575,"efficiency":0,"stop_code":10599,"Muni_Heb":"אילת","stop_name":"חטיבת הנגב/ארגמן"}},
{"type":"Feature","geometry":{"type":"Point","coordinates":[193865.19420383536,385321.8652831142]},"properties":{"OBJECTID_1":2576,"efficiency":0,"stop_code":10600,"Muni_Heb":"אילת","stop_name":"דרך יותם/בית חולים יוספטל"}},
{"type":"Feature","geometry":{"type":"Point","coordinates":[194531.223095235,385333.44645285717]},"properties":{"OBJECTID_1":2577,"efficiency":0,"stop_code":10601,"Muni_Heb":"אילת","stop_name":"דרך יותם/אילות"}},
{"type":"Feature","geometry":{"type":"Point","coordinates":[190445.4859096682,378394.0581546613]},"properties":{"OBJECTID_1":2578,"efficiency":0,"stop_code":10615,"Muni_Heb":"אילת","stop_name":"מעבר גבול טאבה"}},
{"type":"Feature","geometry":{"type":"Point","coordinates":[193534.9497788868,386012.2021453159]},"properties":{"OBJECTID_1":2579,"efficiency":0,"stop_code":10683,"Muni_Heb":"אילת","stop_name":"יהל/הרדוף"}},
{"type":"Feature","geometry":{"type":"Point","coordinates":[193626.94055020245,385685.545609321]},"properties":{"OBJECTID_1":2580,"efficiency":0,"stop_code":10684,"Muni_Heb":"אילת","stop_name":"שד.ארגמן/אוכם"}},
{"type":"Feature","geometry":{"type":"Point","coordinates":[195026.1735983363,385468.8106450194]},"properties":{"OBJECTID_1":2581,"efficiency":0,"stop_code":10730,"Muni_Heb":"אילת","stop_name":"שדרות התמרים/תחנה מרכזית"}},
{"type":"Feature","geometry":{"type":"Point","coordinates":[195198.1346797466,385305.82538326737]},"properties":{"OBJECTID_1":2582,"efficiency":0,"stop_code":10731,"Muni_Heb":"אילת","stop_name":"שדרות התמרים/גן בנימין"}},
{"type":"Feature","geometry":{"type":"Point","coordinates":[191790.21615170548,379881.6647744598]},"properties":{"OBJECTID_1":2583,"efficiency":0,"stop_code":10748,"Muni_Heb":"אילת","stop_name":"מלון אורכידאה/דרך מצרים"}},
{"type":"Feature","geometry":{"type":"Point","coordinates":[192119.41985228765,380247.3177998743]},"properties":{"OBJECTID_1":2584,"efficiency":0,"stop_code":10749,"Muni_Heb":"אילת","stop_name":"דרך מצרים/בית ספר שדה"}},
{"type":"Feature","geometry":{"type":"Point","coordinates":[193345.07577597402,384833.5630537023]},"properties":{"OBJECTID_1":2585,"efficiency":0,"stop_code":10772,"Muni_Heb":"אילת","stop_name":"החשמונאים/הלויים"}},
{"type":"Feature","geometry":{"type":"Point","coordinates":[193157.52465601204,384952.82871068985]},"properties":{"OBJECTID_1":2586,"efficiency":0,"stop_code":10773,"Muni_Heb":"אילת","stop_name":"החשמונאים/המדיינים"}},
{"type":"Feature","geometry":{"type":"Point","coordinates":[193039.28651530808,384748.0395331136]},"properties":{"OBJECTID_1":2587,"efficiency":0,"stop_code":10774,"Muni_Heb":"אילת","stop_name":"הנבטים/בני ישראל"}},
{"type":"Feature","geometry":{"type":"Point","coordinates":[193287.92464006957,384639.15989942674]},"properties":{"OBJECTID_1":2588,"efficiency":0,"stop_code":10775,"Muni_Heb":"אילת","stop_name":"הנבטים/המכבים"}},
{"type":"Feature","geometry":{"type":"Point","coordinates":[193549.93389855485,384694.4190827167]},"properties":{"OBJECTID_1":2589,"efficiency":0,"stop_code":10776,"Muni_Heb":"אילת","stop_name":"ששת הימים/האגס"}},
{"type":"Feature","geometry":{"type":"Point","coordinates":[193455.40964741475,384724.8987669854]},"properties":{"OBJECTID_1":2590,"efficiency":0,"stop_code":10785,"Muni_Heb":"אילת","stop_name":"החשמונאים/העמונים"}},
{"type":"Feature","geometry":{"type":"Point","coordinates":[195700.50467509858,384874.8872194585]},"properties":{"OBJECTID_1":2591,"efficiency":0,"stop_code":10802,"Muni_Heb":"אילת","stop_name":"תרשיש/מלון קיסר"}},
{"type":"Feature","geometry":{"type":"Point","coordinates":[189955.03277684448,386207.15314334666]},"properties":{"OBJECTID_1":2592,"efficiency":0,"stop_code":10813,"Muni_Heb":"אילת","stop_name":"מסוף מחנה מצודה"}},
{"type":"Feature","geometry":{"type":"Point","coordinates":[191346.0150399855,385340.3053310998]},"properties":{"OBJECTID_1":2593,"efficiency":0,"stop_code":10820,"Muni_Heb":"אילת","stop_name":"מחנה מכלול יותם"}},
{"type":"Feature","geometry":{"type":"Point","coordinates":[191255.1193057734,385383.32031440677]},"properties":{"OBJECTID_1":2594,"efficiency":0,"stop_code":10821,"Muni_Heb":"אילת","stop_name":"מחנה מכלול יותם"}},
{"type":"Feature","geometry":{"type":"Point","coordinates":[195471.5967649992,386876.82474145293]},"properties":{"OBJECTID_1":2595,"efficiency":0,"stop_code":10823,"Muni_Heb":"אילת","stop_name":"חטיבת גולני/הסתת"}},
{"type":"Feature","geometry":{"type":"Point","coordinates":[195805.76894608245,386718.712412135]},"properties":{"OBJECTID_1":2596,"efficiency":0,"stop_code":10824,"Muni_Heb":"אילת","stop_name":"הסתת/ביג"}},
{"type":"Feature","geometry":{"type":"Point","coordinates":[196363.89954741678,384725.41166902136]},"properties":{"OBJECTID_1":2597,"efficiency":0,"stop_code":10870,"Muni_Heb":"אילת","stop_name":"מלון דן"}},
{"type":"Feature","geometry":{"type":"Point","coordinates":[196111.76672473823,384751.42790929036]},"properties":{"OBJECTID_1":2598,"efficiency":0,"stop_code":10871,"Muni_Heb":"אילת","stop_name":"הים/אנטיב"}},
{"type":"Feature","geometry":{"type":"Point","coordinates":[195517.71741621548,384966.8349561787]},"properties":{"OBJECTID_1":2599,"efficiency":0,"stop_code":11340,"Muni_Heb":"אילת","stop_name":"תרשיש/דרבן"}},
{"type":"Feature","geometry":{"type":"Point","coordinates":[195853.79484950134,385318.615687349]},"properties":{"OBJECTID_1":2600,"efficiency":0,"stop_code":19319,"Muni_Heb":"אילת","stop_name":"קאמן/מג'יק פאלאס"}},
{"type":"Feature","geometry":{"type":"Point","coordinates":[195865.92293087975,385325.1301647081]},"properties":{"OBJECTID_1":2601,"efficiency":0,"stop_code":19320,"Muni_Heb":"אילת","stop_name":"קאמן/דרבן"}},
{"type":"Feature","geometry":{"type":"Point","coordinates":[196087.1876362489,385235.4356215551]},"properties":{"OBJECTID_1":2602,"efficiency":0,"stop_code":19321,"Muni_Heb":"אילת","stop_name":"קאמן/אנטיב"}},
{"type":"Feature","geometry":{"type":"Point","coordinates":[196096.89738358743,385244.1722804044]},"properties":{"OBJECTID_1":2603,"efficiency":0,"stop_code":19322,"Muni_Heb":"אילת","stop_name":"קאמן/אריקה"}},
{"type":"Feature","geometry":{"type":"Point","coordinates":[196418.77144984726,385299.26276445715]},"properties":{"OBJECTID_1":2604,"efficiency":0,"stop_code":19323,"Muni_Heb":"אילת","stop_name":"קאמפן/קניון אייס מול"}},
{"type":"Feature","geometry":{"type":"Point","coordinates":[192806.88304542203,384058.78862650634]},"properties":{"OBJECTID_1":2605,"efficiency":1,"stop_code":19474,"Muni_Heb":"אילת","stop_name":"רות המואביה/מיכל בת שאול"}},
{"type":"Feature","geometry":{"type":"Point","coordinates":[192534.7450815888,384314.60710485]},"properties":{"OBJECTID_1":2606,"efficiency":0,"stop_code":19475,"Muni_Heb":"אילת","stop_name":"דרך הרים/עין יהב"}},
{"type":"Feature","geometry":{"type":"Point","coordinates":[192589.73767069506,384127.25503028237]},"properties":{"OBJECTID_1":2607,"efficiency":0,"stop_code":19476,"Muni_Heb":"אילת","stop_name":"שרה אמנו/אסתר המלכה"}},
{"type":"Feature","geometry":{"type":"Point","coordinates":[193548.63591346823,385223.93769593525]},"properties":{"OBJECTID_1":2608,"efficiency":0,"stop_code":19581,"Muni_Heb":"אילת","stop_name":"בית ספר רבין/דרך יותם"}},
{"type":"Feature","geometry":{"type":"Point","coordinates":[193094.72273594016,385531.264600944]},"properties":{"OBJECTID_1":2609,"efficiency":0,"stop_code":19582,"Muni_Heb":"אילת","stop_name":"דקר/גני קנדה"}},
{"type":"Feature","geometry":{"type":"Point","coordinates":[191494.19488092035,379337.5871630643]},"properties":{"OBJECTID_1":2610,"efficiency":0,"stop_code":19587,"Muni_Heb":"אילת","stop_name":"דרך מצרים/חוף מגדלור"}},
{"type":"Feature","geometry":{"type":"Point","coordinates":[193363.37897470235,384451.874838413]},"properties":{"OBJECTID_1":2611,"efficiency":0,"stop_code":19591,"Muni_Heb":"אילת","stop_name":"ששת הימים/עין נטפים"}},
{"type":"Feature","geometry":{"type":"Point","coordinates":[193167.72894373705,384219.5527724741]},"properties":{"OBJECTID_1":2612,"efficiency":0,"stop_code":19592,"Muni_Heb":"אילת","stop_name":"ששת הימים/עין יהב"}},
{"type":"Feature","geometry":{"type":"Point","coordinates":[192858.2287572663,383966.2206711846]},"properties":{"OBJECTID_1":2613,"efficiency":0,"stop_code":19593,"Muni_Heb":"אילת","stop_name":"ששת הימים/שרה אמנו"}},
{"type":"Feature","geometry":{"type":"Point","coordinates":[192812.6211371483,384598.04493629496]},"properties":{"OBJECTID_1":2614,"efficiency":0,"stop_code":19594,"Muni_Heb":"אילת","stop_name":"דרך הרים/עין נטפים"}},
{"type":"Feature","geometry":{"type":"Point","coordinates":[192982.23108104354,384678.89455206745]},"properties":{"OBJECTID_1":2615,"efficiency":0,"stop_code":19595,"Muni_Heb":"אילת","stop_name":"עין נטפים/בני ישראל"}},
{"type":"Feature","geometry":{"type":"Point","coordinates":[193256.0455144314,384559.5353555874]},"properties":{"OBJECTID_1":2616,"efficiency":0,"stop_code":19596,"Muni_Heb":"אילת","stop_name":"עין נטפים/ששת הימים"}},
{"type":"Feature","geometry":{"type":"Point","coordinates":[193011.6774907332,385000.61379055603]},"properties":{"OBJECTID_1":2617,"efficiency":0,"stop_code":19597,"Muni_Heb":"אילת","stop_name":"החשמונאים/כנענים"}},
{"type":"Feature","geometry":{"type":"Point","coordinates":[193719.9134816669,384981.7866420697]},"properties":{"OBJECTID_1":2618,"efficiency":0,"stop_code":19598,"Muni_Heb":"אילת","stop_name":"ששת הימים/סתוונית"}},
{"type":"Feature","geometry":{"type":"Point","coordinates":[193901.89472363974,385308.4800256767]},"properties":{"OBJECTID_1":2619,"efficiency":0,"stop_code":19599,"Muni_Heb":"אילת","stop_name":"בית חולים יוספטל"}},
{"type":"Feature","geometry":{"type":"Point","coordinates":[193780.69131799083,385409.84900124476]},"properties":{"OBJECTID_1":2620,"efficiency":0,"stop_code":19600,"Muni_Heb":"אילת","stop_name":"ששת הימים/יהושפט"}},
{"type":"Feature","geometry":{"type":"Point","coordinates":[193393.91765484255,385373.8283202207]},"properties":{"OBJECTID_1":2621,"efficiency":0,"stop_code":19601,"Muni_Heb":"אילת","stop_name":"דקר/חלילן"}},
{"type":"Feature","geometry":{"type":"Point","coordinates":[193174.62188116874,385425.10752294783]},"properties":{"OBJECTID_1":2622,"efficiency":0,"stop_code":19602,"Muni_Heb":"אילת","stop_name":"דקר/בתרן"}},
{"type":"Feature","geometry":{"type":"Point","coordinates":[193234.6135456685,385591.68114948104]},"properties":{"OBJECTID_1":2623,"efficiency":0,"stop_code":19603,"Muni_Heb":"אילת","stop_name":"זהרון/משעול גיטרן"}},
{"type":"Feature","geometry":{"type":"Point","coordinates":[193392.973225228,385551.4073972983]},"properties":{"OBJECTID_1":2624,"efficiency":0,"stop_code":19604,"Muni_Heb":"אילת","stop_name":"זהרון/מרכז עינת"}},
{"type":"Feature","geometry":{"type":"Point","coordinates":[193468.66947632254,385763.6146981345]},"properties":{"OBJECTID_1":2625,"efficiency":0,"stop_code":19605,"Muni_Heb":"אילת","stop_name":"החותרים/הסיגלית"}},
{"type":"Feature","geometry":{"type":"Point","coordinates":[193303.34908540722,385893.1355576307]},"properties":{"OBJECTID_1":2626,"efficiency":0,"stop_code":19606,"Muni_Heb":"אילת","stop_name":"הסיגלית/משעול דרדר"}},
{"type":"Feature","geometry":{"type":"Point","coordinates":[193380.97628530447,385977.30949977034]},"properties":{"OBJECTID_1":2627,"efficiency":0,"stop_code":19607,"Muni_Heb":"אילת","stop_name":"יהל/החותרים"}},
{"type":"Feature","geometry":{"type":"Point","coordinates":[193530.17593050757,386001.23938113754]},"properties":{"OBJECTID_1":2628,"efficiency":0,"stop_code":19608,"Muni_Heb":"אילת","stop_name":"יהל/נירית"}},
{"type":"Feature","geometry":{"type":"Point","coordinates":[194653.47478562273,385264.4506024904]},"properties":{"OBJECTID_1":2629,"efficiency":0,"stop_code":19609,"Muni_Heb":"אילת","stop_name":"דרך יותם/חטיבת הנגב"}},
{"type":"Feature","geometry":{"type":"Point","coordinates":[196490.1618153092,384713.1811764169]},"properties":{"OBJECTID_1":2630,"efficiency":0,"stop_code":19610,"Muni_Heb":"אילת","stop_name":"מלון הרודס"}},
{"type":"Feature","geometry":{"type":"Point","coordinates":[196165.13613779467,385389.01793233206]},"properties":{"OBJECTID_1":2631,"efficiency":0,"stop_code":19611,"Muni_Heb":"אילת","stop_name":"קאמפן/מלון אגמים"}},
{"type":"Feature","geometry":{"type":"Point","coordinates":[196121.8946051026,385380.57257289]},"properties":{"OBJECTID_1":2632,"efficiency":0,"stop_code":19612,"Muni_Heb":"אילת","stop_name":"קאמפן/אריקה"}},
{"type":"Feature","geometry":{"type":"Point","coordinates":[196036.91529437882,385434.1777318624]},"properties":{"OBJECTID_1":2633,"efficiency":0,"stop_code":19613,"Muni_Heb":"אילת","stop_name":"קאמפן/דרך המלונות"}},
{"type":"Feature","geometry":{"type":"Point","coordinates":[195779.50801812045,386718.65695547184]},"properties":{"OBJECTID_1":2634,"efficiency":0,"stop_code":19614,"Muni_Heb":"אילת","stop_name":"הסתת/ביג"}},
{"type":"Feature","geometry":{"type":"Point","coordinates":[194672.59157200568,385275.4930450241]},"properties":{"OBJECTID_1":2635,"efficiency":0,"stop_code":19615,"Muni_Heb":"אילת","stop_name":"מרכז המוסיקה/דרך יותם"}},
{"type":"Feature","geometry":{"type":"Point","coordinates":[193750.9420080978,386088.41148004285]},"properties":{"OBJECTID_1":2636,"efficiency":0,"stop_code":19616,"Muni_Heb":"אילת","stop_name":"הספורטאים/בית ספר בגין"}},
{"type":"Feature","geometry":{"type":"Point","coordinates":[193380.12700101567,385987.1768908374]},"properties":{"OBJECTID_1":2637,"efficiency":0,"stop_code":19617,"Muni_Heb":"אילת","stop_name":"יהל/הסיגלית"}},
{"type":"Feature","geometry":{"type":"Point","coordinates":[193293.8425994176,385889.16720247327]},"properties":{"OBJECTID_1":2638,"efficiency":0,"stop_code":19618,"Muni_Heb":"אילת","stop_name":"הסיגלית/משעול הדס"}},
{"type":"Feature","geometry":{"type":"Point","coordinates":[193462.51429040337,385742.12460941257]},"properties":{"OBJECTID_1":2639,"efficiency":0,"stop_code":19619,"Muni_Heb":"אילת","stop_name":"החותרים/ארגמן"}},
{"type":"Feature","geometry":{"type":"Point","coordinates":[193532.11671225989,385498.8762525017]},"properties":{"OBJECTID_1":2640,"efficiency":0,"stop_code":19620,"Muni_Heb":"אילת","stop_name":"זהרון/דקר"}},
{"type":"Feature","geometry":{"type":"Point","coordinates":[193756.70584480293,385431.40824811213]},"properties":{"OBJECTID_1":2641,"efficiency":0,"stop_code":19621,"Muni_Heb":"אילת","stop_name":"ששת הימים/דרך יותם"}},
{"type":"Feature","geometry":{"type":"Point","coordinates":[193776.58796180892,385183.61989490764]},"properties":{"OBJECTID_1":2642,"efficiency":0,"stop_code":19622,"Muni_Heb":"אילת","stop_name":"ששת הימים/מתנס שחמון"}},
{"type":"Feature","geometry":{"type":"Point","coordinates":[193704.9331696037,385000.1106878122]},"properties":{"OBJECTID_1":2643,"efficiency":0,"stop_code":19623,"Muni_Heb":"אילת","stop_name":"ששת הימים/דרך הגיא"}},
{"type":"Feature","geometry":{"type":"Point","coordinates":[195712.36067163764,384889.9372447904]},"properties":{"OBJECTID_1":2644,"efficiency":1,"stop_code":19624,"Muni_Heb":"אילת","stop_name":"תרשיש/מלון בל"}},
{"type":"Feature","geometry":{"type":"Point","coordinates":[194277.22543609847,385686.83910847316]},"properties":{"OBJECTID_1":2645,"efficiency":0,"stop_code":19625,"Muni_Heb":"אילת","stop_name":"לוס אנג'לס/סיני"}},
{"type":"Feature","geometry":{"type":"Point","coordinates":[194041.71028245104,385422.0024085342]},"properties":{"OBJECTID_1":2646,"efficiency":0,"stop_code":19626,"Muni_Heb":"אילת","stop_name":"ארגמן/דרך יותם"}},
{"type":"Feature","geometry":{"type":"Point","coordinates":[194112.54511889745,385117.234969946]},"properties":{"OBJECTID_1":2647,"efficiency":0,"stop_code":19627,"Muni_Heb":"אילת","stop_name":"ארגמן/הצפצפה"}},
{"type":"Feature","geometry":{"type":"Point","coordinates":[194193.32717857417,384967.1879712972]},"properties":{"OBJECTID_1":2648,"efficiency":0,"stop_code":19628,"Muni_Heb":"אילת","stop_name":"ארגמן/חטיבת הנגב"}},
{"type":"Feature","geometry":{"type":"Point","coordinates":[194199.30527635102,384608.8068005874]},"properties":{"OBJECTID_1":2649,"efficiency":0,"stop_code":19629,"Muni_Heb":"אילת","stop_name":"חטיבת הנגב/דרך הגיא"}},
{"type":"Feature","geometry":{"type":"Point","coordinates":[193935.87660041422,384312.2223260959]},"properties":{"OBJECTID_1":2650,"efficiency":0,"stop_code":19630,"Muni_Heb":"אילת","stop_name":"הדובדבן/משעול אלון"}},
{"type":"Feature","geometry":{"type":"Point","coordinates":[193857.80842450523,384505.38426746055]},"properties":{"OBJECTID_1":2651,"efficiency":0,"stop_code":19631,"Muni_Heb":"אילת","stop_name":"הדובדבן/משעול אגוז"}},
{"type":"Feature","geometry":{"type":"Point","coordinates":[193712.24607666815,384596.6113747762]},"properties":{"OBJECTID_1":2652,"efficiency":0,"stop_code":19632,"Muni_Heb":"אילת","stop_name":"הדובדבן/בננה"}},
{"type":"Feature","geometry":{"type":"Point","coordinates":[193601.56291217008,384386.8110318562]},"properties":{"OBJECTID_1":2653,"efficiency":0,"stop_code":19633,"Muni_Heb":"אילת","stop_name":"האגס/משעול אתרוג"}},
{"type":"Feature","geometry":{"type":"Point","coordinates":[193528.0805076557,384296.6403345961]},"properties":{"OBJECTID_1":2654,"efficiency":0,"stop_code":19634,"Muni_Heb":"אילת","stop_name":"עין נטפים/משעול אשכולית"}},
{"type":"Feature","geometry":{"type":"Point","coordinates":[192966.96871413235,384207.49886385887]},"properties":{"OBJECTID_1":2655,"efficiency":0,"stop_code":19637,"Muni_Heb":"אילת","stop_name":"עין יהב/עין עקב"}},
{"type":"Feature","geometry":{"type":"Point","coordinates":[192801.7490828263,384386.7965722579]},"properties":{"OBJECTID_1":2656,"efficiency":0,"stop_code":19638,"Muni_Heb":"אילת","stop_name":"עין יהב/דרך הרים"}},
{"type":"Feature","geometry":{"type":"Point","coordinates":[194220.85810376913,386219.8070801708]},"properties":{"OBJECTID_1":2657,"efficiency":0,"stop_code":19639,"Muni_Heb":"אילת","stop_name":"ששת הימים/כיכר חצרות"}},
{"type":"Feature","geometry":{"type":"Point","coordinates":[194897.709839295,386064.7821929364]},"properties":{"OBJECTID_1":2658,"efficiency":0,"stop_code":19640,"Muni_Heb":"אילת","stop_name":"רודד/שדרות התמרים"}},
{"type":"Feature","geometry":{"type":"Point","coordinates":[194950.43225638173,386377.1444453177]},"properties":{"OBJECTID_1":2659,"efficiency":0,"stop_code":19641,"Muni_Heb":"אילת","stop_name":"שדרות התמרים/תמר"}},
{"type":"Feature","geometry":{"type":"Point","coordinates":[195122.01736176858,386583.94396077096]},"properties":{"OBJECTID_1":2660,"efficiency":0,"stop_code":19642,"Muni_Heb":"אילת","stop_name":"המלחה/הגופרית"}},
{"type":"Feature","geometry":{"type":"Point","coordinates":[195278.00163223717,386569.0856890061]},"properties":{"OBJECTID_1":2661,"efficiency":0,"stop_code":19643,"Muni_Heb":"אילת","stop_name":"המלחה/חטיבת גולני"}},
{"type":"Feature","geometry":{"type":"Point","coordinates":[194957.31919623396,385714.37568282627]},"properties":{"OBJECTID_1":2662,"efficiency":0,"stop_code":19644,"Muni_Heb":"אילת","stop_name":"שדרות התמרים/מדיין"}},
{"type":"Feature","geometry":{"type":"Point","coordinates":[194979.4081714171,385666.7741444091]},"properties":{"OBJECTID_1":2663,"efficiency":0,"stop_code":19645,"Muni_Heb":"אילת","stop_name":"שדרות התמרים/האלמוגים"}},
{"type":"Feature","geometry":{"type":"Point","coordinates":[195379.9400950139,386069.9444687007]},"properties":{"OBJECTID_1":2664,"efficiency":0,"stop_code":19646,"Muni_Heb":"אילת","stop_name":"חטיבת גולני/המלאכה"}},
{"type":"Feature","geometry":{"type":"Point","coordinates":[195281.70506370591,386578.83225274994]},"properties":{"OBJECTID_1":2665,"efficiency":0,"stop_code":19647,"Muni_Heb":"אילת","stop_name":"המלחה/הצבאים"}},
{"type":"Feature","geometry":{"type":"Point","coordinates":[195044.4249488808,386596.8599390356]},"properties":{"OBJECTID_1":2666,"efficiency":0,"stop_code":19648,"Muni_Heb":"אילת","stop_name":"המלחה/הברדלס"}},
{"type":"Feature","geometry":{"type":"Point","coordinates":[194927.59591582892,386392.491282313]},"properties":{"OBJECTID_1":2667,"efficiency":0,"stop_code":19649,"Muni_Heb":"אילת","stop_name":"שדרות התמרים/בית ספר אלון"}},
{"type":"Feature","geometry":{"type":"Point","coordinates":[194704.09831169943,386070.5282606428]},"properties":{"OBJECTID_1":2668,"efficiency":0,"stop_code":19650,"Muni_Heb":"אילת","stop_name":"רודד/ברנע"}},
{"type":"Feature","geometry":{"type":"Point","coordinates":[194206.37657375526,386244.1151806519]},"properties":{"OBJECTID_1":2669,"efficiency":0,"stop_code":19651,"Muni_Heb":"אילת","stop_name":"ששת הימים/מרכז משל"}},
{"type":"Feature","geometry":{"type":"Point","coordinates":[194004.55373234412,385960.69193597033]},"properties":{"OBJECTID_1":2670,"efficiency":0,"stop_code":19652,"Muni_Heb":"אילת","stop_name":"ששת הימים/הספורטאים"}},
{"type":"Feature","geometry":{"type":"Point","coordinates":[193503.79283073818,384314.0994014025]},"properties":{"OBJECTID_1":2671,"efficiency":0,"stop_code":19654,"Muni_Heb":"אילת","stop_name":"עין נטפים/נחל חימר"}},
{"type":"Feature","geometry":{"type":"Point","coordinates":[193609.35736129808,384404.4177610297]},"properties":{"OBJECTID_1":2672,"efficiency":0,"stop_code":19655,"Muni_Heb":"אילת","stop_name":"האגס/לימון"}},
{"type":"Feature","geometry":{"type":"Point","coordinates":[193876.55719107928,384481.6203379343]},"properties":{"OBJECTID_1":2673,"efficiency":0,"stop_code":19656,"Muni_Heb":"אילת","stop_name":"דובדבן/שקד"}},
{"type":"Feature","geometry":{"type":"Point","coordinates":[194185.58942022515,385017.19730383414]},"properties":{"OBJECTID_1":2674,"efficiency":0,"stop_code":19657,"Muni_Heb":"אילת","stop_name":"ארגמן/הנשר"}},
{"type":"Feature","geometry":{"type":"Point","coordinates":[194263.43218931128,384679.49385330407]},"properties":{"OBJECTID_1":2675,"efficiency":0,"stop_code":19693,"Muni_Heb":"אילת","stop_name":"חטיבת הנגב/ברקן"}},
{"type":"Feature","geometry":{"type":"Point","coordinates":[194130.50947517107,385132.60212289344]},"properties":{"OBJECTID_1":2676,"efficiency":0,"stop_code":19694,"Muni_Heb":"אילת","stop_name":"ארגמן/דרך יותם"}},
{"type":"Feature","geometry":{"type":"Point","coordinates":[193886.71609537263,386132.99434524693]},"properties":{"OBJECTID_1":2677,"efficiency":0,"stop_code":19700,"Muni_Heb":"אילת","stop_name":"מלכת שבא/האצטדיון"}},
{"type":"Feature","geometry":{"type":"Point","coordinates":[193980.69286852967,386378.3067933391]},"properties":{"OBJECTID_1":2678,"efficiency":0,"stop_code":19701,"Muni_Heb":"אילת","stop_name":"מלכת שבא/צור"}},
{"type":"Feature","geometry":{"type":"Point","coordinates":[194122.2013846155,386518.20795720705]},"properties":{"OBJECTID_1":2679,"efficiency":0,"stop_code":19702,"Muni_Heb":"אילת","stop_name":"מלכת שבא/גרניט"}},
{"type":"Feature","geometry":{"type":"Point","coordinates":[194563.04043025448,385565.0457891455]},"properties":{"OBJECTID_1":2680,"efficiency":0,"stop_code":19703,"Muni_Heb":"אילת","stop_name":"אילות/השיטה"}},
{"type":"Feature","geometry":{"type":"Point","coordinates":[190723.8885585417,378768.558514841]},"properties":{"OBJECTID_1":2681,"efficiency":0,"stop_code":19716,"Muni_Heb":"אילת","stop_name":"דרך מצרים/מלון הנסיכה"}},
{"type":"Feature","geometry":{"type":"Point","coordinates":[191109.67300713313,379011.1094402746]},"properties":{"OBJECTID_1":2682,"efficiency":0,"stop_code":19748,"Muni_Heb":"אילת","stop_name":"דרך מצרים/סנובה"}},
{"type":"Feature","geometry":{"type":"Point","coordinates":[192669.5788777857,384035.172267074]},"properties":{"OBJECTID_1":2683,"efficiency":0,"stop_code":19760,"Muni_Heb":"אילת","stop_name":"שרה אמנו/רות המואביה"}},
{"type":"Feature","geometry":{"type":"Point","coordinates":[190817.72442939272,378793.5923142858]},"properties":{"OBJECTID_1":2684,"efficiency":0,"stop_code":19765,"Muni_Heb":"אילת","stop_name":"דרך מצרים/מלון הנסיכה"}},
{"type":"Feature","geometry":{"type":"Point","coordinates":[191421.88299142147,379231.13301616465]},"properties":{"OBJECTID_1":2685,"efficiency":0,"stop_code":19787,"Muni_Heb":"אילת","stop_name":"דרך מצרים/חוף מגדלור"}},
{"type":"Feature","geometry":{"type":"Point","coordinates":[194487.58345015757,384928.84172295546]},"properties":{"OBJECTID_1":2686,"efficiency":0,"stop_code":19795,"Muni_Heb":"אילת","stop_name":"חטיבת הנגב/משעול כנרת"}},
{"type":"Feature","geometry":{"type":"Point","coordinates":[194593.78117012954,385092.43757757894]},"properties":{"OBJECTID_1":2687,"efficiency":0,"stop_code":19796,"Muni_Heb":"אילת","stop_name":"חטיבת הנגב/אילות"}},
{"type":"Feature","geometry":{"type":"Point","coordinates":[194077.46283501043,385418.0417988667]},"properties":{"OBJECTID_1":2688,"efficiency":0,"stop_code":19797,"Muni_Heb":"אילת","stop_name":"ארגמן/שחמון"}},
{"type":"Feature","geometry":{"type":"Point","coordinates":[194077.99172132905,385566.24295238935]},"properties":{"OBJECTID_1":2689,"efficiency":0,"stop_code":19798,"Muni_Heb":"אילת","stop_name":"שחמון/משעול ספיר"}},
{"type":"Feature","geometry":{"type":"Point","coordinates":[192351.5606474461,380617.7586098046]},"properties":{"OBJECTID_1":2690,"efficiency":0,"stop_code":19810,"Muni_Heb":"אילת","stop_name":"דרך מצרים/חוף אלמוג"}},
{"type":"Feature","geometry":{"type":"Point","coordinates":[194343.82736993095,385783.79178680235]},"properties":{"OBJECTID_1":2691,"efficiency":0,"stop_code":19829,"Muni_Heb":"אילת","stop_name":"סיני/מואב"}},
{"type":"Feature","geometry":{"type":"Point","coordinates":[197511.24081660312,389724.52095626196]},"properties":{"OBJECTID_1":2692,"efficiency":0,"stop_code":19876,"Muni_Heb":"אילת","stop_name":"אזור תעשיה שחורת"}},
{"type":"Feature","geometry":{"type":"Point","coordinates":[197208.8534262074,389073.44646715245]},"properties":{"OBJECTID_1":2693,"efficiency":0,"stop_code":19877,"Muni_Heb":"אילת","stop_name":"בסיס נ.מ. אילת"}},
{"type":"Feature","geometry":{"type":"Point","coordinates":[195690.86389044023,386271.7987919561]},"properties":{"OBJECTID_1":2694,"efficiency":0,"stop_code":19893,"Muni_Heb":"אילת","stop_name":"המלאכה/התעשייה"}},
{"type":"Feature","geometry":{"type":"Point","coordinates":[195779.07662119702,386238.8016007209]},"properties":{"OBJECTID_1":2695,"efficiency":0,"stop_code":19894,"Muni_Heb":"אילת","stop_name":"המלאכה/התעשייה"}},
{"type":"Feature","geometry":{"type":"Point","coordinates":[195654.68207082766,386437.8132963471]},"properties":{"OBJECTID_1":2696,"efficiency":0,"stop_code":19895,"Muni_Heb":"אילת","stop_name":"המוצר/האומן"}},
{"type":"Feature","geometry":{"type":"Point","coordinates":[195664.95852868792,386439.8975998721]},"properties":{"OBJECTID_1":2697,"efficiency":0,"stop_code":19896,"Muni_Heb":"אילת","stop_name":"המוצר/האומן"}},
{"type":"Feature","geometry":{"type":"Point","coordinates":[195739.60257571528,386727.4982069849]},"properties":{"OBJECTID_1":2698,"efficiency":0,"stop_code":19897,"Muni_Heb":"אילת","stop_name":"המוצר/הסתת"}},
{"type":"Feature","geometry":{"type":"Point","coordinates":[195749.7747520633,386726.25734836643]},"properties":{"OBJECTID_1":2699,"efficiency":0,"stop_code":19898,"Muni_Heb":"אילת","stop_name":"המוצר/הסתת"}},
{"type":"Feature","geometry":{"type":"Point","coordinates":[195350.86798869228,384897.1369209789]},"properties":{"OBJECTID_1":2700,"efficiency":0,"stop_code":19899,"Muni_Heb":"אילת","stop_name":"קניון מול הים/דרבן"}},
{"type":"Feature","geometry":{"type":"Point","coordinates":[195120.1514621961,384919.13900402695]},"properties":{"OBJECTID_1":2701,"efficiency":0,"stop_code":19900,"Muni_Heb":"אילת","stop_name":"דרך יותם/הבז"}},
{"type":"Feature","geometry":{"type":"Point","coordinates":[195307.63055430845,387053.0907715007]},"properties":{"OBJECTID_1":2702,"efficiency":0,"stop_code":19907,"Muni_Heb":"אילת","stop_name":"נווה מדבר/משעול גירית"}},
{"type":"Feature","geometry":{"type":"Point","coordinates":[195289.03398024617,386832.10189389077]},"properties":{"OBJECTID_1":2703,"efficiency":0,"stop_code":19908,"Muni_Heb":"אילת","stop_name":"נווה מדבר/משעול גרביל"}},
{"type":"Feature","geometry":{"type":"Point","coordinates":[195404.21230452205,386904.45909324277]},"properties":{"OBJECTID_1":2704,"efficiency":0,"stop_code":19909,"Muni_Heb":"אילת","stop_name":"נווה מדבר/משעול מריון"}},
{"type":"Feature","geometry":{"type":"Point","coordinates":[194558.93604234728,386990.87976064446]},"properties":{"OBJECTID_1":2705,"efficiency":0,"stop_code":19122,"Muni_Heb":"אילת","stop_name":"בית עלמין אילת"}},
{"type":"Feature","geometry":{"type":"Point","coordinates":[192919.03921882843,385294.24431802786]},"properties":{"OBJECTID_1":2706,"efficiency":0,"stop_code":19121,"Muni_Heb":"אילת","stop_name":"דרך הרים/דרך הגיא"}},
{"type":"Feature","geometry":{"type":"Point","coordinates":[197594.9168402926,389860.14516422723]},"properties":{"OBJECTID_1":2707,"efficiency":0,"stop_code":11615,"Muni_Heb":"אילת","stop_name":"אזור תעשייה שחורת/כביש 90"}},
{"type":"Feature","geometry":{"type":"Point","coordinates":[193798.4998880487,385187.44941466145]},"properties":{"OBJECTID_1":2708,"efficiency":0,"stop_code":11722,"Muni_Heb":"אילת","stop_name":"ששת הימים/דרך יותם"}},
{"type":"Feature","geometry":{"type":"Point","coordinates":[195923.4812258275,386937.60928930546]},"properties":{"OBJECTID_1":2709,"efficiency":0,"stop_code":11929,"Muni_Heb":"אילת","stop_name":"הסוור/הספן"}},
{"type":"Feature","geometry":{"type":"Point","coordinates":[195906.19884356504,386921.461921255]},"properties":{"OBJECTID_1":2710,"efficiency":0,"stop_code":11928,"Muni_Heb":"אילת","stop_name":"הסוור/הדייג"}},
{"type":"Feature","geometry":{"type":"Point","coordinates":[193312.80276090046,383709.9841549815]},"properties":{"OBJECTID_1":2711,"efficiency":0,"stop_code":11991,"Muni_Heb":"אילת","stop_name":"דרך הבשמים"}},
{"type":"Feature","geometry":{"type":"Point","coordinates":[193420.73638978117,383522.95672339294]},"properties":{"OBJECTID_1":2712,"efficiency":0,"stop_code":11990,"Muni_Heb":"אילת","stop_name":"דודאים/שן הארי"}},
{"type":"Feature","geometry":{"type":"Point","coordinates":[193196.2238258269,383389.9090969035]},"properties":{"OBJECTID_1":2713,"efficiency":0,"stop_code":11989,"Muni_Heb":"אילת","stop_name":"דרך התבלינים/דודאים"}},
{"type":"Feature","geometry":{"type":"Point","coordinates":[193816.05033746464,383748.06381753774]},"properties":{"OBJECTID_1":2714,"efficiency":0,"stop_code":11994,"Muni_Heb":"אילת","stop_name":"דרך התבלינים/כוכב"}},
{"type":"Feature","geometry":{"type":"Point","coordinates":[193717.48748166338,383669.58805419586]},"properties":{"OBJECTID_1":2715,"efficiency":0,"stop_code":11993,"Muni_Heb":"אילת","stop_name":"דפנה/גדילן"}},
{"type":"Feature","geometry":{"type":"Point","coordinates":[193577.0427312013,383798.6038172959]},"properties":{"OBJECTID_1":2716,"efficiency":0,"stop_code":11992,"Muni_Heb":"אילת","stop_name":"דפנה/מרווה"}},
{"type":"Feature","geometry":{"type":"Point","coordinates":[196328.8986939252,387022.893995286]},"properties":{"OBJECTID_1":2717,"efficiency":0,"stop_code":12395,"Muni_Heb":"אילת","stop_name":"כיכר טורונטו/דרך הערבה"}},
{"type":"Feature","geometry":{"type":"Point","coordinates":[196216.8366793672,386860.95652888296]},"properties":{"OBJECTID_1":2718,"efficiency":0,"stop_code":12394,"Muni_Heb":"אילת","stop_name":"כיכר טורונטו/דרך הערבה"}},
{"type":"Feature","geometry":{"type":"Point","coordinates":[198070.22042444316,391092.9583800159]},"properties":{"OBJECTID_1":2719,"efficiency":0,"stop_code":12575,"Muni_Heb":"אילת","stop_name":"מחסום המכס/יציאה מאילת"}},
{"type":"Feature","geometry":{"type":"Point","coordinates":[195123.13438935208,385490.3259570745]},"properties":{"OBJECTID_1":2720,"efficiency":0,"stop_code":10466,"Muni_Heb":"אילת","stop_name":"ת. מרכזית אילת/רציפים"}},
{"type":"Feature","geometry":{"type":"Point","coordinates":[195123.13438935208,385490.3259570745]},"properties":{"OBJECTID_1":2721,"efficiency":0,"stop_code":10466,"Muni_Heb":"אילת","stop_name":"ת. מרכזית אילת/רציפים"}},
{"type":"Feature","geometry":{"type":"Point","coordinates":[195123.13438935208,385490.3259570745]},"properties":{"OBJECTID_1":2722,"efficiency":0,"stop_code":10466,"Muni_Heb":"אילת","stop_name":"ת. מרכזית אילת/רציפים"}},
{"type":"Feature","geometry":{"type":"Point","coordinates":[195123.13438935208,385490.3259570745]},"properties":{"OBJECTID_1":2723,"efficiency":0,"stop_code":10466,"Muni_Heb":"אילת","stop_name":"ת. מרכזית אילת/רציפים"}},
{"type":"Feature","geometry":{"type":"Point","coordinates":[195123.13438935208,385490.3259570745]},"properties":{"OBJECTID_1":2724,"efficiency":0,"stop_code":10466,"Muni_Heb":"אילת","stop_name":"ת. מרכזית אילת/רציפים"}},
{"type":"Feature","geometry":{"type":"Point","coordinates":[195123.13438935208,385490.3259570745]},"properties":{"OBJECTID_1":2725,"efficiency":0,"stop_code":10466,"Muni_Heb":"אילת","stop_name":"ת. מרכזית אילת/רציפים"}},
{"type":"Feature","geometry":{"type":"Point","coordinates":[190579.4760190587,378609.19870463834]},"properties":{"OBJECTID_1":2726,"efficiency":0,"stop_code":12939,"Muni_Heb":"אילת","stop_name":"דרך מצרים/מתחם קולוניה "}},
{"type":"Feature","geometry":{"type":"Point","coordinates":[196411.47293394685,386700.04862977075]},"properties":{"OBJECTID_1":2727,"efficiency":1,"stop_code":13121,"Muni_Heb":"אילת","stop_name":"קריית הספורט/דרך המלונות"}},
{"type":"Feature","geometry":{"type":"Point","coordinates":[196325.72948804402,386566.8763149434]},"properties":{"OBJECTID_1":2728,"efficiency":1,"stop_code":13125,"Muni_Heb":"אילת","stop_name":"קריית הספורט/דרך המלונות"}},
{"type":"Feature","geometry":{"type":"Point","coordinates":[179920.47036840912,572750.7105247331]},"properties":{"OBJECTID_1":2729,"efficiency":0,"stop_code":669,"Muni_Heb":"באר שבע","stop_name":"שדרות דוד טוביהו/סוקולוב"}},
{"type":"Feature","geometry":{"type":"Point","coordinates":[177807.4861765155,573598.4430688043]},"properties":{"OBJECTID_1":2730,"efficiency":0,"stop_code":10053,"Muni_Heb":"באר שבע","stop_name":"שדרות דוד טוביהו/שומרון"}},
{"type":"Feature","geometry":{"type":"Point","coordinates":[179427.76126377413,572847.1552401552]},"properties":{"OBJECTID_1":2731,"efficiency":0,"stop_code":10056,"Muni_Heb":"באר שבע","stop_name":"מגדלי רמב''ם/טוביהו"}},
{"type":"Feature","geometry":{"type":"Point","coordinates":[176285.5900480071,574615.5764355588]},"properties":{"OBJECTID_1":2732,"efficiency":0,"stop_code":10058,"Muni_Heb":"באר שבע","stop_name":"שדרות דוד טוביהו/מוטה גור"}},
{"type":"Feature","geometry":{"type":"Point","coordinates":[180838.5909204546,570413.8869455726]},"properties":{"OBJECTID_1":2733,"efficiency":0,"stop_code":10140,"Muni_Heb":"באר שבע","stop_name":"לשכת גיוס/אפיקים בנגב"}},
{"type":"Feature","geometry":{"type":"Point","coordinates":[181011.6954989039,569938.1452834862]},"properties":{"OBJECTID_1":2734,"efficiency":0,"stop_code":10162,"Muni_Heb":"באר שבע","stop_name":"מחנה נתן/תוצרת הארץ"}},
{"type":"Feature","geometry":{"type":"Point","coordinates":[181824.34073678032,574494.9108289053]},"properties":{"OBJECTID_1":2735,"efficiency":0,"stop_code":10846,"Muni_Heb":"באר שבע","stop_name":"ת. רכבת ב''ש צפון"}},
{"type":"Feature","geometry":{"type":"Point","coordinates":[176741.6144459881,575104.0142279238]},"properties":{"OBJECTID_1":2736,"efficiency":0,"stop_code":10920,"Muni_Heb":"באר שבע","stop_name":"פרץ סמולנסקין/ברוידס"}},
{"type":"Feature","geometry":{"type":"Point","coordinates":[176944.92863568198,574439.1395778586]},"properties":{"OBJECTID_1":2737,"efficiency":0,"stop_code":10925,"Muni_Heb":"באר שבע","stop_name":"פיינגבאום/מרכז מסחרי"}},
{"type":"Feature","geometry":{"type":"Point","coordinates":[176996.6682166204,575103.4227770339]},"properties":{"OBJECTID_1":2738,"efficiency":0,"stop_code":10926,"Muni_Heb":"באר שבע","stop_name":"אפרים לוזון/קדושי סלוניקי"}},
{"type":"Feature","geometry":{"type":"Point","coordinates":[177015.10299837237,572335.7235168596]},"properties":{"OBJECTID_1":2739,"efficiency":0,"stop_code":10928,"Muni_Heb":"באר שבע","stop_name":"כיכר הטפטפת/דרך ג'ו יוסף אלון"}},
{"type":"Feature","geometry":{"type":"Point","coordinates":[177069.43158142062,574395.6154415114]},"properties":{"OBJECTID_1":2740,"efficiency":0,"stop_code":10930,"Muni_Heb":"באר שבע","stop_name":"שיבא/אוליצקי"}},
{"type":"Feature","geometry":{"type":"Point","coordinates":[177307.2968617509,572956.016847753]},"properties":{"OBJECTID_1":2741,"efficiency":0,"stop_code":10932,"Muni_Heb":"באר שבע","stop_name":"משה וילנסקי/דן פטנקין"}},
{"type":"Feature","geometry":{"type":"Point","coordinates":[177289.3239235994,573533.2081712356]},"properties":{"OBJECTID_1":2742,"efficiency":0,"stop_code":10933,"Muni_Heb":"באר שבע","stop_name":"מרכז מסחרי/הגאונים"}},
{"type":"Feature","geometry":{"type":"Point","coordinates":[177321.03071843766,572651.380552958]},"properties":{"OBJECTID_1":2743,"efficiency":0,"stop_code":10934,"Muni_Heb":"באר שבע","stop_name":"משה וילנסקי/בנימין מזר"}},
{"type":"Feature","geometry":{"type":"Point","coordinates":[177421.38997390657,574305.0542965303]},"properties":{"OBJECTID_1":2744,"efficiency":0,"stop_code":10936,"Muni_Heb":"באר שבע","stop_name":"גולדה מאיר/סרלין"}},
{"type":"Feature","geometry":{"type":"Point","coordinates":[177640.46800413344,573852.3518499833]},"properties":{"OBJECTID_1":2745,"efficiency":0,"stop_code":10941,"Muni_Heb":"באר שבע","stop_name":"גולדה מאיר/משה שרת"}},
{"type":"Feature","geometry":{"type":"Point","coordinates":[177757.13158384207,571927.6051694509]},"properties":{"OBJECTID_1":2746,"efficiency":0,"stop_code":10945,"Muni_Heb":"באר שבע","stop_name":"מקור חיים / יהושע ייבין"}},
{"type":"Feature","geometry":{"type":"Point","coordinates":[177795.06560297543,573180.8157183772]},"properties":{"OBJECTID_1":2747,"efficiency":0,"stop_code":10948,"Muni_Heb":"באר שבע","stop_name":"שומרון / בית שאן"}},
{"type":"Feature","geometry":{"type":"Point","coordinates":[177793.4491392626,571620.2195108616]},"properties":{"OBJECTID_1":2748,"efficiency":0,"stop_code":10949,"Muni_Heb":"באר שבע","stop_name":"רוזנבלום / רבניצקי"}},
{"type":"Feature","geometry":{"type":"Point","coordinates":[177857.67368795897,572561.3156427373]},"properties":{"OBJECTID_1":2749,"efficiency":0,"stop_code":10950,"Muni_Heb":"באר שבע","stop_name":"אפק"}},
{"type":"Feature","geometry":{"type":"Point","coordinates":[177922.05663337852,575615.0810692898]},"properties":{"OBJECTID_1":2750,"efficiency":0,"stop_code":10952,"Muni_Heb":"באר שבע","stop_name":"רודנסקי/פינקרפלד"}},
{"type":"Feature","geometry":{"type":"Point","coordinates":[177891.15621199712,575315.499925565]},"properties":{"OBJECTID_1":2751,"efficiency":0,"stop_code":10953,"Muni_Heb":"באר שבע","stop_name":"ששת הימים/דקר"}},
{"type":"Feature","geometry":{"type":"Point","coordinates":[177857.84565878464,573374.3811815918]},"properties":{"OBJECTID_1":2752,"efficiency":0,"stop_code":10954,"Muni_Heb":"באר שבע","stop_name":"עין גדי"}},
{"type":"Feature","geometry":{"type":"Point","coordinates":[177973.96659049302,574701.0189004954]},"properties":{"OBJECTID_1":2753,"efficiency":0,"stop_code":10955,"Muni_Heb":"באר שבע","stop_name":"גולדה מאיר/רופין"}},
{"type":"Feature","geometry":{"type":"Point","coordinates":[177970.11207591978,574111.274486873]},"properties":{"OBJECTID_1":2754,"efficiency":0,"stop_code":10956,"Muni_Heb":"באר שבע","stop_name":"קניון שאול המלך"}},
{"type":"Feature","geometry":{"type":"Point","coordinates":[178032.89820332456,574163.6935534948]},"properties":{"OBJECTID_1":2755,"efficiency":0,"stop_code":10958,"Muni_Heb":"באר שבע","stop_name":"קניון שאול המלך"}},
{"type":"Feature","geometry":{"type":"Point","coordinates":[178034.4701393868,572316.2427828368]},"properties":{"OBJECTID_1":2756,"efficiency":0,"stop_code":10962,"Muni_Heb":"באר שבע","stop_name":"דרך ג'ו יוסף אלון/שדרות נפתלי הרץ אימבר"}},
{"type":"Feature","geometry":{"type":"Point","coordinates":[178032.1674085974,571877.1767658017]},"properties":{"OBJECTID_1":2757,"efficiency":0,"stop_code":10964,"Muni_Heb":"באר שבע","stop_name":"תיכון מקיף רגר/שדרות נפתלי הרץ אימבר"}},
{"type":"Feature","geometry":{"type":"Point","coordinates":[178077.60441363754,571657.6820154373]},"properties":{"OBJECTID_1":2758,"efficiency":0,"stop_code":10965,"Muni_Heb":"באר שבע","stop_name":"תיכון מקיף רגר/הנשיא הרצוג"}},
{"type":"Feature","geometry":{"type":"Point","coordinates":[178101.38658907707,575494.1808551648]},"properties":{"OBJECTID_1":2759,"efficiency":0,"stop_code":10966,"Muni_Heb":"באר שבע","stop_name":"חנה רובינא / אלישבע"}},
{"type":"Feature","geometry":{"type":"Point","coordinates":[178093.4887348692,571118.5334437984]},"properties":{"OBJECTID_1":2760,"efficiency":0,"stop_code":10967,"Muni_Heb":"באר שבע","stop_name":"אפרים לרון/עפרוני"}},
{"type":"Feature","geometry":{"type":"Point","coordinates":[178139.77367634934,574842.6213644696]},"properties":{"OBJECTID_1":2761,"efficiency":0,"stop_code":10968,"Muni_Heb":"באר שבע","stop_name":"בה''ס נווה במדבר/אבא אחימאיר"}},
{"type":"Feature","geometry":{"type":"Point","coordinates":[178078.27353371563,571634.0625266327]},"properties":{"OBJECTID_1":2762,"efficiency":0,"stop_code":10969,"Muni_Heb":"באר שבע","stop_name":"תיכון מקיף רגר/הנשיא הרצוג"}},
{"type":"Feature","geometry":{"type":"Point","coordinates":[178113.8919245429,574534.482633928]},"properties":{"OBJECTID_1":2763,"efficiency":0,"stop_code":10972,"Muni_Heb":"באר שבע","stop_name":"שדרות גולדה מאיר/הרב הרצוג"}},
{"type":"Feature","geometry":{"type":"Point","coordinates":[178134.70003958006,575706.8246623047]},"properties":{"OBJECTID_1":2764,"efficiency":0,"stop_code":10974,"Muni_Heb":"באר שבע","stop_name":"שמואל רודנסקי/יהושע ברטנוב"}},
{"type":"Feature","geometry":{"type":"Point","coordinates":[178303.31130563305,571854.046570763]},"properties":{"OBJECTID_1":2765,"efficiency":0,"stop_code":10975,"Muni_Heb":"באר שבע","stop_name":"שדרות יוהנה ז'בוטינסקי/קדיש סילמן"}},
{"type":"Feature","geometry":{"type":"Point","coordinates":[178221.00310194417,571758.3494129218]},"properties":{"OBJECTID_1":2766,"efficiency":0,"stop_code":10976,"Muni_Heb":"באר שבע","stop_name":"שדרות יוהנה ז'בוטינסקי/שדרות נפתלי הרץ אימבר"}},
{"type":"Feature","geometry":{"type":"Point","coordinates":[178281.9444868008,572916.78075037]},"properties":{"OBJECTID_1":2767,"efficiency":0,"stop_code":10977,"Muni_Heb":"באר שבע","stop_name":"בה''ס נתיבי עם/שדרות ירושלים"}},
{"type":"Feature","geometry":{"type":"Point","coordinates":[178321.05896826205,574268.7815306518]},"properties":{"OBJECTID_1":2768,"efficiency":0,"stop_code":10979,"Muni_Heb":"באר שבע","stop_name":"אלפסי/רחבת הרב קוק"}},
{"type":"Feature","geometry":{"type":"Point","coordinates":[178281.90545238112,574291.4432328494]},"properties":{"OBJECTID_1":2769,"efficiency":0,"stop_code":10980,"Muni_Heb":"באר שבע","stop_name":"אלפסי/רחבת הרב קוק"}},
{"type":"Feature","geometry":{"type":"Point","coordinates":[178364.64070905448,575158.1842644411]},"properties":{"OBJECTID_1":2770,"efficiency":0,"stop_code":10981,"Muni_Heb":"באר שבע","stop_name":"משה דיין/ברדיצ'בסקי"}},
{"type":"Feature","geometry":{"type":"Point","coordinates":[178316.73225229364,575036.0735663959]},"properties":{"OBJECTID_1":2771,"efficiency":0,"stop_code":10983,"Muni_Heb":"באר שבע","stop_name":"משה דיין/שטיין"}},
{"type":"Feature","geometry":{"type":"Point","coordinates":[178390.98598916922,572884.1993457164]},"properties":{"OBJECTID_1":2772,"efficiency":0,"stop_code":10984,"Muni_Heb":"באר שבע","stop_name":"בה''ס נתיבי עם/שדרות ירושלים"}},
{"type":"Feature","geometry":{"type":"Point","coordinates":[178387.4898576057,573622.2148321145]},"properties":{"OBJECTID_1":2773,"efficiency":0,"stop_code":10986,"Muni_Heb":"באר שבע","stop_name":"הצבי/הגלבוע"}},
{"type":"Feature","geometry":{"type":"Point","coordinates":[178394.1869959944,573629.7283374843]},"properties":{"OBJECTID_1":2774,"efficiency":0,"stop_code":10987,"Muni_Heb":"באר שבע","stop_name":"הצבי/קויפמן"}},
{"type":"Feature","geometry":{"type":"Point","coordinates":[178496.84064938754,574110.2041615695]},"properties":{"OBJECTID_1":2775,"efficiency":0,"stop_code":10988,"Muni_Heb":"באר שבע","stop_name":"אלפסי/דרך מצדה"}},
{"type":"Feature","geometry":{"type":"Point","coordinates":[178446.8829143843,574439.5954381521]},"properties":{"OBJECTID_1":2776,"efficiency":0,"stop_code":10989,"Muni_Heb":"באר שבע","stop_name":"פארק החייל האוסטרלי/אבא אחימאיר"}},
{"type":"Feature","geometry":{"type":"Point","coordinates":[178473.4031594401,574450.2470681067]},"properties":{"OBJECTID_1":2777,"efficiency":0,"stop_code":10990,"Muni_Heb":"באר שבע","stop_name":"פארק החייל האוסטרלי/אבא אחימאיר"}},
{"type":"Feature","geometry":{"type":"Point","coordinates":[178489.25554122735,571994.57778583]},"properties":{"OBJECTID_1":2778,"efficiency":0,"stop_code":10992,"Muni_Heb":"באר שבע","stop_name":"מרכז מסחרי נווה זאב/שדרות יוהנה ז'בוטינסקי"}},
{"type":"Feature","geometry":{"type":"Point","coordinates":[178492.98336640908,572681.7820939097]},"properties":{"OBJECTID_1":2779,"efficiency":0,"stop_code":10993,"Muni_Heb":"באר שבע","stop_name":"בית אל / מגידו"}},
{"type":"Feature","geometry":{"type":"Point","coordinates":[178479.15603778625,570259.3870657469]},"properties":{"OBJECTID_1":2780,"efficiency":0,"stop_code":10994,"Muni_Heb":"באר שבע","stop_name":"פאול בן חיים/יעקב חזמה"}},
{"type":"Feature","geometry":{"type":"Point","coordinates":[178469.7764959499,575204.452685855]},"properties":{"OBJECTID_1":2781,"efficiency":0,"stop_code":10997,"Muni_Heb":"באר שבע","stop_name":"משה דיין/דוד אלעזר"}},
{"type":"Feature","geometry":{"type":"Point","coordinates":[178544.5854657574,571866.7422728142]},"properties":{"OBJECTID_1":2782,"efficiency":0,"stop_code":10999,"Muni_Heb":"באר שבע","stop_name":"בה''ס נווה שלום/יעקב פיכמן"}},
{"type":"Feature","geometry":{"type":"Point","coordinates":[178598.31023891488,574557.9768615178]},"properties":{"OBJECTID_1":2783,"efficiency":0,"stop_code":11000,"Muni_Heb":"באר שבע","stop_name":"שאול המלך/מבצע עובדה"}},
{"type":"Feature","geometry":{"type":"Point","coordinates":[178634.13244884694,570123.292210045]},"properties":{"OBJECTID_1":2784,"efficiency":0,"stop_code":11014,"Muni_Heb":"באר שבע","stop_name":"משה חובב/יעקב חזמה"}},
{"type":"Feature","geometry":{"type":"Point","coordinates":[178701.5915784529,572063.3830204624]},"properties":{"OBJECTID_1":2785,"efficiency":0,"stop_code":11061,"Muni_Heb":"באר שבע","stop_name":"אביגדור המאירי/שלום אש"}},
{"type":"Feature","geometry":{"type":"Point","coordinates":[178744.72299058118,575348.7434346969]},"properties":{"OBJECTID_1":2786,"efficiency":0,"stop_code":11062,"Muni_Heb":"באר שבע","stop_name":"מרדכי מקלף / זילברג"}},
{"type":"Feature","geometry":{"type":"Point","coordinates":[178692.3028942655,573352.037829973]},"properties":{"OBJECTID_1":2787,"efficiency":0,"stop_code":11063,"Muni_Heb":"באר שבע","stop_name":"הצבי/ש''י עגנון"}},
{"type":"Feature","geometry":{"type":"Point","coordinates":[178693.71753827424,574035.3715397671]},"properties":{"OBJECTID_1":2788,"efficiency":0,"stop_code":11064,"Muni_Heb":"באר שבע","stop_name":"העלייה / יהודי סוריה"}},
{"type":"Feature","geometry":{"type":"Point","coordinates":[178845.03735830076,573484.9426651266]},"properties":{"OBJECTID_1":2789,"efficiency":0,"stop_code":11065,"Muni_Heb":"באר שבע","stop_name":"ש''י עגנון / בורלא"}},
{"type":"Feature","geometry":{"type":"Point","coordinates":[178853.61141750502,574987.4140044764]},"properties":{"OBJECTID_1":2790,"efficiency":0,"stop_code":11068,"Muni_Heb":"באר שבע","stop_name":"יעקב דורי/רחבת אלכסנדרוני"}},
{"type":"Feature","geometry":{"type":"Point","coordinates":[178927.61146907683,572025.1429481538]},"properties":{"OBJECTID_1":2791,"efficiency":0,"stop_code":11069,"Muni_Heb":"באר שבע","stop_name":"חטיבה שמונה/גולי קניה"}},
{"type":"Feature","geometry":{"type":"Point","coordinates":[178993.654006497,575441.583368003]},"properties":{"OBJECTID_1":2792,"efficiency":0,"stop_code":11070,"Muni_Heb":"באר שבע","stop_name":"מכללת קיי/מרדכי מקלף"}},
{"type":"Feature","geometry":{"type":"Point","coordinates":[179006.47166393689,575431.3331344959]},"properties":{"OBJECTID_1":2793,"efficiency":0,"stop_code":11071,"Muni_Heb":"באר שבע","stop_name":"מכללת קיי/מרדכי מקלף"}},
{"type":"Feature","geometry":{"type":"Point","coordinates":[179008.17559751146,572783.4559115847]},"properties":{"OBJECTID_1":2794,"efficiency":0,"stop_code":11072,"Muni_Heb":"באר שבע","stop_name":"בית החייל/שדרות ירושלים"}},
{"type":"Feature","geometry":{"type":"Point","coordinates":[179028.49073627067,571106.2466719747]},"properties":{"OBJECTID_1":2795,"efficiency":0,"stop_code":11073,"Muni_Heb":"באר שבע","stop_name":"אטד/צבעוני"}},
{"type":"Feature","geometry":{"type":"Point","coordinates":[179027.00796440363,570398.74505318]},"properties":{"OBJECTID_1":2796,"efficiency":0,"stop_code":11074,"Muni_Heb":"באר שבע","stop_name":"צביה ויצחק/גלזמן"}},
{"type":"Feature","geometry":{"type":"Point","coordinates":[179014.18422851828,570532.8447978161]},"properties":{"OBJECTID_1":2797,"efficiency":0,"stop_code":11075,"Muni_Heb":"באר שבע","stop_name":"שדרות הצנחנים/גלזמן"}},
{"type":"Feature","geometry":{"type":"Point","coordinates":[179021.87257716723,573891.29208316]},"properties":{"OBJECTID_1":2798,"efficiency":0,"stop_code":11076,"Muni_Heb":"באר שבע","stop_name":"העלייה/מולדת"}},
{"type":"Feature","geometry":{"type":"Point","coordinates":[178992.28297310855,573900.0545335482]},"properties":{"OBJECTID_1":2799,"efficiency":0,"stop_code":11077,"Muni_Heb":"באר שבע","stop_name":"העלייה/מולדת"}},
{"type":"Feature","geometry":{"type":"Point","coordinates":[179189.32766333182,575331.8376721892]},"properties":{"OBJECTID_1":2800,"efficiency":0,"stop_code":11080,"Muni_Heb":"באר שבע","stop_name":"מכללת קיי/מרדכי מקלף"}},
{"type":"Feature","geometry":{"type":"Point","coordinates":[179088.00569655537,571097.5911665696]},"properties":{"OBJECTID_1":2801,"efficiency":0,"stop_code":11082,"Muni_Heb":"באר שבע","stop_name":"אטד/צבעוני"}},
{"type":"Feature","geometry":{"type":"Point","coordinates":[179172.56382058002,573147.1676137253]},"properties":{"OBJECTID_1":2802,"efficiency":0,"stop_code":11083,"Muni_Heb":"באר שבע","stop_name":"שדרות יעלים/העלייה"}},
{"type":"Feature","geometry":{"type":"Point","coordinates":[179138.362901007,573940.1846260345]},"properties":{"OBJECTID_1":2803,"efficiency":0,"stop_code":11084,"Muni_Heb":"באר שבע","stop_name":"תיכון מקיף ה'/דרך שמשון"}},
{"type":"Feature","geometry":{"type":"Point","coordinates":[179343.39109174692,573503.7611788108]},"properties":{"OBJECTID_1":2804,"efficiency":0,"stop_code":11086,"Muni_Heb":"באר שבע","stop_name":"העלייה/יציאת אירופה"}},
{"type":"Feature","geometry":{"type":"Point","coordinates":[179344.15091478731,575123.3487628803]},"properties":{"OBJECTID_1":2805,"efficiency":0,"stop_code":11089,"Muni_Heb":"באר שבע","stop_name":"בי''ס בנות חיל/יעקב דורי"}},
{"type":"Feature","geometry":{"type":"Point","coordinates":[179137.63728854054,574222.4820177959]},"properties":{"OBJECTID_1":2806,"efficiency":0,"stop_code":11091,"Muni_Heb":"באר שבע","stop_name":"תיכון מקיף ג/דרך מצדה"}},
{"type":"Feature","geometry":{"type":"Point","coordinates":[179435.25539752308,573363.8157825754]},"properties":{"OBJECTID_1":2807,"efficiency":0,"stop_code":11092,"Muni_Heb":"באר שבע","stop_name":"מרבד הקסמים"}},
{"type":"Feature","geometry":{"type":"Point","coordinates":[179389.4926946822,573378.4044013332]},"properties":{"OBJECTID_1":2808,"efficiency":0,"stop_code":11093,"Muni_Heb":"באר שבע","stop_name":"מרבד הקסמים"}},
{"type":"Feature","geometry":{"type":"Point","coordinates":[179483.70856369557,571001.8330332814]},"properties":{"OBJECTID_1":2809,"efficiency":0,"stop_code":11094,"Muni_Heb":"באר שבע","stop_name":"אטד/כרכום"}},
{"type":"Feature","geometry":{"type":"Point","coordinates":[179642.31932296418,575014.9944651551]},"properties":{"OBJECTID_1":2810,"efficiency":0,"stop_code":11095,"Muni_Heb":"באר שבע","stop_name":"מקיף אמי''ת/מרדכי מקלף"}},
{"type":"Feature","geometry":{"type":"Point","coordinates":[179589.94894343603,575294.050948631]},"properties":{"OBJECTID_1":2811,"efficiency":0,"stop_code":11096,"Muni_Heb":"באר שבע","stop_name":"יהודה הלוי/סנהדרין"}},
{"type":"Feature","geometry":{"type":"Point","coordinates":[179551.48041545477,572990.9359822144]},"properties":{"OBJECTID_1":2812,"efficiency":0,"stop_code":11097,"Muni_Heb":"באר שבע","stop_name":"מוריה / ורבורג"}},
{"type":"Feature","geometry":{"type":"Point","coordinates":[179569.35586595332,572957.0504668627]},"properties":{"OBJECTID_1":2813,"efficiency":0,"stop_code":11098,"Muni_Heb":"באר שבע","stop_name":"מוריה / ורבורג"}},
{"type":"Feature","geometry":{"type":"Point","coordinates":[179643.46518893892,573408.4841175554]},"properties":{"OBJECTID_1":2814,"efficiency":0,"stop_code":11100,"Muni_Heb":"באר שבע","stop_name":"דרך המשחררים/דרך שמשון"}},
{"type":"Feature","geometry":{"type":"Point","coordinates":[179632.930876812,574272.5929668029]},"properties":{"OBJECTID_1":2815,"efficiency":0,"stop_code":11101,"Muni_Heb":"באר שבע","stop_name":"דרך מצדה/בני אור"}},
{"type":"Feature","geometry":{"type":"Point","coordinates":[179628.83236938273,571910.8077550371]},"properties":{"OBJECTID_1":2816,"efficiency":0,"stop_code":11102,"Muni_Heb":"באר שבע","stop_name":"כפר הדרום/הרצל"}},
{"type":"Feature","geometry":{"type":"Point","coordinates":[179701.46556551312,572449.3964123478]},"properties":{"OBJECTID_1":2817,"efficiency":0,"stop_code":11103,"Muni_Heb":"באר שבע","stop_name":"פארק קרסו למדע/העצמאות"}},
{"type":"Feature","geometry":{"type":"Point","coordinates":[179717.5964432891,574848.5034186983]},"properties":{"OBJECTID_1":2818,"efficiency":0,"stop_code":11104,"Muni_Heb":"באר שבע","stop_name":"שאול המלך/מרדכי מקלף"}},
{"type":"Feature","geometry":{"type":"Point","coordinates":[179811.50732397346,574142.7446168474]},"properties":{"OBJECTID_1":2819,"efficiency":0,"stop_code":11106,"Muni_Heb":"באר שבע","stop_name":"מרכז טניס סמסון/יהודה הלוי"}},
{"type":"Feature","geometry":{"type":"Point","coordinates":[179832.88222074564,574077.3570122995]},"properties":{"OBJECTID_1":2820,"efficiency":0,"stop_code":11107,"Muni_Heb":"באר שבע","stop_name":"מרכז טניס סמסון/יהודה הלוי"}},
{"type":"Feature","geometry":{"type":"Point","coordinates":[179843.25742315827,574327.9012599845]},"properties":{"OBJECTID_1":2821,"efficiency":0,"stop_code":11108,"Muni_Heb":"באר שבע","stop_name":"יהודה הלוי/דרך מצדה"}},
{"type":"Feature","geometry":{"type":"Point","coordinates":[179825.41992522124,574371.432604059]},"properties":{"OBJECTID_1":2822,"efficiency":0,"stop_code":11109,"Muni_Heb":"באר שבע","stop_name":"יהודה הלוי/דרך מצדה"}},
{"type":"Feature","geometry":{"type":"Point","coordinates":[179839.80676418016,572883.180295222]},"properties":{"OBJECTID_1":2823,"efficiency":0,"stop_code":11110,"Muni_Heb":"באר שבע","stop_name":"חיים נחמן ביאליק / מוריה"}},
{"type":"Feature","geometry":{"type":"Point","coordinates":[179865.01814355736,575526.1854800655]},"properties":{"OBJECTID_1":2824,"efficiency":0,"stop_code":11112,"Muni_Heb":"באר שבע","stop_name":"התלמוד/הזוהר"}},
{"type":"Feature","geometry":{"type":"Point","coordinates":[179904.23895561238,572285.5303821209]},"properties":{"OBJECTID_1":2825,"efficiency":0,"stop_code":11113,"Muni_Heb":"באר שבע","stop_name":"מוזיאון הנגב/העצמאות"}},
{"type":"Feature","geometry":{"type":"Point","coordinates":[179850.22218357993,575088.1631978544]},"properties":{"OBJECTID_1":2826,"efficiency":0,"stop_code":11114,"Muni_Heb":"באר שבע","stop_name":"מקיף ה'/יהודה הלוי"}},
{"type":"Feature","geometry":{"type":"Point","coordinates":[180000.87388282854,573080.9336165247]},"properties":{"OBJECTID_1":2827,"efficiency":0,"stop_code":11116,"Muni_Heb":"באר שבע","stop_name":"ביאליק/בזל"}},
{"type":"Feature","geometry":{"type":"Point","coordinates":[179957.9938993575,574697.6892937294]},"properties":{"OBJECTID_1":2828,"efficiency":0,"stop_code":11117,"Muni_Heb":"באר שבע","stop_name":"בי''ס מצפה/יהודה הלוי"}},
{"type":"Feature","geometry":{"type":"Point","coordinates":[179956.288570394,571230.3379306891]},"properties":{"OBJECTID_1":2829,"efficiency":0,"stop_code":11118,"Muni_Heb":"באר שבע","stop_name":"שיזף/שיטה"}},
{"type":"Feature","geometry":{"type":"Point","coordinates":[180057.07575429286,572395.0571079501]},"properties":{"OBJECTID_1":2830,"efficiency":0,"stop_code":11119,"Muni_Heb":"באר שבע","stop_name":"הרצל/יאיר אברהם שטרן"}},
{"type":"Feature","geometry":{"type":"Point","coordinates":[180116.044928035,572216.9889732193]},"properties":{"OBJECTID_1":2831,"efficiency":0,"stop_code":11120,"Muni_Heb":"באר שבע","stop_name":"החלוץ/הדסה"}},
{"type":"Feature","geometry":{"type":"Point","coordinates":[180112.33831202931,574049.9170948907]},"properties":{"OBJECTID_1":2832,"efficiency":0,"stop_code":11122,"Muni_Heb":"באר שבע","stop_name":"איינשטיין/מנדלסון"}},
{"type":"Feature","geometry":{"type":"Point","coordinates":[180161.66647615473,570991.1822198265]},"properties":{"OBJECTID_1":2833,"efficiency":0,"stop_code":11125,"Muni_Heb":"באר שבע","stop_name":"אטד/שיטה"}},
{"type":"Feature","geometry":{"type":"Point","coordinates":[180181.30580929387,572294.2479561702]},"properties":{"OBJECTID_1":2834,"efficiency":0,"stop_code":11126,"Muni_Heb":"באר שבע","stop_name":"החלוץ/יאיר אברהם שטרן"}},
{"type":"Feature","geometry":{"type":"Point","coordinates":[180153.01680515448,572091.8919092921]},"properties":{"OBJECTID_1":2835,"efficiency":0,"stop_code":11130,"Muni_Heb":"באר שבע","stop_name":"העצמאות/טרומפלדור יוסף"}},
{"type":"Feature","geometry":{"type":"Point","coordinates":[180155.04335368704,571385.7076457823]},"properties":{"OBJECTID_1":2836,"efficiency":0,"stop_code":11131,"Muni_Heb":"באר שבע","stop_name":"שיטה/שיזף"}},
{"type":"Feature","geometry":{"type":"Point","coordinates":[180279.25708076602,574188.3332238554]},"properties":{"OBJECTID_1":2837,"efficiency":0,"stop_code":11132,"Muni_Heb":"באר שבע","stop_name":"דרך מצדה/חז''ל"}},
{"type":"Feature","geometry":{"type":"Point","coordinates":[180191.53698128206,574214.9389494495]},"properties":{"OBJECTID_1":2838,"efficiency":0,"stop_code":11133,"Muni_Heb":"באר שבע","stop_name":"דרך מצדה/רבי טרפון"}},
{"type":"Feature","geometry":{"type":"Point","coordinates":[180212.08709552445,572041.9980878718]},"properties":{"OBJECTID_1":2839,"efficiency":0,"stop_code":11135,"Muni_Heb":"באר שבע","stop_name":"העצמאות/טרומפלדור יוסף"}},
{"type":"Feature","geometry":{"type":"Point","coordinates":[180189.81953042172,573730.2997983274]},"properties":{"OBJECTID_1":2840,"efficiency":0,"stop_code":11136,"Muni_Heb":"באר שבע","stop_name":"מרכז חן/חיים נחמן ביאליק"}},
{"type":"Feature","geometry":{"type":"Point","coordinates":[180323.85101624994,573119.6409309631]},"properties":{"OBJECTID_1":2841,"efficiency":0,"stop_code":11145,"Muni_Heb":"באר שבע","stop_name":"ויצמן/מגן דוד אדום"}},
{"type":"Feature","geometry":{"type":"Point","coordinates":[180293.8402286434,573756.9653073925]},"properties":{"OBJECTID_1":2842,"efficiency":0,"stop_code":11146,"Muni_Heb":"באר שבע","stop_name":"מרכז חן/אליעזר בן יהודה"}},
{"type":"Feature","geometry":{"type":"Point","coordinates":[180513.8480139204,571051.85153696]},"properties":{"OBJECTID_1":2843,"efficiency":0,"stop_code":11147,"Muni_Heb":"באר שבע","stop_name":"צבר/אביבית"}},
{"type":"Feature","geometry":{"type":"Point","coordinates":[180393.39032682445,574885.9930514657]},"properties":{"OBJECTID_1":2844,"efficiency":0,"stop_code":11149,"Muni_Heb":"באר שבע","stop_name":"מרכז גילת/אברהם אבינו"}},
{"type":"Feature","geometry":{"type":"Point","coordinates":[180403.81906189254,574898.7051997483]},"properties":{"OBJECTID_1":2845,"efficiency":0,"stop_code":11150,"Muni_Heb":"באר שבע","stop_name":"מרכז גילת/אברהם אבינו"}},
{"type":"Feature","geometry":{"type":"Point","coordinates":[180429.9328403828,575415.5196888926]},"properties":{"OBJECTID_1":2846,"efficiency":0,"stop_code":11156,"Muni_Heb":"באר שבע","stop_name":"אברהם אבינו/שפרינצק"}},
{"type":"Feature","geometry":{"type":"Point","coordinates":[180556.91491456926,575757.5494770625]},"properties":{"OBJECTID_1":2847,"efficiency":1,"stop_code":11158,"Muni_Heb":"באר שבע","stop_name":"סנהדרין/הרב מיימון"}},
{"type":"Feature","geometry":{"type":"Point","coordinates":[180427.9245326827,571364.1782793709]},"properties":{"OBJECTID_1":2848,"efficiency":0,"stop_code":11167,"Muni_Heb":"באר שבע","stop_name":"צבר/יסמין"}},
{"type":"Feature","geometry":{"type":"Point","coordinates":[180452.441281561,574629.8679177541]},"properties":{"OBJECTID_1":2849,"efficiency":0,"stop_code":11169,"Muni_Heb":"באר שבע","stop_name":"כיכר האבות/אברהם אבינו"}},
{"type":"Feature","geometry":{"type":"Point","coordinates":[180568.48751491064,575770.8118839948]},"properties":{"OBJECTID_1":2850,"efficiency":0,"stop_code":11171,"Muni_Heb":"באר שבע","stop_name":"סנהדרין/גיורא יוספטל"}},
{"type":"Feature","geometry":{"type":"Point","coordinates":[180528.10334072265,573997.917814615]},"properties":{"OBJECTID_1":2851,"efficiency":0,"stop_code":11172,"Muni_Heb":"באר שבע","stop_name":"טשרניחובסקי"}},
{"type":"Feature","geometry":{"type":"Point","coordinates":[180525.8288997151,572228.10225719]},"properties":{"OBJECTID_1":2852,"efficiency":0,"stop_code":11173,"Muni_Heb":"באר שבע","stop_name":"שוק עירוני/בית אשל"}},
{"type":"Feature","geometry":{"type":"Point","coordinates":[180580.84185372785,573783.9506249978]},"properties":{"OBJECTID_1":2853,"efficiency":0,"stop_code":11175,"Muni_Heb":"באר שבע","stop_name":"שמעוני/בן יהודה"}},
{"type":"Feature","geometry":{"type":"Point","coordinates":[180572.50849577665,572227.8184821984]},"properties":{"OBJECTID_1":2854,"efficiency":0,"stop_code":11176,"Muni_Heb":"באר שבע","stop_name":"שוק עירוני/בית אשל"}},
{"type":"Feature","geometry":{"type":"Point","coordinates":[180631.26493074716,575621.2270512742]},"properties":{"OBJECTID_1":2855,"efficiency":0,"stop_code":11177,"Muni_Heb":"באר שבע","stop_name":"הכנסת/גיורא יוספטל"}},
{"type":"Feature","geometry":{"type":"Point","coordinates":[180764.85170275462,574218.3539811084]},"properties":{"OBJECTID_1":2856,"efficiency":0,"stop_code":11197,"Muni_Heb":"באר שבע","stop_name":"מרכז רפואי סורוקה/דרך מצדה"}},
{"type":"Feature","geometry":{"type":"Point","coordinates":[180642.28235480664,573423.9262352333]},"properties":{"OBJECTID_1":2857,"efficiency":0,"stop_code":11198,"Muni_Heb":"באר שבע","stop_name":"משכן לאומנויות הבמה/דרך המשחררים"}},
{"type":"Feature","geometry":{"type":"Point","coordinates":[180994.75587275153,571714.3443930361]},"properties":{"OBJECTID_1":2858,"efficiency":0,"stop_code":11203,"Muni_Heb":"באר שבע","stop_name":"סינמה סיטי/שדרות דוד חכם"}},
{"type":"Feature","geometry":{"type":"Point","coordinates":[180717.95456080703,571109.6401336978]},"properties":{"OBJECTID_1":2859,"efficiency":0,"stop_code":11204,"Muni_Heb":"באר שבע","stop_name":"הע''ל/רותם"}},
{"type":"Feature","geometry":{"type":"Point","coordinates":[180915.16151628055,576320.5948902895]},"properties":{"OBJECTID_1":2860,"efficiency":0,"stop_code":11212,"Muni_Heb":"באר שבע","stop_name":"שדרות הערים התאומות/רוברטו בקי"}},
{"type":"Feature","geometry":{"type":"Point","coordinates":[180902.2474278114,575060.8501695568]},"properties":{"OBJECTID_1":2861,"efficiency":0,"stop_code":11214,"Muni_Heb":"באר שבע","stop_name":"רינגלבלום/יעבץ"}},
{"type":"Feature","geometry":{"type":"Point","coordinates":[180920.78639130716,575414.9250879743]},"properties":{"OBJECTID_1":2862,"efficiency":0,"stop_code":11215,"Muni_Heb":"באר שבע","stop_name":"רינגלבלום/ברנפלד"}},
{"type":"Feature","geometry":{"type":"Point","coordinates":[180974.36184197455,569891.2701857277]},"properties":{"OBJECTID_1":2863,"efficiency":1,"stop_code":11221,"Muni_Heb":"באר שבע","stop_name":"מח.נתן"}},
{"type":"Feature","geometry":{"type":"Point","coordinates":[180967.26387888019,575389.3635552484]},"properties":{"OBJECTID_1":2864,"efficiency":1,"stop_code":11225,"Muni_Heb":"באר שבע","stop_name":"רינגלבלום/ברנפלד"}},
{"type":"Feature","geometry":{"type":"Point","coordinates":[181042.61646291587,575264.5718192876]},"properties":{"OBJECTID_1":2865,"efficiency":1,"stop_code":11226,"Muni_Heb":"באר שבע","stop_name":"רינגלבלום/בנימין מטודלה"}},
{"type":"Feature","geometry":{"type":"Point","coordinates":[181157.1704879402,573432.236153861]},"properties":{"OBJECTID_1":2866,"efficiency":1,"stop_code":11227,"Muni_Heb":"באר שבע","stop_name":"תיכון מקיף א/דרך השלום"}},
{"type":"Feature","geometry":{"type":"Point","coordinates":[181109.41380258204,570134.3729444697]},"properties":{"OBJECTID_1":2867,"efficiency":0,"stop_code":11228,"Muni_Heb":"באר שבע","stop_name":"אליעזר וצילה מרגולין/צבי טאוב"}},
{"type":"Feature","geometry":{"type":"Point","coordinates":[181199.98319897283,576552.8389915336]},"properties":{"OBJECTID_1":2868,"efficiency":0,"stop_code":11229,"Muni_Heb":"באר שבע","stop_name":"שד.לוי אשכול/פרופסור יוסף שטרן"}},
{"type":"Feature","geometry":{"type":"Point","coordinates":[181183.74199206074,572986.6344588081]},"properties":{"OBJECTID_1":2869,"efficiency":0,"stop_code":11230,"Muni_Heb":"באר שבע","stop_name":"קופת חולים ג/הנרייטה סולד"}},
{"type":"Feature","geometry":{"type":"Point","coordinates":[181248.74084929487,576396.323629242]},"properties":{"OBJECTID_1":2870,"efficiency":0,"stop_code":11231,"Muni_Heb":"באר שבע","stop_name":"שדרות לוי אשכול/כיכר מונטריאול"}},
{"type":"Feature","geometry":{"type":"Point","coordinates":[181415.5054582926,573590.4058158669]},"properties":{"OBJECTID_1":2871,"efficiency":0,"stop_code":11233,"Muni_Heb":"באר שבע","stop_name":"דרך השלום/יד ושם"}},
{"type":"Feature","geometry":{"type":"Point","coordinates":[181437.4308009079,572779.4813835081]},"properties":{"OBJECTID_1":2872,"efficiency":0,"stop_code":11234,"Muni_Heb":"באר שבע","stop_name":"בית נועם/שז''ר"}},
{"type":"Feature","geometry":{"type":"Point","coordinates":[181444.42287947715,573921.3807380561]},"properties":{"OBJECTID_1":2873,"efficiency":0,"stop_code":11236,"Muni_Heb":"באר שבע","stop_name":"בה''ס נטעים/וינגייט"}},
{"type":"Feature","geometry":{"type":"Point","coordinates":[181453.44156513084,575964.3765733851]},"properties":{"OBJECTID_1":2874,"efficiency":0,"stop_code":11237,"Muni_Heb":"באר שבע","stop_name":"מרכז גל/המדע"}},
{"type":"Feature","geometry":{"type":"Point","coordinates":[181598.86227749,570680.6625525075]},"properties":{"OBJECTID_1":2875,"efficiency":0,"stop_code":11241,"Muni_Heb":"באר שבע","stop_name":"הפועלים/הדגן"}},
{"type":"Feature","geometry":{"type":"Point","coordinates":[181655.15219291506,575411.4775209889]},"properties":{"OBJECTID_1":2876,"efficiency":0,"stop_code":11242,"Muni_Heb":"באר שבע","stop_name":"המדע/נויפלד"}},
{"type":"Feature","geometry":{"type":"Point","coordinates":[181643.22711822455,575352.9771200556]},"properties":{"OBJECTID_1":2877,"efficiency":0,"stop_code":11243,"Muni_Heb":"באר שבע","stop_name":"המדע/נויפלד"}},
{"type":"Feature","geometry":{"type":"Point","coordinates":[181672.7177768602,573121.1316808612]},"properties":{"OBJECTID_1":2878,"efficiency":0,"stop_code":11245,"Muni_Heb":"באר שבע","stop_name":"בה''ס דגניה/המעפילים"}},
{"type":"Feature","geometry":{"type":"Point","coordinates":[181672.5666386026,573317.3848475263]},"properties":{"OBJECTID_1":2879,"efficiency":0,"stop_code":11246,"Muni_Heb":"באר שבע","stop_name":"המעפילים/עולי הגרדום"}},
{"type":"Feature","geometry":{"type":"Point","coordinates":[181720.10087515163,575622.3545359703]},"properties":{"OBJECTID_1":2880,"efficiency":0,"stop_code":11248,"Muni_Heb":"באר שבע","stop_name":"מרכז שיקום ''אילן''/המדע"}},
{"type":"Feature","geometry":{"type":"Point","coordinates":[181710.23491433472,573964.8833420508]},"properties":{"OBJECTID_1":2881,"efficiency":0,"stop_code":11249,"Muni_Heb":"באר שבע","stop_name":"וינגייט/גוש עציון"}},
{"type":"Feature","geometry":{"type":"Point","coordinates":[181821.8036016505,569638.5080205754]},"properties":{"OBJECTID_1":2882,"efficiency":0,"stop_code":11252,"Muni_Heb":"באר שבע","stop_name":"הברזל/החורש"}},
{"type":"Feature","geometry":{"type":"Point","coordinates":[181870.53283226516,573164.1073512279]},"properties":{"OBJECTID_1":2883,"efficiency":0,"stop_code":11253,"Muni_Heb":"באר שבע","stop_name":"בי''ס דגניה/ז'בוטינסקי"}},
{"type":"Feature","geometry":{"type":"Point","coordinates":[181896.62367648707,573986.7228991407]},"properties":{"OBJECTID_1":2884,"efficiency":0,"stop_code":11254,"Muni_Heb":"באר שבע","stop_name":"וינגייט/חנה סנש"}},
{"type":"Feature","geometry":{"type":"Point","coordinates":[181873.65767272684,569269.8797175239]},"properties":{"OBJECTID_1":2885,"efficiency":0,"stop_code":11255,"Muni_Heb":"באר שבע","stop_name":"הברזל/הקוצר"}},
{"type":"Feature","geometry":{"type":"Point","coordinates":[181911.9713049487,573643.946404749]},"properties":{"OBJECTID_1":2886,"efficiency":0,"stop_code":11256,"Muni_Heb":"באר שבע","stop_name":"דרך השלום/גוש עציון"}},
{"type":"Feature","geometry":{"type":"Point","coordinates":[181985.65715335376,573872.7555370302]},"properties":{"OBJECTID_1":2887,"efficiency":0,"stop_code":11258,"Muni_Heb":"באר שבע","stop_name":"דרך השלום/וינגייט"}},
{"type":"Feature","geometry":{"type":"Point","coordinates":[181963.06895216205,573762.2915578537]},"properties":{"OBJECTID_1":2888,"efficiency":0,"stop_code":11259,"Muni_Heb":"באר שבע","stop_name":"דרך השלום/הנדיב"}},
{"type":"Feature","geometry":{"type":"Point","coordinates":[182027.8336220897,576163.4432991599]},"properties":{"OBJECTID_1":2889,"efficiency":0,"stop_code":11262,"Muni_Heb":"באר שבע","stop_name":"הר רמון/הר תבור"}},
{"type":"Feature","geometry":{"type":"Point","coordinates":[181844.15048325947,569732.1188273208]},"properties":{"OBJECTID_1":2890,"efficiency":0,"stop_code":11263,"Muni_Heb":"באר שבע","stop_name":"הגנן/הברזל"}},
{"type":"Feature","geometry":{"type":"Point","coordinates":[182614.50436531656,573763.2005513606]},"properties":{"OBJECTID_1":2891,"efficiency":0,"stop_code":11273,"Muni_Heb":"באר שבע","stop_name":"האורגים/יהושע הצורף"}},
{"type":"Feature","geometry":{"type":"Point","coordinates":[182729.26993411806,573214.7330079873]},"properties":{"OBJECTID_1":2892,"efficiency":0,"stop_code":11274,"Muni_Heb":"באר שבע","stop_name":"דרך אליהו נאוי/שדרות דוד בן גוריון"}},
{"type":"Feature","geometry":{"type":"Point","coordinates":[180249.40876161717,572010.147855496]},"properties":{"OBJECTID_1":2893,"efficiency":0,"stop_code":11289,"Muni_Heb":"באר שבע","stop_name":"העצמאות/שלושת בני עין חרוד"}},
{"type":"Feature","geometry":{"type":"Point","coordinates":[180633.32589551568,572031.6736148021]},"properties":{"OBJECTID_1":2894,"efficiency":0,"stop_code":11290,"Muni_Heb":"באר שבע","stop_name":"שוק עירוני/דרך חברון"}},
{"type":"Feature","geometry":{"type":"Point","coordinates":[179891.759511591,574257.643672735]},"properties":{"OBJECTID_1":2895,"efficiency":0,"stop_code":11292,"Muni_Heb":"באר שבע","stop_name":"דרך מצדה/יהודה הלוי"}},
{"type":"Feature","geometry":{"type":"Point","coordinates":[180174.77987561922,573554.8369871103]},"properties":{"OBJECTID_1":2896,"efficiency":0,"stop_code":11293,"Muni_Heb":"באר שבע","stop_name":"בי''ס עמל/ביאליק"}},
{"type":"Feature","geometry":{"type":"Point","coordinates":[180225.64883443163,573453.6374968322]},"properties":{"OBJECTID_1":2897,"efficiency":0,"stop_code":11294,"Muni_Heb":"באר שבע","stop_name":"המכללה הטכנולוגית/דרך המשחררים"}},
{"type":"Feature","geometry":{"type":"Point","coordinates":[180674.1789999581,573394.3149631111]},"properties":{"OBJECTID_1":2898,"efficiency":0,"stop_code":11296,"Muni_Heb":"באר שבע","stop_name":"מכללת אתגר/דרך המשחררים"}},
{"type":"Feature","geometry":{"type":"Point","coordinates":[180771.7329254261,573035.4887214943]},"properties":{"OBJECTID_1":2899,"efficiency":0,"stop_code":11297,"Muni_Heb":"באר שבע","stop_name":"גן הראשונים/יצחק רגר"}},
{"type":"Feature","geometry":{"type":"Point","coordinates":[180780.66443940438,572486.0590951096]},"properties":{"OBJECTID_1":2900,"efficiency":0,"stop_code":11300,"Muni_Heb":"באר שבע","stop_name":"ת.מרכזית/עירוניים לדרום"}},
{"type":"Feature","geometry":{"type":"Point","coordinates":[180224.65630062146,572346.4200087884]},"properties":{"OBJECTID_1":2901,"efficiency":0,"stop_code":11301,"Muni_Heb":"באר שבע","stop_name":"החלוץ/גרשון דובנבוים"}},
{"type":"Feature","geometry":{"type":"Point","coordinates":[180873.68423598327,573975.1317715442]},"properties":{"OBJECTID_1":2902,"efficiency":0,"stop_code":11342,"Muni_Heb":"באר שבע","stop_name":"סורוקה מיון/יצחק רגר"}},
{"type":"Feature","geometry":{"type":"Point","coordinates":[179335.57768746038,574799.0639469984]},"properties":{"OBJECTID_1":2903,"efficiency":0,"stop_code":13002,"Muni_Heb":"באר שבע","stop_name":"שאול המלך/יהושפט"}},
{"type":"Feature","geometry":{"type":"Point","coordinates":[178624.89874472003,574880.0844962032]},"properties":{"OBJECTID_1":2904,"efficiency":0,"stop_code":13007,"Muni_Heb":"באר שבע","stop_name":"יעקב דורי/רחבת הראל"}},
{"type":"Feature","geometry":{"type":"Point","coordinates":[180602.48505907127,572940.0938631828]},"properties":{"OBJECTID_1":2905,"efficiency":0,"stop_code":13018,"Muni_Heb":"באר שבע","stop_name":"וייצמן / בלפור"}},
{"type":"Feature","geometry":{"type":"Point","coordinates":[181766.0501707611,573460.3022574021]},"properties":{"OBJECTID_1":2906,"efficiency":0,"stop_code":13034,"Muni_Heb":"באר שבע","stop_name":"מרכז אורות/דרך השלום"}},
{"type":"Feature","geometry":{"type":"Point","coordinates":[181221.28354006357,572989.1587587496]},"properties":{"OBJECTID_1":2907,"efficiency":0,"stop_code":13041,"Muni_Heb":"באר שבע","stop_name":"קופת חולים ג/הנרייטה סולד"}},
{"type":"Feature","geometry":{"type":"Point","coordinates":[181179.46956031496,573905.0465808967]},"properties":{"OBJECTID_1":2908,"efficiency":0,"stop_code":13049,"Muni_Heb":"באר שבע","stop_name":"וינגייט/גולומב"}},
{"type":"Feature","geometry":{"type":"Point","coordinates":[179763.28210491186,575671.1545189823]},"properties":{"OBJECTID_1":2909,"efficiency":0,"stop_code":13052,"Muni_Heb":"באר שבע","stop_name":"בעלי התוספות/רמב''ן"}},
{"type":"Feature","geometry":{"type":"Point","coordinates":[179744.1050156961,575561.347185846]},"properties":{"OBJECTID_1":2910,"efficiency":0,"stop_code":13053,"Muni_Heb":"באר שבע","stop_name":"אבן עזרא/בעלי התוספות"}},
{"type":"Feature","geometry":{"type":"Point","coordinates":[179468.38010767542,575507.509834505]},"properties":{"OBJECTID_1":2911,"efficiency":0,"stop_code":13054,"Muni_Heb":"באר שבע","stop_name":"אבן עזרא / התלמוד"}},
{"type":"Feature","geometry":{"type":"Point","coordinates":[179983.95673209112,574712.6709721079]},"properties":{"OBJECTID_1":2912,"efficiency":0,"stop_code":13055,"Muni_Heb":"באר שבע","stop_name":"בי''ס מצפה/יהודה הלוי"}},
{"type":"Feature","geometry":{"type":"Point","coordinates":[180103.51115593602,574464.7431334676]},"properties":{"OBJECTID_1":2913,"efficiency":0,"stop_code":13056,"Muni_Heb":"באר שבע","stop_name":"רבי עקיבא/שמעון בר גיורא"}},
{"type":"Feature","geometry":{"type":"Point","coordinates":[180462.5906319794,574208.3846584487]},"properties":{"OBJECTID_1":2914,"efficiency":0,"stop_code":13059,"Muni_Heb":"באר שבע","stop_name":"דרך מצדה/יצחק אבינו"}},
{"type":"Feature","geometry":{"type":"Point","coordinates":[180183.55634393916,573838.4287061066]},"properties":{"OBJECTID_1":2915,"efficiency":0,"stop_code":13062,"Muni_Heb":"באר שבע","stop_name":"מרכז חן/אינשטיין"}},
{"type":"Feature","geometry":{"type":"Point","coordinates":[180460.99583725317,574189.3196428295]},"properties":{"OBJECTID_1":2916,"efficiency":0,"stop_code":13086,"Muni_Heb":"באר שבע","stop_name":"דרך מצדה/טשרניחובסקי"}},
{"type":"Feature","geometry":{"type":"Point","coordinates":[179958.0598419779,575423.7163532492]},"properties":{"OBJECTID_1":2917,"efficiency":0,"stop_code":13088,"Muni_Heb":"באר שבע","stop_name":"סנהדרין/רש''י"}},
{"type":"Feature","geometry":{"type":"Point","coordinates":[180193.68981760019,575579.5022978116]},"properties":{"OBJECTID_1":2918,"efficiency":0,"stop_code":13089,"Muni_Heb":"באר שבע","stop_name":"הרבנות והמועצה הדתית/סנהדרין"}},
{"type":"Feature","geometry":{"type":"Point","coordinates":[180312.89168072498,575212.9386626856]},"properties":{"OBJECTID_1":2919,"efficiency":0,"stop_code":13091,"Muni_Heb":"באר שבע","stop_name":"אברהם אבינו/האיסיים"}},
{"type":"Feature","geometry":{"type":"Point","coordinates":[180677.81716392,575667.8452874426]},"properties":{"OBJECTID_1":2920,"efficiency":0,"stop_code":13100,"Muni_Heb":"באר שבע","stop_name":"גיורא יוספטל/הכנסת"}},
{"type":"Feature","geometry":{"type":"Point","coordinates":[180738.2177693358,575467.1553269766]},"properties":{"OBJECTID_1":2921,"efficiency":0,"stop_code":13101,"Muni_Heb":"באר שבע","stop_name":"מרכז אורן"}},
{"type":"Feature","geometry":{"type":"Point","coordinates":[180975.92630514395,575050.6007043805]},"properties":{"OBJECTID_1":2922,"efficiency":0,"stop_code":13104,"Muni_Heb":"באר שבע","stop_name":"רינגלבלום/יוסף בן מתתיהו"}},
{"type":"Feature","geometry":{"type":"Point","coordinates":[180837.92272372174,574843.76664254]},"properties":{"OBJECTID_1":2923,"efficiency":0,"stop_code":13105,"Muni_Heb":"באר שבע","stop_name":"אוניברסיטת בן גוריון/יצחק רגר"}},
{"type":"Feature","geometry":{"type":"Point","coordinates":[180851.82983311862,574119.1310321144]},"properties":{"OBJECTID_1":2924,"efficiency":0,"stop_code":13106,"Muni_Heb":"באר שבע","stop_name":"מרכז רפואי סורוקה/יצחק רגר"}},
{"type":"Feature","geometry":{"type":"Point","coordinates":[180787.40079766902,572996.069596068]},"properties":{"OBJECTID_1":2925,"efficiency":0,"stop_code":13107,"Muni_Heb":"באר שבע","stop_name":"בית רסקו/יצחק רגר"}},
{"type":"Feature","geometry":{"type":"Point","coordinates":[180735.32548507003,575457.6305624543]},"properties":{"OBJECTID_1":2926,"efficiency":0,"stop_code":13111,"Muni_Heb":"באר שבע","stop_name":"מרכז אורן"}},
{"type":"Feature","geometry":{"type":"Point","coordinates":[181031.18756155437,575212.5011969017]},"properties":{"OBJECTID_1":2927,"efficiency":0,"stop_code":13113,"Muni_Heb":"באר שבע","stop_name":"רינגלבלום/קלאוזנר"}},
{"type":"Feature","geometry":{"type":"Point","coordinates":[180816.18051586676,574784.7488996695]},"properties":{"OBJECTID_1":2928,"efficiency":0,"stop_code":13115,"Muni_Heb":"באר שבע","stop_name":"אוניברסיטת בן גוריון/יצחק רגר"}},
{"type":"Feature","geometry":{"type":"Point","coordinates":[179989.9632729062,572205.3763146752]},"properties":{"OBJECTID_1":2929,"efficiency":0,"stop_code":13124,"Muni_Heb":"באר שבע","stop_name":"העצמאות/הרצל"}},
{"type":"Feature","geometry":{"type":"Point","coordinates":[179967.65592851897,573493.5225226578]},"properties":{"OBJECTID_1":2930,"efficiency":0,"stop_code":13146,"Muni_Heb":"באר שבע","stop_name":"דרך המשחררים/בצלאל"}},
{"type":"Feature","geometry":{"type":"Point","coordinates":[178195.58345413272,574405.7645644326]},"properties":{"OBJECTID_1":2931,"efficiency":0,"stop_code":13149,"Muni_Heb":"באר שבע","stop_name":"גולדה מאיר/שאול המלך"}},
{"type":"Feature","geometry":{"type":"Point","coordinates":[177923.5146911582,574178.4290211864]},"properties":{"OBJECTID_1":2932,"efficiency":0,"stop_code":13150,"Muni_Heb":"באר שבע","stop_name":"קניון שאול המלך/משה שרת"}},
{"type":"Feature","geometry":{"type":"Point","coordinates":[177713.34355875876,574692.6275715117]},"properties":{"OBJECTID_1":2933,"efficiency":0,"stop_code":13155,"Muni_Heb":"באר שבע","stop_name":"גולדה מאיר/תמיר"}},
{"type":"Feature","geometry":{"type":"Point","coordinates":[179943.77230825875,573474.9849566731]},"properties":{"OBJECTID_1":2934,"efficiency":0,"stop_code":13159,"Muni_Heb":"באר שבע","stop_name":"דרך המשחררים/תל חי"}},
{"type":"Feature","geometry":{"type":"Point","coordinates":[177502.5134710593,575370.2679417395]},"properties":{"OBJECTID_1":2935,"efficiency":0,"stop_code":13174,"Muni_Heb":"באר שבע","stop_name":"חוה/רבקה"}},
{"type":"Feature","geometry":{"type":"Point","coordinates":[177272.15514762924,575163.0731060635]},"properties":{"OBJECTID_1":2936,"efficiency":0,"stop_code":13176,"Muni_Heb":"באר שבע","stop_name":"פיינברג / החשמונאים"}},
{"type":"Feature","geometry":{"type":"Point","coordinates":[177133.00224682147,575019.8243745555]},"properties":{"OBJECTID_1":2937,"efficiency":0,"stop_code":13177,"Muni_Heb":"באר שבע","stop_name":"פיינברג / לוזון"}},
{"type":"Feature","geometry":{"type":"Point","coordinates":[177008.61707299418,574878.735328427]},"properties":{"OBJECTID_1":2938,"efficiency":0,"stop_code":13180,"Muni_Heb":"באר שבע","stop_name":"בה''ס היובל/המלכים"}},
{"type":"Feature","geometry":{"type":"Point","coordinates":[177706.64977902558,575236.6218583457]},"properties":{"OBJECTID_1":2939,"efficiency":0,"stop_code":13182,"Muni_Heb":"באר שבע","stop_name":"דקר/רבקה"}},
{"type":"Feature","geometry":{"type":"Point","coordinates":[178940.52138419086,573494.774537282]},"properties":{"OBJECTID_1":2940,"efficiency":0,"stop_code":13198,"Muni_Heb":"באר שבע","stop_name":"ש'ד יעלים / ש''י עגנון"}},
{"type":"Feature","geometry":{"type":"Point","coordinates":[178095.57932188475,573778.5894714529]},"properties":{"OBJECTID_1":2941,"efficiency":0,"stop_code":13201,"Muni_Heb":"באר שבע","stop_name":"אברבנאל/החיד''א"}},
{"type":"Feature","geometry":{"type":"Point","coordinates":[179766.4410562829,574290.3821306073]},"properties":{"OBJECTID_1":2942,"efficiency":0,"stop_code":13206,"Muni_Heb":"באר שבע","stop_name":"דרך מצדה/יהודה הלוי"}},
{"type":"Feature","geometry":{"type":"Point","coordinates":[178792.81236061774,574265.5020859782]},"properties":{"OBJECTID_1":2943,"efficiency":0,"stop_code":13208,"Muni_Heb":"באר שבע","stop_name":"דרך מצדה/אבא אחימאיר"}},
{"type":"Feature","geometry":{"type":"Point","coordinates":[179398.42293194254,571048.7262153466]},"properties":{"OBJECTID_1":2944,"efficiency":0,"stop_code":13223,"Muni_Heb":"באר שבע","stop_name":"אטד/כרכום"}},
{"type":"Feature","geometry":{"type":"Point","coordinates":[179231.10602079064,571096.0446195191]},"properties":{"OBJECTID_1":2945,"efficiency":0,"stop_code":13225,"Muni_Heb":"באר שבע","stop_name":"אטד/כלנית"}},
{"type":"Feature","geometry":{"type":"Point","coordinates":[178760.6639889728,570416.5152648253]},"properties":{"OBJECTID_1":2946,"efficiency":0,"stop_code":13228,"Muni_Heb":"באר שבע","stop_name":"עדן פרטוש/חנוך גיבתון"}},
{"type":"Feature","geometry":{"type":"Point","coordinates":[179820.40100772088,571021.8461833348]},"properties":{"OBJECTID_1":2947,"efficiency":0,"stop_code":13229,"Muni_Heb":"באר שבע","stop_name":"שיזף/תמר"}},
{"type":"Feature","geometry":{"type":"Point","coordinates":[180323.10687202425,571513.4761036334]},"properties":{"OBJECTID_1":2948,"efficiency":0,"stop_code":13232,"Muni_Heb":"באר שבע","stop_name":"גן הפעמון/חבצלת הנגב"}},
{"type":"Feature","geometry":{"type":"Point","coordinates":[181654.90077103634,573490.5277979675]},"properties":{"OBJECTID_1":2949,"efficiency":0,"stop_code":13234,"Muni_Heb":"באר שבע","stop_name":"דרך השלום/ארלוזורוב"}},
{"type":"Feature","geometry":{"type":"Point","coordinates":[181346.65806111187,573596.3103242771]},"properties":{"OBJECTID_1":2950,"efficiency":0,"stop_code":13235,"Muni_Heb":"באר שבע","stop_name":"דרך השלום/יד ושם"}},
{"type":"Feature","geometry":{"type":"Point","coordinates":[181095.9123144205,573351.6302508289]},"properties":{"OBJECTID_1":2951,"efficiency":0,"stop_code":13236,"Muni_Heb":"באר שבע","stop_name":"תיכון מקיף א/דרך השלום"}},
{"type":"Feature","geometry":{"type":"Point","coordinates":[178572.23078409932,574024.53444146]},"properties":{"OBJECTID_1":2952,"efficiency":0,"stop_code":13247,"Muni_Heb":"באר שבע","stop_name":"שדרות יעלים/דרך מצדה"}},
{"type":"Feature","geometry":{"type":"Point","coordinates":[178982.5916198324,574721.5851194222]},"properties":{"OBJECTID_1":2953,"efficiency":0,"stop_code":13249,"Muni_Heb":"באר שבע","stop_name":"קניון אביה"}},
{"type":"Feature","geometry":{"type":"Point","coordinates":[180232.87631277184,575616.832392961]},"properties":{"OBJECTID_1":2954,"efficiency":0,"stop_code":13255,"Muni_Heb":"באר שבע","stop_name":"סנהדרין/שפרינצק"}},
{"type":"Feature","geometry":{"type":"Point","coordinates":[180077.8342769021,575515.959974425]},"properties":{"OBJECTID_1":2955,"efficiency":0,"stop_code":13256,"Muni_Heb":"באר שבע","stop_name":"הרבנות והמועצה הדתית/סנהדרין"}},
{"type":"Feature","geometry":{"type":"Point","coordinates":[180356.0877170344,575150.3534366831]},"properties":{"OBJECTID_1":2956,"efficiency":0,"stop_code":13257,"Muni_Heb":"באר שבע","stop_name":"תחנת דלק/אברהם אבינו"}},
{"type":"Feature","geometry":{"type":"Point","coordinates":[177854.54615403552,573887.9803071601]},"properties":{"OBJECTID_1":2957,"efficiency":0,"stop_code":13259,"Muni_Heb":"באר שבע","stop_name":"שאול המלך/אברבנאל"}},
{"type":"Feature","geometry":{"type":"Point","coordinates":[177996.84259149327,573813.0184131318]},"properties":{"OBJECTID_1":2958,"efficiency":0,"stop_code":13260,"Muni_Heb":"באר שבע","stop_name":"אברבנאל / רחבת חתם הסופר"}},
{"type":"Feature","geometry":{"type":"Point","coordinates":[179764.50718336258,572896.8808312868]},"properties":{"OBJECTID_1":2959,"efficiency":0,"stop_code":13264,"Muni_Heb":"באר שבע","stop_name":"מוריה/חיים נחמן ביאליק"}},
{"type":"Feature","geometry":{"type":"Point","coordinates":[179974.827601746,573070.1655241204]},"properties":{"OBJECTID_1":2960,"efficiency":0,"stop_code":13265,"Muni_Heb":"באר שבע","stop_name":"ביאליק/בזל"}},
{"type":"Feature","geometry":{"type":"Point","coordinates":[180155.7654765771,573030.1253212552]},"properties":{"OBJECTID_1":2961,"efficiency":0,"stop_code":13271,"Muni_Heb":"באר שבע","stop_name":"סוקולוב/בזל"}},
{"type":"Feature","geometry":{"type":"Point","coordinates":[178715.70456263144,574620.2774721173]},"properties":{"OBJECTID_1":2962,"efficiency":0,"stop_code":13273,"Muni_Heb":"באר שבע","stop_name":"שאול המלך/רחבת שמגר השופט"}},
{"type":"Feature","geometry":{"type":"Point","coordinates":[179017.9302601895,574845.9647362893]},"properties":{"OBJECTID_1":2963,"efficiency":0,"stop_code":13286,"Muni_Heb":"באר שבע","stop_name":"מבצע יואב/מבצע קלשון"}},
{"type":"Feature","geometry":{"type":"Point","coordinates":[179071.218796372,575056.3165509489]},"properties":{"OBJECTID_1":2964,"efficiency":0,"stop_code":13287,"Muni_Heb":"באר שבע","stop_name":"בה''ס אוצר החיים/יעקב דורי"}},
{"type":"Feature","geometry":{"type":"Point","coordinates":[177974.83720614764,572896.1463466387]},"properties":{"OBJECTID_1":2965,"efficiency":0,"stop_code":13294,"Muni_Heb":"באר שבע","stop_name":"שדרות יגאל ידין/גת"}},
{"type":"Feature","geometry":{"type":"Point","coordinates":[178698.15032860966,572502.3603065897]},"properties":{"OBJECTID_1":2966,"efficiency":0,"stop_code":13295,"Muni_Heb":"באר שבע","stop_name":"בה''ס אשכול/מגידו"}},
{"type":"Feature","geometry":{"type":"Point","coordinates":[179672.81874970326,575297.1736153491]},"properties":{"OBJECTID_1":2967,"efficiency":0,"stop_code":13296,"Muni_Heb":"באר שבע","stop_name":"סנהדרין/יהודה לוי"}},
{"type":"Feature","geometry":{"type":"Point","coordinates":[177775.16163131414,573854.0338636684]},"properties":{"OBJECTID_1":2968,"efficiency":0,"stop_code":13298,"Muni_Heb":"באר שבע","stop_name":"שד. גולדה מאיר/בכור שטרית"}},
{"type":"Feature","geometry":{"type":"Point","coordinates":[178908.03861440413,572236.2182303604]},"properties":{"OBJECTID_1":2969,"efficiency":0,"stop_code":13301,"Muni_Heb":"באר שבע","stop_name":"חטיבה שמונה/שדרות ז'בוטינסקי"}},
{"type":"Feature","geometry":{"type":"Point","coordinates":[181947.01419320662,575905.9416461807]},"properties":{"OBJECTID_1":2970,"efficiency":0,"stop_code":13303,"Muni_Heb":"באר שבע","stop_name":"הר בוקר/הר חרמון"}},
{"type":"Feature","geometry":{"type":"Point","coordinates":[182256.4368033614,576096.7687793828]},"properties":{"OBJECTID_1":2971,"efficiency":0,"stop_code":13305,"Muni_Heb":"באר שבע","stop_name":"הר רמון/הר כנען"}},
{"type":"Feature","geometry":{"type":"Point","coordinates":[182507.91503177432,576034.7864313809]},"properties":{"OBJECTID_1":2972,"efficiency":0,"stop_code":13312,"Muni_Heb":"באר שבע","stop_name":"ד''ר ראובן הכט/ישראל אפשטיין"}},
{"type":"Feature","geometry":{"type":"Point","coordinates":[181239.11414507322,576237.1382200439]},"properties":{"OBJECTID_1":2973,"efficiency":0,"stop_code":13317,"Muni_Heb":"באר שבע","stop_name":"המדע/כיכר מונטריאול"}},
{"type":"Feature","geometry":{"type":"Point","coordinates":[178670.13147993473,574265.3127866422]},"properties":{"OBJECTID_1":2974,"efficiency":0,"stop_code":13323,"Muni_Heb":"באר שבע","stop_name":"אבא אחימאיר/דרך מצדה"}},
{"type":"Feature","geometry":{"type":"Point","coordinates":[177512.5431379334,573566.0211106061]},"properties":{"OBJECTID_1":2975,"efficiency":0,"stop_code":13331,"Muni_Heb":"באר שבע","stop_name":"הרב יחיא קפאח/התיבונים"}},
{"type":"Feature","geometry":{"type":"Point","coordinates":[177758.03343078244,572898.7788693707]},"properties":{"OBJECTID_1":2976,"efficiency":0,"stop_code":13333,"Muni_Heb":"באר שבע","stop_name":"שומרון/עבדת"}},
{"type":"Feature","geometry":{"type":"Point","coordinates":[179135.27260783105,572763.2310786793]},"properties":{"OBJECTID_1":2977,"efficiency":0,"stop_code":13338,"Muni_Heb":"באר שבע","stop_name":"משטרת מרחב הנגב/שדרות ירושלים"}},
{"type":"Feature","geometry":{"type":"Point","coordinates":[178034.4808623216,573261.0312012591]},"properties":{"OBJECTID_1":2978,"efficiency":0,"stop_code":13344,"Muni_Heb":"באר שבע","stop_name":"שד. יגאל ידין/עין גדי"}},
{"type":"Feature","geometry":{"type":"Point","coordinates":[178153.14947600424,572916.1777360801]},"properties":{"OBJECTID_1":2979,"efficiency":0,"stop_code":13346,"Muni_Heb":"באר שבע","stop_name":"שדרות ירושלים/שער הגיא"}},
{"type":"Feature","geometry":{"type":"Point","coordinates":[178693.3528050584,572861.732955614]},"properties":{"OBJECTID_1":2980,"efficiency":0,"stop_code":13348,"Muni_Heb":"באר שבע","stop_name":"בה''ס מולדת/שדרות ירושלים"}},
{"type":"Feature","geometry":{"type":"Point","coordinates":[177358.90139968015,574089.8688240735]},"properties":{"OBJECTID_1":2981,"efficiency":0,"stop_code":13352,"Muni_Heb":"באר שבע","stop_name":"בית ספר רימונים/שדרות גולדה מאיר"}},
{"type":"Feature","geometry":{"type":"Point","coordinates":[179204.28626731568,575333.4433997876]},"properties":{"OBJECTID_1":2982,"efficiency":0,"stop_code":13364,"Muni_Heb":"באר שבע","stop_name":"מכללת קיי/מרדכי מקלף"}},
{"type":"Feature","geometry":{"type":"Point","coordinates":[181295.53172162574,576876.5865971075]},"properties":{"OBJECTID_1":2983,"efficiency":0,"stop_code":13378,"Muni_Heb":"באר שבע","stop_name":"שדרות לוי אשכול/מנחם דידנר"}},
{"type":"Feature","geometry":{"type":"Point","coordinates":[180948.75915348262,576652.7722885588]},"properties":{"OBJECTID_1":2984,"efficiency":0,"stop_code":13380,"Muni_Heb":"באר שבע","stop_name":"מתנ''ס רמות ספורטיב/שדרות הערים התאומות"}},
{"type":"Feature","geometry":{"type":"Point","coordinates":[181360.77450350023,577221.1794792018]},"properties":{"OBJECTID_1":2985,"efficiency":0,"stop_code":13390,"Muni_Heb":"באר שבע","stop_name":"שדרות לוי אשכול/קלמן פורת"}},
{"type":"Feature","geometry":{"type":"Point","coordinates":[181407.13969909653,576694.2306867626]},"properties":{"OBJECTID_1":2986,"efficiency":0,"stop_code":13391,"Muni_Heb":"באר שבע","stop_name":"מנחם דידנר/נחום שריג"}},
{"type":"Feature","geometry":{"type":"Point","coordinates":[181570.65148876607,577118.3005618218]},"properties":{"OBJECTID_1":2987,"efficiency":0,"stop_code":13395,"Muni_Heb":"באר שבע","stop_name":"בה''ס רכסים/נחום שריג"}},
{"type":"Feature","geometry":{"type":"Point","coordinates":[181412.4438594027,576712.6171236157]},"properties":{"OBJECTID_1":2988,"efficiency":0,"stop_code":13396,"Muni_Heb":"באר שבע","stop_name":"מנחם דידנר/נחום שריג"}},
{"type":"Feature","geometry":{"type":"Point","coordinates":[181454.28332427447,576985.113904124]},"properties":{"OBJECTID_1":2989,"efficiency":0,"stop_code":13397,"Muni_Heb":"באר שבע","stop_name":"מיכאל הנגבי/עוזי נרקיס"}},
{"type":"Feature","geometry":{"type":"Point","coordinates":[181337.21904027447,577263.7312946302]},"properties":{"OBJECTID_1":2990,"efficiency":0,"stop_code":13398,"Muni_Heb":"באר שבע","stop_name":"שד. לוי אשכול/יוסף שרשבסקי"}},
{"type":"Feature","geometry":{"type":"Point","coordinates":[179376.48634854236,572141.7270025052]},"properties":{"OBJECTID_1":2991,"efficiency":0,"stop_code":13423,"Muni_Heb":"באר שבע","stop_name":"אפרים / נפתלי"}},
{"type":"Feature","geometry":{"type":"Point","coordinates":[179591.20233917664,572187.3676028289]},"properties":{"OBJECTID_1":2992,"efficiency":0,"stop_code":13424,"Muni_Heb":"באר שבע","stop_name":"חטיבת הנגב/נגבה"}},
{"type":"Feature","geometry":{"type":"Point","coordinates":[181604.23067246616,570689.7351777012]},"properties":{"OBJECTID_1":2993,"efficiency":0,"stop_code":13432,"Muni_Heb":"באר שבע","stop_name":"הפועלים/הדגן"}},
{"type":"Feature","geometry":{"type":"Point","coordinates":[182201.69010685413,569494.3460176901]},"properties":{"OBJECTID_1":2994,"efficiency":0,"stop_code":13435,"Muni_Heb":"באר שבע","stop_name":"הכשרת היישוב/הזורע"}},
{"type":"Feature","geometry":{"type":"Point","coordinates":[182150.7686940978,569215.672167091]},"properties":{"OBJECTID_1":2995,"efficiency":0,"stop_code":13436,"Muni_Heb":"באר שבע","stop_name":"הקוצר/הכשרת היישוב"}},
{"type":"Feature","geometry":{"type":"Point","coordinates":[182019.42510581666,570572.1599483191]},"properties":{"OBJECTID_1":2996,"efficiency":0,"stop_code":13440,"Muni_Heb":"באר שבע","stop_name":"הפועלים/הפלס"}},
{"type":"Feature","geometry":{"type":"Point","coordinates":[181056.09774903895,571580.5132349066]},"properties":{"OBJECTID_1":2997,"efficiency":0,"stop_code":13442,"Muni_Heb":"באר שבע","stop_name":"סינמה סיטי/שדרות דוד חכם"}},
{"type":"Feature","geometry":{"type":"Point","coordinates":[181868.09793965775,573468.4738860673]},"properties":{"OBJECTID_1":2998,"efficiency":0,"stop_code":13448,"Muni_Heb":"באר שבע","stop_name":"מרכז אורות/ז'בוטינסקי"}},
{"type":"Feature","geometry":{"type":"Point","coordinates":[181352.04013289305,573137.0371938737]},"properties":{"OBJECTID_1":2999,"efficiency":0,"stop_code":13450,"Muni_Heb":"באר שבע","stop_name":"גאולים/אסירי ציון"}},
{"type":"Feature","geometry":{"type":"Point","coordinates":[181679.94430291213,573038.0586776647]},"properties":{"OBJECTID_1":3000,"efficiency":0,"stop_code":13451,"Muni_Heb":"באר שבע","stop_name":"בה''ס דגניה/ז'בוטינסקי"}},
{"type":"Feature","geometry":{"type":"Point","coordinates":[180642.71097198367,572895.5942075095]},"properties":{"OBJECTID_1":3001,"efficiency":0,"stop_code":13459,"Muni_Heb":"באר שבע","stop_name":"ויצמן / שד' רגר"}},
{"type":"Feature","geometry":{"type":"Point","coordinates":[178454.8739714497,574705.3385352482]},"properties":{"OBJECTID_1":3002,"efficiency":0,"stop_code":13460,"Muni_Heb":"באר שבע","stop_name":"בה''ס גולדה מאיר/מבצע עובדה"}},
{"type":"Feature","geometry":{"type":"Point","coordinates":[180806.4970694491,572386.8398500944]},"properties":{"OBJECTID_1":3003,"efficiency":0,"stop_code":13462,"Muni_Heb":"באר שבע","stop_name":"ת.מרכזית/עירוניים לצפון"}},
{"type":"Feature","geometry":{"type":"Point","coordinates":[176455.62829643782,574133.2238495565]},"properties":{"OBJECTID_1":3004,"efficiency":0,"stop_code":13465,"Muni_Heb":"באר שבע","stop_name":"חווה חקלאית למדעי החקלאות"}},
{"type":"Feature","geometry":{"type":"Point","coordinates":[176430.26308845024,574126.2315817453]},"properties":{"OBJECTID_1":3005,"efficiency":0,"stop_code":13466,"Muni_Heb":"באר שבע","stop_name":"חווה חקלאית למדעי החקלאות"}},
{"type":"Feature","geometry":{"type":"Point","coordinates":[180681.2393095738,571203.799239044]},"properties":{"OBJECTID_1":3006,"efficiency":0,"stop_code":13474,"Muni_Heb":"באר שבע","stop_name":"הע''ל/ליבנה"}},
{"type":"Feature","geometry":{"type":"Point","coordinates":[179639.30296669487,572662.4055181427]},"properties":{"OBJECTID_1":3007,"efficiency":0,"stop_code":13479,"Muni_Heb":"באר שבע","stop_name":"רמב''ם/המוכתר"}},
{"type":"Feature","geometry":{"type":"Point","coordinates":[180113.47222708905,572496.631101598]},"properties":{"OBJECTID_1":3008,"efficiency":0,"stop_code":13480,"Muni_Heb":"באר שבע","stop_name":"רמב''ם/הרצל"}},
{"type":"Feature","geometry":{"type":"Point","coordinates":[178852.82545708676,570496.323001882]},"properties":{"OBJECTID_1":3009,"efficiency":0,"stop_code":13483,"Muni_Heb":"באר שבע","stop_name":"שד. הצנחנים / צבי בן יעקב"}},
{"type":"Feature","geometry":{"type":"Point","coordinates":[182148.597591627,574077.2980681085]},"properties":{"OBJECTID_1":3010,"efficiency":0,"stop_code":13485,"Muni_Heb":"באר שבע","stop_name":"שדרות דוד בן גוריון/דרך השלום"}},
{"type":"Feature","geometry":{"type":"Point","coordinates":[178781.87802791476,572278.3958583532]},"properties":{"OBJECTID_1":3011,"efficiency":0,"stop_code":13487,"Muni_Heb":"באר שבע","stop_name":"שדרות יוהנה ז'בוטינסקי/חטיבה שמונה"}},
{"type":"Feature","geometry":{"type":"Point","coordinates":[178505.88511307957,572032.5439209184]},"properties":{"OBJECTID_1":3012,"efficiency":0,"stop_code":13489,"Muni_Heb":"באר שבע","stop_name":"מרכז מסחרי נווה זאב/שדרות יוהנה ז'בוטינסקי"}},
{"type":"Feature","geometry":{"type":"Point","coordinates":[178669.01179111068,571082.1338468458]},"properties":{"OBJECTID_1":3013,"efficiency":0,"stop_code":13490,"Muni_Heb":"באר שבע","stop_name":"הרב אליהו כ''ץ/אטד"}},
{"type":"Feature","geometry":{"type":"Point","coordinates":[178777.69758407306,571198.5772719835]},"properties":{"OBJECTID_1":3014,"efficiency":0,"stop_code":13491,"Muni_Heb":"באר שבע","stop_name":"שדרות אליהו כ''ץ/אטד"}},
{"type":"Feature","geometry":{"type":"Point","coordinates":[178720.35718752205,571571.3471988759]},"properties":{"OBJECTID_1":3015,"efficiency":0,"stop_code":13492,"Muni_Heb":"באר שבע","stop_name":"שדרות נפתלי הרץ אימבר/חטיבה שמונה"}},
{"type":"Feature","geometry":{"type":"Point","coordinates":[178673.18074263886,572156.1868152994]},"properties":{"OBJECTID_1":3016,"efficiency":0,"stop_code":13493,"Muni_Heb":"באר שבע","stop_name":"שדרות יוהנה ז'בוטינסקי/אביגדור המאירי"}},
{"type":"Feature","geometry":{"type":"Point","coordinates":[179728.68044811214,571761.0780739343]},"properties":{"OBJECTID_1":3017,"efficiency":0,"stop_code":13503,"Muni_Heb":"באר שבע","stop_name":"החלוץ/בי''ס בית יעקב"}},
{"type":"Feature","geometry":{"type":"Point","coordinates":[178739.00570907068,574611.5385076099]},"properties":{"OBJECTID_1":3018,"efficiency":0,"stop_code":13508,"Muni_Heb":"באר שבע","stop_name":"שאול המלך/רחבת חי''ל"}},
{"type":"Feature","geometry":{"type":"Point","coordinates":[177913.8623902775,574820.1178579807]},"properties":{"OBJECTID_1":3019,"efficiency":0,"stop_code":13510,"Muni_Heb":"באר שבע","stop_name":"שד. גולדה מאיר/ארתור רופין"}},
{"type":"Feature","geometry":{"type":"Point","coordinates":[178253.21066759594,571176.6710171663]},"properties":{"OBJECTID_1":3020,"efficiency":0,"stop_code":13512,"Muni_Heb":"באר שבע","stop_name":"אפרים לרון/בז"}},
{"type":"Feature","geometry":{"type":"Point","coordinates":[177954.23060172735,571103.7813485205]},"properties":{"OBJECTID_1":3021,"efficiency":0,"stop_code":13513,"Muni_Heb":"באר שבע","stop_name":"אפרים לרון/חסידה"}},
{"type":"Feature","geometry":{"type":"Point","coordinates":[181150.10795342253,574472.6242921794]},"properties":{"OBJECTID_1":3022,"efficiency":0,"stop_code":13518,"Muni_Heb":"באר שבע","stop_name":"מרפאות חוץ סורוקה/אוניברסיטת בן גוריון"}},
{"type":"Feature","geometry":{"type":"Point","coordinates":[182379.46397696715,573910.1642284627]},"properties":{"OBJECTID_1":3023,"efficiency":0,"stop_code":13519,"Muni_Heb":"באר שבע","stop_name":"יהודה הנחתום/יהושע הצורף"}},
{"type":"Feature","geometry":{"type":"Point","coordinates":[178452.2397253129,569978.8619060102]},"properties":{"OBJECTID_1":3024,"efficiency":0,"stop_code":13520,"Muni_Heb":"באר שבע","stop_name":"אלכסנדר אוריה בוסקוביץ/עדן פרטוש"}},
{"type":"Feature","geometry":{"type":"Point","coordinates":[178734.86781608773,570373.9274469428]},"properties":{"OBJECTID_1":3025,"efficiency":0,"stop_code":13523,"Muni_Heb":"באר שבע","stop_name":"עדן פרטוש/חמדה וצבי זינדר"}},
{"type":"Feature","geometry":{"type":"Point","coordinates":[181385.81457298523,572836.3265699866]},"properties":{"OBJECTID_1":3026,"efficiency":0,"stop_code":13526,"Muni_Heb":"באר שבע","stop_name":"בית נועם/שדרות שז''ר"}},
{"type":"Feature","geometry":{"type":"Point","coordinates":[182275.01883266697,572820.1680203899]},"properties":{"OBJECTID_1":3027,"efficiency":0,"stop_code":13527,"Muni_Heb":"באר שבע","stop_name":"מרכז קניות/דרך אליהו נאוי"}},
{"type":"Feature","geometry":{"type":"Point","coordinates":[182457.15763888706,572955.2381481783]},"properties":{"OBJECTID_1":3028,"efficiency":0,"stop_code":13528,"Muni_Heb":"באר שבע","stop_name":"מפעל חסין אש"}},
{"type":"Feature","geometry":{"type":"Point","coordinates":[182374.37227829226,573897.8748265739]},"properties":{"OBJECTID_1":3029,"efficiency":0,"stop_code":13530,"Muni_Heb":"באר שבע","stop_name":"יהודה הנחתום/יהושע הצורף"}},
{"type":"Feature","geometry":{"type":"Point","coordinates":[178253.74297613843,571215.2543038863]},"properties":{"OBJECTID_1":3030,"efficiency":0,"stop_code":13531,"Muni_Heb":"באר שבע","stop_name":"אפרים לרון/הרב מישאל דהאן"}},
{"type":"Feature","geometry":{"type":"Point","coordinates":[182661.63896102295,573758.821885381]},"properties":{"OBJECTID_1":3031,"efficiency":0,"stop_code":13536,"Muni_Heb":"באר שבע","stop_name":"האורגים/יהושע הצורף"}},
{"type":"Feature","geometry":{"type":"Point","coordinates":[177693.27104227254,574698.6947601613]},"properties":{"OBJECTID_1":3032,"efficiency":0,"stop_code":13542,"Muni_Heb":"באר שבע","stop_name":"שדרות גולדה מאיר/פנחס רוזן"}},
{"type":"Feature","geometry":{"type":"Point","coordinates":[177516.6341236442,574518.5570160242]},"properties":{"OBJECTID_1":3033,"efficiency":0,"stop_code":13543,"Muni_Heb":"באר שבע","stop_name":"מסוף י''א"}},
{"type":"Feature","geometry":{"type":"Point","coordinates":[177551.3945364673,574517.4203304884]},"properties":{"OBJECTID_1":3034,"efficiency":0,"stop_code":13544,"Muni_Heb":"באר שבע","stop_name":"מסוף י''א"}},
{"type":"Feature","geometry":{"type":"Point","coordinates":[178188.78944071825,574325.0721937399]},"properties":{"OBJECTID_1":3035,"efficiency":0,"stop_code":13545,"Muni_Heb":"באר שבע","stop_name":"שאול המלך/שדרות גולדה מאיר"}},
{"type":"Feature","geometry":{"type":"Point","coordinates":[181229.6799809231,576679.5748798442]},"properties":{"OBJECTID_1":3036,"efficiency":0,"stop_code":13549,"Muni_Heb":"באר שבע","stop_name":"שד. לוי אשכול/פרופסור יוסף שטרן"}},
{"type":"Feature","geometry":{"type":"Point","coordinates":[180895.3551196271,577097.921372568]},"properties":{"OBJECTID_1":3037,"efficiency":0,"stop_code":13550,"Muni_Heb":"באר שבע","stop_name":"שדרות הערים התאומות/רש''ל"}},
{"type":"Feature","geometry":{"type":"Point","coordinates":[178976.0501953587,574902.341170158]},"properties":{"OBJECTID_1":3038,"efficiency":0,"stop_code":13552,"Muni_Heb":"באר שבע","stop_name":"בית אבות עמיגור/מבצע יואב"}},
{"type":"Feature","geometry":{"type":"Point","coordinates":[180539.1418290598,573763.8146170882]},"properties":{"OBJECTID_1":3039,"efficiency":0,"stop_code":13553,"Muni_Heb":"באר שבע","stop_name":"אליעזר בן יהודה/שמעוני"}},
{"type":"Feature","geometry":{"type":"Point","coordinates":[183003.86958868636,576441.9671638558]},"properties":{"OBJECTID_1":3040,"efficiency":0,"stop_code":13554,"Muni_Heb":"באר שבע","stop_name":"האנדרטה/שדרות אורי צבי גרינברג"}},
{"type":"Feature","geometry":{"type":"Point","coordinates":[183065.0842830942,576190.0627460028]},"properties":{"OBJECTID_1":3041,"efficiency":0,"stop_code":13555,"Muni_Heb":"באר שבע","stop_name":"האנדרטה/יוסף תקוע"}},
{"type":"Feature","geometry":{"type":"Point","coordinates":[182849.8704635545,576028.3761753491]},"properties":{"OBJECTID_1":3042,"efficiency":0,"stop_code":13556,"Muni_Heb":"באר שבע","stop_name":"ד''ר ראובן הכט/יעקב חזן"}},
{"type":"Feature","geometry":{"type":"Point","coordinates":[182274.20635923062,574123.8642767649]},"properties":{"OBJECTID_1":3043,"efficiency":0,"stop_code":13557,"Muni_Heb":"באר שבע","stop_name":"יהושע הצורף/יהודה הנחתום"}},
{"type":"Feature","geometry":{"type":"Point","coordinates":[178691.38324551578,571543.9619679594]},"properties":{"OBJECTID_1":3044,"efficiency":0,"stop_code":13558,"Muni_Heb":"באר שבע","stop_name":"שדרות נפתלי הרץ אימבר/הרב מישאל דהאן"}},
{"type":"Feature","geometry":{"type":"Point","coordinates":[180759.18418137514,570507.6482066533]},"properties":{"OBJECTID_1":3045,"efficiency":0,"stop_code":13561,"Muni_Heb":"באר שבע","stop_name":"מחנה חר''פ"}},
{"type":"Feature","geometry":{"type":"Point","coordinates":[182043.66874286873,572884.6330967871]},"properties":{"OBJECTID_1":3046,"efficiency":0,"stop_code":13589,"Muni_Heb":"באר שבע","stop_name":"יצחק נפחא/פנחס החוצב"}},
{"type":"Feature","geometry":{"type":"Point","coordinates":[181581.90806522337,575304.190415796]},"properties":{"OBJECTID_1":3047,"efficiency":0,"stop_code":13591,"Muni_Heb":"באר שבע","stop_name":"הדעת/המדע"}},
{"type":"Feature","geometry":{"type":"Point","coordinates":[181378.68896372578,575545.9737647178]},"properties":{"OBJECTID_1":3048,"efficiency":0,"stop_code":13593,"Muni_Heb":"באר שבע","stop_name":"מקיף ז'/הדעת"}},
{"type":"Feature","geometry":{"type":"Point","coordinates":[181333.46291574373,575863.5806271557]},"properties":{"OBJECTID_1":3049,"efficiency":0,"stop_code":13637,"Muni_Heb":"באר שבע","stop_name":"בי''ס רמות/הדעת"}},
{"type":"Feature","geometry":{"type":"Point","coordinates":[181366.8212049158,575923.3334330132]},"properties":{"OBJECTID_1":3050,"efficiency":0,"stop_code":13677,"Muni_Heb":"באר שבע","stop_name":"בי''ס רמות/הדעת"}},
{"type":"Feature","geometry":{"type":"Point","coordinates":[181409.1504151238,575463.2594778378]},"properties":{"OBJECTID_1":3051,"efficiency":1,"stop_code":13695,"Muni_Heb":"באר שבע","stop_name":"מקיף ז'/הדעת"}},
{"type":"Feature","geometry":{"type":"Point","coordinates":[181799.1426413477,575143.6340552534]},"properties":{"OBJECTID_1":3052,"efficiency":0,"stop_code":13781,"Muni_Heb":"באר שבע","stop_name":"אורי צבי גרינברג/הדעת"}},
{"type":"Feature","geometry":{"type":"Point","coordinates":[181447.53512868038,577119.9658087994]},"properties":{"OBJECTID_1":3053,"efficiency":0,"stop_code":13787,"Muni_Heb":"באר שבע","stop_name":"מיכאל הנגבי"}},
{"type":"Feature","geometry":{"type":"Point","coordinates":[180232.9911527551,572639.5483925914]},"properties":{"OBJECTID_1":3054,"efficiency":0,"stop_code":13896,"Muni_Heb":"באר שבע","stop_name":"צומת אלי כהן/שדרות דוד טוביהו"}},
{"type":"Feature","geometry":{"type":"Point","coordinates":[180683.81590457144,572495.6190004522]},"properties":{"OBJECTID_1":3055,"efficiency":0,"stop_code":13907,"Muni_Heb":"באר שבע","stop_name":"ת.מרכזית באר שבע/רציפים בינעירוני"}},
{"type":"Feature","geometry":{"type":"Point","coordinates":[180807.3211185125,575611.7067796077]},"properties":{"OBJECTID_1":3056,"efficiency":1,"stop_code":13919,"Muni_Heb":"באר שבע","stop_name":"מרכז אורן/יצחק רגר"}},
{"type":"Feature","geometry":{"type":"Point","coordinates":[180834.15616835156,571981.038610309]},"properties":{"OBJECTID_1":3057,"efficiency":0,"stop_code":13928,"Muni_Heb":"באר שבע","stop_name":"השוק העירוני/שדרות דוד חכם"}},
{"type":"Feature","geometry":{"type":"Point","coordinates":[180811.88094629848,571959.9430354915]},"properties":{"OBJECTID_1":3058,"efficiency":0,"stop_code":13933,"Muni_Heb":"באר שבע","stop_name":"השוק העירוני/שדרות דוד חכם"}},
{"type":"Feature","geometry":{"type":"Point","coordinates":[180882.40801855404,572097.2823107573]},"properties":{"OBJECTID_1":3059,"efficiency":0,"stop_code":13935,"Muni_Heb":"באר שבע","stop_name":"דרך חברון/שדרות דוד חכם"}},
{"type":"Feature","geometry":{"type":"Point","coordinates":[180962.11456746337,574478.8559386387]},"properties":{"OBJECTID_1":3060,"efficiency":0,"stop_code":13943,"Muni_Heb":"באר שבע","stop_name":"מרכז רפואי סורוקה/בן גוריון"}},
{"type":"Feature","geometry":{"type":"Point","coordinates":[181034.19005220616,574497.7736953215]},"properties":{"OBJECTID_1":3061,"efficiency":0,"stop_code":13949,"Muni_Heb":"באר שבע","stop_name":"מרפאות חוץ סורוקה/אוניברסיטת בן גוריון"}},
{"type":"Feature","geometry":{"type":"Point","coordinates":[181178.65224099782,568816.240481768]},"properties":{"OBJECTID_1":3062,"efficiency":0,"stop_code":13951,"Muni_Heb":"באר שבע","stop_name":"צומת אוהלי קידר"}},
{"type":"Feature","geometry":{"type":"Point","coordinates":[181166.48357584147,568641.0998200777]},"properties":{"OBJECTID_1":3063,"efficiency":0,"stop_code":13953,"Muni_Heb":"באר שבע","stop_name":"צומת אוהלי קידר"}},
{"type":"Feature","geometry":{"type":"Point","coordinates":[181188.39004295232,572406.0646459723]},"properties":{"OBJECTID_1":3064,"efficiency":0,"stop_code":13961,"Muni_Heb":"באר שבע","stop_name":"רוטשילד/חיים יחיל"}},
{"type":"Feature","geometry":{"type":"Point","coordinates":[181243.9864185108,571164.4830940368]},"properties":{"OBJECTID_1":3065,"efficiency":0,"stop_code":13962,"Muni_Heb":"באר שבע","stop_name":"צומת יצחק מצליח"}},
{"type":"Feature","geometry":{"type":"Point","coordinates":[181338.60509328975,570720.5210401509]},"properties":{"OBJECTID_1":3066,"efficiency":0,"stop_code":13969,"Muni_Heb":"באר שבע","stop_name":"אזור תעשיה עמק שרה"}},
{"type":"Feature","geometry":{"type":"Point","coordinates":[181325.06602994844,571085.5768131721]},"properties":{"OBJECTID_1":3067,"efficiency":0,"stop_code":13972,"Muni_Heb":"באר שבע","stop_name":"צומת יצחק מצליח"}},
{"type":"Feature","geometry":{"type":"Point","coordinates":[181520.17290173276,574481.8134974743]},"properties":{"OBJECTID_1":3068,"efficiency":0,"stop_code":13983,"Muni_Heb":"באר שבע","stop_name":"מרכז הספורט אוניברסיטת בן גוריון"}},
{"type":"Feature","geometry":{"type":"Point","coordinates":[181778.04242563763,568621.483503105]},"properties":{"OBJECTID_1":3069,"efficiency":0,"stop_code":13991,"Muni_Heb":"באר שבע","stop_name":"כלא קידר/דקל"}},
{"type":"Feature","geometry":{"type":"Point","coordinates":[181609.23733755582,574457.9859800509]},"properties":{"OBJECTID_1":3070,"efficiency":0,"stop_code":13992,"Muni_Heb":"באר שבע","stop_name":"מעונות הסטודנטים/שדרות בן גוריון"}},
{"type":"Feature","geometry":{"type":"Point","coordinates":[181771.76118053362,572636.24282058]},"properties":{"OBJECTID_1":3071,"efficiency":0,"stop_code":13998,"Muni_Heb":"באר שבע","stop_name":"דרך אליהו נאוי/יוסף הבורסקאי"}},
{"type":"Feature","geometry":{"type":"Point","coordinates":[182230.88892448758,570904.5933939948]},"properties":{"OBJECTID_1":3072,"efficiency":0,"stop_code":14006,"Muni_Heb":"באר שבע","stop_name":"שדרות יגאל אלון/הכשרת היישוב"}},
{"type":"Feature","geometry":{"type":"Point","coordinates":[182258.92402691304,572848.2769143066]},"properties":{"OBJECTID_1":3073,"efficiency":0,"stop_code":14008,"Muni_Heb":"באר שבע","stop_name":"מרכז קניות/דרך אליהו נאוי"}},
{"type":"Feature","geometry":{"type":"Point","coordinates":[182354.74251709005,570848.2734362463]},"properties":{"OBJECTID_1":3074,"efficiency":0,"stop_code":14013,"Muni_Heb":"באר שבע","stop_name":"שדרות יגאל אלון/הכשרת היישוב"}},
{"type":"Feature","geometry":{"type":"Point","coordinates":[182822.37352472328,573279.9360043096]},"properties":{"OBJECTID_1":3075,"efficiency":0,"stop_code":14015,"Muni_Heb":"באר שבע","stop_name":"דרך אליהו נאוי/שדרות דוד בן גוריון"}},
{"type":"Feature","geometry":{"type":"Point","coordinates":[185336.16217430058,570160.6043387497]},"properties":{"OBJECTID_1":3076,"efficiency":0,"stop_code":14051,"Muni_Heb":"באר שבע","stop_name":"מסעף שגב שלום/כביש 25"}},
{"type":"Feature","geometry":{"type":"Point","coordinates":[185429.68456496223,570057.7406610142]},"properties":{"OBJECTID_1":3077,"efficiency":0,"stop_code":14070,"Muni_Heb":"באר שבע","stop_name":"מסעף שגב שלום/כביש 25"}},
{"type":"Feature","geometry":{"type":"Point","coordinates":[180603.0007906933,572719.0026755973]},"properties":{"OBJECTID_1":3078,"efficiency":0,"stop_code":14330,"Muni_Heb":"באר שבע","stop_name":"דואר/יצחק רגר"}},
{"type":"Feature","geometry":{"type":"Point","coordinates":[182043.3021059786,572648.0227845814]},"properties":{"OBJECTID_1":3079,"efficiency":0,"stop_code":14331,"Muni_Heb":"באר שבע","stop_name":"מרכז קניות ביג/דרך אליהו נאוי"}},
{"type":"Feature","geometry":{"type":"Point","coordinates":[182391.862477527,573590.9050665294]},"properties":{"OBJECTID_1":3080,"efficiency":0,"stop_code":14336,"Muni_Heb":"באר שבע","stop_name":"שדרות דוד בן גוריון/יעקב גרשפלד"}},
{"type":"Feature","geometry":{"type":"Point","coordinates":[180658.57223326768,572831.2267167231]},"properties":{"OBJECTID_1":3081,"efficiency":0,"stop_code":14340,"Muni_Heb":"באר שבע","stop_name":"יצחק רגר/וייצמן"}},
{"type":"Feature","geometry":{"type":"Point","coordinates":[180898.86800744847,571831.8929609113]},"properties":{"OBJECTID_1":3082,"efficiency":0,"stop_code":14341,"Muni_Heb":"באר שבע","stop_name":"שדרות דוד חכם/בנימין בן אסא"}},
{"type":"Feature","geometry":{"type":"Point","coordinates":[183408.88106512165,574004.4829382659]},"properties":{"OBJECTID_1":3083,"efficiency":0,"stop_code":14377,"Muni_Heb":"באר שבע","stop_name":"צומת חטיבת הנגב"}},
{"type":"Feature","geometry":{"type":"Point","coordinates":[182122.61776839336,574164.2072807819]},"properties":{"OBJECTID_1":3084,"efficiency":0,"stop_code":14379,"Muni_Heb":"באר שבע","stop_name":"שדרות דוד בן גוריון/יהושע הצורף"}},
{"type":"Feature","geometry":{"type":"Point","coordinates":[182091.96534326056,574169.194945683]},"properties":{"OBJECTID_1":3085,"efficiency":0,"stop_code":14381,"Muni_Heb":"באר שבע","stop_name":"שדרות דוד בן גוריון/דרך השלום"}},
{"type":"Feature","geometry":{"type":"Point","coordinates":[183579.24801031686,574133.4036479875]},"properties":{"OBJECTID_1":3086,"efficiency":0,"stop_code":14382,"Muni_Heb":"באר שבע","stop_name":"צומת חטיבת הנגב"}},
{"type":"Feature","geometry":{"type":"Point","coordinates":[182356.5415303809,573703.9027534567]},"properties":{"OBJECTID_1":3087,"efficiency":0,"stop_code":14395,"Muni_Heb":"באר שבע","stop_name":"שדרות דוד בן גוריון/האורגים"}},
{"type":"Feature","geometry":{"type":"Point","coordinates":[181428.7616538402,569910.0179471963]},"properties":{"OBJECTID_1":3088,"efficiency":0,"stop_code":14400,"Muni_Heb":"באר שבע","stop_name":"צומת מחנה נתן"}},
{"type":"Feature","geometry":{"type":"Point","coordinates":[181437.3130343273,570061.3336978933]},"properties":{"OBJECTID_1":3089,"efficiency":0,"stop_code":14420,"Muni_Heb":"באר שבע","stop_name":"צומת מחנה נתן"}},
{"type":"Feature","geometry":{"type":"Point","coordinates":[176842.7101070756,573754.1059327]},"properties":{"OBJECTID_1":3090,"efficiency":0,"stop_code":14449,"Muni_Heb":"באר שבע","stop_name":"מכללה טכנולוגית חיל האוויר/דרך אילן רמון"}},
{"type":"Feature","geometry":{"type":"Point","coordinates":[181981.60110144946,575564.2043502369]},"properties":{"OBJECTID_1":3091,"efficiency":0,"stop_code":14453,"Muni_Heb":"באר שבע","stop_name":"שדרות אורי צבי גרינברג/דרך אביטל אביגדור"}},
{"type":"Feature","geometry":{"type":"Point","coordinates":[181576.54067456472,574529.619801867]},"properties":{"OBJECTID_1":3092,"efficiency":0,"stop_code":14454,"Muni_Heb":"באר שבע","stop_name":"מרכז הספורט אוניברסיטת בן גוריון"}},
{"type":"Feature","geometry":{"type":"Point","coordinates":[181865.47855883074,575263.587393862]},"properties":{"OBJECTID_1":3093,"efficiency":0,"stop_code":14455,"Muni_Heb":"באר שבע","stop_name":"שדרות אורי צבי גרינברג/יעקב מרש"}},
{"type":"Feature","geometry":{"type":"Point","coordinates":[175507.96873758046,572376.7357945909]},"properties":{"OBJECTID_1":3094,"efficiency":0,"stop_code":14596,"Muni_Heb":"באר שבע","stop_name":"חצרים/2357"}},
{"type":"Feature","geometry":{"type":"Point","coordinates":[175626.40008647653,572357.6134895042]},"properties":{"OBJECTID_1":3095,"efficiency":0,"stop_code":14597,"Muni_Heb":"באר שבע","stop_name":"בסיס מזון חצרים"}},
{"type":"Feature","geometry":{"type":"Point","coordinates":[175776.7845337855,572370.6251560616]},"properties":{"OBJECTID_1":3096,"efficiency":0,"stop_code":14598,"Muni_Heb":"באר שבע","stop_name":"בסיס מזון חצרים"}},
{"type":"Feature","geometry":{"type":"Point","coordinates":[177852.89669070428,572317.2929207599]},"properties":{"OBJECTID_1":3097,"efficiency":0,"stop_code":15238,"Muni_Heb":"באר שבע","stop_name":"דרך ג'ו יוסף אלון/שדרות יגאל ידין"}},
{"type":"Feature","geometry":{"type":"Point","coordinates":[178403.00495019992,572376.4439965711]},"properties":{"OBJECTID_1":3098,"efficiency":0,"stop_code":15239,"Muni_Heb":"באר שבע","stop_name":"בית העלמין הישן/דרך ג'ו יוסף אלון"}},
{"type":"Feature","geometry":{"type":"Point","coordinates":[178538.74704380456,572373.4750904064]},"properties":{"OBJECTID_1":3099,"efficiency":0,"stop_code":15240,"Muni_Heb":"באר שבע","stop_name":"דרך ג'ו יוסף אלון/אביגדור המאירי"}},
{"type":"Feature","geometry":{"type":"Point","coordinates":[177453.74658617712,572273.6430836624]},"properties":{"OBJECTID_1":3100,"efficiency":0,"stop_code":15241,"Muni_Heb":"באר שבע","stop_name":"דרך יוסף ג'ו אלון/שמעון אגרנט"}},
{"type":"Feature","geometry":{"type":"Point","coordinates":[177945.02074429212,572389.9967590121]},"properties":{"OBJECTID_1":3101,"efficiency":0,"stop_code":15243,"Muni_Heb":"באר שבע","stop_name":"בית עלמין ישן"}},
{"type":"Feature","geometry":{"type":"Point","coordinates":[177312.2686166896,572295.719986642]},"properties":{"OBJECTID_1":3102,"efficiency":0,"stop_code":15245,"Muni_Heb":"באר שבע","stop_name":"דרך יוסף ג'ו אלון/שמעון אגרנט"}},
{"type":"Feature","geometry":{"type":"Point","coordinates":[176554.05818379612,572393.2568321932]},"properties":{"OBJECTID_1":3103,"efficiency":0,"stop_code":15248,"Muni_Heb":"באר שבע","stop_name":"מצבור דלק/דרך ג'ו יוסף אלון"}},
{"type":"Feature","geometry":{"type":"Point","coordinates":[178806.57818267404,572457.4782732471]},"properties":{"OBJECTID_1":3104,"efficiency":0,"stop_code":15251,"Muni_Heb":"באר שבע","stop_name":"דרך יוסף ג'ו אלון/חטיבה שמונה"}},
{"type":"Feature","geometry":{"type":"Point","coordinates":[179178.36285126707,572622.4731081724]},"properties":{"OBJECTID_1":3105,"efficiency":0,"stop_code":15252,"Muni_Heb":"באר שבע","stop_name":"דרך יוסף ג'ו אלון/תבורי"}},
{"type":"Feature","geometry":{"type":"Point","coordinates":[178677.97087444935,572433.0293000853]},"properties":{"OBJECTID_1":3106,"efficiency":0,"stop_code":15253,"Muni_Heb":"באר שבע","stop_name":"דרך ג'ו יוסף אלון/מגידו"}},
{"type":"Feature","geometry":{"type":"Point","coordinates":[180024.94926663212,572693.6593909765]},"properties":{"OBJECTID_1":3107,"efficiency":0,"stop_code":15307,"Muni_Heb":"באר שבע","stop_name":"שדרות דוד טוביהו/אסף שמחוני"}},
{"type":"Feature","geometry":{"type":"Point","coordinates":[180815.37712039324,574411.31638424]},"properties":{"OBJECTID_1":3108,"efficiency":1,"stop_code":15332,"Muni_Heb":"באר שבע","stop_name":"מרכז רפואי סורוקה/אוניברסיטת בן גוריון"}},
{"type":"Feature","geometry":{"type":"Point","coordinates":[180844.7489110584,574291.5714944666]},"properties":{"OBJECTID_1":3109,"efficiency":0,"stop_code":15333,"Muni_Heb":"באר שבע","stop_name":"מרכז רפואי סורוקה/אוניברסיטת בן גוריון"}},
{"type":"Feature","geometry":{"type":"Point","coordinates":[180869.91592536314,573831.0049955909]},"properties":{"OBJECTID_1":3110,"efficiency":0,"stop_code":15334,"Muni_Heb":"באר שבע","stop_name":"סורוקה מיון/יצחק רגר"}},
{"type":"Feature","geometry":{"type":"Point","coordinates":[180812.74404223787,573281.9288725788]},"properties":{"OBJECTID_1":3111,"efficiency":1,"stop_code":15356,"Muni_Heb":"באר שבע","stop_name":"עיריית באר שבע/יצחק רגר"}},
{"type":"Feature","geometry":{"type":"Point","coordinates":[180832.4353741982,573196.9243553121]},"properties":{"OBJECTID_1":3112,"efficiency":0,"stop_code":15357,"Muni_Heb":"באר שבע","stop_name":"עיריית באר שבע/יצחק רגר"}},
{"type":"Feature","geometry":{"type":"Point","coordinates":[180822.0776557231,575713.7708107134]},"properties":{"OBJECTID_1":3113,"efficiency":1,"stop_code":15359,"Muni_Heb":"באר שבע","stop_name":"מרכז אורן/יצחק רגר"}},
{"type":"Feature","geometry":{"type":"Point","coordinates":[177324.7653801666,573772.2295794771]},"properties":{"OBJECTID_1":3114,"efficiency":0,"stop_code":15542,"Muni_Heb":"באר שבע","stop_name":"שדרות דוד טוביהו/בכור שטרית"}},
{"type":"Feature","geometry":{"type":"Point","coordinates":[177106.13674425165,573979.2311818601]},"properties":{"OBJECTID_1":3115,"efficiency":0,"stop_code":15543,"Muni_Heb":"באר שבע","stop_name":"קאנטרי קלאב/שדרות דוד טוביהו"}},
{"type":"Feature","geometry":{"type":"Point","coordinates":[177412.06641117486,573713.114369795]},"properties":{"OBJECTID_1":3116,"efficiency":0,"stop_code":15544,"Muni_Heb":"באר שבע","stop_name":"שדרות דוד טוביהו/הגאונים"}},
{"type":"Feature","geometry":{"type":"Point","coordinates":[178235.91844327142,573471.128003446]},"properties":{"OBJECTID_1":3117,"efficiency":0,"stop_code":15548,"Muni_Heb":"באר שבע","stop_name":"גרנד קניון/שדרות דוד טוביהו"}},
{"type":"Feature","geometry":{"type":"Point","coordinates":[178483.31380869373,573377.5768646448]},"properties":{"OBJECTID_1":3118,"efficiency":0,"stop_code":15549,"Muni_Heb":"באר שבע","stop_name":"גרנד קניון/שדרות דוד טוביהו"}},
{"type":"Feature","geometry":{"type":"Point","coordinates":[178093.33651952533,573547.7508438911]},"properties":{"OBJECTID_1":3119,"efficiency":0,"stop_code":15551,"Muni_Heb":"באר שבע","stop_name":"שדרות דוד טוביהו/דרך מצדה"}},
{"type":"Feature","geometry":{"type":"Point","coordinates":[177709.03433628744,573656.8231737927]},"properties":{"OBJECTID_1":3120,"efficiency":0,"stop_code":15552,"Muni_Heb":"באר שבע","stop_name":"שדרות דוד טוביהו/שאול המלך"}},
{"type":"Feature","geometry":{"type":"Point","coordinates":[175691.59191848288,575015.9783709982]},"properties":{"OBJECTID_1":3121,"efficiency":0,"stop_code":15553,"Muni_Heb":"באר שבע","stop_name":"צומת עולים"}},
{"type":"Feature","geometry":{"type":"Point","coordinates":[177042.72731239663,574127.6201894963]},"properties":{"OBJECTID_1":3122,"efficiency":0,"stop_code":15554,"Muni_Heb":"באר שבע","stop_name":"קאנטרי קלאב/שדרות דוד טוביהו"}},
{"type":"Feature","geometry":{"type":"Point","coordinates":[175605.49326323526,575107.2580578157]},"properties":{"OBJECTID_1":3123,"efficiency":0,"stop_code":15555,"Muni_Heb":"באר שבע","stop_name":"צומת עולים"}},
{"type":"Feature","geometry":{"type":"Point","coordinates":[176165.77009303868,574707.7662011913]},"properties":{"OBJECTID_1":3124,"efficiency":0,"stop_code":15556,"Muni_Heb":"באר שבע","stop_name":"שדרות דוד טוביהו/מוטה גור"}},
{"type":"Feature","geometry":{"type":"Point","coordinates":[178979.9261775201,572967.7323232518]},"properties":{"OBJECTID_1":3125,"efficiency":0,"stop_code":15561,"Muni_Heb":"באר שבע","stop_name":"שדרות דוד טוביהו/סיני"}},
{"type":"Feature","geometry":{"type":"Point","coordinates":[179031.44988845527,572915.0888427761]},"properties":{"OBJECTID_1":3126,"efficiency":0,"stop_code":15562,"Muni_Heb":"באר שבע","stop_name":"שדרות דוד טוביהו/רחבת טבריה"}},
{"type":"Feature","geometry":{"type":"Point","coordinates":[179317.9259146062,572897.2475544688]},"properties":{"OBJECTID_1":3127,"efficiency":0,"stop_code":15564,"Muni_Heb":"באר שבע","stop_name":"משטרה/שדרות דוד טוביהו"}},
{"type":"Feature","geometry":{"type":"Point","coordinates":[180626.18179813365,572495.8319122433]},"properties":{"OBJECTID_1":3128,"efficiency":1,"stop_code":15657,"Muni_Heb":"באר שבע","stop_name":"ת.מרכזית באר שבע/הורדה"}},
{"type":"Feature","geometry":{"type":"Point","coordinates":[179345.0869379719,572526.1479091116]},"properties":{"OBJECTID_1":3129,"efficiency":0,"stop_code":15913,"Muni_Heb":"באר שבע","stop_name":"מרכז קליטה/הפלמ''ח"}},
{"type":"Feature","geometry":{"type":"Point","coordinates":[181255.7119236035,570982.8240932287]},"properties":{"OBJECTID_1":3130,"efficiency":0,"stop_code":15993,"Muni_Heb":"באר שבע","stop_name":"צומת יצחק מצליח"}},
{"type":"Feature","geometry":{"type":"Point","coordinates":[181172.57369768503,571098.2169190589]},"properties":{"OBJECTID_1":3131,"efficiency":0,"stop_code":16010,"Muni_Heb":"באר שבע","stop_name":"צומת יצחק מצליח"}},
{"type":"Feature","geometry":{"type":"Point","coordinates":[183855.59848756605,570461.6663052929]},"properties":{"OBJECTID_1":3132,"efficiency":0,"stop_code":16033,"Muni_Heb":"באר שבע","stop_name":"צומת שרה/כביש 25"}},
{"type":"Feature","geometry":{"type":"Point","coordinates":[183542.3928122043,570569.3952629733]},"properties":{"OBJECTID_1":3133,"efficiency":0,"stop_code":16034,"Muni_Heb":"באר שבע","stop_name":"צומת שרה/שדרות יגאל אלון"}},
{"type":"Feature","geometry":{"type":"Point","coordinates":[183001.49209102592,570709.9642799712]},"properties":{"OBJECTID_1":3134,"efficiency":0,"stop_code":16035,"Muni_Heb":"באר שבע","stop_name":"שדרות יגאל אלון/ירדן"}},
{"type":"Feature","geometry":{"type":"Point","coordinates":[182702.7574494175,573314.7259813191]},"properties":{"OBJECTID_1":3135,"efficiency":0,"stop_code":16065,"Muni_Heb":"באר שבע","stop_name":"שדרות דוד בן גוריון/דרך אליהו נאוי"}},
{"type":"Feature","geometry":{"type":"Point","coordinates":[181880.87967266326,574564.3391554045]},"properties":{"OBJECTID_1":3136,"efficiency":0,"stop_code":16067,"Muni_Heb":"באר שבע","stop_name":"ת. רכבת ב''ש צפון"}},
{"type":"Feature","geometry":{"type":"Point","coordinates":[182034.85298530842,572682.9791381862]},"properties":{"OBJECTID_1":3137,"efficiency":0,"stop_code":16090,"Muni_Heb":"באר שבע","stop_name":"מרכז קניות ביג/דרך אליהו נאוי"}},
{"type":"Feature","geometry":{"type":"Point","coordinates":[179365.410474512,575427.959795761]},"properties":{"OBJECTID_1":3138,"efficiency":0,"stop_code":16331,"Muni_Heb":"באר שבע","stop_name":"יהודה הלוי/אבן עזרא"}},
{"type":"Feature","geometry":{"type":"Point","coordinates":[180276.30249013458,573473.184545108]},"properties":{"OBJECTID_1":3139,"efficiency":0,"stop_code":16353,"Muni_Heb":"באר שבע","stop_name":"המכללה הטכנולוגית/דרך המשחררים"}},
{"type":"Feature","geometry":{"type":"Point","coordinates":[179302.5939277587,575538.0799871427]},"properties":{"OBJECTID_1":3140,"efficiency":0,"stop_code":16354,"Muni_Heb":"באר שבע","stop_name":"מכללת קיי/יהודה הלוי"}},
{"type":"Feature","geometry":{"type":"Point","coordinates":[178676.69555488473,573184.1187990484]},"properties":{"OBJECTID_1":3141,"efficiency":0,"stop_code":16415,"Muni_Heb":"באר שבע","stop_name":"שדרות דוד טוביהו/בית אל"}},
{"type":"Feature","geometry":{"type":"Point","coordinates":[181329.5586025078,570616.8840081331]},"properties":{"OBJECTID_1":3142,"efficiency":0,"stop_code":16422,"Muni_Heb":"באר שבע","stop_name":"אזור תעשיה עמק שרה"}},
{"type":"Feature","geometry":{"type":"Point","coordinates":[181518.974457471,572647.5753133046]},"properties":{"OBJECTID_1":3143,"efficiency":0,"stop_code":16438,"Muni_Heb":"באר שבע","stop_name":"שדרות שז''ר/רוטשילד"}},
{"type":"Feature","geometry":{"type":"Point","coordinates":[181917.91815738927,570963.2517753794]},"properties":{"OBJECTID_1":3144,"efficiency":0,"stop_code":16486,"Muni_Heb":"באר שבע","stop_name":"אזור תעשיה עמק שרה"}},
{"type":"Feature","geometry":{"type":"Point","coordinates":[183120.49627316807,570654.6682127897]},"properties":{"OBJECTID_1":3145,"efficiency":0,"stop_code":16491,"Muni_Heb":"באר שבע","stop_name":"שדרות יגאל אלון/ירדן"}},
{"type":"Feature","geometry":{"type":"Point","coordinates":[181405.05289357752,572677.3698922484]},"properties":{"OBJECTID_1":3146,"efficiency":0,"stop_code":16492,"Muni_Heb":"באר שבע","stop_name":"רוטשילד/שדרות שז''ר"}},
{"type":"Feature","geometry":{"type":"Point","coordinates":[181803.87043172604,571016.4371810943]},"properties":{"OBJECTID_1":3147,"efficiency":0,"stop_code":16493,"Muni_Heb":"באר שבע","stop_name":"אזור תעשיה עמק שרה"}},
{"type":"Feature","geometry":{"type":"Point","coordinates":[181363.66119216377,569983.6540300732]},"properties":{"OBJECTID_1":3148,"efficiency":0,"stop_code":16498,"Muni_Heb":"באר שבע","stop_name":"אזור תעשיה פארק אופיר/תוצרת הארץ"}},
{"type":"Feature","geometry":{"type":"Point","coordinates":[181006.91000572286,570349.1830616274]},"properties":{"OBJECTID_1":3149,"efficiency":0,"stop_code":16516,"Muni_Heb":"באר שבע","stop_name":"ישפרו פלאנט/יצחק סלמה"}},
{"type":"Feature","geometry":{"type":"Point","coordinates":[180549.75997456777,571435.7965776168]},"properties":{"OBJECTID_1":3150,"efficiency":0,"stop_code":19205,"Muni_Heb":"באר שבע","stop_name":"מרכז מסחרי/הע''ל"}},
{"type":"Feature","geometry":{"type":"Point","coordinates":[180304.81710676724,571821.0065301459]},"properties":{"OBJECTID_1":3151,"efficiency":0,"stop_code":19206,"Muni_Heb":"באר שבע","stop_name":"מרכז מבקרים באר אברהם/הע''ל"}},
{"type":"Feature","geometry":{"type":"Point","coordinates":[180535.61074656068,571422.6545763301]},"properties":{"OBJECTID_1":3152,"efficiency":0,"stop_code":19207,"Muni_Heb":"באר שבע","stop_name":"הע''ל/חבצלת הנגב"}},
{"type":"Feature","geometry":{"type":"Point","coordinates":[180328.53048427028,571818.5897375004]},"properties":{"OBJECTID_1":3153,"efficiency":0,"stop_code":19208,"Muni_Heb":"באר שבע","stop_name":"מרכז מבקרים באר אברהם/הע''ל"}},
{"type":"Feature","geometry":{"type":"Point","coordinates":[181870.50039070615,568173.1011001688]},"properties":{"OBJECTID_1":3154,"efficiency":0,"stop_code":19347,"Muni_Heb":"באר שבע","stop_name":"כלא אלה"}},
{"type":"Feature","geometry":{"type":"Point","coordinates":[180658.11272114803,572345.8079155226]},"properties":{"OBJECTID_1":3155,"efficiency":0,"stop_code":19379,"Muni_Heb":"באר שבע","stop_name":"שדרות דוד חכם/תחנה מרכזית"}},
{"type":"Feature","geometry":{"type":"Point","coordinates":[182310.99166658134,575555.2715126901]},"properties":{"OBJECTID_1":3156,"efficiency":0,"stop_code":19397,"Muni_Heb":"באר שבע","stop_name":"שלמה בן יוסף/אליעזר קשאני"}},
{"type":"Feature","geometry":{"type":"Point","coordinates":[176321.47909971597,572431.1315586764]},"properties":{"OBJECTID_1":3157,"efficiency":0,"stop_code":19398,"Muni_Heb":"באר שבע","stop_name":"מסוף חצרים"}},
{"type":"Feature","geometry":{"type":"Point","coordinates":[177801.71043231618,572141.9764718146]},"properties":{"OBJECTID_1":3158,"efficiency":0,"stop_code":19399,"Muni_Heb":"באר שבע","stop_name":"יהושע ייבין/זאב טיומקין"}},
{"type":"Feature","geometry":{"type":"Point","coordinates":[177649.19858156296,572791.3274542472]},"properties":{"OBJECTID_1":3159,"efficiency":0,"stop_code":19401,"Muni_Heb":"באר שבע","stop_name":"בית ספר נאות לון/שמחה הולצברג"}},
{"type":"Feature","geometry":{"type":"Point","coordinates":[177419.78137944386,573927.07784987]},"properties":{"OBJECTID_1":3160,"efficiency":0,"stop_code":19402,"Muni_Heb":"באר שבע","stop_name":"שד. גולדה מאיר/זלמן ארן"}},
{"type":"Feature","geometry":{"type":"Point","coordinates":[177383.38421938868,574304.652170484]},"properties":{"OBJECTID_1":3161,"efficiency":0,"stop_code":19403,"Muni_Heb":"באר שבע","stop_name":"גולדה מאיר/יוסף סרלין"}},
{"type":"Feature","geometry":{"type":"Point","coordinates":[180820.67954879848,570518.0662195871]},"properties":{"OBJECTID_1":3162,"efficiency":0,"stop_code":19404,"Muni_Heb":"באר שבע","stop_name":"לשכת גיוס/אפיקים בנגב"}},
{"type":"Feature","geometry":{"type":"Point","coordinates":[177938.85325982547,572251.6459377263]},"properties":{"OBJECTID_1":3163,"efficiency":0,"stop_code":19405,"Muni_Heb":"באר שבע","stop_name":"שדרות נפתלי הרץ אימבר/דרך ג'ו יוסף אלון"}},
{"type":"Feature","geometry":{"type":"Point","coordinates":[178548.44055006723,571853.6437212948]},"properties":{"OBJECTID_1":3164,"efficiency":0,"stop_code":19406,"Muni_Heb":"באר שבע","stop_name":"בי''ס נווה שלום/יעקב פיכמן"}},
{"type":"Feature","geometry":{"type":"Point","coordinates":[178944.28588756674,571753.983481424]},"properties":{"OBJECTID_1":3165,"efficiency":0,"stop_code":19407,"Muni_Heb":"באר שבע","stop_name":"סרן דב/חטיבה שמונה"}},
{"type":"Feature","geometry":{"type":"Point","coordinates":[179183.863627189,572069.3954697119]},"properties":{"OBJECTID_1":3166,"efficiency":0,"stop_code":19408,"Muni_Heb":"באר שבע","stop_name":"השבטים/ראובן"}},
{"type":"Feature","geometry":{"type":"Point","coordinates":[178683.57689257234,572846.4698671399]},"properties":{"OBJECTID_1":3167,"efficiency":0,"stop_code":19412,"Muni_Heb":"באר שבע","stop_name":"קופת חולים כללית ט'/שדרות ירושלים"}},
{"type":"Feature","geometry":{"type":"Point","coordinates":[178984.1652883988,572807.054519848]},"properties":{"OBJECTID_1":3168,"efficiency":0,"stop_code":19413,"Muni_Heb":"באר שבע","stop_name":"בית החייל/שדרות ירושלים"}},
{"type":"Feature","geometry":{"type":"Point","coordinates":[178696.43723204904,573361.8898703635]},"properties":{"OBJECTID_1":3169,"efficiency":0,"stop_code":19414,"Muni_Heb":"באר שבע","stop_name":"הצבי/ש''י עגנון"}},
{"type":"Feature","geometry":{"type":"Point","coordinates":[178770.687807586,574233.9877057056]},"properties":{"OBJECTID_1":3170,"efficiency":0,"stop_code":19416,"Muni_Heb":"באר שבע","stop_name":"דרך מצדה/דרך שמשון"}},
{"type":"Feature","geometry":{"type":"Point","coordinates":[179111.45168428315,573927.0936162281]},"properties":{"OBJECTID_1":3171,"efficiency":0,"stop_code":19417,"Muni_Heb":"באר שבע","stop_name":"תיכון מקיף ה'/דרך שמשון"}},
{"type":"Feature","geometry":{"type":"Point","coordinates":[179229.59538045112,573711.6484691898]},"properties":{"OBJECTID_1":3172,"efficiency":0,"stop_code":19418,"Muni_Heb":"באר שבע","stop_name":"העלייה/קפריסין"}},
{"type":"Feature","geometry":{"type":"Point","coordinates":[179683.29327932213,571021.0336604948]},"properties":{"OBJECTID_1":3173,"efficiency":0,"stop_code":19419,"Muni_Heb":"באר שבע","stop_name":"אטד/חבצלת הנגב"}},
{"type":"Feature","geometry":{"type":"Point","coordinates":[179475.056699101,572633.9795772161]},"properties":{"OBJECTID_1":3174,"efficiency":0,"stop_code":19420,"Muni_Heb":"באר שבע","stop_name":"העצמאות/עלי דיוויס"}},
{"type":"Feature","geometry":{"type":"Point","coordinates":[180107.71123353683,572128.5401377566]},"properties":{"OBJECTID_1":3175,"efficiency":0,"stop_code":19422,"Muni_Heb":"באר שבע","stop_name":"העצמאות/מורדי הגטאות"}},
{"type":"Feature","geometry":{"type":"Point","coordinates":[179527.07899722774,571658.7264175537]},"properties":{"OBJECTID_1":3176,"efficiency":0,"stop_code":19423,"Muni_Heb":"באר שבע","stop_name":"בי''ס בית יעקב לבנים/הגדודים"}},
{"type":"Feature","geometry":{"type":"Point","coordinates":[179691.00655085608,573410.7432801699]},"properties":{"OBJECTID_1":3177,"efficiency":0,"stop_code":19425,"Muni_Heb":"באר שבע","stop_name":"דרך המשחררים/דרך שמשון"}},
{"type":"Feature","geometry":{"type":"Point","coordinates":[180446.07243129122,573018.2878237714]},"properties":{"OBJECTID_1":3178,"efficiency":0,"stop_code":19427,"Muni_Heb":"באר שבע","stop_name":"וייצמן/מנדלי מוכר ספרים"}},
{"type":"Feature","geometry":{"type":"Point","coordinates":[180474.54774096346,574119.5273981099]},"properties":{"OBJECTID_1":3179,"efficiency":0,"stop_code":19428,"Muni_Heb":"באר שבע","stop_name":"חז''ל/גרץ"}},
{"type":"Feature","geometry":{"type":"Point","coordinates":[180823.97555774607,574133.758431704]},"properties":{"OBJECTID_1":3180,"efficiency":0,"stop_code":19429,"Muni_Heb":"באר שבע","stop_name":"מרכז רפואי סורוקה/יצחק רגר"}},
{"type":"Feature","geometry":{"type":"Point","coordinates":[177263.98499395233,574789.114030909]},"properties":{"OBJECTID_1":3181,"efficiency":0,"stop_code":19430,"Muni_Heb":"באר שבע","stop_name":"בי''ס דוד טוביהו/אגוז"}},
{"type":"Feature","geometry":{"type":"Point","coordinates":[177355.75610428624,575537.8381712771]},"properties":{"OBJECTID_1":3182,"efficiency":0,"stop_code":19431,"Muni_Heb":"באר שבע","stop_name":"רבקה/לאה אמנו"}},
{"type":"Feature","geometry":{"type":"Point","coordinates":[177674.720485821,575637.2407302927]},"properties":{"OBJECTID_1":3183,"efficiency":0,"stop_code":19432,"Muni_Heb":"באר שבע","stop_name":"ששת הימים/שמואל רודנסקי"}},
{"type":"Feature","geometry":{"type":"Point","coordinates":[177920.06245681213,575303.7432553215]},"properties":{"OBJECTID_1":3184,"efficiency":0,"stop_code":19433,"Muni_Heb":"באר שבע","stop_name":"ששת הימים/חנה רובינא"}},
{"type":"Feature","geometry":{"type":"Point","coordinates":[178320.55254461418,574965.8727948458]},"properties":{"OBJECTID_1":3185,"efficiency":0,"stop_code":19434,"Muni_Heb":"באר שבע","stop_name":"משה דיין/שטיין"}},
{"type":"Feature","geometry":{"type":"Point","coordinates":[178775.69013251225,575352.5040574403]},"properties":{"OBJECTID_1":3186,"efficiency":0,"stop_code":19436,"Muni_Heb":"באר שבע","stop_name":"מרדכי מקלף/גויטיין"}},
{"type":"Feature","geometry":{"type":"Point","coordinates":[179492.40719049718,575214.589891232]},"properties":{"OBJECTID_1":3187,"efficiency":0,"stop_code":19437,"Muni_Heb":"באר שבע","stop_name":"בית אבות יונה/יעקב דורי"}},
{"type":"Feature","geometry":{"type":"Point","coordinates":[179650.56522658572,575230.3986627829]},"properties":{"OBJECTID_1":3188,"efficiency":0,"stop_code":19438,"Muni_Heb":"באר שבע","stop_name":"יהודה הלוי/יעקב דורי"}},
{"type":"Feature","geometry":{"type":"Point","coordinates":[179885.60641148398,575025.6056003838]},"properties":{"OBJECTID_1":3189,"efficiency":0,"stop_code":19439,"Muni_Heb":"באר שבע","stop_name":"מקיף ה'/יהודה הלוי"}},
{"type":"Feature","geometry":{"type":"Point","coordinates":[179518.5061219615,575715.880168949]},"properties":{"OBJECTID_1":3190,"efficiency":0,"stop_code":19440,"Muni_Heb":"באר שבע","stop_name":"בי''ח פסיכיאטרי/הצדיק מירושלים"}},
{"type":"Feature","geometry":{"type":"Point","coordinates":[180547.68468816916,574578.0672158517]},"properties":{"OBJECTID_1":3191,"efficiency":0,"stop_code":19441,"Muni_Heb":"באר שבע","stop_name":"כיכר האבות/יעקב אבינו"}},
{"type":"Feature","geometry":{"type":"Point","coordinates":[180674.24715197695,574598.7764395496]},"properties":{"OBJECTID_1":3192,"efficiency":0,"stop_code":19442,"Muni_Heb":"באר שבע","stop_name":"יעקב אבינו/אלכסנדר ינאי"}},
{"type":"Feature","geometry":{"type":"Point","coordinates":[180946.31002687063,576556.3175468296]},"properties":{"OBJECTID_1":3193,"efficiency":0,"stop_code":19443,"Muni_Heb":"באר שבע","stop_name":"שד. הערים התאומות/פרופסור גבריאל טר"}},
{"type":"Feature","geometry":{"type":"Point","coordinates":[181231.9142483737,570150.4473774242]},"properties":{"OBJECTID_1":3194,"efficiency":0,"stop_code":19444,"Muni_Heb":"באר שבע","stop_name":"מרכז מסחרי ישפרו סנטר/נסים אלקיים"}},
{"type":"Feature","geometry":{"type":"Point","coordinates":[181883.58570304562,570154.639554014]},"properties":{"OBJECTID_1":3195,"efficiency":0,"stop_code":19447,"Muni_Heb":"באר שבע","stop_name":"הבדיל/המכונאי"}},
{"type":"Feature","geometry":{"type":"Point","coordinates":[181318.0958146518,573154.3463339383]},"properties":{"OBJECTID_1":3196,"efficiency":0,"stop_code":19450,"Muni_Heb":"באר שבע","stop_name":"גאולים/אסירי ציון"}},
{"type":"Feature","geometry":{"type":"Point","coordinates":[182071.59064781817,575695.3839922852]},"properties":{"OBJECTID_1":3197,"efficiency":0,"stop_code":19452,"Muni_Heb":"באר שבע","stop_name":"שדרות אורי צבי גרינברג/הר בוקר"}},
{"type":"Feature","geometry":{"type":"Point","coordinates":[181834.37428610952,576071.1091459303]},"properties":{"OBJECTID_1":3198,"efficiency":0,"stop_code":19453,"Muni_Heb":"באר שבע","stop_name":"הר בוקר/הר בקע"}},
{"type":"Feature","geometry":{"type":"Point","coordinates":[181191.4249425836,576843.2591275069]},"properties":{"OBJECTID_1":3199,"efficiency":0,"stop_code":19455,"Muni_Heb":"באר שבע","stop_name":"אוסקר שינדלר/שדרות לוי אשכול"}},
{"type":"Feature","geometry":{"type":"Point","coordinates":[181452.48326171236,576935.114530434]},"properties":{"OBJECTID_1":3200,"efficiency":0,"stop_code":19456,"Muni_Heb":"באר שבע","stop_name":"מיכאל הנגבי/עוזי נרקיס"}},
{"type":"Feature","geometry":{"type":"Point","coordinates":[182530.09364579135,575869.5008032583]},"properties":{"OBJECTID_1":3201,"efficiency":0,"stop_code":19457,"Muni_Heb":"באר שבע","stop_name":"המרד/אליהו חכים"}},
{"type":"Feature","geometry":{"type":"Point","coordinates":[179312.22168791533,573622.8519828838]},"properties":{"OBJECTID_1":3202,"efficiency":0,"stop_code":19459,"Muni_Heb":"באר שבע","stop_name":"העלייה/קדושי בגדד"}},
{"type":"Feature","geometry":{"type":"Point","coordinates":[179249.1594288997,574193.8913545337]},"properties":{"OBJECTID_1":3203,"efficiency":0,"stop_code":19460,"Muni_Heb":"באר שבע","stop_name":"תיכון מקיף ג'/דרך מצדה"}},
{"type":"Feature","geometry":{"type":"Point","coordinates":[180244.8635201392,573216.8424350224]},"properties":{"OBJECTID_1":3204,"efficiency":0,"stop_code":19462,"Muni_Heb":"באר שבע","stop_name":"אוסישקין/כיכר אליעזר קפלן"}},
{"type":"Feature","geometry":{"type":"Point","coordinates":[178330.33118192942,574812.0468164013]},"properties":{"OBJECTID_1":3205,"efficiency":0,"stop_code":19463,"Muni_Heb":"באר שבע","stop_name":"אליהו מויאל/משה דיין"}},
{"type":"Feature","geometry":{"type":"Point","coordinates":[180926.79351131167,576765.0613102845]},"properties":{"OBJECTID_1":3206,"efficiency":0,"stop_code":19466,"Muni_Heb":"באר שבע","stop_name":"שדרות הערים התאומות/פרופסור שמשון עמיצור"}},
{"type":"Feature","geometry":{"type":"Point","coordinates":[180935.47572925437,576951.0824430183]},"properties":{"OBJECTID_1":3207,"efficiency":0,"stop_code":19468,"Muni_Heb":"באר שבע","stop_name":"כיכר וופרטל"}},
{"type":"Feature","geometry":{"type":"Point","coordinates":[181164.00785992088,576845.3549952458]},"properties":{"OBJECTID_1":3208,"efficiency":0,"stop_code":19480,"Muni_Heb":"באר שבע","stop_name":"אוסקר שינדלר/משה קהירי"}},
{"type":"Feature","geometry":{"type":"Point","coordinates":[180794.75985712282,572924.9701771914]},"properties":{"OBJECTID_1":3209,"efficiency":0,"stop_code":19482,"Muni_Heb":"באר שבע","stop_name":"הנרייטה סולד/מדרחוב התקווה"}},
{"type":"Feature","geometry":{"type":"Point","coordinates":[178692.18490036356,570203.0093800712]},"properties":{"OBJECTID_1":3210,"efficiency":0,"stop_code":19485,"Muni_Heb":"באר שבע","stop_name":"משה חובב/אפרים די זהב"}},
{"type":"Feature","geometry":{"type":"Point","coordinates":[178539.92324289575,570032.7392153877]},"properties":{"OBJECTID_1":3211,"efficiency":0,"stop_code":19486,"Muni_Heb":"באר שבע","stop_name":"משה חובב/מנחם אבידום"}},
{"type":"Feature","geometry":{"type":"Point","coordinates":[178373.57863383094,570063.8790739181]},"properties":{"OBJECTID_1":3212,"efficiency":0,"stop_code":19487,"Muni_Heb":"באר שבע","stop_name":"אלכסנדר אוריה בוסקוביץ/עדן פרטוש"}},
{"type":"Feature","geometry":{"type":"Point","coordinates":[178472.1116708436,570236.6846749788]},"properties":{"OBJECTID_1":3213,"efficiency":0,"stop_code":19488,"Muni_Heb":"באר שבע","stop_name":"פאול בן חיים/מרק לברי"}},
{"type":"Feature","geometry":{"type":"Point","coordinates":[175863.19969355597,572303.8503481792]},"properties":{"OBJECTID_1":3214,"efficiency":0,"stop_code":19506,"Muni_Heb":"באר שבע","stop_name":"שער בסיס מזון חצרים"}},
{"type":"Feature","geometry":{"type":"Point","coordinates":[180543.32359851646,575508.1249769853]},"properties":{"OBJECTID_1":3215,"efficiency":0,"stop_code":19508,"Muni_Heb":"באר שבע","stop_name":"מרכז מוריה לקהילה ומורשת/אברהם אבינו"}},
{"type":"Feature","geometry":{"type":"Point","coordinates":[178752.17357365094,574151.0119955285]},"properties":{"OBJECTID_1":3216,"efficiency":0,"stop_code":19510,"Muni_Heb":"באר שבע","stop_name":"שמשון/דרך מצדה"}},
{"type":"Feature","geometry":{"type":"Point","coordinates":[182039.7225793469,569983.9977885471]},"properties":{"OBJECTID_1":3217,"efficiency":0,"stop_code":19653,"Muni_Heb":"באר שבע","stop_name":"הבונים/הכשרת היישוב"}},
{"type":"Feature","geometry":{"type":"Point","coordinates":[180976.86084172945,573876.6265282489]},"properties":{"OBJECTID_1":3218,"efficiency":0,"stop_code":19717,"Muni_Heb":"באר שבע","stop_name":"סורוקה מיון/וינגייט"}},
{"type":"Feature","geometry":{"type":"Point","coordinates":[181252.4186517971,573901.3436557852]},"properties":{"OBJECTID_1":3219,"efficiency":0,"stop_code":19718,"Muni_Heb":"באר שבע","stop_name":"וינגייט/גולומב"}},
{"type":"Feature","geometry":{"type":"Point","coordinates":[181479.151008937,573910.7216769422]},"properties":{"OBJECTID_1":3220,"efficiency":0,"stop_code":19719,"Muni_Heb":"באר שבע","stop_name":"וינגייט/ארלוזורוב"}},
{"type":"Feature","geometry":{"type":"Point","coordinates":[181796.35770291233,573969.3417583068]},"properties":{"OBJECTID_1":3221,"efficiency":0,"stop_code":19720,"Muni_Heb":"באר שבע","stop_name":"וינגייט/חביבה רייק"}},
{"type":"Feature","geometry":{"type":"Point","coordinates":[183386.05432951148,576230.4220516155]},"properties":{"OBJECTID_1":3222,"efficiency":0,"stop_code":19721,"Muni_Heb":"באר שבע","stop_name":"פרופסור אברהם אמיר/שמואל פלדברג"}},
{"type":"Feature","geometry":{"type":"Point","coordinates":[183296.8425652297,576153.0042120665]},"properties":{"OBJECTID_1":3223,"efficiency":0,"stop_code":19722,"Muni_Heb":"באר שבע","stop_name":"פרופסור אברהם אמיר/שמואל פלדברג"}},
{"type":"Feature","geometry":{"type":"Point","coordinates":[183108.17678031413,576094.1151599103]},"properties":{"OBJECTID_1":3224,"efficiency":0,"stop_code":19723,"Muni_Heb":"באר שבע","stop_name":"ד''ר אלדד שייב/האנדרטה"}},
{"type":"Feature","geometry":{"type":"Point","coordinates":[183297.32058175252,575960.186742354]},"properties":{"OBJECTID_1":3225,"efficiency":0,"stop_code":19724,"Muni_Heb":"באר שבע","stop_name":"ד''ר אלדד שייב/ד''ר יוחנן בדר"}},
{"type":"Feature","geometry":{"type":"Point","coordinates":[183262.90722501816,575922.6071253223]},"properties":{"OBJECTID_1":3226,"efficiency":0,"stop_code":19725,"Muni_Heb":"באר שבע","stop_name":"ד''ר אלדד שייב/ד''ר יוחנן בדר"}},
{"type":"Feature","geometry":{"type":"Point","coordinates":[183095.46584089778,575971.1961296872]},"properties":{"OBJECTID_1":3227,"efficiency":0,"stop_code":19726,"Muni_Heb":"באר שבע","stop_name":"ד''ר אלדד שייב/ד''ר יוחנן בדר"}},
{"type":"Feature","geometry":{"type":"Point","coordinates":[182424.32327821816,575663.3089656109]},"properties":{"OBJECTID_1":3228,"efficiency":0,"stop_code":19727,"Muni_Heb":"באר שבע","stop_name":"המרד/אליהו חכים"}},
{"type":"Feature","geometry":{"type":"Point","coordinates":[183173.04306303698,576208.2052023397]},"properties":{"OBJECTID_1":3229,"efficiency":0,"stop_code":19728,"Muni_Heb":"באר שבע","stop_name":"פרופסור אברהם אמיר/דוכיפת"}},
{"type":"Feature","geometry":{"type":"Point","coordinates":[183238.66292296565,576320.2972723291]},"properties":{"OBJECTID_1":3230,"efficiency":0,"stop_code":19729,"Muni_Heb":"באר שבע","stop_name":"פרופסור אברהם אמיר/פרופסור שמואל אייזנשטדט"}},
{"type":"Feature","geometry":{"type":"Point","coordinates":[183216.83918066803,576315.6048762287]},"properties":{"OBJECTID_1":3231,"efficiency":0,"stop_code":19730,"Muni_Heb":"באר שבע","stop_name":"פרופסור אברהם אמיר/פרופסור שמואל אייזנשטדט"}},
{"type":"Feature","geometry":{"type":"Point","coordinates":[181961.029392428,575137.621333362]},"properties":{"OBJECTID_1":3232,"efficiency":0,"stop_code":19731,"Muni_Heb":"באר שבע","stop_name":"יעקב מרש/יצחק מודעי"}},
{"type":"Feature","geometry":{"type":"Point","coordinates":[181976.7873671141,575149.761508566]},"properties":{"OBJECTID_1":3233,"efficiency":0,"stop_code":19732,"Muni_Heb":"באר שבע","stop_name":"יעקב מרש/זבולון המר"}},
{"type":"Feature","geometry":{"type":"Point","coordinates":[181324.42632856502,575368.6558198838]},"properties":{"OBJECTID_1":3234,"efficiency":0,"stop_code":19733,"Muni_Heb":"באר שבע","stop_name":"בי''ס תיכון מקיף ז/ההשכלה"}},
{"type":"Feature","geometry":{"type":"Point","coordinates":[183133.63899836873,576214.3289652115]},"properties":{"OBJECTID_1":3235,"efficiency":0,"stop_code":19739,"Muni_Heb":"באר שבע","stop_name":"פרופסור אברהם אמיר/האנדרטה"}},
{"type":"Feature","geometry":{"type":"Point","coordinates":[183123.5526371683,576079.2042879233]},"properties":{"OBJECTID_1":3236,"efficiency":0,"stop_code":19740,"Muni_Heb":"באר שבע","stop_name":"ד''ר אלדד שייב/האנדרטה"}},
{"type":"Feature","geometry":{"type":"Point","coordinates":[182156.17534584145,575190.9231195443]},"properties":{"OBJECTID_1":3237,"efficiency":0,"stop_code":19741,"Muni_Heb":"באר שבע","stop_name":"זבולון המר/אברהם שופט"}},
{"type":"Feature","geometry":{"type":"Point","coordinates":[182247.60684554756,575245.039245768]},"properties":{"OBJECTID_1":3238,"efficiency":0,"stop_code":19742,"Muni_Heb":"באר שבע","stop_name":"זבולון המר/שדרות בנ''צ כרמל"}},
{"type":"Feature","geometry":{"type":"Point","coordinates":[180587.6732523374,571331.2100606443]},"properties":{"OBJECTID_1":3239,"efficiency":0,"stop_code":19814,"Muni_Heb":"באר שבע","stop_name":"מרכז מסחרי/הע''ל"}},
{"type":"Feature","geometry":{"type":"Point","coordinates":[182424.23731817247,575369.1514132562]},"properties":{"OBJECTID_1":3240,"efficiency":0,"stop_code":19815,"Muni_Heb":"באר שבע","stop_name":"משה ברזאני/מאיר פיינשטיין"}},
{"type":"Feature","geometry":{"type":"Point","coordinates":[182363.5702823154,575342.0898518118]},"properties":{"OBJECTID_1":3241,"efficiency":0,"stop_code":19816,"Muni_Heb":"באר שבע","stop_name":"משה ברזאני/מאיר פיינשטיין"}},
{"type":"Feature","geometry":{"type":"Point","coordinates":[178354.26710684237,574454.8152952006]},"properties":{"OBJECTID_1":3242,"efficiency":0,"stop_code":19817,"Muni_Heb":"באר שבע","stop_name":"שאול המלך/אבא אחימאיר"}},
{"type":"Feature","geometry":{"type":"Point","coordinates":[178263.99732447852,574363.9167051066]},"properties":{"OBJECTID_1":3243,"efficiency":0,"stop_code":19818,"Muni_Heb":"באר שבע","stop_name":"שאול המלך/אלפסי"}},
{"type":"Feature","geometry":{"type":"Point","coordinates":[180859.0788365186,572929.9447751336]},"properties":{"OBJECTID_1":3244,"efficiency":0,"stop_code":19819,"Muni_Heb":"באר שבע","stop_name":"הנרייטה סולד/מדרחוב התקווה"}},
{"type":"Feature","geometry":{"type":"Point","coordinates":[183796.72689859802,570549.6801302885]},"properties":{"OBJECTID_1":3245,"efficiency":0,"stop_code":19833,"Muni_Heb":"באר שבע","stop_name":"צומת שרה/כביש 40"}},
{"type":"Feature","geometry":{"type":"Point","coordinates":[176933.3043809604,573850.2024791745]},"properties":{"OBJECTID_1":3246,"efficiency":0,"stop_code":19859,"Muni_Heb":"באר שבע","stop_name":"כפר האירוסים/דרך אילן רמון"}},
{"type":"Feature","geometry":{"type":"Point","coordinates":[180276.43394933673,571950.7277721713]},"properties":{"OBJECTID_1":3247,"efficiency":1,"stop_code":19866,"Muni_Heb":"באר שבע","stop_name":"בית אשל/העצמאות"}},
{"type":"Feature","geometry":{"type":"Point","coordinates":[179823.206484708,575374.2189562516]},"properties":{"OBJECTID_1":3248,"efficiency":0,"stop_code":19887,"Muni_Heb":"באר שבע","stop_name":"סנהדרין/בעלי התוספות"}},
{"type":"Feature","geometry":{"type":"Point","coordinates":[182770.87684002446,576314.6051835696]},"properties":{"OBJECTID_1":3249,"efficiency":1,"stop_code":19942,"Muni_Heb":"באר שבע","stop_name":"שדרות אורי צבי גרינברג"}},
{"type":"Feature","geometry":{"type":"Point","coordinates":[180855.5216193009,572480.4616056896]},"properties":{"OBJECTID_1":3250,"efficiency":1,"stop_code":17084,"Muni_Heb":"באר שבע","stop_name":"באר שבע מרכז"}},
{"type":"Feature","geometry":{"type":"Point","coordinates":[181886.36219601345,574605.8986027662]},"properties":{"OBJECTID_1":3251,"efficiency":1,"stop_code":17082,"Muni_Heb":"באר שבע","stop_name":"באר שבע צפון"}},
{"type":"Feature","geometry":{"type":"Point","coordinates":[182123.15388814994,574850.4251151967]},"properties":{"OBJECTID_1":3252,"efficiency":1,"stop_code":18442,"Muni_Heb":"באר שבע","stop_name":"פארק הייטק/התבונה"}},
{"type":"Feature","geometry":{"type":"Point","coordinates":[180677.2139038195,572049.1409584711]},"properties":{"OBJECTID_1":3253,"efficiency":0,"stop_code":44008,"Muni_Heb":"באר שבע","stop_name":"תחנת מוניות באר שבע דרך חברון"}},
{"type":"Feature","geometry":{"type":"Point","coordinates":[180695.80971975668,572028.338317535]},"properties":{"OBJECTID_1":3254,"efficiency":0,"stop_code":44007,"Muni_Heb":"באר שבע","stop_name":"תחנת מוניות באר שבע דרך חברון"}},
{"type":"Feature","geometry":{"type":"Point","coordinates":[180795.91830908053,572618.6120990766]},"properties":{"OBJECTID_1":3255,"efficiency":0,"stop_code":44006,"Muni_Heb":"באר שבע","stop_name":"תחנת מוניות באר שבע יצחק בן צבי"}},
{"type":"Feature","geometry":{"type":"Point","coordinates":[180745.83802854095,572600.3909195091]},"properties":{"OBJECTID_1":3256,"efficiency":0,"stop_code":44005,"Muni_Heb":"באר שבע","stop_name":"תחנת מוניות באר שבע יצחק בן צבי"}},
{"type":"Feature","geometry":{"type":"Point","coordinates":[178046.27690454046,573232.8217013081]},"properties":{"OBJECTID_1":3257,"efficiency":1,"stop_code":19993,"Muni_Heb":"באר שבע","stop_name":"שדרות יגאל ידין/עין גדי"}},
{"type":"Feature","geometry":{"type":"Point","coordinates":[182359.222932976,574085.3108407855]},"properties":{"OBJECTID_1":3258,"efficiency":0,"stop_code":10021,"Muni_Heb":"באר שבע","stop_name":"יהושע הצורף"}},
{"type":"Feature","geometry":{"type":"Point","coordinates":[178759.11296544716,570483.4910731014]},"properties":{"OBJECTID_1":3259,"efficiency":0,"stop_code":11348,"Muni_Heb":"באר שבע","stop_name":"שדרות הרב אליהו כ''ץ/שדרות הצנחנים"}},
{"type":"Feature","geometry":{"type":"Point","coordinates":[180951.37700469233,570353.9323041411]},"properties":{"OBJECTID_1":3260,"efficiency":0,"stop_code":18626,"Muni_Heb":"באר שבע","stop_name":"ישפרו פלאנט/יצחק סלמה"}},
{"type":"Feature","geometry":{"type":"Point","coordinates":[181131.0239148519,570128.9720382923]},"properties":{"OBJECTID_1":3261,"efficiency":0,"stop_code":18624,"Muni_Heb":"באר שבע","stop_name":"אליעזר וצילה מרגולין/גוזלן"}},
{"type":"Feature","geometry":{"type":"Point","coordinates":[181858.36867871162,569471.2861490648]},"properties":{"OBJECTID_1":3262,"efficiency":0,"stop_code":18623,"Muni_Heb":"באר שבע","stop_name":"הברזל/הזורע"}},
{"type":"Feature","geometry":{"type":"Point","coordinates":[181929.91550488764,569226.2151852123]},"properties":{"OBJECTID_1":3263,"efficiency":0,"stop_code":18622,"Muni_Heb":"באר שבע","stop_name":"הקוצר/הברזל"}},
{"type":"Feature","geometry":{"type":"Point","coordinates":[182180.00715823856,569587.2265165268]},"properties":{"OBJECTID_1":3264,"efficiency":0,"stop_code":18621,"Muni_Heb":"באר שבע","stop_name":"הכשרת הישוב/החורש"}},
{"type":"Feature","geometry":{"type":"Point","coordinates":[182229.30331849586,570456.9897344176]},"properties":{"OBJECTID_1":3265,"efficiency":0,"stop_code":18620,"Muni_Heb":"באר שבע","stop_name":"הכשרת הישוב/הפועלים"}},
{"type":"Feature","geometry":{"type":"Point","coordinates":[182261.38750441617,570557.3304026595]},"properties":{"OBJECTID_1":3266,"efficiency":0,"stop_code":18619,"Muni_Heb":"באר שבע","stop_name":"הכשרת הישוב/הרתך"}},
{"type":"Feature","geometry":{"type":"Point","coordinates":[181895.48916245764,571538.7827425726]},"properties":{"OBJECTID_1":3267,"efficiency":0,"stop_code":18618,"Muni_Heb":"באר שבע","stop_name":"פארק נחל באר שבע/שלושת המצפים"}},
{"type":"Feature","geometry":{"type":"Point","coordinates":[181975.668405954,570859.708467412]},"properties":{"OBJECTID_1":3268,"efficiency":0,"stop_code":18616,"Muni_Heb":"באר שבע","stop_name":"משרד הרישוי מחוז באר שבע/המנוף"}},
{"type":"Feature","geometry":{"type":"Point","coordinates":[182072.66320471314,570833.1960164516]},"properties":{"OBJECTID_1":3269,"efficiency":0,"stop_code":18615,"Muni_Heb":"באר שבע","stop_name":"משרד הרישוי מחוז באר שבע/המנוף"}},
{"type":"Feature","geometry":{"type":"Point","coordinates":[181853.72665664784,570624.309174244]},"properties":{"OBJECTID_1":3270,"efficiency":0,"stop_code":18614,"Muni_Heb":"באר שבע","stop_name":"הפועלים/הבדיל"}},
{"type":"Feature","geometry":{"type":"Point","coordinates":[181838.17380438955,570618.155744254]},"properties":{"OBJECTID_1":3271,"efficiency":0,"stop_code":18613,"Muni_Heb":"באר שבע","stop_name":"הפועלים/הבדיל"}},
{"type":"Feature","geometry":{"type":"Point","coordinates":[177479.96240360013,575042.0480086434]},"properties":{"OBJECTID_1":3272,"efficiency":0,"stop_code":18612,"Muni_Heb":"באר שבע","stop_name":"מרכז האופרה/אגוז"}},
{"type":"Feature","geometry":{"type":"Point","coordinates":[177558.7781572318,575102.494275594]},"properties":{"OBJECTID_1":3273,"efficiency":0,"stop_code":18611,"Muni_Heb":"באר שבע","stop_name":"מרכז האופרה/דקר"}},
{"type":"Feature","geometry":{"type":"Point","coordinates":[177660.22449700578,575225.7188346997]},"properties":{"OBJECTID_1":3274,"efficiency":0,"stop_code":18610,"Muni_Heb":"באר שבע","stop_name":"דקר/רבקה"}},
{"type":"Feature","geometry":{"type":"Point","coordinates":[179690.715312566,572251.9644997735]},"properties":{"OBJECTID_1":3275,"efficiency":0,"stop_code":18608,"Muni_Heb":"באר שבע","stop_name":"הפלמ''ח/חטיבת הנגב"}},
{"type":"Feature","geometry":{"type":"Point","coordinates":[179520.64866923788,571646.3326442702]},"properties":{"OBJECTID_1":3276,"efficiency":0,"stop_code":18605,"Muni_Heb":"באר שבע","stop_name":"בי''ס בית יעקב לבנים/הגדודים"}},
{"type":"Feature","geometry":{"type":"Point","coordinates":[179501.08700126817,572064.0817199799]},"properties":{"OBJECTID_1":3277,"efficiency":0,"stop_code":18604,"Muni_Heb":"באר שבע","stop_name":"חטיבת הנגב/ירמיהו"}},
{"type":"Feature","geometry":{"type":"Point","coordinates":[178886.67887395283,571762.299827953]},"properties":{"OBJECTID_1":3278,"efficiency":0,"stop_code":18602,"Muni_Heb":"באר שבע","stop_name":"סרן דב/חטיבה שמונה"}},
{"type":"Feature","geometry":{"type":"Point","coordinates":[177675.58380547957,571377.3113109054]},"properties":{"OBJECTID_1":3279,"efficiency":0,"stop_code":18601,"Muni_Heb":"באר שבע","stop_name":"שדרות הרב מישאל דהאן/הנשיא הרצוג"}},
{"type":"Feature","geometry":{"type":"Point","coordinates":[177718.1991251994,571456.1976352505]},"properties":{"OBJECTID_1":3280,"efficiency":0,"stop_code":18600,"Muni_Heb":"באר שבע","stop_name":"הנשיא הרצוג/שדרות הרב מישאל דהאן"}},
{"type":"Feature","geometry":{"type":"Point","coordinates":[177768.16437827385,571658.7942376167]},"properties":{"OBJECTID_1":3281,"efficiency":0,"stop_code":18599,"Muni_Heb":"באר שבע","stop_name":"הרצל רוזנבלום/יהושוע יבין"}},
{"type":"Feature","geometry":{"type":"Point","coordinates":[177777.03723142337,571902.1352937203]},"properties":{"OBJECTID_1":3282,"efficiency":0,"stop_code":18598,"Muni_Heb":"באר שבע","stop_name":"מקור חיים/יהושע ייבין"}},
{"type":"Feature","geometry":{"type":"Point","coordinates":[178125.06269113751,571782.0106303387]},"properties":{"OBJECTID_1":3283,"efficiency":0,"stop_code":18597,"Muni_Heb":"באר שבע","stop_name":"תיכון מקיף רגר/שדרות נפתלי הרץ אימבר"}},
{"type":"Feature","geometry":{"type":"Point","coordinates":[178749.65707968548,572395.9399401621]},"properties":{"OBJECTID_1":3284,"efficiency":0,"stop_code":18596,"Muni_Heb":"באר שבע","stop_name":"חטיבה שמונה/דרך ג'ו יוסף אלון"}},
{"type":"Feature","geometry":{"type":"Point","coordinates":[178504.50168675673,572826.2106697767]},"properties":{"OBJECTID_1":3285,"efficiency":0,"stop_code":18595,"Muni_Heb":"באר שבע","stop_name":"בית אל/משעול גבעון"}},
{"type":"Feature","geometry":{"type":"Point","coordinates":[177629.22652576247,572799.611905186]},"properties":{"OBJECTID_1":3286,"efficiency":0,"stop_code":18591,"Muni_Heb":"באר שבע","stop_name":"בית ספר נאות לון/שמחה הולצברג"}},
{"type":"Feature","geometry":{"type":"Point","coordinates":[177186.42722202677,572723.3265952782]},"properties":{"OBJECTID_1":3287,"efficiency":0,"stop_code":18590,"Muni_Heb":"באר שבע","stop_name":"משה וילנסקי/יצחק דנציגר"}},
{"type":"Feature","geometry":{"type":"Point","coordinates":[177311.877609509,573598.9790841935]},"properties":{"OBJECTID_1":3288,"efficiency":0,"stop_code":18588,"Muni_Heb":"באר שבע","stop_name":"הגאונים/הרב יחיא קפאח"}},
{"type":"Feature","geometry":{"type":"Point","coordinates":[177999.6700642134,573346.9878902897]},"properties":{"OBJECTID_1":3289,"efficiency":0,"stop_code":18586,"Muni_Heb":"באר שבע","stop_name":"עין גדי/עכו"}},
{"type":"Feature","geometry":{"type":"Point","coordinates":[177658.40844796668,571993.5261087765]},"properties":{"OBJECTID_1":3290,"efficiency":0,"stop_code":18585,"Muni_Heb":"באר שבע","stop_name":"בית ספר נאות אברהם/מקור חיים"}},
{"type":"Feature","geometry":{"type":"Point","coordinates":[177669.85598535015,571997.3613335388]},"properties":{"OBJECTID_1":3291,"efficiency":0,"stop_code":18584,"Muni_Heb":"באר שבע","stop_name":"בית ספר נאות אברהם/מקור חיים"}},
{"type":"Feature","geometry":{"type":"Point","coordinates":[179348.76856033233,575135.4168085682]},"properties":{"OBJECTID_1":3292,"efficiency":0,"stop_code":18583,"Muni_Heb":"באר שבע","stop_name":"בי''ס בנות חיל/יעקב דורי"}},
{"type":"Feature","geometry":{"type":"Point","coordinates":[179120.54919520242,573220.6573723749]},"properties":{"OBJECTID_1":3293,"efficiency":0,"stop_code":18582,"Muni_Heb":"באר שבע","stop_name":"מרכז מסחרי עופרים/שדרות יעלים"}},
{"type":"Feature","geometry":{"type":"Point","coordinates":[178611.33036655968,574012.0748341255]},"properties":{"OBJECTID_1":3294,"efficiency":0,"stop_code":18581,"Muni_Heb":"באר שבע","stop_name":"שד' יעלים/העלייה"}},
{"type":"Feature","geometry":{"type":"Point","coordinates":[178517.9353695216,575293.7432279203]},"properties":{"OBJECTID_1":3295,"efficiency":0,"stop_code":18580,"Muni_Heb":"באר שבע","stop_name":"דוד אלעזר/מרדכי מקלף"}},
{"type":"Feature","geometry":{"type":"Point","coordinates":[178459.68159918446,575375.2442118702]},"properties":{"OBJECTID_1":3296,"efficiency":0,"stop_code":18579,"Muni_Heb":"באר שבע","stop_name":"דוד אלעזר/אצ''ל"}},
{"type":"Feature","geometry":{"type":"Point","coordinates":[178553.0314655517,575208.3412558676]},"properties":{"OBJECTID_1":3297,"efficiency":0,"stop_code":18578,"Muni_Heb":"באר שבע","stop_name":"דוד אלעזר/משה דיין"}},
{"type":"Feature","geometry":{"type":"Point","coordinates":[179169.8847291877,574286.0020383261]},"properties":{"OBJECTID_1":3298,"efficiency":0,"stop_code":18577,"Muni_Heb":"באר שבע","stop_name":"מבצע יואב/מבצע עובדה"}},
{"type":"Feature","geometry":{"type":"Point","coordinates":[179186.93516567623,574261.4326595142]},"properties":{"OBJECTID_1":3299,"efficiency":0,"stop_code":18576,"Muni_Heb":"באר שבע","stop_name":"מבצע יואב/מבצע נחשון"}},
{"type":"Feature","geometry":{"type":"Point","coordinates":[179058.2727190015,574686.921453745]},"properties":{"OBJECTID_1":3300,"efficiency":0,"stop_code":18575,"Muni_Heb":"באר שבע","stop_name":"מבצע יואב/שאול המלך"}},
{"type":"Feature","geometry":{"type":"Point","coordinates":[179433.0151124102,574799.9115486657]},"properties":{"OBJECTID_1":3301,"efficiency":0,"stop_code":18573,"Muni_Heb":"באר שבע","stop_name":"שאול המלך/יהושפט"}},
{"type":"Feature","geometry":{"type":"Point","coordinates":[179678.3594951837,575000.1110725148]},"properties":{"OBJECTID_1":3302,"efficiency":0,"stop_code":18571,"Muni_Heb":"באר שבע","stop_name":"קרית חינוך אמי''ת/מרדכי מקלף"}},
{"type":"Feature","geometry":{"type":"Point","coordinates":[178889.81132327975,575014.106451508]},"properties":{"OBJECTID_1":3303,"efficiency":0,"stop_code":18570,"Muni_Heb":"באר שבע","stop_name":"יעקב דורי/רחבת אלכסנדרוני"}},
{"type":"Feature","geometry":{"type":"Point","coordinates":[178561.97663236817,574864.252152347]},"properties":{"OBJECTID_1":3304,"efficiency":0,"stop_code":18569,"Muni_Heb":"באר שבע","stop_name":"יעקב דורי/אליהו בן חור"}},
{"type":"Feature","geometry":{"type":"Point","coordinates":[178271.1456860523,574777.7958456317]},"properties":{"OBJECTID_1":3305,"efficiency":0,"stop_code":18568,"Muni_Heb":"באר שבע","stop_name":"מכללת אורליאן/אליהו מויאל"}},
{"type":"Feature","geometry":{"type":"Point","coordinates":[178910.3085313723,575093.3048860178]},"properties":{"OBJECTID_1":3306,"efficiency":0,"stop_code":18566,"Muni_Heb":"באר שבע","stop_name":"דוד אלעזר/יעקב דורי"}},
{"type":"Feature","geometry":{"type":"Point","coordinates":[178694.71016515643,574021.1753233322]},"properties":{"OBJECTID_1":3307,"efficiency":0,"stop_code":18565,"Muni_Heb":"באר שבע","stop_name":"העליה/יהודי סוריה"}},
{"type":"Feature","geometry":{"type":"Point","coordinates":[179745.64819562284,575692.2880298502]},"properties":{"OBJECTID_1":3308,"efficiency":0,"stop_code":18563,"Muni_Heb":"באר שבע","stop_name":"בעלי התוספות/רמב''ן"}},
{"type":"Feature","geometry":{"type":"Point","coordinates":[179301.59760985427,575675.9049843169]},"properties":{"OBJECTID_1":3309,"efficiency":0,"stop_code":18562,"Muni_Heb":"באר שבע","stop_name":"בי''ח פסיכיאטרי/הצדיק מירושלים"}},
{"type":"Feature","geometry":{"type":"Point","coordinates":[177453.63755299625,575698.773728412]},"properties":{"OBJECTID_1":3310,"efficiency":0,"stop_code":18561,"Muni_Heb":"באר שבע","stop_name":"מוטה גור/ששת הימים"}},
{"type":"Feature","geometry":{"type":"Point","coordinates":[177567.05330464942,575791.6797587535]},"properties":{"OBJECTID_1":3311,"efficiency":0,"stop_code":18560,"Muni_Heb":"באר שבע","stop_name":"מוטה גור/ששת הימים"}},
{"type":"Feature","geometry":{"type":"Point","coordinates":[178077.56924348,575492.1681020968]},"properties":{"OBJECTID_1":3312,"efficiency":0,"stop_code":18559,"Muni_Heb":"באר שבע","stop_name":"חנה רובינא/אלישבע"}},
{"type":"Feature","geometry":{"type":"Point","coordinates":[177888.71421121678,575588.6022928299]},"properties":{"OBJECTID_1":3313,"efficiency":0,"stop_code":18557,"Muni_Heb":"באר שבע","stop_name":"שמואל רודנסקי/אנדה עמיר פינקרפלד"}},
{"type":"Feature","geometry":{"type":"Point","coordinates":[177458.23352812804,575324.2088517101]},"properties":{"OBJECTID_1":3314,"efficiency":0,"stop_code":18556,"Muni_Heb":"באר שבע","stop_name":"חוה/מיכל"}},
{"type":"Feature","geometry":{"type":"Point","coordinates":[177306.23874300095,575183.6703949247]},"properties":{"OBJECTID_1":3315,"efficiency":0,"stop_code":18554,"Muni_Heb":"באר שבע","stop_name":"אבשלום פיינברג/החשמונאים"}},
{"type":"Feature","geometry":{"type":"Point","coordinates":[177161.82385329864,575034.3441042323]},"properties":{"OBJECTID_1":3316,"efficiency":0,"stop_code":18553,"Muni_Heb":"באר שבע","stop_name":"אבשלום פיינברג/אפרים לוזון"}},
{"type":"Feature","geometry":{"type":"Point","coordinates":[176993.10300937053,575093.2364501893]},"properties":{"OBJECTID_1":3317,"efficiency":0,"stop_code":18552,"Muni_Heb":"באר שבע","stop_name":"אפרים לוזון/קדושי סלוניקי"}},
{"type":"Feature","geometry":{"type":"Point","coordinates":[176980.1328981872,574900.6935287216]},"properties":{"OBJECTID_1":3318,"efficiency":0,"stop_code":18550,"Muni_Heb":"באר שבע","stop_name":"בה''ס היובל/המלכים"}},
{"type":"Feature","geometry":{"type":"Point","coordinates":[177282.99184439876,574826.0709887035]},"properties":{"OBJECTID_1":3319,"efficiency":0,"stop_code":18549,"Muni_Heb":"באר שבע","stop_name":"בי''ס דוד טוביהו/אגוז"}},
{"type":"Feature","geometry":{"type":"Point","coordinates":[177164.2187159942,574446.7914437931]},"properties":{"OBJECTID_1":3320,"efficiency":0,"stop_code":18548,"Muni_Heb":"באר שבע","stop_name":"פארק הילדים/השופטים"}},
{"type":"Feature","geometry":{"type":"Point","coordinates":[181232.81598937447,576756.1799821082]},"properties":{"OBJECTID_1":3321,"efficiency":0,"stop_code":18545,"Muni_Heb":"באר שבע","stop_name":"שדרות לוי אשכול/אוסקר שינדלר"}},
{"type":"Feature","geometry":{"type":"Point","coordinates":[180896.48163902413,577171.207517829]},"properties":{"OBJECTID_1":3322,"efficiency":0,"stop_code":18541,"Muni_Heb":"באר שבע","stop_name":"שדרות הערים התאומות/נחום סנה"}},
{"type":"Feature","geometry":{"type":"Point","coordinates":[180921.88183382349,576387.2077626636]},"properties":{"OBJECTID_1":3323,"efficiency":0,"stop_code":18540,"Muni_Heb":"באר שבע","stop_name":"שדרות הערים התאומות/ליאו פיקרד"}},
{"type":"Feature","geometry":{"type":"Point","coordinates":[181458.23566506302,577234.9072844866]},"properties":{"OBJECTID_1":3324,"efficiency":0,"stop_code":18539,"Muni_Heb":"באר שבע","stop_name":"קלמת פורת/מיכאל הנגבי"}},
{"type":"Feature","geometry":{"type":"Point","coordinates":[181700.881845494,575706.9123656825]},"properties":{"OBJECTID_1":3325,"efficiency":0,"stop_code":18538,"Muni_Heb":"באר שבע","stop_name":"המדע/ריינר"}},
{"type":"Feature","geometry":{"type":"Point","coordinates":[181927.56214363908,575952.3580203019]},"properties":{"OBJECTID_1":3326,"efficiency":0,"stop_code":18537,"Muni_Heb":"באר שבע","stop_name":"הר בוקר/הר חרמון"}},
{"type":"Feature","geometry":{"type":"Point","coordinates":[181864.66288110716,576178.7735780793]},"properties":{"OBJECTID_1":3327,"efficiency":0,"stop_code":18535,"Muni_Heb":"באר שבע","stop_name":"הר רמון/הר בוקר"}},
{"type":"Feature","geometry":{"type":"Point","coordinates":[182243.55832909734,576090.4944164765]},"properties":{"OBJECTID_1":3328,"efficiency":0,"stop_code":18534,"Muni_Heb":"באר שבע","stop_name":"הר רמון/הר כנען"}},
{"type":"Feature","geometry":{"type":"Point","coordinates":[179688.76331466346,571711.1125968887]},"properties":{"OBJECTID_1":3329,"efficiency":0,"stop_code":18533,"Muni_Heb":"באר שבע","stop_name":"בי''ס בית יעקב/החלוץ"}},
{"type":"Feature","geometry":{"type":"Point","coordinates":[183083.42515981168,576288.7909345285]},"properties":{"OBJECTID_1":3330,"efficiency":0,"stop_code":18530,"Muni_Heb":"באר שבע","stop_name":"האנדרטה/פרופסור אברהם אמיר"}},
{"type":"Feature","geometry":{"type":"Point","coordinates":[181026.15742915895,569958.2719689]},"properties":{"OBJECTID_1":3331,"efficiency":0,"stop_code":11608,"Muni_Heb":"באר שבע","stop_name":"מחנה נתן/תוצרת הארץ"}},
{"type":"Feature","geometry":{"type":"Point","coordinates":[183062.34362108965,576058.9041869185]},"properties":{"OBJECTID_1":3332,"efficiency":0,"stop_code":11607,"Muni_Heb":"באר שבע","stop_name":"האנדרטה/ד''ר אלדד שייב"}},
{"type":"Feature","geometry":{"type":"Point","coordinates":[182083.62681476586,572789.9126785968]},"properties":{"OBJECTID_1":3333,"efficiency":0,"stop_code":11606,"Muni_Heb":"באר שבע","stop_name":"יצחק נפחא/אליהו נאוי"}},
{"type":"Feature","geometry":{"type":"Point","coordinates":[181361.50303340214,570387.2532478605]},"properties":{"OBJECTID_1":3334,"efficiency":0,"stop_code":11605,"Muni_Heb":"באר שבע","stop_name":"ישפרו פלאנט/דרך אילת"}},
{"type":"Feature","geometry":{"type":"Point","coordinates":[182177.86532575247,570541.6601001839]},"properties":{"OBJECTID_1":3335,"efficiency":0,"stop_code":11603,"Muni_Heb":"באר שבע","stop_name":"הפועלים/הכשרת הישוב"}},
{"type":"Feature","geometry":{"type":"Point","coordinates":[181862.51860491707,574410.728914789]},"properties":{"OBJECTID_1":3336,"efficiency":0,"stop_code":11602,"Muni_Heb":"באר שבע","stop_name":"תחנת רכבת/שדרות דוד בן גוריון"}},
{"type":"Feature","geometry":{"type":"Point","coordinates":[181755.68089301887,574471.8729323428]},"properties":{"OBJECTID_1":3337,"efficiency":0,"stop_code":11601,"Muni_Heb":"באר שבע","stop_name":"תחנת רכבת/שדרות דוד בן גוריון"}},
{"type":"Feature","geometry":{"type":"Point","coordinates":[181387.24683068518,576040.9004715036]},"properties":{"OBJECTID_1":3338,"efficiency":0,"stop_code":11600,"Muni_Heb":"באר שבע","stop_name":"מרכז גל/המדע"}},
{"type":"Feature","geometry":{"type":"Point","coordinates":[181219.7114738932,577262.3850901573]},"properties":{"OBJECTID_1":3339,"efficiency":0,"stop_code":11599,"Muni_Heb":"באר שבע","stop_name":"יוסף שרשבסקי/דב ברנע"}},
{"type":"Feature","geometry":{"type":"Point","coordinates":[181095.35173018093,577470.291938711]},"properties":{"OBJECTID_1":3340,"efficiency":0,"stop_code":11597,"Muni_Heb":"באר שבע","stop_name":"חרוב/שדרות צה''ל"}},
{"type":"Feature","geometry":{"type":"Point","coordinates":[179520.61049179712,571886.9364523921]},"properties":{"OBJECTID_1":3341,"efficiency":0,"stop_code":11596,"Muni_Heb":"באר שבע","stop_name":"ההגנה/ירמיהו"}},
{"type":"Feature","geometry":{"type":"Point","coordinates":[177923.04220924553,572493.4216207786]},"properties":{"OBJECTID_1":3342,"efficiency":0,"stop_code":11594,"Muni_Heb":"באר שבע","stop_name":"בית עלמין הישן/שדרות יגאל ידין"}},
{"type":"Feature","geometry":{"type":"Point","coordinates":[177329.67319991684,573001.0543355478]},"properties":{"OBJECTID_1":3343,"efficiency":0,"stop_code":11593,"Muni_Heb":"באר שבע","stop_name":"הגאונים/משה וילנסקי"}},
{"type":"Feature","geometry":{"type":"Point","coordinates":[179485.5041693284,575127.5771683801]},"properties":{"OBJECTID_1":3344,"efficiency":0,"stop_code":11592,"Muni_Heb":"באר שבע","stop_name":"מרדכי מקלף/יעקב דורי"}},
{"type":"Feature","geometry":{"type":"Point","coordinates":[178514.68604597088,575437.3429529449]},"properties":{"OBJECTID_1":3345,"efficiency":0,"stop_code":11589,"Muni_Heb":"באר שבע","stop_name":"אצ''ל/דוד אלעזר"}},
{"type":"Feature","geometry":{"type":"Point","coordinates":[177356.36124339816,575617.4463114797]},"properties":{"OBJECTID_1":3346,"efficiency":0,"stop_code":11588,"Muni_Heb":"באר שבע","stop_name":"מוטה גור/רבקה"}},
{"type":"Feature","geometry":{"type":"Point","coordinates":[176841.15046780475,575176.567415891]},"properties":{"OBJECTID_1":3347,"efficiency":0,"stop_code":11587,"Muni_Heb":"באר שבע","stop_name":"פרץ סמולנסקין/דרויאנוב"}},
{"type":"Feature","geometry":{"type":"Point","coordinates":[179206.2721990629,575826.2881279805]},"properties":{"OBJECTID_1":3348,"efficiency":0,"stop_code":11621,"Muni_Heb":"באר שבע","stop_name":"אצטדיון טרנר"}},
{"type":"Feature","geometry":{"type":"Point","coordinates":[178855.57661964616,571997.4799531129]},"properties":{"OBJECTID_1":3349,"efficiency":0,"stop_code":10015,"Muni_Heb":"באר שבע","stop_name":"אביגדור המאירי/חטיבה שמונה"}},
{"type":"Feature","geometry":{"type":"Point","coordinates":[180945.3849016503,576900.818374801]},"properties":{"OBJECTID_1":3350,"efficiency":0,"stop_code":11662,"Muni_Heb":"באר שבע","stop_name":"כיכר וופרטל/שדרות הערים התאומות"}},
{"type":"Feature","geometry":{"type":"Point","coordinates":[183058.06470842558,576417.4967482061]},"properties":{"OBJECTID_1":3351,"efficiency":0,"stop_code":11680,"Muni_Heb":"באר שבע","stop_name":"האנדרטה/פרופ' אברהם אמיר"}},
{"type":"Feature","geometry":{"type":"Point","coordinates":[179870.91381242406,572517.8329974891]},"properties":{"OBJECTID_1":3352,"efficiency":0,"stop_code":11679,"Muni_Heb":"באר שבע","stop_name":"אסף שמחוני/הדסה"}},
{"type":"Feature","geometry":{"type":"Point","coordinates":[181271.8373754961,570071.3579954404]},"properties":{"OBJECTID_1":3353,"efficiency":0,"stop_code":18625,"Muni_Heb":"באר שבע","stop_name":"מרכז מסחרי ישפרו סנטר/נסים אלקיים"}},
{"type":"Feature","geometry":{"type":"Point","coordinates":[177851.3596908332,574069.3891514367]},"properties":{"OBJECTID_1":3354,"efficiency":0,"stop_code":10016,"Muni_Heb":"באר שבע","stop_name":"קניון שאול המלך/משה שרת"}},
{"type":"Feature","geometry":{"type":"Point","coordinates":[180258.46742505312,573798.898148313]},"properties":{"OBJECTID_1":3355,"efficiency":0,"stop_code":11711,"Muni_Heb":"באר שבע","stop_name":"מרכז חן/ביאליק"}},
{"type":"Feature","geometry":{"type":"Point","coordinates":[180786.9587828592,573884.753105648]},"properties":{"OBJECTID_1":3356,"efficiency":0,"stop_code":11714,"Muni_Heb":"באר שבע","stop_name":"סורוקה מיון/ביאליק"}},
{"type":"Feature","geometry":{"type":"Point","coordinates":[180418.10353798594,571541.6181170164]},"properties":{"OBJECTID_1":3357,"efficiency":0,"stop_code":11732,"Muni_Heb":"באר שבע","stop_name":"חבצלת הנגב/הע''ל"}},
{"type":"Feature","geometry":{"type":"Point","coordinates":[179203.20203416233,570576.8027707207]},"properties":{"OBJECTID_1":3358,"efficiency":0,"stop_code":11731,"Muni_Heb":"באר שבע","stop_name":"שדרות הצנחנים/אנצו סירני"}},
{"type":"Feature","geometry":{"type":"Point","coordinates":[178054.9728842385,574616.6536211673]},"properties":{"OBJECTID_1":3359,"efficiency":0,"stop_code":11730,"Muni_Heb":"באר שבע","stop_name":"גולדה מאיר/אליהו מויאל"}},
{"type":"Feature","geometry":{"type":"Point","coordinates":[176693.15313218965,572371.5120465837]},"properties":{"OBJECTID_1":3360,"efficiency":0,"stop_code":11735,"Muni_Heb":"באר שבע","stop_name":"בסיס דלק/דרך ג'ו יוסף אלון"}},
{"type":"Feature","geometry":{"type":"Point","coordinates":[175934.1459963395,572366.2022480955]},"properties":{"OBJECTID_1":3361,"efficiency":0,"stop_code":11734,"Muni_Heb":"באר שבע","stop_name":"בסיס מזון חצרים/2357"}},
{"type":"Feature","geometry":{"type":"Point","coordinates":[180669.3720400548,575598.9106095405]},"properties":{"OBJECTID_1":3362,"efficiency":0,"stop_code":11738,"Muni_Heb":"באר שבע","stop_name":"גיורא יוספטל/הכנסת"}},
{"type":"Feature","geometry":{"type":"Point","coordinates":[180811.2033481582,575010.846611943]},"properties":{"OBJECTID_1":3363,"efficiency":0,"stop_code":11737,"Muni_Heb":"באר שבע","stop_name":"יצחק רגר/הרב סוסו הכהן"}},
{"type":"Feature","geometry":{"type":"Point","coordinates":[183239.29947707048,574021.5874518409]},"properties":{"OBJECTID_1":3364,"efficiency":0,"stop_code":11741,"Muni_Heb":"באר שבע","stop_name":"בית הלוחם"}},
{"type":"Feature","geometry":{"type":"Point","coordinates":[179834.89368985087,575493.1467335132]},"properties":{"OBJECTID_1":3365,"efficiency":1,"stop_code":11744,"Muni_Heb":"באר שבע","stop_name":"בעלי התוספות/התלמוד"}},
{"type":"Feature","geometry":{"type":"Point","coordinates":[179821.00030808977,575546.5313875361]},"properties":{"OBJECTID_1":3366,"efficiency":1,"stop_code":11743,"Muni_Heb":"באר שבע","stop_name":"בעלי התוספות/התלמוד"}},
{"type":"Feature","geometry":{"type":"Point","coordinates":[179592.5075366079,572054.3098549609]},"properties":{"OBJECTID_1":3367,"efficiency":1,"stop_code":11748,"Muni_Heb":"באר שבע","stop_name":"סמילנסקי/ההגנה"}},
{"type":"Feature","geometry":{"type":"Point","coordinates":[180000.71464238,572607.487879292]},"properties":{"OBJECTID_1":3368,"efficiency":1,"stop_code":11747,"Muni_Heb":"באר שבע","stop_name":"רמב''ם"}},
{"type":"Feature","geometry":{"type":"Point","coordinates":[180073.57477656327,572984.1974338361]},"properties":{"OBJECTID_1":3369,"efficiency":1,"stop_code":11746,"Muni_Heb":"באר שבע","stop_name":"סוקולוב/בזל"}},
{"type":"Feature","geometry":{"type":"Point","coordinates":[183090.7584773394,576618.5151460815]},"properties":{"OBJECTID_1":3370,"efficiency":0,"stop_code":11749,"Muni_Heb":"באר שבע","stop_name":"מסוף רמות"}},
{"type":"Feature","geometry":{"type":"Point","coordinates":[182533.0536632244,573056.2017178029]},"properties":{"OBJECTID_1":3371,"efficiency":1,"stop_code":11777,"Muni_Heb":"באר שבע","stop_name":"מפעל חסין אש"}},
{"type":"Feature","geometry":{"type":"Point","coordinates":[182167.3428813069,569912.2506387118]},"properties":{"OBJECTID_1":3372,"efficiency":0,"stop_code":11783,"Muni_Heb":"באר שבע","stop_name":"הכשרת הישוב/הבונים"}},
{"type":"Feature","geometry":{"type":"Point","coordinates":[182193.05141023733,570014.3876895936]},"properties":{"OBJECTID_1":3373,"efficiency":0,"stop_code":11782,"Muni_Heb":"באר שבע","stop_name":"הכשרת הישוב/הבונים"}},
{"type":"Feature","geometry":{"type":"Point","coordinates":[179765.81693761185,574830.5804965883]},"properties":{"OBJECTID_1":3374,"efficiency":1,"stop_code":18572,"Muni_Heb":"באר שבע","stop_name":"שאול המלך/מבצע נחשון"}},
{"type":"Feature","geometry":{"type":"Point","coordinates":[178536.14916171963,574517.9703641728]},"properties":{"OBJECTID_1":3375,"efficiency":0,"stop_code":11791,"Muni_Heb":"באר שבע","stop_name":"מבצע עובדה/שאול המלך"}},
{"type":"Feature","geometry":{"type":"Point","coordinates":[178877.78925858138,572346.6580870906]},"properties":{"OBJECTID_1":3376,"efficiency":0,"stop_code":11790,"Muni_Heb":"באר שבע","stop_name":"שדרות יוהנה ז'בוטינסקי/חטיבה שמונה"}},
{"type":"Feature","geometry":{"type":"Point","coordinates":[177797.376197354,572250.2101858936]},"properties":{"OBJECTID_1":3377,"efficiency":0,"stop_code":11789,"Muni_Heb":"באר שבע","stop_name":"יהושע ייבין/דרך ג'ו יוסף אלון"}},
{"type":"Feature","geometry":{"type":"Point","coordinates":[182027.65933977952,575794.3325329289]},"properties":{"OBJECTID_1":3378,"efficiency":0,"stop_code":11788,"Muni_Heb":"באר שבע","stop_name":"מרכז מסחרי הר בוקר"}},
{"type":"Feature","geometry":{"type":"Point","coordinates":[180894.43642281252,576951.6767605192]},"properties":{"OBJECTID_1":3379,"efficiency":0,"stop_code":11787,"Muni_Heb":"באר שבע","stop_name":"כיכר וופרטל"}},
{"type":"Feature","geometry":{"type":"Point","coordinates":[182473.60695405432,576027.8111359772]},"properties":{"OBJECTID_1":3380,"efficiency":0,"stop_code":18532,"Muni_Heb":"באר שבע","stop_name":"ד''ר ראובן הכט/שדרות אורי צבי גרינברג"}},
{"type":"Feature","geometry":{"type":"Point","coordinates":[182085.12916444926,575539.2202567544]},"properties":{"OBJECTID_1":3381,"efficiency":0,"stop_code":11898,"Muni_Heb":"באר שבע","stop_name":"שדרות בנ''צ כרמל/שדרות אורי צבי גרינברג"}},
{"type":"Feature","geometry":{"type":"Point","coordinates":[181477.84326014656,576654.2801300483]},"properties":{"OBJECTID_1":3382,"efficiency":0,"stop_code":11897,"Muni_Heb":"באר שבע","stop_name":"מנחם דידנר/נחום גולדמן"}},
{"type":"Feature","geometry":{"type":"Point","coordinates":[181297.63038737545,576563.5709864751]},"properties":{"OBJECTID_1":3383,"efficiency":0,"stop_code":11896,"Muni_Heb":"באר שבע","stop_name":"נחום גולדמן"}},
{"type":"Feature","geometry":{"type":"Point","coordinates":[181357.65753196058,576494.2759639875]},"properties":{"OBJECTID_1":3384,"efficiency":0,"stop_code":11895,"Muni_Heb":"באר שבע","stop_name":"נחום גולדמן"}},
{"type":"Feature","geometry":{"type":"Point","coordinates":[182004.63371726076,575693.5161383229]},"properties":{"OBJECTID_1":3385,"efficiency":0,"stop_code":11893,"Muni_Heb":"באר שבע","stop_name":"דרך אביטל אביגדור/שדרות אורי אבי גרינברג"}},
{"type":"Feature","geometry":{"type":"Point","coordinates":[182434.8024145102,573666.3717269365]},"properties":{"OBJECTID_1":3386,"efficiency":0,"stop_code":11892,"Muni_Heb":"באר שבע","stop_name":"האורגים/שדרות דוד בן גוריון"}},
{"type":"Feature","geometry":{"type":"Point","coordinates":[177665.98376712174,575523.9580129556]},"properties":{"OBJECTID_1":3387,"efficiency":0,"stop_code":11891,"Muni_Heb":"באר שבע","stop_name":"רחל אמנו/חוה"}},
{"type":"Feature","geometry":{"type":"Point","coordinates":[177713.9055727509,575576.2126604794]},"properties":{"OBJECTID_1":3388,"efficiency":0,"stop_code":11890,"Muni_Heb":"באר שבע","stop_name":"ששת הימים/מוטה גור"}},
{"type":"Feature","geometry":{"type":"Point","coordinates":[177547.9639030393,575041.7762554311]},"properties":{"OBJECTID_1":3389,"efficiency":0,"stop_code":11889,"Muni_Heb":"באר שבע","stop_name":"מרכז האופרה/החשמונאים"}},
{"type":"Feature","geometry":{"type":"Point","coordinates":[178808.54390336384,574367.8922924928]},"properties":{"OBJECTID_1":3390,"efficiency":0,"stop_code":11888,"Muni_Heb":"באר שבע","stop_name":"מבצע עובדה"}},
{"type":"Feature","geometry":{"type":"Point","coordinates":[178819.45082404208,574355.8751925894]},"properties":{"OBJECTID_1":3391,"efficiency":0,"stop_code":11887,"Muni_Heb":"באר שבע","stop_name":"מבצע עובדה"}},
{"type":"Feature","geometry":{"type":"Point","coordinates":[177738.37958330807,573490.722438129]},"properties":{"OBJECTID_1":3392,"efficiency":0,"stop_code":11886,"Muni_Heb":"באר שבע","stop_name":"שומרון/הרב יחיא קאפח"}},
{"type":"Feature","geometry":{"type":"Point","coordinates":[177754.91988050114,572954.3409428321]},"properties":{"OBJECTID_1":3393,"efficiency":0,"stop_code":11885,"Muni_Heb":"באר שבע","stop_name":"שומרון/בית שאן"}},
{"type":"Feature","geometry":{"type":"Point","coordinates":[177957.53675523278,572592.0772497676]},"properties":{"OBJECTID_1":3394,"efficiency":0,"stop_code":11884,"Muni_Heb":"באר שבע","stop_name":"יגאל ידין/מגידו"}},
{"type":"Feature","geometry":{"type":"Point","coordinates":[177447.96082575858,572518.2623932246]},"properties":{"OBJECTID_1":3395,"efficiency":0,"stop_code":11883,"Muni_Heb":"באר שבע","stop_name":"שמעון אגרנט/אברהם אבן שושן"}},
{"type":"Feature","geometry":{"type":"Point","coordinates":[177489.94834560272,572559.8954544445]},"properties":{"OBJECTID_1":3396,"efficiency":0,"stop_code":11882,"Muni_Heb":"באר שבע","stop_name":"שמעון אגרנט/יצחק ולבר"}},
{"type":"Feature","geometry":{"type":"Point","coordinates":[179281.04941179886,571823.4300837648]},"properties":{"OBJECTID_1":3397,"efficiency":0,"stop_code":11881,"Muni_Heb":"באר שבע","stop_name":"השבטים/הגדודים"}},
{"type":"Feature","geometry":{"type":"Point","coordinates":[179239.82871728868,575735.7939354681]},"properties":{"OBJECTID_1":3398,"efficiency":0,"stop_code":11948,"Muni_Heb":"באר שבע","stop_name":"אצטדיון טרנר"}},
{"type":"Feature","geometry":{"type":"Point","coordinates":[179765.41418568036,573540.0775055402]},"properties":{"OBJECTID_1":3399,"efficiency":0,"stop_code":11947,"Muni_Heb":"באר שבע","stop_name":"יהודה הלוי/דרך המשחררים"}},
{"type":"Feature","geometry":{"type":"Point","coordinates":[177465.28206515254,572680.8507954584]},"properties":{"OBJECTID_1":3400,"efficiency":0,"stop_code":11946,"Muni_Heb":"באר שבע","stop_name":"שמעון אגרנט/משה וילנסקי"}},
{"type":"Feature","geometry":{"type":"Point","coordinates":[177124.3933274434,574089.4811705766]},"properties":{"OBJECTID_1":3401,"efficiency":0,"stop_code":11945,"Muni_Heb":"באר שבע","stop_name":"קאנטרי קלאב/אצ''ל"}},
{"type":"Feature","geometry":{"type":"Point","coordinates":[177128.71566536458,574523.6621443006]},"properties":{"OBJECTID_1":3402,"efficiency":0,"stop_code":11944,"Muni_Heb":"באר שבע","stop_name":"פארק הילדים/אגוז"}},
{"type":"Feature","geometry":{"type":"Point","coordinates":[178501.84669292154,574538.8383115929]},"properties":{"OBJECTID_1":3403,"efficiency":0,"stop_code":11943,"Muni_Heb":"באר שבע","stop_name":"שאול המלך/מבצע עובדה"}},
{"type":"Feature","geometry":{"type":"Point","coordinates":[182545.5851370512,575995.8466512708]},"properties":{"OBJECTID_1":3404,"efficiency":0,"stop_code":11942,"Muni_Heb":"באר שבע","stop_name":"המרד/ד''ר ראובן הכט"}},
{"type":"Feature","geometry":{"type":"Point","coordinates":[181589.97254032752,576983.9577305481]},"properties":{"OBJECTID_1":3405,"efficiency":0,"stop_code":11941,"Muni_Heb":"באר שבע","stop_name":"נחום שריג/עוזי נרקיס"}},
{"type":"Feature","geometry":{"type":"Point","coordinates":[181678.61004078656,577349.6456900677]},"properties":{"OBJECTID_1":3406,"efficiency":0,"stop_code":11940,"Muni_Heb":"באר שבע","stop_name":"בי''ס יפה נוף/נחום שריג"}},
{"type":"Feature","geometry":{"type":"Point","coordinates":[181882.18379297867,577294.5840023379]},"properties":{"OBJECTID_1":3407,"efficiency":0,"stop_code":11939,"Muni_Heb":"באר שבע","stop_name":"שדרות צה''ל/נחום שריג"}},
{"type":"Feature","geometry":{"type":"Point","coordinates":[180483.27286540734,575468.6536024334]},"properties":{"OBJECTID_1":3408,"efficiency":0,"stop_code":11955,"Muni_Heb":"באר שבע","stop_name":"מרכז מוריה לקהילה ומורשת/אברהם אבינו"}},
{"type":"Feature","geometry":{"type":"Point","coordinates":[180414.77141068506,575487.3139755811]},"properties":{"OBJECTID_1":3409,"efficiency":0,"stop_code":11954,"Muni_Heb":"באר שבע","stop_name":"שפרינצק/אברהם אבינו"}},
{"type":"Feature","geometry":{"type":"Point","coordinates":[183566.19385323685,573992.6344122331]},"properties":{"OBJECTID_1":3410,"efficiency":0,"stop_code":11961,"Muni_Heb":"באר שבע","stop_name":"שדרות בנ''צ כרמל/דרך אליהו נאוי"}},
{"type":"Feature","geometry":{"type":"Point","coordinates":[182416.23721573642,575611.8903849816]},"properties":{"OBJECTID_1":3411,"efficiency":0,"stop_code":11987,"Muni_Heb":"באר שבע","stop_name":"המרד/שלמה בן יוסף"}},
{"type":"Feature","geometry":{"type":"Point","coordinates":[181642.79775776662,575260.2850368451]},"properties":{"OBJECTID_1":3412,"efficiency":0,"stop_code":11986,"Muni_Heb":"באר שבע","stop_name":"הדעת/המדע"}},
{"type":"Feature","geometry":{"type":"Point","coordinates":[178085.23935423052,575674.1996711486]},"properties":{"OBJECTID_1":3413,"efficiency":0,"stop_code":11985,"Muni_Heb":"באר שבע","stop_name":"שמואל רודנסקי/יהושע ברטונוב"}},
{"type":"Feature","geometry":{"type":"Point","coordinates":[178988.43255313928,574704.93095146]},"properties":{"OBJECTID_1":3414,"efficiency":0,"stop_code":11984,"Muni_Heb":"באר שבע","stop_name":"קניון אביה"}},
{"type":"Feature","geometry":{"type":"Point","coordinates":[177877.37462074467,573831.7856405539]},"properties":{"OBJECTID_1":3415,"efficiency":0,"stop_code":11983,"Muni_Heb":"באר שבע","stop_name":"אברבנאל/שאול המלך"}},
{"type":"Feature","geometry":{"type":"Point","coordinates":[177814.801633968,571286.5045358326]},"properties":{"OBJECTID_1":3416,"efficiency":0,"stop_code":11978,"Muni_Heb":"באר שבע","stop_name":"פרץ סנטר/שדרות הרב מישאל דהאן"}},
{"type":"Feature","geometry":{"type":"Point","coordinates":[178201.0013463589,571274.337057929]},"properties":{"OBJECTID_1":3417,"efficiency":0,"stop_code":11977,"Muni_Heb":"באר שבע","stop_name":"הרב מישאל דהאן/יוסף בורג"}},
{"type":"Feature","geometry":{"type":"Point","coordinates":[178284.984471136,571285.8715911885]},"properties":{"OBJECTID_1":3418,"efficiency":0,"stop_code":11976,"Muni_Heb":"באר שבע","stop_name":"שדרות הרב מישאל דהאן/אפרים לרון"}},
{"type":"Feature","geometry":{"type":"Point","coordinates":[181350.62687946553,576787.0187941229]},"properties":{"OBJECTID_1":3419,"efficiency":0,"stop_code":11988,"Muni_Heb":"באר שבע","stop_name":"עוזי נרקיס/מנחם דידנר"}},
{"type":"Feature","geometry":{"type":"Point","coordinates":[178504.41941218532,572560.770088884]},"properties":{"OBJECTID_1":3420,"efficiency":0,"stop_code":11981,"Muni_Heb":"באר שבע","stop_name":"בית העלמין הישן/מגידו"}},
{"type":"Feature","geometry":{"type":"Point","coordinates":[177935.896575673,572009.7228027737]},"properties":{"OBJECTID_1":3421,"efficiency":0,"stop_code":11980,"Muni_Heb":"באר שבע","stop_name":"הרצל רוזנבלום/שדרות נפתלי הרץ אימבר"}},
{"type":"Feature","geometry":{"type":"Point","coordinates":[177837.32104119053,571222.9933953304]},"properties":{"OBJECTID_1":3422,"efficiency":0,"stop_code":11979,"Muni_Heb":"באר שבע","stop_name":"פרץ סנטר/ינשוף"}},
{"type":"Feature","geometry":{"type":"Point","coordinates":[178852.74970115352,572276.6802739281]},"properties":{"OBJECTID_1":3423,"efficiency":0,"stop_code":10012,"Muni_Heb":"באר שבע","stop_name":"חטיבה שמונה/שדרות יוהנה ז'בוטינסקי"}},
{"type":"Feature","geometry":{"type":"Point","coordinates":[177972.1598807795,572121.6767488389]},"properties":{"OBJECTID_1":3424,"efficiency":0,"stop_code":18594,"Muni_Heb":"באר שבע","stop_name":"שדרות נפתלי הרץ אימבר/הרצל רוזנבלום"}},
{"type":"Feature","geometry":{"type":"Point","coordinates":[181987.85061806237,574673.9470742042]},"properties":{"OBJECTID_1":3425,"efficiency":0,"stop_code":12036,"Muni_Heb":"באר שבע","stop_name":"גשר ת. רכבת ב''ש צפון/נתן רוזן"}},
{"type":"Feature","geometry":{"type":"Point","coordinates":[182010.09825764957,574742.9443126316]},"properties":{"OBJECTID_1":3426,"efficiency":0,"stop_code":12035,"Muni_Heb":"באר שבע","stop_name":"גשר ת. רכבת ב''ש צפון/התבונה"}},
{"type":"Feature","geometry":{"type":"Point","coordinates":[178222.41486370555,573573.9646769883]},"properties":{"OBJECTID_1":3427,"efficiency":0,"stop_code":12034,"Muni_Heb":"באר שבע","stop_name":"גרנד קניון/דרך מצדה"}},
{"type":"Feature","geometry":{"type":"Point","coordinates":[177801.1588449478,573396.1161630925]},"properties":{"OBJECTID_1":3428,"efficiency":0,"stop_code":12033,"Muni_Heb":"באר שבע","stop_name":"שומרון/עין גדי"}},
{"type":"Feature","geometry":{"type":"Point","coordinates":[177757.93150037425,572561.1567285599]},"properties":{"OBJECTID_1":3429,"efficiency":0,"stop_code":12032,"Muni_Heb":"באר שבע","stop_name":"אפק/רמלה"}},
{"type":"Feature","geometry":{"type":"Point","coordinates":[177441.68063087825,574496.126762471]},"properties":{"OBJECTID_1":3430,"efficiency":0,"stop_code":12031,"Muni_Heb":"באר שבע","stop_name":"אצ''ל/מסוף י''א"}},
{"type":"Feature","geometry":{"type":"Point","coordinates":[182140.8937082823,569225.6860696378]},"properties":{"OBJECTID_1":3431,"efficiency":0,"stop_code":12067,"Muni_Heb":"באר שבע","stop_name":"הקוצר/הכשרת היישוב"}},
{"type":"Feature","geometry":{"type":"Point","coordinates":[181738.55875736923,577312.0640173063]},"properties":{"OBJECTID_1":3432,"efficiency":0,"stop_code":12068,"Muni_Heb":"באר שבע","stop_name":"בי''ס יפה נוף/נחום שריג"}},
{"type":"Feature","geometry":{"type":"Point","coordinates":[182999.1915907346,570431.3394221336]},"properties":{"OBJECTID_1":3433,"efficiency":0,"stop_code":12078,"Muni_Heb":"באר שבע","stop_name":"ירדן/קישון"}},
{"type":"Feature","geometry":{"type":"Point","coordinates":[183004.61036443745,570537.6511982541]},"properties":{"OBJECTID_1":3434,"efficiency":0,"stop_code":12076,"Muni_Heb":"באר שבע","stop_name":"ירדן/שדרות יגאל אלון"}},
{"type":"Feature","geometry":{"type":"Point","coordinates":[179341.5430940276,573817.884444079]},"properties":{"OBJECTID_1":3435,"efficiency":0,"stop_code":12130,"Muni_Heb":"באר שבע","stop_name":"דרך שמשון/אברהם מחרז"}},
{"type":"Feature","geometry":{"type":"Point","coordinates":[178822.7930366413,571107.7052290456]},"properties":{"OBJECTID_1":3436,"efficiency":0,"stop_code":12136,"Muni_Heb":"באר שבע","stop_name":"אטד/נורית"}},
{"type":"Feature","geometry":{"type":"Point","coordinates":[178779.7206992015,571105.8759965292]},"properties":{"OBJECTID_1":3437,"efficiency":0,"stop_code":12135,"Muni_Heb":"באר שבע","stop_name":"אטד/שדרות הרב אליהו כ''ץ"}},
{"type":"Feature","geometry":{"type":"Point","coordinates":[177345.98493297189,574075.5064950224]},"properties":{"OBJECTID_1":3438,"efficiency":0,"stop_code":12155,"Muni_Heb":"באר שבע","stop_name":"שדרות גולדה מאיר/זלמן ארן"}},
{"type":"Feature","geometry":{"type":"Point","coordinates":[181454.87469181616,576649.0411843773]},"properties":{"OBJECTID_1":3439,"efficiency":0,"stop_code":12154,"Muni_Heb":"באר שבע","stop_name":"מנחם דידנר/נחום שריג"}},
{"type":"Feature","geometry":{"type":"Point","coordinates":[180970.70648016373,577235.9092565157]},"properties":{"OBJECTID_1":3440,"efficiency":0,"stop_code":12152,"Muni_Heb":"באר שבע","stop_name":"יוסף שרשבסקי/שסק"}},
{"type":"Feature","geometry":{"type":"Point","coordinates":[180993.43603407955,577228.1752870315]},"properties":{"OBJECTID_1":3441,"efficiency":0,"stop_code":12151,"Muni_Heb":"באר שבע","stop_name":"יוסף שרשבסקי/שסק"}},
{"type":"Feature","geometry":{"type":"Point","coordinates":[179765.82385849854,574429.4250516058]},"properties":{"OBJECTID_1":3442,"efficiency":0,"stop_code":12205,"Muni_Heb":"באר שבע","stop_name":"שמעון בר גיורא/מבצע נחשון"}},
{"type":"Feature","geometry":{"type":"Point","coordinates":[179718.07096892118,574420.4028446738]},"properties":{"OBJECTID_1":3443,"efficiency":0,"stop_code":12204,"Muni_Heb":"באר שבע","stop_name":"מבצע נחשון/שמעון בר גיורא"}},
{"type":"Feature","geometry":{"type":"Point","coordinates":[179344.99901759817,574323.4733637202]},"properties":{"OBJECTID_1":3444,"efficiency":0,"stop_code":12203,"Muni_Heb":"באר שבע","stop_name":"מבצע נחשון/מבצע דני"}},
{"type":"Feature","geometry":{"type":"Point","coordinates":[179206.01681660512,574319.4593783611]},"properties":{"OBJECTID_1":3445,"efficiency":0,"stop_code":12202,"Muni_Heb":"באר שבע","stop_name":"מבצע נחשון/מבצע יואב"}},
{"type":"Feature","geometry":{"type":"Point","coordinates":[182275.3967817122,570504.2817189029]},"properties":{"OBJECTID_1":3446,"efficiency":0,"stop_code":12270,"Muni_Heb":"באר שבע","stop_name":"הרתך/הכשרת הישוב"}},
{"type":"Feature","geometry":{"type":"Point","coordinates":[179990.58872929533,572777.5008834254]},"properties":{"OBJECTID_1":3447,"efficiency":0,"stop_code":12269,"Muni_Heb":"באר שבע","stop_name":"סוקולוב/שדרות דוד טוביהו"}},
{"type":"Feature","geometry":{"type":"Point","coordinates":[182918.44239377795,570391.0390143619]},"properties":{"OBJECTID_1":3448,"efficiency":0,"stop_code":12268,"Muni_Heb":"באר שבע","stop_name":"קישון/ירדן"}},
{"type":"Feature","geometry":{"type":"Point","coordinates":[175750.4129388406,574137.3554135149]},"properties":{"OBJECTID_1":3449,"efficiency":0,"stop_code":12267,"Muni_Heb":"באר שבע","stop_name":"גן החיות"}},
{"type":"Feature","geometry":{"type":"Point","coordinates":[176392.7634023161,575270.8701949891]},"properties":{"OBJECTID_1":3450,"efficiency":0,"stop_code":12261,"Muni_Heb":"באר שבע","stop_name":"נעמי שמר/דר' ג'ין קלוס פישמן"}},
{"type":"Feature","geometry":{"type":"Point","coordinates":[176351.21653665995,575335.01754031]},"properties":{"OBJECTID_1":3451,"efficiency":0,"stop_code":12260,"Muni_Heb":"באר שבע","stop_name":"נעמי שמר/דר' ג'ין קלוס פישמן"}},
{"type":"Feature","geometry":{"type":"Point","coordinates":[176374.85222906712,575570.9804559929]},"properties":{"OBJECTID_1":3452,"efficiency":0,"stop_code":12259,"Muni_Heb":"באר שבע","stop_name":"נעמי שמר/מרגיט להמן"}},
{"type":"Feature","geometry":{"type":"Point","coordinates":[176427.99728390411,575618.1074285782]},"properties":{"OBJECTID_1":3453,"efficiency":0,"stop_code":12258,"Muni_Heb":"באר שבע","stop_name":"נעמי שמר/מארי קירי"}},
{"type":"Feature","geometry":{"type":"Point","coordinates":[176637.98366316664,575592.1900451155]},"properties":{"OBJECTID_1":3454,"efficiency":0,"stop_code":12257,"Muni_Heb":"באר שבע","stop_name":"מארי קירי/דר' ג'ין קלוס פישמן"}},
{"type":"Feature","geometry":{"type":"Point","coordinates":[176667.08257370943,575558.1425761741]},"properties":{"OBJECTID_1":3455,"efficiency":0,"stop_code":12256,"Muni_Heb":"באר שבע","stop_name":"מארי קירי/דר' ג'ין קלוס פישמן"}},
{"type":"Feature","geometry":{"type":"Point","coordinates":[176367.83319974394,576088.1460545855]},"properties":{"OBJECTID_1":3456,"efficiency":0,"stop_code":12255,"Muni_Heb":"באר שבע","stop_name":"שושנה דמארי/דרך עולים"}},
{"type":"Feature","geometry":{"type":"Point","coordinates":[176302.54995754067,576099.3913191466]},"properties":{"OBJECTID_1":3457,"efficiency":0,"stop_code":12254,"Muni_Heb":"באר שבע","stop_name":"דרך עולים/שושנה דמארי"}},
{"type":"Feature","geometry":{"type":"Point","coordinates":[176366.1922353413,576152.3514383597]},"properties":{"OBJECTID_1":3458,"efficiency":0,"stop_code":12253,"Muni_Heb":"באר שבע","stop_name":"דרך עולים/שושנה דמארי"}},
{"type":"Feature","geometry":{"type":"Point","coordinates":[176447.82473525155,576366.0118901227]},"properties":{"OBJECTID_1":3459,"efficiency":0,"stop_code":12252,"Muni_Heb":"באר שבע","stop_name":"דרך עולים/ששת הימים"}},
{"type":"Feature","geometry":{"type":"Point","coordinates":[176558.8505914473,576386.291608409]},"properties":{"OBJECTID_1":3460,"efficiency":0,"stop_code":12251,"Muni_Heb":"באר שבע","stop_name":"ששת הימים/דרך עולים"}},
{"type":"Feature","geometry":{"type":"Point","coordinates":[176602.6491419217,575964.8855334176]},"properties":{"OBJECTID_1":3461,"efficiency":0,"stop_code":12250,"Muni_Heb":"באר שבע","stop_name":"שושנה דמארי/חנה אבנור"}},
{"type":"Feature","geometry":{"type":"Point","coordinates":[176716.23354194863,575887.5834955277]},"properties":{"OBJECTID_1":3462,"efficiency":0,"stop_code":12249,"Muni_Heb":"באר שבע","stop_name":"שושנה דמארי/נעומי שמר"}},
{"type":"Feature","geometry":{"type":"Point","coordinates":[176788.41358092084,575862.3420799876]},"properties":{"OBJECTID_1":3463,"efficiency":0,"stop_code":12248,"Muni_Heb":"באר שבע","stop_name":"שושנה דמארי/עופרה חזה"}},
{"type":"Feature","geometry":{"type":"Point","coordinates":[176856.31685782102,575862.6205482319]},"properties":{"OBJECTID_1":3464,"efficiency":0,"stop_code":12247,"Muni_Heb":"באר שבע","stop_name":"שושנה דמארי/דר' קריסטינה סיקורה"}},
{"type":"Feature","geometry":{"type":"Point","coordinates":[177125.90269130614,576045.8092070606]},"properties":{"OBJECTID_1":3465,"efficiency":0,"stop_code":12246,"Muni_Heb":"באר שבע","stop_name":"שושנה דמארי/ששת הימים"}},
{"type":"Feature","geometry":{"type":"Point","coordinates":[177144.87338637246,576121.4626024262]},"properties":{"OBJECTID_1":3466,"efficiency":0,"stop_code":12245,"Muni_Heb":"באר שבע","stop_name":"ששת הימים/שושנה דמארי"}},
{"type":"Feature","geometry":{"type":"Point","coordinates":[177204.091933782,576046.6028501913]},"properties":{"OBJECTID_1":3467,"efficiency":0,"stop_code":12244,"Muni_Heb":"באר שבע","stop_name":"ששת הימים/שושנה דמארי"}},
{"type":"Feature","geometry":{"type":"Point","coordinates":[176581.1526088132,575038.9176992439]},"properties":{"OBJECTID_1":3468,"efficiency":0,"stop_code":12243,"Muni_Heb":"באר שבע","stop_name":"מוטה גור/נעמי שמר"}},
{"type":"Feature","geometry":{"type":"Point","coordinates":[176584.48526766908,575085.3620301407]},"properties":{"OBJECTID_1":3469,"efficiency":0,"stop_code":12242,"Muni_Heb":"באר שבע","stop_name":"נעמי שמר/מוטה גור"}},
{"type":"Feature","geometry":{"type":"Point","coordinates":[176659.60380651447,575078.735431699]},"properties":{"OBJECTID_1":3470,"efficiency":0,"stop_code":12241,"Muni_Heb":"באר שבע","stop_name":"מוטה גור/המלכים"}},
{"type":"Feature","geometry":{"type":"Point","coordinates":[176947.46757617465,575371.7254843962]},"properties":{"OBJECTID_1":3471,"efficiency":0,"stop_code":12240,"Muni_Heb":"באר שבע","stop_name":"מוטה גור/מארי קירי"}},
{"type":"Feature","geometry":{"type":"Point","coordinates":[176979.94942164814,575467.170955895]},"properties":{"OBJECTID_1":3472,"efficiency":0,"stop_code":12239,"Muni_Heb":"באר שבע","stop_name":"מארי קירי/מוטה גור"}},
{"type":"Feature","geometry":{"type":"Point","coordinates":[177081.16466887822,575461.550499023]},"properties":{"OBJECTID_1":3473,"efficiency":0,"stop_code":12238,"Muni_Heb":"באר שבע","stop_name":"מוטה גור/החשמונאים"}},
{"type":"Feature","geometry":{"type":"Point","coordinates":[177466.25502016558,575829.3377486954]},"properties":{"OBJECTID_1":3474,"efficiency":0,"stop_code":12237,"Muni_Heb":"באר שבע","stop_name":"ששת הימים/מוטה גור"}},
{"type":"Feature","geometry":{"type":"Point","coordinates":[177549.122930334,575713.5822252173]},"properties":{"OBJECTID_1":3475,"efficiency":0,"stop_code":12229,"Muni_Heb":"באר שבע","stop_name":"ששת הימים/מוטה גור"}},
{"type":"Feature","geometry":{"type":"Point","coordinates":[180495.6688236311,574549.2103110015]},"properties":{"OBJECTID_1":3476,"efficiency":0,"stop_code":12305,"Muni_Heb":"באר שבע","stop_name":"יצחק אבינו/אברהם אבינו"}},
{"type":"Feature","geometry":{"type":"Point","coordinates":[180135.9813532542,574843.7121098102]},"properties":{"OBJECTID_1":3477,"efficiency":0,"stop_code":12304,"Muni_Heb":"באר שבע","stop_name":"בית ספר אורים/דוד המלך"}},
{"type":"Feature","geometry":{"type":"Point","coordinates":[180061.84461112766,574833.6785083488]},"properties":{"OBJECTID_1":3478,"efficiency":0,"stop_code":12302,"Muni_Heb":"באר שבע","stop_name":"בית ספר אורים/דוד המלך"}},
{"type":"Feature","geometry":{"type":"Point","coordinates":[180394.16786324172,574762.2507965892]},"properties":{"OBJECTID_1":3479,"efficiency":0,"stop_code":12301,"Muni_Heb":"באר שבע","stop_name":"אברהם אבינו/אלכסנדר ינאי"}},
{"type":"Feature","geometry":{"type":"Point","coordinates":[180499.0946586344,574445.7487659575]},"properties":{"OBJECTID_1":3480,"efficiency":0,"stop_code":12300,"Muni_Heb":"באר שבע","stop_name":"יצחק אבינו/שלמה המלך"}},
{"type":"Feature","geometry":{"type":"Point","coordinates":[179424.46201329993,574255.4237907118]},"properties":{"OBJECTID_1":3481,"efficiency":0,"stop_code":12281,"Muni_Heb":"באר שבע","stop_name":"דרך מצדה/מבצע נחשון"}},
{"type":"Feature","geometry":{"type":"Point","coordinates":[177509.4163447331,574547.6358673027]},"properties":{"OBJECTID_1":3482,"efficiency":0,"stop_code":12312,"Muni_Heb":"באר שבע","stop_name":"אצ''ל/מסוף י''א"}},
{"type":"Feature","geometry":{"type":"Point","coordinates":[177531.03214367764,574474.8136087438]},"properties":{"OBJECTID_1":3483,"efficiency":0,"stop_code":12311,"Muni_Heb":"באר שבע","stop_name":"דיקלה/מסוף י''א"}},
{"type":"Feature","geometry":{"type":"Point","coordinates":[180296.60745366238,574294.4891470728]},"properties":{"OBJECTID_1":3484,"efficiency":0,"stop_code":12310,"Muni_Heb":"באר שבע","stop_name":"רבי עקיבא/רבי טרפון"}},
{"type":"Feature","geometry":{"type":"Point","coordinates":[180506.09200920135,574252.3524092657]},"properties":{"OBJECTID_1":3485,"efficiency":0,"stop_code":12309,"Muni_Heb":"באר שבע","stop_name":"יצחק אבינו/רבי עקיבא"}},
{"type":"Feature","geometry":{"type":"Point","coordinates":[178127.57578532415,573461.7966371138]},"properties":{"OBJECTID_1":3486,"efficiency":1,"stop_code":18628,"Muni_Heb":"באר שבע","stop_name":"גרנד קניון/ שדרות יגאל ידין"}},
{"type":"Feature","geometry":{"type":"Point","coordinates":[178120.91624455684,574625.1530552524]},"properties":{"OBJECTID_1":3487,"efficiency":1,"stop_code":12393,"Muni_Heb":"באר שבע","stop_name":"אליהו מויאל/שדרות גולדה מאיר"}},
{"type":"Feature","geometry":{"type":"Point","coordinates":[181763.54889771933,570001.5050774232]},"properties":{"OBJECTID_1":3488,"efficiency":1,"stop_code":12392,"Muni_Heb":"באר שבע","stop_name":"חניון רכב כבד/הבונים"}},
{"type":"Feature","geometry":{"type":"Point","coordinates":[181665.75054462056,570018.4877270533]},"properties":{"OBJECTID_1":3489,"efficiency":0,"stop_code":12391,"Muni_Heb":"באר שבע","stop_name":"חניון רכב כבד/הבונים"}},
{"type":"Feature","geometry":{"type":"Point","coordinates":[177557.44652716114,574482.5804972965]},"properties":{"OBJECTID_1":3490,"efficiency":0,"stop_code":12390,"Muni_Heb":"באר שבע","stop_name":"דיקלה/מסוף י''א"}},
{"type":"Feature","geometry":{"type":"Point","coordinates":[180976.57324561258,571041.8311238535]},"properties":{"OBJECTID_1":3491,"efficiency":0,"stop_code":12389,"Muni_Heb":"באר שבע","stop_name":"אפיקים בנגב/הע''ל"}},
{"type":"Feature","geometry":{"type":"Point","coordinates":[180773.5252932638,570909.1916232249]},"properties":{"OBJECTID_1":3492,"efficiency":0,"stop_code":12388,"Muni_Heb":"באר שבע","stop_name":"אפיקים בנגב/הע''ל"}},
{"type":"Feature","geometry":{"type":"Point","coordinates":[180802.7401470821,571003.1077889536]},"properties":{"OBJECTID_1":3493,"efficiency":0,"stop_code":12400,"Muni_Heb":"באר שבע","stop_name":"הע''ל/אפיקים בנגב"}},
{"type":"Feature","geometry":{"type":"Point","coordinates":[176346.11415426194,576179.3773490917]},"properties":{"OBJECTID_1":3494,"efficiency":0,"stop_code":44296,"Muni_Heb":"באר שבע","stop_name":"תחנת מוניות באר שבע כלניות"}},
{"type":"Feature","geometry":{"type":"Point","coordinates":[183027.7809065507,573289.6438050501]},"properties":{"OBJECTID_1":3495,"efficiency":0,"stop_code":44295,"Muni_Heb":"באר שבע","stop_name":"תחנת מוניות באר שבע א''ת מכתשים"}},
{"type":"Feature","geometry":{"type":"Point","coordinates":[182246.75169342407,572504.7121263059]},"properties":{"OBJECTID_1":3496,"efficiency":0,"stop_code":44294,"Muni_Heb":"באר שבע","stop_name":"תחנת מוניות באר שבע מרכז הירידים"}},
{"type":"Feature","geometry":{"type":"Point","coordinates":[177745.4160799769,571184.2180127105]},"properties":{"OBJECTID_1":3497,"efficiency":0,"stop_code":44293,"Muni_Heb":"באר שבע","stop_name":"תחנת מוניות באר שבע נווה זאב"}},
{"type":"Feature","geometry":{"type":"Point","coordinates":[179304.29505782953,570576.5270109535]},"properties":{"OBJECTID_1":3498,"efficiency":0,"stop_code":44292,"Muni_Heb":"באר שבע","stop_name":"תחנת מוניות באר שבע נחל בקע"}},
{"type":"Feature","geometry":{"type":"Point","coordinates":[179408.72129565605,573724.6016433827]},"properties":{"OBJECTID_1":3499,"efficiency":0,"stop_code":12424,"Muni_Heb":"באר שבע","stop_name":"דרך שמשון/אברהם מחרז"}},
{"type":"Feature","geometry":{"type":"Point","coordinates":[178735.36067114474,575169.4901615512]},"properties":{"OBJECTID_1":3500,"efficiency":0,"stop_code":12423,"Muni_Heb":"באר שבע","stop_name":"דוד אלעזר/אבו חצירא"}},
{"type":"Feature","geometry":{"type":"Point","coordinates":[180871.8991510228,573411.6595614176]},"properties":{"OBJECTID_1":3501,"efficiency":0,"stop_code":12430,"Muni_Heb":"באר שבע","stop_name":"יצחק רגר/שדרות שז''ר"}},
{"type":"Feature","geometry":{"type":"Point","coordinates":[180871.92312281852,573521.8715235244]},"properties":{"OBJECTID_1":3502,"efficiency":0,"stop_code":12429,"Muni_Heb":"באר שבע","stop_name":"יצחק רגר/ליאונרד ברנשטיין"}},
{"type":"Feature","geometry":{"type":"Point","coordinates":[180906.80226623616,573578.0690989542]},"properties":{"OBJECTID_1":3503,"efficiency":0,"stop_code":12428,"Muni_Heb":"באר שבע","stop_name":"יצחק רגר/ליאונרד ברנשטיין"}},
{"type":"Feature","geometry":{"type":"Point","coordinates":[178815.46253529302,575146.1170368604]},"properties":{"OBJECTID_1":3504,"efficiency":0,"stop_code":18567,"Muni_Heb":"באר שבע","stop_name":"דוד אלעזר/אבו חצירא"}},
{"type":"Feature","geometry":{"type":"Point","coordinates":[178235.9828716605,571156.780708141]},"properties":{"OBJECTID_1":3505,"efficiency":0,"stop_code":44301,"Muni_Heb":"באר שבע","stop_name":"מוניות באר שבע נווה זאב"}},
{"type":"Feature","geometry":{"type":"Point","coordinates":[180324.77507610916,576381.6570114017]},"properties":{"OBJECTID_1":3506,"efficiency":0,"stop_code":12459,"Muni_Heb":"באר שבע","stop_name":"תחנת התרעננות/ב''ש כניסה צפונית"}},
{"type":"Feature","geometry":{"type":"Point","coordinates":[180522.4894271484,576386.6868860928]},"properties":{"OBJECTID_1":3507,"efficiency":0,"stop_code":12458,"Muni_Heb":"באר שבע","stop_name":"תחנת התרעננות/ב''ש יציאה צפונית"}},
{"type":"Feature","geometry":{"type":"Point","coordinates":[181576.066158255,577193.788782837]},"properties":{"OBJECTID_1":3508,"efficiency":0,"stop_code":12462,"Muni_Heb":"באר שבע","stop_name":"נחום שריג/רחבעם זאבי"}},
{"type":"Feature","geometry":{"type":"Point","coordinates":[180579.95216360892,573466.5119174378]},"properties":{"OBJECTID_1":3509,"efficiency":0,"stop_code":12467,"Muni_Heb":"באר שבע","stop_name":"שמעוני/דרך המשחררים"}},
{"type":"Feature","geometry":{"type":"Point","coordinates":[180570.1942274443,573738.0868474558]},"properties":{"OBJECTID_1":3510,"efficiency":0,"stop_code":12466,"Muni_Heb":"באר שבע","stop_name":"שמעוני/בן יהודה"}},
{"type":"Feature","geometry":{"type":"Point","coordinates":[182132.79896909132,574911.1516048523]},"properties":{"OBJECTID_1":3511,"efficiency":0,"stop_code":12465,"Muni_Heb":"באר שבע","stop_name":"יעקוב מרש/התבונה"}},
{"type":"Feature","geometry":{"type":"Point","coordinates":[181001.902279899,572183.1065500812]},"properties":{"OBJECTID_1":3512,"efficiency":0,"stop_code":12464,"Muni_Heb":"באר שבע","stop_name":"דרך חברון/מקס נורדאו"}},
{"type":"Feature","geometry":{"type":"Point","coordinates":[181166.0619811369,572317.7769595548]},"properties":{"OBJECTID_1":3513,"efficiency":0,"stop_code":12463,"Muni_Heb":"באר שבע","stop_name":"רוטשילד/דרך חברון"}},
{"type":"Feature","geometry":{"type":"Point","coordinates":[177417.54015603306,572700.8888106592]},"properties":{"OBJECTID_1":3514,"efficiency":0,"stop_code":12477,"Muni_Heb":"באר שבע","stop_name":"משה וילנסקי/שמעון אגרנט"}},
{"type":"Feature","geometry":{"type":"Point","coordinates":[177069.93535313828,575982.3910087448]},"properties":{"OBJECTID_1":3515,"efficiency":0,"stop_code":12476,"Muni_Heb":"באר שבע","stop_name":"שושנה דמארי/עופרה חזה"}},
{"type":"Feature","geometry":{"type":"Point","coordinates":[177304.48904993673,573229.5636715873]},"properties":{"OBJECTID_1":3516,"efficiency":0,"stop_code":12475,"Muni_Heb":"באר שבע","stop_name":"הגאונים/הרב חביב חיים"}},
{"type":"Feature","geometry":{"type":"Point","coordinates":[177322.7012412846,573257.7644833814]},"properties":{"OBJECTID_1":3517,"efficiency":0,"stop_code":12474,"Muni_Heb":"באר שבע","stop_name":"הגאונים/הרב האי  גאון"}},
{"type":"Feature","geometry":{"type":"Point","coordinates":[180602.79332802925,572637.1760021241]},"properties":{"OBJECTID_1":3518,"efficiency":0,"stop_code":12473,"Muni_Heb":"באר שבע","stop_name":"קניון הנגב/יצחק בן צבי"}},
{"type":"Feature","geometry":{"type":"Point","coordinates":[178191.05261265283,574803.8341387194]},"properties":{"OBJECTID_1":3519,"efficiency":0,"stop_code":12513,"Muni_Heb":"באר שבע","stop_name":"אבא אחימאיר/יעקוב דורי"}},
{"type":"Feature","geometry":{"type":"Point","coordinates":[177290.6943549587,575605.2916615312]},"properties":{"OBJECTID_1":3520,"efficiency":0,"stop_code":12512,"Muni_Heb":"באר שבע","stop_name":"מוטה גור/רבקה"}},
{"type":"Feature","geometry":{"type":"Point","coordinates":[177062.90024957352,575396.0952079007]},"properties":{"OBJECTID_1":3521,"efficiency":0,"stop_code":12511,"Muni_Heb":"באר שבע","stop_name":"החשמונאים/מוטה גור"}},
{"type":"Feature","geometry":{"type":"Point","coordinates":[179686.16699639132,572283.581792244]},"properties":{"OBJECTID_1":3522,"efficiency":0,"stop_code":12510,"Muni_Heb":"באר שבע","stop_name":"חטיבת הנגב/הפלמ''ח"}},
{"type":"Feature","geometry":{"type":"Point","coordinates":[180167.49762687797,577383.9165698003]},"properties":{"OBJECTID_1":3523,"efficiency":0,"stop_code":12499,"Muni_Heb":"באר שבע","stop_name":"מסעף רמות לדרום/כביש 406"}},
{"type":"Feature","geometry":{"type":"Point","coordinates":[180181.48802611177,577509.1563652874]},"properties":{"OBJECTID_1":3524,"efficiency":0,"stop_code":12498,"Muni_Heb":"באר שבע","stop_name":"מסעף רמות לצפון/כביש 406"}},
{"type":"Feature","geometry":{"type":"Point","coordinates":[180252.75001122392,577417.5261588079]},"properties":{"OBJECTID_1":3525,"efficiency":0,"stop_code":12497,"Muni_Heb":"באר שבע","stop_name":"מסעף רמות/שדרות צה''ל"}},
{"type":"Feature","geometry":{"type":"Point","coordinates":[176853.50767663668,574161.5388506862]},"properties":{"OBJECTID_1":3526,"efficiency":0,"stop_code":12496,"Muni_Heb":"באר שבע","stop_name":"רוזמרין/קורנית"}},
{"type":"Feature","geometry":{"type":"Point","coordinates":[176824.22140928698,574197.47137863]},"properties":{"OBJECTID_1":3527,"efficiency":0,"stop_code":12495,"Muni_Heb":"באר שבע","stop_name":"רוזמרין/קורנית"}},
{"type":"Feature","geometry":{"type":"Point","coordinates":[176731.12750659283,574259.0545077804]},"properties":{"OBJECTID_1":3528,"efficiency":0,"stop_code":12494,"Muni_Heb":"באר שבע","stop_name":"רוזמרין/לימונית"}},
{"type":"Feature","geometry":{"type":"Point","coordinates":[176695.23003612834,574261.8616716953]},"properties":{"OBJECTID_1":3529,"efficiency":0,"stop_code":12493,"Muni_Heb":"באר שבע","stop_name":"לימונית/רוזמרין"}},
{"type":"Feature","geometry":{"type":"Point","coordinates":[176634.48780087757,574174.9591371671]},"properties":{"OBJECTID_1":3530,"efficiency":0,"stop_code":12492,"Muni_Heb":"באר שבע","stop_name":"לימונית/מרווה"}},
{"type":"Feature","geometry":{"type":"Point","coordinates":[176585.1708416608,574133.8028521622]},"properties":{"OBJECTID_1":3531,"efficiency":0,"stop_code":12491,"Muni_Heb":"באר שבע","stop_name":"לימונית/מרווה"}},
{"type":"Feature","geometry":{"type":"Point","coordinates":[176549.45840729313,574065.426040641]},"properties":{"OBJECTID_1":3532,"efficiency":0,"stop_code":12490,"Muni_Heb":"באר שבע","stop_name":"דפנה/לימונית"}},
{"type":"Feature","geometry":{"type":"Point","coordinates":[176646.58195898094,574010.8102728854]},"properties":{"OBJECTID_1":3533,"efficiency":0,"stop_code":12489,"Muni_Heb":"באר שבע","stop_name":"דפנה/קורנית"}},
{"type":"Feature","geometry":{"type":"Point","coordinates":[176683.33514267474,573960.6544684259]},"properties":{"OBJECTID_1":3534,"efficiency":0,"stop_code":12488,"Muni_Heb":"באר שבע","stop_name":"דפנה/קורנית"}},
{"type":"Feature","geometry":{"type":"Point","coordinates":[176774.3782383633,573909.5017887313]},"properties":{"OBJECTID_1":3535,"efficiency":0,"stop_code":12487,"Muni_Heb":"באר שבע","stop_name":"דפנה/רוזמרין"}},
{"type":"Feature","geometry":{"type":"Point","coordinates":[176829.02100181073,573901.6292563108]},"properties":{"OBJECTID_1":3536,"efficiency":0,"stop_code":12486,"Muni_Heb":"באר שבע","stop_name":"רוזמרין/דפנה"}},
{"type":"Feature","geometry":{"type":"Point","coordinates":[176828.7770311213,573841.5343406093]},"properties":{"OBJECTID_1":3537,"efficiency":0,"stop_code":12485,"Muni_Heb":"באר שבע","stop_name":"דפנה/רוזמרין"}},
{"type":"Feature","geometry":{"type":"Point","coordinates":[176792.27875654178,574353.163052249]},"properties":{"OBJECTID_1":3538,"efficiency":0,"stop_code":12541,"Muni_Heb":"באר שבע","stop_name":"שדרות דוד טוביהו/לימונית"}},
{"type":"Feature","geometry":{"type":"Point","coordinates":[176642.71565604393,575024.5848934508]},"properties":{"OBJECTID_1":3539,"efficiency":0,"stop_code":12540,"Muni_Heb":"באר שבע","stop_name":"המלכים/מוטה גור"}},
{"type":"Feature","geometry":{"type":"Point","coordinates":[176772.1603440838,574394.824075719]},"properties":{"OBJECTID_1":3540,"efficiency":0,"stop_code":12539,"Muni_Heb":"באר שבע","stop_name":"שדרות דוד טוביהו/לימונית"}},
{"type":"Feature","geometry":{"type":"Point","coordinates":[179758.57240321708,572763.2959961749]},"properties":{"OBJECTID_1":3541,"efficiency":0,"stop_code":12538,"Muni_Heb":"באר שבע","stop_name":"שדרות דוד טוביהו/עלי דיוויס"}},
{"type":"Feature","geometry":{"type":"Point","coordinates":[179659.90069105514,572818.7754759757]},"properties":{"OBJECTID_1":3542,"efficiency":0,"stop_code":12537,"Muni_Heb":"באר שבע","stop_name":"שדרות דוד טוביהו/חיים נחמן ביאליק"}},
{"type":"Feature","geometry":{"type":"Point","coordinates":[182168.36460958314,574868.8917735385]},"properties":{"OBJECTID_1":3543,"efficiency":0,"stop_code":12568,"Muni_Heb":"באר שבע","stop_name":"התבונה/חלקיקי האור"}},
{"type":"Feature","geometry":{"type":"Point","coordinates":[182230.60235196294,574559.212203904]},"properties":{"OBJECTID_1":3544,"efficiency":0,"stop_code":12567,"Muni_Heb":"באר שבע","stop_name":"שדרות פרופ' נתן רוזן/החדשנות"}},
{"type":"Feature","geometry":{"type":"Point","coordinates":[182137.317757021,574735.6166986803]},"properties":{"OBJECTID_1":3545,"efficiency":0,"stop_code":12566,"Muni_Heb":"באר שבע","stop_name":"האנרגיה/חלקיקי האור"}},
{"type":"Feature","geometry":{"type":"Point","coordinates":[182365.90578199993,574628.6966416489]},"properties":{"OBJECTID_1":3546,"efficiency":0,"stop_code":12565,"Muni_Heb":"באר שבע","stop_name":"ציר הזמן/האנרגיה"}},
{"type":"Feature","geometry":{"type":"Point","coordinates":[182449.25190757227,574792.7226149513]},"properties":{"OBJECTID_1":3547,"efficiency":0,"stop_code":12563,"Muni_Heb":"באר שבע","stop_name":"שדרות תורת היחסות/ציר הזמן"}},
{"type":"Feature","geometry":{"type":"Point","coordinates":[182392.17248495217,574811.5514782392]},"properties":{"OBJECTID_1":3548,"efficiency":0,"stop_code":12560,"Muni_Heb":"באר שבע","stop_name":"שדרות תורת היחסות/ציר הזמן"}},
{"type":"Feature","geometry":{"type":"Point","coordinates":[182303.6084138166,574788.0260444991]},"properties":{"OBJECTID_1":3549,"efficiency":0,"stop_code":12557,"Muni_Heb":"באר שבע","stop_name":"שדרות תורת היחסות/החדשנות"}},
{"type":"Feature","geometry":{"type":"Point","coordinates":[182169.0215502397,574785.7314349517]},"properties":{"OBJECTID_1":3550,"efficiency":0,"stop_code":12556,"Muni_Heb":"באר שבע","stop_name":"שדרות תורת היחסות/חלקיקי האור"}},
{"type":"Feature","geometry":{"type":"Point","coordinates":[181908.84747007358,574741.0885428347]},"properties":{"OBJECTID_1":3551,"efficiency":0,"stop_code":12555,"Muni_Heb":"באר שבע","stop_name":"גשר ת. רכבת ב''ש צפון/נתן רוזן"}},
{"type":"Feature","geometry":{"type":"Point","coordinates":[180997.3304882943,573900.0576054632]},"properties":{"OBJECTID_1":3552,"efficiency":0,"stop_code":12574,"Muni_Heb":"באר שבע","stop_name":"סורוקה מיון/וינגייט"}},
{"type":"Feature","geometry":{"type":"Point","coordinates":[183090.7584773394,576618.5151460815]},"properties":{"OBJECTID_1":3553,"efficiency":0,"stop_code":11749,"Muni_Heb":"באר שבע","stop_name":"מסוף רמות"}},
{"type":"Feature","geometry":{"type":"Point","coordinates":[177442.5270783296,573922.2190106208]},"properties":{"OBJECTID_1":3554,"efficiency":0,"stop_code":12581,"Muni_Heb":"באר שבע","stop_name":"גולדה מאיר/בכור שטרית"}},
{"type":"Feature","geometry":{"type":"Point","coordinates":[181445.9011614928,577614.8196188676]},"properties":{"OBJECTID_1":3555,"efficiency":0,"stop_code":18544,"Muni_Heb":"באר שבע","stop_name":"תיכון זילברמן/שדרות צה''ל"}},
{"type":"Feature","geometry":{"type":"Point","coordinates":[181134.3728149844,577517.2723520808]},"properties":{"OBJECTID_1":3556,"efficiency":0,"stop_code":12600,"Muni_Heb":"באר שבע","stop_name":"שדרות צה''ל/חרוב"}},
{"type":"Feature","geometry":{"type":"Point","coordinates":[181502.06540343666,577558.2901189062]},"properties":{"OBJECTID_1":3557,"efficiency":0,"stop_code":12599,"Muni_Heb":"באר שבע","stop_name":"תיכון זילברמן/שד' לוי אשכול"}},
{"type":"Feature","geometry":{"type":"Point","coordinates":[176854.7209066209,575211.4389988735]},"properties":{"OBJECTID_1":3558,"efficiency":0,"stop_code":12598,"Muni_Heb":"באר שבע","stop_name":"אפרים לוזון/מוטה גור"}},
{"type":"Feature","geometry":{"type":"Point","coordinates":[177334.0193626763,574867.7779510745]},"properties":{"OBJECTID_1":3559,"efficiency":0,"stop_code":12597,"Muni_Heb":"באר שבע","stop_name":"אגוז/אפרים לוזון"}},
{"type":"Feature","geometry":{"type":"Point","coordinates":[177224.4323277348,574758.892562544]},"properties":{"OBJECTID_1":3560,"efficiency":0,"stop_code":12596,"Muni_Heb":"באר שבע","stop_name":"אגוז/המלכים"}},
{"type":"Feature","geometry":{"type":"Point","coordinates":[177932.12681747437,575392.1761854965]},"properties":{"OBJECTID_1":3561,"efficiency":0,"stop_code":12595,"Muni_Heb":"באר שבע","stop_name":"חנה רובינא/ששת הימים"}},
{"type":"Feature","geometry":{"type":"Point","coordinates":[177482.71135262703,575110.2270489425]},"properties":{"OBJECTID_1":3562,"efficiency":0,"stop_code":12594,"Muni_Heb":"באר שבע","stop_name":"מרכז האופרה/החשמונאים"}},
{"type":"Feature","geometry":{"type":"Point","coordinates":[177336.4713374209,575193.9715408834]},"properties":{"OBJECTID_1":3563,"efficiency":0,"stop_code":12593,"Muni_Heb":"באר שבע","stop_name":"החשמונאים/אבשלום פיינברג"}},
{"type":"Feature","geometry":{"type":"Point","coordinates":[177317.32705610822,575217.4436735564]},"properties":{"OBJECTID_1":3564,"efficiency":0,"stop_code":12592,"Muni_Heb":"באר שבע","stop_name":"החשמונאים/חוה"}},
{"type":"Feature","geometry":{"type":"Point","coordinates":[177863.85123632546,575418.8355873458]},"properties":{"OBJECTID_1":3565,"efficiency":0,"stop_code":12626,"Muni_Heb":"באר שבע","stop_name":"ששת הימים/דקר"}},
{"type":"Feature","geometry":{"type":"Point","coordinates":[180780.351707223,572401.1283695316]},"properties":{"OBJECTID_1":3566,"efficiency":0,"stop_code":12670,"Muni_Heb":"באר שבע","stop_name":"ת.מרכזית באר שבע/הורדה"}},
{"type":"Feature","geometry":{"type":"Point","coordinates":[176852.03657165112,575254.0271471015]},"properties":{"OBJECTID_1":3567,"efficiency":0,"stop_code":12681,"Muni_Heb":"באר שבע","stop_name":"מוטה גור/אפרים לוזון"}},
{"type":"Feature","geometry":{"type":"Point","coordinates":[176792.1223441157,575228.5467511464]},"properties":{"OBJECTID_1":3568,"efficiency":0,"stop_code":12680,"Muni_Heb":"באר שבע","stop_name":"מוטה גור/אפרים לוזון"}},
{"type":"Feature","geometry":{"type":"Point","coordinates":[180021.72787041432,571683.2470762846]},"properties":{"OBJECTID_1":3569,"efficiency":0,"stop_code":12679,"Muni_Heb":"באר שבע","stop_name":"שדרות נפתלי הרץ אימבר/כפר דרום"}},
{"type":"Feature","geometry":{"type":"Point","coordinates":[176854.85869356844,574940.3412366031]},"properties":{"OBJECTID_1":3570,"efficiency":0,"stop_code":12677,"Muni_Heb":"באר שבע","stop_name":"המלכים/פרץ לסקר"}},
{"type":"Feature","geometry":{"type":"Point","coordinates":[176831.79382498388,574959.8385891137]},"properties":{"OBJECTID_1":3571,"efficiency":0,"stop_code":12676,"Muni_Heb":"באר שבע","stop_name":"המלכים/פרץ לסקר"}},
{"type":"Feature","geometry":{"type":"Point","coordinates":[179241.5639122448,575617.0370157553]},"properties":{"OBJECTID_1":3572,"efficiency":0,"stop_code":12675,"Muni_Heb":"באר שבע","stop_name":"מכללת קיי/יהודה הלוי"}},
{"type":"Feature","geometry":{"type":"Point","coordinates":[180259.9184990856,572375.6708495601]},"properties":{"OBJECTID_1":3573,"efficiency":0,"stop_code":12674,"Muni_Heb":"באר שבע","stop_name":"רמב''ם/החלוץ"}},
{"type":"Feature","geometry":{"type":"Point","coordinates":[177444.19063538543,574552.1101265773]},"properties":{"OBJECTID_1":3574,"efficiency":0,"stop_code":12673,"Muni_Heb":"באר שבע","stop_name":"השופטים/האצ''ל"}},
{"type":"Feature","geometry":{"type":"Point","coordinates":[181777.45779641028,575231.5268899676]},"properties":{"OBJECTID_1":3575,"efficiency":0,"stop_code":12672,"Muni_Heb":"באר שבע","stop_name":"הדעת/אורי צבי גרינברג"}},
{"type":"Feature","geometry":{"type":"Point","coordinates":[181915.48379049014,575451.2347859187]},"properties":{"OBJECTID_1":3576,"efficiency":0,"stop_code":12694,"Muni_Heb":"באר שבע","stop_name":"גשר בי''ס בן גוריון/אורי צבי גרינברג"}},
{"type":"Feature","geometry":{"type":"Point","coordinates":[182270.21805609728,575309.9332448652]},"properties":{"OBJECTID_1":3577,"efficiency":0,"stop_code":12693,"Muni_Heb":"באר שבע","stop_name":"שדרות בנ''צ כרמל/משה ברזאני"}},
{"type":"Feature","geometry":{"type":"Point","coordinates":[182286.64851388463,575243.2377408881]},"properties":{"OBJECTID_1":3578,"efficiency":0,"stop_code":12692,"Muni_Heb":"באר שבע","stop_name":"שדרות בנ''צ כרמל/זבולון המר"}},
{"type":"Feature","geometry":{"type":"Point","coordinates":[178750.67349619797,573788.6694295832]},"properties":{"OBJECTID_1":3579,"efficiency":0,"stop_code":12691,"Muni_Heb":"באר שבע","stop_name":"שדרות יעלים/טבנקין"}},
{"type":"Feature","geometry":{"type":"Point","coordinates":[178689.89343205924,573909.0966594543]},"properties":{"OBJECTID_1":3580,"efficiency":0,"stop_code":12690,"Muni_Heb":"באר שבע","stop_name":"שדרות יעלים/העלייה"}},
{"type":"Feature","geometry":{"type":"Point","coordinates":[178896.5154232834,573593.9581742059]},"properties":{"OBJECTID_1":3581,"efficiency":0,"stop_code":12689,"Muni_Heb":"באר שבע","stop_name":"שדרות יעלים/קפריסין"}},
{"type":"Feature","geometry":{"type":"Point","coordinates":[183065.47333681645,570778.9294827419]},"properties":{"OBJECTID_1":3582,"efficiency":0,"stop_code":12738,"Muni_Heb":"באר שבע","stop_name":"נחל פרת/שדרות יגאל אלון"}},
{"type":"Feature","geometry":{"type":"Point","coordinates":[183081.74739519745,570801.0484711991]},"properties":{"OBJECTID_1":3583,"efficiency":0,"stop_code":12737,"Muni_Heb":"באר שבע","stop_name":"נחל פרת/שדרות יגאל אלון"}},
{"type":"Feature","geometry":{"type":"Point","coordinates":[183488.82647376793,570981.5956911551]},"properties":{"OBJECTID_1":3584,"efficiency":0,"stop_code":12736,"Muni_Heb":"באר שבע","stop_name":"נחל נקרות/נחל קדרון"}},
{"type":"Feature","geometry":{"type":"Point","coordinates":[183461.2483136499,570969.0501904411]},"properties":{"OBJECTID_1":3585,"efficiency":0,"stop_code":12735,"Muni_Heb":"באר שבע","stop_name":"נחל קדרון/נחל נקרות"}},
{"type":"Feature","geometry":{"type":"Point","coordinates":[183126.80338690954,571018.3217237509]},"properties":{"OBJECTID_1":3586,"efficiency":0,"stop_code":12733,"Muni_Heb":"באר שבע","stop_name":"נחל פרת/נחל קדרון"}},
{"type":"Feature","geometry":{"type":"Point","coordinates":[183149.34998861875,571063.5922723615]},"properties":{"OBJECTID_1":3587,"efficiency":0,"stop_code":12732,"Muni_Heb":"באר שבע","stop_name":"נחל פרת/נחל קדרון"}},
{"type":"Feature","geometry":{"type":"Point","coordinates":[183558.18282430273,571314.5426698911]},"properties":{"OBJECTID_1":3588,"efficiency":0,"stop_code":12731,"Muni_Heb":"באר שבע","stop_name":"נחל ערוגות/נחל נקרות"}},
{"type":"Feature","geometry":{"type":"Point","coordinates":[183559.71266268688,571288.2596756788]},"properties":{"OBJECTID_1":3589,"efficiency":0,"stop_code":12730,"Muni_Heb":"באר שבע","stop_name":"נחל נקרות/נחל ערוגות"}},
{"type":"Feature","geometry":{"type":"Point","coordinates":[183288.84198443327,571342.298653883]},"properties":{"OBJECTID_1":3590,"efficiency":0,"stop_code":12729,"Muni_Heb":"באר שבע","stop_name":"נחל ערוגות/נחל פרת"}},
{"type":"Feature","geometry":{"type":"Point","coordinates":[182895.33277024628,571608.5452056312]},"properties":{"OBJECTID_1":3591,"efficiency":0,"stop_code":12728,"Muni_Heb":"באר שבע","stop_name":"נחל ערוגות/נחל חבר"}},
{"type":"Feature","geometry":{"type":"Point","coordinates":[182922.295566302,571581.3974636933]},"properties":{"OBJECTID_1":3592,"efficiency":0,"stop_code":12727,"Muni_Heb":"באר שבע","stop_name":"נחל ערוגות/נחל חבר"}},
{"type":"Feature","geometry":{"type":"Point","coordinates":[183172.1340261349,571398.3611221396]},"properties":{"OBJECTID_1":3593,"efficiency":0,"stop_code":12726,"Muni_Heb":"באר שבע","stop_name":"נחל ערוגות/נחל פרת"}},
{"type":"Feature","geometry":{"type":"Point","coordinates":[182786.38102769246,571128.4960165821]},"properties":{"OBJECTID_1":3594,"efficiency":0,"stop_code":12725,"Muni_Heb":"באר שבע","stop_name":"נחל קדרון/נחל חבר"}},
{"type":"Feature","geometry":{"type":"Point","coordinates":[182788.22402703302,571192.4654048879]},"properties":{"OBJECTID_1":3595,"efficiency":0,"stop_code":12724,"Muni_Heb":"באר שבע","stop_name":"נחל חבר/נחל קדרון"}},
{"type":"Feature","geometry":{"type":"Point","coordinates":[182765.28805487545,571117.9254586778]},"properties":{"OBJECTID_1":3596,"efficiency":0,"stop_code":12723,"Muni_Heb":"באר שבע","stop_name":"נחל חבר/נחל קדרון"}},
{"type":"Feature","geometry":{"type":"Point","coordinates":[182752.90890290448,571147.1292667732]},"properties":{"OBJECTID_1":3597,"efficiency":0,"stop_code":12722,"Muni_Heb":"באר שבע","stop_name":"נחל קדרון/נחל חבר"}},
{"type":"Feature","geometry":{"type":"Point","coordinates":[182465.67972927954,571561.1525296491]},"properties":{"OBJECTID_1":3598,"efficiency":0,"stop_code":12721,"Muni_Heb":"באר שבע","stop_name":"נחל ערוגות/נחל ציחור"}},
{"type":"Feature","geometry":{"type":"Point","coordinates":[182425.92015189683,571471.2606441221]},"properties":{"OBJECTID_1":3599,"efficiency":0,"stop_code":12720,"Muni_Heb":"באר שבע","stop_name":"נחל ציחור/נחל ערוגות"}},
{"type":"Feature","geometry":{"type":"Point","coordinates":[182371.44210904752,571233.5112111407]},"properties":{"OBJECTID_1":3600,"efficiency":0,"stop_code":12719,"Muni_Heb":"באר שבע","stop_name":"נחל ציחור/נחל קדרון"}},
{"type":"Feature","geometry":{"type":"Point","coordinates":[182388.89424278057,571265.2712993254]},"properties":{"OBJECTID_1":3601,"efficiency":0,"stop_code":12718,"Muni_Heb":"באר שבע","stop_name":"נחל ציחור/נחל קדרון"}},
{"type":"Feature","geometry":{"type":"Point","coordinates":[182396.09033109888,571225.5520201322]},"properties":{"OBJECTID_1":3602,"efficiency":0,"stop_code":12717,"Muni_Heb":"באר שבע","stop_name":"נחל קדרון/נחל ציחור"}},
{"type":"Feature","geometry":{"type":"Point","coordinates":[182310.6077161424,570923.2712204923]},"properties":{"OBJECTID_1":3603,"efficiency":0,"stop_code":12716,"Muni_Heb":"באר שבע","stop_name":"נחל ציחור/שדרות יגאל אלון"}},
{"type":"Feature","geometry":{"type":"Point","coordinates":[180083.67203586258,573034.9413773817]},"properties":{"OBJECTID_1":3604,"efficiency":0,"stop_code":12715,"Muni_Heb":"באר שבע","stop_name":"בזל/סוקולוב"}},
{"type":"Feature","geometry":{"type":"Point","coordinates":[180544.75451703984,572013.5956733433]},"properties":{"OBJECTID_1":3605,"efficiency":0,"stop_code":12714,"Muni_Heb":"באר שבע","stop_name":"שוק עירוני/רמב''ם"}},
{"type":"Feature","geometry":{"type":"Point","coordinates":[182941.57876497618,573428.0960098963]},"properties":{"OBJECTID_1":3606,"efficiency":1,"stop_code":12740,"Muni_Heb":"באר שבע","stop_name":"אליהו נאוי/אברהם בן עמי"}},
{"type":"Feature","geometry":{"type":"Point","coordinates":[182732.70228049206,570817.6743515446]},"properties":{"OBJECTID_1":3607,"efficiency":1,"stop_code":12739,"Muni_Heb":"באר שבע","stop_name":"נחל חבר/שדרות יגאל אלון"}},
{"type":"Feature","geometry":{"type":"Point","coordinates":[183143.59919374436,573175.4827952546]},"properties":{"OBJECTID_1":3608,"efficiency":0,"stop_code":12755,"Muni_Heb":"באר שבע","stop_name":"אזור תעשייה מכתשים/בן עמי"}},
{"type":"Feature","geometry":{"type":"Point","coordinates":[183018.5241760633,573284.7972764962]},"properties":{"OBJECTID_1":3609,"efficiency":0,"stop_code":12754,"Muni_Heb":"באר שבע","stop_name":"אזור תעשייה מכתשים/בן עמי"}},
{"type":"Feature","geometry":{"type":"Point","coordinates":[178394.8625187456,571365.4951678502]},"properties":{"OBJECTID_1":3610,"efficiency":0,"stop_code":12753,"Muni_Heb":"באר שבע","stop_name":"הרב מישאל דהאן/פינסקר"}},
{"type":"Feature","geometry":{"type":"Point","coordinates":[178443.59833004235,571378.3883983623]},"properties":{"OBJECTID_1":3611,"efficiency":0,"stop_code":12752,"Muni_Heb":"באר שבע","stop_name":"הרב מישאל דהאן/פינסקר"}},
{"type":"Feature","geometry":{"type":"Point","coordinates":[182447.94499771993,576069.1480580893]},"properties":{"OBJECTID_1":3612,"efficiency":0,"stop_code":12751,"Muni_Heb":"באר שבע","stop_name":"אורי צבי גרינברג/ראובן הכט"}},
{"type":"Feature","geometry":{"type":"Point","coordinates":[182409.7596680266,576015.950802906]},"properties":{"OBJECTID_1":3613,"efficiency":0,"stop_code":12750,"Muni_Heb":"באר שבע","stop_name":"אורי צבי גרינברג/הר רמון"}},
{"type":"Feature","geometry":{"type":"Point","coordinates":[177733.69383263815,573893.6711072198]},"properties":{"OBJECTID_1":3614,"efficiency":0,"stop_code":12749,"Muni_Heb":"באר שבע","stop_name":"משה שרת/גולדה מאיר"}},
{"type":"Feature","geometry":{"type":"Point","coordinates":[182926.49592917872,576455.4308061437]},"properties":{"OBJECTID_1":3615,"efficiency":0,"stop_code":12748,"Muni_Heb":"באר שבע","stop_name":"אורי צבי גרינברג/האנדרטה"}},
{"type":"Feature","geometry":{"type":"Point","coordinates":[182990.55011500922,576500.3350877243]},"properties":{"OBJECTID_1":3616,"efficiency":0,"stop_code":12747,"Muni_Heb":"באר שבע","stop_name":"אורי צבי גרינברג/האנדרטה"}},
{"type":"Feature","geometry":{"type":"Point","coordinates":[180808.52865895713,575422.4341864374]},"properties":{"OBJECTID_1":3617,"efficiency":0,"stop_code":12746,"Muni_Heb":"באר שבע","stop_name":"יצחק רגר/אברהם אבינו"}},
{"type":"Feature","geometry":{"type":"Point","coordinates":[183020.53040075474,576605.2318674265]},"properties":{"OBJECTID_1":3618,"efficiency":0,"stop_code":12745,"Muni_Heb":"באר שבע","stop_name":"אורי צבי גרינברג/שדרות צה''ל"}},
{"type":"Feature","geometry":{"type":"Point","coordinates":[182986.68796278603,576676.754644878]},"properties":{"OBJECTID_1":3619,"efficiency":0,"stop_code":12744,"Muni_Heb":"באר שבע","stop_name":"שדרות צה''ל/אורי צבי גרינברג"}},
{"type":"Feature","geometry":{"type":"Point","coordinates":[180829.35912188786,575466.9303242253]},"properties":{"OBJECTID_1":3620,"efficiency":0,"stop_code":12743,"Muni_Heb":"באר שבע","stop_name":"יצחק רגר/רינגלבלום"}},
{"type":"Feature","geometry":{"type":"Point","coordinates":[180308.06146206945,572640.3771367391]},"properties":{"OBJECTID_1":3621,"efficiency":0,"stop_code":12742,"Muni_Heb":"באר שבע","stop_name":"דוד טוביהו/יצחק רגר"}},
{"type":"Feature","geometry":{"type":"Point","coordinates":[182119.1333762277,572648.6399006986]},"properties":{"OBJECTID_1":3622,"efficiency":0,"stop_code":10017,"Muni_Heb":"באר שבע","stop_name":"מרכז ביג/חיל ההנדסה"}},
{"type":"Feature","geometry":{"type":"Point","coordinates":[183165.921749691,571034.1527142421]},"properties":{"OBJECTID_1":3623,"efficiency":0,"stop_code":10335,"Muni_Heb":"באר שבע","stop_name":"נחל קדרון/נחל פרת"}},
{"type":"Feature","geometry":{"type":"Point","coordinates":[183105.69877356532,571059.4190815112]},"properties":{"OBJECTID_1":3624,"efficiency":0,"stop_code":10116,"Muni_Heb":"באר שבע","stop_name":"נחל קדרון/נחל פרת"}},
{"type":"Feature","geometry":{"type":"Point","coordinates":[180087.69915358862,573321.4335003673]},"properties":{"OBJECTID_1":3625,"efficiency":0,"stop_code":10088,"Muni_Heb":"באר שבע","stop_name":"מכללת סמי שמעון/ביאליק"}},
{"type":"Feature","geometry":{"type":"Point","coordinates":[183090.7584773394,576618.5151460815]},"properties":{"OBJECTID_1":3626,"efficiency":0,"stop_code":11749,"Muni_Heb":"באר שבע","stop_name":"מסוף רמות"}},
{"type":"Feature","geometry":{"type":"Point","coordinates":[183090.7584773394,576618.5151460815]},"properties":{"OBJECTID_1":3627,"efficiency":0,"stop_code":11749,"Muni_Heb":"באר שבע","stop_name":"מסוף רמות"}},
{"type":"Feature","geometry":{"type":"Point","coordinates":[180683.81590457144,572495.6190004522]},"properties":{"OBJECTID_1":3628,"efficiency":0,"stop_code":13907,"Muni_Heb":"באר שבע","stop_name":"ת.מרכזית באר שבע/רציפים בינעירוני"}},
{"type":"Feature","geometry":{"type":"Point","coordinates":[180683.81590457144,572495.6190004522]},"properties":{"OBJECTID_1":3629,"efficiency":1,"stop_code":13907,"Muni_Heb":"באר שבע","stop_name":"ת.מרכזית באר שבע/רציפים בינעירוני"}},
{"type":"Feature","geometry":{"type":"Point","coordinates":[180683.81590457144,572495.6190004522]},"properties":{"OBJECTID_1":3630,"efficiency":1,"stop_code":13907,"Muni_Heb":"באר שבע","stop_name":"ת.מרכזית באר שבע/רציפים בינעירוני"}},
{"type":"Feature","geometry":{"type":"Point","coordinates":[180235.15881661544,571842.3330000124]},"properties":{"OBJECTID_1":3631,"efficiency":0,"stop_code":12763,"Muni_Heb":"באר שבע","stop_name":"שדרות נפתלי אימבר/קק''ל"}},
{"type":"Feature","geometry":{"type":"Point","coordinates":[176326.514718048,572381.4375290695]},"properties":{"OBJECTID_1":3632,"efficiency":0,"stop_code":12766,"Muni_Heb":"באר שבע","stop_name":"בית העלמין החדש"}},
{"type":"Feature","geometry":{"type":"Point","coordinates":[180683.81590457144,572495.6190004522]},"properties":{"OBJECTID_1":3633,"efficiency":0,"stop_code":13907,"Muni_Heb":"באר שבע","stop_name":"ת.מרכזית באר שבע/רציפים בינעירוני"}},
{"type":"Feature","geometry":{"type":"Point","coordinates":[180683.81590457144,572495.6190004522]},"properties":{"OBJECTID_1":3634,"efficiency":0,"stop_code":13907,"Muni_Heb":"באר שבע","stop_name":"ת.מרכזית באר שבע/רציפים בינעירוני"}},
{"type":"Feature","geometry":{"type":"Point","coordinates":[180683.81590457144,572495.6190004522]},"properties":{"OBJECTID_1":3635,"efficiency":0,"stop_code":13907,"Muni_Heb":"באר שבע","stop_name":"ת.מרכזית באר שבע/רציפים בינעירוני"}},
{"type":"Feature","geometry":{"type":"Point","coordinates":[180683.81590457144,572495.6190004522]},"properties":{"OBJECTID_1":3636,"efficiency":0,"stop_code":13907,"Muni_Heb":"באר שבע","stop_name":"ת.מרכזית באר שבע/רציפים בינעירוני"}},
{"type":"Feature","geometry":{"type":"Point","coordinates":[176263.2933625844,572390.013161662]},"properties":{"OBJECTID_1":3637,"efficiency":0,"stop_code":12767,"Muni_Heb":"באר שבע","stop_name":"בית העלמין החדש"}},
{"type":"Feature","geometry":{"type":"Point","coordinates":[180683.81590457144,572495.6190004522]},"properties":{"OBJECTID_1":3638,"efficiency":0,"stop_code":13907,"Muni_Heb":"באר שבע","stop_name":"ת.מרכזית באר שבע/רציפים בינעירוני"}},
{"type":"Feature","geometry":{"type":"Point","coordinates":[180683.81590457144,572495.6190004522]},"properties":{"OBJECTID_1":3639,"efficiency":0,"stop_code":13907,"Muni_Heb":"באר שבע","stop_name":"ת.מרכזית באר שבע/רציפים בינעירוני"}},
{"type":"Feature","geometry":{"type":"Point","coordinates":[180683.81590457144,572495.6190004522]},"properties":{"OBJECTID_1":3640,"efficiency":0,"stop_code":13907,"Muni_Heb":"באר שבע","stop_name":"ת.מרכזית באר שבע/רציפים בינעירוני"}},
{"type":"Feature","geometry":{"type":"Point","coordinates":[180683.81590457144,572495.6190004522]},"properties":{"OBJECTID_1":3641,"efficiency":0,"stop_code":13907,"Muni_Heb":"באר שבע","stop_name":"ת.מרכזית באר שבע/רציפים בינעירוני"}},
{"type":"Feature","geometry":{"type":"Point","coordinates":[180683.81590457144,572495.6190004522]},"properties":{"OBJECTID_1":3642,"efficiency":0,"stop_code":13907,"Muni_Heb":"באר שבע","stop_name":"ת.מרכזית באר שבע/רציפים בינעירוני"}},
{"type":"Feature","geometry":{"type":"Point","coordinates":[180683.81590457144,572495.6190004522]},"properties":{"OBJECTID_1":3643,"efficiency":0,"stop_code":13907,"Muni_Heb":"באר שבע","stop_name":"ת.מרכזית באר שבע/רציפים בינעירוני"}},
{"type":"Feature","geometry":{"type":"Point","coordinates":[180683.81590457144,572495.6190004522]},"properties":{"OBJECTID_1":3644,"efficiency":0,"stop_code":13907,"Muni_Heb":"באר שבע","stop_name":"ת.מרכזית באר שבע/רציפים בינעירוני"}},
{"type":"Feature","geometry":{"type":"Point","coordinates":[180683.81590457144,572495.6190004522]},"properties":{"OBJECTID_1":3645,"efficiency":0,"stop_code":13907,"Muni_Heb":"באר שבע","stop_name":"ת.מרכזית באר שבע/רציפים בינעירוני"}},
{"type":"Feature","geometry":{"type":"Point","coordinates":[180683.81590457144,572495.6190004522]},"properties":{"OBJECTID_1":3646,"efficiency":0,"stop_code":13907,"Muni_Heb":"באר שבע","stop_name":"ת.מרכזית באר שבע/רציפים בינעירוני"}},
{"type":"Feature","geometry":{"type":"Point","coordinates":[180683.81590457144,572495.6190004522]},"properties":{"OBJECTID_1":3647,"efficiency":0,"stop_code":13907,"Muni_Heb":"באר שבע","stop_name":"ת.מרכזית באר שבע/רציפים בינעירוני"}},
{"type":"Feature","geometry":{"type":"Point","coordinates":[180683.81590457144,572495.6190004522]},"properties":{"OBJECTID_1":3648,"efficiency":0,"stop_code":13907,"Muni_Heb":"באר שבע","stop_name":"ת.מרכזית באר שבע/רציפים בינעירוני"}},
{"type":"Feature","geometry":{"type":"Point","coordinates":[180683.81590457144,572495.6190004522]},"properties":{"OBJECTID_1":3649,"efficiency":0,"stop_code":13907,"Muni_Heb":"באר שבע","stop_name":"ת.מרכזית באר שבע/רציפים בינעירוני"}},
{"type":"Feature","geometry":{"type":"Point","coordinates":[180683.81590457144,572495.6190004522]},"properties":{"OBJECTID_1":3650,"efficiency":0,"stop_code":13907,"Muni_Heb":"באר שבע","stop_name":"ת.מרכזית באר שבע/רציפים בינעירוני"}},
{"type":"Feature","geometry":{"type":"Point","coordinates":[180683.81590457144,572495.6190004522]},"properties":{"OBJECTID_1":3651,"efficiency":0,"stop_code":13907,"Muni_Heb":"באר שבע","stop_name":"ת.מרכזית באר שבע/רציפים בינעירוני"}},
{"type":"Feature","geometry":{"type":"Point","coordinates":[180683.81590457144,572495.6190004522]},"properties":{"OBJECTID_1":3652,"efficiency":0,"stop_code":13907,"Muni_Heb":"באר שבע","stop_name":"ת.מרכזית באר שבע/רציפים בינעירוני"}},
{"type":"Feature","geometry":{"type":"Point","coordinates":[180683.81590457144,572495.6190004522]},"properties":{"OBJECTID_1":3653,"efficiency":0,"stop_code":13907,"Muni_Heb":"באר שבע","stop_name":"ת.מרכזית באר שבע/רציפים בינעירוני"}},
{"type":"Feature","geometry":{"type":"Point","coordinates":[178996.89960652715,572551.765424176]},"properties":{"OBJECTID_1":3654,"efficiency":0,"stop_code":12835,"Muni_Heb":"באר שבע","stop_name":"דרך יוסף ג'ו יוסף אלון/בית לחם"}},
{"type":"Feature","geometry":{"type":"Point","coordinates":[179084.5803953312,572561.6288267972]},"properties":{"OBJECTID_1":3655,"efficiency":0,"stop_code":12836,"Muni_Heb":"באר שבע","stop_name":"דרך ג'ו יוסף אלון/שדרות יוהנה ז'בוטינסקי"}},
{"type":"Feature","geometry":{"type":"Point","coordinates":[178974.0911212581,572491.8686173739]},"properties":{"OBJECTID_1":3656,"efficiency":0,"stop_code":12834,"Muni_Heb":"באר שבע","stop_name":"שדרות יוהנה ז'בוטינסקי/דרך יוסף ג'ו יוסף אלון"}},
{"type":"Feature","geometry":{"type":"Point","coordinates":[182258.85754529462,572506.775954873]},"properties":{"OBJECTID_1":3657,"efficiency":0,"stop_code":12916,"Muni_Heb":"באר שבע","stop_name":"מרכז ביג/המשק"}},
{"type":"Feature","geometry":{"type":"Point","coordinates":[178425.88044834143,574744.0373264481]},"properties":{"OBJECTID_1":3658,"efficiency":0,"stop_code":12914,"Muni_Heb":"באר שבע","stop_name":"בי''ס רעים/מבצע עובדה"}},
{"type":"Feature","geometry":{"type":"Point","coordinates":[182421.93008530358,570474.2711772938]},"properties":{"OBJECTID_1":3659,"efficiency":0,"stop_code":12762,"Muni_Heb":"באר שבע","stop_name":"הרתך/שורק"}},
{"type":"Feature","geometry":{"type":"Point","coordinates":[182675.09800456103,570502.3208799041]},"properties":{"OBJECTID_1":3660,"efficiency":0,"stop_code":12760,"Muni_Heb":"באר שבע","stop_name":"צאלים/קישון"}},
{"type":"Feature","geometry":{"type":"Point","coordinates":[177918.22329397732,571226.2214360792]},"properties":{"OBJECTID_1":3661,"efficiency":0,"stop_code":12915,"Muni_Heb":"באר שבע","stop_name":"הרב מישאל דהאן/ינשוף"}},
{"type":"Feature","geometry":{"type":"Point","coordinates":[182708.79997224722,570412.6147213515]},"properties":{"OBJECTID_1":3662,"efficiency":0,"stop_code":12759,"Muni_Heb":"באר שבע","stop_name":"קישון/צאלים"}},
{"type":"Feature","geometry":{"type":"Point","coordinates":[182610.81464455408,570457.0866311246]},"properties":{"OBJECTID_1":3663,"efficiency":0,"stop_code":12761,"Muni_Heb":"באר שבע","stop_name":"הרתך/צאלים"}},
{"type":"Feature","geometry":{"type":"Point","coordinates":[178286.17627406862,572343.7488015563]},"properties":{"OBJECTID_1":3664,"efficiency":0,"stop_code":12929,"Muni_Heb":"באר שבע","stop_name":"בית העלמין הישן/דרך ג'ו יוסף אלון"}},
{"type":"Feature","geometry":{"type":"Point","coordinates":[176320.96180508134,572421.1546622476]},"properties":{"OBJECTID_1":3665,"efficiency":0,"stop_code":13302,"Muni_Heb":"באר שבע","stop_name":"מסוף חצרים"}},
{"type":"Feature","geometry":{"type":"Point","coordinates":[210171.57854540847,728955.5129166861]},"properties":{"OBJECTID_1":3666,"efficiency":0,"stop_code":54223,"Muni_Heb":"יקנעם עילית","stop_name":"מרכז העיר/תיכון אורט"}},
{"type":"Feature","geometry":{"type":"Point","coordinates":[210534.4723419795,730422.9314377175]},"properties":{"OBJECTID_1":3667,"efficiency":0,"stop_code":55521,"Muni_Heb":"יקנעם עילית","stop_name":"צומת יקנעם המושבה"}},
{"type":"Feature","geometry":{"type":"Point","coordinates":[207309.5210531431,726661.1144007236]},"properties":{"OBJECTID_1":3668,"efficiency":0,"stop_code":59583,"Muni_Heb":"יקנעם עילית","stop_name":"צומת יקנעם מערב"}},
{"type":"Feature","geometry":{"type":"Point","coordinates":[208310.95612468972,727156.7646874449]},"properties":{"OBJECTID_1":3669,"efficiency":0,"stop_code":59585,"Muni_Heb":"יקנעם עילית","stop_name":"שד.רבין/הירדן"}},
{"type":"Feature","geometry":{"type":"Point","coordinates":[208729.08708504966,727425.1221440844]},"properties":{"OBJECTID_1":3670,"efficiency":0,"stop_code":59587,"Muni_Heb":"יקנעם עילית","stop_name":"בי''ס הדסים"}},
{"type":"Feature","geometry":{"type":"Point","coordinates":[208789.81731834114,727532.2958895264]},"properties":{"OBJECTID_1":3671,"efficiency":0,"stop_code":59588,"Muni_Heb":"יקנעם עילית","stop_name":"שד.רבין/הירדן"}},
{"type":"Feature","geometry":{"type":"Point","coordinates":[208916.0700530172,727140.1325254941]},"properties":{"OBJECTID_1":3672,"efficiency":0,"stop_code":59589,"Muni_Heb":"יקנעם עילית","stop_name":"בי''ס תדהר/יער אודם"}},
{"type":"Feature","geometry":{"type":"Point","coordinates":[208773.6141582607,727907.2632414985]},"properties":{"OBJECTID_1":3673,"efficiency":0,"stop_code":59591,"Muni_Heb":"יקנעם עילית","stop_name":"הצאלים/הערבה"}},
{"type":"Feature","geometry":{"type":"Point","coordinates":[208736.2288819905,728041.38070526]},"properties":{"OBJECTID_1":3674,"efficiency":0,"stop_code":59592,"Muni_Heb":"יקנעם עילית","stop_name":"הערבה/נופר"}},
{"type":"Feature","geometry":{"type":"Point","coordinates":[208956.43877713935,728308.9661126393]},"properties":{"OBJECTID_1":3675,"efficiency":0,"stop_code":59594,"Muni_Heb":"יקנעם עילית","stop_name":"הערבה/רותם"}},
{"type":"Feature","geometry":{"type":"Point","coordinates":[209159.04883978105,728264.1716955596]},"properties":{"OBJECTID_1":3676,"efficiency":0,"stop_code":59595,"Muni_Heb":"יקנעם עילית","stop_name":"היקינטון/הדס"}},
{"type":"Feature","geometry":{"type":"Point","coordinates":[209625.24518842628,728537.3965299644]},"properties":{"OBJECTID_1":3677,"efficiency":0,"stop_code":59596,"Muni_Heb":"יקנעם עילית","stop_name":"הדודאים/ההרדופים"}},
{"type":"Feature","geometry":{"type":"Point","coordinates":[210165.3696651255,728937.4421978884]},"properties":{"OBJECTID_1":3678,"efficiency":0,"stop_code":59597,"Muni_Heb":"יקנעם עילית","stop_name":"מרכז העיר/תיכון אורט"}},
{"type":"Feature","geometry":{"type":"Point","coordinates":[210120.9133465409,729844.7513292135]},"properties":{"OBJECTID_1":3679,"efficiency":0,"stop_code":59602,"Muni_Heb":"יקנעם עילית","stop_name":"כיכר תבור"}},
{"type":"Feature","geometry":{"type":"Point","coordinates":[210208.31072810784,730011.3509597741]},"properties":{"OBJECTID_1":3680,"efficiency":0,"stop_code":59603,"Muni_Heb":"יקנעם עילית","stop_name":"מפעל סולתם"}},
{"type":"Feature","geometry":{"type":"Point","coordinates":[210374.57639588398,730667.6105934978]},"properties":{"OBJECTID_1":3681,"efficiency":0,"stop_code":59604,"Muni_Heb":"יקנעם עילית","stop_name":"הקידמה/העוצמה"}},
{"type":"Feature","geometry":{"type":"Point","coordinates":[210487.3977020187,729405.472277935]},"properties":{"OBJECTID_1":3682,"efficiency":0,"stop_code":59610,"Muni_Heb":"יקנעם עילית","stop_name":"כיכר הגיבורים"}},
{"type":"Feature","geometry":{"type":"Point","coordinates":[210586.5021022555,729344.1663682122]},"properties":{"OBJECTID_1":3683,"efficiency":0,"stop_code":59611,"Muni_Heb":"יקנעם עילית","stop_name":"הציפורנים / הנוריות"}},
{"type":"Feature","geometry":{"type":"Point","coordinates":[210550.60650068062,729382.5697834424]},"properties":{"OBJECTID_1":3684,"efficiency":0,"stop_code":59612,"Muni_Heb":"יקנעם עילית","stop_name":"כיכר הגיבורים/הציפורנים"}},
{"type":"Feature","geometry":{"type":"Point","coordinates":[210234.0552107261,728849.545652574]},"properties":{"OBJECTID_1":3685,"efficiency":0,"stop_code":59677,"Muni_Heb":"יקנעם עילית","stop_name":"בית ספר אורט/רבין"}},
{"type":"Feature","geometry":{"type":"Point","coordinates":[210057.75920345858,728835.73839439]},"properties":{"OBJECTID_1":3686,"efficiency":0,"stop_code":59679,"Muni_Heb":"יקנעם עילית","stop_name":"מרכז מידע/האלונים"}},
{"type":"Feature","geometry":{"type":"Point","coordinates":[209738.95413733492,728536.0642855038]},"properties":{"OBJECTID_1":3687,"efficiency":0,"stop_code":59680,"Muni_Heb":"יקנעם עילית","stop_name":"האלונים/הסחלבים"}},
{"type":"Feature","geometry":{"type":"Point","coordinates":[209055.7937317317,728127.5410151558]},"properties":{"OBJECTID_1":3688,"efficiency":0,"stop_code":59682,"Muni_Heb":"יקנעם עילית","stop_name":"מרכז הטניס/האלונים"}},
{"type":"Feature","geometry":{"type":"Point","coordinates":[210345.8220059016,730408.3540175573]},"properties":{"OBJECTID_1":3689,"efficiency":0,"stop_code":59691,"Muni_Heb":"יקנעם עילית","stop_name":"כיכר מכבי האש"}},
{"type":"Feature","geometry":{"type":"Point","coordinates":[210261.3983695418,729499.9444187328]},"properties":{"OBJECTID_1":3690,"efficiency":0,"stop_code":59696,"Muni_Heb":"יקנעם עילית","stop_name":"מסוף קניון ג'י/רציפים"}},
{"type":"Feature","geometry":{"type":"Point","coordinates":[209618.21569635515,728544.5010662813]},"properties":{"OBJECTID_1":3691,"efficiency":0,"stop_code":59698,"Muni_Heb":"יקנעם עילית","stop_name":"הדודאים/ההרדופים"}},
{"type":"Feature","geometry":{"type":"Point","coordinates":[210595.69444184715,730283.8084605217]},"properties":{"OBJECTID_1":3692,"efficiency":0,"stop_code":51529,"Muni_Heb":"יקנעם עילית","stop_name":"דרך העמק / צומת יוקנעם"}},
{"type":"Feature","geometry":{"type":"Point","coordinates":[210454.0186424225,730866.1588455602]},"properties":{"OBJECTID_1":3693,"efficiency":0,"stop_code":51531,"Muni_Heb":"יקנעם עילית","stop_name":"צומת התשבי"}},
{"type":"Feature","geometry":{"type":"Point","coordinates":[210344.19530565912,729356.5858158167]},"properties":{"OBJECTID_1":3694,"efficiency":0,"stop_code":52255,"Muni_Heb":"יקנעם עילית","stop_name":"התמר/התאנה"}},
{"type":"Feature","geometry":{"type":"Point","coordinates":[210231.33910479062,729758.9224031743]},"properties":{"OBJECTID_1":3695,"efficiency":1,"stop_code":52256,"Muni_Heb":"יקנעם עילית","stop_name":"צומת יקנעם עילית"}},
{"type":"Feature","geometry":{"type":"Point","coordinates":[210133.39209793083,729648.3367691591]},"properties":{"OBJECTID_1":3696,"efficiency":0,"stop_code":52257,"Muni_Heb":"יקנעם עילית","stop_name":"צומת יקנעם עילית"}},
{"type":"Feature","geometry":{"type":"Point","coordinates":[210365.1843366567,729431.4234685004]},"properties":{"OBJECTID_1":3697,"efficiency":1,"stop_code":52258,"Muni_Heb":"יקנעם עילית","stop_name":"התמר / הפעמונית"}},
{"type":"Feature","geometry":{"type":"Point","coordinates":[210268.94863668358,729044.2521742709]},"properties":{"OBJECTID_1":3698,"efficiency":0,"stop_code":52259,"Muni_Heb":"יקנעם עילית","stop_name":"הגיבורים/השיטה"}},
{"type":"Feature","geometry":{"type":"Point","coordinates":[210473.17476514087,730992.6777981624]},"properties":{"OBJECTID_1":3699,"efficiency":0,"stop_code":52373,"Muni_Heb":"יקנעם עילית","stop_name":"צומת התשבי"}},
{"type":"Feature","geometry":{"type":"Point","coordinates":[210246.9465210671,729092.0702816102]},"properties":{"OBJECTID_1":3700,"efficiency":0,"stop_code":52626,"Muni_Heb":"יקנעם עילית","stop_name":"התמר / הגיבורים"}},
{"type":"Feature","geometry":{"type":"Point","coordinates":[210663.4672516831,729703.7440090545]},"properties":{"OBJECTID_1":3701,"efficiency":0,"stop_code":52628,"Muni_Heb":"יקנעם עילית","stop_name":"המרגנית/האלה"}},
{"type":"Feature","geometry":{"type":"Point","coordinates":[210489.25103735525,729586.90189157]},"properties":{"OBJECTID_1":3702,"efficiency":0,"stop_code":52629,"Muni_Heb":"יקנעם עילית","stop_name":"החרצית/האלה"}},
{"type":"Feature","geometry":{"type":"Point","coordinates":[209960.71282736925,728795.1311588665]},"properties":{"OBJECTID_1":3703,"efficiency":0,"stop_code":52631,"Muni_Heb":"יקנעם עילית","stop_name":"צאלים / השיקמה"}},
{"type":"Feature","geometry":{"type":"Point","coordinates":[210608.91388897854,729438.2997831664]},"properties":{"OBJECTID_1":3704,"efficiency":0,"stop_code":52632,"Muni_Heb":"יקנעם עילית","stop_name":"כיכר הגיבורים/היסמין"}},
{"type":"Feature","geometry":{"type":"Point","coordinates":[210935.30029883422,729129.6019378171]},"properties":{"OBJECTID_1":3705,"efficiency":0,"stop_code":52633,"Muni_Heb":"יקנעם עילית","stop_name":"היסמין/הכלניות"}},
{"type":"Feature","geometry":{"type":"Point","coordinates":[210825.39958075792,729401.7332506111]},"properties":{"OBJECTID_1":3706,"efficiency":0,"stop_code":52634,"Muni_Heb":"יקנעם עילית","stop_name":"היסמין/הנרקיסים"}},
{"type":"Feature","geometry":{"type":"Point","coordinates":[210766.10485400623,729502.1491416227]},"properties":{"OBJECTID_1":3707,"efficiency":0,"stop_code":52635,"Muni_Heb":"יקנעם עילית","stop_name":"בית ספר אורנים/לילך"}},
{"type":"Feature","geometry":{"type":"Point","coordinates":[210470.5670317318,730291.462641497]},"properties":{"OBJECTID_1":3708,"efficiency":0,"stop_code":52656,"Muni_Heb":"יקנעם עילית","stop_name":"צומת יקנעם/מושבה"}},
{"type":"Feature","geometry":{"type":"Point","coordinates":[210547.1932476368,729758.7433980254]},"properties":{"OBJECTID_1":3709,"efficiency":0,"stop_code":53016,"Muni_Heb":"יקנעם עילית","stop_name":"המרגנית/הסיגלית"}},
{"type":"Feature","geometry":{"type":"Point","coordinates":[209915.4415777799,728742.2757605223]},"properties":{"OBJECTID_1":3710,"efficiency":0,"stop_code":53128,"Muni_Heb":"יקנעם עילית","stop_name":"צאלים/דודאים"}},
{"type":"Feature","geometry":{"type":"Point","coordinates":[209804.21673328243,728883.2257893943]},"properties":{"OBJECTID_1":3711,"efficiency":0,"stop_code":53236,"Muni_Heb":"יקנעם עילית","stop_name":"האורנים/הברושים"}},
{"type":"Feature","geometry":{"type":"Point","coordinates":[209478.16517750456,728567.486582988]},"properties":{"OBJECTID_1":3712,"efficiency":0,"stop_code":53237,"Muni_Heb":"יקנעם עילית","stop_name":"צאלים/הערבה"}},
{"type":"Feature","geometry":{"type":"Point","coordinates":[209177.60378278763,728423.6253796567]},"properties":{"OBJECTID_1":3713,"efficiency":0,"stop_code":53283,"Muni_Heb":"יקנעם עילית","stop_name":"הערבה/הארזים"}},
{"type":"Feature","geometry":{"type":"Point","coordinates":[209085.781373972,728361.6176653736]},"properties":{"OBJECTID_1":3714,"efficiency":0,"stop_code":53284,"Muni_Heb":"יקנעם עילית","stop_name":"הערבה/רותם"}},
{"type":"Feature","geometry":{"type":"Point","coordinates":[208798.40304639572,728011.8143937519]},"properties":{"OBJECTID_1":3715,"efficiency":0,"stop_code":53285,"Muni_Heb":"יקנעם עילית","stop_name":"הצאלים/הערבה"}},
{"type":"Feature","geometry":{"type":"Point","coordinates":[208950.22525727923,728200.6241458845]},"properties":{"OBJECTID_1":3716,"efficiency":0,"stop_code":53286,"Muni_Heb":"יקנעם עילית","stop_name":"הצאלים/דקל"}},
{"type":"Feature","geometry":{"type":"Point","coordinates":[209288.98200670705,728435.487403698]},"properties":{"OBJECTID_1":3717,"efficiency":0,"stop_code":53287,"Muni_Heb":"יקנעם עילית","stop_name":"הצאלים/היקינטון"}},
{"type":"Feature","geometry":{"type":"Point","coordinates":[210703.99042230324,729595.1376262931]},"properties":{"OBJECTID_1":3718,"efficiency":0,"stop_code":53330,"Muni_Heb":"יקנעם עילית","stop_name":"המרגנית/לילך"}},
{"type":"Feature","geometry":{"type":"Point","coordinates":[210792.22164189265,729223.7689412235]},"properties":{"OBJECTID_1":3719,"efficiency":0,"stop_code":53331,"Muni_Heb":"יקנעם עילית","stop_name":"היסמין/הורדים"}},
{"type":"Feature","geometry":{"type":"Point","coordinates":[209242.20659522366,728384.7437967442]},"properties":{"OBJECTID_1":3720,"efficiency":0,"stop_code":53332,"Muni_Heb":"יקנעם עילית","stop_name":"הצאלים/היקינטון"}},
{"type":"Feature","geometry":{"type":"Point","coordinates":[209115.11140537795,728147.3298086139]},"properties":{"OBJECTID_1":3721,"efficiency":0,"stop_code":53333,"Muni_Heb":"יקנעם עילית","stop_name":"מרכז הטניס/האלונים"}},
{"type":"Feature","geometry":{"type":"Point","coordinates":[209338.45248298807,728278.0707595748]},"properties":{"OBJECTID_1":3722,"efficiency":0,"stop_code":53334,"Muni_Heb":"יקנעם עילית","stop_name":"בית ספר ארזים/האלונים"}},
{"type":"Feature","geometry":{"type":"Point","coordinates":[209614.40713924918,728488.5007391771]},"properties":{"OBJECTID_1":3723,"efficiency":0,"stop_code":53335,"Muni_Heb":"יקנעם עילית","stop_name":"האלונים/הדודאים"}},
{"type":"Feature","geometry":{"type":"Point","coordinates":[209838.95833037538,728624.0204139818]},"properties":{"OBJECTID_1":3724,"efficiency":0,"stop_code":53336,"Muni_Heb":"יקנעם עילית","stop_name":"הדודאים/הצאלים"}},
{"type":"Feature","geometry":{"type":"Point","coordinates":[209646.3519964853,728723.7971424666]},"properties":{"OBJECTID_1":3725,"efficiency":0,"stop_code":53337,"Muni_Heb":"יקנעם עילית","stop_name":"האורנים/הצאלים"}},
{"type":"Feature","geometry":{"type":"Point","coordinates":[209357.86269045481,728542.8781839856]},"properties":{"OBJECTID_1":3726,"efficiency":0,"stop_code":53338,"Muni_Heb":"יקנעם עילית","stop_name":"הערבה/הארזים"}},
{"type":"Feature","geometry":{"type":"Point","coordinates":[209606.88215922195,728657.5186379167]},"properties":{"OBJECTID_1":3727,"efficiency":0,"stop_code":53430,"Muni_Heb":"יקנעם עילית","stop_name":"הצאלים/האורנים"}},
{"type":"Feature","geometry":{"type":"Point","coordinates":[208849.32413281963,727724.86361041]},"properties":{"OBJECTID_1":3728,"efficiency":0,"stop_code":53431,"Muni_Heb":"יקנעם עילית","stop_name":"צאלים/רבין"}},
{"type":"Feature","geometry":{"type":"Point","coordinates":[208828.35709993946,727771.7964774704]},"properties":{"OBJECTID_1":3729,"efficiency":0,"stop_code":53432,"Muni_Heb":"יקנעם עילית","stop_name":"הצאלים/שדרות יצחק רבין"}},
{"type":"Feature","geometry":{"type":"Point","coordinates":[208671.61996904868,727472.0948470515]},"properties":{"OBJECTID_1":3730,"efficiency":0,"stop_code":53434,"Muni_Heb":"יקנעם עילית","stop_name":"שדרות יצחק רבין / ירדן"}},
{"type":"Feature","geometry":{"type":"Point","coordinates":[208939.2640187372,727597.7882072073]},"properties":{"OBJECTID_1":3731,"efficiency":0,"stop_code":53436,"Muni_Heb":"יקנעם עילית","stop_name":"מרכז ביג/יער אודם"}},
{"type":"Feature","geometry":{"type":"Point","coordinates":[208998.82219689054,727753.2056124201]},"properties":{"OBJECTID_1":3732,"efficiency":0,"stop_code":53437,"Muni_Heb":"יקנעם עילית","stop_name":"מרכז מסחרי/שדרות יצחק רבין"}},
{"type":"Feature","geometry":{"type":"Point","coordinates":[208237.43831776036,727281.6091424957]},"properties":{"OBJECTID_1":3733,"efficiency":0,"stop_code":53438,"Muni_Heb":"יקנעם עילית","stop_name":"ירדן / חצבני"}},
{"type":"Feature","geometry":{"type":"Point","coordinates":[208214.0488539894,727424.6954302443]},"properties":{"OBJECTID_1":3734,"efficiency":0,"stop_code":53439,"Muni_Heb":"יקנעם עילית","stop_name":"ירדן/בניאס"}},
{"type":"Feature","geometry":{"type":"Point","coordinates":[208416.81511880975,727590.9267918441]},"properties":{"OBJECTID_1":3735,"efficiency":0,"stop_code":53440,"Muni_Heb":"יקנעם עילית","stop_name":"ירדן/דליות"}},
{"type":"Feature","geometry":{"type":"Point","coordinates":[208478.74933476033,727766.3003656584]},"properties":{"OBJECTID_1":3736,"efficiency":0,"stop_code":53441,"Muni_Heb":"יקנעם עילית","stop_name":"ירדן/שיאון"}},
{"type":"Feature","geometry":{"type":"Point","coordinates":[208586.90475548818,727826.399235548]},"properties":{"OBJECTID_1":3737,"efficiency":0,"stop_code":53442,"Muni_Heb":"יקנעם עילית","stop_name":"ירדן/שיאון"}},
{"type":"Feature","geometry":{"type":"Point","coordinates":[208708.55744860595,727702.1702486699]},"properties":{"OBJECTID_1":3738,"efficiency":0,"stop_code":53443,"Muni_Heb":"יקנעם עילית","stop_name":"ירדן/המיצר"}},
{"type":"Feature","geometry":{"type":"Point","coordinates":[208957.311218269,727981.7017114868]},"properties":{"OBJECTID_1":3739,"efficiency":0,"stop_code":53444,"Muni_Heb":"יקנעם עילית","stop_name":"ספריה עירונית/קאנטרי"}},
{"type":"Feature","geometry":{"type":"Point","coordinates":[208978.51002356972,727887.6368516812]},"properties":{"OBJECTID_1":3740,"efficiency":0,"stop_code":53445,"Muni_Heb":"יקנעם עילית","stop_name":"ספריה עירונית/קאנטרי"}},
{"type":"Feature","geometry":{"type":"Point","coordinates":[210032.33542820072,728738.171311518]},"properties":{"OBJECTID_1":3741,"efficiency":0,"stop_code":53446,"Muni_Heb":"יקנעם עילית","stop_name":"היכל התרבות/האלונים"}},
{"type":"Feature","geometry":{"type":"Point","coordinates":[209865.54082703433,728559.7840099661]},"properties":{"OBJECTID_1":3742,"efficiency":0,"stop_code":53447,"Muni_Heb":"יקנעם עילית","stop_name":"האלונים/הסחלבים"}},
{"type":"Feature","geometry":{"type":"Point","coordinates":[209678.76171406676,728671.6423942816]},"properties":{"OBJECTID_1":3743,"efficiency":0,"stop_code":53448,"Muni_Heb":"יקנעם עילית","stop_name":"הצאלים/האורנים"}},
{"type":"Feature","geometry":{"type":"Point","coordinates":[209546.04607811954,728429.1270696605]},"properties":{"OBJECTID_1":3744,"efficiency":0,"stop_code":53449,"Muni_Heb":"יקנעם עילית","stop_name":"האלונים/הדודאים"}},
{"type":"Feature","geometry":{"type":"Point","coordinates":[209397.91403315632,728348.541954323]},"properties":{"OBJECTID_1":3745,"efficiency":0,"stop_code":53450,"Muni_Heb":"יקנעם עילית","stop_name":"בית ספר ארזים/האלונים"}},
{"type":"Feature","geometry":{"type":"Point","coordinates":[209967.88340520905,728641.7506063024]},"properties":{"OBJECTID_1":3746,"efficiency":0,"stop_code":53451,"Muni_Heb":"יקנעם עילית","stop_name":"היכל התרבות/האלונים"}},
{"type":"Feature","geometry":{"type":"Point","coordinates":[210238.34766356152,729629.3854349499]},"properties":{"OBJECTID_1":3747,"efficiency":0,"stop_code":53454,"Muni_Heb":"יקנעם עילית","stop_name":"צומת יקנעם עילית/התמר"}},
{"type":"Feature","geometry":{"type":"Point","coordinates":[209212.6578400646,728389.6538607534]},"properties":{"OBJECTID_1":3748,"efficiency":0,"stop_code":53455,"Muni_Heb":"יקנעם עילית","stop_name":"הצאלים/היקינטון"}},
{"type":"Feature","geometry":{"type":"Point","coordinates":[208939.25378935254,728206.1807570993]},"properties":{"OBJECTID_1":3749,"efficiency":0,"stop_code":53456,"Muni_Heb":"יקנעם עילית","stop_name":"הצאלים/דקל"}},
{"type":"Feature","geometry":{"type":"Point","coordinates":[208733.564989574,727054.6035992472]},"properties":{"OBJECTID_1":3750,"efficiency":0,"stop_code":53500,"Muni_Heb":"יקנעם עילית","stop_name":"מרכז מסחרי/יער אודם"}},
{"type":"Feature","geometry":{"type":"Point","coordinates":[208511.98752303288,727023.3507755329]},"properties":{"OBJECTID_1":3751,"efficiency":0,"stop_code":53501,"Muni_Heb":"יקנעם עילית","stop_name":"יער אודם/מירון"}},
{"type":"Feature","geometry":{"type":"Point","coordinates":[208306.3498975188,727065.9435355817]},"properties":{"OBJECTID_1":3752,"efficiency":0,"stop_code":53502,"Muni_Heb":"יקנעם עילית","stop_name":"שד.יצחק רבין / יער אודם"}},
{"type":"Feature","geometry":{"type":"Point","coordinates":[208912.2750026363,727100.989256287]},"properties":{"OBJECTID_1":3753,"efficiency":0,"stop_code":53542,"Muni_Heb":"יקנעם עילית","stop_name":"חרמון/יער אודם"}},
{"type":"Feature","geometry":{"type":"Point","coordinates":[208959.85778542832,726932.4831274861]},"properties":{"OBJECTID_1":3754,"efficiency":0,"stop_code":53543,"Muni_Heb":"יקנעם עילית","stop_name":"חרמון/נחל שורק"}},
{"type":"Feature","geometry":{"type":"Point","coordinates":[208942.23169487476,726858.1995317105]},"properties":{"OBJECTID_1":3755,"efficiency":0,"stop_code":53544,"Muni_Heb":"יקנעם עילית","stop_name":"חרמון/נחל שורק"}},
{"type":"Feature","geometry":{"type":"Point","coordinates":[208730.2550211921,726944.1518108074]},"properties":{"OBJECTID_1":3756,"efficiency":0,"stop_code":53545,"Muni_Heb":"יקנעם עילית","stop_name":"גן ילדים יקינטון/חרמון"}},
{"type":"Feature","geometry":{"type":"Point","coordinates":[209624.4734827125,727855.478482042]},"properties":{"OBJECTID_1":3757,"efficiency":0,"stop_code":53613,"Muni_Heb":"יקנעם עילית","stop_name":"עמק השלום/התבור"}},
{"type":"Feature","geometry":{"type":"Point","coordinates":[208722.93445555973,728240.9026670569]},"properties":{"OBJECTID_1":3758,"efficiency":0,"stop_code":53646,"Muni_Heb":"יקנעם עילית","stop_name":"הערבה / אשל"}},
{"type":"Feature","geometry":{"type":"Point","coordinates":[209854.58572131334,728775.4936060387]},"properties":{"OBJECTID_1":3759,"efficiency":0,"stop_code":53716,"Muni_Heb":"יקנעם עילית","stop_name":"האורנים/הרקפת"}},
{"type":"Feature","geometry":{"type":"Point","coordinates":[209548.25311611843,728009.8152045178]},"properties":{"OBJECTID_1":3760,"efficiency":0,"stop_code":57905,"Muni_Heb":"יקנעם עילית","stop_name":"התבור/הבשן"}},
{"type":"Feature","geometry":{"type":"Point","coordinates":[209304.36957762684,727887.7407645443]},"properties":{"OBJECTID_1":3761,"efficiency":0,"stop_code":57906,"Muni_Heb":"יקנעם עילית","stop_name":"התבור/סיני"}},
{"type":"Feature","geometry":{"type":"Point","coordinates":[209428.95163127864,727683.3375683904]},"properties":{"OBJECTID_1":3762,"efficiency":0,"stop_code":57907,"Muni_Heb":"יקנעם עילית","stop_name":"עמק השלום/הגלעד"}},
{"type":"Feature","geometry":{"type":"Point","coordinates":[208781.0824601641,727089.1527363631]},"properties":{"OBJECTID_1":3763,"efficiency":0,"stop_code":44086,"Muni_Heb":"יקנעם עילית","stop_name":"תחנת מוניות יוקנעם עילית יער אודם"}},
{"type":"Feature","geometry":{"type":"Point","coordinates":[208773.30155875016,727095.925978975]},"properties":{"OBJECTID_1":3764,"efficiency":0,"stop_code":44085,"Muni_Heb":"יקנעם עילית","stop_name":"תחנת מוניות יקנעם עילית יער אודם"}},
{"type":"Feature","geometry":{"type":"Point","coordinates":[207879.62469430128,727013.9779122751]},"properties":{"OBJECTID_1":3765,"efficiency":0,"stop_code":51243,"Muni_Heb":"יקנעם עילית","stop_name":"קריית החינוך"}},
{"type":"Feature","geometry":{"type":"Point","coordinates":[207949.96232424333,726900.1135634931]},"properties":{"OBJECTID_1":3766,"efficiency":0,"stop_code":54926,"Muni_Heb":"יקנעם עילית","stop_name":"קרית חינוך/הגיא"}},
{"type":"Feature","geometry":{"type":"Point","coordinates":[207651.4928191824,726761.3973779487]},"properties":{"OBJECTID_1":3767,"efficiency":0,"stop_code":54925,"Muni_Heb":"יקנעם עילית","stop_name":"הגיא/שדרות יצחק רבין"}},
{"type":"Feature","geometry":{"type":"Point","coordinates":[207670.34832923536,726756.4953799766]},"properties":{"OBJECTID_1":3768,"efficiency":0,"stop_code":54924,"Muni_Heb":"יקנעם עילית","stop_name":"הגיא/שדרות יצחק רבין"}},
{"type":"Feature","geometry":{"type":"Point","coordinates":[207754.4376035066,727004.2549816346]},"properties":{"OBJECTID_1":3769,"efficiency":0,"stop_code":54923,"Muni_Heb":"יקנעם עילית","stop_name":"המפל"}},
{"type":"Feature","geometry":{"type":"Point","coordinates":[207777.4098494378,727069.2147169618]},"properties":{"OBJECTID_1":3770,"efficiency":0,"stop_code":54922,"Muni_Heb":"יקנעם עילית","stop_name":"המפל"}},
{"type":"Feature","geometry":{"type":"Point","coordinates":[208031.54479153873,727422.1318476319]},"properties":{"OBJECTID_1":3771,"efficiency":0,"stop_code":54917,"Muni_Heb":"יקנעם עילית","stop_name":"הגיא/החורש"}},
{"type":"Feature","geometry":{"type":"Point","coordinates":[207919.64444611353,727134.1457923199]},"properties":{"OBJECTID_1":3772,"efficiency":0,"stop_code":54921,"Muni_Heb":"יקנעם עילית","stop_name":"הגיא/האקליפטוס"}},
{"type":"Feature","geometry":{"type":"Point","coordinates":[207980.9117786535,727209.9295835885]},"properties":{"OBJECTID_1":3773,"efficiency":0,"stop_code":54920,"Muni_Heb":"יקנעם עילית","stop_name":"הגיא/הפטל"}},
{"type":"Feature","geometry":{"type":"Point","coordinates":[207822.70086188073,727282.5312193326]},"properties":{"OBJECTID_1":3774,"efficiency":0,"stop_code":54919,"Muni_Heb":"יקנעם עילית","stop_name":"הגיא/המפל"}},
{"type":"Feature","geometry":{"type":"Point","coordinates":[207970.30081818404,727445.9350709022]},"properties":{"OBJECTID_1":3775,"efficiency":0,"stop_code":54918,"Muni_Heb":"יקנעם עילית","stop_name":"הגיא/החורש"}},
{"type":"Feature","geometry":{"type":"Point","coordinates":[209534.7701672757,729253.4524674353]},"properties":{"OBJECTID_1":3776,"efficiency":0,"stop_code":54958,"Muni_Heb":"יקנעם עילית","stop_name":"הכרמל/העתיד"}},
{"type":"Feature","geometry":{"type":"Point","coordinates":[208683.89333720502,727713.841505684]},"properties":{"OBJECTID_1":3777,"efficiency":0,"stop_code":56170,"Muni_Heb":"יקנעם עילית","stop_name":"ירדן/המיצר"}},
{"type":"Feature","geometry":{"type":"Point","coordinates":[208597.47932780356,727886.4949186202]},"properties":{"OBJECTID_1":3778,"efficiency":0,"stop_code":56169,"Muni_Heb":"יקנעם עילית","stop_name":"ירדן/שיאון"}},
{"type":"Feature","geometry":{"type":"Point","coordinates":[209264.74233814707,727765.127048536]},"properties":{"OBJECTID_1":3779,"efficiency":0,"stop_code":56168,"Muni_Heb":"יקנעם עילית","stop_name":"התבור/עמק השלום"}},
{"type":"Feature","geometry":{"type":"Point","coordinates":[209351.34736152602,727675.320868333]},"properties":{"OBJECTID_1":3780,"efficiency":0,"stop_code":56167,"Muni_Heb":"יקנעם עילית","stop_name":"עמק השלום/הצופים"}},
{"type":"Feature","geometry":{"type":"Point","coordinates":[208902.9161348966,727123.9553597847]},"properties":{"OBJECTID_1":3781,"efficiency":0,"stop_code":56173,"Muni_Heb":"יקנעם עילית","stop_name":"בי''ס תדהר/יער אודם"}},
{"type":"Feature","geometry":{"type":"Point","coordinates":[208440.6878803374,727626.9424638165]},"properties":{"OBJECTID_1":3782,"efficiency":0,"stop_code":56171,"Muni_Heb":"יקנעם עילית","stop_name":"ירדן/דליות"}},
{"type":"Feature","geometry":{"type":"Point","coordinates":[209566.72438019165,727809.8456053904]},"properties":{"OBJECTID_1":3783,"efficiency":0,"stop_code":56166,"Muni_Heb":"יקנעם עילית","stop_name":"עמק השלום/הגלבוע"}},
{"type":"Feature","geometry":{"type":"Point","coordinates":[207759.6679872982,727222.0545214901]},"properties":{"OBJECTID_1":3784,"efficiency":0,"stop_code":56178,"Muni_Heb":"יקנעם עילית","stop_name":"המפל/הגיא"}},
{"type":"Feature","geometry":{"type":"Point","coordinates":[207911.13905075728,727162.8785242508]},"properties":{"OBJECTID_1":3785,"efficiency":0,"stop_code":56177,"Muni_Heb":"יקנעם עילית","stop_name":"הגיא/הפטל"}},
{"type":"Feature","geometry":{"type":"Point","coordinates":[208223.53618125152,727268.4278996829]},"properties":{"OBJECTID_1":3786,"efficiency":0,"stop_code":56176,"Muni_Heb":"יקנעם עילית","stop_name":"ירדן/ארבל"}},
{"type":"Feature","geometry":{"type":"Point","coordinates":[208404.06975504846,727016.262193942]},"properties":{"OBJECTID_1":3787,"efficiency":0,"stop_code":56175,"Muni_Heb":"יקנעם עילית","stop_name":"יער אודם/אביטל"}},
{"type":"Feature","geometry":{"type":"Point","coordinates":[208737.58874916463,727044.2856500756]},"properties":{"OBJECTID_1":3788,"efficiency":0,"stop_code":56174,"Muni_Heb":"יקנעם עילית","stop_name":"מרכז מסחרי/יער אודם"}},
{"type":"Feature","geometry":{"type":"Point","coordinates":[208752.13795945406,727569.4877695093]},"properties":{"OBJECTID_1":3789,"efficiency":0,"stop_code":56172,"Muni_Heb":"יקנעם עילית","stop_name":"ירדן/שדרות יצחק רבין"}},
{"type":"Feature","geometry":{"type":"Point","coordinates":[209491.0027301803,727993.0160570759]},"properties":{"OBJECTID_1":3790,"efficiency":0,"stop_code":56165,"Muni_Heb":"יקנעם עילית","stop_name":"התבור/יודפת"}},
{"type":"Feature","geometry":{"type":"Point","coordinates":[209278.96576373297,728183.8675314826]},"properties":{"OBJECTID_1":3791,"efficiency":0,"stop_code":56186,"Muni_Heb":"יקנעם עילית","stop_name":"בית ספר  ארזים"}},
{"type":"Feature","geometry":{"type":"Point","coordinates":[210261.3983695418,729499.9444187328]},"properties":{"OBJECTID_1":3792,"efficiency":0,"stop_code":59696,"Muni_Heb":"יקנעם עילית","stop_name":"מסוף קניון ג'י/רציפים"}},
{"type":"Feature","geometry":{"type":"Point","coordinates":[210261.3983695418,729499.9444187328]},"properties":{"OBJECTID_1":3793,"efficiency":0,"stop_code":59696,"Muni_Heb":"יקנעם עילית","stop_name":"מסוף קניון ג'י/רציפים"}},
{"type":"Feature","geometry":{"type":"Point","coordinates":[210261.3983695418,729499.9444187328]},"properties":{"OBJECTID_1":3794,"efficiency":0,"stop_code":59696,"Muni_Heb":"יקנעם עילית","stop_name":"מסוף קניון ג'י/רציפים"}},
{"type":"Feature","geometry":{"type":"Point","coordinates":[210128.7797796272,729432.9745826224]},"properties":{"OBJECTID_1":3795,"efficiency":0,"stop_code":56256,"Muni_Heb":"יקנעם עילית","stop_name":"מסוף קניון ג'י/הורדה"}},
{"type":"Feature","geometry":{"type":"Point","coordinates":[210128.7797796272,729432.9745826224]},"properties":{"OBJECTID_1":3796,"efficiency":0,"stop_code":56256,"Muni_Heb":"יקנעם עילית","stop_name":"מסוף קניון ג'י/הורדה"}},
{"type":"Feature","geometry":{"type":"Point","coordinates":[209776.76011068432,729203.1970059895]},"properties":{"OBJECTID_1":3797,"efficiency":0,"stop_code":56343,"Muni_Heb":"יקנעם עילית","stop_name":"צומת אוסם לדרום"}},
{"type":"Feature","geometry":{"type":"Point","coordinates":[209889.3203940644,729282.9349510036]},"properties":{"OBJECTID_1":3798,"efficiency":0,"stop_code":56342,"Muni_Heb":"יקנעם עילית","stop_name":"צומת אוסם לצפון"}},
{"type":"Feature","geometry":{"type":"Point","coordinates":[207433.77141680417,726977.5795546576]},"properties":{"OBJECTID_1":3799,"efficiency":0,"stop_code":54739,"Muni_Heb":"יקנעם עילית","stop_name":"הגיא"}},
{"type":"Feature","geometry":{"type":"Point","coordinates":[207503.81190025192,727010.320931239]},"properties":{"OBJECTID_1":3800,"efficiency":0,"stop_code":54743,"Muni_Heb":"יקנעם עילית","stop_name":"הגיא"}},
{"type":"Feature","geometry":{"type":"Point","coordinates":[207605.27496160317,727033.3769606791]},"properties":{"OBJECTID_1":3801,"efficiency":0,"stop_code":54867,"Muni_Heb":"יקנעם עילית","stop_name":"הגיא/המעיין"}},
{"type":"Feature","geometry":{"type":"Point","coordinates":[210128.7797796272,729432.9745826224]},"properties":{"OBJECTID_1":3802,"efficiency":0,"stop_code":56256,"Muni_Heb":"יקנעם עילית","stop_name":"מסוף קניון ג'י/הורדה"}},
{"type":"Feature","geometry":{"type":"Point","coordinates":[210261.3983695418,729499.9444187328]},"properties":{"OBJECTID_1":3803,"efficiency":0,"stop_code":59696,"Muni_Heb":"יקנעם עילית","stop_name":"מסוף קניון ג'י/רציפים"}},
{"type":"Feature","geometry":{"type":"Point","coordinates":[210261.3983695418,729499.9444187328]},"properties":{"OBJECTID_1":3804,"efficiency":1,"stop_code":59696,"Muni_Heb":"יקנעם עילית","stop_name":"מסוף קניון ג'י/רציפים"}},
{"type":"Feature","geometry":{"type":"Point","coordinates":[209786.71151265354,727963.2233541646]},"properties":{"OBJECTID_1":3805,"efficiency":0,"stop_code":56601,"Muni_Heb":"יקנעם עילית","stop_name":"עמק השלום/נחל הבשור"}},
{"type":"Feature","geometry":{"type":"Point","coordinates":[209795.76039723918,728005.7997914186]},"properties":{"OBJECTID_1":3806,"efficiency":0,"stop_code":56600,"Muni_Heb":"יקנעם עילית","stop_name":"עמק השלום/נחל הבשור"}},
{"type":"Feature","geometry":{"type":"Point","coordinates":[207688.39173078837,758860.4782928034]},"properties":{"OBJECTID_1":3807,"efficiency":0,"stop_code":54193,"Muni_Heb":"עכו","stop_name":"דוד פנקס/דרך הארבעה"}},
{"type":"Feature","geometry":{"type":"Point","coordinates":[207147.28522820814,758701.1083134458]},"properties":{"OBJECTID_1":3808,"efficiency":1,"stop_code":54194,"Muni_Heb":"עכו","stop_name":"העיר העתיקה"}},
{"type":"Feature","geometry":{"type":"Point","coordinates":[207527.69050369546,759927.6820812069]},"properties":{"OBJECTID_1":3809,"efficiency":0,"stop_code":57407,"Muni_Heb":"עכו","stop_name":"הרב הרצוג/נתיב חטיבת גולני"}},
{"type":"Feature","geometry":{"type":"Point","coordinates":[208089.5689496284,759917.2543010517]},"properties":{"OBJECTID_1":3810,"efficiency":1,"stop_code":57410,"Muni_Heb":"עכו","stop_name":"מסעף מוסד אחווה"}},
{"type":"Feature","geometry":{"type":"Point","coordinates":[208283.02668292233,760617.0597155206]},"properties":{"OBJECTID_1":3811,"efficiency":0,"stop_code":57454,"Muni_Heb":"עכו","stop_name":"מעלה כרמים/כביש 8510"}},
{"type":"Feature","geometry":{"type":"Point","coordinates":[208441.51352152263,760096.4060293016]},"properties":{"OBJECTID_1":3812,"efficiency":1,"stop_code":58359,"Muni_Heb":"עכו","stop_name":"המכללה האקדמית גליל מערבי/דרך המכללה"}},
{"type":"Feature","geometry":{"type":"Point","coordinates":[209393.57908691827,758924.5657330486]},"properties":{"OBJECTID_1":3813,"efficiency":0,"stop_code":58436,"Muni_Heb":"עכו","stop_name":"גני ילדים/גרשון"}},
{"type":"Feature","geometry":{"type":"Point","coordinates":[208998.40784822678,758492.6758942327]},"properties":{"OBJECTID_1":3814,"efficiency":1,"stop_code":58492,"Muni_Heb":"עכו","stop_name":"שלום הגליל/בן עמי"}},
{"type":"Feature","geometry":{"type":"Point","coordinates":[207236.35165765707,759167.7924718228]},"properties":{"OBJECTID_1":3815,"efficiency":1,"stop_code":58493,"Muni_Heb":"עכו","stop_name":"וייצמן/בן עמי"}},
{"type":"Feature","geometry":{"type":"Point","coordinates":[207572.51003679205,758943.1307948539]},"properties":{"OBJECTID_1":3816,"efficiency":0,"stop_code":58519,"Muni_Heb":"עכו","stop_name":"דוד פנקס/יהושפט"}},
{"type":"Feature","geometry":{"type":"Point","coordinates":[208990.34097029548,759259.0316458375]},"properties":{"OBJECTID_1":3817,"efficiency":0,"stop_code":59416,"Muni_Heb":"עכו","stop_name":"העלייה/יהודה אלקלעי"}},
{"type":"Feature","geometry":{"type":"Point","coordinates":[208750.2386664972,759334.7060824196]},"properties":{"OBJECTID_1":3818,"efficiency":1,"stop_code":59417,"Muni_Heb":"עכו","stop_name":"יהודה בורלא/קדושי קהיר"}},
{"type":"Feature","geometry":{"type":"Point","coordinates":[208772.22965736038,759516.7866968537]},"properties":{"OBJECTID_1":3819,"efficiency":1,"stop_code":59418,"Muni_Heb":"עכו","stop_name":"יהודה בורלא/קדושי קהיר"}},
{"type":"Feature","geometry":{"type":"Point","coordinates":[208041.2882003027,759255.9884862534]},"properties":{"OBJECTID_1":3820,"efficiency":0,"stop_code":59419,"Muni_Heb":"עכו","stop_name":"ת. רכבת עכו/הרצל"}},
{"type":"Feature","geometry":{"type":"Point","coordinates":[208043.50904193093,759235.4686887233]},"properties":{"OBJECTID_1":3821,"efficiency":1,"stop_code":59420,"Muni_Heb":"עכו","stop_name":"ת. רכבת עכו/הרצל"}},
{"type":"Feature","geometry":{"type":"Point","coordinates":[208844.78333291374,759236.009428641]},"properties":{"OBJECTID_1":3822,"efficiency":0,"stop_code":59421,"Muni_Heb":"עכו","stop_name":"בית ספר יעקב/העלייה"}},
{"type":"Feature","geometry":{"type":"Point","coordinates":[209021.21018325115,758999.8158200006]},"properties":{"OBJECTID_1":3823,"efficiency":0,"stop_code":59422,"Muni_Heb":"עכו","stop_name":"אברהם בן שושן/פינסקר"}},
{"type":"Feature","geometry":{"type":"Point","coordinates":[209065.2222133439,758519.7762372195]},"properties":{"OBJECTID_1":3824,"efficiency":0,"stop_code":59423,"Muni_Heb":"עכו","stop_name":"צומת עכו מזרח"}},
{"type":"Feature","geometry":{"type":"Point","coordinates":[207563.88534947642,758926.9492496066]},"properties":{"OBJECTID_1":3825,"efficiency":1,"stop_code":59442,"Muni_Heb":"עכו","stop_name":"דוד פנקס/יהושפט"}},
{"type":"Feature","geometry":{"type":"Point","coordinates":[207576.43248777496,759092.5138993866]},"properties":{"OBJECTID_1":3826,"efficiency":0,"stop_code":59443,"Muni_Heb":"עכו","stop_name":"יהושפט/מרדכי אנילביץ'"}},
{"type":"Feature","geometry":{"type":"Point","coordinates":[207731.4894652216,758920.75844378]},"properties":{"OBJECTID_1":3827,"efficiency":1,"stop_code":59444,"Muni_Heb":"עכו","stop_name":"דרך הארבעה/דרך המלאכה"}},
{"type":"Feature","geometry":{"type":"Point","coordinates":[207609.39964956127,759128.9615134855]},"properties":{"OBJECTID_1":3828,"efficiency":0,"stop_code":59448,"Muni_Heb":"עכו","stop_name":"יהושפט/מרדכי אנילביץ'"}},
{"type":"Feature","geometry":{"type":"Point","coordinates":[207598.92796712427,759286.6799152074]},"properties":{"OBJECTID_1":3829,"efficiency":0,"stop_code":59462,"Muni_Heb":"עכו","stop_name":"העצמאות/יהושפט"}},
{"type":"Feature","geometry":{"type":"Point","coordinates":[207433.45853685882,759350.5405300426]},"properties":{"OBJECTID_1":3830,"efficiency":0,"stop_code":59463,"Muni_Heb":"עכו","stop_name":"העצמאות/גיבורי סיני"}},
{"type":"Feature","geometry":{"type":"Point","coordinates":[207212.231939933,759101.9454775865]},"properties":{"OBJECTID_1":3831,"efficiency":0,"stop_code":59464,"Muni_Heb":"עכו","stop_name":"וייצמן/יוסף טרומפלדור"}},
{"type":"Feature","geometry":{"type":"Point","coordinates":[207605.48500148414,759294.8789142712]},"properties":{"OBJECTID_1":3832,"efficiency":1,"stop_code":59465,"Muni_Heb":"עכו","stop_name":"העצמאות/יהושפט"}},
{"type":"Feature","geometry":{"type":"Point","coordinates":[207360.4614917719,759390.4450038434]},"properties":{"OBJECTID_1":3833,"efficiency":1,"stop_code":59466,"Muni_Heb":"עכו","stop_name":"העצמאות/וייצמן"}},
{"type":"Feature","geometry":{"type":"Point","coordinates":[207197.08882747777,759109.1731947513]},"properties":{"OBJECTID_1":3834,"efficiency":1,"stop_code":59467,"Muni_Heb":"עכו","stop_name":"וייצמן/מעלה החורשה"}},
{"type":"Feature","geometry":{"type":"Point","coordinates":[208952.98411900614,756257.235944141]},"properties":{"OBJECTID_1":3835,"efficiency":1,"stop_code":59704,"Muni_Heb":"עכו","stop_name":"מסעף עין המפרץ"}},
{"type":"Feature","geometry":{"type":"Point","coordinates":[208314.13551809164,760506.4525969775]},"properties":{"OBJECTID_1":3836,"efficiency":0,"stop_code":51522,"Muni_Heb":"עכו","stop_name":"מסעף יד נתן"}},
{"type":"Feature","geometry":{"type":"Point","coordinates":[208201.96808044126,759902.9286627484]},"properties":{"OBJECTID_1":3837,"efficiency":1,"stop_code":51523,"Muni_Heb":"עכו","stop_name":"מסעף מוסד אחווה"}},
{"type":"Feature","geometry":{"type":"Point","coordinates":[207622.16495327637,758624.1104837628]},"properties":{"OBJECTID_1":3838,"efficiency":1,"stop_code":52325,"Muni_Heb":"עכו","stop_name":"בית ספר לקציני ים עכו"}},
{"type":"Feature","geometry":{"type":"Point","coordinates":[207582.44628118735,758575.1388912911]},"properties":{"OBJECTID_1":3839,"efficiency":0,"stop_code":52326,"Muni_Heb":"עכו","stop_name":"בית ספר לקציני ים עכו"}},
{"type":"Feature","geometry":{"type":"Point","coordinates":[208006.55034344207,758903.2429440154]},"properties":{"OBJECTID_1":3840,"efficiency":1,"stop_code":52327,"Muni_Heb":"עכו","stop_name":"בן עמי/דוד רמז מכבי אש"}},
{"type":"Feature","geometry":{"type":"Point","coordinates":[207419.60199676547,759643.4556887548]},"properties":{"OBJECTID_1":3841,"efficiency":0,"stop_code":52328,"Muni_Heb":"עכו","stop_name":"מרכז נוער/הרצוג"}},
{"type":"Feature","geometry":{"type":"Point","coordinates":[207400.1486237878,759643.5904865579]},"properties":{"OBJECTID_1":3842,"efficiency":0,"stop_code":52329,"Muni_Heb":"עכו","stop_name":"הרב הרצוג/הרצל"}},
{"type":"Feature","geometry":{"type":"Point","coordinates":[207603.2546129449,759770.5498418815]},"properties":{"OBJECTID_1":3843,"efficiency":0,"stop_code":52330,"Muni_Heb":"עכו","stop_name":"בית ספר ביאליק/שרת"}},
{"type":"Feature","geometry":{"type":"Point","coordinates":[208132.95708565807,759992.1752517003]},"properties":{"OBJECTID_1":3844,"efficiency":1,"stop_code":52331,"Muni_Heb":"עכו","stop_name":"מסעף מוסד אחווה"}},
{"type":"Feature","geometry":{"type":"Point","coordinates":[208377.04432947512,760646.1206827833]},"properties":{"OBJECTID_1":3845,"efficiency":0,"stop_code":52332,"Muni_Heb":"עכו","stop_name":"מסעף יד נתן"}},
{"type":"Feature","geometry":{"type":"Point","coordinates":[207772.5099277083,759827.6839695895]},"properties":{"OBJECTID_1":3846,"efficiency":0,"stop_code":52333,"Muni_Heb":"עכו","stop_name":"ירושלים/חטיבת גולני"}},
{"type":"Feature","geometry":{"type":"Point","coordinates":[207518.47007551757,759959.1901380285]},"properties":{"OBJECTID_1":3847,"efficiency":0,"stop_code":52334,"Muni_Heb":"עכו","stop_name":"חיים משה שפירא/אבות ובנים"}},
{"type":"Feature","geometry":{"type":"Point","coordinates":[209059.37372019677,759706.4564390469]},"properties":{"OBJECTID_1":3848,"efficiency":0,"stop_code":52336,"Muni_Heb":"עכו","stop_name":"אברהם בן שושן/הדס"}},
{"type":"Feature","geometry":{"type":"Point","coordinates":[209043.65484941116,759436.5323173107]},"properties":{"OBJECTID_1":3849,"efficiency":0,"stop_code":52337,"Muni_Heb":"עכו","stop_name":"אברהם בן שושן/הנדיב"}},
{"type":"Feature","geometry":{"type":"Point","coordinates":[209166.44722196262,760049.3700063254]},"properties":{"OBJECTID_1":3850,"efficiency":0,"stop_code":52338,"Muni_Heb":"עכו","stop_name":"הדס/יפה נוף"}},
{"type":"Feature","geometry":{"type":"Point","coordinates":[209256.98058087076,760232.2672704668]},"properties":{"OBJECTID_1":3851,"efficiency":0,"stop_code":52339,"Muni_Heb":"עכו","stop_name":"בורוכוב/קדושי השואה"}},
{"type":"Feature","geometry":{"type":"Point","coordinates":[209058.39003425045,759396.7020714108]},"properties":{"OBJECTID_1":3852,"efficiency":0,"stop_code":52368,"Muni_Heb":"עכו","stop_name":"אברהם בן שושן/העלייה"}},
{"type":"Feature","geometry":{"type":"Point","coordinates":[209004.12479541972,758766.0482720446]},"properties":{"OBJECTID_1":3853,"efficiency":0,"stop_code":52559,"Muni_Heb":"עכו","stop_name":"אברהם בן שושן/יוסף גרשון"}},
{"type":"Feature","geometry":{"type":"Point","coordinates":[207584.79806303207,760129.9021876836]},"properties":{"OBJECTID_1":3854,"efficiency":0,"stop_code":52560,"Muni_Heb":"עכו","stop_name":"חיים משה שפירא/הברוש"}},
{"type":"Feature","geometry":{"type":"Point","coordinates":[207611.2258194121,760020.4075946744]},"properties":{"OBJECTID_1":3855,"efficiency":1,"stop_code":52561,"Muni_Heb":"עכו","stop_name":"חטיבת גולני/חיים משה שפירא"}},
{"type":"Feature","geometry":{"type":"Point","coordinates":[209079.00776536556,759700.4467510203]},"properties":{"OBJECTID_1":3856,"efficiency":0,"stop_code":52562,"Muni_Heb":"עכו","stop_name":"אברהם בן שושן/אברבאל"}},
{"type":"Feature","geometry":{"type":"Point","coordinates":[209135.4784483521,760391.8750381544]},"properties":{"OBJECTID_1":3857,"efficiency":0,"stop_code":52563,"Muni_Heb":"עכו","stop_name":"א.ד. גורדון/בבל"}},
{"type":"Feature","geometry":{"type":"Point","coordinates":[209240.488535253,754910.119505781]},"properties":{"OBJECTID_1":3858,"efficiency":0,"stop_code":52564,"Muni_Heb":"עכו","stop_name":"מפעלי פלדה"}},
{"type":"Feature","geometry":{"type":"Point","coordinates":[209130.60936849003,755861.8976034397]},"properties":{"OBJECTID_1":3859,"efficiency":1,"stop_code":52566,"Muni_Heb":"עכו","stop_name":"מא.נעמן"}},
{"type":"Feature","geometry":{"type":"Point","coordinates":[208999.2902313305,756076.8571166361]},"properties":{"OBJECTID_1":3860,"efficiency":0,"stop_code":52567,"Muni_Heb":"עכו","stop_name":"מסעף עין המפרץ"}},
{"type":"Feature","geometry":{"type":"Point","coordinates":[209142.92163344158,755559.117919113]},"properties":{"OBJECTID_1":3861,"efficiency":0,"stop_code":52568,"Muni_Heb":"עכו","stop_name":"מא.נעמן"}},
{"type":"Feature","geometry":{"type":"Point","coordinates":[209151.37729797154,760214.8550351424]},"properties":{"OBJECTID_1":3862,"efficiency":0,"stop_code":52602,"Muni_Heb":"עכו","stop_name":"בבל/קדושי השואה"}},
{"type":"Feature","geometry":{"type":"Point","coordinates":[207249.45714831568,759251.8414708351]},"properties":{"OBJECTID_1":3863,"efficiency":0,"stop_code":52618,"Muni_Heb":"עכו","stop_name":"וייצמן/מרדכי אנילביץ'"}},
{"type":"Feature","geometry":{"type":"Point","coordinates":[208927.91586417455,758612.4168820081]},"properties":{"OBJECTID_1":3864,"efficiency":1,"stop_code":52622,"Muni_Heb":"עכו","stop_name":"בן עמי/אברהם בן שושן"}},
{"type":"Feature","geometry":{"type":"Point","coordinates":[208287.77420705868,758793.8995828977]},"properties":{"OBJECTID_1":3865,"efficiency":1,"stop_code":52623,"Muni_Heb":"עכו","stop_name":"בן עמי/עליית הנוער"}},
{"type":"Feature","geometry":{"type":"Point","coordinates":[208466.1900722303,758751.2215344041]},"properties":{"OBJECTID_1":3866,"efficiency":0,"stop_code":52624,"Muni_Heb":"עכו","stop_name":"בן עמי/יוסף גדיש"}},
{"type":"Feature","geometry":{"type":"Point","coordinates":[207848.4425012534,759188.3417747908]},"properties":{"OBJECTID_1":3867,"efficiency":1,"stop_code":52688,"Muni_Heb":"עכו","stop_name":"ת.מרכזית עכו/דרך הארבעה"}},
{"type":"Feature","geometry":{"type":"Point","coordinates":[208105.92492511368,757889.90810378]},"properties":{"OBJECTID_1":3868,"efficiency":0,"stop_code":52699,"Muni_Heb":"עכו","stop_name":"אולמי טופז"}},
{"type":"Feature","geometry":{"type":"Point","coordinates":[208678.15174605235,756976.4122975771]},"properties":{"OBJECTID_1":3869,"efficiency":0,"stop_code":52700,"Muni_Heb":"עכו","stop_name":"מסעף אזור תעשיה עכו דרום"}},
{"type":"Feature","geometry":{"type":"Point","coordinates":[208602.24336096778,757111.0223674346]},"properties":{"OBJECTID_1":3870,"efficiency":1,"stop_code":52702,"Muni_Heb":"עכו","stop_name":"מסעף אזור תעשיה עכו דרום"}},
{"type":"Feature","geometry":{"type":"Point","coordinates":[208765.6261136397,759464.8907718351]},"properties":{"OBJECTID_1":3871,"efficiency":0,"stop_code":53053,"Muni_Heb":"עכו","stop_name":"יהודה בורלא/קדושי קהיר"}},
{"type":"Feature","geometry":{"type":"Point","coordinates":[208927.07570932532,759831.4759885524]},"properties":{"OBJECTID_1":3872,"efficiency":0,"stop_code":53054,"Muni_Heb":"עכו","stop_name":"קרית חינוך/בורלא"}},
{"type":"Feature","geometry":{"type":"Point","coordinates":[209051.2772879596,758600.4183092475]},"properties":{"OBJECTID_1":3873,"efficiency":0,"stop_code":53055,"Muni_Heb":"עכו","stop_name":"אברהם בן שושן/יוסף גרשון"}},
{"type":"Feature","geometry":{"type":"Point","coordinates":[209359.9288160796,758582.794112816]},"properties":{"OBJECTID_1":3874,"efficiency":0,"stop_code":53056,"Muni_Heb":"עכו","stop_name":"מרכז מסחרי/גרשון"}},
{"type":"Feature","geometry":{"type":"Point","coordinates":[209463.96671368345,758699.3583591114]},"properties":{"OBJECTID_1":3875,"efficiency":0,"stop_code":53057,"Muni_Heb":"עכו","stop_name":"יוסף גרשון/פסח פרלמן"}},
{"type":"Feature","geometry":{"type":"Point","coordinates":[209322.22446597763,758935.3969690481]},"properties":{"OBJECTID_1":3876,"efficiency":0,"stop_code":53102,"Muni_Heb":"עכו","stop_name":"גני ילדים/גרשון"}},
{"type":"Feature","geometry":{"type":"Point","coordinates":[209256.814168662,758995.6858344123]},"properties":{"OBJECTID_1":3877,"efficiency":0,"stop_code":53103,"Muni_Heb":"עכו","stop_name":"רמח''ל/שביל הגיא"}},
{"type":"Feature","geometry":{"type":"Point","coordinates":[207910.64709428075,758162.0727689164]},"properties":{"OBJECTID_1":3878,"efficiency":0,"stop_code":53127,"Muni_Heb":"עכו","stop_name":"חוף הארגמן"}},
{"type":"Feature","geometry":{"type":"Point","coordinates":[207852.87033993562,758267.4998620492]},"properties":{"OBJECTID_1":3879,"efficiency":1,"stop_code":53129,"Muni_Heb":"עכו","stop_name":"חוף הארגמן"}},
{"type":"Feature","geometry":{"type":"Point","coordinates":[208042.99060504077,758870.8164252634]},"properties":{"OBJECTID_1":3880,"efficiency":0,"stop_code":53240,"Muni_Heb":"עכו","stop_name":"בן עמי /החרושת"}},
{"type":"Feature","geometry":{"type":"Point","coordinates":[207693.65509283874,760361.5609260496]},"properties":{"OBJECTID_1":3881,"efficiency":1,"stop_code":53297,"Muni_Heb":"עכו","stop_name":"מרכז מסחרי/שפירא"}},
{"type":"Feature","geometry":{"type":"Point","coordinates":[207685.56168155835,760397.1709066929]},"properties":{"OBJECTID_1":3882,"efficiency":0,"stop_code":53298,"Muni_Heb":"עכו","stop_name":"חיים משה שפירא/הכרם"}},
{"type":"Feature","geometry":{"type":"Point","coordinates":[207817.46060506592,760742.8131580336]},"properties":{"OBJECTID_1":3883,"efficiency":0,"stop_code":53308,"Muni_Heb":"עכו","stop_name":"חיים משה שפירא/פלמינגו"}},
{"type":"Feature","geometry":{"type":"Point","coordinates":[207900.70533921293,760755.9122198166]},"properties":{"OBJECTID_1":3884,"efficiency":0,"stop_code":53309,"Muni_Heb":"עכו","stop_name":"מעלה הכרמים/חיים משה שפירא"}},
{"type":"Feature","geometry":{"type":"Point","coordinates":[207608.56057644577,760136.5276737659]},"properties":{"OBJECTID_1":3885,"efficiency":0,"stop_code":53318,"Muni_Heb":"עכו","stop_name":"חיים משה שפירא/הברוש"}},
{"type":"Feature","geometry":{"type":"Point","coordinates":[209267.2228648748,759200.9584678548]},"properties":{"OBJECTID_1":3886,"efficiency":0,"stop_code":53319,"Muni_Heb":"עכו","stop_name":"רמח''ל/שביל הלילך"}},
{"type":"Feature","geometry":{"type":"Point","coordinates":[209184.0334547167,760053.233223425]},"properties":{"OBJECTID_1":3887,"efficiency":0,"stop_code":53320,"Muni_Heb":"עכו","stop_name":"הדס/הפרחים"}},
{"type":"Feature","geometry":{"type":"Point","coordinates":[209150.0937964066,759262.4110882876]},"properties":{"OBJECTID_1":3888,"efficiency":0,"stop_code":53321,"Muni_Heb":"עכו","stop_name":"העלייה/יהודה הלוי"}},
{"type":"Feature","geometry":{"type":"Point","coordinates":[209454.39234324583,758666.3187447714]},"properties":{"OBJECTID_1":3889,"efficiency":0,"stop_code":53322,"Muni_Heb":"עכו","stop_name":"יוסף גרשון/פסח פרלמן"}},
{"type":"Feature","geometry":{"type":"Point","coordinates":[209073.53776813956,758599.2856059235]},"properties":{"OBJECTID_1":3890,"efficiency":0,"stop_code":53323,"Muni_Heb":"עכו","stop_name":"אברהם בן שושן/יוסף גרשון"}},
{"type":"Feature","geometry":{"type":"Point","coordinates":[208477.90583493517,758772.501984302]},"properties":{"OBJECTID_1":3891,"efficiency":1,"stop_code":53326,"Muni_Heb":"עכו","stop_name":"בן עמי/יוסף גדיש"}},
{"type":"Feature","geometry":{"type":"Point","coordinates":[207760.75424593396,759068.1150430967]},"properties":{"OBJECTID_1":3892,"efficiency":1,"stop_code":53394,"Muni_Heb":"עכו","stop_name":"ת.מרכזית עכו/דרך הארבעה"}},
{"type":"Feature","geometry":{"type":"Point","coordinates":[209256.15969034497,759175.4620548026]},"properties":{"OBJECTID_1":3893,"efficiency":0,"stop_code":53469,"Muni_Heb":"עכו","stop_name":"רמח''ל/שביל הרותם"}},
{"type":"Feature","geometry":{"type":"Point","coordinates":[209153.37809601906,759272.6108079671]},"properties":{"OBJECTID_1":3894,"efficiency":0,"stop_code":53470,"Muni_Heb":"עכו","stop_name":"העלייה/יהודה הלוי"}},
{"type":"Feature","geometry":{"type":"Point","coordinates":[208160.40435339912,758895.8555690893]},"properties":{"OBJECTID_1":3895,"efficiency":0,"stop_code":53473,"Muni_Heb":"עכו","stop_name":"צומת תל עכו"}},
{"type":"Feature","geometry":{"type":"Point","coordinates":[208041.1473598127,758011.2013798789]},"properties":{"OBJECTID_1":3896,"efficiency":1,"stop_code":53549,"Muni_Heb":"עכו","stop_name":"צומת עכו דרום"}},
{"type":"Feature","geometry":{"type":"Point","coordinates":[209392.68087315813,758596.7342935818]},"properties":{"OBJECTID_1":3897,"efficiency":0,"stop_code":53563,"Muni_Heb":"עכו","stop_name":"מרכז מסחרי/גרשון"}},
{"type":"Feature","geometry":{"type":"Point","coordinates":[209045.5872457615,759142.8561807004]},"properties":{"OBJECTID_1":3898,"efficiency":0,"stop_code":53564,"Muni_Heb":"עכו","stop_name":"אברהם בן שושן/בן יהודה"}},
{"type":"Feature","geometry":{"type":"Point","coordinates":[208023.46381142872,758007.6730308081]},"properties":{"OBJECTID_1":3899,"efficiency":0,"stop_code":53576,"Muni_Heb":"עכו","stop_name":"צומת עכו דרום"}},
{"type":"Feature","geometry":{"type":"Point","coordinates":[208155.30904015154,759181.5505037108]},"properties":{"OBJECTID_1":3900,"efficiency":1,"stop_code":53600,"Muni_Heb":"עכו","stop_name":"תחנת רכבת עכו"}},
{"type":"Feature","geometry":{"type":"Point","coordinates":[207842.34928535466,760832.9489463136]},"properties":{"OBJECTID_1":3901,"efficiency":0,"stop_code":53712,"Muni_Heb":"עכו","stop_name":"חיים משה שפירא/דוכיפת"}},
{"type":"Feature","geometry":{"type":"Point","coordinates":[207922.7666451787,760907.4925560323]},"properties":{"OBJECTID_1":3902,"efficiency":1,"stop_code":53713,"Muni_Heb":"עכו","stop_name":"חיים משה שפירא/אהובה עוזרי"}},
{"type":"Feature","geometry":{"type":"Point","coordinates":[208814.90382782384,756612.9421313236]},"properties":{"OBJECTID_1":3903,"efficiency":0,"stop_code":53719,"Muni_Heb":"עכו","stop_name":"צומת עין המפרץ"}},
{"type":"Feature","geometry":{"type":"Point","coordinates":[208753.0042994189,756729.6803157994]},"properties":{"OBJECTID_1":3904,"efficiency":1,"stop_code":53720,"Muni_Heb":"עכו","stop_name":"צומת עין המפרץ"}},
{"type":"Feature","geometry":{"type":"Point","coordinates":[208676.59595304803,759727.498663003]},"properties":{"OBJECTID_1":3905,"efficiency":1,"stop_code":57527,"Muni_Heb":"עכו","stop_name":"אריה דושניצקי/יהודה בורלא"}},
{"type":"Feature","geometry":{"type":"Point","coordinates":[208692.97826429663,759741.4545295977]},"properties":{"OBJECTID_1":3906,"efficiency":1,"stop_code":57536,"Muni_Heb":"עכו","stop_name":"אריה דושניצקי/יהודה בורלא"}},
{"type":"Feature","geometry":{"type":"Point","coordinates":[208278.64724519686,759893.7467277399]},"properties":{"OBJECTID_1":3907,"efficiency":1,"stop_code":57538,"Muni_Heb":"עכו","stop_name":"אריה דושניצקי/חיים ברלב"}},
{"type":"Feature","geometry":{"type":"Point","coordinates":[208118.36037505613,759339.7425932108]},"properties":{"OBJECTID_1":3908,"efficiency":1,"stop_code":57664,"Muni_Heb":"עכו","stop_name":"ת. רכבת עכו"}},
{"type":"Feature","geometry":{"type":"Point","coordinates":[208403.42865211502,759828.9478732501]},"properties":{"OBJECTID_1":3909,"efficiency":1,"stop_code":57841,"Muni_Heb":"עכו","stop_name":"אריה דושניצקי/מוסד אחווה"}},
{"type":"Feature","geometry":{"type":"Point","coordinates":[207470.17779925428,759778.3641564366]},"properties":{"OBJECTID_1":3910,"efficiency":0,"stop_code":55771,"Muni_Heb":"עכו","stop_name":"הרב הרצוג/אבות ובנים"}},
{"type":"Feature","geometry":{"type":"Point","coordinates":[208162.38334353146,759314.2946876185]},"properties":{"OBJECTID_1":3911,"efficiency":1,"stop_code":17012,"Muni_Heb":"עכו","stop_name":"עכו"}},
{"type":"Feature","geometry":{"type":"Point","coordinates":[206655.67290979295,758565.3258365507]},"properties":{"OBJECTID_1":3912,"efficiency":1,"stop_code":57548,"Muni_Heb":"עכו","stop_name":"מגדלור עכו העתיקה/ההגנה"}},
{"type":"Feature","geometry":{"type":"Point","coordinates":[208112.62923634858,759236.6082863319]},"properties":{"OBJECTID_1":3913,"efficiency":0,"stop_code":44269,"Muni_Heb":"עכו","stop_name":"תחנת מוניות עכו תחנת רכבת"}},
{"type":"Feature","geometry":{"type":"Point","coordinates":[207761.05828635604,760810.864823272]},"properties":{"OBJECTID_1":3914,"efficiency":0,"stop_code":44165,"Muni_Heb":"עכו","stop_name":"תחנת מוניות עכו מעלה הכרמים"}},
{"type":"Feature","geometry":{"type":"Point","coordinates":[208108.53507408418,759254.9122332431]},"properties":{"OBJECTID_1":3915,"efficiency":0,"stop_code":44164,"Muni_Heb":"עכו","stop_name":"תחנת מוניות עכו תחנת רכבת"}},
{"type":"Feature","geometry":{"type":"Point","coordinates":[207663.0554578762,758792.1917602358]},"properties":{"OBJECTID_1":3916,"efficiency":0,"stop_code":44163,"Muni_Heb":"עכו","stop_name":"תחנת מוניות עכו דרך הארבעה"}},
{"type":"Feature","geometry":{"type":"Point","coordinates":[207681.38004842325,758785.4045986374]},"properties":{"OBJECTID_1":3917,"efficiency":0,"stop_code":44162,"Muni_Heb":"עכו","stop_name":"תחנת מוניות עכו דרך הארבעה"}},
{"type":"Feature","geometry":{"type":"Point","coordinates":[207108.3150558194,758653.9121337812]},"properties":{"OBJECTID_1":3918,"efficiency":0,"stop_code":44161,"Muni_Heb":"עכו","stop_name":"תחנת מוניות עכו צלאח א דין"}},
{"type":"Feature","geometry":{"type":"Point","coordinates":[207914.2912079327,760936.6703600407]},"properties":{"OBJECTID_1":3919,"efficiency":0,"stop_code":44151,"Muni_Heb":"עכו","stop_name":"תחנת מוניות עכו פלמינגו ושפירא"}},
{"type":"Feature","geometry":{"type":"Point","coordinates":[209012.19561208857,758352.7003197244]},"properties":{"OBJECTID_1":3920,"efficiency":0,"stop_code":44070,"Muni_Heb":"עכו","stop_name":"תחנת מוניות עכו שלום הגליל"}},
{"type":"Feature","geometry":{"type":"Point","coordinates":[208991.61547165542,758351.169698919]},"properties":{"OBJECTID_1":3921,"efficiency":0,"stop_code":44069,"Muni_Heb":"עכו","stop_name":"תחנת מוניות עכו שלום הגליל"}},
{"type":"Feature","geometry":{"type":"Point","coordinates":[208996.88840647487,758296.1556817254]},"properties":{"OBJECTID_1":3922,"efficiency":0,"stop_code":57530,"Muni_Heb":"עכו","stop_name":"שלום הגליל/הרב רייפמן"}},
{"type":"Feature","geometry":{"type":"Point","coordinates":[208531.52819797964,759132.1039972043]},"properties":{"OBJECTID_1":3923,"efficiency":0,"stop_code":55972,"Muni_Heb":"עכו","stop_name":"יוסף גדיש/אבני החושן"}},
{"type":"Feature","geometry":{"type":"Point","coordinates":[208657.01938204264,759276.5837813042]},"properties":{"OBJECTID_1":3924,"efficiency":0,"stop_code":55971,"Muni_Heb":"עכו","stop_name":"יוסף גדיש/העלייה"}},
{"type":"Feature","geometry":{"type":"Point","coordinates":[208617.1021772322,759210.1962995209]},"properties":{"OBJECTID_1":3925,"efficiency":1,"stop_code":55970,"Muni_Heb":"עכו","stop_name":"יוסף גדיש/הרב שלמה לופס"}},
{"type":"Feature","geometry":{"type":"Point","coordinates":[208453.1886505434,759000.8812281479]},"properties":{"OBJECTID_1":3926,"efficiency":1,"stop_code":55969,"Muni_Heb":"עכו","stop_name":"יוסף גדיש/קיבוץ גלויות"}},
{"type":"Feature","geometry":{"type":"Point","coordinates":[208972.53623669475,756168.2703548595]},"properties":{"OBJECTID_1":3927,"efficiency":0,"stop_code":56059,"Muni_Heb":"עכו","stop_name":"מסעף עין המפרץ"}},
{"type":"Feature","geometry":{"type":"Point","coordinates":[208182.11289937867,760934.2510861557]},"properties":{"OBJECTID_1":3928,"efficiency":0,"stop_code":51286,"Muni_Heb":"עכו","stop_name":"עוזי חיטמן/אהוד מנור"}},
{"type":"Feature","geometry":{"type":"Point","coordinates":[208287.26212732584,760886.7744145776]},"properties":{"OBJECTID_1":3929,"efficiency":0,"stop_code":51284,"Muni_Heb":"עכו","stop_name":"עוזי חיטמן/סשה ארגוב"}},
{"type":"Feature","geometry":{"type":"Point","coordinates":[208503.20923209767,760989.8932372486]},"properties":{"OBJECTID_1":3930,"efficiency":0,"stop_code":51273,"Muni_Heb":"עכו","stop_name":"כביש 8510/שדרות מנוף"}},
{"type":"Feature","geometry":{"type":"Point","coordinates":[208446.7670562688,760859.2002696054]},"properties":{"OBJECTID_1":3931,"efficiency":0,"stop_code":51256,"Muni_Heb":"עכו","stop_name":"כביש 8510/שדרות מנוף"}},
{"type":"Feature","geometry":{"type":"Point","coordinates":[208242.43414763783,760285.1693826807]},"properties":{"OBJECTID_1":3932,"efficiency":0,"stop_code":51254,"Muni_Heb":"עכו","stop_name":"כביש 8510/המכללה האקדמאית גליל מערבי"}},
{"type":"Feature","geometry":{"type":"Point","coordinates":[208155.1364065802,760085.6419632661]},"properties":{"OBJECTID_1":3933,"efficiency":1,"stop_code":51251,"Muni_Heb":"עכו","stop_name":"כביש 8510/המכללה האקדמאית גליל מערבי"}},
{"type":"Feature","geometry":{"type":"Point","coordinates":[208930.92798277328,759847.996590206]},"properties":{"OBJECTID_1":3934,"efficiency":0,"stop_code":54550,"Muni_Heb":"עכו","stop_name":"בורלא/אחד העם"}},
{"type":"Feature","geometry":{"type":"Point","coordinates":[208423.13498905595,758974.5198217875]},"properties":{"OBJECTID_1":3935,"efficiency":0,"stop_code":54706,"Muni_Heb":"עכו","stop_name":"יוסף גדיש/קיבוץ גלויות"}},
{"type":"Feature","geometry":{"type":"Point","coordinates":[206989.41628425504,759157.123906845]},"properties":{"OBJECTID_1":3936,"efficiency":0,"stop_code":56128,"Muni_Heb":"עכו","stop_name":"שלמה בן יוסף/זאב ז'בוטינסקי"}},
{"type":"Feature","geometry":{"type":"Point","coordinates":[208021.74859937665,759583.5114142697]},"properties":{"OBJECTID_1":3937,"efficiency":0,"stop_code":56127,"Muni_Heb":"עכו","stop_name":"דוד רמז/דרך הארבעה"}},
{"type":"Feature","geometry":{"type":"Point","coordinates":[207329.27000859578,760108.5887875058]},"properties":{"OBJECTID_1":3938,"efficiency":0,"stop_code":56126,"Muni_Heb":"עכו","stop_name":"נתיב חטיבת גולני/אח''י אילת"}},
{"type":"Feature","geometry":{"type":"Point","coordinates":[208046.71130659222,759575.7190466493]},"properties":{"OBJECTID_1":3939,"efficiency":0,"stop_code":57674,"Muni_Heb":"עכו","stop_name":"דוד רמז/דרך הארבעה"}},
{"type":"Feature","geometry":{"type":"Point","coordinates":[207505.57003604338,759504.2764824989]},"properties":{"OBJECTID_1":3940,"efficiency":0,"stop_code":57541,"Muni_Heb":"עכו","stop_name":"הרצל/גיבורי סיני"}},
{"type":"Feature","geometry":{"type":"Point","coordinates":[207565.6932421733,759414.7035994041]},"properties":{"OBJECTID_1":3941,"efficiency":0,"stop_code":57522,"Muni_Heb":"עכו","stop_name":"הרצל/מרכז רסקו"}},
{"type":"Feature","geometry":{"type":"Point","coordinates":[208086.0517080234,758659.7158604274]},"properties":{"OBJECTID_1":3942,"efficiency":0,"stop_code":56131,"Muni_Heb":"עכו","stop_name":"דוד רמז/גדוד 22"}},
{"type":"Feature","geometry":{"type":"Point","coordinates":[208067.7431657104,758600.2926202894]},"properties":{"OBJECTID_1":3943,"efficiency":0,"stop_code":56130,"Muni_Heb":"עכו","stop_name":"דוד רמז/גדוד 22"}},
{"type":"Feature","geometry":{"type":"Point","coordinates":[206994.0773404799,759144.9185810223]},"properties":{"OBJECTID_1":3944,"efficiency":0,"stop_code":56129,"Muni_Heb":"עכו","stop_name":"שלמה בן יוסף/זאב ז'בוטינסקי"}},
{"type":"Feature","geometry":{"type":"Point","coordinates":[206895.09082914228,759267.039591558]},"properties":{"OBJECTID_1":3945,"efficiency":0,"stop_code":57544,"Muni_Heb":"עכו","stop_name":"ההגנה/בן עמי"}},
{"type":"Feature","geometry":{"type":"Point","coordinates":[206939.2536768033,759353.3774680672]},"properties":{"OBJECTID_1":3946,"efficiency":0,"stop_code":57519,"Muni_Heb":"עכו","stop_name":"ההגנה/בן עמי"}},
{"type":"Feature","geometry":{"type":"Point","coordinates":[208576.7035143649,756352.0254713192]},"properties":{"OBJECTID_1":3947,"efficiency":0,"stop_code":57822,"Muni_Heb":"עכו","stop_name":"משה בורונשטיין/בלטימור"}},
{"type":"Feature","geometry":{"type":"Point","coordinates":[208584.12589007424,756380.2976860041]},"properties":{"OBJECTID_1":3948,"efficiency":0,"stop_code":57821,"Muni_Heb":"עכו","stop_name":"משה בורונשטיין/בלטימור"}},
{"type":"Feature","geometry":{"type":"Point","coordinates":[208462.2469455312,756653.9221912527]},"properties":{"OBJECTID_1":3949,"efficiency":0,"stop_code":56133,"Muni_Heb":"עכו","stop_name":"משה ברונשטיין/הגומא"}},
{"type":"Feature","geometry":{"type":"Point","coordinates":[208469.48322083018,756682.9708091292]},"properties":{"OBJECTID_1":3950,"efficiency":0,"stop_code":56132,"Muni_Heb":"עכו","stop_name":"משה ברונשטיין/הגומא"}},
{"type":"Feature","geometry":{"type":"Point","coordinates":[207221.71832158283,760107.5025665029]},"properties":{"OBJECTID_1":3951,"efficiency":0,"stop_code":56134,"Muni_Heb":"עכו","stop_name":"ההגנה/נתיב חטיבת גולני"}},
{"type":"Feature","geometry":{"type":"Point","coordinates":[209233.4048830028,755026.4646259662]},"properties":{"OBJECTID_1":3952,"efficiency":0,"stop_code":56137,"Muni_Heb":"עכו","stop_name":"התעשייה/מפעלי פלדה"}},
{"type":"Feature","geometry":{"type":"Point","coordinates":[209158.59396547833,755514.7400792576]},"properties":{"OBJECTID_1":3953,"efficiency":0,"stop_code":56136,"Muni_Heb":"עכו","stop_name":"התעשייה/החשמל"}},
{"type":"Feature","geometry":{"type":"Point","coordinates":[208957.47267475663,756167.8428093828]},"properties":{"OBJECTID_1":3954,"efficiency":0,"stop_code":56135,"Muni_Heb":"עכו","stop_name":"התעשייה/בלטימור"}},
{"type":"Feature","geometry":{"type":"Point","coordinates":[207851.92002516158,759913.0967914872]},"properties":{"OBJECTID_1":3955,"efficiency":0,"stop_code":56185,"Muni_Heb":"עכו","stop_name":"חטיבת גולני/ירושלים"}},
{"type":"Feature","geometry":{"type":"Point","coordinates":[207760.70365251007,759965.7739541474]},"properties":{"OBJECTID_1":3956,"efficiency":0,"stop_code":56184,"Muni_Heb":"עכו","stop_name":"נתיב חטיבת גולני/האשל"}},
{"type":"Feature","geometry":{"type":"Point","coordinates":[207827.16707040032,746984.1359311328]},"properties":{"OBJECTID_1":3957,"efficiency":0,"stop_code":41408,"Muni_Heb":"קרית ביאליק","stop_name":"וייצמן/תבור"}},
{"type":"Feature","geometry":{"type":"Point","coordinates":[207993.11276085424,747389.6215751425]},"properties":{"OBJECTID_1":3958,"efficiency":0,"stop_code":41409,"Muni_Heb":"קרית ביאליק","stop_name":"שדרות וייצמן/יגור"}},
{"type":"Feature","geometry":{"type":"Point","coordinates":[207947.43891706585,747249.8271884696]},"properties":{"OBJECTID_1":3959,"efficiency":0,"stop_code":41411,"Muni_Heb":"קרית ביאליק","stop_name":"קופת חולים/ויצמן"}},
{"type":"Feature","geometry":{"type":"Point","coordinates":[207825.5015409253,747001.1059300322]},"properties":{"OBJECTID_1":3960,"efficiency":0,"stop_code":41412,"Muni_Heb":"קרית ביאליק","stop_name":"וייצמן/העמקים"}},
{"type":"Feature","geometry":{"type":"Point","coordinates":[208146.41558275203,747968.3541387848]},"properties":{"OBJECTID_1":3961,"efficiency":1,"stop_code":41413,"Muni_Heb":"קרית ביאליק","stop_name":"הנרייטה סולד/כינרת"}},
{"type":"Feature","geometry":{"type":"Point","coordinates":[208249.65966580098,748346.0803897686]},"properties":{"OBJECTID_1":3962,"efficiency":1,"stop_code":41414,"Muni_Heb":"קרית ביאליק","stop_name":"הגפן/קרן היסוד"}},
{"type":"Feature","geometry":{"type":"Point","coordinates":[208305.21034347673,748369.0849213006]},"properties":{"OBJECTID_1":3963,"efficiency":1,"stop_code":41415,"Muni_Heb":"קרית ביאליק","stop_name":"קרן היסוד/הגפן"}},
{"type":"Feature","geometry":{"type":"Point","coordinates":[208491.96328971267,748664.2080445024]},"properties":{"OBJECTID_1":3964,"efficiency":1,"stop_code":41416,"Muni_Heb":"קרית ביאליק","stop_name":"קרן היסוד/הברושים"}},
{"type":"Feature","geometry":{"type":"Point","coordinates":[208593.838155956,748838.1008455079]},"properties":{"OBJECTID_1":3965,"efficiency":1,"stop_code":41417,"Muni_Heb":"קרית ביאליק","stop_name":"קרן היסוד/אלונים"}},
{"type":"Feature","geometry":{"type":"Point","coordinates":[208736.28818834043,749132.8342084002]},"properties":{"OBJECTID_1":3966,"efficiency":1,"stop_code":41418,"Muni_Heb":"קרית ביאליק","stop_name":"קרן היסוד/התאנים"}},
{"type":"Feature","geometry":{"type":"Point","coordinates":[208851.08529838215,749403.8662731928]},"properties":{"OBJECTID_1":3967,"efficiency":1,"stop_code":41419,"Muni_Heb":"קרית ביאליק","stop_name":"קרן היסוד/דן"}},
{"type":"Feature","geometry":{"type":"Point","coordinates":[208705.81406657814,749091.0572545974]},"properties":{"OBJECTID_1":3968,"efficiency":1,"stop_code":41420,"Muni_Heb":"קרית ביאליק","stop_name":"קרן היסוד/רחל"}},
{"type":"Feature","geometry":{"type":"Point","coordinates":[208917.49302370404,749517.9135857585]},"properties":{"OBJECTID_1":3969,"efficiency":0,"stop_code":41421,"Muni_Heb":"קרית ביאליק","stop_name":"קרן היסוד/שבטי ישראל"}},
{"type":"Feature","geometry":{"type":"Point","coordinates":[208713.78636395762,749532.1079565927]},"properties":{"OBJECTID_1":3970,"efficiency":1,"stop_code":41422,"Muni_Heb":"קרית ביאליק","stop_name":"שבטי ישראל/זבולון"}},
{"type":"Feature","geometry":{"type":"Point","coordinates":[209219.13327020503,750585.0325599572]},"properties":{"OBJECTID_1":3971,"efficiency":0,"stop_code":41424,"Muni_Heb":"קרית ביאליק","stop_name":"התל/התמר"}},
{"type":"Feature","geometry":{"type":"Point","coordinates":[209439.49958820743,750496.4157865195]},"properties":{"OBJECTID_1":3972,"efficiency":0,"stop_code":41425,"Muni_Heb":"קרית ביאליק","stop_name":"התל/חיים"}},
{"type":"Feature","geometry":{"type":"Point","coordinates":[209396.66136370672,750532.0593372441]},"properties":{"OBJECTID_1":3973,"efficiency":0,"stop_code":41426,"Muni_Heb":"קרית ביאליק","stop_name":"התל"}},
{"type":"Feature","geometry":{"type":"Point","coordinates":[209192.0156007856,750613.5628935634]},"properties":{"OBJECTID_1":3974,"efficiency":0,"stop_code":41427,"Muni_Heb":"קרית ביאליק","stop_name":"התל/דרך עכו"}},
{"type":"Feature","geometry":{"type":"Point","coordinates":[209557.09216083944,750696.4758661329]},"properties":{"OBJECTID_1":3975,"efficiency":0,"stop_code":41428,"Muni_Heb":"קרית ביאליק","stop_name":"חיים/סיגליות"}},
{"type":"Feature","geometry":{"type":"Point","coordinates":[209663.13192240457,751331.3987883084]},"properties":{"OBJECTID_1":3976,"efficiency":0,"stop_code":41429,"Muni_Heb":"קרית ביאליק","stop_name":"זבוטינסקי/שי עגנון"}},
{"type":"Feature","geometry":{"type":"Point","coordinates":[209828.47775733372,751752.7769623386]},"properties":{"OBJECTID_1":3977,"efficiency":0,"stop_code":41430,"Muni_Heb":"קרית ביאליק","stop_name":"שי עגנון/שדרות חן"}},
{"type":"Feature","geometry":{"type":"Point","coordinates":[209794.41022532107,751661.0937990586]},"properties":{"OBJECTID_1":3978,"efficiency":0,"stop_code":41431,"Muni_Heb":"קרית ביאליק","stop_name":"שי עגנון/י.ל.פרץ"}},
{"type":"Feature","geometry":{"type":"Point","coordinates":[209430.86258712132,751846.7772988202]},"properties":{"OBJECTID_1":3979,"efficiency":0,"stop_code":41432,"Muni_Heb":"קרית ביאליק","stop_name":"שדרות חן/יוסף לוי"}},
{"type":"Feature","geometry":{"type":"Point","coordinates":[209625.88640117316,751807.7639533576]},"properties":{"OBJECTID_1":3980,"efficiency":0,"stop_code":41433,"Muni_Heb":"קרית ביאליק","stop_name":"שדרות חן/בורלא"}},
{"type":"Feature","geometry":{"type":"Point","coordinates":[209577.8872616918,750988.7946029779]},"properties":{"OBJECTID_1":3981,"efficiency":0,"stop_code":41434,"Muni_Heb":"קרית ביאליק","stop_name":"חיים/הרצל"}},
{"type":"Feature","geometry":{"type":"Point","coordinates":[209590.74409174657,751021.1652330315]},"properties":{"OBJECTID_1":3982,"efficiency":0,"stop_code":41435,"Muni_Heb":"קרית ביאליק","stop_name":"חיים/הרצל"}},
{"type":"Feature","geometry":{"type":"Point","coordinates":[208727.5755427667,749813.6746352848]},"properties":{"OBJECTID_1":3983,"efficiency":1,"stop_code":41480,"Muni_Heb":"קרית ביאליק","stop_name":"קריון/ד. עכו חיפה"}},
{"type":"Feature","geometry":{"type":"Point","coordinates":[209038.48704879088,750255.9523999114]},"properties":{"OBJECTID_1":3984,"efficiency":0,"stop_code":41482,"Muni_Heb":"קרית ביאליק","stop_name":"צומת הקריון"}},
{"type":"Feature","geometry":{"type":"Point","coordinates":[207961.7110597937,748404.1929671464]},"properties":{"OBJECTID_1":3985,"efficiency":1,"stop_code":41483,"Muni_Heb":"קרית ביאליק","stop_name":"דרך עכו/הגפן"}},
{"type":"Feature","geometry":{"type":"Point","coordinates":[208335.80639159464,749094.463385128]},"properties":{"OBJECTID_1":3986,"efficiency":1,"stop_code":41484,"Muni_Heb":"קרית ביאליק","stop_name":"דרך עכו/צומת צבר"}},
{"type":"Feature","geometry":{"type":"Point","coordinates":[208588.23304299274,748849.5299987097]},"properties":{"OBJECTID_1":3987,"efficiency":1,"stop_code":41608,"Muni_Heb":"קרית ביאליק","stop_name":"קרן היסוד/אלונים"}},
{"type":"Feature","geometry":{"type":"Point","coordinates":[209598.31207859426,751286.4372029718]},"properties":{"OBJECTID_1":3988,"efficiency":0,"stop_code":41610,"Muni_Heb":"קרית ביאליק","stop_name":"חיים/זבוטינסקי"}},
{"type":"Feature","geometry":{"type":"Point","coordinates":[209214.68875365407,751259.8806308472]},"properties":{"OBJECTID_1":3989,"efficiency":1,"stop_code":41633,"Muni_Heb":"קרית ביאליק","stop_name":"דרך עכו/צור שלום"}},
{"type":"Feature","geometry":{"type":"Point","coordinates":[208071.88213453343,748454.9690034431]},"properties":{"OBJECTID_1":3990,"efficiency":1,"stop_code":41666,"Muni_Heb":"קרית ביאליק","stop_name":"הגפן/חניתה"}},
{"type":"Feature","geometry":{"type":"Point","coordinates":[208043.93603235824,747691.2167052078]},"properties":{"OBJECTID_1":3991,"efficiency":0,"stop_code":41715,"Muni_Heb":"קרית ביאליק","stop_name":"וייצמן/ירושלים"}},
{"type":"Feature","geometry":{"type":"Point","coordinates":[208024.92975028136,747693.4568426223]},"properties":{"OBJECTID_1":3992,"efficiency":0,"stop_code":41716,"Muni_Heb":"קרית ביאליק","stop_name":"וייצמן/ירושלים עיריה"}},
{"type":"Feature","geometry":{"type":"Point","coordinates":[208451.27364745183,748615.8999881302]},"properties":{"OBJECTID_1":3993,"efficiency":1,"stop_code":41717,"Muni_Heb":"קרית ביאליק","stop_name":"קרן היסוד/בן גוריון"}},
{"type":"Feature","geometry":{"type":"Point","coordinates":[209547.83334086338,750705.1355904171]},"properties":{"OBJECTID_1":3994,"efficiency":0,"stop_code":41718,"Muni_Heb":"קרית ביאליק","stop_name":"חיים/שושנים"}},
{"type":"Feature","geometry":{"type":"Point","coordinates":[208825.05420091553,749486.8495859826]},"properties":{"OBJECTID_1":3995,"efficiency":1,"stop_code":41805,"Muni_Heb":"קרית ביאליק","stop_name":"שבטי ישראל/זבולון"}},
{"type":"Feature","geometry":{"type":"Point","coordinates":[209688.90106942118,751829.3270120485]},"properties":{"OBJECTID_1":3996,"efficiency":0,"stop_code":41873,"Muni_Heb":"קרית ביאליק","stop_name":"שדרות חן/הנס מולר"}},
{"type":"Feature","geometry":{"type":"Point","coordinates":[209263.42964642207,751233.2132415198]},"properties":{"OBJECTID_1":3997,"efficiency":0,"stop_code":41912,"Muni_Heb":"קרית ביאליק","stop_name":"יוספטל/גוש חלב"}},
{"type":"Feature","geometry":{"type":"Point","coordinates":[209311.74030280294,751605.0205218778]},"properties":{"OBJECTID_1":3998,"efficiency":0,"stop_code":41913,"Muni_Heb":"קרית ביאליק","stop_name":"יוספטל/ברנר"}},
{"type":"Feature","geometry":{"type":"Point","coordinates":[209293.1852458822,751583.9681578815]},"properties":{"OBJECTID_1":3999,"efficiency":0,"stop_code":41914,"Muni_Heb":"קרית ביאליק","stop_name":"יוספטל/מימון"}},
{"type":"Feature","geometry":{"type":"Point","coordinates":[209253.98068841078,751238.2136444711]},"properties":{"OBJECTID_1":4000,"efficiency":0,"stop_code":41915,"Muni_Heb":"קרית ביאליק","stop_name":"יוספטל/גוש חלב"}},
{"type":"Feature","geometry":{"type":"Point","coordinates":[209392.36745206738,751821.9744844586]},"properties":{"OBJECTID_1":4001,"efficiency":0,"stop_code":41918,"Muni_Heb":"קרית ביאליק","stop_name":"שדרות חן/יוספטל"}},
{"type":"Feature","geometry":{"type":"Point","coordinates":[207518.228092537,746752.8312142107]},"properties":{"OBJECTID_1":4002,"efficiency":0,"stop_code":41966,"Muni_Heb":"קרית ביאליק","stop_name":"הגליל"}},
{"type":"Feature","geometry":{"type":"Point","coordinates":[209230.85971287772,750249.4287299982]},"properties":{"OBJECTID_1":4003,"efficiency":0,"stop_code":41967,"Muni_Heb":"קרית ביאליק","stop_name":"דרור /בית ספר אורט אפק"}},
{"type":"Feature","geometry":{"type":"Point","coordinates":[207682.9499135161,746669.566992766]},"properties":{"OBJECTID_1":4004,"efficiency":0,"stop_code":42010,"Muni_Heb":"קרית ביאליק","stop_name":"ההגנה 14"}},
{"type":"Feature","geometry":{"type":"Point","coordinates":[208748.8479631157,749746.8879881361]},"properties":{"OBJECTID_1":4005,"efficiency":1,"stop_code":42142,"Muni_Heb":"קרית ביאליק","stop_name":"קריון/יצחקרבין"}},
{"type":"Feature","geometry":{"type":"Point","coordinates":[207656.7124377638,746890.848291989]},"properties":{"OBJECTID_1":4006,"efficiency":0,"stop_code":42199,"Muni_Heb":"קרית ביאליק","stop_name":"הגליל/גולן"}},
{"type":"Feature","geometry":{"type":"Point","coordinates":[209101.6777395809,749812.3858956774]},"properties":{"OBJECTID_1":4007,"efficiency":0,"stop_code":42330,"Muni_Heb":"קרית ביאליק","stop_name":"המייסדים/הבנים"}},
{"type":"Feature","geometry":{"type":"Point","coordinates":[209092.33070141752,749826.4803918797]},"properties":{"OBJECTID_1":4008,"efficiency":0,"stop_code":42331,"Muni_Heb":"קרית ביאליק","stop_name":"המייסדים/השומר"}},
{"type":"Feature","geometry":{"type":"Point","coordinates":[208948.60013825813,750065.8501223419]},"properties":{"OBJECTID_1":4009,"efficiency":1,"stop_code":42556,"Muni_Heb":"קרית ביאליק","stop_name":"מרפאת זבולון"}},
{"type":"Feature","geometry":{"type":"Point","coordinates":[208920.07708210312,750093.9389894758]},"properties":{"OBJECTID_1":4010,"efficiency":1,"stop_code":42557,"Muni_Heb":"קרית ביאליק","stop_name":"מרפאת זבולון"}},
{"type":"Feature","geometry":{"type":"Point","coordinates":[208911.71404692798,750152.1718835025]},"properties":{"OBJECTID_1":4011,"efficiency":1,"stop_code":42667,"Muni_Heb":"קרית ביאליק","stop_name":"דרך עכו/המייסדים"}},
{"type":"Feature","geometry":{"type":"Point","coordinates":[209399.91458380834,749778.250632397]},"properties":{"OBJECTID_1":4012,"efficiency":1,"stop_code":42708,"Muni_Heb":"קרית ביאליק","stop_name":"האצל/הבנים"}},
{"type":"Feature","geometry":{"type":"Point","coordinates":[209352.07104714744,749501.597799466]},"properties":{"OBJECTID_1":4013,"efficiency":1,"stop_code":42709,"Muni_Heb":"קרית ביאליק","stop_name":"רבין/האצל"}},
{"type":"Feature","geometry":{"type":"Point","coordinates":[210085.49952414155,749197.2193232945]},"properties":{"OBJECTID_1":4014,"efficiency":1,"stop_code":42710,"Muni_Heb":"קרית ביאליק","stop_name":"דרך בגין/יקינטון"}},
{"type":"Feature","geometry":{"type":"Point","coordinates":[209883.1677791277,748997.5682780418]},"properties":{"OBJECTID_1":4015,"efficiency":1,"stop_code":42711,"Muni_Heb":"קרית ביאליק","stop_name":"יקינטון/לוטם"}},
{"type":"Feature","geometry":{"type":"Point","coordinates":[210006.89823715022,748756.5682928256]},"properties":{"OBJECTID_1":4016,"efficiency":1,"stop_code":42712,"Muni_Heb":"קרית ביאליק","stop_name":"יקינטון/יסמין"}},
{"type":"Feature","geometry":{"type":"Point","coordinates":[210122.70489487302,749038.260592314]},"properties":{"OBJECTID_1":4017,"efficiency":1,"stop_code":42713,"Muni_Heb":"קרית ביאליק","stop_name":"יקינטון/בגין"}},
{"type":"Feature","geometry":{"type":"Point","coordinates":[209238.20303446986,749569.3661763122]},"properties":{"OBJECTID_1":4018,"efficiency":0,"stop_code":42714,"Muni_Heb":"קרית ביאליק","stop_name":"רבין/האצ''ל"}},
{"type":"Feature","geometry":{"type":"Point","coordinates":[209223.10514734368,750264.2977958161]},"properties":{"OBJECTID_1":4019,"efficiency":0,"stop_code":42940,"Muni_Heb":"קרית ביאליק","stop_name":"דרור /בית ספר אורט אפק"}},
{"type":"Feature","geometry":{"type":"Point","coordinates":[208142.0676257834,747526.080725364]},"properties":{"OBJECTID_1":4020,"efficiency":0,"stop_code":47061,"Muni_Heb":"קרית ביאליק","stop_name":"החקלאים /אושה"}},
{"type":"Feature","geometry":{"type":"Point","coordinates":[209520.85868151972,753093.6793263427]},"properties":{"OBJECTID_1":4021,"efficiency":0,"stop_code":47361,"Muni_Heb":"קרית ביאליק","stop_name":"יוסף לוי /חרושת"}},
{"type":"Feature","geometry":{"type":"Point","coordinates":[209529.36098616204,753079.5860904077]},"properties":{"OBJECTID_1":4022,"efficiency":0,"stop_code":47362,"Muni_Heb":"קרית ביאליק","stop_name":"יוסף לוי/חרושת"}},
{"type":"Feature","geometry":{"type":"Point","coordinates":[209135.99449904135,749416.4275238779]},"properties":{"OBJECTID_1":4023,"efficiency":0,"stop_code":47442,"Muni_Heb":"קרית ביאליק","stop_name":"גד/בית ספר קדימה"}},
{"type":"Feature","geometry":{"type":"Point","coordinates":[209751.3539798094,752607.693049]},"properties":{"OBJECTID_1":4024,"efficiency":0,"stop_code":47664,"Muni_Heb":"קרית ביאליק","stop_name":"החרושת/הסדנה"}},
{"type":"Feature","geometry":{"type":"Point","coordinates":[209758.13752558167,752653.0456785166]},"properties":{"OBJECTID_1":4025,"efficiency":0,"stop_code":47665,"Muni_Heb":"קרית ביאליק","stop_name":"החרושת/הסדנה"}},
{"type":"Feature","geometry":{"type":"Point","coordinates":[209757.47918834508,752365.9184028666]},"properties":{"OBJECTID_1":4026,"efficiency":0,"stop_code":47666,"Muni_Heb":"קרית ביאליק","stop_name":"החרושת/המסגר"}},
{"type":"Feature","geometry":{"type":"Point","coordinates":[209765.2779043647,752112.3864998933]},"properties":{"OBJECTID_1":4027,"efficiency":0,"stop_code":47667,"Muni_Heb":"קרית ביאליק","stop_name":"החרושת/בעלי המלאכה"}},
{"type":"Feature","geometry":{"type":"Point","coordinates":[209755.45909862255,752026.7791639954]},"properties":{"OBJECTID_1":4028,"efficiency":0,"stop_code":47668,"Muni_Heb":"קרית ביאליק","stop_name":"החרושת/בעלי המלאכה"}},
{"type":"Feature","geometry":{"type":"Point","coordinates":[209764.9299104876,752328.5366990853]},"properties":{"OBJECTID_1":4029,"efficiency":0,"stop_code":47669,"Muni_Heb":"קרית ביאליק","stop_name":"החרושת/המסגר"}},
{"type":"Feature","geometry":{"type":"Point","coordinates":[208305.11127459907,748942.0071559775]},"properties":{"OBJECTID_1":4030,"efficiency":0,"stop_code":47791,"Muni_Heb":"קרית ביאליק","stop_name":"שדרות בן גוריון/הנרקיסים"}},
{"type":"Feature","geometry":{"type":"Point","coordinates":[209520.05906474433,751842.2504423327]},"properties":{"OBJECTID_1":4031,"efficiency":0,"stop_code":44068,"Muni_Heb":"קרית ביאליק","stop_name":"תחנת מוניות קרית ביאליק שדרות ח''ן והנס מולר"}},
{"type":"Feature","geometry":{"type":"Point","coordinates":[209440.47554778928,751819.4853450514]},"properties":{"OBJECTID_1":4032,"efficiency":0,"stop_code":44067,"Muni_Heb":"קרית ביאליק","stop_name":"תחנת מוניות קרית ביאליק שדרות ח''ן ושלום עליכם"}},
{"type":"Feature","geometry":{"type":"Point","coordinates":[210040.61491061657,748767.0716950044]},"properties":{"OBJECTID_1":4033,"efficiency":0,"stop_code":44066,"Muni_Heb":"קרית ביאליק","stop_name":"תחנת מוניות קרית ביאליק יקינטון ויסמין"}},
{"type":"Feature","geometry":{"type":"Point","coordinates":[210043.5082710461,748757.5312887636]},"properties":{"OBJECTID_1":4034,"efficiency":0,"stop_code":44065,"Muni_Heb":"קרית ביאליק","stop_name":"תחנת מוניות קרית ביאליק יקינטון ויסמין"}},
{"type":"Feature","geometry":{"type":"Point","coordinates":[207449.9673419663,746606.7452106227]},"properties":{"OBJECTID_1":4035,"efficiency":0,"stop_code":40229,"Muni_Heb":"קרית ביאליק","stop_name":"בית ספר אורט ביאליק"}},
{"type":"Feature","geometry":{"type":"Point","coordinates":[209452.72997693229,750251.1964383157]},"properties":{"OBJECTID_1":4036,"efficiency":0,"stop_code":43235,"Muni_Heb":"קרית ביאליק","stop_name":"חוגלה/דרור"}},
{"type":"Feature","geometry":{"type":"Point","coordinates":[209457.53214736757,750278.473533164]},"properties":{"OBJECTID_1":4037,"efficiency":0,"stop_code":43234,"Muni_Heb":"קרית ביאליק","stop_name":"חוגלה/עפרוני"}},
{"type":"Feature","geometry":{"type":"Point","coordinates":[209532.04883322498,750462.7182325537]},"properties":{"OBJECTID_1":4038,"efficiency":0,"stop_code":43233,"Muni_Heb":"קרית ביאליק","stop_name":"התל/חוגלה"}},
{"type":"Feature","geometry":{"type":"Point","coordinates":[207911.1776159402,746832.8773064074]},"properties":{"OBJECTID_1":4039,"efficiency":1,"stop_code":47451,"Muni_Heb":"קרית ביאליק","stop_name":"העמקים"}},
{"type":"Feature","geometry":{"type":"Point","coordinates":[207907.83585289196,746858.0559679716]},"properties":{"OBJECTID_1":4040,"efficiency":1,"stop_code":47450,"Muni_Heb":"קרית ביאליק","stop_name":"העמקים"}},
{"type":"Feature","geometry":{"type":"Point","coordinates":[210166.21948710835,750992.766872091]},"properties":{"OBJECTID_1":4041,"efficiency":0,"stop_code":56265,"Muni_Heb":"קרית ביאליק","stop_name":"מסוף נאות אפק/הורדה"}},
{"type":"Feature","geometry":{"type":"Point","coordinates":[210165.11460009843,751012.1759284665]},"properties":{"OBJECTID_1":4042,"efficiency":0,"stop_code":56264,"Muni_Heb":"קרית ביאליק","stop_name":"מסוף נאות אפק/איסוף"}},
{"type":"Feature","geometry":{"type":"Point","coordinates":[210215.88316979245,750848.4354642989]},"properties":{"OBJECTID_1":4043,"efficiency":0,"stop_code":56263,"Muni_Heb":"קרית ביאליק","stop_name":"נעמי שמר/אהוד מנור ב"}},
{"type":"Feature","geometry":{"type":"Point","coordinates":[210199.261796694,750792.8889121893]},"properties":{"OBJECTID_1":4044,"efficiency":0,"stop_code":56262,"Muni_Heb":"קרית ביאליק","stop_name":"נעמי שמר/יוסי בנאי"}},
{"type":"Feature","geometry":{"type":"Point","coordinates":[210240.89105966032,750664.2024986022]},"properties":{"OBJECTID_1":4045,"efficiency":0,"stop_code":56261,"Muni_Heb":"קרית ביאליק","stop_name":"נעמי שמר/שושנה דמרי"}},
{"type":"Feature","geometry":{"type":"Point","coordinates":[210215.251501953,750575.393567262]},"properties":{"OBJECTID_1":4046,"efficiency":0,"stop_code":56260,"Muni_Heb":"קרית ביאליק","stop_name":"נעמי שמר/יגאל בשן"}},
{"type":"Feature","geometry":{"type":"Point","coordinates":[210213.98891310237,750427.5615240887]},"properties":{"OBJECTID_1":4047,"efficiency":0,"stop_code":56259,"Muni_Heb":"קרית ביאליק","stop_name":"נעמי שמר/אהוד מנור א"}},
{"type":"Feature","geometry":{"type":"Point","coordinates":[210174.90320050198,750276.9926045758]},"properties":{"OBJECTID_1":4048,"efficiency":0,"stop_code":56258,"Muni_Heb":"קרית ביאליק","stop_name":"נעמי שמר/עוזי חיטמן"}},
{"type":"Feature","geometry":{"type":"Point","coordinates":[210128.2588952171,750251.7510519617]},"properties":{"OBJECTID_1":4049,"efficiency":0,"stop_code":56257,"Muni_Heb":"קרית ביאליק","stop_name":"בית עלמין צור שלום"}},
{"type":"Feature","geometry":{"type":"Point","coordinates":[210165.11460009843,751012.1759284665]},"properties":{"OBJECTID_1":4050,"efficiency":0,"stop_code":56264,"Muni_Heb":"קרית ביאליק","stop_name":"מסוף נאות אפק/איסוף"}},
{"type":"Feature","geometry":{"type":"Point","coordinates":[209363.16540393292,750093.6953760283]},"properties":{"OBJECTID_1":4051,"efficiency":1,"stop_code":43624,"Muni_Heb":"קרית ביאליק","stop_name":"פקאן"}},
{"type":"Feature","geometry":{"type":"Point","coordinates":[210165.11460009843,751012.1759284665]},"properties":{"OBJECTID_1":4052,"efficiency":0,"stop_code":56264,"Muni_Heb":"קרית ביאליק","stop_name":"מסוף נאות אפק/איסוף"}},
{"type":"Feature","geometry":{"type":"Point","coordinates":[163908.09360126682,580988.769712702]},"properties":{"OBJECTID_1":4053,"efficiency":0,"stop_code":10045,"Muni_Heb":"אופקים","stop_name":"שדרות הרצל/המלאכה"}},
{"type":"Feature","geometry":{"type":"Point","coordinates":[164035.36554724956,580287.2144074669]},"properties":{"OBJECTID_1":4054,"efficiency":0,"stop_code":10509,"Muni_Heb":"אופקים","stop_name":"שד.הרצל/משעול איריס"}},
{"type":"Feature","geometry":{"type":"Point","coordinates":[164018.61131514408,580593.224733855]},"properties":{"OBJECTID_1":4055,"efficiency":0,"stop_code":10510,"Muni_Heb":"אופקים","stop_name":"הרצל/עיריית אופקים"}},
{"type":"Feature","geometry":{"type":"Point","coordinates":[163956.5364986265,580789.3699155024]},"properties":{"OBJECTID_1":4056,"efficiency":0,"stop_code":10836,"Muni_Heb":"אופקים","stop_name":"הרצל/ז'בוטינסקי"}},
{"type":"Feature","geometry":{"type":"Point","coordinates":[164010.72762519494,580182.6726617602]},"properties":{"OBJECTID_1":4057,"efficiency":0,"stop_code":10837,"Muni_Heb":"אופקים","stop_name":"שדרות הרצל/גיבורי ישראל"}},
{"type":"Feature","geometry":{"type":"Point","coordinates":[164105.36470714997,579535.6237348189]},"properties":{"OBJECTID_1":4058,"efficiency":0,"stop_code":13426,"Muni_Heb":"אופקים","stop_name":"דרך הטייסים/דרך הנביאים"}},
{"type":"Feature","geometry":{"type":"Point","coordinates":[164295.13513537374,580897.7980461896]},"properties":{"OBJECTID_1":4059,"efficiency":0,"stop_code":14531,"Muni_Heb":"אופקים","stop_name":"ז'בוטינסקי/נחושתן"}},
{"type":"Feature","geometry":{"type":"Point","coordinates":[163047.9522372023,580670.6994701715]},"properties":{"OBJECTID_1":4060,"efficiency":0,"stop_code":14533,"Muni_Heb":"אופקים","stop_name":"שוק"}},
{"type":"Feature","geometry":{"type":"Point","coordinates":[163614.36047883242,580957.7319265314]},"properties":{"OBJECTID_1":4061,"efficiency":0,"stop_code":14534,"Muni_Heb":"אופקים","stop_name":"מכבי אש"}},
{"type":"Feature","geometry":{"type":"Point","coordinates":[163491.81233848564,579756.3196304743]},"properties":{"OBJECTID_1":4062,"efficiency":0,"stop_code":14537,"Muni_Heb":"אופקים","stop_name":"החרוב/הארזים"}},
{"type":"Feature","geometry":{"type":"Point","coordinates":[163483.8295332276,579705.4676487537]},"properties":{"OBJECTID_1":4063,"efficiency":0,"stop_code":14538,"Muni_Heb":"אופקים","stop_name":"החרוב/דרך בית וגן"}},
{"type":"Feature","geometry":{"type":"Point","coordinates":[164511.5605425285,579619.1979926022]},"properties":{"OBJECTID_1":4064,"efficiency":0,"stop_code":14540,"Muni_Heb":"אופקים","stop_name":"חפץ חיים/רפאל אלנקווה"}},
{"type":"Feature","geometry":{"type":"Point","coordinates":[164547.89738460182,579595.1681376098]},"properties":{"OBJECTID_1":4065,"efficiency":0,"stop_code":14541,"Muni_Heb":"אופקים","stop_name":"חפץ חיים/רפאל אלנקווה"}},
{"type":"Feature","geometry":{"type":"Point","coordinates":[164321.54824701513,579657.7844310708]},"properties":{"OBJECTID_1":4066,"efficiency":0,"stop_code":14542,"Muni_Heb":"אופקים","stop_name":"חפץ חיים/שבזי"}},
{"type":"Feature","geometry":{"type":"Point","coordinates":[164705.42402143602,578804.649401169]},"properties":{"OBJECTID_1":4067,"efficiency":0,"stop_code":14904,"Muni_Heb":"אופקים","stop_name":"דוד המלך/אסא"}},
{"type":"Feature","geometry":{"type":"Point","coordinates":[164694.808467641,578795.612619762]},"properties":{"OBJECTID_1":4068,"efficiency":0,"stop_code":14905,"Muni_Heb":"אופקים","stop_name":"דוד המלך/אסא"}},
{"type":"Feature","geometry":{"type":"Point","coordinates":[163789.23722019108,581228.5720051351]},"properties":{"OBJECTID_1":4069,"efficiency":0,"stop_code":14906,"Muni_Heb":"אופקים","stop_name":"קיבוץ גלויות/ש''ד הרצל"}},
{"type":"Feature","geometry":{"type":"Point","coordinates":[163461.98244570562,581104.4652787944]},"properties":{"OBJECTID_1":4070,"efficiency":0,"stop_code":14908,"Muni_Heb":"אופקים","stop_name":"קיבוץ גלויות/רחבת דדו"}},
{"type":"Feature","geometry":{"type":"Point","coordinates":[163362.22274327878,580784.2184352326]},"properties":{"OBJECTID_1":4071,"efficiency":0,"stop_code":14909,"Muni_Heb":"אופקים","stop_name":"קיבוץ גלויות/קדש"}},
{"type":"Feature","geometry":{"type":"Point","coordinates":[163369.81319292152,580815.1137206693]},"properties":{"OBJECTID_1":4072,"efficiency":0,"stop_code":14910,"Muni_Heb":"אופקים","stop_name":"קיבוץ גלויות/חיים חורי"}},
{"type":"Feature","geometry":{"type":"Point","coordinates":[163266.935400175,580624.5050338313]},"properties":{"OBJECTID_1":4073,"efficiency":0,"stop_code":14912,"Muni_Heb":"אופקים","stop_name":"חיים חורי/פרי מגדים"}},
{"type":"Feature","geometry":{"type":"Point","coordinates":[163255.25782761996,580612.5924785782]},"properties":{"OBJECTID_1":4074,"efficiency":0,"stop_code":14913,"Muni_Heb":"אופקים","stop_name":"פרי מגדים/חיים חורי"}},
{"type":"Feature","geometry":{"type":"Point","coordinates":[163136.56904638882,580243.9940399203]},"properties":{"OBJECTID_1":4075,"efficiency":0,"stop_code":14917,"Muni_Heb":"אופקים","stop_name":"פרי מגדים/העינב"}},
{"type":"Feature","geometry":{"type":"Point","coordinates":[163146.57109049786,580245.1600174854]},"properties":{"OBJECTID_1":4076,"efficiency":0,"stop_code":14918,"Muni_Heb":"אופקים","stop_name":"פרי מגדים/העינב"}},
{"type":"Feature","geometry":{"type":"Point","coordinates":[163851.44255233652,579945.7869088472]},"properties":{"OBJECTID_1":4077,"efficiency":0,"stop_code":14919,"Muni_Heb":"אופקים","stop_name":"משה שרת/השקד"}},
{"type":"Feature","geometry":{"type":"Point","coordinates":[163887.0963273674,579955.0227559368]},"properties":{"OBJECTID_1":4078,"efficiency":0,"stop_code":14920,"Muni_Heb":"אופקים","stop_name":"משה שרת/שדרות הרצל"}},
{"type":"Feature","geometry":{"type":"Point","coordinates":[163569.76492402353,579877.9840945941]},"properties":{"OBJECTID_1":4079,"efficiency":0,"stop_code":14921,"Muni_Heb":"אופקים","stop_name":"משה שרת/החרוב"}},
{"type":"Feature","geometry":{"type":"Point","coordinates":[163577.91000439203,579870.0680923413]},"properties":{"OBJECTID_1":4080,"efficiency":0,"stop_code":14922,"Muni_Heb":"אופקים","stop_name":"משה שרת/החרוב"}},
{"type":"Feature","geometry":{"type":"Point","coordinates":[164606.57878624223,578928.7983034543]},"properties":{"OBJECTID_1":4081,"efficiency":0,"stop_code":14925,"Muni_Heb":"אופקים","stop_name":"ירושלים/קרית ספר"}},
{"type":"Feature","geometry":{"type":"Point","coordinates":[164126.54843857724,579003.6148991972]},"properties":{"OBJECTID_1":4082,"efficiency":0,"stop_code":14926,"Muni_Heb":"אופקים","stop_name":"קרית ספר/אליהו התשבי"}},
{"type":"Feature","geometry":{"type":"Point","coordinates":[164140.10605858755,578992.7879465228]},"properties":{"OBJECTID_1":4083,"efficiency":0,"stop_code":14927,"Muni_Heb":"אופקים","stop_name":"קרית ספר/אליהו התשבי"}},
{"type":"Feature","geometry":{"type":"Point","coordinates":[164121.87346730282,579362.5618932397]},"properties":{"OBJECTID_1":4084,"efficiency":0,"stop_code":14928,"Muni_Heb":"אופקים","stop_name":"מגדל המים"}},
{"type":"Feature","geometry":{"type":"Point","coordinates":[164121.80362155632,579331.2938246202]},"properties":{"OBJECTID_1":4085,"efficiency":0,"stop_code":14929,"Muni_Heb":"אופקים","stop_name":"מגדל המים"}},
{"type":"Feature","geometry":{"type":"Point","coordinates":[164425.48226364987,578981.5286700025]},"properties":{"OBJECTID_1":4086,"efficiency":0,"stop_code":14930,"Muni_Heb":"אופקים","stop_name":"קרית ספר/יואל"}},
{"type":"Feature","geometry":{"type":"Point","coordinates":[163126.02244095923,579928.9254693841]},"properties":{"OBJECTID_1":4087,"efficiency":0,"stop_code":14931,"Muni_Heb":"אופקים","stop_name":"פרי מגדים/התמר"}},
{"type":"Feature","geometry":{"type":"Point","coordinates":[163115.28282136493,579914.568644634]},"properties":{"OBJECTID_1":4088,"efficiency":0,"stop_code":14932,"Muni_Heb":"אופקים","stop_name":"פרי מגדים/ערבה"}},
{"type":"Feature","geometry":{"type":"Point","coordinates":[163100.03274213892,579681.0233421085]},"properties":{"OBJECTID_1":4089,"efficiency":0,"stop_code":14933,"Muni_Heb":"אופקים","stop_name":"פרי מגדים/הגורן"}},
{"type":"Feature","geometry":{"type":"Point","coordinates":[163110.22211595197,579681.5229313248]},"properties":{"OBJECTID_1":4090,"efficiency":0,"stop_code":14934,"Muni_Heb":"אופקים","stop_name":"פרי מגדים/ארבעת המינים"}},
{"type":"Feature","geometry":{"type":"Point","coordinates":[165049.75491864447,578777.7980297246]},"properties":{"OBJECTID_1":4091,"efficiency":0,"stop_code":14935,"Muni_Heb":"אופקים","stop_name":"דוד המלך/שלמה המלך"}},
{"type":"Feature","geometry":{"type":"Point","coordinates":[165076.82698374655,578765.6825153988]},"properties":{"OBJECTID_1":4092,"efficiency":0,"stop_code":14936,"Muni_Heb":"אופקים","stop_name":"דוד המלך/שלמה המלך"}},
{"type":"Feature","geometry":{"type":"Point","coordinates":[164053.42801358196,579922.3193392276]},"properties":{"OBJECTID_1":4093,"efficiency":0,"stop_code":15287,"Muni_Heb":"אופקים","stop_name":"החיד''א/בן איש חי"}},
{"type":"Feature","geometry":{"type":"Point","coordinates":[164628.8169226876,579521.7848361772]},"properties":{"OBJECTID_1":4094,"efficiency":0,"stop_code":15289,"Muni_Heb":"אופקים","stop_name":"דוד בוזגלו/רפאל אלנקווה"}},
{"type":"Feature","geometry":{"type":"Point","coordinates":[164618.23692637502,579373.8138892985]},"properties":{"OBJECTID_1":4095,"efficiency":0,"stop_code":15290,"Muni_Heb":"אופקים","stop_name":"דוד בוזגלו/טייסים"}},
{"type":"Feature","geometry":{"type":"Point","coordinates":[163870.3412151285,581121.584278471]},"properties":{"OBJECTID_1":4096,"efficiency":0,"stop_code":15291,"Muni_Heb":"אופקים","stop_name":"שד. הרצל/הנשיא"}},
{"type":"Feature","geometry":{"type":"Point","coordinates":[164018.9020546113,580360.2613558284]},"properties":{"OBJECTID_1":4097,"efficiency":0,"stop_code":15294,"Muni_Heb":"אופקים","stop_name":"שדרות הרצל/כצנלסון"}},
{"type":"Feature","geometry":{"type":"Point","coordinates":[163897.80179797043,579747.6179699899]},"properties":{"OBJECTID_1":4098,"efficiency":0,"stop_code":15296,"Muni_Heb":"אופקים","stop_name":"שדרות הרצל"}},
{"type":"Feature","geometry":{"type":"Point","coordinates":[164768.56743298817,579246.4024555343]},"properties":{"OBJECTID_1":4099,"efficiency":0,"stop_code":15298,"Muni_Heb":"אופקים","stop_name":"דרך הטייסים/דרך בוזגלו"}},
{"type":"Feature","geometry":{"type":"Point","coordinates":[164376.55011041637,579417.4375300793]},"properties":{"OBJECTID_1":4100,"efficiency":0,"stop_code":15299,"Muni_Heb":"אופקים","stop_name":"דרך הטייסים/רבי עקיבא"}},
{"type":"Feature","geometry":{"type":"Point","coordinates":[164177.01804388105,579871.9919966195]},"properties":{"OBJECTID_1":4101,"efficiency":0,"stop_code":15300,"Muni_Heb":"אופקים","stop_name":"בית ספר שושנים/החיד''א"}},
{"type":"Feature","geometry":{"type":"Point","coordinates":[163967.0536675374,579593.3478833941]},"properties":{"OBJECTID_1":4102,"efficiency":0,"stop_code":15302,"Muni_Heb":"אופקים","stop_name":"דרך הטייסים/האר''י"}},
{"type":"Feature","geometry":{"type":"Point","coordinates":[164010.70888513647,579549.2079421949]},"properties":{"OBJECTID_1":4103,"efficiency":0,"stop_code":15303,"Muni_Heb":"אופקים","stop_name":"תיכון מקיף"}},
{"type":"Feature","geometry":{"type":"Point","coordinates":[163884.0524120585,581158.2133268975]},"properties":{"OBJECTID_1":4104,"efficiency":0,"stop_code":15693,"Muni_Heb":"אופקים","stop_name":"הרצל/קיבוץ גלויות"}},
{"type":"Feature","geometry":{"type":"Point","coordinates":[163550.57026980937,579616.9608046171]},"properties":{"OBJECTID_1":4105,"efficiency":0,"stop_code":17902,"Muni_Heb":"אופקים","stop_name":"דרך בית וגן/החרוב"}},
{"type":"Feature","geometry":{"type":"Point","coordinates":[164007.05683462525,580046.6407436775]},"properties":{"OBJECTID_1":4106,"efficiency":0,"stop_code":19395,"Muni_Heb":"אופקים","stop_name":"שדרות הרצל/החיד''א"}},
{"type":"Feature","geometry":{"type":"Point","coordinates":[163976.40709133042,580784.7185326337]},"properties":{"OBJECTID_1":4107,"efficiency":0,"stop_code":19763,"Muni_Heb":"אופקים","stop_name":"הרצל/מבצע קדש"}},
{"type":"Feature","geometry":{"type":"Point","coordinates":[164278.88493332203,579926.6740693679]},"properties":{"OBJECTID_1":4108,"efficiency":1,"stop_code":19986,"Muni_Heb":"אופקים","stop_name":"אודם/החיד''א"}},
{"type":"Feature","geometry":{"type":"Point","coordinates":[164352.61127042377,580133.74508222]},"properties":{"OBJECTID_1":4109,"efficiency":1,"stop_code":19985,"Muni_Heb":"אופקים","stop_name":"ביל''ו/לח''י"}},
{"type":"Feature","geometry":{"type":"Point","coordinates":[164362.40824655374,580132.1411962899]},"properties":{"OBJECTID_1":4110,"efficiency":1,"stop_code":19984,"Muni_Heb":"אופקים","stop_name":"ביל''ו/לח''י"}},
{"type":"Feature","geometry":{"type":"Point","coordinates":[164365.515559323,580379.1684296035]},"properties":{"OBJECTID_1":4111,"efficiency":1,"stop_code":19983,"Muni_Heb":"אופקים","stop_name":"ביל''ו/עולי הגרדום"}},
{"type":"Feature","geometry":{"type":"Point","coordinates":[164355.70789152718,580360.5919010965]},"properties":{"OBJECTID_1":4112,"efficiency":1,"stop_code":19982,"Muni_Heb":"אופקים","stop_name":"ביל''ו/טרומפלדור"}},
{"type":"Feature","geometry":{"type":"Point","coordinates":[164189.76526870648,580556.1733306679]},"properties":{"OBJECTID_1":4113,"efficiency":1,"stop_code":19981,"Muni_Heb":"אופקים","stop_name":"מרכז ביג/שדרות יהדות דרום אפריקה"}},
{"type":"Feature","geometry":{"type":"Point","coordinates":[164173.19354020045,580536.6347759069]},"properties":{"OBJECTID_1":4114,"efficiency":1,"stop_code":19980,"Muni_Heb":"אופקים","stop_name":"מרכז ביג/שדרות יהדות דרום אפריקה"}},
{"type":"Feature","geometry":{"type":"Point","coordinates":[164109.74425651215,580689.4315686864]},"properties":{"OBJECTID_1":4115,"efficiency":1,"stop_code":19979,"Muni_Heb":"אופקים","stop_name":"הרמב''ם/רחבת הרקפת"}},
{"type":"Feature","geometry":{"type":"Point","coordinates":[164101.1302105992,580680.6065979347]},"properties":{"OBJECTID_1":4116,"efficiency":1,"stop_code":19978,"Muni_Heb":"אופקים","stop_name":"הרמב''ם/שדרות יהדות דרום אפריקה"}},
{"type":"Feature","geometry":{"type":"Point","coordinates":[164063.49039883772,580871.4106826581]},"properties":{"OBJECTID_1":4117,"efficiency":1,"stop_code":19977,"Muni_Heb":"אופקים","stop_name":"הרמב''ם/ז'בוטינסקי"}},
{"type":"Feature","geometry":{"type":"Point","coordinates":[164060.43344693724,580851.357268572]},"properties":{"OBJECTID_1":4118,"efficiency":1,"stop_code":19976,"Muni_Heb":"אופקים","stop_name":"הרמב''ם/רחבת השיקמה"}},
{"type":"Feature","geometry":{"type":"Point","coordinates":[164090.10712002276,580630.2137479066]},"properties":{"OBJECTID_1":4119,"efficiency":0,"stop_code":44010,"Muni_Heb":"אופקים","stop_name":"תחנת מוניות אופקים שד' יהדות דרא''פ"}},
{"type":"Feature","geometry":{"type":"Point","coordinates":[163875.3839595603,579685.1996971589]},"properties":{"OBJECTID_1":4120,"efficiency":0,"stop_code":44009,"Muni_Heb":"אופקים","stop_name":"תחנת מוניות אופקים שדרות הרצל"}},
{"type":"Feature","geometry":{"type":"Point","coordinates":[164095.01641097106,581271.0825775584]},"properties":{"OBJECTID_1":4121,"efficiency":0,"stop_code":18059,"Muni_Heb":"אופקים","stop_name":"אפיקים בנגב/הכשרת היישוב"}},
{"type":"Feature","geometry":{"type":"Point","coordinates":[164673.37945466908,581271.3687630757]},"properties":{"OBJECTID_1":4122,"efficiency":0,"stop_code":18058,"Muni_Heb":"אופקים","stop_name":"דרך הרכבת/תוצרת הארץ"}},
{"type":"Feature","geometry":{"type":"Point","coordinates":[164792.61061363254,581263.8713669187]},"properties":{"OBJECTID_1":4123,"efficiency":0,"stop_code":18057,"Muni_Heb":"אופקים","stop_name":"דרך הרכבת/חנית קיקוס"}},
{"type":"Feature","geometry":{"type":"Point","coordinates":[164183.87741893285,581262.6299673065]},"properties":{"OBJECTID_1":4124,"efficiency":0,"stop_code":18056,"Muni_Heb":"אופקים","stop_name":"מרכז מסחרי/אפיקים בנגב"}},
{"type":"Feature","geometry":{"type":"Point","coordinates":[165148.7725400155,581313.0244434262]},"properties":{"OBJECTID_1":4125,"efficiency":0,"stop_code":11355,"Muni_Heb":"אופקים","stop_name":"ת. רכבת אופקים/הורדה"}},
{"type":"Feature","geometry":{"type":"Point","coordinates":[165123.20122608048,581282.8864006344]},"properties":{"OBJECTID_1":4126,"efficiency":0,"stop_code":11354,"Muni_Heb":"אופקים","stop_name":"ת. רכבת אופקים/רציפים"}},
{"type":"Feature","geometry":{"type":"Point","coordinates":[164280.45862791687,579683.0597424459]},"properties":{"OBJECTID_1":4127,"efficiency":0,"stop_code":11356,"Muni_Heb":"אופקים","stop_name":"חפץ חיים/שבזי"}},
{"type":"Feature","geometry":{"type":"Point","coordinates":[165233.41855378472,581391.3116445218]},"properties":{"OBJECTID_1":4128,"efficiency":0,"stop_code":17109,"Muni_Heb":"אופקים","stop_name":"אופקים"}},
{"type":"Feature","geometry":{"type":"Point","coordinates":[163383.3313352031,581064.3032688067]},"properties":{"OBJECTID_1":4129,"efficiency":0,"stop_code":18338,"Muni_Heb":"אופקים","stop_name":"קיבוץ גלויות/הנשיא"}},
{"type":"Feature","geometry":{"type":"Point","coordinates":[164254.5481429536,580421.2219307725]},"properties":{"OBJECTID_1":4130,"efficiency":0,"stop_code":18336,"Muni_Heb":"אופקים","stop_name":"עולי הגרדום/יגאל אלון"}},
{"type":"Feature","geometry":{"type":"Point","coordinates":[164539.1253064621,580846.1762645576]},"properties":{"OBJECTID_1":4131,"efficiency":0,"stop_code":18334,"Muni_Heb":"אופקים","stop_name":"שופרסל/ז'בוטינסקי"}},
{"type":"Feature","geometry":{"type":"Point","coordinates":[164669.5635040959,580814.6684986989]},"properties":{"OBJECTID_1":4132,"efficiency":0,"stop_code":18333,"Muni_Heb":"אופקים","stop_name":"שופרסל/ז'בוטינסקי"}},
{"type":"Feature","geometry":{"type":"Point","coordinates":[164314.29012011905,580431.5520309414]},"properties":{"OBJECTID_1":4133,"efficiency":0,"stop_code":18331,"Muni_Heb":"אופקים","stop_name":"עולי הגרדום/יגאל אלון"}},
{"type":"Feature","geometry":{"type":"Point","coordinates":[164396.8304688165,579381.5164140204]},"properties":{"OBJECTID_1":4134,"efficiency":0,"stop_code":18329,"Muni_Heb":"אופקים","stop_name":"דרך הטייסים/ישעיהו"}},
{"type":"Feature","geometry":{"type":"Point","coordinates":[163666.02310330595,580362.7992254022]},"properties":{"OBJECTID_1":4135,"efficiency":0,"stop_code":18328,"Muni_Heb":"אופקים","stop_name":"גולומב/יהודה הלוי"}},
{"type":"Feature","geometry":{"type":"Point","coordinates":[163762.087616056,580490.3563917906]},"properties":{"OBJECTID_1":4136,"efficiency":0,"stop_code":18327,"Muni_Heb":"אופקים","stop_name":"גולומב/יהודה הלוי"}},
{"type":"Feature","geometry":{"type":"Point","coordinates":[163448.02604658352,579632.8098880098]},"properties":{"OBJECTID_1":4137,"efficiency":0,"stop_code":18075,"Muni_Heb":"אופקים","stop_name":"בית וגן/החרוב"}},
{"type":"Feature","geometry":{"type":"Point","coordinates":[165131.73402488325,578576.2350914967]},"properties":{"OBJECTID_1":4138,"efficiency":0,"stop_code":18072,"Muni_Heb":"אופקים","stop_name":"דרך הטייסים/דרך ישרים"}},
{"type":"Feature","geometry":{"type":"Point","coordinates":[164291.29675313688,579933.4834532851]},"properties":{"OBJECTID_1":4139,"efficiency":0,"stop_code":18068,"Muni_Heb":"אופקים","stop_name":"אודם/החיד''א"}},
{"type":"Feature","geometry":{"type":"Point","coordinates":[163095.7488864595,580389.2465784141]},"properties":{"OBJECTID_1":4140,"efficiency":0,"stop_code":18066,"Muni_Heb":"אופקים","stop_name":"התירוש/פרי מגדים"}},
{"type":"Feature","geometry":{"type":"Point","coordinates":[162928.77433343968,580371.5177243437]},"properties":{"OBJECTID_1":4141,"efficiency":0,"stop_code":18065,"Muni_Heb":"אופקים","stop_name":"התירוש/הכרמים"}},
{"type":"Feature","geometry":{"type":"Point","coordinates":[162856.1761896321,580131.5182680992]},"properties":{"OBJECTID_1":4142,"efficiency":0,"stop_code":18064,"Muni_Heb":"אופקים","stop_name":"הכרמים/בן שמן"}},
{"type":"Feature","geometry":{"type":"Point","coordinates":[162947.08251746034,579882.764022163]},"properties":{"OBJECTID_1":4143,"efficiency":0,"stop_code":18063,"Muni_Heb":"אופקים","stop_name":"התמר/הכרמים"}},
{"type":"Feature","geometry":{"type":"Point","coordinates":[163397.71512579115,580194.2496641575]},"properties":{"OBJECTID_1":4144,"efficiency":0,"stop_code":18061,"Muni_Heb":"אופקים","stop_name":"גולומב/אבו חצירא"}},
{"type":"Feature","geometry":{"type":"Point","coordinates":[163808.540719441,580633.3684503842]},"properties":{"OBJECTID_1":4145,"efficiency":0,"stop_code":18060,"Muni_Heb":"אופקים","stop_name":"גולומב/מבצע קדש"}},
{"type":"Feature","geometry":{"type":"Point","coordinates":[163845.53733140216,580662.8882779276]},"properties":{"OBJECTID_1":4146,"efficiency":0,"stop_code":18055,"Muni_Heb":"אופקים","stop_name":"מבצע קדש/גולומב"}},
{"type":"Feature","geometry":{"type":"Point","coordinates":[163402.03895598877,580183.9145691735]},"properties":{"OBJECTID_1":4147,"efficiency":0,"stop_code":18054,"Muni_Heb":"אופקים","stop_name":"גולומב/קיבוץ גלויות"}},
{"type":"Feature","geometry":{"type":"Point","coordinates":[163061.80362978103,579865.8465760412]},"properties":{"OBJECTID_1":4148,"efficiency":0,"stop_code":18052,"Muni_Heb":"אופקים","stop_name":"פרי מגדים/התמר"}},
{"type":"Feature","geometry":{"type":"Point","coordinates":[162854.5422704154,580093.3838143308]},"properties":{"OBJECTID_1":4149,"efficiency":0,"stop_code":18051,"Muni_Heb":"אופקים","stop_name":"הכרמים/בן שמן"}},
{"type":"Feature","geometry":{"type":"Point","coordinates":[163022.99877684316,580403.1655914276]},"properties":{"OBJECTID_1":4150,"efficiency":0,"stop_code":18049,"Muni_Heb":"אופקים","stop_name":"התירוש/הנגב"}},
{"type":"Feature","geometry":{"type":"Point","coordinates":[164283.94188299717,580615.9965174351]},"properties":{"OBJECTID_1":4151,"efficiency":0,"stop_code":11437,"Muni_Heb":"אופקים","stop_name":"מרכז ביג/שדרות יהדות דרום אפריקה"}},
{"type":"Feature","geometry":{"type":"Point","coordinates":[164670.054772755,579706.7407638092]},"properties":{"OBJECTID_1":4152,"efficiency":0,"stop_code":11436,"Muni_Heb":"אופקים","stop_name":"דוד בוזגלו/החיד''א"}},
{"type":"Feature","geometry":{"type":"Point","coordinates":[164622.21851755207,579770.9693110974]},"properties":{"OBJECTID_1":4153,"efficiency":0,"stop_code":11435,"Muni_Heb":"אופקים","stop_name":"החיד''א/דוד בוזגלו"}},
{"type":"Feature","geometry":{"type":"Point","coordinates":[164177.39948562716,579890.1744567369]},"properties":{"OBJECTID_1":4154,"efficiency":0,"stop_code":11434,"Muni_Heb":"אופקים","stop_name":"החיד''א/האודם"}},
{"type":"Feature","geometry":{"type":"Point","coordinates":[163885.5581111848,579772.6311645566]},"properties":{"OBJECTID_1":4155,"efficiency":0,"stop_code":11433,"Muni_Heb":"אופקים","stop_name":"מתנ''ס שדרות הרצל"}},
{"type":"Feature","geometry":{"type":"Point","coordinates":[163787.32856679548,579650.6285123628]},"properties":{"OBJECTID_1":4156,"efficiency":0,"stop_code":11431,"Muni_Heb":"אופקים","stop_name":"דרך בית וגן/שדרות הרצל"}},
{"type":"Feature","geometry":{"type":"Point","coordinates":[164015.14726371382,578804.1737832847]},"properties":{"OBJECTID_1":4157,"efficiency":0,"stop_code":11430,"Muni_Heb":"אופקים","stop_name":"דרך הנביאים/שעורה"}},
{"type":"Feature","geometry":{"type":"Point","coordinates":[164030.23088147346,578865.8548556499]},"properties":{"OBJECTID_1":4158,"efficiency":0,"stop_code":11429,"Muni_Heb":"אופקים","stop_name":"דרך הנביאים/שעורה"}},
{"type":"Feature","geometry":{"type":"Point","coordinates":[163935.03400853483,578724.4306159425]},"properties":{"OBJECTID_1":4159,"efficiency":0,"stop_code":11428,"Muni_Heb":"אופקים","stop_name":"כליל החורש"}},
{"type":"Feature","geometry":{"type":"Point","coordinates":[163875.30949311896,578737.2765813925]},"properties":{"OBJECTID_1":4160,"efficiency":0,"stop_code":11427,"Muni_Heb":"אופקים","stop_name":"כליל החורש"}},
{"type":"Feature","geometry":{"type":"Point","coordinates":[163695.1318485043,578837.4718257171]},"properties":{"OBJECTID_1":4161,"efficiency":0,"stop_code":11418,"Muni_Heb":"אופקים","stop_name":"דובדבן/כליל החורש"}},
{"type":"Feature","geometry":{"type":"Point","coordinates":[163687.74730853437,578863.235532216]},"properties":{"OBJECTID_1":4162,"efficiency":0,"stop_code":11417,"Muni_Heb":"אופקים","stop_name":"דובדבן/עוזרד"}},
{"type":"Feature","geometry":{"type":"Point","coordinates":[163691.4102356236,579050.7161455202]},"properties":{"OBJECTID_1":4163,"efficiency":0,"stop_code":11416,"Muni_Heb":"אופקים","stop_name":"דובדבן/צאלון"}},
{"type":"Feature","geometry":{"type":"Point","coordinates":[163703.54562758858,579094.7824091826]},"properties":{"OBJECTID_1":4164,"efficiency":0,"stop_code":11415,"Muni_Heb":"אופקים","stop_name":"דובדבן/צאלון"}},
{"type":"Feature","geometry":{"type":"Point","coordinates":[163915.274551246,579110.2907852479]},"properties":{"OBJECTID_1":4165,"efficiency":0,"stop_code":11414,"Muni_Heb":"אופקים","stop_name":"צאלון/אשל"}},
{"type":"Feature","geometry":{"type":"Point","coordinates":[164000.32653313383,579116.2717427851]},"properties":{"OBJECTID_1":4166,"efficiency":0,"stop_code":11412,"Muni_Heb":"אופקים","stop_name":"צאלון/דרך הנביאים"}},
{"type":"Feature","geometry":{"type":"Point","coordinates":[164601.81986609605,579001.8938570578]},"properties":{"OBJECTID_1":4167,"efficiency":0,"stop_code":11411,"Muni_Heb":"אופקים","stop_name":"ירושלים/קריית ספר"}},
{"type":"Feature","geometry":{"type":"Point","coordinates":[164670.431931024,579232.3894379812]},"properties":{"OBJECTID_1":4168,"efficiency":0,"stop_code":11410,"Muni_Heb":"אופקים","stop_name":"ירושלים/דרך הטייסים"}},
{"type":"Feature","geometry":{"type":"Point","coordinates":[162818.00863148549,580256.1335862703]},"properties":{"OBJECTID_1":4169,"efficiency":1,"stop_code":18050,"Muni_Heb":"אופקים","stop_name":"הכרמים/הזית"}},
{"type":"Feature","geometry":{"type":"Point","coordinates":[163781.93474359455,581215.7485773594]},"properties":{"OBJECTID_1":4170,"efficiency":0,"stop_code":18339,"Muni_Heb":"אופקים","stop_name":"קיבוץ גלויות/הרצל"}},
{"type":"Feature","geometry":{"type":"Point","coordinates":[164082.91750352574,580926.9704846076]},"properties":{"OBJECTID_1":4171,"efficiency":0,"stop_code":11531,"Muni_Heb":"אופקים","stop_name":"ז'בוטינסקי/הרמב''ם"}},
{"type":"Feature","geometry":{"type":"Point","coordinates":[164436.08891343436,578970.71757363]},"properties":{"OBJECTID_1":4172,"efficiency":0,"stop_code":11543,"Muni_Heb":"אופקים","stop_name":"קרית ספר/עמוס"}},
{"type":"Feature","geometry":{"type":"Point","coordinates":[164309.5355118522,580902.8228185258]},"properties":{"OBJECTID_1":4173,"efficiency":0,"stop_code":11583,"Muni_Heb":"אופקים","stop_name":"ז'בוטינסקי/נחושתן"}},
{"type":"Feature","geometry":{"type":"Point","coordinates":[164186.33780572674,579472.8812487979]},"properties":{"OBJECTID_1":4174,"efficiency":0,"stop_code":11625,"Muni_Heb":"אופקים","stop_name":"דרך הטייסים/דרך הנביאים"}},
{"type":"Feature","geometry":{"type":"Point","coordinates":[164805.59491581802,579208.3990067434]},"properties":{"OBJECTID_1":4175,"efficiency":0,"stop_code":11690,"Muni_Heb":"אופקים","stop_name":"דרך הטייסים/ירושלים"}},
{"type":"Feature","geometry":{"type":"Point","coordinates":[164148.445128522,581582.9318305523]},"properties":{"OBJECTID_1":4176,"efficiency":0,"stop_code":11687,"Muni_Heb":"אופקים","stop_name":"כביש 241"}},
{"type":"Feature","geometry":{"type":"Point","coordinates":[164214.8300567368,579784.9726096038]},"properties":{"OBJECTID_1":4177,"efficiency":0,"stop_code":11781,"Muni_Heb":"אופקים","stop_name":"עמרם בן דיואן/החיד''א"}},
{"type":"Feature","geometry":{"type":"Point","coordinates":[164073.1137233239,579900.3717002206]},"properties":{"OBJECTID_1":4178,"efficiency":0,"stop_code":11995,"Muni_Heb":"אופקים","stop_name":"החיד''א/בן איש חי"}},
{"type":"Feature","geometry":{"type":"Point","coordinates":[164710.06153942185,579911.4400840469]},"properties":{"OBJECTID_1":4179,"efficiency":0,"stop_code":12140,"Muni_Heb":"אופקים","stop_name":"פארק אופקים"}},
{"type":"Feature","geometry":{"type":"Point","coordinates":[164689.22715726157,579914.2100343044]},"properties":{"OBJECTID_1":4180,"efficiency":0,"stop_code":12139,"Muni_Heb":"אופקים","stop_name":"מסוף פארק אופקים"}},
{"type":"Feature","geometry":{"type":"Point","coordinates":[164931.8950479455,579750.0605483314]},"properties":{"OBJECTID_1":4181,"efficiency":0,"stop_code":12277,"Muni_Heb":"אופקים","stop_name":"פארק אופקים"}},
{"type":"Feature","geometry":{"type":"Point","coordinates":[163514.6268813445,579339.6166467011]},"properties":{"OBJECTID_1":4182,"efficiency":0,"stop_code":12329,"Muni_Heb":"אופקים","stop_name":"צאלון/חרצית"}},
{"type":"Feature","geometry":{"type":"Point","coordinates":[163488.2102977714,579580.92451987]},"properties":{"OBJECTID_1":4183,"efficiency":0,"stop_code":12328,"Muni_Heb":"אופקים","stop_name":"צאלון/דרך בית וגן"}},
{"type":"Feature","geometry":{"type":"Point","coordinates":[163106.51562533234,579523.3150905722]},"properties":{"OBJECTID_1":4184,"efficiency":0,"stop_code":12326,"Muni_Heb":"אופקים","stop_name":"כליל החורש/אתרוג"}},
{"type":"Feature","geometry":{"type":"Point","coordinates":[163172.6075571858,579012.7948080199]},"properties":{"OBJECTID_1":4185,"efficiency":0,"stop_code":12325,"Muni_Heb":"אופקים","stop_name":"כליל החורש/אשחר"}},
{"type":"Feature","geometry":{"type":"Point","coordinates":[163130.19039705337,579127.6738866728]},"properties":{"OBJECTID_1":4186,"efficiency":0,"stop_code":12456,"Muni_Heb":"אופקים","stop_name":"כליל החורש/אירוס"}},
{"type":"Feature","geometry":{"type":"Point","coordinates":[163132.61675944304,579207.1627878938]},"properties":{"OBJECTID_1":4187,"efficiency":0,"stop_code":12455,"Muni_Heb":"אופקים","stop_name":"כליל החורש/ברוש"}},
{"type":"Feature","geometry":{"type":"Point","coordinates":[163553.11745147378,579130.5109009101]},"properties":{"OBJECTID_1":4188,"efficiency":0,"stop_code":12454,"Muni_Heb":"אופקים","stop_name":"שדרות השיטה/צאלון"}},
{"type":"Feature","geometry":{"type":"Point","coordinates":[163288.71364685002,578932.6702912818]},"properties":{"OBJECTID_1":4189,"efficiency":0,"stop_code":12453,"Muni_Heb":"אופקים","stop_name":"שדרות השיטה/כליל החורש"}},
{"type":"Feature","geometry":{"type":"Point","coordinates":[163345.8142156273,578910.1883326378]},"properties":{"OBJECTID_1":4190,"efficiency":0,"stop_code":12452,"Muni_Heb":"אופקים","stop_name":"שדרות השיטה/כליל החורש"}},
{"type":"Feature","geometry":{"type":"Point","coordinates":[163529.7946425913,579184.6345373305]},"properties":{"OBJECTID_1":4191,"efficiency":0,"stop_code":12451,"Muni_Heb":"אופקים","stop_name":"שדרות השיטה/צאלון"}},
{"type":"Feature","geometry":{"type":"Point","coordinates":[164742.54806588238,580317.0955445467]},"properties":{"OBJECTID_1":4192,"efficiency":0,"stop_code":12620,"Muni_Heb":"אופקים","stop_name":"בצלאל/הבנאים"}},
{"type":"Feature","geometry":{"type":"Point","coordinates":[164765.40757253522,580520.1106539173]},"properties":{"OBJECTID_1":4193,"efficiency":0,"stop_code":12619,"Muni_Heb":"אופקים","stop_name":"בצלאל/הרתך"}},
{"type":"Feature","geometry":{"type":"Point","coordinates":[164722.2060151142,580286.3768244118]},"properties":{"OBJECTID_1":4194,"efficiency":0,"stop_code":12618,"Muni_Heb":"אופקים","stop_name":"בצלאל/הבורסקאי"}},
{"type":"Feature","geometry":{"type":"Point","coordinates":[164716.98545952217,579997.6694196818]},"properties":{"OBJECTID_1":4195,"efficiency":0,"stop_code":12617,"Muni_Heb":"אופקים","stop_name":"בצלאל/קהילות יעקב"}},
{"type":"Feature","geometry":{"type":"Point","coordinates":[164735.23521117787,580429.7890959806]},"properties":{"OBJECTID_1":4196,"efficiency":0,"stop_code":12616,"Muni_Heb":"אופקים","stop_name":"בצלאל/הרתך"}},
{"type":"Feature","geometry":{"type":"Point","coordinates":[164785.1220547886,580759.0678032879]},"properties":{"OBJECTID_1":4197,"efficiency":0,"stop_code":12615,"Muni_Heb":"אופקים","stop_name":"בצלאל/ז'בוטינסקי"}},
{"type":"Feature","geometry":{"type":"Point","coordinates":[164795.59006273202,580721.9788332346]},"properties":{"OBJECTID_1":4198,"efficiency":0,"stop_code":12614,"Muni_Heb":"אופקים","stop_name":"בצלאל/ז'בוטינסקי"}},
{"type":"Feature","geometry":{"type":"Point","coordinates":[164238.14706396236,580741.2011038533]},"properties":{"OBJECTID_1":4199,"efficiency":0,"stop_code":12683,"Muni_Heb":"אופקים","stop_name":"דרך הותיקים"}},
{"type":"Feature","geometry":{"type":"Point","coordinates":[165123.20122608048,581282.8864006344]},"properties":{"OBJECTID_1":4200,"efficiency":0,"stop_code":11354,"Muni_Heb":"אופקים","stop_name":"ת. רכבת אופקים/רציפים"}},
{"type":"Feature","geometry":{"type":"Point","coordinates":[165160.05606049387,578584.7371159403]},"properties":{"OBJECTID_1":4201,"efficiency":0,"stop_code":18067,"Muni_Heb":"אופקים","stop_name":"דרך הטייסים/קהילת מטרווסט"}},
{"type":"Feature","geometry":{"type":"Point","coordinates":[165123.20122608048,581282.8864006344]},"properties":{"OBJECTID_1":4202,"efficiency":0,"stop_code":11354,"Muni_Heb":"אופקים","stop_name":"ת. רכבת אופקים/רציפים"}},
{"type":"Feature","geometry":{"type":"Point","coordinates":[165123.20122608048,581282.8864006344]},"properties":{"OBJECTID_1":4203,"efficiency":0,"stop_code":11354,"Muni_Heb":"אופקים","stop_name":"ת. רכבת אופקים/רציפים"}},
{"type":"Feature","geometry":{"type":"Point","coordinates":[165186.707119473,578527.9390902612]},"properties":{"OBJECTID_1":4204,"efficiency":0,"stop_code":12811,"Muni_Heb":"אופקים","stop_name":"קהילת מטרוווסט/דרך טייסים"}},
{"type":"Feature","geometry":{"type":"Point","coordinates":[165188.44725788792,578146.6109008554]},"properties":{"OBJECTID_1":4205,"efficiency":0,"stop_code":12812,"Muni_Heb":"אופקים","stop_name":"דרך הטייסים/דרך הבשמים"}},
{"type":"Feature","geometry":{"type":"Point","coordinates":[165345.59671276103,578560.9366456276]},"properties":{"OBJECTID_1":4206,"efficiency":0,"stop_code":12826,"Muni_Heb":"אופקים","stop_name":"קהילת מטרווסט/הנגב"}},
{"type":"Feature","geometry":{"type":"Point","coordinates":[165587.23431166488,578818.2665582183]},"properties":{"OBJECTID_1":4207,"efficiency":0,"stop_code":12818,"Muni_Heb":"אופקים","stop_name":"הנגב/שדרות הציונות"}},
{"type":"Feature","geometry":{"type":"Point","coordinates":[165737.95728026464,578633.5420947784]},"properties":{"OBJECTID_1":4208,"efficiency":0,"stop_code":12820,"Muni_Heb":"אופקים","stop_name":"מכתש רמון/קהילת מטרווסט"}},
{"type":"Feature","geometry":{"type":"Point","coordinates":[165510.79398174558,579079.8948020332]},"properties":{"OBJECTID_1":4209,"efficiency":1,"stop_code":12814,"Muni_Heb":"אופקים","stop_name":"שדרות הציונות"}},
{"type":"Feature","geometry":{"type":"Point","coordinates":[165548.04138934985,579046.9933478645]},"properties":{"OBJECTID_1":4210,"efficiency":1,"stop_code":12816,"Muni_Heb":"אופקים","stop_name":"שדרות הציונות/חצרים"}},
{"type":"Feature","geometry":{"type":"Point","coordinates":[165148.43582595175,579006.6990844287]},"properties":{"OBJECTID_1":4211,"efficiency":1,"stop_code":12808,"Muni_Heb":"אופקים","stop_name":"דרך הטייסים"}},
{"type":"Feature","geometry":{"type":"Point","coordinates":[165568.14507609422,579049.8838389986]},"properties":{"OBJECTID_1":4212,"efficiency":1,"stop_code":12815,"Muni_Heb":"אופקים","stop_name":"שדרות הציונות/אורים"}},
{"type":"Feature","geometry":{"type":"Point","coordinates":[165794.07393361305,578361.7078540577]},"properties":{"OBJECTID_1":4213,"efficiency":1,"stop_code":12822,"Muni_Heb":"אופקים","stop_name":"הרי אילת/מכתש רמון"}},
{"type":"Feature","geometry":{"type":"Point","coordinates":[165728.8448113186,578713.3120719901]},"properties":{"OBJECTID_1":4214,"efficiency":0,"stop_code":12819,"Muni_Heb":"אופקים","stop_name":"הנגב/קהילת מטרווסט"}},
{"type":"Feature","geometry":{"type":"Point","coordinates":[165809.17077202335,578390.6813586955]},"properties":{"OBJECTID_1":4215,"efficiency":0,"stop_code":12821,"Muni_Heb":"אופקים","stop_name":"מכתש רמון/הרי אילת"}},
{"type":"Feature","geometry":{"type":"Point","coordinates":[165123.20122608048,581282.8864006344]},"properties":{"OBJECTID_1":4216,"efficiency":0,"stop_code":11354,"Muni_Heb":"אופקים","stop_name":"ת. רכבת אופקים/רציפים"}},
{"type":"Feature","geometry":{"type":"Point","coordinates":[165205.7204958796,579055.9662990047]},"properties":{"OBJECTID_1":4217,"efficiency":0,"stop_code":12809,"Muni_Heb":"אופקים","stop_name":"דרך הטייסים/הציונות"}},
{"type":"Feature","geometry":{"type":"Point","coordinates":[165130.6820131766,578483.4333126551]},"properties":{"OBJECTID_1":4218,"efficiency":0,"stop_code":12810,"Muni_Heb":"אופקים","stop_name":"דרך הטייסים/דרך ישרים"}},
{"type":"Feature","geometry":{"type":"Point","coordinates":[165433.1471654084,578348.9247243127]},"properties":{"OBJECTID_1":4219,"efficiency":0,"stop_code":12823,"Muni_Heb":"אופקים","stop_name":"דרך הבשמים/הרי אילת"}},
{"type":"Feature","geometry":{"type":"Point","coordinates":[165391.98053329287,578526.9895987053]},"properties":{"OBJECTID_1":4220,"efficiency":0,"stop_code":12825,"Muni_Heb":"אופקים","stop_name":"דרך הבשמים/קהילת מטרווסט"}},
{"type":"Feature","geometry":{"type":"Point","coordinates":[165191.06212561877,578081.5103908817]},"properties":{"OBJECTID_1":4221,"efficiency":0,"stop_code":12813,"Muni_Heb":"אופקים","stop_name":"כביש 2335/דרך הבשמים"}},
{"type":"Feature","geometry":{"type":"Point","coordinates":[165565.60626624746,578852.3072080099]},"properties":{"OBJECTID_1":4222,"efficiency":0,"stop_code":12817,"Muni_Heb":"אופקים","stop_name":"שדרות הציונות/הנגב"}},
{"type":"Feature","geometry":{"type":"Point","coordinates":[165452.17090593887,578308.2443111225]},"properties":{"OBJECTID_1":4223,"efficiency":0,"stop_code":12824,"Muni_Heb":"אופקים","stop_name":"הרי אילת/דרך הבשמים"}},
{"type":"Feature","geometry":{"type":"Point","coordinates":[165108.65066623513,579100.8214322361]},"properties":{"OBJECTID_1":4224,"efficiency":0,"stop_code":12807,"Muni_Heb":"אופקים","stop_name":"דרך הטייסים/הציונות"}},
{"type":"Feature","geometry":{"type":"Point","coordinates":[164066.20135896374,581258.1508811798]},"properties":{"OBJECTID_1":4225,"efficiency":0,"stop_code":12911,"Muni_Heb":"אופקים","stop_name":"אפיקים בנגב/הכשרת היישוב"}},
{"type":"Feature","geometry":{"type":"Point","coordinates":[164228.48301484005,580677.6060876586]},"properties":{"OBJECTID_1":4226,"efficiency":0,"stop_code":12918,"Muni_Heb":"אופקים","stop_name":"מרכז ביג/דרך הותיקים"}},
{"type":"Feature","geometry":{"type":"Point","coordinates":[164919.6452992342,580981.6816545834]},"properties":{"OBJECTID_1":4227,"efficiency":1,"stop_code":12906,"Muni_Heb":"אופקים","stop_name":"אגמית/דרור"}},
{"type":"Feature","geometry":{"type":"Point","coordinates":[164993.0597021312,581022.6584519012]},"properties":{"OBJECTID_1":4228,"efficiency":0,"stop_code":12905,"Muni_Heb":"אופקים","stop_name":"אגמית/דרור"}},
{"type":"Feature","geometry":{"type":"Point","coordinates":[164744.75439927395,580812.6123815731]},"properties":{"OBJECTID_1":4229,"efficiency":0,"stop_code":12922,"Muni_Heb":"אופקים","stop_name":"ז'בוטינסקי/בצלאל"}},
{"type":"Feature","geometry":{"type":"Point","coordinates":[163498.20396242797,579580.4276080703]},"properties":{"OBJECTID_1":4230,"efficiency":0,"stop_code":12996,"Muni_Heb":"אופקים","stop_name":"בי''ס אביר יעקב/צאלון"}},
{"type":"Feature","geometry":{"type":"Point","coordinates":[136304.1815876069,569138.560037135]},"properties":{"OBJECTID_1":4231,"efficiency":0,"stop_code":10038,"Muni_Heb":"אשכול","stop_name":"צומת שדי אברהם"}},
{"type":"Feature","geometry":{"type":"Point","coordinates":[135934.31913476865,570473.9060302057]},"properties":{"OBJECTID_1":4232,"efficiency":0,"stop_code":10039,"Muni_Heb":"אשכול","stop_name":"צומת אבשלום"}},
{"type":"Feature","geometry":{"type":"Point","coordinates":[143191.2885182142,574239.1298781643]},"properties":{"OBJECTID_1":4233,"efficiency":0,"stop_code":10040,"Muni_Heb":"אשכול","stop_name":"צומת מבטחים"}},
{"type":"Feature","geometry":{"type":"Point","coordinates":[146072.0350431733,579305.1362904203]},"properties":{"OBJECTID_1":4234,"efficiency":0,"stop_code":14523,"Muni_Heb":"אשכול","stop_name":"מרכז פיס נווה אשכול"}},
{"type":"Feature","geometry":{"type":"Point","coordinates":[154756.1477000561,579456.5349259895]},"properties":{"OBJECTID_1":4235,"efficiency":0,"stop_code":14525,"Muni_Heb":"אשכול","stop_name":"אורים מרכז"}},
{"type":"Feature","geometry":{"type":"Point","coordinates":[139129.7597669735,567847.8642160007]},"properties":{"OBJECTID_1":4236,"efficiency":0,"stop_code":14555,"Muni_Heb":"אשכול","stop_name":"תלמי יוסף מרכז"}},
{"type":"Feature","geometry":{"type":"Point","coordinates":[136954.5483326849,569357.6554784097]},"properties":{"OBJECTID_1":4237,"efficiency":0,"stop_code":14556,"Muni_Heb":"אשכול","stop_name":"שדי אברהם מרכז"}},
{"type":"Feature","geometry":{"type":"Point","coordinates":[145632.39130286782,571275.2685536047]},"properties":{"OBJECTID_1":4238,"efficiency":0,"stop_code":14557,"Muni_Heb":"אשכול","stop_name":"תלמי אליהו"}},
{"type":"Feature","geometry":{"type":"Point","coordinates":[145623.57000902557,571280.9855670976]},"properties":{"OBJECTID_1":4239,"efficiency":0,"stop_code":14558,"Muni_Heb":"אשכול","stop_name":"תלמי אליהו"}},
{"type":"Feature","geometry":{"type":"Point","coordinates":[138458.40358702812,570344.3951572285]},"properties":{"OBJECTID_1":4240,"efficiency":0,"stop_code":14561,"Muni_Heb":"אשכול","stop_name":"פריגן מרכז"}},
{"type":"Feature","geometry":{"type":"Point","coordinates":[145013.1743241225,572235.125851874]},"properties":{"OBJECTID_1":4241,"efficiency":0,"stop_code":14562,"Muni_Heb":"אשכול","stop_name":"מרפאת צוחר"}},
{"type":"Feature","geometry":{"type":"Point","coordinates":[145833.37608369347,572205.2885969286]},"properties":{"OBJECTID_1":4242,"efficiency":0,"stop_code":14564,"Muni_Heb":"אשכול","stop_name":"אוהד מרכז"}},
{"type":"Feature","geometry":{"type":"Point","coordinates":[145282.80246062635,572086.6308361103]},"properties":{"OBJECTID_1":4243,"efficiency":0,"stop_code":14565,"Muni_Heb":"אשכול","stop_name":"מתקן צוחר"}},
{"type":"Feature","geometry":{"type":"Point","coordinates":[142890.0163770581,587354.3317697585]},"properties":{"OBJECTID_1":4244,"efficiency":0,"stop_code":14571,"Muni_Heb":"אשכול","stop_name":"כסופים"}},
{"type":"Feature","geometry":{"type":"Point","coordinates":[145609.70315402088,578738.6512715636]},"properties":{"OBJECTID_1":4245,"efficiency":0,"stop_code":14621,"Muni_Heb":"אשכול","stop_name":"מגן מרכז"}},
{"type":"Feature","geometry":{"type":"Point","coordinates":[145721.7926462642,578457.1007464376]},"properties":{"OBJECTID_1":4246,"efficiency":0,"stop_code":14622,"Muni_Heb":"אשכול","stop_name":"מפעלים אזוריים"}},
{"type":"Feature","geometry":{"type":"Point","coordinates":[155318.82547953713,579800.031631489]},"properties":{"OBJECTID_1":4247,"efficiency":0,"stop_code":14623,"Muni_Heb":"אשכול","stop_name":"מסעף אורים"}},
{"type":"Feature","geometry":{"type":"Point","coordinates":[155428.6161056992,579850.2559324226]},"properties":{"OBJECTID_1":4248,"efficiency":0,"stop_code":14624,"Muni_Heb":"אשכול","stop_name":"מסעף אורים"}},
{"type":"Feature","geometry":{"type":"Point","coordinates":[144029.6838052878,573076.3234091033]},"properties":{"OBJECTID_1":4249,"efficiency":0,"stop_code":14648,"Muni_Heb":"אשכול","stop_name":"עמיעוז מרכז"}},
{"type":"Feature","geometry":{"type":"Point","coordinates":[145322.18874167386,571781.0878267359]},"properties":{"OBJECTID_1":4250,"efficiency":0,"stop_code":14649,"Muni_Heb":"אשכול","stop_name":"צומת צוחר"}},
{"type":"Feature","geometry":{"type":"Point","coordinates":[145297.67077389243,571722.6028080557]},"properties":{"OBJECTID_1":4251,"efficiency":0,"stop_code":14650,"Muni_Heb":"אשכול","stop_name":"צומת צוחר"}},
{"type":"Feature","geometry":{"type":"Point","coordinates":[131887.3100635648,571098.0657466417]},"properties":{"OBJECTID_1":4252,"efficiency":0,"stop_code":14655,"Muni_Heb":"אשכול","stop_name":"כרם שלום מרכז"}},
{"type":"Feature","geometry":{"type":"Point","coordinates":[137338.27259908643,572108.7476639644]},"properties":{"OBJECTID_1":4253,"efficiency":0,"stop_code":14656,"Muni_Heb":"אשכול","stop_name":"סופה מרכז"}},
{"type":"Feature","geometry":{"type":"Point","coordinates":[155679.75638908916,568285.4820441236]},"properties":{"OBJECTID_1":4254,"efficiency":0,"stop_code":14657,"Muni_Heb":"אשכול","stop_name":"צאלים מרכז"}},
{"type":"Feature","geometry":{"type":"Point","coordinates":[136321.60854881338,567458.7119231302]},"properties":{"OBJECTID_1":4255,"efficiency":0,"stop_code":14952,"Muni_Heb":"אשכול","stop_name":"אבשלום מרכז"}},
{"type":"Feature","geometry":{"type":"Point","coordinates":[134939.32648766757,566765.6918013762]},"properties":{"OBJECTID_1":4256,"efficiency":0,"stop_code":14953,"Muni_Heb":"אשכול","stop_name":"יבול מרכז"}},
{"type":"Feature","geometry":{"type":"Point","coordinates":[135765.5382506578,568674.1097516383]},"properties":{"OBJECTID_1":4257,"efficiency":0,"stop_code":14956,"Muni_Heb":"אשכול","stop_name":"יתד מרכז"}},
{"type":"Feature","geometry":{"type":"Point","coordinates":[143035.23930678796,573293.5233778572]},"properties":{"OBJECTID_1":4258,"efficiency":0,"stop_code":14957,"Muni_Heb":"אשכול","stop_name":"ישע מרכז"}},
{"type":"Feature","geometry":{"type":"Point","coordinates":[143355.07862445412,572468.8775800244]},"properties":{"OBJECTID_1":4259,"efficiency":0,"stop_code":14958,"Muni_Heb":"אשכול","stop_name":"מבטחים מרכז"}},
{"type":"Feature","geometry":{"type":"Point","coordinates":[137670.13508319226,567474.3237226933]},"properties":{"OBJECTID_1":4260,"efficiency":0,"stop_code":14962,"Muni_Heb":"אשכול","stop_name":"דקל מרכז"}},
{"type":"Feature","geometry":{"type":"Point","coordinates":[147075.80947418173,576982.215235728]},"properties":{"OBJECTID_1":4261,"efficiency":0,"stop_code":14967,"Muni_Heb":"אשכול","stop_name":"עין הבשור מרכז"}},
{"type":"Feature","geometry":{"type":"Point","coordinates":[144700.72895295554,571224.4109599771]},"properties":{"OBJECTID_1":4262,"efficiency":0,"stop_code":15331,"Muni_Heb":"אשכול","stop_name":"שדה ניצן מרכז"}},
{"type":"Feature","geometry":{"type":"Point","coordinates":[152260.1790612124,593227.6286942097]},"properties":{"OBJECTID_1":4263,"efficiency":0,"stop_code":15339,"Muni_Heb":"אשכול","stop_name":"בארי"}},
{"type":"Feature","geometry":{"type":"Point","coordinates":[146056.60015480968,577044.1812946153]},"properties":{"OBJECTID_1":4264,"efficiency":0,"stop_code":15373,"Muni_Heb":"אשכול","stop_name":"צומת עין הבשור"}},
{"type":"Feature","geometry":{"type":"Point","coordinates":[146099.47341297756,578409.1008343827]},"properties":{"OBJECTID_1":4265,"efficiency":0,"stop_code":15380,"Muni_Heb":"אשכול","stop_name":"צומת מגן"}},
{"type":"Feature","geometry":{"type":"Point","coordinates":[146284.35402241256,579127.6775785778]},"properties":{"OBJECTID_1":4266,"efficiency":0,"stop_code":15381,"Muni_Heb":"אשכול","stop_name":"מועצה אזורית אשכול/232"}},
{"type":"Feature","geometry":{"type":"Point","coordinates":[146324.3573290049,579238.9493016907]},"properties":{"OBJECTID_1":4267,"efficiency":0,"stop_code":15382,"Muni_Heb":"אשכול","stop_name":"צומת מועצה אזורית אשכול"}},
{"type":"Feature","geometry":{"type":"Point","coordinates":[146055.37117715552,578284.3306529253]},"properties":{"OBJECTID_1":4268,"efficiency":0,"stop_code":15383,"Muni_Heb":"אשכול","stop_name":"צומת מגן"}},
{"type":"Feature","geometry":{"type":"Point","coordinates":[148655.645581083,588942.9598101903]},"properties":{"OBJECTID_1":4269,"efficiency":0,"stop_code":15390,"Muni_Heb":"אשכול","stop_name":"צומת רעים"}},
{"type":"Feature","geometry":{"type":"Point","coordinates":[155340.53848454478,579878.9585219269]},"properties":{"OBJECTID_1":4270,"efficiency":0,"stop_code":15395,"Muni_Heb":"אשכול","stop_name":"מסעף אורים"}},
{"type":"Feature","geometry":{"type":"Point","coordinates":[155392.6395467872,579758.4426019129]},"properties":{"OBJECTID_1":4271,"efficiency":0,"stop_code":15397,"Muni_Heb":"אשכול","stop_name":"מסעף אורים"}},
{"type":"Feature","geometry":{"type":"Point","coordinates":[146048.33485548268,576910.8442270409]},"properties":{"OBJECTID_1":4272,"efficiency":0,"stop_code":15398,"Muni_Heb":"אשכול","stop_name":"צומת עין הבשור"}},
{"type":"Feature","geometry":{"type":"Point","coordinates":[148530.6263653029,588924.7349786863]},"properties":{"OBJECTID_1":4273,"efficiency":0,"stop_code":15399,"Muni_Heb":"אשכול","stop_name":"צומת רעים"}},
{"type":"Feature","geometry":{"type":"Point","coordinates":[152277.00958291744,593360.6945421321]},"properties":{"OBJECTID_1":4274,"efficiency":0,"stop_code":15429,"Muni_Heb":"אשכול","stop_name":"צומת בארי"}},
{"type":"Feature","geometry":{"type":"Point","coordinates":[135991.59819683986,570558.9454378951]},"properties":{"OBJECTID_1":4275,"efficiency":0,"stop_code":15466,"Muni_Heb":"אשכול","stop_name":"צומת אבשלום"}},
{"type":"Feature","geometry":{"type":"Point","coordinates":[136734.2127955855,570910.1364597902]},"properties":{"OBJECTID_1":4276,"efficiency":0,"stop_code":15468,"Muni_Heb":"אשכול","stop_name":"צומת חולית"}},
{"type":"Feature","geometry":{"type":"Point","coordinates":[138692.04378333112,571570.4433451229]},"properties":{"OBJECTID_1":4277,"efficiency":0,"stop_code":15469,"Muni_Heb":"אשכול","stop_name":"צומת ניר יצחק"}},
{"type":"Feature","geometry":{"type":"Point","coordinates":[136852.30532649695,570925.9524843678]},"properties":{"OBJECTID_1":4278,"efficiency":0,"stop_code":15470,"Muni_Heb":"אשכול","stop_name":"צומת חולית"}},
{"type":"Feature","geometry":{"type":"Point","coordinates":[138812.66398520872,571556.9877001795]},"properties":{"OBJECTID_1":4279,"efficiency":0,"stop_code":15471,"Muni_Heb":"אשכול","stop_name":"צומת ניר יצחק"}},
{"type":"Feature","geometry":{"type":"Point","coordinates":[143080.00127064757,574196.1384163011]},"properties":{"OBJECTID_1":4280,"efficiency":0,"stop_code":15472,"Muni_Heb":"אשכול","stop_name":"צומת מבטחים"}},
{"type":"Feature","geometry":{"type":"Point","coordinates":[135877.16490908567,570548.6542603016]},"properties":{"OBJECTID_1":4281,"efficiency":0,"stop_code":15473,"Muni_Heb":"אשכול","stop_name":"צומת אבשלום"}},
{"type":"Feature","geometry":{"type":"Point","coordinates":[143167.9253617812,574143.82705836]},"properties":{"OBJECTID_1":4282,"efficiency":0,"stop_code":15480,"Muni_Heb":"אשכול","stop_name":"צומת מבטחים"}},
{"type":"Feature","geometry":{"type":"Point","coordinates":[155680.2890085894,568813.8285619277]},"properties":{"OBJECTID_1":4283,"efficiency":0,"stop_code":15483,"Muni_Heb":"אשכול","stop_name":"קבוץ צאלים"}},
{"type":"Feature","geometry":{"type":"Point","coordinates":[155422.74959649707,569184.6276355048]},"properties":{"OBJECTID_1":4284,"efficiency":0,"stop_code":15484,"Muni_Heb":"אשכול","stop_name":"צומת צאלים/222"}},
{"type":"Feature","geometry":{"type":"Point","coordinates":[155452.78590519115,569297.1005377091]},"properties":{"OBJECTID_1":4285,"efficiency":0,"stop_code":15486,"Muni_Heb":"אשכול","stop_name":"צומת צאלים"}},
{"type":"Feature","geometry":{"type":"Point","coordinates":[155726.73111558598,568724.2876838906]},"properties":{"OBJECTID_1":4286,"efficiency":0,"stop_code":15491,"Muni_Heb":"אשכול","stop_name":"צומת צאלים"}},
{"type":"Feature","geometry":{"type":"Point","coordinates":[143214.97289901657,584724.7031261622]},"properties":{"OBJECTID_1":4287,"efficiency":1,"stop_code":15668,"Muni_Heb":"אשכול","stop_name":"עין השלושה מרכז"}},
{"type":"Feature","geometry":{"type":"Point","coordinates":[151797.86046092462,592856.5969361973]},"properties":{"OBJECTID_1":4288,"efficiency":1,"stop_code":15674,"Muni_Heb":"אשכול","stop_name":"בארי"}},
{"type":"Feature","geometry":{"type":"Point","coordinates":[148672.85077855474,588421.4558884834]},"properties":{"OBJECTID_1":4289,"efficiency":1,"stop_code":15675,"Muni_Heb":"אשכול","stop_name":"רעים"}},
{"type":"Feature","geometry":{"type":"Point","coordinates":[149161.3207574616,569012.6900286992]},"properties":{"OBJECTID_1":4290,"efficiency":1,"stop_code":15677,"Muni_Heb":"אשכול","stop_name":"גבולות מרכז"}},
{"type":"Feature","geometry":{"type":"Point","coordinates":[135838.24524851894,571430.738476639]},"properties":{"OBJECTID_1":4291,"efficiency":1,"stop_code":15678,"Muni_Heb":"אשכול","stop_name":"חולית מרכז"}},
{"type":"Feature","geometry":{"type":"Point","coordinates":[138808.10791458178,571981.7175415205]},"properties":{"OBJECTID_1":4292,"efficiency":1,"stop_code":15679,"Muni_Heb":"אשכול","stop_name":"ניר יצחק מרכז"}},
{"type":"Feature","geometry":{"type":"Point","coordinates":[145984.38335827092,579256.0732721228]},"properties":{"OBJECTID_1":4293,"efficiency":1,"stop_code":15692,"Muni_Heb":"אשכול","stop_name":"מסוף מועצה אזורית אשכול/רציפים"}},
{"type":"Feature","geometry":{"type":"Point","coordinates":[136473.48493974912,563793.5031727661]},"properties":{"OBJECTID_1":4294,"efficiency":0,"stop_code":19511,"Muni_Heb":"אשכול","stop_name":"נווה"}},
{"type":"Feature","geometry":{"type":"Point","coordinates":[136817.98843926634,563889.597430736]},"properties":{"OBJECTID_1":4295,"efficiency":0,"stop_code":19512,"Muni_Heb":"אשכול","stop_name":"צ. נווה"}},
{"type":"Feature","geometry":{"type":"Point","coordinates":[135056.59894334283,561454.4042265253]},"properties":{"OBJECTID_1":4296,"efficiency":1,"stop_code":19886,"Muni_Heb":"אשכול","stop_name":"בני נצרים"}},
{"type":"Feature","geometry":{"type":"Point","coordinates":[137014.56530121845,567272.8533987767]},"properties":{"OBJECTID_1":4297,"efficiency":0,"stop_code":11612,"Muni_Heb":"אשכול","stop_name":"דקל/יציאה"}},
{"type":"Feature","geometry":{"type":"Point","coordinates":[136807.09464032677,563801.4177066658]},"properties":{"OBJECTID_1":4298,"efficiency":0,"stop_code":18387,"Muni_Heb":"אשכול","stop_name":"צומת נווה/2211"}},
{"type":"Feature","geometry":{"type":"Point","coordinates":[136532.07663676605,568342.3705942021]},"properties":{"OBJECTID_1":4299,"efficiency":0,"stop_code":18225,"Muni_Heb":"אשכול","stop_name":"צומת פתחת שלום/2211"}},
{"type":"Feature","geometry":{"type":"Point","coordinates":[143213.8226888975,580054.270289697]},"properties":{"OBJECTID_1":4300,"efficiency":0,"stop_code":11719,"Muni_Heb":"אשכול","stop_name":"ניר עוז מרכז"}},
{"type":"Feature","geometry":{"type":"Point","coordinates":[142640.9454209992,582933.1924367952]},"properties":{"OBJECTID_1":4301,"efficiency":0,"stop_code":11718,"Muni_Heb":"אשכול","stop_name":"נירים"}},
{"type":"Feature","geometry":{"type":"Point","coordinates":[143156.28028986405,587167.8688202035]},"properties":{"OBJECTID_1":4302,"efficiency":0,"stop_code":11723,"Muni_Heb":"אשכול","stop_name":"כיסופים/שער"}},
{"type":"Feature","geometry":{"type":"Point","coordinates":[143069.52136674226,573330.9752357953]},"properties":{"OBJECTID_1":4303,"efficiency":0,"stop_code":11721,"Muni_Heb":"אשכול","stop_name":"ישע מרכז"}},
{"type":"Feature","geometry":{"type":"Point","coordinates":[145422.02643933252,571197.0213384787]},"properties":{"OBJECTID_1":4304,"efficiency":0,"stop_code":11727,"Muni_Heb":"אשכול","stop_name":"תלמי אליהו ב"}},
{"type":"Feature","geometry":{"type":"Point","coordinates":[145764.88603537058,572003.1824672122]},"properties":{"OBJECTID_1":4305,"efficiency":0,"stop_code":11726,"Muni_Heb":"אשכול","stop_name":"אוהד"}},
{"type":"Feature","geometry":{"type":"Point","coordinates":[143629.67741278678,572722.8163723373]},"properties":{"OBJECTID_1":4306,"efficiency":0,"stop_code":11725,"Muni_Heb":"אשכול","stop_name":"מבטחים ב"}},
{"type":"Feature","geometry":{"type":"Point","coordinates":[144336.27492603692,573305.7666045749]},"properties":{"OBJECTID_1":4307,"efficiency":0,"stop_code":11724,"Muni_Heb":"אשכול","stop_name":"עמיעוז ב"}},
{"type":"Feature","geometry":{"type":"Point","coordinates":[137040.7530684952,567269.5437046816]},"properties":{"OBJECTID_1":4308,"efficiency":0,"stop_code":11728,"Muni_Heb":"אשכול","stop_name":"דקל/כניסה"}},
{"type":"Feature","geometry":{"type":"Point","coordinates":[136389.92705648963,568857.0070290933]},"properties":{"OBJECTID_1":4309,"efficiency":0,"stop_code":12085,"Muni_Heb":"אשכול","stop_name":"צומת יתד"}},
{"type":"Feature","geometry":{"type":"Point","coordinates":[136562.9041466962,568178.1266770535]},"properties":{"OBJECTID_1":4310,"efficiency":0,"stop_code":18403,"Muni_Heb":"אשכול","stop_name":"2211/צומת פתחת שלום"}},
{"type":"Feature","geometry":{"type":"Point","coordinates":[136285.13210588993,569248.5993303044]},"properties":{"OBJECTID_1":4311,"efficiency":0,"stop_code":18400,"Muni_Heb":"אשכול","stop_name":"צומת שדי אברהם"}},
{"type":"Feature","geometry":{"type":"Point","coordinates":[136405.38145621304,568762.1878879151]},"properties":{"OBJECTID_1":4312,"efficiency":0,"stop_code":12086,"Muni_Heb":"אשכול","stop_name":"צומת יתד"}},
{"type":"Feature","geometry":{"type":"Point","coordinates":[133577.02492277866,564534.2387888439]},"properties":{"OBJECTID_1":4313,"efficiency":0,"stop_code":18179,"Muni_Heb":"אשכול","stop_name":"שלומית/מרכז"}},
{"type":"Feature","geometry":{"type":"Point","coordinates":[136815.3803161094,565794.9706341076]},"properties":{"OBJECTID_1":4314,"efficiency":0,"stop_code":12447,"Muni_Heb":"אשכול","stop_name":"צומת שלומית לצפון"}},
{"type":"Feature","geometry":{"type":"Point","coordinates":[136765.69981058198,565745.018014771]},"properties":{"OBJECTID_1":4315,"efficiency":0,"stop_code":12450,"Muni_Heb":"אשכול","stop_name":"צומת שלומית כניסה"}},
{"type":"Feature","geometry":{"type":"Point","coordinates":[145958.9423082614,579226.0906347246]},"properties":{"OBJECTID_1":4316,"efficiency":0,"stop_code":12682,"Muni_Heb":"אשכול","stop_name":"מסוף מועצה אזורית אשכול/הורדה"}},
{"type":"Feature","geometry":{"type":"Point","coordinates":[145984.38335827092,579256.0732721228]},"properties":{"OBJECTID_1":4317,"efficiency":0,"stop_code":15692,"Muni_Heb":"אשכול","stop_name":"מסוף מועצה אזורית אשכול/רציפים"}},
{"type":"Feature","geometry":{"type":"Point","coordinates":[145984.38335827092,579256.0732721228]},"properties":{"OBJECTID_1":4318,"efficiency":0,"stop_code":15692,"Muni_Heb":"אשכול","stop_name":"מסוף מועצה אזורית אשכול/רציפים"}},
{"type":"Feature","geometry":{"type":"Point","coordinates":[145984.38335827092,579256.0732721228]},"properties":{"OBJECTID_1":4319,"efficiency":0,"stop_code":15692,"Muni_Heb":"אשכול","stop_name":"מסוף מועצה אזורית אשכול/רציפים"}},
{"type":"Feature","geometry":{"type":"Point","coordinates":[145984.38335827092,579256.0732721228]},"properties":{"OBJECTID_1":4320,"efficiency":0,"stop_code":15692,"Muni_Heb":"אשכול","stop_name":"מסוף מועצה אזורית אשכול/רציפים"}},
{"type":"Feature","geometry":{"type":"Point","coordinates":[155341.53480068204,569306.5374057471]},"properties":{"OBJECTID_1":4321,"efficiency":1,"stop_code":12938,"Muni_Heb":"אשכול","stop_name":"צומת צאלים"}},
{"type":"Feature","geometry":{"type":"Point","coordinates":[145314.78995678903,571961.4383277381]},"properties":{"OBJECTID_1":4322,"efficiency":0,"stop_code":12952,"Muni_Heb":"אשכול","stop_name":"מפעל שטראוס/צוחר"}},
{"type":"Feature","geometry":{"type":"Point","coordinates":[161636.70608716467,617392.4639103829]},"properties":{"OBJECTID_1":4323,"efficiency":0,"stop_code":10004,"Muni_Heb":"אשקלון","stop_name":"צומת בת הדר"}},
{"type":"Feature","geometry":{"type":"Point","coordinates":[163044.17710426982,621085.4587124551]},"properties":{"OBJECTID_1":4324,"efficiency":1,"stop_code":11160,"Muni_Heb":"אשקלון","stop_name":"צומת אשקלון צפון"}},
{"type":"Feature","geometry":{"type":"Point","coordinates":[163044.06233346058,620387.0871460575]},"properties":{"OBJECTID_1":4325,"efficiency":1,"stop_code":11161,"Muni_Heb":"אשקלון","stop_name":"צומת כפר סילבר"}},
{"type":"Feature","geometry":{"type":"Point","coordinates":[162819.48715231547,619398.08703585]},"properties":{"OBJECTID_1":4326,"efficiency":1,"stop_code":11162,"Muni_Heb":"אשקלון","stop_name":"צומת ברכיה"}},
{"type":"Feature","geometry":{"type":"Point","coordinates":[163127.18473925834,620987.6461306951]},"properties":{"OBJECTID_1":4327,"efficiency":0,"stop_code":11165,"Muni_Heb":"אשקלון","stop_name":"צומת אשקלון צפון/כביש 4"}},
{"type":"Feature","geometry":{"type":"Point","coordinates":[163157.70131326577,621141.0596803857]},"properties":{"OBJECTID_1":4328,"efficiency":0,"stop_code":12236,"Muni_Heb":"אשקלון","stop_name":"צומת אשקלון צפון"}},
{"type":"Feature","geometry":{"type":"Point","coordinates":[162694.12215084143,620730.2058202982]},"properties":{"OBJECTID_1":4329,"efficiency":0,"stop_code":14730,"Muni_Heb":"אשקלון","stop_name":"ת. רכבת אשקלון/רציפים"}},
{"type":"Feature","geometry":{"type":"Point","coordinates":[162114.30866495892,618211.261249401]},"properties":{"OBJECTID_1":4330,"efficiency":0,"stop_code":15515,"Muni_Heb":"אשקלון","stop_name":"צומת בית שיקמה"}},
{"type":"Feature","geometry":{"type":"Point","coordinates":[162034.4081701971,618068.2158791885]},"properties":{"OBJECTID_1":4331,"efficiency":0,"stop_code":15519,"Muni_Heb":"אשקלון","stop_name":"צומת בית שיקמה"}},
{"type":"Feature","geometry":{"type":"Point","coordinates":[161559.31258088624,617275.9101991919]},"properties":{"OBJECTID_1":4332,"efficiency":1,"stop_code":15662,"Muni_Heb":"אשקלון","stop_name":"צומת בת הדר"}},
{"type":"Feature","geometry":{"type":"Point","coordinates":[162627.96042291424,620683.6638120698]},"properties":{"OBJECTID_1":4333,"efficiency":1,"stop_code":17072,"Muni_Heb":"אשקלון","stop_name":"אשקלון"}}
]}