{"type":"FeatureCollection","name":"amenities_new","crs":{"type":"name","properties":{"name":"urn:ogc:def:crs:OGC:1.3:CRS84"}},"features":[{"type":"Feature","properties":{"amenity_type":"bicycle_track"},"geometry":{"type":"Point","coordinates":[34.817260516411906,31.254632946977694]}},{"type":"Feature","properties":{"amenity_type":"bicycle_track"},"geometry":{"type":"Point","coordinates":[34.80912681848577,31.24863345036863]}},{"type":"Feature","properties":{"amenity_type":"bicycle_track"},"geometry":{"type":"Point","coordinates":[34.80840940233798,31.25208943088322]}},{"type":"Feature","properties":{"amenity_type":"bicycle_track"},"geometry":{"type":"Point","coordinates":[34.802466018283695,31.220300892410236]}},{"type":"Feature","properties":{"amenity_type":"bicycle_track"},"geometry":{"type":"Point","coordinates":[34.80040258394768,31.220219994323674]}},{"type":"Feature","properties":{"amenity_type":"bicycle_track"},"geometry":{"type":"Point","coordinates":[34.797633064129904,31.229757819126608]}},{"type":"Feature","properties":{"amenity_type":"bicycle_track"},"geometry":{"type":"Point","coordinates":[34.79534328712619,31.233160094498906]}},{"type":"Feature","properties":{"amenity_type":"bicycle_track"},"geometry":{"type":"Point","coordinates":[34.78283049843256,31.271903656192876]}},{"type":"Feature","properties":{"amenity_type":"bicycle_track"},"geometry":{"type":"Point","coordinates":[34.79387478825278,31.267950155360495]}},{"type":"Feature","properties":{"amenity_type":"bicycle_track"},"geometry":{"type":"Point","coordinates":[34.808289894151365,31.266540476926252]}},{"type":"Feature","properties":{"amenity_type":"bicycle_track"},"geometry":{"type":"Point","coordinates":[34.81013925585563,31.264028104570617]}},{"type":"Feature","properties":{"amenity_type":"bicycle_track"},"geometry":{"type":"Point","coordinates":[34.81474773198727,31.26386079752045]}},{"type":"Feature","properties":{"amenity_type":"bicycle_track"},"geometry":{"type":"Point","coordinates":[34.78472386382971,31.23452481766211]}},{"type":"Feature","properties":{"amenity_type":"bicycle_track"},"geometry":{"type":"Point","coordinates":[34.77404596717416,31.23889222601883]}},{"type":"Feature","properties":{"amenity_type":"bicycle_track"},"geometry":{"type":"Point","coordinates":[34.76316132305147,31.241290066915642]}},{"type":"Feature","properties":{"amenity_type":"bicycle_track"},"geometry":{"type":"Point","coordinates":[34.75674122158924,31.24823268825823]}},{"type":"Feature","properties":{"amenity_type":"bicycle_track"},"geometry":{"type":"Point","coordinates":[34.77089911757388,31.243474529155975]}},{"type":"Feature","properties":{"amenity_type":"bicycle_track"},"geometry":{"type":"Point","coordinates":[34.77203387060367,31.251218738137656]}},{"type":"Feature","properties":{"amenity_type":"bicycle_track"},"geometry":{"type":"Point","coordinates":[34.77040673575198,31.25198200761373]}},{"type":"Feature","properties":{"amenity_type":"bicycle_track"},"geometry":{"type":"Point","coordinates":[34.80009601256617,31.285682533126447]}},{"type":"Feature","properties":{"amenity_type":"bicycle_track"},"geometry":{"type":"Point","coordinates":[34.813890451383216,31.261233814050243]}},{"type":"Feature","properties":{"amenity_type":"bicycle_track"},"geometry":{"type":"Point","coordinates":[34.78462474628623,31.25876468229847]}},{"type":"Feature","properties":{"amenity_type":"bicycle_track"},"geometry":{"type":"Point","coordinates":[34.79279297945603,31.25842943473927]}},{"type":"Feature","properties":{"amenity_type":"bicycle_track"},"geometry":{"type":"Point","coordinates":[34.781124663740705,31.246750043824363]}},{"type":"Feature","properties":{"amenity_type":"bicycle_track"},"geometry":{"type":"Point","coordinates":[34.7984020447579,31.25478263398054]}},{"type":"Feature","properties":{"amenity_type":"bicycle_track"},"geometry":{"type":"Point","coordinates":[34.80045001654744,31.234901224928215]}},{"type":"Feature","properties":{"amenity_type":"bicycle_track"},"geometry":{"type":"Point","coordinates":[34.80404158315081,31.225334708022476]}},{"type":"Feature","properties":{"amenity_type":"bicycle_track"},"geometry":{"type":"Point","coordinates":[34.804006452490256,31.221251804430754]}},{"type":"Feature","properties":{"amenity_type":"bicycle_track"},"geometry":{"type":"Point","coordinates":[34.79935363603646,31.221655863191437]}},{"type":"Feature","properties":{"amenity_type":"bicycle_track"},"geometry":{"type":"Point","coordinates":[34.798993799218685,31.22494114878164]}},{"type":"Feature","properties":{"amenity_type":"bicycle_track"},"geometry":{"type":"Point","coordinates":[34.797779880999855,31.23000022233489]}},{"type":"Feature","properties":{"amenity_type":"bicycle_track"},"geometry":{"type":"Point","coordinates":[34.79849675891175,31.2240150065819]}},{"type":"Feature","properties":{"amenity_type":"bicycle_track"},"geometry":{"type":"Point","coordinates":[34.80428121869564,31.215672690075333]}},{"type":"Feature","properties":{"amenity_type":"bicycle_track"},"geometry":{"type":"Point","coordinates":[34.80246257988248,31.20991993430185]}},{"type":"Feature","properties":{"amenity_type":"bicycle_track"},"geometry":{"type":"Point","coordinates":[34.80170526230201,31.206439370586015]}},{"type":"Feature","properties":{"amenity_type":"bicycle_track"},"geometry":{"type":"Point","coordinates":[34.796220831168455,31.234184630928038]}},{"type":"Feature","properties":{"amenity_type":"bicycle_track"},"geometry":{"type":"Point","coordinates":[34.80137883609672,31.233079942105377]}},{"type":"Feature","properties":{"amenity_type":"bicycle_track"},"geometry":{"type":"Point","coordinates":[34.8004131755699,31.23358123654316]}},{"type":"Feature","properties":{"amenity_type":"bicycle_track"},"geometry":{"type":"Point","coordinates":[34.798815176152026,31.23380153418613]}},{"type":"Feature","properties":{"amenity_type":"bicycle_track"},"geometry":{"type":"Point","coordinates":[34.76033184521728,31.2359643667356]}},{"type":"Feature","properties":{"amenity_type":"bicycle_track"},"geometry":{"type":"Point","coordinates":[34.81974454371885,31.250691414974973]}},{"type":"Feature","properties":{"amenity_type":"bicycle_track"},"geometry":{"type":"Point","coordinates":[34.821190157033854,31.25220920081185]}},{"type":"Feature","properties":{"amenity_type":"bicycle_track"},"geometry":{"type":"Point","coordinates":[34.823102332359,31.254269986650822]}},{"type":"Feature","properties":{"amenity_type":"bicycle_track"},"geometry":{"type":"Point","coordinates":[34.8247517927354,31.255812324319685]}},{"type":"Feature","properties":{"amenity_type":"bicycle_track"},"geometry":{"type":"Point","coordinates":[34.80942310532179,31.260937337184284]}},{"type":"Feature","properties":{"amenity_type":"bicycle_track"},"geometry":{"type":"Point","coordinates":[34.77204653488376,31.234953640460258]}},{"type":"Feature","properties":{"amenity_type":"bicycle_track"},"geometry":{"type":"Point","coordinates":[34.7696403124283,31.23494692146032]}},{"type":"Feature","properties":{"amenity_type":"bicycle_track"},"geometry":{"type":"Point","coordinates":[34.770078793517634,31.23412179495631]}},{"type":"Feature","properties":{"amenity_type":"bicycle_track"},"geometry":{"type":"Point","coordinates":[34.772123966546204,31.233672844872864]}},{"type":"Feature","properties":{"amenity_type":"bicycle_track"},"geometry":{"type":"Point","coordinates":[34.754883989162764,31.256243693102995]}},{"type":"Feature","properties":{"amenity_type":"bicycle_track"},"geometry":{"type":"Point","coordinates":[34.75411666007984,31.258176910798564]}},{"type":"Feature","properties":{"amenity_type":"bicycle_track"},"geometry":{"type":"Point","coordinates":[34.79895160984419,31.253119405612733]}},{"type":"Feature","properties":{"amenity_type":"bicycle_track"},"geometry":{"type":"Point","coordinates":[34.81324690266851,31.255827692482367]}},{"type":"Feature","properties":{"amenity_type":"bicycle_track"},"geometry":{"type":"Point","coordinates":[34.80975031160874,31.25995632445829]}},{"type":"Feature","properties":{"amenity_type":"bicycle_track"},"geometry":{"type":"Point","coordinates":[34.804526574165,31.287633718332085]}},{"type":"Feature","properties":{"amenity_type":"bicycle_track"},"geometry":{"type":"Point","coordinates":[34.80383148480561,31.24441140790085]}},{"type":"Feature","properties":{"amenity_type":"bicycle_track"},"geometry":{"type":"Point","coordinates":[34.81237784725808,31.242437136315928]}},{"type":"Feature","properties":{"amenity_type":"bicycle_track"},"geometry":{"type":"Point","coordinates":[34.81905126696146,31.28132157636457]}},{"type":"Feature","properties":{"amenity_type":"bicycle_track"},"geometry":{"type":"Point","coordinates":[34.813817791490976,31.283331050981907]}},{"type":"Feature","properties":{"amenity_type":"bicycle_track"},"geometry":{"type":"Point","coordinates":[34.80981934160684,31.285592213003017]}},{"type":"Feature","properties":{"amenity_type":"bicycle_track"},"geometry":{"type":"Point","coordinates":[34.8073897528343,31.288702492903383]}},{"type":"Feature","properties":{"amenity_type":"bicycle_track"},"geometry":{"type":"Point","coordinates":[34.80326354363485,31.288923398971832]}},{"type":"Feature","properties":{"amenity_type":"bicycle_track"},"geometry":{"type":"Point","coordinates":[34.79891761166113,31.28829274799301]}},{"type":"Feature","properties":{"amenity_type":"bicycle_track"},"geometry":{"type":"Point","coordinates":[34.82040804352274,31.256305925916216]}},{"type":"Feature","properties":{"amenity_type":"bicycle_track"},"geometry":{"type":"Point","coordinates":[34.761357395579644,31.26225569344615]}},{"type":"Feature","properties":{"amenity_type":"bicycle_track"},"geometry":{"type":"Point","coordinates":[34.753044026405014,31.26068195927411]}},{"type":"Feature","properties":{"amenity_type":"bicycle_track"},"geometry":{"type":"Point","coordinates":[34.758033034625306,31.255777495525734]}},{"type":"Feature","properties":{"amenity_type":"bicycle_track"},"geometry":{"type":"Point","coordinates":[34.793755109905,31.235101958880083]}},{"type":"Feature","properties":{"amenity_type":"bicycle_track"},"geometry":{"type":"Point","coordinates":[34.80502025928392,31.277697089706106]}},{"type":"Feature","properties":{"amenity_type":"bicycle_track"},"geometry":{"type":"Point","coordinates":[34.8064363060283,31.27868382144102]}},{"type":"Feature","properties":{"amenity_type":"bicycle_track"},"geometry":{"type":"Point","coordinates":[34.80564747919624,31.268944231233732]}},{"type":"Feature","properties":{"amenity_type":"bicycle_track"},"geometry":{"type":"Point","coordinates":[34.77352970248207,31.233582587620504]}},{"type":"Feature","properties":{"amenity_type":"bicycle_track"},"geometry":{"type":"Point","coordinates":[34.80069046760632,31.23522181813658]}},{"type":"Feature","properties":{"amenity_type":"bicycle_track"},"geometry":{"type":"Point","coordinates":[34.802371318642045,31.232003987048422]}},{"type":"Feature","properties":{"amenity_type":"bicycle_track"},"geometry":{"type":"Point","coordinates":[34.756751729918896,31.276416011568223]}},{"type":"Feature","properties":{"amenity_type":"bicycle_track"},"geometry":{"type":"Point","coordinates":[34.761464906280295,31.27373093009634]}},{"type":"Feature","properties":{"amenity_type":"bicycle_track"},"geometry":{"type":"Point","coordinates":[34.76093204391841,31.270942385293065]}},{"type":"Feature","properties":{"amenity_type":"bicycle_track"},"geometry":{"type":"Point","coordinates":[34.75584804157517,31.267592698475436]}},{"type":"Feature","properties":{"amenity_type":"bicycle_track"},"geometry":{"type":"Point","coordinates":[34.751176598109055,31.2638910971678]}},{"type":"Feature","properties":{"amenity_type":"bicycle_track"},"geometry":{"type":"Point","coordinates":[34.756127637510055,31.26370130347137]}},{"type":"Feature","properties":{"amenity_type":"bicycle_track"},"geometry":{"type":"Point","coordinates":[34.79859392626879,31.257169157451273]}},{"type":"Feature","properties":{"amenity_type":"bicycle_track"},"geometry":{"type":"Point","coordinates":[34.775493609674456,31.25694627986697]}},{"type":"Feature","properties":{"amenity_type":"bicycle_track"},"geometry":{"type":"Point","coordinates":[34.778736586097146,31.25192866014677]}},{"type":"Feature","properties":{"amenity_type":"bicycle_track"},"geometry":{"type":"Point","coordinates":[34.8048081214189,31.260978886579927]}},{"type":"Feature","properties":{"amenity_type":"bicycle_track"},"geometry":{"type":"Point","coordinates":[34.79804155781135,31.260895146377344]}},{"type":"Feature","properties":{"amenity_type":"bicycle_track"},"geometry":{"type":"Point","coordinates":[34.784393298703726,31.25358087964006]}},{"type":"Feature","properties":{"amenity_type":"bicycle_track"},"geometry":{"type":"Point","coordinates":[34.75506277296465,31.257975461476445]}},{"type":"Feature","properties":{"amenity_type":"bicycle_track"},"geometry":{"type":"Point","coordinates":[34.798447908371315,31.26113931476297]}},{"type":"Feature","properties":{"amenity_type":"bicycle_track"},"geometry":{"type":"Point","coordinates":[34.78858525571091,31.261429816014925]}},{"type":"Feature","properties":{"amenity_type":"bicycle_track"},"geometry":{"type":"Point","coordinates":[34.81132284245647,31.237246624761045]}},{"type":"Feature","properties":{"amenity_type":"businesscenters","name":"בית חולים סורוקה"},"geometry":{"type":"Point","coordinates":[34.80189478639945,31.258681155011114]}},{"type":"Feature","properties":{"amenity_type":"businesscenters","name":"אוניברסיטת בן גוריון"},"geometry":{"type":"Point","coordinates":[34.80241630839026,31.26430771863508]}},{"type":"Feature","properties":{"amenity_type":"businesscenters","name":"מרכזי מסחר מאורגן - קניון גרנד קניון"},"geometry":{"type":"Point","coordinates":[34.771673568082434,31.25043044130623]}},{"type":"Feature","properties":{"amenity_type":"businesscenters","name":"מרכזי מסחר מאורגן - קניון אביה"},"geometry":{"type":"Point","coordinates":[34.778622327757155,31.263387381582152]}},{"type":"Feature","properties":{"amenity_type":"businesscenters","name":"מרכזי מסחר מאורגן - קניון שאול המלך"},"geometry":{"type":"Point","coordinates":[34.767911408016325,31.257761011398543]}},{"type":"Feature","properties":{"amenity_type":"businesscenters","name":"מרכזי מסחר מאורגן - קניון עזריאלי הנגב"},"geometry":{"type":"Point","coordinates":[34.795046192432096,31.24386017330351]}},{"type":"Feature","properties":{"amenity_type":"businesscenters","name":"מרכזי מסחר מאורגן - מרכז מסחרי מול 7"},"geometry":{"type":"Point","coordinates":[34.796875120842714,31.232882240007527]}},{"type":"Feature","properties":{"amenity_type":"businesscenters","name":"מרכז מסחר מאורגן - סינמה סיטי באר שבע"},"geometry":{"type":"Point","coordinates":[34.799893384652854,31.23430157919974]}},{"type":"Feature","properties":{"amenity_type":"businesscenters","name":"מרכז מסחר מאורגן - ביג באר שבע"},"geometry":{"type":"Point","coordinates":[34.812053130276745,31.24328975035934]}},{"type":"Feature","properties":{"amenity_type":"businesscenters","name":"מרכזי מסחר מאורגן - one"},"geometry":{"type":"Point","coordinates":[34.811859842859285,31.24695339607557]}},{"type":"Feature","properties":{"amenity_type":"businesscenters","name":"רסקו"},"geometry":{"type":"Point","coordinates":[34.798878119077834,31.246245622394962]}},{"type":"Feature","properties":{"amenity_type":"businesscenters","name":"אזורי תעשייה - קריית יהודית"},"geometry":{"type":"Point","coordinates":[34.800615909910555,31.2265370525375]}},{"type":"Feature","properties":{"amenity_type":"businesscenters","name":"שוק עירוני"},"geometry":{"type":"Point","coordinates":[34.795683453687765,31.239622595766193]}},{"type":"Feature","properties":{"amenity_type":"businesscenters","name":"מרכזי מסחר שכונתיים - מרכז מסחרי הגשר"},"geometry":{"type":"Point","coordinates":[34.77986661501991,31.25094566184732]}},{"type":"Feature","properties":{"amenity_type":"businesscenters","name":"מרכז קנייה ובילוי לון"},"geometry":{"type":"Point","coordinates":[34.765512108381046,31.24584131963236]}},{"type":"Feature","properties":{"amenity_type":"businesscenters","name":"כיכר העיר"},"geometry":{"type":"Point","coordinates":[34.78933239469634,31.244312176167103]}},{"type":"Feature","properties":{"amenity_type":"businesscenters","name":"מרכזי מסחר שכונתיים - מרכז מסחרי מרכז האופרה"},"geometry":{"type":"Point","coordinates":[34.76335619741568,31.2656532412072]}},{"type":"Feature","properties":{"amenity_type":"businesscenters","name":"כיכר קפלן"},"geometry":{"type":"Point","coordinates":[34.791653599503,31.24957363482977]}},{"type":"Feature","properties":{"amenity_type":"businesscenters","name":"מרכז שפירא"},"geometry":{"type":"Point","coordinates":[34.797242651987645,31.248989819484155]}},{"type":"Feature","properties":{"amenity_type":"businesscenters","name":"מרכזי מסחר שכונתיים - מרכז חן"},"geometry":{"type":"Point","coordinates":[34.79133797525363,31.25467895093053]}},{"type":"Feature","properties":{"amenity_type":"businesscenters","name":"מרכזי מסחר שכונתיים - מרכז אורן"},"geometry":{"type":"Point","coordinates":[34.79741160801626,31.27047946208792]}},{"type":"Feature","properties":{"amenity_type":"businesscenters","name":"מרכזי מסחר שכונתיים - מרכז אורות"},"geometry":{"type":"Point","coordinates":[34.80764852918105,31.25175496278216]}},{"type":"Feature","properties":{"amenity_type":"businesscenters","name":"מרכזי מסחר שכונתיים - מרכז גילת"},"geometry":{"type":"Point","coordinates":[34.793108608050815,31.26452906214754]}},{"type":"Feature","properties":{"amenity_type":"businesscenters","name":"מרכזי מסחר שכונתיים - שכונה ט"},"geometry":{"type":"Point","coordinates":[34.77010510846347,31.246273744959908]}},{"type":"Feature","properties":{"amenity_type":"businesscenters","name":"מרכזי מסחר שכונתיים - מרכז גל"},"geometry":{"type":"Point","coordinates":[34.80449686806867,31.274196862537586]}},{"type":"Feature","properties":{"amenity_type":"businesscenters","name":"מרכזי מסחר שכונתיים - הר בוקר"},"geometry":{"type":"Point","coordinates":[34.810657348133205,31.272563002694447]}},{"type":"Feature","properties":{"amenity_type":"businesscenters","name":"אזור תעשייה - העורגים - יהושוע הצורף"},"geometry":{"type":"Point","coordinates":[34.81667160915598,31.256210529505193]}},{"type":"Feature","properties":{"amenity_type":"businesscenters","name":"העיר העתיקה"},"geometry":{"type":"Point","coordinates":[34.788168518958656,31.241463971954396]}},{"type":"Feature","properties":{"amenity_type":"businesscenters","name":"אזורי תעשייה - עמק שרה"},"geometry":{"type":"Point","coordinates":[34.81151404354454,31.223802396087592]}},{"type":"Feature","properties":{"amenity_type":"businesscenters","name":"אזור תעשייה - ליד מכתשים"},"geometry":{"type":"Point","coordinates":[34.822444622008604,31.250469662949538]}},{"type":"Feature","properties":{"amenity_type":"businesscenters","name":"פארק הייטק"},"geometry":{"type":"Point","coordinates":[34.81324960848309,31.263501945975587]}},{"type":"Feature","properties":{"amenity_type":"businesscenters","name":"מרכז אזרחי - פוליגון יהלום"},"geometry":{"type":"Point","coordinates":[34.798369843575664,31.2446820623177]}},{"type":"Feature","properties":{"amenity_type":"businesscenters","name":"אזור תעשיה - פנחס החוצב"},"geometry":{"type":"Point","coordinates":[34.808599309271806,31.246487762691046]}},{"type":"Feature","properties":{"amenity_type":"businesscenters","name":"יוהנה ז'בוטינסקי"},"geometry":{"type":"Point","coordinates":[34.77300947639434,31.238229468412847]}},{"type":"Feature","properties":{"amenity_type":"businesscenters","name":"רינגלבלום"},"geometry":{"type":"Point","coordinates":[34.800404061488166,31.267152482979224]}},{"type":"Feature","properties":{"amenity_type":"businesscenters","name":"מסחר מלווה רחוב"},"geometry":{"type":"Point","coordinates":[34.79789103485361,31.253636228215107]}},{"type":"Feature","properties":{"amenity_type":"businesscenters","name":"מרכזי מסחר שכונתיים - לאורך הרחובות שכונת הפארק"},"geometry":{"type":"Point","coordinates":[34.82163239410309,31.231926926381213]}},{"type":"Feature","properties":{"amenity_type":"community-centers","name":"מתנ\"ס לוי"},"geometry":{"type":"Point","coordinates":[34.79160084681817,31.26478369765686]}},{"type":"Feature","properties":{"amenity_type":"community-centers","name":"מתנ\"ס ניר"},"geometry":{"type":"Point","coordinates":[34.79047696597327,31.268776204562105]}},{"type":"Feature","properties":{"amenity_type":"community-centers","name":"מתנ\"ס נעו"},"geometry":{"type":"Point","coordinates":[34.79684640870857,31.264206419739175]}},{"type":"Feature","properties":{"amenity_type":"community-centers","name":"מתנ\"ס פאנ"},"geometry":{"type":"Point","coordinates":[34.798715878157964,31.2680680542042]}},{"type":"Feature","properties":{"amenity_type":"community-centers","name":"מתנ\"ס טאו"},"geometry":{"type":"Point","coordinates":[34.80612906000287,31.25772199822375]}},{"type":"Feature","properties":{"amenity_type":"community-centers","name":"מתנ\"ס - י'"},"geometry":{"type":"Point","coordinates":[34.76616416155831,31.260666961478602]}},{"type":"Feature","properties":{"amenity_type":"community-centers","name":"מרכז הצע"},"geometry":{"type":"Point","coordinates":[34.78733284824614,31.23862338773098]}},{"type":"Feature","properties":{"amenity_type":"community-centers","name":"מתנ\"ס רמו"},"geometry":{"type":"Point","coordinates":[34.79987388305781,31.280602641785194]}},{"type":"Feature","properties":{"amenity_type":"community-centers","name":"מתנ\"ס נוו"},"geometry":{"type":"Point","coordinates":[34.770935387337865,31.24076070734739]}},{"type":"Feature","properties":{"amenity_type":"community-centers","name":"מתנ\"ס נוו"},"geometry":{"type":"Point","coordinates":[34.783178485340855,31.229046777506444]}},{"type":"Feature","properties":{"amenity_type":"community-centers","name":"מתנ\"ס פלח"},"geometry":{"type":"Point","coordinates":[34.76986437444089,31.235022390527753]}},{"type":"Feature","properties":{"amenity_type":"community-centers","name":"מתנ\"ס חרד"},"geometry":{"type":"Point","coordinates":[34.77919290443656,31.26907498312987]}},{"type":"Feature","properties":{"amenity_type":"community-centers","name":"מתנ\"ס כלנ"},"geometry":{"type":"Point","coordinates":[34.75419985693729,31.271198896570496]}},{"type":"Feature","properties":{"amenity_type":"community-centers","name":"מתנ\"ס הפא"},"geometry":{"type":"Point","coordinates":[34.82108583860157,31.232869652201096]}},{"type":"Feature","properties":{"amenity_type":"community-centers","name":"מתנ\"ס נחל"},"geometry":{"type":"Point","coordinates":[34.774471889319344,31.222348500701266]}},{"type":"Feature","properties":{"amenity_type":"education"},"geometry":{"type":"Point","coordinates":[34.76715271353674,31.240225609546304]}},{"type":"Feature","properties":{"amenity_type":"education"},"geometry":{"type":"Point","coordinates":[34.76543797610315,31.24654703428473]}},{"type":"Feature","properties":{"amenity_type":"education"},"geometry":{"type":"Point","coordinates":[34.766891136448585,31.256681406373545]}},{"type":"Feature","properties":{"amenity_type":"education"},"geometry":{"type":"Point","coordinates":[34.770356349103984,31.238659908473867]}},{"type":"Feature","properties":{"amenity_type":"education"},"geometry":{"type":"Point","coordinates":[34.77933124978881,31.237116734709275]}},{"type":"Feature","properties":{"amenity_type":"education"},"geometry":{"type":"Point","coordinates":[34.771280942133956,31.245249256352526]}},{"type":"Feature","properties":{"amenity_type":"education"},"geometry":{"type":"Point","coordinates":[34.772220002406065,31.25696298794723]}},{"type":"Feature","properties":{"amenity_type":"education"},"geometry":{"type":"Point","coordinates":[34.77640486351994,31.24715650019222]}},{"type":"Feature","properties":{"amenity_type":"education"},"geometry":{"type":"Point","coordinates":[34.79339300942591,31.23158085300511]}},{"type":"Feature","properties":{"amenity_type":"education"},"geometry":{"type":"Point","coordinates":[34.7888351910404,31.244790377991812]}},{"type":"Feature","properties":{"amenity_type":"education"},"geometry":{"type":"Point","coordinates":[34.79311284069216,31.248934419308018]}},{"type":"Feature","properties":{"amenity_type":"education"},"geometry":{"type":"Point","coordinates":[34.770879440993305,31.266328142535457]}},{"type":"Feature","properties":{"amenity_type":"education"},"geometry":{"type":"Point","coordinates":[34.780681370542304,31.265177911779517]}},{"type":"Feature","properties":{"amenity_type":"education"},"geometry":{"type":"Point","coordinates":[34.78244599218988,31.26542495799427]}},{"type":"Feature","properties":{"amenity_type":"education"},"geometry":{"type":"Point","coordinates":[34.800860386668646,31.266407085613306]}},{"type":"Feature","properties":{"amenity_type":"education"},"geometry":{"type":"Point","coordinates":[34.778545106091535,31.25757412751026]}},{"type":"Feature","properties":{"amenity_type":"education"},"geometry":{"type":"Point","coordinates":[34.793336333221305,31.26196763061409]}},{"type":"Feature","properties":{"amenity_type":"education"},"geometry":{"type":"Point","coordinates":[34.797401169591005,31.272369428581573]}},{"type":"Feature","properties":{"amenity_type":"education"},"geometry":{"type":"Point","coordinates":[34.80621841354974,31.248926913177417]}},{"type":"Feature","properties":{"amenity_type":"education"},"geometry":{"type":"Point","coordinates":[34.803587925062835,31.256077940712917]}},{"type":"Feature","properties":{"amenity_type":"education"},"geometry":{"type":"Point","coordinates":[34.809892932772755,31.26623865915021]}},{"type":"Feature","properties":{"amenity_type":"education"},"geometry":{"type":"Point","coordinates":[34.8065580822136,31.270876243783764]}},{"type":"Feature","properties":{"amenity_type":"education"},"geometry":{"type":"Point","coordinates":[34.80912828273876,31.275259866756347]}},{"type":"Feature","properties":{"amenity_type":"education"},"geometry":{"type":"Point","coordinates":[34.77734337043311,31.23741567686285]}},{"type":"Feature","properties":{"amenity_type":"education"},"geometry":{"type":"Point","coordinates":[34.77472186311112,31.245481333641113]}},{"type":"Feature","properties":{"amenity_type":"education"},"geometry":{"type":"Point","coordinates":[34.767664587939166,31.23675850991053]}},{"type":"Feature","properties":{"amenity_type":"education"},"geometry":{"type":"Point","coordinates":[34.800637255809406,31.279109755089802]}},{"type":"Feature","properties":{"amenity_type":"education"},"geometry":{"type":"Point","coordinates":[34.76852485426746,31.270583778660374]}},{"type":"Feature","properties":{"amenity_type":"education"},"geometry":{"type":"Point","coordinates":[34.8047479307858,31.28398017077932]}},{"type":"Feature","properties":{"amenity_type":"education"},"geometry":{"type":"Point","coordinates":[34.768050514118755,31.26031886399465]}},{"type":"Feature","properties":{"amenity_type":"education"},"geometry":{"type":"Point","coordinates":[34.774185926684076,31.236729465979476]}},{"type":"Feature","properties":{"amenity_type":"education"},"geometry":{"type":"Point","coordinates":[34.789874548175625,31.25601830104947]}},{"type":"Feature","properties":{"amenity_type":"education"},"geometry":{"type":"Point","coordinates":[34.779798337885474,31.259188188842195]}},{"type":"Feature","properties":{"amenity_type":"education"},"geometry":{"type":"Point","coordinates":[34.800666368620234,31.281670006794645]}},{"type":"Feature","properties":{"amenity_type":"education"},"geometry":{"type":"Point","coordinates":[34.78668515949489,31.25971842396185]}},{"type":"Feature","properties":{"amenity_type":"education"},"geometry":{"type":"Point","coordinates":[34.769684500791726,31.25942806686011]}},{"type":"Feature","properties":{"amenity_type":"education"},"geometry":{"type":"Point","coordinates":[34.77326335985688,31.266319889573232]}},{"type":"Feature","properties":{"amenity_type":"education"},"geometry":{"type":"Point","coordinates":[34.819954554847804,31.277233298673607]}},{"type":"Feature","properties":{"amenity_type":"education"},"geometry":{"type":"Point","coordinates":[34.79754558235357,31.28157487901053]}},{"type":"Feature","properties":{"amenity_type":"education"},"geometry":{"type":"Point","coordinates":[34.77211144078468,31.25687810019571]}},{"type":"Feature","properties":{"amenity_type":"education"},"geometry":{"type":"Point","coordinates":[34.7896040096621,31.230884881654173]}},{"type":"Feature","properties":{"amenity_type":"education"},"geometry":{"type":"Point","coordinates":[34.78546026855643,31.238341884530247]}},{"type":"Feature","properties":{"amenity_type":"education"},"geometry":{"type":"Point","coordinates":[34.78873658069012,31.24481121973231]}},{"type":"Feature","properties":{"amenity_type":"education"},"geometry":{"type":"Point","coordinates":[34.77629915180379,31.259312756124643]}},{"type":"Feature","properties":{"amenity_type":"education"},"geometry":{"type":"Point","coordinates":[34.793688019768,31.25485899736993]}},{"type":"Feature","properties":{"amenity_type":"education"},"geometry":{"type":"Point","coordinates":[34.78096624482575,31.264697716574428]}},{"type":"Feature","properties":{"amenity_type":"education"},"geometry":{"type":"Point","coordinates":[34.780831733705945,31.265099659638956]}},{"type":"Feature","properties":{"amenity_type":"education"},"geometry":{"type":"Point","coordinates":[34.78247532113232,31.26532673884132]}},{"type":"Feature","properties":{"amenity_type":"education"},"geometry":{"type":"Point","coordinates":[34.79596731951898,31.271592150706866]}},{"type":"Feature","properties":{"amenity_type":"education"},"geometry":{"type":"Point","coordinates":[34.8087164265172,31.257054928540263]}},{"type":"Feature","properties":{"amenity_type":"education"},"geometry":{"type":"Point","coordinates":[34.78990758699489,31.270351209550842]}},{"type":"Feature","properties":{"amenity_type":"education"},"geometry":{"type":"Point","coordinates":[34.79911151905167,31.265010500208632]}},{"type":"Feature","properties":{"amenity_type":"education"},"geometry":{"type":"Point","coordinates":[34.77702938637994,31.237301464395053]}},{"type":"Feature","properties":{"amenity_type":"education"},"geometry":{"type":"Point","coordinates":[34.7731086331121,31.236981061356513]}},{"type":"Feature","properties":{"amenity_type":"education"},"geometry":{"type":"Point","coordinates":[34.756260649037905,31.266594975681553]}},{"type":"Feature","properties":{"amenity_type":"education"},"geometry":{"type":"Point","coordinates":[34.7755478135916,31.244010800462906]}},{"type":"Feature","properties":{"amenity_type":"education"},"geometry":{"type":"Point","coordinates":[34.76479512855891,31.26830841441261]}},{"type":"Feature","properties":{"amenity_type":"education"},"geometry":{"type":"Point","coordinates":[34.76282126362799,31.25840476694317]}},{"type":"Feature","properties":{"amenity_type":"education"},"geometry":{"type":"Point","coordinates":[34.76396405024805,31.24621220881283]}},{"type":"Feature","properties":{"amenity_type":"education"},"geometry":{"type":"Point","coordinates":[34.78330369857,31.24964044666552]}},{"type":"Feature","properties":{"amenity_type":"education"},"geometry":{"type":"Point","coordinates":[34.77354704535899,31.251968163414297]}},{"type":"Feature","properties":{"amenity_type":"education"},"geometry":{"type":"Point","coordinates":[34.75880503348103,31.264744600258407]}},{"type":"Feature","properties":{"amenity_type":"education"},"geometry":{"type":"Point","coordinates":[34.77068175601941,31.255106181809214]}},{"type":"Feature","properties":{"amenity_type":"education"},"geometry":{"type":"Point","coordinates":[34.77018863581209,31.24855043307458]}},{"type":"Feature","properties":{"amenity_type":"education"},"geometry":{"type":"Point","coordinates":[34.77995438915052,31.231613309427267]}},{"type":"Feature","properties":{"amenity_type":"education"},"geometry":{"type":"Point","coordinates":[34.768050514118755,31.26031886399465]}},{"type":"Feature","properties":{"amenity_type":"education"},"geometry":{"type":"Point","coordinates":[34.78615190484079,31.248286558890918]}},{"type":"Feature","properties":{"amenity_type":"education"},"geometry":{"type":"Point","coordinates":[34.807600138541986,31.287620127425996]}},{"type":"Feature","properties":{"amenity_type":"education"},"geometry":{"type":"Point","coordinates":[34.76971907386093,31.25961252446362]}},{"type":"Feature","properties":{"amenity_type":"education"},"geometry":{"type":"Point","coordinates":[34.765171925815054,31.231635382720235]}},{"type":"Feature","properties":{"amenity_type":"education"},"geometry":{"type":"Point","coordinates":[34.80827855477758,31.24958124143698]}},{"type":"Feature","properties":{"amenity_type":"education"},"geometry":{"type":"Point","coordinates":[34.76482146477248,31.25420362519142]}},{"type":"Feature","properties":{"amenity_type":"education"},"geometry":{"type":"Point","coordinates":[34.77499920265485,31.23854784272758]}},{"type":"Feature","properties":{"amenity_type":"education"},"geometry":{"type":"Point","coordinates":[34.76788725662241,31.255529885948366]}},{"type":"Feature","properties":{"amenity_type":"education"},"geometry":{"type":"Point","coordinates":[34.77467679047417,31.25551109423145]}},{"type":"Feature","properties":{"amenity_type":"education"},"geometry":{"type":"Point","coordinates":[34.77531209188401,31.248325081445724]}},{"type":"Feature","properties":{"amenity_type":"education"},"geometry":{"type":"Point","coordinates":[34.77988818351549,31.24860013767136]}},{"type":"Feature","properties":{"amenity_type":"education"},"geometry":{"type":"Point","coordinates":[34.778412224758206,31.25361582852556]}},{"type":"Feature","properties":{"amenity_type":"education"},"geometry":{"type":"Point","coordinates":[34.78000340042403,31.25918052977335]}},{"type":"Feature","properties":{"amenity_type":"education"},"geometry":{"type":"Point","coordinates":[34.785472150896446,31.246408823134523]}},{"type":"Feature","properties":{"amenity_type":"education"},"geometry":{"type":"Point","coordinates":[34.78831819596839,31.2525283567715]}},{"type":"Feature","properties":{"amenity_type":"education"},"geometry":{"type":"Point","coordinates":[34.78652185415102,31.25970938821207]}},{"type":"Feature","properties":{"amenity_type":"education"},"geometry":{"type":"Point","coordinates":[34.789957588024,31.256085384536572]}},{"type":"Feature","properties":{"amenity_type":"education"},"geometry":{"type":"Point","coordinates":[34.79451272197991,31.252787830595608]}},{"type":"Feature","properties":{"amenity_type":"education"},"geometry":{"type":"Point","coordinates":[34.761662111600565,31.26920290951487]}},{"type":"Feature","properties":{"amenity_type":"education"},"geometry":{"type":"Point","coordinates":[34.77426166706243,31.26276745016645]}},{"type":"Feature","properties":{"amenity_type":"education"},"geometry":{"type":"Point","coordinates":[34.78377296898735,31.26478110070698]}},{"type":"Feature","properties":{"amenity_type":"education"},"geometry":{"type":"Point","coordinates":[34.78500134681203,31.26865170401976]}},{"type":"Feature","properties":{"amenity_type":"education"},"geometry":{"type":"Point","coordinates":[34.79584234808306,31.271581015417432]}},{"type":"Feature","properties":{"amenity_type":"education"},"geometry":{"type":"Point","coordinates":[34.8087164265172,31.257054928540263]}},{"type":"Feature","properties":{"amenity_type":"education"},"geometry":{"type":"Point","coordinates":[34.81147960608973,31.25285056645804]}},{"type":"Feature","properties":{"amenity_type":"education"},"geometry":{"type":"Point","coordinates":[34.80553120668285,31.270637809390763]}},{"type":"Feature","properties":{"amenity_type":"education"},"geometry":{"type":"Point","coordinates":[34.80561226600765,31.27049440681934]}},{"type":"Feature","properties":{"amenity_type":"education"},"geometry":{"type":"Point","coordinates":[34.79852189413665,31.270344174244403]}},{"type":"Feature","properties":{"amenity_type":"education"},"geometry":{"type":"Point","coordinates":[34.791459034186104,31.27272334233901]}},{"type":"Feature","properties":{"amenity_type":"education"},"geometry":{"type":"Point","coordinates":[34.79856764217709,31.268422179076822]}},{"type":"Feature","properties":{"amenity_type":"education"},"geometry":{"type":"Point","coordinates":[34.804968710402015,31.25552370175709]}},{"type":"Feature","properties":{"amenity_type":"education"},"geometry":{"type":"Point","coordinates":[34.76435381490007,31.238142796258902]}},{"type":"Feature","properties":{"amenity_type":"education"},"geometry":{"type":"Point","coordinates":[34.75130763543879,31.258056416494234]}},{"type":"Feature","properties":{"amenity_type":"education"},"geometry":{"type":"Point","coordinates":[34.78893342499359,31.26439716685028]}},{"type":"Feature","properties":{"amenity_type":"education"},"geometry":{"type":"Point","coordinates":[34.801101343168085,31.259032896788927]}},{"type":"Feature","properties":{"amenity_type":"education"},"geometry":{"type":"Point","coordinates":[34.77724054543723,31.23926456092655]}},{"type":"Feature","properties":{"amenity_type":"education"},"geometry":{"type":"Point","coordinates":[34.76809282220703,31.253695765517893]}},{"type":"Feature","properties":{"amenity_type":"education"},"geometry":{"type":"Point","coordinates":[34.767941841642156,31.253716857177587]}},{"type":"Feature","properties":{"amenity_type":"education"},"geometry":{"type":"Point","coordinates":[34.782507862497035,31.272347107524816]}},{"type":"Feature","properties":{"amenity_type":"education"},"geometry":{"type":"Point","coordinates":[34.766771411220546,31.256553783689455]}},{"type":"Feature","properties":{"amenity_type":"education"},"geometry":{"type":"Point","coordinates":[34.76896565706354,31.257172559173494]}},{"type":"Feature","properties":{"amenity_type":"education"},"geometry":{"type":"Point","coordinates":[34.78535925774268,31.230964567388412]}},{"type":"Feature","properties":{"amenity_type":"education"},"geometry":{"type":"Point","coordinates":[34.797084234636195,31.2484344912483]}},{"type":"Feature","properties":{"amenity_type":"education"},"geometry":{"type":"Point","coordinates":[34.77837158024107,31.24531624668029]}},{"type":"Feature","properties":{"amenity_type":"education"},"geometry":{"type":"Point","coordinates":[34.77396109551966,31.222023923867983]}},{"type":"Feature","properties":{"amenity_type":"education"},"geometry":{"type":"Point","coordinates":[34.764145359819096,31.238208250069295]}},{"type":"Feature","properties":{"amenity_type":"education"},"geometry":{"type":"Point","coordinates":[34.784429949227444,31.23516302214178]}},{"type":"Feature","properties":{"amenity_type":"education"},"geometry":{"type":"Point","coordinates":[34.79173795892034,31.26523518845685]}},{"type":"Feature","properties":{"amenity_type":"education"},"geometry":{"type":"Point","coordinates":[34.769976316393155,31.26370056987039]}},{"type":"Feature","properties":{"amenity_type":"education"},"geometry":{"type":"Point","coordinates":[34.80490111573837,31.273828832408235]}},{"type":"Feature","properties":{"amenity_type":"education"},"geometry":{"type":"Point","coordinates":[34.7678712417665,31.254201818627706]}},{"type":"Feature","properties":{"amenity_type":"education"},"geometry":{"type":"Point","coordinates":[34.772254612238406,31.25292323126009]}},{"type":"Feature","properties":{"amenity_type":"education"},"geometry":{"type":"Point","coordinates":[34.75887478408212,31.264461927498747]}},{"type":"Feature","properties":{"amenity_type":"education"},"geometry":{"type":"Point","coordinates":[34.78576291194092,31.249332357075158]}},{"type":"Feature","properties":{"amenity_type":"education"},"geometry":{"type":"Point","coordinates":[34.79254621656988,31.24702436198497]}},{"type":"Feature","properties":{"amenity_type":"education"},"geometry":{"type":"Point","coordinates":[34.77051563914993,31.245132228855766]}},{"type":"Feature","properties":{"amenity_type":"education"},"geometry":{"type":"Point","coordinates":[34.776266401153386,31.252405012383417]}},{"type":"Feature","properties":{"amenity_type":"education"},"geometry":{"type":"Point","coordinates":[34.77614316456428,31.252501305797573]}},{"type":"Feature","properties":{"amenity_type":"education"},"geometry":{"type":"Point","coordinates":[34.764654846856615,31.257618302560395]}},{"type":"Feature","properties":{"amenity_type":"education"},"geometry":{"type":"Point","coordinates":[34.76491930293883,31.254232805264607]}},{"type":"Feature","properties":{"amenity_type":"education"},"geometry":{"type":"Point","coordinates":[34.79648462316073,31.265045782380476]}},{"type":"Feature","properties":{"amenity_type":"education"},"geometry":{"type":"Point","coordinates":[34.794687697685376,31.266636275625057]}},{"type":"Feature","properties":{"amenity_type":"education"},"geometry":{"type":"Point","coordinates":[34.78021491131965,31.265870366779385]}},{"type":"Feature","properties":{"amenity_type":"education"},"geometry":{"type":"Point","coordinates":[34.80564985130397,31.27074016200587]}},{"type":"Feature","properties":{"amenity_type":"education"},"geometry":{"type":"Point","coordinates":[34.79213382243738,31.270450626966632]}},{"type":"Feature","properties":{"amenity_type":"education"},"geometry":{"type":"Point","coordinates":[34.79019691056081,31.24233855510126]}},{"type":"Feature","properties":{"amenity_type":"education"},"geometry":{"type":"Point","coordinates":[34.80086337100748,31.2663297865758]}},{"type":"Feature","properties":{"amenity_type":"education"},"geometry":{"type":"Point","coordinates":[34.785689382051366,31.23975945366972]}},{"type":"Feature","properties":{"amenity_type":"education"},"geometry":{"type":"Point","coordinates":[34.79911856363359,31.264808458275642]}},{"type":"Feature","properties":{"amenity_type":"education"},"geometry":{"type":"Point","coordinates":[34.767016579830894,31.262819869593024]}},{"type":"Feature","properties":{"amenity_type":"education"},"geometry":{"type":"Point","coordinates":[34.79496114280773,31.26268060951147]}},{"type":"Feature","properties":{"amenity_type":"education"},"geometry":{"type":"Point","coordinates":[34.771539253708355,31.247783423271883]}},{"type":"Feature","properties":{"amenity_type":"education"},"geometry":{"type":"Point","coordinates":[34.78377848355532,31.264853735408337]}},{"type":"Feature","properties":{"amenity_type":"education"},"geometry":{"type":"Point","coordinates":[34.79341550390808,31.272770759930598]}},{"type":"Feature","properties":{"amenity_type":"education"},"geometry":{"type":"Point","coordinates":[34.776650042269765,31.23958390260048]}},{"type":"Feature","properties":{"amenity_type":"education"},"geometry":{"type":"Point","coordinates":[34.77414120826026,31.23663409136646]}},{"type":"Feature","properties":{"amenity_type":"education"},"geometry":{"type":"Point","coordinates":[34.79723249122136,31.284087110182828]}},{"type":"Feature","properties":{"amenity_type":"education"},"geometry":{"type":"Point","coordinates":[34.76505658343147,31.231804518153012]}},{"type":"Feature","properties":{"amenity_type":"education"},"geometry":{"type":"Point","coordinates":[34.778379617268875,31.24533959115299]}},{"type":"Feature","properties":{"amenity_type":"education"},"geometry":{"type":"Point","coordinates":[34.77397549930902,31.22189546556402]}},{"type":"Feature","properties":{"amenity_type":"education"},"geometry":{"type":"Point","coordinates":[34.79767466694705,31.281393192159484]}},{"type":"Feature","properties":{"amenity_type":"education"},"geometry":{"type":"Point","coordinates":[34.7661932934941,31.259393875678196]}},{"type":"Feature","properties":{"amenity_type":"education"},"geometry":{"type":"Point","coordinates":[34.800125187718336,31.253133691659716]}},{"type":"Feature","properties":{"amenity_type":"education"},"geometry":{"type":"Point","coordinates":[34.763542157422904,31.246159355240568]}},{"type":"Feature","properties":{"amenity_type":"education"},"geometry":{"type":"Point","coordinates":[34.76720130639513,31.261012860748053]}},{"type":"Feature","properties":{"amenity_type":"education"},"geometry":{"type":"Point","coordinates":[34.77034104849909,31.244884960634778]}},{"type":"Feature","properties":{"amenity_type":"education"},"geometry":{"type":"Point","coordinates":[34.76930626172131,31.25634987236213]}},{"type":"Feature","properties":{"amenity_type":"education"},"geometry":{"type":"Point","coordinates":[34.77476723778567,31.254563847287915]}},{"type":"Feature","properties":{"amenity_type":"education"},"geometry":{"type":"Point","coordinates":[34.77579917346672,31.247293880753933]}},{"type":"Feature","properties":{"amenity_type":"education"},"geometry":{"type":"Point","coordinates":[34.78369727487474,31.260296757911846]}},{"type":"Feature","properties":{"amenity_type":"education"},"geometry":{"type":"Point","coordinates":[34.78822612462433,31.243856819173494]}},{"type":"Feature","properties":{"amenity_type":"education"},"geometry":{"type":"Point","coordinates":[34.7883812209136,31.254885758040864]}},{"type":"Feature","properties":{"amenity_type":"education"},"geometry":{"type":"Point","coordinates":[34.75932768957052,31.264856557676808]}},{"type":"Feature","properties":{"amenity_type":"education"},"geometry":{"type":"Point","coordinates":[34.76482937540419,31.2684968348764]}},{"type":"Feature","properties":{"amenity_type":"education"},"geometry":{"type":"Point","coordinates":[34.76949332538811,31.26359583197331]}},{"type":"Feature","properties":{"amenity_type":"education"},"geometry":{"type":"Point","coordinates":[34.79102534848585,31.26986465862201]}},{"type":"Feature","properties":{"amenity_type":"education"},"geometry":{"type":"Point","coordinates":[34.79948432057056,31.26820361282948]}},{"type":"Feature","properties":{"amenity_type":"education"},"geometry":{"type":"Point","coordinates":[34.80489219910595,31.25515564925513]}},{"type":"Feature","properties":{"amenity_type":"education"},"geometry":{"type":"Point","coordinates":[34.804028753116405,31.27348144205874]}},{"type":"Feature","properties":{"amenity_type":"education"},"geometry":{"type":"Point","coordinates":[34.81023936005831,31.269296680383338]}},{"type":"Feature","properties":{"amenity_type":"education"},"geometry":{"type":"Point","coordinates":[34.776482978301324,31.243675444043454]}},{"type":"Feature","properties":{"amenity_type":"education"},"geometry":{"type":"Point","coordinates":[34.788794484951964,31.263541924158766]}},{"type":"Feature","properties":{"amenity_type":"education"},"geometry":{"type":"Point","coordinates":[34.805662658143625,31.284125806265067]}},{"type":"Feature","properties":{"amenity_type":"education"},"geometry":{"type":"Point","coordinates":[34.79804714825292,31.285001399454657]}},{"type":"Feature","properties":{"amenity_type":"education"},"geometry":{"type":"Point","coordinates":[34.76863808358098,31.23583399004534]}},{"type":"Feature","properties":{"amenity_type":"education"},"geometry":{"type":"Point","coordinates":[34.773754130773995,31.23724425873095]}},{"type":"Feature","properties":{"amenity_type":"education"},"geometry":{"type":"Point","coordinates":[34.77723043086983,31.23784552965258]}},{"type":"Feature","properties":{"amenity_type":"education"},"geometry":{"type":"Point","coordinates":[34.78295856383511,31.241161029558715]}},{"type":"Feature","properties":{"amenity_type":"education"},"geometry":{"type":"Point","coordinates":[34.77249717891062,31.24734090141055]}},{"type":"Feature","properties":{"amenity_type":"education"},"geometry":{"type":"Point","coordinates":[34.783072245380616,31.256831780976047]}},{"type":"Feature","properties":{"amenity_type":"education"},"geometry":{"type":"Point","coordinates":[34.78474305449321,31.235203888730556]}},{"type":"Feature","properties":{"amenity_type":"education"},"geometry":{"type":"Point","coordinates":[34.78962400294442,31.230229884568196]}},{"type":"Feature","properties":{"amenity_type":"education"},"geometry":{"type":"Point","coordinates":[34.792499004433814,31.230835862782445]}},{"type":"Feature","properties":{"amenity_type":"education"},"geometry":{"type":"Point","coordinates":[34.78681716189771,31.24786780608889]}},{"type":"Feature","properties":{"amenity_type":"education"},"geometry":{"type":"Point","coordinates":[34.7918118878424,31.251424888444948]}},{"type":"Feature","properties":{"amenity_type":"education"},"geometry":{"type":"Point","coordinates":[34.79189619651255,31.252743746823324]}},{"type":"Feature","properties":{"amenity_type":"education"},"geometry":{"type":"Point","coordinates":[34.78388087010048,31.257275231364268]}},{"type":"Feature","properties":{"amenity_type":"education"},"geometry":{"type":"Point","coordinates":[34.78795987185065,31.257870209598963]}},{"type":"Feature","properties":{"amenity_type":"education"},"geometry":{"type":"Point","coordinates":[34.79282376175462,31.24646542289294]}},{"type":"Feature","properties":{"amenity_type":"education"},"geometry":{"type":"Point","coordinates":[34.79225225917201,31.25991670535548]}},{"type":"Feature","properties":{"amenity_type":"education"},"geometry":{"type":"Point","coordinates":[34.7613123379662,31.263625884182055]}},{"type":"Feature","properties":{"amenity_type":"education"},"geometry":{"type":"Point","coordinates":[34.772185913040964,31.263157252251432]}},{"type":"Feature","properties":{"amenity_type":"education"},"geometry":{"type":"Point","coordinates":[34.7736593186495,31.263565805002127]}},{"type":"Feature","properties":{"amenity_type":"education"},"geometry":{"type":"Point","coordinates":[34.781782352413856,31.268844723513606]}},{"type":"Feature","properties":{"amenity_type":"education"},"geometry":{"type":"Point","coordinates":[34.78331468457652,31.268751338748594]}},{"type":"Feature","properties":{"amenity_type":"education"},"geometry":{"type":"Point","coordinates":[34.78775049306358,31.265105486901643]}},{"type":"Feature","properties":{"amenity_type":"education"},"geometry":{"type":"Point","coordinates":[34.791230278497395,31.261892700383473]}},{"type":"Feature","properties":{"amenity_type":"education"},"geometry":{"type":"Point","coordinates":[34.79093492707555,31.266929145524482]}},{"type":"Feature","properties":{"amenity_type":"education"},"geometry":{"type":"Point","coordinates":[34.78911837112506,31.272185657486098]}},{"type":"Feature","properties":{"amenity_type":"education"},"geometry":{"type":"Point","coordinates":[34.791706671760736,31.270263211659966]}},{"type":"Feature","properties":{"amenity_type":"education"},"geometry":{"type":"Point","coordinates":[34.79973728893467,31.264596630634415]}},{"type":"Feature","properties":{"amenity_type":"education"},"geometry":{"type":"Point","coordinates":[34.79486734882694,31.270589629574314]}},{"type":"Feature","properties":{"amenity_type":"education"},"geometry":{"type":"Point","coordinates":[34.80194416925945,31.25132068985664]}},{"type":"Feature","properties":{"amenity_type":"education"},"geometry":{"type":"Point","coordinates":[34.80795096608788,31.249659045583478]}},{"type":"Feature","properties":{"amenity_type":"education"},"geometry":{"type":"Point","coordinates":[34.80120120268047,31.254926674317726]}},{"type":"Feature","properties":{"amenity_type":"education"},"geometry":{"type":"Point","coordinates":[34.80806717576507,31.253099640594346]}},{"type":"Feature","properties":{"amenity_type":"education"},"geometry":{"type":"Point","coordinates":[34.8032146490343,31.269671054609645]}},{"type":"Feature","properties":{"amenity_type":"education"},"geometry":{"type":"Point","coordinates":[34.80310190431236,31.270773142151747]}},{"type":"Feature","properties":{"amenity_type":"education"},"geometry":{"type":"Point","coordinates":[34.77314199855148,31.24833983492253]}},{"type":"Feature","properties":{"amenity_type":"education"},"geometry":{"type":"Point","coordinates":[34.77049237794747,31.25598863176781]}},{"type":"Feature","properties":{"amenity_type":"education"},"geometry":{"type":"Point","coordinates":[34.755007523897476,31.254079431094944]}},{"type":"Feature","properties":{"amenity_type":"education"},"geometry":{"type":"Point","coordinates":[34.782480455200165,31.267032518284434]}},{"type":"Feature","properties":{"amenity_type":"education"},"geometry":{"type":"Point","coordinates":[34.77522449863112,31.25267395456779]}},{"type":"Feature","properties":{"amenity_type":"education"},"geometry":{"type":"Point","coordinates":[34.785703095745575,31.240124855838026]}},{"type":"Feature","properties":{"amenity_type":"education"},"geometry":{"type":"Point","coordinates":[34.777129350662655,31.267752759315798]}},{"type":"Feature","properties":{"amenity_type":"education"},"geometry":{"type":"Point","coordinates":[34.79081715285219,31.264465950627233]}},{"type":"Feature","properties":{"amenity_type":"education"},"geometry":{"type":"Point","coordinates":[34.76425407739517,31.25763459013805]}},{"type":"Feature","properties":{"amenity_type":"education"},"geometry":{"type":"Point","coordinates":[34.78132780200692,31.252143581336373]}},{"type":"Feature","properties":{"amenity_type":"education"},"geometry":{"type":"Point","coordinates":[34.782696451365055,31.268185488728722]}},{"type":"Feature","properties":{"amenity_type":"education"},"geometry":{"type":"Point","coordinates":[34.76816870015964,31.23690987057592]}},{"type":"Feature","properties":{"amenity_type":"education"},"geometry":{"type":"Point","coordinates":[34.79404567655927,31.25980746867988]}},{"type":"Feature","properties":{"amenity_type":"education"},"geometry":{"type":"Point","coordinates":[34.79690319073457,31.26470723166259]}},{"type":"Feature","properties":{"amenity_type":"education"},"geometry":{"type":"Point","coordinates":[34.76930101703136,31.269623877013583]}},{"type":"Feature","properties":{"amenity_type":"education"},"geometry":{"type":"Point","coordinates":[34.79687160660642,31.265057423377677]}},{"type":"Feature","properties":{"amenity_type":"education"},"geometry":{"type":"Point","coordinates":[34.786061173185324,31.249753511707038]}},{"type":"Feature","properties":{"amenity_type":"education"},"geometry":{"type":"Point","coordinates":[34.77483189922105,31.260094199068455]}},{"type":"Feature","properties":{"amenity_type":"education"},"geometry":{"type":"Point","coordinates":[34.781540436727795,31.272739893023463]}},{"type":"Feature","properties":{"amenity_type":"education"},"geometry":{"type":"Point","coordinates":[34.780514980823135,31.257631807074052]}},{"type":"Feature","properties":{"amenity_type":"education"},"geometry":{"type":"Point","coordinates":[34.7803059961454,31.25702184707476]}},{"type":"Feature","properties":{"amenity_type":"education"},"geometry":{"type":"Point","coordinates":[34.77148662758961,31.263198961226028]}},{"type":"Feature","properties":{"amenity_type":"education"},"geometry":{"type":"Point","coordinates":[34.80292439109813,31.270965755359455]}},{"type":"Feature","properties":{"amenity_type":"education"},"geometry":{"type":"Point","coordinates":[34.77593977538547,31.23614395834987]}},{"type":"Feature","properties":{"amenity_type":"education"},"geometry":{"type":"Point","coordinates":[34.77593977538547,31.23614395834987]}},{"type":"Feature","properties":{"amenity_type":"education"},"geometry":{"type":"Point","coordinates":[34.77351780643299,31.235326455881275]}},{"type":"Feature","properties":{"amenity_type":"education"},"geometry":{"type":"Point","coordinates":[34.773592139357746,31.23546988246292]}},{"type":"Feature","properties":{"amenity_type":"education"},"geometry":{"type":"Point","coordinates":[34.766699870127646,31.230507677435888]}},{"type":"Feature","properties":{"amenity_type":"education"},"geometry":{"type":"Point","coordinates":[34.80758906370669,31.283316536813558]}},{"type":"Feature","properties":{"amenity_type":"education"},"geometry":{"type":"Point","coordinates":[34.80749012505844,31.283023754685445]}},{"type":"Feature","properties":{"amenity_type":"education"},"geometry":{"type":"Point","coordinates":[34.80755767374458,31.28315815806933]}},{"type":"Feature","properties":{"amenity_type":"education"},"geometry":{"type":"Point","coordinates":[34.767786206983445,31.24896750898175]}},{"type":"Feature","properties":{"amenity_type":"education"},"geometry":{"type":"Point","coordinates":[34.82531354890709,31.27496406020248]}},{"type":"Feature","properties":{"amenity_type":"education"},"geometry":{"type":"Point","coordinates":[34.76795344162085,31.2489463174984]}},{"type":"Feature","properties":{"amenity_type":"education"},"geometry":{"type":"Point","coordinates":[34.82539288217906,31.274838234341587]}},{"type":"Feature","properties":{"amenity_type":"education"},"geometry":{"type":"Point","coordinates":[34.80807245221797,31.286882061348326]}},{"type":"Feature","properties":{"amenity_type":"education"},"geometry":{"type":"Point","coordinates":[34.78728620005834,31.24418991707114]}},{"type":"Feature","properties":{"amenity_type":"education"},"geometry":{"type":"Point","coordinates":[34.78741218675914,31.244119930220158]}},{"type":"Feature","properties":{"amenity_type":"education"},"geometry":{"type":"Point","coordinates":[34.782600824333066,31.23659166065942]}},{"type":"Feature","properties":{"amenity_type":"education"},"geometry":{"type":"Point","coordinates":[34.782528095264624,31.236662525644125]}},{"type":"Feature","properties":{"amenity_type":"education"},"geometry":{"type":"Point","coordinates":[34.78354428549077,31.235977516178885]}},{"type":"Feature","properties":{"amenity_type":"education"},"geometry":{"type":"Point","coordinates":[34.78331586350885,31.235832931501346]}},{"type":"Feature","properties":{"amenity_type":"education"},"geometry":{"type":"Point","coordinates":[34.80156189145189,31.285024259204413]}},{"type":"Feature","properties":{"amenity_type":"education"},"geometry":{"type":"Point","coordinates":[34.80171618028739,31.285161711764825]}},{"type":"Feature","properties":{"amenity_type":"education"},"geometry":{"type":"Point","coordinates":[34.808549641339106,31.257083050507006]}},{"type":"Feature","properties":{"amenity_type":"education"},"geometry":{"type":"Point","coordinates":[34.76862518647077,31.232858716688103]}},{"type":"Feature","properties":{"amenity_type":"education"},"geometry":{"type":"Point","coordinates":[34.770933333032275,31.23278170755639]}},{"type":"Feature","properties":{"amenity_type":"education"},"geometry":{"type":"Point","coordinates":[34.771147757808585,31.232869150190957]}},{"type":"Feature","properties":{"amenity_type":"education"},"geometry":{"type":"Point","coordinates":[34.76882304389128,31.232528915167347]}},{"type":"Feature","properties":{"amenity_type":"education"},"geometry":{"type":"Point","coordinates":[34.768277218230324,31.232548552274583]}},{"type":"Feature","properties":{"amenity_type":"education"},"geometry":{"type":"Point","coordinates":[34.76849148167233,31.232431787451237]}},{"type":"Feature","properties":{"amenity_type":"education"},"geometry":{"type":"Point","coordinates":[34.807975124732884,31.286298349660257]}},{"type":"Feature","properties":{"amenity_type":"education"},"geometry":{"type":"Point","coordinates":[34.8078423755063,31.286184113834242]}},{"type":"Feature","properties":{"amenity_type":"education"},"geometry":{"type":"Point","coordinates":[34.807691980170574,31.28632271717038]}},{"type":"Feature","properties":{"amenity_type":"education"},"geometry":{"type":"Point","coordinates":[34.768307257800764,31.23305249029122]}},{"type":"Feature","properties":{"amenity_type":"education"},"geometry":{"type":"Point","coordinates":[34.785329280785696,31.238445262569755]}},{"type":"Feature","properties":{"amenity_type":"education"},"geometry":{"type":"Point","coordinates":[34.80635190145857,31.24892459647308]}},{"type":"Feature","properties":{"amenity_type":"education"},"geometry":{"type":"Point","coordinates":[34.81133450983675,31.25279312338426]}},{"type":"Feature","properties":{"amenity_type":"education"},"geometry":{"type":"Point","coordinates":[34.79729884014447,31.272366357261053]}},{"type":"Feature","properties":{"amenity_type":"education"},"geometry":{"type":"Point","coordinates":[34.78320097965677,31.249730761472645]}},{"type":"Feature","properties":{"amenity_type":"education"},"geometry":{"type":"Point","coordinates":[34.77343554509605,31.251877138459182]}},{"type":"Feature","properties":{"amenity_type":"education"},"geometry":{"type":"Point","coordinates":[34.772110661372096,31.252936482357132]}},{"type":"Feature","properties":{"amenity_type":"education"},"geometry":{"type":"Point","coordinates":[34.770316217792136,31.248527447781967]}},{"type":"Feature","properties":{"amenity_type":"education"},"geometry":{"type":"Point","coordinates":[34.76283550585069,31.2582916668612]}},{"type":"Feature","properties":{"amenity_type":"education"},"geometry":{"type":"Point","coordinates":[34.79485772857528,31.252824182904558]}},{"type":"Feature","properties":{"amenity_type":"education"},"geometry":{"type":"Point","coordinates":[34.79466796961054,31.252741128840135]}},{"type":"Feature","properties":{"amenity_type":"education"},"geometry":{"type":"Point","coordinates":[34.77443534477032,31.262715982514955]}},{"type":"Feature","properties":{"amenity_type":"education"},"geometry":{"type":"Point","coordinates":[34.80184029461622,31.285314711254152]}},{"type":"Feature","properties":{"amenity_type":"education"},"geometry":{"type":"Point","coordinates":[34.80143932733887,31.284860059998245]}},{"type":"Feature","properties":{"amenity_type":"education"},"geometry":{"type":"Point","coordinates":[34.77174606274081,31.25634831808105]}},{"type":"Feature","properties":{"amenity_type":"education"},"geometry":{"type":"Point","coordinates":[34.80439048854256,31.288388584160373]}},{"type":"Feature","properties":{"amenity_type":"education"},"geometry":{"type":"Point","coordinates":[34.758842340309286,31.273074385142824]}},{"type":"Feature","properties":{"amenity_type":"education"},"geometry":{"type":"Point","coordinates":[34.75901713282858,31.273125103317156]}},{"type":"Feature","properties":{"amenity_type":"education"},"geometry":{"type":"Point","coordinates":[34.77843954189587,31.25758834797952]}},{"type":"Feature","properties":{"amenity_type":"education"},"geometry":{"type":"Point","coordinates":[34.778941235881845,31.257381807910942]}},{"type":"Feature","properties":{"amenity_type":"education"},"geometry":{"type":"Point","coordinates":[34.779075053889855,31.25730557908624]}},{"type":"Feature","properties":{"amenity_type":"education"},"geometry":{"type":"Point","coordinates":[34.788071978821584,31.268890204624633]}},{"type":"Feature","properties":{"amenity_type":"education"},"geometry":{"type":"Point","coordinates":[34.76315134670053,31.257019548971602]}},{"type":"Feature","properties":{"amenity_type":"education"},"geometry":{"type":"Point","coordinates":[34.77663943106365,31.266220128381693]}},{"type":"Feature","properties":{"amenity_type":"education"},"geometry":{"type":"Point","coordinates":[34.77094573716314,31.266410692592466]}},{"type":"Feature","properties":{"amenity_type":"education"},"geometry":{"type":"Point","coordinates":[34.755121764025134,31.273175973374197]}},{"type":"Feature","properties":{"amenity_type":"education"},"geometry":{"type":"Point","coordinates":[34.75582122305166,31.27296028349618]}},{"type":"Feature","properties":{"amenity_type":"education"},"geometry":{"type":"Point","coordinates":[34.756016375512985,31.27281778712171]}},{"type":"Feature","properties":{"amenity_type":"education"},"geometry":{"type":"Point","coordinates":[34.775161744573644,31.249328427517366]}},{"type":"Feature","properties":{"amenity_type":"education"},"geometry":{"type":"Point","coordinates":[34.7879336282599,31.263245001956662]}},{"type":"Feature","properties":{"amenity_type":"education"},"geometry":{"type":"Point","coordinates":[34.769265445144605,31.240713453030956]}},{"type":"Feature","properties":{"amenity_type":"education"},"geometry":{"type":"Point","coordinates":[34.76269253505966,31.25712177671833]}},{"type":"Feature","properties":{"amenity_type":"education"},"geometry":{"type":"Point","coordinates":[34.76506046981503,31.237653320878856]}},{"type":"Feature","properties":{"amenity_type":"education"},"geometry":{"type":"Point","coordinates":[34.798533763318765,31.27016762649425]}},{"type":"Feature","properties":{"amenity_type":"education"},"geometry":{"type":"Point","coordinates":[34.785203242432345,31.231078600223885]}},{"type":"Feature","properties":{"amenity_type":"education"},"geometry":{"type":"Point","coordinates":[34.797585577443634,31.281446630022355]}},{"type":"Feature","properties":{"amenity_type":"education"},"geometry":{"type":"Point","coordinates":[34.7718744731252,31.25645326991756]}},{"type":"Feature","properties":{"amenity_type":"education"},"geometry":{"type":"Point","coordinates":[34.79836703788623,31.281651825695604]}},{"type":"Feature","properties":{"amenity_type":"education"},"geometry":{"type":"Point","coordinates":[34.79864918349349,31.28151366827113]}},{"type":"Feature","properties":{"amenity_type":"education"},"geometry":{"type":"Point","coordinates":[34.79884709255568,31.281755010372876]}},{"type":"Feature","properties":{"amenity_type":"education"},"geometry":{"type":"Point","coordinates":[34.79853194491587,31.281820238214777]}},{"type":"Feature","properties":{"amenity_type":"education"},"geometry":{"type":"Point","coordinates":[34.769900024437675,31.23989910179357]}},{"type":"Feature","properties":{"amenity_type":"education"},"geometry":{"type":"Point","coordinates":[34.80047781411272,31.279922633400815]}},{"type":"Feature","properties":{"amenity_type":"education"},"geometry":{"type":"Point","coordinates":[34.800603135111146,31.279985070866232]}},{"type":"Feature","properties":{"amenity_type":"education"},"geometry":{"type":"Point","coordinates":[34.799437595389236,31.284395644193896]}},{"type":"Feature","properties":{"amenity_type":"education"},"geometry":{"type":"Point","coordinates":[34.79965651371881,31.284220032356934]}},{"type":"Feature","properties":{"amenity_type":"education"},"geometry":{"type":"Point","coordinates":[34.79945581672847,31.284015043781764]}},{"type":"Feature","properties":{"amenity_type":"education"},"geometry":{"type":"Point","coordinates":[34.79922468905609,31.2841958378811]}},{"type":"Feature","properties":{"amenity_type":"education"},"geometry":{"type":"Point","coordinates":[34.76587422526567,31.23759897825522]}},{"type":"Feature","properties":{"amenity_type":"education"},"geometry":{"type":"Point","coordinates":[34.76552194116135,31.23701133699442]}},{"type":"Feature","properties":{"amenity_type":"education"},"geometry":{"type":"Point","coordinates":[34.76564631960112,31.237414714569603]}},{"type":"Feature","properties":{"amenity_type":"education"},"geometry":{"type":"Point","coordinates":[34.76602806883543,31.237427944247216]}},{"type":"Feature","properties":{"amenity_type":"education"},"geometry":{"type":"Point","coordinates":[34.76588039915778,31.237265201556983]}},{"type":"Feature","properties":{"amenity_type":"education"},"geometry":{"type":"Point","coordinates":[34.765775877993185,31.23704590221102]}},{"type":"Feature","properties":{"amenity_type":"education"},"geometry":{"type":"Point","coordinates":[34.76679801113177,31.235663425116957]}},{"type":"Feature","properties":{"amenity_type":"education"},"geometry":{"type":"Point","coordinates":[34.76663311701203,31.235738628432756]}},{"type":"Feature","properties":{"amenity_type":"education"},"geometry":{"type":"Point","coordinates":[34.76644872445777,31.235675956708032]}},{"type":"Feature","properties":{"amenity_type":"education"},"geometry":{"type":"Point","coordinates":[34.76321657957425,31.264180688757815]}},{"type":"Feature","properties":{"amenity_type":"education"},"geometry":{"type":"Point","coordinates":[34.76321657957425,31.264180688757815]}},{"type":"Feature","properties":{"amenity_type":"education"},"geometry":{"type":"Point","coordinates":[34.76321657957425,31.264180688757815]}},{"type":"Feature","properties":{"amenity_type":"education"},"geometry":{"type":"Point","coordinates":[34.7823339420143,31.236598235615336]}},{"type":"Feature","properties":{"amenity_type":"education"},"geometry":{"type":"Point","coordinates":[34.78234577839811,31.236483123609272]}},{"type":"Feature","properties":{"amenity_type":"education"},"geometry":{"type":"Point","coordinates":[34.78791784587596,31.263373070592557]}},{"type":"Feature","properties":{"amenity_type":"education"},"geometry":{"type":"Point","coordinates":[34.78823375547847,31.25253049603593]}},{"type":"Feature","properties":{"amenity_type":"education"},"geometry":{"type":"Point","coordinates":[34.77629915180379,31.259312756124643]}},{"type":"Feature","properties":{"amenity_type":"education"},"geometry":{"type":"Point","coordinates":[34.77227838413312,31.246798054244902]}},{"type":"Feature","properties":{"amenity_type":"education"},"geometry":{"type":"Point","coordinates":[34.77527031233015,31.257144082674174]}},{"type":"Feature","properties":{"amenity_type":"education"},"geometry":{"type":"Point","coordinates":[34.797251337983475,31.279543637715737]}},{"type":"Feature","properties":{"amenity_type":"education"},"geometry":{"type":"Point","coordinates":[34.76167535166646,31.26934851823289]}},{"type":"Feature","properties":{"amenity_type":"education"},"geometry":{"type":"Point","coordinates":[34.77853571919867,31.25351757125987]}},{"type":"Feature","properties":{"amenity_type":"education"},"geometry":{"type":"Point","coordinates":[34.77135243073718,31.2453141240066]}},{"type":"Feature","properties":{"amenity_type":"education"},"geometry":{"type":"Point","coordinates":[34.774888987723,31.255497375672483]}},{"type":"Feature","properties":{"amenity_type":"education"},"geometry":{"type":"Point","coordinates":[34.775662682028745,31.244004136066433]}},{"type":"Feature","properties":{"amenity_type":"education"},"geometry":{"type":"Point","coordinates":[34.793819185108894,31.254880559710998]}},{"type":"Feature","properties":{"amenity_type":"education"},"geometry":{"type":"Point","coordinates":[34.80981572918773,31.26880124852369]}},{"type":"Feature","properties":{"amenity_type":"education"},"geometry":{"type":"Point","coordinates":[34.793252598635384,31.24886439058125]}},{"type":"Feature","properties":{"amenity_type":"education"},"geometry":{"type":"Point","coordinates":[34.80474854008706,31.28383569721569]}},{"type":"Feature","properties":{"amenity_type":"education"},"geometry":{"type":"Point","coordinates":[34.80768271869217,31.287497049398805]}},{"type":"Feature","properties":{"amenity_type":"education"},"geometry":{"type":"Point","coordinates":[34.77510953327541,31.23863630652745]}},{"type":"Feature","properties":{"amenity_type":"education"},"geometry":{"type":"Point","coordinates":[34.767048247613,31.240415162923078]}},{"type":"Feature","properties":{"amenity_type":"education"},"geometry":{"type":"Point","coordinates":[34.80075195313443,31.28187130935769]}},{"type":"Feature","properties":{"amenity_type":"education"},"geometry":{"type":"Point","coordinates":[34.79798124623148,31.285438164297545]}},{"type":"Feature","properties":{"amenity_type":"education"},"geometry":{"type":"Point","coordinates":[34.77626003163414,31.247060182526347]}},{"type":"Feature","properties":{"amenity_type":"education"},"geometry":{"type":"Point","coordinates":[34.77641794630966,31.246983876879316]}},{"type":"Feature","properties":{"amenity_type":"education"},"geometry":{"type":"Point","coordinates":[34.7705205371309,31.23862874799478]}},{"type":"Feature","properties":{"amenity_type":"education"},"geometry":{"type":"Point","coordinates":[34.79871532812185,31.268422645352942]}},{"type":"Feature","properties":{"amenity_type":"education"},"geometry":{"type":"Point","coordinates":[34.77041254113686,31.24525521448771]}},{"type":"Feature","properties":{"amenity_type":"education"},"geometry":{"type":"Point","coordinates":[34.770273466135485,31.245173697154133]}},{"type":"Feature","properties":{"amenity_type":"education"},"geometry":{"type":"Point","coordinates":[34.77983138183704,31.23160937964234]}},{"type":"Feature","properties":{"amenity_type":"education"},"geometry":{"type":"Point","coordinates":[34.80075661321435,31.279022035097938]}},{"type":"Feature","properties":{"amenity_type":"education"},"geometry":{"type":"Point","coordinates":[34.77460305111304,31.245452745695804]}},{"type":"Feature","properties":{"amenity_type":"education"},"geometry":{"type":"Point","coordinates":[34.80928837545162,31.27523921671211]}},{"type":"Feature","properties":{"amenity_type":"education"},"geometry":{"type":"Point","coordinates":[34.789817965337996,31.27020644482411]}},{"type":"Feature","properties":{"amenity_type":"education"},"geometry":{"type":"Point","coordinates":[34.77546799672562,31.248315029571202]}},{"type":"Feature","properties":{"amenity_type":"education"},"geometry":{"type":"Point","coordinates":[34.78555380657408,31.24649366079193]}},{"type":"Feature","properties":{"amenity_type":"education"},"geometry":{"type":"Point","coordinates":[34.79723038507612,31.279645762096195]}},{"type":"Feature","properties":{"amenity_type":"education"},"geometry":{"type":"Point","coordinates":[34.76412505295506,31.238598680059365]}},{"type":"Feature","properties":{"amenity_type":"education"},"geometry":{"type":"Point","coordinates":[34.806693641219184,31.2708343776682]}},{"type":"Feature","properties":{"amenity_type":"education"},"geometry":{"type":"Point","coordinates":[34.803694841050934,31.256014845800724]}},{"type":"Feature","properties":{"amenity_type":"education"},"geometry":{"type":"Point","coordinates":[34.76986173051317,31.26364027821734]}},{"type":"Feature","properties":{"amenity_type":"education"},"geometry":{"type":"Point","coordinates":[34.765140371910654,31.268276947885003]}},{"type":"Feature","properties":{"amenity_type":"education"},"geometry":{"type":"Point","coordinates":[34.76495636539811,31.268162691077535]}},{"type":"Feature","properties":{"amenity_type":"education"},"geometry":{"type":"Point","coordinates":[34.77306238135731,31.236826248368125]}},{"type":"Feature","properties":{"amenity_type":"education"},"geometry":{"type":"Point","coordinates":[34.77324259859499,31.236777092821193]}},{"type":"Feature","properties":{"amenity_type":"education"},"geometry":{"type":"Point","coordinates":[34.792426096144005,31.246929837178705]}},{"type":"Feature","properties":{"amenity_type":"education"},"geometry":{"type":"Point","coordinates":[34.775391884144675,31.257262835253858]}},{"type":"Feature","properties":{"amenity_type":"education"},"geometry":{"type":"Point","coordinates":[34.786167888959724,31.248385362229325]}},{"type":"Feature","properties":{"amenity_type":"education"},"geometry":{"type":"Point","coordinates":[34.77025156086843,31.255148018249294]}},{"type":"Feature","properties":{"amenity_type":"education"},"geometry":{"type":"Point","coordinates":[34.76840592628305,31.27055163374908]}},{"type":"Feature","properties":{"amenity_type":"education"},"geometry":{"type":"Point","coordinates":[34.77930701796713,31.237028483392013]}},{"type":"Feature","properties":{"amenity_type":"education"},"geometry":{"type":"Point","coordinates":[34.75639240143821,31.266517845430474]}},{"type":"Feature","properties":{"amenity_type":"education"},"geometry":{"type":"Point","coordinates":[34.80464764828182,31.27334110184869]}},{"type":"Feature","properties":{"amenity_type":"education"},"geometry":{"type":"Point","coordinates":[34.765585659773464,31.246561642398383]}},{"type":"Feature","properties":{"amenity_type":"education"},"geometry":{"type":"Point","coordinates":[34.789747262929424,31.230926569795514]}},{"type":"Feature","properties":{"amenity_type":"education"},"geometry":{"type":"Point","coordinates":[34.7678602783985,31.236629718519605]}},{"type":"Feature","properties":{"amenity_type":"education"},"geometry":{"type":"Point","coordinates":[34.77307989112251,31.2663455229209]}},{"type":"Feature","properties":{"amenity_type":"education"},"geometry":{"type":"Point","coordinates":[34.7851408271173,31.23093323663709]}},{"type":"Feature","properties":{"amenity_type":"education"},"geometry":{"type":"Point","coordinates":[34.78546875024004,31.230928001838922]}},{"type":"Feature","properties":{"amenity_type":"education"},"geometry":{"type":"Point","coordinates":[34.785162148260916,31.230844829067436]}},{"type":"Feature","properties":{"amenity_type":"education"},"geometry":{"type":"Point","coordinates":[34.77986432185101,31.243268681595808]}},{"type":"Feature","properties":{"amenity_type":"education"},"geometry":{"type":"Point","coordinates":[34.77993596542206,31.243340260618044]}},{"type":"Feature","properties":{"amenity_type":"education"},"geometry":{"type":"Point","coordinates":[34.77991475985385,31.24880640162948]}},{"type":"Feature","properties":{"amenity_type":"education"},"geometry":{"type":"Point","coordinates":[34.77579492338477,31.241221162421287]}},{"type":"Feature","properties":{"amenity_type":"education"},"geometry":{"type":"Point","coordinates":[34.775645613537606,31.24113160872417]}},{"type":"Feature","properties":{"amenity_type":"education"},"geometry":{"type":"Point","coordinates":[34.770372143991644,31.271197064965644]}},{"type":"Feature","properties":{"amenity_type":"education"},"geometry":{"type":"Point","coordinates":[34.77052328790691,31.271125607287868]}},{"type":"Feature","properties":{"amenity_type":"education"},"geometry":{"type":"Point","coordinates":[34.764535091841665,31.257489806483076]}},{"type":"Feature","properties":{"amenity_type":"education"},"geometry":{"type":"Point","coordinates":[34.78276657891449,31.267754473625736]}},{"type":"Feature","properties":{"amenity_type":"education"},"geometry":{"type":"Point","coordinates":[34.808143651019535,31.28712739403252]}},{"type":"Feature","properties":{"amenity_type":"education"},"geometry":{"type":"Point","coordinates":[34.819833526249084,31.27727712702553]}},{"type":"Feature","properties":{"amenity_type":"education"},"geometry":{"type":"Point","coordinates":[34.764775626218416,31.25777978909877]}},{"type":"Feature","properties":{"amenity_type":"education"},"geometry":{"type":"Point","coordinates":[34.794705591626375,31.268276633369243]}},{"type":"Feature","properties":{"amenity_type":"education"},"geometry":{"type":"Point","coordinates":[34.79460189836627,31.268324624890255]}},{"type":"Feature","properties":{"amenity_type":"education"},"geometry":{"type":"Point","coordinates":[34.78825156765547,31.259621196556374]}},{"type":"Feature","properties":{"amenity_type":"education"},"geometry":{"type":"Point","coordinates":[34.78825156765547,31.259621196556374]}},{"type":"Feature","properties":{"amenity_type":"education"},"geometry":{"type":"Point","coordinates":[34.78518727628862,31.25791428239311]}},{"type":"Feature","properties":{"amenity_type":"education"},"geometry":{"type":"Point","coordinates":[34.78534865481151,31.25791480859408]}},{"type":"Feature","properties":{"amenity_type":"education"},"geometry":{"type":"Point","coordinates":[34.78180668674859,31.259125734186522]}},{"type":"Feature","properties":{"amenity_type":"education"},"geometry":{"type":"Point","coordinates":[34.797103760038915,31.284280553877984]}},{"type":"Feature","properties":{"amenity_type":"education"},"geometry":{"type":"Point","coordinates":[34.783857731256504,31.264728765616265]}},{"type":"Feature","properties":{"amenity_type":"education"},"geometry":{"type":"Point","coordinates":[34.77313531194671,31.26464374229873]}},{"type":"Feature","properties":{"amenity_type":"education"},"geometry":{"type":"Point","coordinates":[34.81004862275683,31.266326952575106]}},{"type":"Feature","properties":{"amenity_type":"education"},"geometry":{"type":"Point","coordinates":[34.76972125137719,31.239957403686216]}},{"type":"Feature","properties":{"amenity_type":"education"},"geometry":{"type":"Point","coordinates":[34.78198793261641,31.25909673940285]}},{"type":"Feature","properties":{"amenity_type":"education"},"geometry":{"type":"Point","coordinates":[34.80978893890461,31.266623412925455]}},{"type":"Feature","properties":{"amenity_type":"education"},"geometry":{"type":"Point","coordinates":[34.80965209003019,31.26641746244453]}},{"type":"Feature","properties":{"amenity_type":"education"},"geometry":{"type":"Point","coordinates":[34.78338398158603,31.268543972379614]}},{"type":"Feature","properties":{"amenity_type":"education"},"geometry":{"type":"Point","coordinates":[34.76463463601184,31.256202549055992]}},{"type":"Feature","properties":{"amenity_type":"education"},"geometry":{"type":"Point","coordinates":[34.80562378234708,31.252167017513294]}},{"type":"Feature","properties":{"amenity_type":"education"},"geometry":{"type":"Point","coordinates":[34.75436777757784,31.25911418228489]}},{"type":"Feature","properties":{"amenity_type":"education"},"geometry":{"type":"Point","coordinates":[34.7563617069731,31.256291327734914]}},{"type":"Feature","properties":{"amenity_type":"education"},"geometry":{"type":"Point","coordinates":[34.7542583072935,31.259261700861437]}},{"type":"Feature","properties":{"amenity_type":"education"},"geometry":{"type":"Point","coordinates":[34.79320947911949,31.246811266043775]}},{"type":"Feature","properties":{"amenity_type":"education"},"geometry":{"type":"Point","coordinates":[34.79326441516799,31.24675361517619]}},{"type":"Feature","properties":{"amenity_type":"education"},"geometry":{"type":"Point","coordinates":[34.78001300835642,31.248733554496535]}},{"type":"Feature","properties":{"amenity_type":"education"},"geometry":{"type":"Point","coordinates":[34.7797907561644,31.248687490944413]}},{"type":"Feature","properties":{"amenity_type":"education"},"geometry":{"type":"Point","coordinates":[34.809768873015365,31.266513835903286]}},{"type":"Feature","properties":{"amenity_type":"education"},"geometry":{"type":"Point","coordinates":[34.784838863988774,31.24689656271678]}},{"type":"Feature","properties":{"amenity_type":"education"},"geometry":{"type":"Point","coordinates":[34.79787801882125,31.255144778607367]}},{"type":"Feature","properties":{"amenity_type":"education"},"geometry":{"type":"Point","coordinates":[34.81761408476976,31.23412253591618]}},{"type":"Feature","properties":{"amenity_type":"education"},"geometry":{"type":"Point","coordinates":[34.818564998615614,31.231582172093262]}},{"type":"Feature","properties":{"amenity_type":"education"},"geometry":{"type":"Point","coordinates":[34.81837310528214,31.23169270145667]}},{"type":"Feature","properties":{"amenity_type":"education"},"geometry":{"type":"Point","coordinates":[34.79161372260534,31.25202296712969]}},{"type":"Feature","properties":{"amenity_type":"education"},"geometry":{"type":"Point","coordinates":[34.765611555799936,31.23156272156452]}},{"type":"Feature","properties":{"amenity_type":"education"},"geometry":{"type":"Point","coordinates":[34.78814058305434,31.268755547426977]}},{"type":"Feature","properties":{"amenity_type":"education"},"geometry":{"type":"Point","coordinates":[34.773171571102324,31.26456479334225]}},{"type":"Feature","properties":{"amenity_type":"education"},"geometry":{"type":"Point","coordinates":[34.77147245654835,31.257948429095986]}},{"type":"Feature","properties":{"amenity_type":"education"},"geometry":{"type":"Point","coordinates":[34.77498742527922,31.24943231381226]}},{"type":"Feature","properties":{"amenity_type":"education"},"geometry":{"type":"Point","coordinates":[34.78170802166119,31.25908613731257]}},{"type":"Feature","properties":{"amenity_type":"education"},"geometry":{"type":"Point","coordinates":[34.80364874359393,31.256425911892528]}},{"type":"Feature","properties":{"amenity_type":"education"},"geometry":{"type":"Point","coordinates":[34.75371609979956,31.26899702729821]}},{"type":"Feature","properties":{"amenity_type":"education"},"geometry":{"type":"Point","coordinates":[34.75308660041314,31.25943133083242]}},{"type":"Feature","properties":{"amenity_type":"education"},"geometry":{"type":"Point","coordinates":[34.754131520920346,31.258983633526856]}},{"type":"Feature","properties":{"amenity_type":"education"},"geometry":{"type":"Point","coordinates":[34.75294298149946,31.2597476742937]}},{"type":"Feature","properties":{"amenity_type":"education"},"geometry":{"type":"Point","coordinates":[34.75950305148806,31.26431050647278]}},{"type":"Feature","properties":{"amenity_type":"education"},"geometry":{"type":"Point","coordinates":[34.81794429074645,31.23385101887821]}},{"type":"Feature","properties":{"amenity_type":"education"},"geometry":{"type":"Point","coordinates":[34.8240621245065,31.23139328146427]}},{"type":"Feature","properties":{"amenity_type":"education"},"geometry":{"type":"Point","coordinates":[34.823816092090865,31.231147479701395]}},{"type":"Feature","properties":{"amenity_type":"education"},"geometry":{"type":"Point","coordinates":[34.819227136154154,31.22868892846639]}},{"type":"Feature","properties":{"amenity_type":"education"},"geometry":{"type":"Point","coordinates":[34.819054162024166,31.22854403812497]}},{"type":"Feature","properties":{"amenity_type":"education"},"geometry":{"type":"Point","coordinates":[34.819194664676246,31.228478836117468]}},{"type":"Feature","properties":{"amenity_type":"education"},"geometry":{"type":"Point","coordinates":[34.81908965341182,31.22869448187729]}},{"type":"Feature","properties":{"amenity_type":"education"},"geometry":{"type":"Point","coordinates":[34.81786970458437,31.23371105394896]}},{"type":"Feature","properties":{"amenity_type":"education"},"geometry":{"type":"Point","coordinates":[34.754073505940376,31.259141739224166]}},{"type":"Feature","properties":{"amenity_type":"education"},"geometry":{"type":"Point","coordinates":[34.756590837065936,31.256331732272628]}},{"type":"Feature","properties":{"amenity_type":"education"},"geometry":{"type":"Point","coordinates":[34.75619289615566,31.256403761068025]}},{"type":"Feature","properties":{"amenity_type":"education"},"geometry":{"type":"Point","coordinates":[34.75641874831296,31.256432700330294]}},{"type":"Feature","properties":{"amenity_type":"education"},"geometry":{"type":"Point","coordinates":[34.797517092439236,31.255002585194642]}},{"type":"Feature","properties":{"amenity_type":"education"},"geometry":{"type":"Point","coordinates":[34.75389672434678,31.26887071006125]}},{"type":"Feature","properties":{"amenity_type":"education"},"geometry":{"type":"Point","coordinates":[34.75386002756418,31.268759381663266]}},{"type":"Feature","properties":{"amenity_type":"education"},"geometry":{"type":"Point","coordinates":[34.76650065448296,31.23053957430525]}},{"type":"Feature","properties":{"amenity_type":"education"},"geometry":{"type":"Point","coordinates":[34.80317835376788,31.287069195597816]}},{"type":"Feature","properties":{"amenity_type":"education"},"geometry":{"type":"Point","coordinates":[34.802939530949836,31.287035041358507]}},{"type":"Feature","properties":{"amenity_type":"education"},"geometry":{"type":"Point","coordinates":[34.802840106758985,31.286891553998743]}},{"type":"Feature","properties":{"amenity_type":"education"},"geometry":{"type":"Point","coordinates":[34.75316492788708,31.25913520229747]}},{"type":"Feature","properties":{"amenity_type":"education"},"geometry":{"type":"Point","coordinates":[34.793333500544804,31.273084319704015]}},{"type":"Feature","properties":{"amenity_type":"education"},"geometry":{"type":"Point","coordinates":[34.783653765510884,31.26839427078637]}},{"type":"Feature","properties":{"amenity_type":"education"},"geometry":{"type":"Point","coordinates":[34.82123026790791,31.2326098242601]}},{"type":"Feature","properties":{"amenity_type":"education"},"geometry":{"type":"Point","coordinates":[34.82165932577854,31.23254166036834]}},{"type":"Feature","properties":{"amenity_type":"education"},"geometry":{"type":"Point","coordinates":[34.81815794894966,31.233682091186612]}},{"type":"Feature","properties":{"amenity_type":"education"},"geometry":{"type":"Point","coordinates":[34.75511899252666,31.275803552395896]}},{"type":"Feature","properties":{"amenity_type":"education"},"geometry":{"type":"Point","coordinates":[34.75369534316185,31.268805097843522]}},{"type":"Feature","properties":{"amenity_type":"education"},"geometry":{"type":"Point","coordinates":[34.76578617466928,31.23131630506933]}},{"type":"Feature","properties":{"amenity_type":"education"},"geometry":{"type":"Point","coordinates":[34.76588079161007,31.231231373277428]}},{"type":"Feature","properties":{"amenity_type":"education"},"geometry":{"type":"Point","coordinates":[34.76522563936697,31.240083024023505]}},{"type":"Feature","properties":{"amenity_type":"education"},"geometry":{"type":"Point","coordinates":[34.76509049713713,31.239878533512304]}},{"type":"Feature","properties":{"amenity_type":"education"},"geometry":{"type":"Point","coordinates":[34.765107981646885,31.240001487673553]}},{"type":"Feature","properties":{"amenity_type":"education"},"geometry":{"type":"Point","coordinates":[34.76525200400402,31.239787213589405]}},{"type":"Feature","properties":{"amenity_type":"education"},"geometry":{"type":"Point","coordinates":[34.791483214167734,31.272274797987077]}},{"type":"Feature","properties":{"amenity_type":"education"},"geometry":{"type":"Point","coordinates":[34.79147103014088,31.27252054684628]}},{"type":"Feature","properties":{"amenity_type":"education"},"geometry":{"type":"Point","coordinates":[34.792019943810814,31.25198168742647]}},{"type":"Feature","properties":{"amenity_type":"education"},"geometry":{"type":"Point","coordinates":[34.77699406564897,31.239295758624543]}},{"type":"Feature","properties":{"amenity_type":"education"},"geometry":{"type":"Point","coordinates":[34.772906237110945,31.26461911002668]}},{"type":"Feature","properties":{"amenity_type":"education"},"geometry":{"type":"Point","coordinates":[34.77292031578218,31.264530540947817]}},{"type":"Feature","properties":{"amenity_type":"education"},"geometry":{"type":"Point","coordinates":[34.764635249335775,31.256070242983395]}},{"type":"Feature","properties":{"amenity_type":"education"},"geometry":{"type":"Point","coordinates":[34.79352670615801,31.262085485808832]}},{"type":"Feature","properties":{"amenity_type":"education"},"geometry":{"type":"Point","coordinates":[34.779305923541884,31.24943840690902]}},{"type":"Feature","properties":{"amenity_type":"education"},"geometry":{"type":"Point","coordinates":[34.781918731590736,31.25904162757417]}},{"type":"Feature","properties":{"amenity_type":"education"},"geometry":{"type":"Point","coordinates":[34.77642484871889,31.239635651376414]}},{"type":"Feature","properties":{"amenity_type":"education"},"geometry":{"type":"Point","coordinates":[34.77671025239411,31.239473139665616]}},{"type":"Feature","properties":{"amenity_type":"education"},"geometry":{"type":"Point","coordinates":[34.76904291436083,31.257043961543612]}},{"type":"Feature","properties":{"amenity_type":"education"},"geometry":{"type":"Point","coordinates":[34.80720854043738,31.28341263103771]}},{"type":"Feature","properties":{"amenity_type":"education"},"geometry":{"type":"Point","coordinates":[34.80708581239765,31.283524884557895]}},{"type":"Feature","properties":{"amenity_type":"education"},"geometry":{"type":"Point","coordinates":[34.80739956827917,31.283445674533326]}},{"type":"Feature","properties":{"amenity_type":"education"},"geometry":{"type":"Point","coordinates":[34.81809965255276,31.233889666148578]}},{"type":"Feature","properties":{"amenity_type":"education"},"geometry":{"type":"Point","coordinates":[34.821510143637205,31.232485853532193]}},{"type":"Feature","properties":{"amenity_type":"education"},"geometry":{"type":"Point","coordinates":[34.82139044161024,31.23255684797945]}},{"type":"Feature","properties":{"amenity_type":"education"},"geometry":{"type":"Point","coordinates":[34.803860189945674,31.254752010196924]}},{"type":"Feature","properties":{"amenity_type":"education"},"geometry":{"type":"Point","coordinates":[34.804140247626385,31.254469915323696]}},{"type":"Feature","properties":{"amenity_type":"education"},"geometry":{"type":"Point","coordinates":[34.803268642219194,31.27102410114754]}},{"type":"Feature","properties":{"amenity_type":"education"},"geometry":{"type":"Point","coordinates":[34.80993717202401,31.268992524426686]}},{"type":"Feature","properties":{"amenity_type":"education"},"geometry":{"type":"Point","coordinates":[34.810015732967216,31.268806635306287]}},{"type":"Feature","properties":{"amenity_type":"education"},"geometry":{"type":"Point","coordinates":[34.75504647255799,31.275716795877596]}},{"type":"Feature","properties":{"amenity_type":"education"},"geometry":{"type":"Point","coordinates":[34.808333508378325,31.249724588257976]}},{"type":"Feature","properties":{"amenity_type":"education"},"geometry":{"type":"Point","coordinates":[34.7595518122462,31.264575552718078]}},{"type":"Feature","properties":{"amenity_type":"education"},"geometry":{"type":"Point","coordinates":[34.798315189358,31.285319906069606]}},{"type":"Feature","properties":{"amenity_type":"education"},"geometry":{"type":"Point","coordinates":[34.775930480967915,31.267823341702467]}},{"type":"Feature","properties":{"amenity_type":"education"},"geometry":{"type":"Point","coordinates":[34.766343695806974,31.230442248115626]}},{"type":"Feature","properties":{"amenity_type":"education"},"geometry":{"type":"Point","coordinates":[34.781123541954535,31.264617349417016]}},{"type":"Feature","properties":{"amenity_type":"education"},"geometry":{"type":"Point","coordinates":[34.753477119126295,31.2588055679558]}},{"type":"Feature","properties":{"amenity_type":"education"},"geometry":{"type":"Point","coordinates":[34.78469555423825,31.24664314766281]}},{"type":"Feature","properties":{"amenity_type":"education"},"geometry":{"type":"Point","coordinates":[34.818594824243945,31.228687271327892]}},{"type":"Feature","properties":{"amenity_type":"education"},"geometry":{"type":"Point","coordinates":[34.78549198285158,31.25733187332104]}},{"type":"Feature","properties":{"amenity_type":"education"},"geometry":{"type":"Point","coordinates":[34.78537200375378,31.257138192659756]}},{"type":"Feature","properties":{"amenity_type":"education"},"geometry":{"type":"Point","coordinates":[34.78528734268933,31.257438589571684]}},{"type":"Feature","properties":{"amenity_type":"education"},"geometry":{"type":"Point","coordinates":[34.78520044390793,31.25730228746843]}},{"type":"Feature","properties":{"amenity_type":"education"},"geometry":{"type":"Point","coordinates":[34.78512173678546,31.257198227109033]}},{"type":"Feature","properties":{"amenity_type":"health","name":"טיפת חלב"},"geometry":{"type":"Point","coordinates":[34.80087296577778,31.26654863186222]}},{"type":"Feature","properties":{"amenity_type":"health","name":"טיפת חלב"},"geometry":{"type":"Point","coordinates":[34.77694299274192,31.24541948194089]}},{"type":"Feature","properties":{"amenity_type":"health","name":"מעבדה לב"},"geometry":{"type":"Point","coordinates":[34.794024034037676,31.24028115368964]}},{"type":"Feature","properties":{"amenity_type":"health","name":"טיפת חלב"},"geometry":{"type":"Point","coordinates":[34.790406494561445,31.25373671837486]}},{"type":"Feature","properties":{"amenity_type":"health","name":"טיפת חלב"},"geometry":{"type":"Point","coordinates":[34.78786435655879,31.268808551002717]}},{"type":"Feature","properties":{"amenity_type":"health","name":"טיפת חלב"},"geometry":{"type":"Point","coordinates":[34.7739885858514,31.254742439386327]}},{"type":"Feature","properties":{"amenity_type":"health","name":"טיפת חלב-"},"geometry":{"type":"Point","coordinates":[34.79387798264561,31.240223068304772]}},{"type":"Feature","properties":{"amenity_type":"health","name":"טיפת חלב"},"geometry":{"type":"Point","coordinates":[34.77115742519611,31.25713055066187]}},{"type":"Feature","properties":{"amenity_type":"health","name":"טיפת חלב"},"geometry":{"type":"Point","coordinates":[34.7776016971496,31.260146561153157]}},{"type":"Feature","properties":{"amenity_type":"health","name":"תחנה ג'"},"geometry":{"type":"Point","coordinates":[34.80916476560559,31.257051653998943]}},{"type":"Feature","properties":{"amenity_type":"health","name":"טיפת חלב"},"geometry":{"type":"Point","coordinates":[34.77732325162754,31.223531963398248]}},{"type":"Feature","properties":{"amenity_type":"health","name":"טיםת חלב"},"geometry":{"type":"Point","coordinates":[34.808826587119626,31.27116062031444]}},{"type":"Feature","properties":{"amenity_type":"health","name":"בן יאיר"},"geometry":{"type":"Point","coordinates":[34.790792563260844,31.25401916848574]}},{"type":"Feature","properties":{"amenity_type":"health","name":"יסקי"},"geometry":{"type":"Point","coordinates":[34.7922169611081,31.26441445007182]}},{"type":"Feature","properties":{"amenity_type":"health","name":"קפלן"},"geometry":{"type":"Point","coordinates":[34.79100653044682,31.248975905725477]}},{"type":"Feature","properties":{"amenity_type":"health","name":"אורן"},"geometry":{"type":"Point","coordinates":[34.79619788189724,31.27030477153289]}},{"type":"Feature","properties":{"amenity_type":"health","name":"מרפאת מצ"},"geometry":{"type":"Point","coordinates":[34.77929786836405,31.25929899291916]}},{"type":"Feature","properties":{"amenity_type":"health","name":"מרפאת - י"},"geometry":{"type":"Point","coordinates":[34.76948587530665,31.257151272218874]}},{"type":"Feature","properties":{"amenity_type":"health","name":"מרפאת - ט"},"geometry":{"type":"Point","coordinates":[34.77701719171335,31.245770585690934]}},{"type":"Feature","properties":{"amenity_type":"health","name":"מרפאת שת"},"geometry":{"type":"Point","coordinates":[34.78333660819834,31.24025904398563]}},{"type":"Feature","properties":{"amenity_type":"health","name":"מרפאת וי"},"geometry":{"type":"Point","coordinates":[34.80944198825314,31.257035079473265]}},{"type":"Feature","properties":{"amenity_type":"health","name":"מרפאה מח"},"geometry":{"type":"Point","coordinates":[34.802209447754635,31.247868622590108]}},{"type":"Feature","properties":{"amenity_type":"health","name":"מרפאת נו"},"geometry":{"type":"Point","coordinates":[34.790868543437426,31.231037090464067]}},{"type":"Feature","properties":{"amenity_type":"health","name":"מרפאת נו"},"geometry":{"type":"Point","coordinates":[34.766331917327015,31.266907442528712]}},{"type":"Feature","properties":{"amenity_type":"health","name":"מרפאת שכ'"},"geometry":{"type":"Point","coordinates":[34.781841231659286,31.25097944462849]}},{"type":"Feature","properties":{"amenity_type":"health","name":"מרפאת וי"},"geometry":{"type":"Point","coordinates":[34.800267157748394,31.255346373669262]}},{"type":"Feature","properties":{"amenity_type":"health","name":"מרפאת רמ"},"geometry":{"type":"Point","coordinates":[34.814390332038045,31.274851775838577]}},{"type":"Feature","properties":{"amenity_type":"health","name":"מרפאת רמ"},"geometry":{"type":"Point","coordinates":[34.805069596605776,31.270748909830765]}},{"type":"Feature","properties":{"amenity_type":"health","name":"מרפאת - י"},"geometry":{"type":"Point","coordinates":[34.767990445650724,31.257690466765816]}},{"type":"Feature","properties":{"amenity_type":"health","name":"כללית - ל"},"geometry":{"type":"Point","coordinates":[34.76532741128845,31.245798310208755]}},{"type":"Feature","properties":{"amenity_type":"health","name":"מכבי - שכ'"},"geometry":{"type":"Point","coordinates":[34.76892095822303,31.261728482623965]}},{"type":"Feature","properties":{"amenity_type":"health","name":"מרפאת מג"},"geometry":{"type":"Point","coordinates":[34.7992234279765,31.243040532377332]}},{"type":"Feature","properties":{"amenity_type":"health","name":"לאומית נ"},"geometry":{"type":"Point","coordinates":[34.776250652732266,31.24001926146626]}},{"type":"Feature","properties":{"amenity_type":"health","name":"השלום"},"geometry":{"type":"Point","coordinates":[34.802849771963885,31.24748982785125]}},{"type":"Feature","properties":{"amenity_type":"health","name":"רמות באר"},"geometry":{"type":"Point","coordinates":[34.798571613006864,31.283257836856674]}},{"type":"Feature","properties":{"amenity_type":"health","name":"פלח 7"},"geometry":{"type":"Point","coordinates":[34.767039398476335,31.23074541783588]}},{"type":"Feature","properties":{"amenity_type":"health","name":"יעקב כהן"},"geometry":{"type":"Point","coordinates":[34.797602696508754,31.253406646781357]}},{"type":"Feature","properties":{"amenity_type":"health","name":"גילת באר"},"geometry":{"type":"Point","coordinates":[34.792815022195605,31.264289002650195]}},{"type":"Feature","properties":{"amenity_type":"health","name":"רמות"},"geometry":{"type":"Point","coordinates":[34.799378018335595,31.2832396855327]}},{"type":"Feature","properties":{"amenity_type":"health","name":"פלח 7"},"geometry":{"type":"Point","coordinates":[34.765312808296706,31.231481729913064]}},{"type":"Feature","properties":{"amenity_type":"health","name":"ו"},"geometry":{"type":"Point","coordinates":[34.7747955519656,31.26814285928452]}},{"type":"Feature","properties":{"amenity_type":"health","name":"+תעסוקתי"},"geometry":{"type":"Point","coordinates":[34.7995311819146,31.26710758712397]}},{"type":"Feature","properties":{"amenity_type":"health","name":"מ רפואי ס"},"geometry":{"type":"Point","coordinates":[34.800120176193545,31.258803792976156]}},{"type":"Feature","properties":{"amenity_type":"health","name":"מרפאה"},"geometry":{"type":"Point","coordinates":[34.80692026587287,31.251281195795187]}},{"type":"Feature","properties":{"amenity_type":"health","name":"היחידה ל"},"geometry":{"type":"Point","coordinates":[34.796806397035,31.259878181781993]}},{"type":"Feature","properties":{"amenity_type":"health","name":"מלון פרד"},"geometry":{"type":"Point","coordinates":[34.799722989633686,31.24735441112262]}},{"type":"Feature","properties":{"amenity_type":"health","name":"מרפאת רמ"},"geometry":{"type":"Point","coordinates":[34.80444830644597,31.274183668882667]}},{"type":"Feature","properties":{"amenity_type":"health","name":"מרפאת - ד"},"geometry":{"type":"Point","coordinates":[34.79344544826478,31.263956477124207]}},{"type":"Feature","properties":{"amenity_type":"health","name":"בית יציב"},"geometry":{"type":"Point","coordinates":[34.78469407762096,31.2430557840664]}},{"type":"Feature","properties":{"amenity_type":"health","name":"מרפאת נו"},"geometry":{"type":"Point","coordinates":[34.7695596685069,31.270216690610393]}},{"type":"Feature","properties":{"amenity_type":"health","name":"מרפאת בי"},"geometry":{"type":"Point","coordinates":[34.79063436908404,31.243503693291977]}},{"type":"Feature","properties":{"amenity_type":"health","name":"מרפאת נו"},"geometry":{"type":"Point","coordinates":[34.76552976151265,31.26589393010936]}},{"type":"Feature","properties":{"amenity_type":"health","name":"מרפאה"},"geometry":{"type":"Point","coordinates":[34.799807803411824,31.244807596400978]}},{"type":"Feature","properties":{"amenity_type":"health","name":"קופ\"ח כלל"},"geometry":{"type":"Point","coordinates":[34.806969809812216,31.25994366091067]}},{"type":"Feature","properties":{"amenity_type":"health","name":"ירקוני"},"geometry":{"type":"Point","coordinates":[34.77637437375342,31.26633164720647]}},{"type":"Feature","properties":{"amenity_type":"health","name":"רמות הרכ"},"geometry":{"type":"Point","coordinates":[34.79874209194059,31.282599795794187]}},{"type":"Feature","properties":{"amenity_type":"health","name":"טיפת חלב"},"geometry":{"type":"Point","coordinates":[34.78786435655879,31.268808551002717]}},{"type":"Feature","properties":{"amenity_type":"health","name":"טיפת חלב"},"geometry":{"type":"Point","coordinates":[34.7776016971496,31.260146561153157]}},{"type":"Feature","properties":{"amenity_type":"health","name":"טיפת חלב"},"geometry":{"type":"Point","coordinates":[34.75381610743905,31.271273912770997]}},{"type":"Feature","properties":{"amenity_type":"playgrounds","name":"פארק ליכטנשטיין"},"geometry":{"type":"Point","coordinates":[34.79345109041566,31.252543592204606]}},{"type":"Feature","properties":{"amenity_type":"playgrounds","name":"גדולי ישראל"},"geometry":{"type":"Point","coordinates":[34.77602744187093,31.254034909956655]}},{"type":"Feature","properties":{"amenity_type":"playgrounds","name":"קדושי בגדד"},"geometry":{"type":"Point","coordinates":[34.78086863339394,31.253072643749164]}},{"type":"Feature","properties":{"amenity_type":"playgrounds","name":"מרבד הקסמים - סופר פארם"},"geometry":{"type":"Point","coordinates":[34.78482887244218,31.251519691247204]}},{"type":"Feature","properties":{"amenity_type":"playgrounds","name":"מרבד הקסמים 14"},"geometry":{"type":"Point","coordinates":[34.78302917027123,31.250325363246777]}},{"type":"Feature","properties":{"amenity_type":"playgrounds","name":"חוגלה"},"geometry":{"type":"Point","coordinates":[34.782076491894834,31.249352755132403]}},{"type":"Feature","properties":{"amenity_type":"playgrounds","name":"שמחה הולצברג"},"geometry":{"type":"Point","coordinates":[34.763719544348284,31.244078823006138]}},{"type":"Feature","properties":{"amenity_type":"playgrounds","name":"עבדת"},"geometry":{"type":"Point","coordinates":[34.76727668482347,31.245201843715183]}},{"type":"Feature","properties":{"amenity_type":"playgrounds","name":"גאונים - קאפח"},"geometry":{"type":"Point","coordinates":[34.76153324398306,31.25281281506605]}},{"type":"Feature","properties":{"amenity_type":"playgrounds","name":"שומרון"},"geometry":{"type":"Point","coordinates":[34.76635116574794,31.24664900836838]}},{"type":"Feature","properties":{"amenity_type":"playgrounds","name":"שלמה טנא"},"geometry":{"type":"Point","coordinates":[34.78544548374478,31.234996419137925]}},{"type":"Feature","properties":{"amenity_type":"playgrounds","name":"גדודים - שבטים"},"geometry":{"type":"Point","coordinates":[34.78195886025499,31.23696775948395]}},{"type":"Feature","properties":{"amenity_type":"playgrounds","name":"רמב\"ם 52"},"geometry":{"type":"Point","coordinates":[34.788040445664144,31.244598572661477]}},{"type":"Feature","properties":{"amenity_type":"playgrounds","name":"מרגליות ההגנה"},"geometry":{"type":"Point","coordinates":[34.78534172104362,31.23740596014345]}},{"type":"Feature","properties":{"amenity_type":"playgrounds","name":"דרור 29"},"geometry":{"type":"Point","coordinates":[34.76934459551383,31.22776247015114]}},{"type":"Feature","properties":{"amenity_type":"playgrounds","name":"דרור 17"},"geometry":{"type":"Point","coordinates":[34.76960453694782,31.22909383622608]}},{"type":"Feature","properties":{"amenity_type":"playgrounds","name":"חסידה 706"},"geometry":{"type":"Point","coordinates":[34.76807191954415,31.23028203987523]}},{"type":"Feature","properties":{"amenity_type":"playgrounds","name":"יציאת אירופה"},"geometry":{"type":"Point","coordinates":[34.78418586960597,31.251659198122844]}},{"type":"Feature","properties":{"amenity_type":"playgrounds","name":"קרל נטר"},"geometry":{"type":"Point","coordinates":[34.82587337855525,31.27269401686625]}},{"type":"Feature","properties":{"amenity_type":"playgrounds","name":"ישראל גלילי 27"},"geometry":{"type":"Point","coordinates":[34.80390111653753,31.28458201379406]}},{"type":"Feature","properties":{"amenity_type":"playgrounds","name":"יוחנן בדר"},"geometry":{"type":"Point","coordinates":[34.825024567666134,31.272668472041417]}},{"type":"Feature","properties":{"amenity_type":"playgrounds","name":"מרכז מסחרי יעלים"},"geometry":{"type":"Point","coordinates":[34.77990526894848,31.251485530294897]}},{"type":"Feature","properties":{"amenity_type":"playgrounds","name":"עוזי נרקיס"},"geometry":{"type":"Point","coordinates":[34.80457063023696,31.282984230172545]}},{"type":"Feature","properties":{"amenity_type":"playgrounds","name":"משה פריבס"},"geometry":{"type":"Point","coordinates":[34.800354841403845,31.27969046453455]}},{"type":"Feature","properties":{"amenity_type":"playgrounds","name":"טיילת עמיצור"},"geometry":{"type":"Point","coordinates":[34.7966522969319,31.281004688736346]}},{"type":"Feature","properties":{"amenity_type":"playgrounds","name":"מודעי -אברהם השופט"},"geometry":{"type":"Point","coordinates":[34.81087408086476,31.269115474269896]}},{"type":"Feature","properties":{"amenity_type":"playgrounds","name":"קלמן פורט"},"geometry":{"type":"Point","coordinates":[34.80474744570839,31.285957472395648]}},{"type":"Feature","properties":{"amenity_type":"playgrounds","name":"דב ברנע"},"geometry":{"type":"Point","coordinates":[34.80243567758379,31.285859973888083]}},{"type":"Feature","properties":{"amenity_type":"playgrounds","name":"שלמה בן יוסף"},"geometry":{"type":"Point","coordinates":[34.81361043580375,31.270369692140108]}},{"type":"Feature","properties":{"amenity_type":"playgrounds","name":"מרד -אלישר"},"geometry":{"type":"Point","coordinates":[34.81630307483761,31.27330093708379]}},{"type":"Feature","properties":{"amenity_type":"playgrounds","name":"יעקב חזן מייוחד"},"geometry":{"type":"Point","coordinates":[34.81913884085714,31.276174603494823]}},{"type":"Feature","properties":{"amenity_type":"playgrounds","name":"לאו פיקרד 47"},"geometry":{"type":"Point","coordinates":[34.80202331788319,31.27844648509923]}},{"type":"Feature","properties":{"amenity_type":"playgrounds","name":"צבי רן"},"geometry":{"type":"Point","coordinates":[34.81761983325055,31.27347538916766]}},{"type":"Feature","properties":{"amenity_type":"playgrounds","name":"אייזנשטדט"},"geometry":{"type":"Point","coordinates":[34.824048301837344,31.276707498224727]}},{"type":"Feature","properties":{"amenity_type":"playgrounds","name":"פלדברג"},"geometry":{"type":"Point","coordinates":[34.825609476070596,31.275039964857086]}},{"type":"Feature","properties":{"amenity_type":"playgrounds","name":"אברהם אמיר מול מעון ילדים"},"geometry":{"type":"Point","coordinates":[34.82284710683954,31.276807204972254]}},{"type":"Feature","properties":{"amenity_type":"playgrounds","name":"דוד ילין מור"},"geometry":{"type":"Point","coordinates":[34.82359263630308,31.274157056767635]}},{"type":"Feature","properties":{"amenity_type":"playgrounds","name":"יוחנן בדר -קרל נטר"},"geometry":{"type":"Point","coordinates":[34.82438360885944,31.272936707256754]}},{"type":"Feature","properties":{"amenity_type":"playgrounds","name":"פארק מטוס"},"geometry":{"type":"Point","coordinates":[34.80361778346247,31.272518240939437]}},{"type":"Feature","properties":{"amenity_type":"playgrounds","name":"גלילי 30"},"geometry":{"type":"Point","coordinates":[34.80433355910758,31.28574384445468]}},{"type":"Feature","properties":{"amenity_type":"playgrounds","name":"גן מרדכי"},"geometry":{"type":"Point","coordinates":[34.78218728572938,31.24692011100298]}},{"type":"Feature","properties":{"amenity_type":"playgrounds","name":"אפרים מקלט"},"geometry":{"type":"Point","coordinates":[34.783252048689356,31.239955664541778]}},{"type":"Feature","properties":{"amenity_type":"playgrounds","name":"רמב\"ם פלמח עצמאות"},"geometry":{"type":"Point","coordinates":[34.782756993443115,31.244305492571904]}},{"type":"Feature","properties":{"amenity_type":"playgrounds","name":"סרן דב מאחורי בית 9"},"geometry":{"type":"Point","coordinates":[34.77835522586999,31.23540999295764]}},{"type":"Feature","properties":{"amenity_type":"playgrounds","name":"פארק הגשר"},"geometry":{"type":"Point","coordinates":[34.77759789140604,31.235533954975384]}},{"type":"Feature","properties":{"amenity_type":"playgrounds","name":"דב רונאל 9"},"geometry":{"type":"Point","coordinates":[34.7718932577635,31.24058103107723]}},{"type":"Feature","properties":{"amenity_type":"playgrounds","name":"י.ל פרץ"},"geometry":{"type":"Point","coordinates":[34.78001937985227,31.240493901365475]}},{"type":"Feature","properties":{"amenity_type":"playgrounds","name":"אביגדור המאירי"},"geometry":{"type":"Point","coordinates":[34.7740319614474,31.241263322737947]}},{"type":"Feature","properties":{"amenity_type":"playgrounds","name":"פיירברג 29"},"geometry":{"type":"Point","coordinates":[34.77321305181946,31.235537659101794]}},{"type":"Feature","properties":{"amenity_type":"playgrounds","name":"שופמן גרשום"},"geometry":{"type":"Point","coordinates":[34.77532104674827,31.238420400978423]}},{"type":"Feature","properties":{"amenity_type":"playgrounds","name":"שדר' אימבר 2"},"geometry":{"type":"Point","coordinates":[34.768261965065754,31.23652571825466]}},{"type":"Feature","properties":{"amenity_type":"playgrounds","name":"פיירברג 21"},"geometry":{"type":"Point","coordinates":[34.77504935677348,31.23518799332978]}},{"type":"Feature","properties":{"amenity_type":"playgrounds","name":"פיכמן - שופמן"},"geometry":{"type":"Point","coordinates":[34.774995409008284,31.23737177691636]}},{"type":"Feature","properties":{"amenity_type":"playgrounds","name":"ג'ו אלון - אשבל"},"geometry":{"type":"Point","coordinates":[34.775992489843105,31.242126240328425]}},{"type":"Feature","properties":{"amenity_type":"playgrounds","name":"קיפניס"},"geometry":{"type":"Point","coordinates":[34.780698952247285,31.237830201520623]}},{"type":"Feature","properties":{"amenity_type":"playgrounds","name":"אנקור פינת בז"},"geometry":{"type":"Point","coordinates":[34.77152634686325,31.230948855517138]}},{"type":"Feature","properties":{"amenity_type":"playgrounds","name":"חסידה 35 708"},"geometry":{"type":"Point","coordinates":[34.767219759986986,31.227693684544267]}},{"type":"Feature","properties":{"amenity_type":"playgrounds","name":"קפריסין"},"geometry":{"type":"Point","coordinates":[34.780518389360694,31.254159585505]}},{"type":"Feature","properties":{"amenity_type":"playgrounds","name":"אורות ישראל 60"},"geometry":{"type":"Point","coordinates":[34.76344720681464,31.236475809454145]}},{"type":"Feature","properties":{"amenity_type":"playgrounds","name":"אורות ישראל 6"},"geometry":{"type":"Point","coordinates":[34.763893782875805,31.237177067688208]}},{"type":"Feature","properties":{"amenity_type":"playgrounds","name":"פארק מי מרום"},"geometry":{"type":"Point","coordinates":[34.764097965035155,31.237763602028814]}},{"type":"Feature","properties":{"amenity_type":"playgrounds","name":"פארק אביסרור\nדב רונאל 39"},"geometry":{"type":"Point","coordinates":[34.770523201594614,31.239420771223138]}},{"type":"Feature","properties":{"amenity_type":"playgrounds","name":"גדעון האוזנר"},"geometry":{"type":"Point","coordinates":[34.805190489638925,31.28592560395126]}},{"type":"Feature","properties":{"amenity_type":"playgrounds","name":"אברהם אמיר 4"},"geometry":{"type":"Point","coordinates":[34.82255922629026,31.27597249132954]}},{"type":"Feature","properties":{"amenity_type":"playgrounds","name":"גרוסמן - רוזנבלום"},"geometry":{"type":"Point","coordinates":[34.76682163858403,31.237044859948394]}},{"type":"Feature","properties":{"amenity_type":"playgrounds","name":"חטיבה שמונה"},"geometry":{"type":"Point","coordinates":[34.778033974462915,31.239090692251764]}},{"type":"Feature","properties":{"amenity_type":"playgrounds","name":"מבצע אסף"},"geometry":{"type":"Point","coordinates":[34.78074034890611,31.23732893961034]}},{"type":"Feature","properties":{"amenity_type":"playgrounds","name":"טל חרמון 6"},"geometry":{"type":"Point","coordinates":[34.765541013305615,31.235039640713918]}},{"type":"Feature","properties":{"amenity_type":"playgrounds","name":"בר ניסן"},"geometry":{"type":"Point","coordinates":[34.76478712872474,31.2396159362254]}},{"type":"Feature","properties":{"amenity_type":"playgrounds","name":"טיומקין"},"geometry":{"type":"Point","coordinates":[34.76728470932688,31.239963068325736]}},{"type":"Feature","properties":{"amenity_type":"playgrounds","name":"אביבית -צבר"},"geometry":{"type":"Point","coordinates":[34.7946455869247,31.230847470352877]}},{"type":"Feature","properties":{"amenity_type":"playgrounds","name":"חצב צבעוני סתוונית"},"geometry":{"type":"Point","coordinates":[34.779474974689585,31.229470199227677]}},{"type":"Feature","properties":{"amenity_type":"playgrounds","name":"אורן 10"},"geometry":{"type":"Point","coordinates":[34.78458752785385,31.231821792341872]}},{"type":"Feature","properties":{"amenity_type":"playgrounds","name":"אוכמנית 57"},"geometry":{"type":"Point","coordinates":[34.78200046816994,31.23218517811031]}},{"type":"Feature","properties":{"amenity_type":"playgrounds","name":"כלנית 28"},"geometry":{"type":"Point","coordinates":[34.78137980025956,31.232606423497266]}},{"type":"Feature","properties":{"amenity_type":"playgrounds","name":"חרצית"},"geometry":{"type":"Point","coordinates":[34.78913409027273,31.232666714133853]}},{"type":"Feature","properties":{"amenity_type":"playgrounds","name":"כלנית55"},"geometry":{"type":"Point","coordinates":[34.777650394969164,31.231664313046807]}},{"type":"Feature","properties":{"amenity_type":"playgrounds","name":"אורן -כרכום"},"geometry":{"type":"Point","coordinates":[34.78483950883697,31.231065333047123]}},{"type":"Feature","properties":{"amenity_type":"playgrounds","name":"ארץ חמדה 44"},"geometry":{"type":"Point","coordinates":[34.76460230631617,31.23494468290977]}},{"type":"Feature","properties":{"amenity_type":"playgrounds","name":"אורות ישראל"},"geometry":{"type":"Point","coordinates":[34.76449833039016,31.235988068801955]}},{"type":"Feature","properties":{"amenity_type":"playgrounds","name":"יסמין"},"geometry":{"type":"Point","coordinates":[34.791505124970094,31.231151861616112]}},{"type":"Feature","properties":{"amenity_type":"playgrounds","name":"הר בוקר עליון"},"geometry":{"type":"Point","coordinates":[34.81035595584581,31.27461040300122]}},{"type":"Feature","properties":{"amenity_type":"playgrounds","name":"הר כנען"},"geometry":{"type":"Point","coordinates":[34.81424866225403,31.274522937880516]}},{"type":"Feature","properties":{"amenity_type":"playgrounds","name":"יוסף בן דוד 23"},"geometry":{"type":"Point","coordinates":[34.801861556358,31.273539706960527]}},{"type":"Feature","properties":{"amenity_type":"playgrounds","name":"משעול טס"},"geometry":{"type":"Point","coordinates":[34.802205661993305,31.273306928432568]}},{"type":"Feature","properties":{"amenity_type":"playgrounds","name":"נחמן אביגד"},"geometry":{"type":"Point","coordinates":[34.80058144495956,31.275048874389174]}},{"type":"Feature","properties":{"amenity_type":"playgrounds","name":"יעקב חזן"},"geometry":{"type":"Point","coordinates":[34.81649098787143,31.275239918509776]}},{"type":"Feature","properties":{"amenity_type":"playgrounds","name":"יוסף תקוע"},"geometry":{"type":"Point","coordinates":[34.81980602100457,31.27698983571708]}},{"type":"Feature","properties":{"amenity_type":"playgrounds","name":"אברהם אמיר -פלדברג"},"geometry":{"type":"Point","coordinates":[34.82425586889535,31.275851753171285]}},{"type":"Feature","properties":{"amenity_type":"playgrounds","name":"הר בוקר תחתון"},"geometry":{"type":"Point","coordinates":[34.81037288402038,31.274882491153146]}},{"type":"Feature","properties":{"amenity_type":"playgrounds","name":"אליהו חכים"},"geometry":{"type":"Point","coordinates":[34.813549999932036,31.27250917533885]}},{"type":"Feature","properties":{"amenity_type":"playgrounds","name":"אביגדור הכט"},"geometry":{"type":"Point","coordinates":[34.775573090851886,31.24804163333566]}},{"type":"Feature","properties":{"amenity_type":"playgrounds","name":"מיכה טלמון"},"geometry":{"type":"Point","coordinates":[34.77703951895373,31.243602933945358]}},{"type":"Feature","properties":{"amenity_type":"playgrounds","name":"עין גדי"},"geometry":{"type":"Point","coordinates":[34.77031703702691,31.247975885894824]}},{"type":"Feature","properties":{"amenity_type":"playgrounds","name":"שער הגיא"},"geometry":{"type":"Point","coordinates":[34.769632797133156,31.245379655707747]}},{"type":"Feature","properties":{"amenity_type":"playgrounds","name":"שבטה"},"geometry":{"type":"Point","coordinates":[34.77089440740496,31.24590271622626]}},{"type":"Feature","properties":{"amenity_type":"playgrounds","name":"גן שלושה חדש מזרחי"},"geometry":{"type":"Point","coordinates":[34.77676868990741,31.247054689025806]}},{"type":"Feature","properties":{"amenity_type":"playgrounds","name":"שלושה חדש מערבי"},"geometry":{"type":"Point","coordinates":[34.77709668205308,31.24699970184994]}},{"type":"Feature","properties":{"amenity_type":"playgrounds","name":"פשוש"},"geometry":{"type":"Point","coordinates":[34.763825082216485,31.229861229208087]}},{"type":"Feature","properties":{"amenity_type":"playgrounds","name":"צוקית"},"geometry":{"type":"Point","coordinates":[34.76397066428777,31.232002237165336]}},{"type":"Feature","properties":{"amenity_type":"playgrounds","name":"דיה"},"geometry":{"type":"Point","coordinates":[34.76152809357461,31.230756593895464]}},{"type":"Feature","properties":{"amenity_type":"playgrounds","name":"משה חובב חדש"},"geometry":{"type":"Point","coordinates":[34.773376872995556,31.219865522299028]}},{"type":"Feature","properties":{"amenity_type":"playgrounds","name":"משה חובב 55 מקלט"},"geometry":{"type":"Point","coordinates":[34.776350997386444,31.22288696737872]}},{"type":"Feature","properties":{"amenity_type":"playgrounds","name":"פארק צנחנים שטח א"},"geometry":{"type":"Point","coordinates":[34.778010517934874,31.223965191250183]}},{"type":"Feature","properties":{"amenity_type":"playgrounds","name":"גן פרטוש- חיים בן חיים"},"geometry":{"type":"Point","coordinates":[34.77414552138609,31.22220196778271]}},{"type":"Feature","properties":{"amenity_type":"playgrounds","name":"משה ולנסקי"},"geometry":{"type":"Point","coordinates":[34.761188079516145,31.245545086828134]}},{"type":"Feature","properties":{"amenity_type":"playgrounds","name":"אמנון"},"geometry":{"type":"Point","coordinates":[34.7664014309977,31.266744773592706]}},{"type":"Feature","properties":{"amenity_type":"playgrounds","name":"אהרונסון מתחם ב"},"geometry":{"type":"Point","coordinates":[34.7616252899081,31.266492223429644]}},{"type":"Feature","properties":{"amenity_type":"playgrounds","name":"פרופסור זאב ויניק"},"geometry":{"type":"Point","coordinates":[34.759000960486325,31.258781284329054]}},{"type":"Feature","properties":{"amenity_type":"playgrounds","name":"אחינועם חווה נדנדות"},"geometry":{"type":"Point","coordinates":[34.762449244918116,31.268758831763243]}},{"type":"Feature","properties":{"amenity_type":"playgrounds","name":"אחינועם חווה ספינה"},"geometry":{"type":"Point","coordinates":[34.76268964827664,31.26873877835775]}},{"type":"Feature","properties":{"amenity_type":"playgrounds","name":"אחינועם חווה בוגרים"},"geometry":{"type":"Point","coordinates":[34.76281617027363,31.2690118459346]}},{"type":"Feature","properties":{"amenity_type":"playgrounds","name":"שאול ואליהו לוזון גדול"},"geometry":{"type":"Point","coordinates":[34.758141176274016,31.26670340141553]}},{"type":"Feature","properties":{"amenity_type":"playgrounds","name":"שצ\"פ אבוחצירה -מרדכי מקלף גן 49"},"geometry":{"type":"Point","coordinates":[34.77684679965687,31.26818358327442]}},{"type":"Feature","properties":{"amenity_type":"playgrounds","name":"שצ\"פ מבצע ברוש מס' אתר 50"},"geometry":{"type":"Point","coordinates":[34.78420163725948,31.265970402691778]}},{"type":"Feature","properties":{"amenity_type":"playgrounds","name":"שצ\"פ אקצין 28 מס' אתר 47"},"geometry":{"type":"Point","coordinates":[34.77712690458084,31.269820893754684]}},{"type":"Feature","properties":{"amenity_type":"playgrounds","name":"שצ\"פ מבצע ארז מס' אתר 265"},"geometry":{"type":"Point","coordinates":[34.78220839086108,31.26512521703279]}},{"type":"Feature","properties":{"amenity_type":"playgrounds","name":"שצ\"פ הטייסים מס' אתר 55"},"geometry":{"type":"Point","coordinates":[34.77788466361538,31.25934817663874]}},{"type":"Feature","properties":{"amenity_type":"playgrounds","name":"שצ\"פ גדעון השופט מס' אתר 59"},"geometry":{"type":"Point","coordinates":[34.778808953079924,31.26225341001517]}},{"type":"Feature","properties":{"amenity_type":"playgrounds","name":"שצ\"פ שמגר השופט / בן נון מס' אתר 58."},"geometry":{"type":"Point","coordinates":[34.775878408604534,31.26349829452663]}},{"type":"Feature","properties":{"amenity_type":"playgrounds","name":"שצ\"פ מבצע נחשון גן חביב מס' אתר 54"},"geometry":{"type":"Point","coordinates":[34.78110701359553,31.259243494196838]}},{"type":"Feature","properties":{"amenity_type":"playgrounds","name":"שצ\"פ ריכרד שטיין 5 מס' אתר 41"},"geometry":{"type":"Point","coordinates":[34.77125708247589,31.26545953376987]}},{"type":"Feature","properties":{"amenity_type":"playgrounds","name":"שצ\"פ טולדנו 3-5 מס' אתר 46"},"geometry":{"type":"Point","coordinates":[34.77869645147788,31.26695091475109]}},{"type":"Feature","properties":{"amenity_type":"playgrounds","name":"שצ\"פ טולדנו 7 גן מס' 45"},"geometry":{"type":"Point","coordinates":[34.777915837786665,31.2673671851323]}},{"type":"Feature","properties":{"amenity_type":"playgrounds","name":"שצ\"פ נדב מס' אתר 53"},"geometry":{"type":"Point","coordinates":[34.787147421463864,31.262992698992843]}},{"type":"Feature","properties":{"amenity_type":"playgrounds","name":"שצ\"פ משה שרת (כיכר משה סנה) מס' אתר 32"},"geometry":{"type":"Point","coordinates":[34.76748404168395,31.25811702469366]}},{"type":"Feature","properties":{"amenity_type":"playgrounds","name":"שצ\"פ גולדה מאיר דקלה מס' אתר 34"},"geometry":{"type":"Point","coordinates":[34.76408956108823,31.261308363978635]}},{"type":"Feature","properties":{"amenity_type":"playgrounds","name":"שצ\"פ דב יוסף מס' אתר 33"},"geometry":{"type":"Point","coordinates":[34.764272827065106,31.256086602319662]}},{"type":"Feature","properties":{"amenity_type":"playgrounds","name":"שצ\"פ ראול ולנברג / אברבנאל מס' אתר 27"},"geometry":{"type":"Point","coordinates":[34.768756394413856,31.254329764674022]}},{"type":"Feature","properties":{"amenity_type":"playgrounds","name":"שצ\"פ החיד\"א 35 חדש בין בניינים מס' אתר 26"},"geometry":{"type":"Point","coordinates":[34.769448698829,31.253201295847884]}},{"type":"Feature","properties":{"amenity_type":"playgrounds","name":"שצ\"פ החיד\"א 59 מס' אתר 28"},"geometry":{"type":"Point","coordinates":[34.76783880880159,31.253551395960788]}},{"type":"Feature","properties":{"amenity_type":"playgrounds","name":"שצ\"פ ארתור רופין הרצל קלעי מס אתר 35"},"geometry":{"type":"Point","coordinates":[34.768437864562785,31.26457599530604]}},{"type":"Feature","properties":{"amenity_type":"playgrounds","name":"הפארק האוסטרלי שטח 1 מס' אתר 39"},"geometry":{"type":"Point","coordinates":[34.773324324264195,31.26004084062834]}},{"type":"Feature","properties":{"amenity_type":"playgrounds","name":"הפארק האוסטרלי שטח 2 (פעוטות) מס' אתר 40"},"geometry":{"type":"Point","coordinates":[34.77334924645657,31.259446738333722]}},{"type":"Feature","properties":{"amenity_type":"playgrounds","name":"שצ\"פ בכור שטרית מס' אתר 29"},"geometry":{"type":"Point","coordinates":[34.76514149322149,31.254431752375094]}},{"type":"Feature","properties":{"amenity_type":"playgrounds","name":"שצ\"פ מיכאל חזני מס' אתר 37"},"geometry":{"type":"Point","coordinates":[34.770143826973076,31.261770526920774]}},{"type":"Feature","properties":{"amenity_type":"playgrounds","name":"שצ\"פ אלפסי הרב קוק מס' אתר 38"},"geometry":{"type":"Point","coordinates":[34.77171933768783,31.25808815694206]}},{"type":"Feature","properties":{"amenity_type":"playgrounds","name":"פארק נחל באר שבע  - קטן"},"geometry":{"type":"Point","coordinates":[34.80603847454092,31.234348103629433]}},{"type":"Feature","properties":{"amenity_type":"playgrounds","name":"יצחק שיפר"},"geometry":{"type":"Point","coordinates":[34.79925427891059,31.271052541136438]}},{"type":"Feature","properties":{"amenity_type":"playgrounds","name":"גן סלקום"},"geometry":{"type":"Point","coordinates":[34.801221867779255,31.265689284410815]}},{"type":"Feature","properties":{"amenity_type":"playgrounds","name":"גן סיאטל"},"geometry":{"type":"Point","coordinates":[34.798688826799086,31.26666634631313]}},{"type":"Feature","properties":{"amenity_type":"playgrounds","name":"אייסים 6"},"geometry":{"type":"Point","coordinates":[34.791040351018395,31.26761796613308]}},{"type":"Feature","properties":{"amenity_type":"playgrounds","name":"בר גיורא 23"},"geometry":{"type":"Point","coordinates":[34.79223542030786,31.26165810467093]}},{"type":"Feature","properties":{"amenity_type":"playgrounds","name":"יעקב אבינו מעונות סטודנטים"},"geometry":{"type":"Point","coordinates":[34.79758950945383,31.263457028709258]}},{"type":"Feature","properties":{"amenity_type":"playgrounds","name":"גן לימון"},"geometry":{"type":"Point","coordinates":[34.790182981760026,31.270542961536787]}},{"type":"Feature","properties":{"amenity_type":"playgrounds","name":"גן יונתן"},"geometry":{"type":"Point","coordinates":[34.79701094246703,31.27130813809894]}},{"type":"Feature","properties":{"amenity_type":"playgrounds","name":"הבשור"},"geometry":{"type":"Point","coordinates":[34.79762900685913,31.265728298654548]}},{"type":"Feature","properties":{"amenity_type":"playgrounds","name":"תלמוד 54"},"geometry":{"type":"Point","coordinates":[34.78663573242547,31.269326107556207]}},{"type":"Feature","properties":{"amenity_type":"playgrounds","name":"גן הפיל"},"geometry":{"type":"Point","coordinates":[34.79173491901476,31.266153574268124]}},{"type":"Feature","properties":{"amenity_type":"playgrounds","name":"נחליאלי"},"geometry":{"type":"Point","coordinates":[34.79370173086908,31.266875008111406]}},{"type":"Feature","properties":{"amenity_type":"playgrounds","name":"כיכר האבות"},"geometry":{"type":"Point","coordinates":[34.79417943654991,31.26188572568318]}},{"type":"Feature","properties":{"amenity_type":"playgrounds","name":"גן מעפילים"},"geometry":{"type":"Point","coordinates":[34.806584190352794,31.249748040905203]}},{"type":"Feature","properties":{"amenity_type":"playgrounds","name":"וינגייט 55"},"geometry":{"type":"Point","coordinates":[34.80375635662999,31.257430850616085]}},{"type":"Feature","properties":{"amenity_type":"playgrounds","name":"פארק מרמלדה"},"geometry":{"type":"Point","coordinates":[34.81078801067818,31.25965064282066]}},{"type":"Feature","properties":{"amenity_type":"playgrounds","name":"מרכז חן"},"geometry":{"type":"Point","coordinates":[34.791091332391105,31.25425943252078]}},{"type":"Feature","properties":{"amenity_type":"playgrounds","name":"כיכר קפלן"},"geometry":{"type":"Point","coordinates":[34.7914245672507,31.24926908578586]}},{"type":"Feature","properties":{"amenity_type":"playgrounds","name":"סעדיה גאון"},"geometry":{"type":"Point","coordinates":[34.78903805154671,31.25728531518833]}},{"type":"Feature","properties":{"amenity_type":"playgrounds","name":"פארק ראשונים נעמ\"ת"},"geometry":{"type":"Point","coordinates":[34.797411556510774,31.248693595386428]}},{"type":"Feature","properties":{"amenity_type":"playgrounds","name":"מוריה 17"},"geometry":{"type":"Point","coordinates":[34.78473374467279,31.247800833625437]}},{"type":"Feature","properties":{"amenity_type":"playgrounds","name":"גן ראשונים מול בית משפט"},"geometry":{"type":"Point","coordinates":[34.796365169886535,31.24733511556717]}},{"type":"Feature","properties":{"amenity_type":"playgrounds","name":"קפלן מד\"א"},"geometry":{"type":"Point","coordinates":[34.7910408779984,31.248627994550564]}},{"type":"Feature","properties":{"amenity_type":"playgrounds","name":"סוקולוב"},"geometry":{"type":"Point","coordinates":[34.78860229151256,31.246395300237293]}},{"type":"Feature","properties":{"amenity_type":"playgrounds","name":"מניפה"},"geometry":{"type":"Point","coordinates":[34.78734850249657,31.249043493187358]}},{"type":"Feature","properties":{"amenity_type":"playgrounds","name":"נשר"},"geometry":{"type":"Point","coordinates":[34.76648641442697,31.226107498616887]}},{"type":"Feature","properties":{"amenity_type":"playgrounds","name":"ינשוף פינת חוחית עליון"},"geometry":{"type":"Point","coordinates":[34.76531100466909,31.22807934629923]}},{"type":"Feature","properties":{"amenity_type":"playgrounds","name":"חוחית"},"geometry":{"type":"Point","coordinates":[34.763113471529074,31.2276900173975]}},{"type":"Feature","properties":{"amenity_type":"playgrounds","name":"ינשוף"},"geometry":{"type":"Point","coordinates":[34.76514199322932,31.229592621391348]}},{"type":"Feature","properties":{"amenity_type":"playgrounds","name":"מרפ\"ד"},"geometry":{"type":"Point","coordinates":[34.79771450174927,31.260953521588643]}},{"type":"Feature","properties":{"amenity_type":"playgrounds","name":"פארק אלי כהן חנה סנש"},"geometry":{"type":"Point","coordinates":[34.80878586644051,31.257532977607838]}},{"type":"Feature","properties":{"amenity_type":"playgrounds","name":"פארק נחל באר שבע  - גדול"},"geometry":{"type":"Point","coordinates":[34.81977495408652,31.23783388579905]}},{"type":"Feature","properties":{"amenity_type":"playgrounds","name":"עיט"},"geometry":{"type":"Point","coordinates":[34.764179191846715,31.224021374975287]}},{"type":"Feature","properties":{"amenity_type":"playgrounds","name":"צבעוני- דודאים מול ורד 14"},"geometry":{"type":"Point","coordinates":[34.77913367358001,31.231950806260777]}},{"type":"Feature","properties":{"amenity_type":"playgrounds","name":"גן ברוך"},"geometry":{"type":"Point","coordinates":[34.77950553446628,31.243018206297986]}},{"type":"Feature","properties":{"amenity_type":"playgrounds","name":"עיט נשר"},"geometry":{"type":"Point","coordinates":[34.765034533008986,31.226405826619246]}},{"type":"Feature","properties":{"amenity_type":"playgrounds","name":"ינשוף פינת חוחית תחתון"},"geometry":{"type":"Point","coordinates":[34.76539462207452,31.227850579112523]}},{"type":"Feature","properties":{"amenity_type":"playgrounds","name":"אפרים לרון"},"geometry":{"type":"Point","coordinates":[34.76556601953459,31.230807034227496]}},{"type":"Feature","properties":{"amenity_type":"playgrounds","name":"לוזון פעוטות"},"geometry":{"type":"Point","coordinates":[34.75790631923401,31.266657395088224]}},{"type":"Feature","properties":{"amenity_type":"playgrounds","name":"זריצקי  אקסטרים"},"geometry":{"type":"Point","coordinates":[34.759687295694356,31.25974090571354]}},{"type":"Feature","properties":{"amenity_type":"playgrounds","name":"מודעי מול מפעל הפיס"},"geometry":{"type":"Point","coordinates":[34.8108275774411,31.269585370315298]}},{"type":"Feature","properties":{"amenity_type":"playgrounds","name":"שצ\"פ רחבת החייל מס' אתר 57"},"geometry":{"type":"Point","coordinates":[34.775551014761085,31.261122393367184]}},{"type":"Feature","properties":{"amenity_type":"playgrounds","name":"נחום גולדמן 17"},"geometry":{"type":"Point","coordinates":[34.803176492356044,31.278884430464313]}},{"type":"Feature","properties":{"amenity_type":"playgrounds","name":"שצ\"פ אבוחצירא מקלף 2 מס' אתר 267 (שטח בוגרים)"},"geometry":{"type":"Point","coordinates":[34.77884447797186,31.2689361095222]}},{"type":"Feature","properties":{"amenity_type":"playgrounds","name":"שצ\"פ אבוחצירא מקלף 1 מס' אתר 249 (שטח פעוטות)"},"geometry":{"type":"Point","coordinates":[34.779012858166496,31.268868657294167]}},{"type":"Feature","properties":{"amenity_type":"playgrounds","name":"פארק משה דיין מערבי מס' אתר 43."},"geometry":{"type":"Point","coordinates":[34.7733845580183,31.26521302803039]}},{"type":"Feature","properties":{"amenity_type":"playgrounds","name":"פארק משה דיין מרכזי מס' אתר 42."},"geometry":{"type":"Point","coordinates":[34.77377263880875,31.265215493252583]}},{"type":"Feature","properties":{"amenity_type":"playgrounds","name":"שצ\"פ משה דיין מזרחי מס' אתר 44."},"geometry":{"type":"Point","coordinates":[34.77544705476613,31.26581622045338]}},{"type":"Feature","properties":{"amenity_type":"playgrounds","name":"פליקס שפירא"},"geometry":{"type":"Point","coordinates":[34.80062706469173,31.28176737514612]}},{"type":"Feature","properties":{"amenity_type":"playgrounds","name":"שמשון עמיצור -רוטנשטרייך"},"geometry":{"type":"Point","coordinates":[34.797986356062154,31.281874928414325]}},{"type":"Feature","properties":{"amenity_type":"playgrounds","name":"משה קהירי -נחום סנה"},"geometry":{"type":"Point","coordinates":[34.80002818022874,31.28410642410676]}},{"type":"Feature","properties":{"amenity_type":"playgrounds","name":"חיים שושנה"},"geometry":{"type":"Point","coordinates":[34.797498490208525,31.283969912177614]}},{"type":"Feature","properties":{"amenity_type":"playgrounds","name":"חיים שושנה רפאל"},"geometry":{"type":"Point","coordinates":[34.796675074897436,31.284703236961015]}},{"type":"Feature","properties":{"amenity_type":"playgrounds","name":"עמיצור שושנה טיילת"},"geometry":{"type":"Point","coordinates":[34.79662769805183,31.282611462731317]}},{"type":"Feature","properties":{"amenity_type":"playgrounds","name":"נחום שריג עליון"},"geometry":{"type":"Point","coordinates":[34.806257345958954,31.283518277661877]}},{"type":"Feature","properties":{"amenity_type":"playgrounds","name":"נחום שריג 1"},"geometry":{"type":"Point","coordinates":[34.8052881623472,31.28117367182166]}},{"type":"Feature","properties":{"amenity_type":"playgrounds","name":"נחום גולדמן עליון"},"geometry":{"type":"Point","coordinates":[34.80397534952137,31.280014593839443]}},{"type":"Feature","properties":{"amenity_type":"playgrounds","name":"נחום גולדמן אמצעי"},"geometry":{"type":"Point","coordinates":[34.80325730333588,31.280148526773303]}},{"type":"Feature","properties":{"amenity_type":"playgrounds","name":"נחום גולדמן תחתון"},"geometry":{"type":"Point","coordinates":[34.803099914294805,31.28044107107753]}},{"type":"Feature","properties":{"amenity_type":"playgrounds","name":"יצחק מודעי -יעקב מרש"},"geometry":{"type":"Point","coordinates":[34.80952538270536,31.266232374234846]}},{"type":"Feature","properties":{"amenity_type":"playgrounds","name":"פארק פעמון"},"geometry":{"type":"Point","coordinates":[34.79151466949722,31.235181362971467]}},{"type":"Feature","properties":{"amenity_type":"playgrounds","name":"פרישמן חדש"},"geometry":{"type":"Point","coordinates":[34.77324125487293,31.239839196626697]}},{"type":"Feature","properties":{"amenity_type":"playgrounds","name":"פרישמן"},"geometry":{"type":"Point","coordinates":[34.77313029446268,31.239810189026926]}},{"type":"Feature","properties":{"amenity_type":"playgrounds","name":"שמעוני 14 קומות"},"geometry":{"type":"Point","coordinates":[34.795948205140434,31.254609516791323]}},{"type":"Feature","properties":{"amenity_type":"playgrounds","name":"שד הסופרים -אינשטיין"},"geometry":{"type":"Point","coordinates":[34.792002195442315,31.256253989959617]}},{"type":"Feature","properties":{"amenity_type":"playgrounds","name":"שרגא אברמסון"},"geometry":{"type":"Point","coordinates":[34.79768388780352,31.277033895958734]}},{"type":"Feature","properties":{"amenity_type":"playgrounds","name":"בקי"},"geometry":{"type":"Point","coordinates":[34.7985801895288,31.27761934171944]}},{"type":"Feature","properties":{"amenity_type":"playgrounds","name":"ישראל גלילי 22"},"geometry":{"type":"Point","coordinates":[34.803552535717664,31.28461493649071]}},{"type":"Feature","properties":{"amenity_type":"playgrounds","name":"ישראל גלילי 13"},"geometry":{"type":"Point","coordinates":[34.80400392857535,31.283330734353875]}},{"type":"Feature","properties":{"amenity_type":"playgrounds","name":"ישראל גלילי 21"},"geometry":{"type":"Point","coordinates":[34.80438517927341,31.284574352178044]}},{"type":"Feature","properties":{"amenity_type":"playgrounds","name":"הנגבי מיכאל 12"},"geometry":{"type":"Point","coordinates":[34.80508791764588,31.28446855904038]}},{"type":"Feature","properties":{"amenity_type":"playgrounds","name":"ישראל גלילי 35"},"geometry":{"type":"Point","coordinates":[34.80377619134902,31.28576833221602]}},{"type":"Feature","properties":{"amenity_type":"playgrounds","name":"לוי אשכול"},"geometry":{"type":"Point","coordinates":[34.80301167309286,31.285696744088025]}},{"type":"Feature","properties":{"amenity_type":"playgrounds","name":"מרמלדה 2"},"geometry":{"type":"Point","coordinates":[34.81128042543862,31.25918074778958]}},{"type":"Feature","properties":{"amenity_type":"playgrounds","name":"זבולון המר- כרמל"},"geometry":{"type":"Point","coordinates":[34.813238674138404,31.26779280520754]}},{"type":"Feature","properties":{"amenity_type":"playgrounds","name":"פארק הילדים שטח אומגה"},"geometry":{"type":"Point","coordinates":[34.76299077150152,31.261784520446614]}},{"type":"Feature","properties":{"amenity_type":"playgrounds","name":"זריצקי 17 -1"},"geometry":{"type":"Point","coordinates":[34.76083817684427,31.260135651088856]}},{"type":"Feature","properties":{"amenity_type":"playgrounds"},"geometry":{"type":"Point","coordinates":[34.777647431405704,31.231652527019765]}},{"type":"Feature","properties":{"amenity_type":"playgrounds","name":"שצ\"פ מבצע נחשון 48 מס' אתר 248"},"geometry":{"type":"Point","coordinates":[34.78699546289952,31.259879229372693]}},{"type":"Feature","properties":{"amenity_type":"playgrounds","name":"שפריר"},"geometry":{"type":"Point","coordinates":[34.80069839060266,31.248433437249506]}},{"type":"Feature","properties":{"amenity_type":"playgrounds","name":"משה קהירי -נחום סנה פעוטות"},"geometry":{"type":"Point","coordinates":[34.80008606550554,31.284171247278056]}},{"type":"Feature","properties":{"amenity_type":"playgrounds","name":"שצ\"פ מגידו"},"geometry":{"type":"Point","coordinates":[34.77392244873808,31.243861556578974]}},{"type":"Feature","properties":{"amenity_type":"playgrounds","name":"שצ\"פ רד\"ק מס' אתר 256"},"geometry":{"type":"Point","coordinates":[34.771105399119094,31.256833939766423]}},{"type":"Feature","properties":{"amenity_type":"playgrounds"},"geometry":{"type":"Point","coordinates":[34.785058855291936,31.252955774962466]}},{"type":"Feature","properties":{"amenity_type":"playgrounds"},"geometry":{"type":"Point","coordinates":[34.78156290826972,31.23690791449088]}},{"type":"Feature","properties":{"amenity_type":"playgrounds","name":"פאול בן חיים"},"geometry":{"type":"Point","coordinates":[34.77234011700707,31.222442125898482]}},{"type":"Feature","properties":{"amenity_type":"playgrounds","name":"פארק הצנחנים שטח ב"},"geometry":{"type":"Point","coordinates":[34.778645455356965,31.223226767940222]}},{"type":"Feature","properties":{"amenity_type":"playgrounds"},"geometry":{"type":"Point","coordinates":[34.80091903248832,31.282863270051017]}},{"type":"Feature","properties":{"amenity_type":"playgrounds","name":"פארק הצנחנים שטח ג"},"geometry":{"type":"Point","coordinates":[34.77944277237361,31.22376393651358]}},{"type":"Feature","properties":{"amenity_type":"playgrounds"},"geometry":{"type":"Point","coordinates":[34.80060475764235,31.2749586555678]}},{"type":"Feature","properties":{"amenity_type":"playgrounds"},"geometry":{"type":"Point","coordinates":[34.80060410710948,31.275111376135758]}},{"type":"Feature","properties":{"amenity_type":"playgrounds","name":"שצ\"פ טולדנו מס' אתר 304"},"geometry":{"type":"Point","coordinates":[34.778902469565175,31.266782032265162]}},{"type":"Feature","properties":{"amenity_type":"playgrounds","name":"שצ\"פ פל ים מס' אתר 291."},"geometry":{"type":"Point","coordinates":[34.777348098274175,31.264013557144338]}},{"type":"Feature","properties":{"amenity_type":"playgrounds","name":"שצ\"פ רחבת הראל מס' אתר 327"},"geometry":{"type":"Point","coordinates":[34.774620775423294,31.263251592880774]}},{"type":"Feature","properties":{"amenity_type":"playgrounds","name":"גלבוע"},"geometry":{"type":"Point","coordinates":[34.7722524163526,31.25254537783051]}},{"type":"Feature","properties":{"amenity_type":"playgrounds","name":"שדרות ירושלים"},"geometry":{"type":"Point","coordinates":[34.77656032781457,31.245207619840663]}},{"type":"Feature","properties":{"amenity_type":"playgrounds","name":"טוביהו"},"geometry":{"type":"Point","coordinates":[34.77200889515859,31.25173560672881]}},{"type":"Feature","properties":{"amenity_type":"playgrounds"},"geometry":{"type":"Point","coordinates":[34.77656592599811,31.24519809361372]}},{"type":"Feature","properties":{"amenity_type":"playgrounds","name":"עין גדי מתחם ב"},"geometry":{"type":"Point","coordinates":[34.77008868052409,31.248283329461376]}},{"type":"Feature","properties":{"amenity_type":"playgrounds","name":"שדרות ירושלים"},"geometry":{"type":"Point","coordinates":[34.77656592599811,31.24519809361372]}},{"type":"Feature","properties":{"amenity_type":"playgrounds","name":"עופרה חזה"},"geometry":{"type":"Point","coordinates":[34.759427860623816,31.27269436921911]}},{"type":"Feature","properties":{"amenity_type":"playgrounds","name":"מרבד הקסמים חדש"},"geometry":{"type":"Point","coordinates":[34.78338857920005,31.24992847721373]}},{"type":"Feature","properties":{"amenity_type":"playgrounds","name":"שצ\"פ זריזי מס' אתר 258"},"geometry":{"type":"Point","coordinates":[34.78389812033045,31.262181658492462]}},{"type":"Feature","properties":{"amenity_type":"playgrounds","name":"שצ\"פ מבצע עובדה מס' אתר 290"},"geometry":{"type":"Point","coordinates":[34.78026437540303,31.259117655503406]}},{"type":"Feature","properties":{"amenity_type":"playgrounds","name":"שצפ משולשים"},"geometry":{"type":"Point","coordinates":[34.7545178322802,31.27598736657499]}},{"type":"Feature","properties":{"amenity_type":"playgrounds","name":"עדה גלר"},"geometry":{"type":"Point","coordinates":[34.75164229657615,31.267073932132355]}},{"type":"Feature","properties":{"amenity_type":"playgrounds","name":"פולה בן גוריון"},"geometry":{"type":"Point","coordinates":[34.74824403194695,31.270099650709096]}},{"type":"Feature","properties":{"amenity_type":"playgrounds","name":"מרים בן פורט"},"geometry":{"type":"Point","coordinates":[34.75065753893303,31.272283289426923]}},{"type":"Feature","properties":{"amenity_type":"playgrounds","name":"פעוטות כלניות"},"geometry":{"type":"Point","coordinates":[34.753962391490276,31.271669710141918]}},{"type":"Feature","properties":{"amenity_type":"playgrounds","name":"שצ\"פ מבצע קדם מס' אתר 357"},"geometry":{"type":"Point","coordinates":[34.78366473229187,31.265008646288535]}},{"type":"Feature","properties":{"amenity_type":"playgrounds","name":"דירה להשכיר"},"geometry":{"type":"Point","coordinates":[34.75131313849525,31.269535414250342]}},{"type":"Feature","properties":{"amenity_type":"playgrounds","name":"פלורי אשר"},"geometry":{"type":"Point","coordinates":[34.75480633884407,31.268287725349484]}},{"type":"Feature","properties":{"amenity_type":"playgrounds","name":"נעמי שמר נדנדות"},"geometry":{"type":"Point","coordinates":[34.7544900811756,31.27302338695649]}},{"type":"Feature","properties":{"amenity_type":"playgrounds","name":"כלניות טיילת"},"geometry":{"type":"Point","coordinates":[34.75503148761148,31.272365475116228]}},{"type":"Feature","properties":{"amenity_type":"playgrounds","name":"פארק סיגליות מתחם מספר 1"},"geometry":{"type":"Point","coordinates":[34.75450731458159,31.25811017173712]}},{"type":"Feature","properties":{"amenity_type":"playgrounds","name":"פארק סיגליות מתחם 4"},"geometry":{"type":"Point","coordinates":[34.75523340045893,31.25759011495224]}},{"type":"Feature","properties":{"amenity_type":"playgrounds","name":"מרווה 1"},"geometry":{"type":"Point","coordinates":[34.75373759776083,31.25904170635189]}},{"type":"Feature","properties":{"amenity_type":"playgrounds","name":"פארק סיגליות מתחם 2"},"geometry":{"type":"Point","coordinates":[34.75480281104621,31.257889281043337]}},{"type":"Feature","properties":{"amenity_type":"playgrounds","name":"פארק סיגליות מתחם 5"},"geometry":{"type":"Point","coordinates":[34.755443708022625,31.25746676243003]}},{"type":"Feature","properties":{"amenity_type":"playgrounds","name":"מרווה מתחם 3"},"geometry":{"type":"Point","coordinates":[34.753900609831526,31.258934895601488]}},{"type":"Feature","properties":{"amenity_type":"playgrounds","name":"פארק סיגליות מתחם 3"},"geometry":{"type":"Point","coordinates":[34.755111895257244,31.257731673976807]}},{"type":"Feature","properties":{"amenity_type":"playgrounds","name":"מרווה שטח  2"},"geometry":{"type":"Point","coordinates":[34.75380587498922,31.25899541302069]}},{"type":"Feature","properties":{"amenity_type":"playgrounds","name":"מרווה 9"},"geometry":{"type":"Point","coordinates":[34.75303613545035,31.25823602167616]}},{"type":"Feature","properties":{"amenity_type":"playgrounds"},"geometry":{"type":"Point","coordinates":[34.821664533597,31.272811161335174]}},{"type":"Feature","properties":{"amenity_type":"playgrounds","name":"שצ\"פ בית שאן"},"geometry":{"type":"Point","coordinates":[34.767819521860375,31.249199567347766]}},{"type":"Feature","properties":{"amenity_type":"playgrounds","name":"אלחריזי"},"geometry":{"type":"Point","coordinates":[34.764122140719174,31.250791141904475]}},{"type":"Feature","properties":{"amenity_type":"playgrounds","name":"עכו"},"geometry":{"type":"Point","coordinates":[34.76709528956841,31.251756998681664]}},{"type":"Feature","properties":{"amenity_type":"playgrounds","name":"חורשת נאות לון"},"geometry":{"type":"Point","coordinates":[34.76250680425315,31.249333542023813]}},{"type":"Feature","properties":{"amenity_type":"playgrounds","name":"שצ\"פ הרב הרצוג מס' אתר 295"},"geometry":{"type":"Point","coordinates":[34.768624202838524,31.26023129648263]}},{"type":"Feature","properties":{"amenity_type":"playgrounds","name":"שצ\"פ חיים לנדאו (מרכז מסחרי) מס' אתר 294"},"geometry":{"type":"Point","coordinates":[34.761638969974335,31.25671032188957]}},{"type":"Feature","properties":{"amenity_type":"playgrounds","name":"שצ\"פ רחבת רמ\"א מס' אתר 293"},"geometry":{"type":"Point","coordinates":[34.77086104628453,31.25887509786609]}},{"type":"Feature","properties":{"amenity_type":"playgrounds","name":"לב לנוי כרכום 297"},"geometry":{"type":"Point","coordinates":[34.783158603777565,31.228717794060774]}},{"type":"Feature","properties":{"amenity_type":"playgrounds","name":"שצ\"פ אריה דולצ'ין מס' אתר 296"},"geometry":{"type":"Point","coordinates":[34.766624351194935,31.262589310568032]}},{"type":"Feature","properties":{"amenity_type":"playgrounds","name":"פארק מעפילים"},"geometry":{"type":"Point","coordinates":[34.80630965764769,31.24950424933849]}},{"type":"Feature","properties":{"amenity_type":"playgrounds","name":"אטד 299"},"geometry":{"type":"Point","coordinates":[34.781273787445556,31.23042019743237]}},{"type":"Feature","properties":{"amenity_type":"playgrounds","name":"צבי ברמוגן פז"},"geometry":{"type":"Point","coordinates":[34.804216709556215,31.247867314706912]}},{"type":"Feature","properties":{"amenity_type":"playgrounds","name":"פטל רקפת 298"},"geometry":{"type":"Point","coordinates":[34.79603606581489,31.22836401934705]}},{"type":"Feature","properties":{"amenity_type":"playgrounds","name":"הסביל 914 אירוס הנגב נרקיס"},"geometry":{"type":"Point","coordinates":[34.79722841251179,31.229622176849475]}},{"type":"Feature","properties":{"amenity_type":"playgrounds","name":"עמותות"},"geometry":{"type":"Point","coordinates":[34.756960945573226,31.261121167643722]}},{"type":"Feature","properties":{"amenity_type":"playgrounds","name":"לוזון נדנדות"},"geometry":{"type":"Point","coordinates":[34.758028636996826,31.26652146163671]}},{"type":"Feature","properties":{"amenity_type":"playgrounds","name":"אהרונסון מתחם א"},"geometry":{"type":"Point","coordinates":[34.7616130218973,31.26637755860054]}},{"type":"Feature","properties":{"amenity_type":"playgrounds","name":"ברטונוב"},"geometry":{"type":"Point","coordinates":[34.76984872203916,31.269931461879402]}},{"type":"Feature","properties":{"amenity_type":"playgrounds","name":"חנה רובינה"},"geometry":{"type":"Point","coordinates":[34.77002685511848,31.26985928250488]}},{"type":"Feature","properties":{"amenity_type":"playgrounds","name":"פארק הילדים אוניה"},"geometry":{"type":"Point","coordinates":[34.76079299221263,31.2613792470493]}},{"type":"Feature","properties":{"amenity_type":"playgrounds","name":"רגר156"},"geometry":{"type":"Point","coordinates":[34.79852011448599,31.270469727837426]}},{"type":"Feature","properties":{"amenity_type":"playgrounds","name":"פארק דרום שטח 3"},"geometry":{"type":"Point","coordinates":[34.783040027001555,31.235843714868256]}},{"type":"Feature","properties":{"amenity_type":"playgrounds","name":"פארק דרום שטח5"},"geometry":{"type":"Point","coordinates":[34.782632338229284,31.23634350084931]}},{"type":"Feature","properties":{"amenity_type":"playgrounds","name":"שטרוק"},"geometry":{"type":"Point","coordinates":[34.789293280851076,31.253764768211497]}},{"type":"Feature","properties":{"amenity_type":"playgrounds","name":"רמבם 52"},"geometry":{"type":"Point","coordinates":[34.78908091141975,31.24397677851466]}},{"type":"Feature","properties":{"amenity_type":"playgrounds","name":"פארק דרום שטח 1"},"geometry":{"type":"Point","coordinates":[34.78233259739014,31.23629956410699]}},{"type":"Feature","properties":{"amenity_type":"playgrounds","name":"פארק דרום שטח 2"},"geometry":{"type":"Point","coordinates":[34.78315860022111,31.23666021745947]}},{"type":"Feature","properties":{"amenity_type":"playgrounds","name":"פארק דרום  שטח 6"},"geometry":{"type":"Point","coordinates":[34.78245449516947,31.23636678005251]}},{"type":"Feature","properties":{"amenity_type":"playgrounds"},"geometry":{"type":"Point","coordinates":[34.798843649702306,31.282686398509913]}},{"type":"Feature","properties":{"amenity_type":"playgrounds","name":"פליקס שפירא שטח פעוטות"},"geometry":{"type":"Point","coordinates":[34.80014418865264,31.28212399342114]}},{"type":"Feature","properties":{"amenity_type":"playgrounds","name":"נשר מתחם נדנדות"},"geometry":{"type":"Point","coordinates":[34.766234099327775,31.225879641105475]}},{"type":"Feature","properties":{"amenity_type":"playgrounds","name":"פארק דרום שטח 4"},"geometry":{"type":"Point","coordinates":[34.782882155313416,31.23637295549708]}},{"type":"Feature","properties":{"amenity_type":"playgrounds","name":"שלמה טנא נדנדות"},"geometry":{"type":"Point","coordinates":[34.78567065105157,31.235069601762163]}},{"type":"Feature","properties":{"amenity_type":"playgrounds"},"geometry":{"type":"Point","coordinates":[34.78812329019636,31.25571293652444]}},{"type":"Feature","properties":{"amenity_type":"playgrounds","name":"פארק אגדה שטח 1"},"geometry":{"type":"Point","coordinates":[34.77332891660144,31.233859536797382]}},{"type":"Feature","properties":{"amenity_type":"playgrounds","name":"ישראל שוחט"},"geometry":{"type":"Point","coordinates":[34.7667223837056,31.233207238517075]}},{"type":"Feature","properties":{"amenity_type":"playgrounds","name":"יוסף בורג בן הבניינים"},"geometry":{"type":"Point","coordinates":[34.769647385210554,31.232444000573338]}},{"type":"Feature","properties":{"amenity_type":"playgrounds","name":"שצפ 945 שטח נדנדות נחל סער"},"geometry":{"type":"Point","coordinates":[34.823917810473624,31.228105899027714]}},{"type":"Feature","properties":{"amenity_type":"playgrounds","name":"שצפ 945 שטח משולב נחל סער"},"geometry":{"type":"Point","coordinates":[34.82358480979133,31.22804764221723]}},{"type":"Feature","properties":{"amenity_type":"playgrounds","name":"פארק אגדה שטח 2"},"geometry":{"type":"Point","coordinates":[34.77256279045901,31.23378060472468]}},{"type":"Feature","properties":{"amenity_type":"playgrounds","name":"פארק אגדה שטח 3"},"geometry":{"type":"Point","coordinates":[34.77279749698497,31.23346640111515]}},{"type":"Feature","properties":{"amenity_type":"playgrounds","name":"פארק אגדה שטח 4"},"geometry":{"type":"Point","coordinates":[34.77024440954646,31.235490932478488]}},{"type":"Feature","properties":{"amenity_type":"playgrounds","name":"פארק אגדה שטח 5 אומגה"},"geometry":{"type":"Point","coordinates":[34.77267053199351,31.23451594579644]}},{"type":"Feature","properties":{"amenity_type":"playgrounds","name":"יוסף בורג מול בית הכנסת"},"geometry":{"type":"Point","coordinates":[34.771420856766426,31.2332899603947]}},{"type":"Feature","properties":{"amenity_type":"playgrounds","name":"שצפ 370 נחל גוב פינת נחל פרס"},"geometry":{"type":"Point","coordinates":[34.82024918175622,31.228858611194564]}},{"type":"Feature","properties":{"amenity_type":"playgrounds","name":"שצפ 922"},"geometry":{"type":"Point","coordinates":[34.81716520422249,31.23059613810745]}},{"type":"Feature","properties":{"amenity_type":"playgrounds","name":"יוסף בורג1"},"geometry":{"type":"Point","coordinates":[34.76863610751006,31.23253602923985]}},{"type":"Feature","properties":{"amenity_type":"playgrounds","name":"גן ציבורי 369 נחל קדרון"},"geometry":{"type":"Point","coordinates":[34.81828823621518,31.230322703522415]}},{"type":"Feature","properties":{"amenity_type":"playgrounds","name":"שצפ גימבורי נחל יהל"},"geometry":{"type":"Point","coordinates":[34.821925032662094,31.231975348731037]}},{"type":"Feature","properties":{"amenity_type":"playgrounds","name":"שצפ 915 נחל ציחור"},"geometry":{"type":"Point","coordinates":[34.81596107091731,31.234401047588886]}},{"type":"Feature","properties":{"amenity_type":"playgrounds","name":"שצפ 917 נחל חבר פינת נחל קדרון"},"geometry":{"type":"Point","coordinates":[34.818238991809466,31.231506162924745]}},{"type":"Feature","properties":{"amenity_type":"playgrounds","name":"שצפ 916 נחל משמר"},"geometry":{"type":"Point","coordinates":[34.81745232361244,31.233737379107218]}},{"type":"Feature","properties":{"amenity_type":"playgrounds","name":"שצפ 931 נחל קדרון  פינת נחל יהל"},"geometry":{"type":"Point","coordinates":[34.8211848320475,31.230970896374185]}},{"type":"Feature","properties":{"amenity_type":"playgrounds","name":"לונדע חיצוני"},"geometry":{"type":"Point","coordinates":[34.763240722820704,31.262306898586896]}},{"type":"Feature","properties":{"amenity_type":"playgrounds","name":"זריצקי כבאית"},"geometry":{"type":"Point","coordinates":[34.759820658519736,31.259727470554232]}},{"type":"Feature","properties":{"amenity_type":"playgrounds","name":"זריצקי פעוטות"},"geometry":{"type":"Point","coordinates":[34.760081178835584,31.258965953335217]}},{"type":"Feature","properties":{"amenity_type":"playgrounds","name":"פארק הילדים שטח גדול"},"geometry":{"type":"Point","coordinates":[34.76227607536038,31.261860928093594]}},{"type":"Feature","properties":{"amenity_type":"playgrounds","name":"פארק רמות. מתחם 1"},"geometry":{"type":"Point","coordinates":[34.80390025761257,31.277901500975283]}},{"type":"Feature","properties":{"amenity_type":"playgrounds","name":"פארק רמות.מתחם1"},"geometry":{"type":"Point","coordinates":[34.80433591052186,31.277901903879318]}},{"type":"Feature","properties":{"amenity_type":"playgrounds","name":"פארק רמות מתחם2"},"geometry":{"type":"Point","coordinates":[34.80517852693207,31.278381781027058]}},{"type":"Feature","properties":{"amenity_type":"playgrounds"},"geometry":{"type":"Point","coordinates":[34.8067309365138,31.27895357698355]}},{"type":"Feature","properties":{"amenity_type":"playgrounds"},"geometry":{"type":"Point","coordinates":[34.804501768144746,31.278102867750825]}},{"type":"Feature","properties":{"amenity_type":"playgrounds"},"geometry":{"type":"Point","coordinates":[34.80459101772312,31.278022012230426]}},{"type":"Feature","properties":{"amenity_type":"playgrounds"},"geometry":{"type":"Point","coordinates":[34.80584702120189,31.279041516418737]}},{"type":"Feature","properties":{"amenity_type":"playgrounds"},"geometry":{"type":"Point","coordinates":[34.80476821060954,31.27817051314975]}},{"type":"Feature","properties":{"amenity_type":"shelters","name":"ג/2"},"geometry":{"type":"Point","coordinates":[34.808145967338916,31.258954943504428]}},{"type":"Feature","properties":{"amenity_type":"shelters","name":"ג/1"},"geometry":{"type":"Point","coordinates":[34.807822997108005,31.25973126571637]}},{"type":"Feature","properties":{"amenity_type":"shelters","name":"ג/25"},"geometry":{"type":"Point","coordinates":[34.809299856502896,31.25918555096876]}},{"type":"Feature","properties":{"amenity_type":"shelters","name":"ג/33"},"geometry":{"type":"Point","coordinates":[34.809294912326514,31.2572411072763]}},{"type":"Feature","properties":{"amenity_type":"shelters","name":"ג/36"},"geometry":{"type":"Point","coordinates":[34.810906849011886,31.257415930097764]}},{"type":"Feature","properties":{"amenity_type":"shelters","name":"ג/3"},"geometry":{"type":"Point","coordinates":[34.810265983264145,31.2583602621999]}},{"type":"Feature","properties":{"amenity_type":"shelters","name":"ג/7"},"geometry":{"type":"Point","coordinates":[34.80555380811611,31.254182481689938]}},{"type":"Feature","properties":{"amenity_type":"shelters","name":"ג/23"},"geometry":{"type":"Point","coordinates":[34.80262496050696,31.255109244730605]}},{"type":"Feature","properties":{"amenity_type":"shelters","name":"ג/22"},"geometry":{"type":"Point","coordinates":[34.80440519843626,31.255581831321127]}},{"type":"Feature","properties":{"amenity_type":"shelters","name":"ג/39"},"geometry":{"type":"Point","coordinates":[34.809456515105836,31.253602393637582]}},{"type":"Feature","properties":{"amenity_type":"shelters","name":"ג/26"},"geometry":{"type":"Point","coordinates":[34.80748349809214,31.253669216236936]}},{"type":"Feature","properties":{"amenity_type":"shelters","name":"ג/31"},"geometry":{"type":"Point","coordinates":[34.80848660565795,31.25691746520659]}},{"type":"Feature","properties":{"amenity_type":"shelters","name":"מ/3"},"geometry":{"type":"Point","coordinates":[34.765052161366555,31.257011438298655]}},{"type":"Feature","properties":{"amenity_type":"shelters","name":"מ/5"},"geometry":{"type":"Point","coordinates":[34.76358017241585,31.25754422804854]}},{"type":"Feature","properties":{"amenity_type":"shelters","name":"מ/4"},"geometry":{"type":"Point","coordinates":[34.76277700354853,31.257482466669234]}},{"type":"Feature","properties":{"amenity_type":"shelters","name":"ו/8"},"geometry":{"type":"Point","coordinates":[34.7786060211776,31.270021730658268]}},{"type":"Feature","properties":{"amenity_type":"shelters","name":"ו/7"},"geometry":{"type":"Point","coordinates":[34.777638918850954,31.27022666657206]}},{"type":"Feature","properties":{"amenity_type":"shelters","name":"ו/6"},"geometry":{"type":"Point","coordinates":[34.77615923345532,31.269437387828397]}},{"type":"Feature","properties":{"amenity_type":"shelters","name":"ו/3"},"geometry":{"type":"Point","coordinates":[34.770070383204505,31.265784476902997]}},{"type":"Feature","properties":{"amenity_type":"shelters","name":"מ/6"},"geometry":{"type":"Point","coordinates":[34.78686001415872,31.259661616892007]}},{"type":"Feature","properties":{"amenity_type":"shelters","name":"ד/9"},"geometry":{"type":"Point","coordinates":[34.79502115262165,31.26466712787963]}},{"type":"Feature","properties":{"amenity_type":"shelters","name":"ד/37"},"geometry":{"type":"Point","coordinates":[34.79970402848355,31.266857495502727]}},{"type":"Feature","properties":{"amenity_type":"shelters","name":"ד/40"},"geometry":{"type":"Point","coordinates":[34.794012465265006,31.26036822697042]}},{"type":"Feature","properties":{"amenity_type":"shelters","name":"ד/30"},"geometry":{"type":"Point","coordinates":[34.79155235547009,31.25954205563352]}},{"type":"Feature","properties":{"amenity_type":"shelters","name":"ד/44"},"geometry":{"type":"Point","coordinates":[34.79061053535216,31.262699045109756]}},{"type":"Feature","properties":{"amenity_type":"shelters","name":"ד/21"},"geometry":{"type":"Point","coordinates":[34.79062105704303,31.263725222355006]}},{"type":"Feature","properties":{"amenity_type":"shelters","name":"ד/38"},"geometry":{"type":"Point","coordinates":[34.79266807011009,31.26187911170808]}},{"type":"Feature","properties":{"amenity_type":"shelters","name":"ד/29"},"geometry":{"type":"Point","coordinates":[34.79224606204581,31.263746381754338]}},{"type":"Feature","properties":{"amenity_type":"shelters","name":"ד/45"},"geometry":{"type":"Point","coordinates":[34.7926807084604,31.263200645886386]}},{"type":"Feature","properties":{"amenity_type":"shelters","name":"ד/39"},"geometry":{"type":"Point","coordinates":[34.79267539967517,31.263440618636743]}},{"type":"Feature","properties":{"amenity_type":"shelters","name":"ד/13"},"geometry":{"type":"Point","coordinates":[34.790454987825036,31.26236879175279]}},{"type":"Feature","properties":{"amenity_type":"shelters","name":"ד/35"},"geometry":{"type":"Point","coordinates":[34.78827488091601,31.270794178246636]}},{"type":"Feature","properties":{"amenity_type":"shelters","name":"ד/55"},"geometry":{"type":"Point","coordinates":[34.78669540145535,31.27113581640865]}},{"type":"Feature","properties":{"amenity_type":"shelters","name":"ד/52"},"geometry":{"type":"Point","coordinates":[34.785534468845995,31.270661807025892]}},{"type":"Feature","properties":{"amenity_type":"shelters","name":"ד/54"},"geometry":{"type":"Point","coordinates":[34.78513711120484,31.271210890819464]}},{"type":"Feature","properties":{"amenity_type":"shelters","name":"ד/56"},"geometry":{"type":"Point","coordinates":[34.78700178889702,31.271799187772483]}},{"type":"Feature","properties":{"amenity_type":"shelters","name":"ד/58"},"geometry":{"type":"Point","coordinates":[34.78752030859281,31.272021690253546]}},{"type":"Feature","properties":{"amenity_type":"shelters","name":"ד/2"},"geometry":{"type":"Point","coordinates":[34.79384309372695,31.27254883190872]}},{"type":"Feature","properties":{"amenity_type":"shelters","name":"ד/46"},"geometry":{"type":"Point","coordinates":[34.794039545931575,31.270341349705443]}},{"type":"Feature","properties":{"amenity_type":"shelters","name":"ד/49"},"geometry":{"type":"Point","coordinates":[34.801381525725645,31.26667293569399]}},{"type":"Feature","properties":{"amenity_type":"shelters","name":"ד/11"},"geometry":{"type":"Point","coordinates":[34.79209324398811,31.26274809259949]}},{"type":"Feature","properties":{"amenity_type":"shelters","name":"א/10"},"geometry":{"type":"Point","coordinates":[34.79557396371419,31.24552893165642]}},{"type":"Feature","properties":{"amenity_type":"shelters","name":"א/18"},"geometry":{"type":"Point","coordinates":[34.79702863157027,31.248930355811957]}},{"type":"Feature","properties":{"amenity_type":"shelters","name":"א/9"},"geometry":{"type":"Point","coordinates":[34.796969134816045,31.250124949071484]}},{"type":"Feature","properties":{"amenity_type":"shelters","name":"א/17"},"geometry":{"type":"Point","coordinates":[34.79359359978899,31.245855443930193]}},{"type":"Feature","properties":{"amenity_type":"shelters","name":"א/1"},"geometry":{"type":"Point","coordinates":[34.79142642850955,31.24670479244112]}},{"type":"Feature","properties":{"amenity_type":"shelters","name":"א/12"},"geometry":{"type":"Point","coordinates":[34.78482222900412,31.247928594883405]}},{"type":"Feature","properties":{"amenity_type":"shelters","name":"א/5"},"geometry":{"type":"Point","coordinates":[34.7875150887024,31.24777750108642]}},{"type":"Feature","properties":{"amenity_type":"shelters","name":"א/16"},"geometry":{"type":"Point","coordinates":[34.78728687184653,31.24929999314711]}},{"type":"Feature","properties":{"amenity_type":"shelters","name":"א/4"},"geometry":{"type":"Point","coordinates":[34.785646215029544,31.250111980042846]}},{"type":"Feature","properties":{"amenity_type":"shelters","name":"ה/9"},"geometry":{"type":"Point","coordinates":[34.77935382569157,31.248661761757166]}},{"type":"Feature","properties":{"amenity_type":"shelters","name":"ה/13"},"geometry":{"type":"Point","coordinates":[34.77955082244453,31.248547118503765]}},{"type":"Feature","properties":{"amenity_type":"shelters","name":"ה/6"},"geometry":{"type":"Point","coordinates":[34.784057972730835,31.251782567226396]}},{"type":"Feature","properties":{"amenity_type":"shelters","name":"ה/12"},"geometry":{"type":"Point","coordinates":[34.782794412141065,31.251809815542558]}},{"type":"Feature","properties":{"amenity_type":"shelters","name":"ה/11"},"geometry":{"type":"Point","coordinates":[34.777859766202255,31.250882277576796]}},{"type":"Feature","properties":{"amenity_type":"shelters","name":"ה/2"},"geometry":{"type":"Point","coordinates":[34.78253628932912,31.253442151016316]}},{"type":"Feature","properties":{"amenity_type":"shelters","name":"בא/2"},"geometry":{"type":"Point","coordinates":[34.783185300014864,31.257820295637885]}},{"type":"Feature","properties":{"amenity_type":"shelters","name":"ב/8"},"geometry":{"type":"Point","coordinates":[34.79001653256848,31.2539631980779]}},{"type":"Feature","properties":{"amenity_type":"shelters","name":"ב/9"},"geometry":{"type":"Point","coordinates":[34.796301310332986,31.255848077291063]}},{"type":"Feature","properties":{"amenity_type":"shelters","name":"ר/11"},"geometry":{"type":"Point","coordinates":[34.806169574269084,31.270951840778622]}},{"type":"Feature","properties":{"amenity_type":"shelters","name":"ר/4"},"geometry":{"type":"Point","coordinates":[34.80885244992665,31.271141644685958]}},{"type":"Feature","properties":{"amenity_type":"shelters","name":"רמות/5"},"geometry":{"type":"Point","coordinates":[34.809516676957045,31.270292872086547]}},{"type":"Feature","properties":{"amenity_type":"shelters","name":"ר/3"},"geometry":{"type":"Point","coordinates":[34.808535057107065,31.269918992776013]}},{"type":"Feature","properties":{"amenity_type":"shelters","name":"רמות/4"},"geometry":{"type":"Point","coordinates":[34.809288704516064,31.269758863132935]}},{"type":"Feature","properties":{"amenity_type":"shelters","name":"רמות/3"},"geometry":{"type":"Point","coordinates":[34.809057477386546,31.269240361329356]}},{"type":"Feature","properties":{"amenity_type":"shelters","name":"ר/9"},"geometry":{"type":"Point","coordinates":[34.8067054464197,31.269926267533414]}},{"type":"Feature","properties":{"amenity_type":"shelters","name":"רמות/2"},"geometry":{"type":"Point","coordinates":[34.80884069794948,31.268716259918232]}},{"type":"Feature","properties":{"amenity_type":"shelters","name":"רמות/1"},"geometry":{"type":"Point","coordinates":[34.80861202595644,31.268188908015837]}},{"type":"Feature","properties":{"amenity_type":"shelters","name":"ר/1"},"geometry":{"type":"Point","coordinates":[34.807844356568545,31.268281300223578]}},{"type":"Feature","properties":{"amenity_type":"shelters","name":"ר/13"},"geometry":{"type":"Point","coordinates":[34.80425467076597,31.27063131013379]}},{"type":"Feature","properties":{"amenity_type":"shelters","name":"ר/16"},"geometry":{"type":"Point","coordinates":[34.8003714171728,31.273167617748033]}},{"type":"Feature","properties":{"amenity_type":"shelters","name":"רמות/8"},"geometry":{"type":"Point","coordinates":[34.8087981693856,31.273270463269906]}},{"type":"Feature","properties":{"amenity_type":"shelters","name":"רמות/9"},"geometry":{"type":"Point","coordinates":[34.80843815494994,31.273728423555458]}},{"type":"Feature","properties":{"amenity_type":"shelters","name":"רמות/7"},"geometry":{"type":"Point","coordinates":[34.80917589615931,31.272810251978026]}},{"type":"Feature","properties":{"amenity_type":"shelters","name":"רמות/10"},"geometry":{"type":"Point","coordinates":[34.80806690774586,31.274185734133905]}},{"type":"Feature","properties":{"amenity_type":"shelters","name":"רמות/11"},"geometry":{"type":"Point","coordinates":[34.80772229974731,31.27459340213094]}},{"type":"Feature","properties":{"amenity_type":"shelters","name":"רמות/6"},"geometry":{"type":"Point","coordinates":[34.809553001052336,31.272330319788562]}},{"type":"Feature","properties":{"amenity_type":"shelters","name":"ר/22"},"geometry":{"type":"Point","coordinates":[34.80686223762604,31.273879383162623]}},{"type":"Feature","properties":{"amenity_type":"shelters","name":"ר/20"},"geometry":{"type":"Point","coordinates":[34.80643401337243,31.274412149962007]}},{"type":"Feature","properties":{"amenity_type":"shelters","name":"ר/14"},"geometry":{"type":"Point","coordinates":[34.803656958360364,31.271640706435555]}},{"type":"Feature","properties":{"amenity_type":"shelters","name":"ר/19"},"geometry":{"type":"Point","coordinates":[34.802708261930285,31.272899969714572]}},{"type":"Feature","properties":{"amenity_type":"shelters","name":"ר/25"},"geometry":{"type":"Point","coordinates":[34.80266402652423,31.275651784230792]}},{"type":"Feature","properties":{"amenity_type":"shelters","name":"ר/18"},"geometry":{"type":"Point","coordinates":[34.802377963585236,31.274063986200428]}},{"type":"Feature","properties":{"amenity_type":"shelters","name":"ר/24"},"geometry":{"type":"Point","coordinates":[34.80249834644455,31.274568578701725]}},{"type":"Feature","properties":{"amenity_type":"shelters","name":"ר/21"},"geometry":{"type":"Point","coordinates":[34.80405680722207,31.274533044571974]}},{"type":"Feature","properties":{"amenity_type":"shelters","name":"ר/15"},"geometry":{"type":"Point","coordinates":[34.802296423025695,31.27143028790218]}},{"type":"Feature","properties":{"amenity_type":"shelters","name":"ר/12"},"geometry":{"type":"Point","coordinates":[34.805449567179124,31.271781909014226]}},{"type":"Feature","properties":{"amenity_type":"shelters","name":"רמות/12"},"geometry":{"type":"Point","coordinates":[34.80737034790832,31.275077218270553]}},{"type":"Feature","properties":{"amenity_type":"shelters","name":"רמות/13"},"geometry":{"type":"Point","coordinates":[34.8069464329179,31.275525563152407]}},{"type":"Feature","properties":{"amenity_type":"shelters","name":"רמות/14"},"geometry":{"type":"Point","coordinates":[34.80642249007878,31.275865882521316]}},{"type":"Feature","properties":{"amenity_type":"shelters","name":"נע/22"},"geometry":{"type":"Point","coordinates":[34.76036106523766,31.264866508048854]}},{"type":"Feature","properties":{"amenity_type":"shelters","name":"נע/10"},"geometry":{"type":"Point","coordinates":[34.76384326449595,31.27004011774063]}},{"type":"Feature","properties":{"amenity_type":"shelters","name":"נע/17"},"geometry":{"type":"Point","coordinates":[34.765552646817476,31.26587717181038]}},{"type":"Feature","properties":{"amenity_type":"shelters","name":"נע/16"},"geometry":{"type":"Point","coordinates":[34.76635230245855,31.26692491848716]}},{"type":"Feature","properties":{"amenity_type":"shelters","name":"נע/12"},"geometry":{"type":"Point","coordinates":[34.76082707871192,31.269719507108196]}},{"type":"Feature","properties":{"amenity_type":"shelters","name":"נע/9"},"geometry":{"type":"Point","coordinates":[34.763004769360094,31.270367717779955]}},{"type":"Feature","properties":{"amenity_type":"shelters","name":"נע/23"},"geometry":{"type":"Point","coordinates":[34.759776649069906,31.266511658249406]}},{"type":"Feature","properties":{"amenity_type":"shelters","name":"נע/21"},"geometry":{"type":"Point","coordinates":[34.76103837638249,31.266067930389454]}},{"type":"Feature","properties":{"amenity_type":"shelters","name":"בקע/2"},"geometry":{"type":"Point","coordinates":[34.77547176484048,31.22143708482192]}},{"type":"Feature","properties":{"amenity_type":"shelters","name":"בקע/15"},"geometry":{"type":"Point","coordinates":[34.778832113865285,31.22410046422109]}},{"type":"Feature","properties":{"amenity_type":"shelters","name":"בקע/10"},"geometry":{"type":"Point","coordinates":[34.777341795774916,31.22352350054519]}},{"type":"Feature","properties":{"amenity_type":"shelters","name":"בקע/14"},"geometry":{"type":"Point","coordinates":[34.77853175902876,31.225769960633418]}},{"type":"Feature","properties":{"amenity_type":"shelters","name":"בקע/5"},"geometry":{"type":"Point","coordinates":[34.77259812502504,31.221961079326906]}},{"type":"Feature","properties":{"amenity_type":"shelters","name":"בקע/1"},"geometry":{"type":"Point","coordinates":[34.77365569114526,31.219693331761412]}},{"type":"Feature","properties":{"amenity_type":"shelters","name":"בקע/4"},"geometry":{"type":"Point","coordinates":[34.77174702305486,31.221172199194406]}},{"type":"Feature","properties":{"amenity_type":"shelters","name":"בקע/11"},"geometry":{"type":"Point","coordinates":[34.77560053717677,31.2248492630622]}},{"type":"Feature","properties":{"amenity_type":"shelters","name":"בקע/13"},"geometry":{"type":"Point","coordinates":[34.78016688026572,31.223936856352513]}},{"type":"Feature","properties":{"amenity_type":"shelters","name":"בקע/16"},"geometry":{"type":"Point","coordinates":[34.780201066822194,31.22611728952357]}},{"type":"Feature","properties":{"amenity_type":"shelters","name":"בקע/8"},"geometry":{"type":"Point","coordinates":[34.776262938768916,31.222958008558315]}},{"type":"Feature","properties":{"amenity_type":"shelters","name":"בקע/9"},"geometry":{"type":"Point","coordinates":[34.77524020976292,31.223742873045943]}},{"type":"Feature","properties":{"amenity_type":"shelters","name":"בקע/3"},"geometry":{"type":"Point","coordinates":[34.77428980681423,31.220913257789753]}},{"type":"Feature","properties":{"amenity_type":"shelters","name":"בקע/6"},"geometry":{"type":"Point","coordinates":[34.77354749650106,31.222913746484444]}},{"type":"Feature","properties":{"amenity_type":"shelters","name":"נ/2"},"geometry":{"type":"Point","coordinates":[34.79230634663218,31.23211487056535]}},{"type":"Feature","properties":{"amenity_type":"shelters","name":"נ/1"},"geometry":{"type":"Point","coordinates":[34.78027101460092,31.232373184641634]}},{"type":"Feature","properties":{"amenity_type":"shelters","name":"רסקו/2"},"geometry":{"type":"Point","coordinates":[34.77967027572315,31.243059148905235]}},{"type":"Feature","properties":{"amenity_type":"shelters","name":"ע/9"},"geometry":{"type":"Point","coordinates":[34.784312239309656,31.235852857729018]}},{"type":"Feature","properties":{"amenity_type":"shelters","name":"ע/2"},"geometry":{"type":"Point","coordinates":[34.78465730101302,31.238743026705222]}},{"type":"Feature","properties":{"amenity_type":"shelters","name":"ע/1"},"geometry":{"type":"Point","coordinates":[34.781686723796405,31.237001367441405]}},{"type":"Feature","properties":{"amenity_type":"shelters","name":"א/7"},"geometry":{"type":"Point","coordinates":[34.792429964688836,31.248195276397585]}},{"type":"Feature","properties":{"amenity_type":"shelters","name":"א/14"},"geometry":{"type":"Point","coordinates":[34.7867441339918,31.251428113520156]}},{"type":"Feature","properties":{"amenity_type":"shelters","name":"א/13"},"geometry":{"type":"Point","coordinates":[34.78991536324697,31.250375442891148]}},{"type":"Feature","properties":{"amenity_type":"shelters","name":"א/3"},"geometry":{"type":"Point","coordinates":[34.7890602971219,31.25042951187835]}},{"type":"Feature","properties":{"amenity_type":"shelters","name":"א/15"},"geometry":{"type":"Point","coordinates":[34.787884808120836,31.251744519129012]}},{"type":"Feature","properties":{"amenity_type":"shelters","name":"א/6"},"geometry":{"type":"Point","coordinates":[34.79414509479243,31.246089589756938]}},{"type":"Feature","properties":{"amenity_type":"shelters","name":"א/8"},"geometry":{"type":"Point","coordinates":[34.7944847518868,31.250566941335382]}},{"type":"Feature","properties":{"amenity_type":"shelters","name":"ב/11"},"geometry":{"type":"Point","coordinates":[34.7902861515033,31.255572343238033]}},{"type":"Feature","properties":{"amenity_type":"shelters","name":"ב/3"},"geometry":{"type":"Point","coordinates":[34.7959203382916,31.25663270492316]}},{"type":"Feature","properties":{"amenity_type":"shelters","name":"ב/4"},"geometry":{"type":"Point","coordinates":[34.794104008820575,31.25489339783414]}},{"type":"Feature","properties":{"amenity_type":"shelters","name":"ב/10"},"geometry":{"type":"Point","coordinates":[34.795334903174776,31.25722628613479]}},{"type":"Feature","properties":{"amenity_type":"shelters","name":"ב/1"},"geometry":{"type":"Point","coordinates":[34.78907583640685,31.254537636112023]}},{"type":"Feature","properties":{"amenity_type":"shelters","name":"ב/6"},"geometry":{"type":"Point","coordinates":[34.793838635209326,31.25650412167552]}},{"type":"Feature","properties":{"amenity_type":"shelters","name":"ב/5"},"geometry":{"type":"Point","coordinates":[34.79643565349042,31.254967491817006]}},{"type":"Feature","properties":{"amenity_type":"shelters","name":"ב/7"},"geometry":{"type":"Point","coordinates":[34.78922627413921,31.2574535762845]}},{"type":"Feature","properties":{"amenity_type":"shelters","name":"בא/1"},"geometry":{"type":"Point","coordinates":[34.781479366237,31.257860726016517]}},{"type":"Feature","properties":{"amenity_type":"shelters","name":"בא/3"},"geometry":{"type":"Point","coordinates":[34.78358761430414,31.2578418405485]}},{"type":"Feature","properties":{"amenity_type":"shelters","name":"בקע/7"},"geometry":{"type":"Point","coordinates":[34.77508956606964,31.222592843101765]}},{"type":"Feature","properties":{"amenity_type":"shelters","name":"בקע/12"},"geometry":{"type":"Point","coordinates":[34.78084942476036,31.224500613364423]}},{"type":"Feature","properties":{"amenity_type":"shelters","name":"רסקו/1"},"geometry":{"type":"Point","coordinates":[34.78175379952095,31.242620622590398]}},{"type":"Feature","properties":{"amenity_type":"shelters","name":"ע/7"},"geometry":{"type":"Point","coordinates":[34.78154931935588,31.240184241626324]}},{"type":"Feature","properties":{"amenity_type":"shelters","name":"ע/4"},"geometry":{"type":"Point","coordinates":[34.78327581633234,31.239897241044346]}},{"type":"Feature","properties":{"amenity_type":"shelters","name":"נע/14"},"geometry":{"type":"Point","coordinates":[34.762282701178435,31.267881397182677]}},{"type":"Feature","properties":{"amenity_type":"shelters","name":"נע/20"},"geometry":{"type":"Point","coordinates":[34.762574488767164,31.26376604713141]}},{"type":"Feature","properties":{"amenity_type":"shelters","name":"נע/1"},"geometry":{"type":"Point","coordinates":[34.771717486749644,31.27017276487302]}},{"type":"Feature","properties":{"amenity_type":"shelters","name":"נע/2"},"geometry":{"type":"Point","coordinates":[34.77088925932731,31.26981151821831]}},{"type":"Feature","properties":{"amenity_type":"shelters","name":"נע/19"},"geometry":{"type":"Point","coordinates":[34.76354695085983,31.265081001289566]}},{"type":"Feature","properties":{"amenity_type":"shelters","name":"נע/13"},"geometry":{"type":"Point","coordinates":[34.76184088194757,31.269001010957915]}},{"type":"Feature","properties":{"amenity_type":"shelters","name":"נע/15"},"geometry":{"type":"Point","coordinates":[34.76439489462015,31.26810615586006]}},{"type":"Feature","properties":{"amenity_type":"shelters","name":"נע/11"},"geometry":{"type":"Point","coordinates":[34.764804403852985,31.269313259899803]}},{"type":"Feature","properties":{"amenity_type":"shelters","name":"נע/24"},"geometry":{"type":"Point","coordinates":[34.75771279124852,31.265649502992012]}},{"type":"Feature","properties":{"amenity_type":"shelters","name":"נע/4"},"geometry":{"type":"Point","coordinates":[34.77091089826681,31.270889204077136]}},{"type":"Feature","properties":{"amenity_type":"shelters","name":"נע/8"},"geometry":{"type":"Point","coordinates":[34.76560466019723,31.272140240390232]}},{"type":"Feature","properties":{"amenity_type":"shelters","name":"נע/18"},"geometry":{"type":"Point","coordinates":[34.76431149142142,31.264439561471427]}},{"type":"Feature","properties":{"amenity_type":"shelters","name":"נע/7"},"geometry":{"type":"Point","coordinates":[34.76747902907777,31.271164539217796]}},{"type":"Feature","properties":{"amenity_type":"shelters","name":"נע/5"},"geometry":{"type":"Point","coordinates":[34.769461362080136,31.271517268203347]}},{"type":"Feature","properties":{"amenity_type":"shelters","name":"מ/1"},"geometry":{"type":"Point","coordinates":[34.77323719565557,31.25663412410331]}},{"type":"Feature","properties":{"amenity_type":"shelters","name":"מ/2"},"geometry":{"type":"Point","coordinates":[34.773346890779834,31.257037360256533]}},{"type":"Feature","properties":{"amenity_type":"shelters","name":"ר/10"},"geometry":{"type":"Point","coordinates":[34.80522516150177,31.269602379175563]}},{"type":"Feature","properties":{"amenity_type":"shelters","name":"ר/23"},"geometry":{"type":"Point","coordinates":[34.805199027630856,31.275217379618216]}},{"type":"Feature","properties":{"amenity_type":"shelters","name":"ר/17"},"geometry":{"type":"Point","coordinates":[34.80082247095611,31.274177224097254]}},{"type":"Feature","properties":{"amenity_type":"shelters","name":"ר/2"},"geometry":{"type":"Point","coordinates":[34.80823841543153,31.269045252212514]}},{"type":"Feature","properties":{"amenity_type":"shelters","name":"ר/7"},"geometry":{"type":"Point","coordinates":[34.8066525107007,31.272341899183438]}},{"type":"Feature","properties":{"amenity_type":"shelters","name":"ג/43"},"geometry":{"type":"Point","coordinates":[34.808783254615705,31.259744813445664]}},{"type":"Feature","properties":{"amenity_type":"shelters","name":"ג/46"},"geometry":{"type":"Point","coordinates":[34.80191617084978,31.250643525708515]}},{"type":"Feature","properties":{"amenity_type":"shelters","name":"ג/11"},"geometry":{"type":"Point","coordinates":[34.806505818058945,31.251614306474327]}},{"type":"Feature","properties":{"amenity_type":"shelters","name":"ג/12"},"geometry":{"type":"Point","coordinates":[34.80994528290213,31.252468298843006]}},{"type":"Feature","properties":{"amenity_type":"shelters","name":"ג/29"},"geometry":{"type":"Point","coordinates":[34.80805782364616,31.248597523109876]}},{"type":"Feature","properties":{"amenity_type":"shelters","name":"ה/1"},"geometry":{"type":"Point","coordinates":[34.77796623670393,31.255387269457998]}},{"type":"Feature","properties":{"amenity_type":"shelters","name":"ה/5"},"geometry":{"type":"Point","coordinates":[34.782551725422934,31.24895569676496]}},{"type":"Feature","properties":{"amenity_type":"shelters","name":"ו/2"},"geometry":{"type":"Point","coordinates":[34.770717378912344,31.266944976830235]}},{"type":"Feature","properties":{"amenity_type":"shelters","name":"ו/4"},"geometry":{"type":"Point","coordinates":[34.772250608386315,31.268225009352236]}},{"type":"Feature","properties":{"amenity_type":"shelters","name":"ו/5"},"geometry":{"type":"Point","coordinates":[34.77482594962675,31.26924567303019]}},{"type":"Feature","properties":{"amenity_type":"shelters","name":"ה/4"},"geometry":{"type":"Point","coordinates":[34.77911326194498,31.250737626822627]}},{"type":"Feature","properties":{"amenity_type":"shelters","name":"ד/7"},"geometry":{"type":"Point","coordinates":[34.79480131734758,31.268033429980882]}},{"type":"Feature","properties":{"amenity_type":"shelters","name":"ד/47"},"geometry":{"type":"Point","coordinates":[34.797022241406474,31.267903446348612]}},{"type":"Feature","properties":{"amenity_type":"shelters","name":"ד/42"},"geometry":{"type":"Point","coordinates":[34.79493875995355,31.267106168983027]}},{"type":"Feature","properties":{"amenity_type":"shelters","name":"ד/17"},"geometry":{"type":"Point","coordinates":[34.7969565660553,31.260953311973655]}},{"type":"Feature","properties":{"amenity_type":"shelters","name":"ד/32"},"geometry":{"type":"Point","coordinates":[34.79651867661202,31.260423334434062]}},{"type":"Feature","properties":{"amenity_type":"shelters","name":"ד/16"},"geometry":{"type":"Point","coordinates":[34.79527007597147,31.261107583268434]}},{"type":"Feature","properties":{"amenity_type":"shelters","name":"ד/18"},"geometry":{"type":"Point","coordinates":[34.793475794023024,31.260222877878373]}},{"type":"Feature","properties":{"amenity_type":"shelters","name":"ד/15"},"geometry":{"type":"Point","coordinates":[34.792850775974415,31.260792642948623]}},{"type":"Feature","properties":{"amenity_type":"shelters","name":"ד/41"},"geometry":{"type":"Point","coordinates":[34.79286686415917,31.258893192115657]}},{"type":"Feature","properties":{"amenity_type":"shelters","name":"ד/31"},"geometry":{"type":"Point","coordinates":[34.79389127276886,31.26684505044961]}},{"type":"Feature","properties":{"amenity_type":"shelters","name":"ד/33"},"geometry":{"type":"Point","coordinates":[34.79517926228848,31.26424856561277]}},{"type":"Feature","properties":{"amenity_type":"shelters","name":"ד/23"},"geometry":{"type":"Point","coordinates":[34.79700467579373,31.264361239661525]}},{"type":"Feature","properties":{"amenity_type":"shelters","name":"ד/10"},"geometry":{"type":"Point","coordinates":[34.79439590532803,31.262611677668932]}},{"type":"Feature","properties":{"amenity_type":"shelters","name":"ד/22"},"geometry":{"type":"Point","coordinates":[34.79735804547128,31.262564557691913]}},{"type":"Feature","properties":{"amenity_type":"shelters","name":"ד/20"},"geometry":{"type":"Point","coordinates":[34.792929113913594,31.26629027546776]}},{"type":"Feature","properties":{"amenity_type":"shelters","name":"ע/3"},"geometry":{"type":"Point","coordinates":[34.78542349511,31.23780566361049]}},{"type":"Feature","properties":{"amenity_type":"shelters","name":"ע/6"},"geometry":{"type":"Point","coordinates":[34.78892953798082,31.237132417661947]}},{"type":"Feature","properties":{"amenity_type":"shelters","name":"ג/19"},"geometry":{"type":"Point","coordinates":[34.80487731961563,31.25223381058151]}},{"type":"Feature","properties":{"amenity_type":"shelters","name":"ג/37"},"geometry":{"type":"Point","coordinates":[34.81002763178602,31.255063806794126]}},{"type":"Feature","properties":{"amenity_type":"shelters","name":"ג/38"},"geometry":{"type":"Point","coordinates":[34.80864752894545,31.255472856217107]}},{"type":"Feature","properties":{"amenity_type":"shelters","name":"ד/60"},"geometry":{"type":"Point","coordinates":[34.78332778238885,31.270945399835238]}},{"type":"Feature","properties":{"amenity_type":"shelters","name":"ד/59"},"geometry":{"type":"Point","coordinates":[34.784971431416935,31.2697220902765]}},{"type":"Feature","properties":{"amenity_type":"shelters","name":"א/2"},"geometry":{"type":"Point","coordinates":[34.795930425473166,31.248835008289895]}},{"type":"Feature","properties":{"amenity_type":"shelters","name":"ג/14"},"geometry":{"type":"Point","coordinates":[34.80507086053052,31.250130980465826]}},{"type":"Feature","properties":{"amenity_type":"shelters","name":"ג/15"},"geometry":{"type":"Point","coordinates":[34.8027733875017,31.250049792435192]}},{"type":"Feature","properties":{"amenity_type":"shelters","name":"ג/16"},"geometry":{"type":"Point","coordinates":[34.80608485930513,31.24864015641744]}},{"type":"Feature","properties":{"amenity_type":"shelters","name":"ג/17"},"geometry":{"type":"Point","coordinates":[34.80427613286586,31.248195794878956]}},{"type":"Feature","properties":{"amenity_type":"shelters","name":"ג/18"},"geometry":{"type":"Point","coordinates":[34.80719546891019,31.247579396837352]}},{"type":"Feature","properties":{"amenity_type":"shelters","name":"ג/20"},"geometry":{"type":"Point","coordinates":[34.8113942977003,31.252850145013905]}},{"type":"Feature","properties":{"amenity_type":"shelters","name":"ג/21"},"geometry":{"type":"Point","coordinates":[34.80611661425108,31.256180084384035]}},{"type":"Feature","properties":{"amenity_type":"shelters","name":"ג/24"},"geometry":{"type":"Point","coordinates":[34.80649901776152,31.25022130334216]}},{"type":"Feature","properties":{"amenity_type":"shelters","name":"ג/27"},"geometry":{"type":"Point","coordinates":[34.81030799355514,31.25609626343478]}},{"type":"Feature","properties":{"amenity_type":"shelters","name":"ג/28"},"geometry":{"type":"Point","coordinates":[34.803626909239576,31.25097788225762]}},{"type":"Feature","properties":{"amenity_type":"shelters","name":"ג/13"},"geometry":{"type":"Point","coordinates":[34.8085301175289,31.249649375232103]}},{"type":"Feature","properties":{"amenity_type":"shelters","name":"ג/42"},"geometry":{"type":"Point","coordinates":[34.81116523681996,31.258086527810462]}},{"type":"Feature","properties":{"amenity_type":"shelters","name":"ג/35"},"geometry":{"type":"Point","coordinates":[34.80977442990532,31.258952091622753]}},{"type":"Feature","properties":{"amenity_type":"shelters","name":"ג/34"},"geometry":{"type":"Point","coordinates":[34.809374985699314,31.25805593759703]}},{"type":"Feature","properties":{"amenity_type":"shelters","name":"ג/5"},"geometry":{"type":"Point","coordinates":[34.80794871125675,31.255522673542462]}},{"type":"Feature","properties":{"amenity_type":"shelters","name":"ג/4"},"geometry":{"type":"Point","coordinates":[34.8102656490852,31.257091476215415]}},{"type":"Feature","properties":{"amenity_type":"shelters","name":"ג/8"},"geometry":{"type":"Point","coordinates":[34.80702212781103,31.254854278230805]}},{"type":"Feature","properties":{"amenity_type":"shelters","name":"ג/6"},"geometry":{"type":"Point","coordinates":[34.80345093500438,31.254468218594713]}},{"type":"Feature","properties":{"amenity_type":"shelters","name":"ג/45"},"geometry":{"type":"Point","coordinates":[34.80853693799881,31.246508823537138]}},{"type":"Feature","properties":{"amenity_type":"shelters","name":"ג/30"},"geometry":{"type":"Point","coordinates":[34.80279256940813,31.25200873714032]}},{"type":"Feature","properties":{"amenity_type":"shelters","name":"ד/12"},"geometry":{"type":"Point","coordinates":[34.79367930925649,31.26153593161557]}},{"type":"Feature","properties":{"amenity_type":"shelters","name":"ד/28"},"geometry":{"type":"Point","coordinates":[34.79555014404317,31.272102499642056]}},{"type":"Feature","properties":{"amenity_type":"shelters","name":"ד/4"},"geometry":{"type":"Point","coordinates":[34.7935176147662,31.27090776737216]}},{"type":"Feature","properties":{"amenity_type":"shelters","name":"ד/14"},"geometry":{"type":"Point","coordinates":[34.79185031444699,31.26159428561924]}},{"type":"Feature","properties":{"amenity_type":"shelters","name":"ד/24"},"geometry":{"type":"Point","coordinates":[34.79986082048914,31.26490954375816]}},{"type":"Feature","properties":{"amenity_type":"shelters","name":"ד/25"},"geometry":{"type":"Point","coordinates":[34.80111943525958,31.26578527681251]}},{"type":"Feature","properties":{"amenity_type":"shelters","name":"ד/36"},"geometry":{"type":"Point","coordinates":[34.80117893069414,31.2688248356779]}},{"type":"Feature","properties":{"amenity_type":"shelters","name":"ד/27"},"geometry":{"type":"Point","coordinates":[34.79227674227794,31.268240260003857]}},{"type":"Feature","properties":{"amenity_type":"shelters","name":"ד/34"},"geometry":{"type":"Point","coordinates":[34.7968938504685,31.270648686161422]}},{"type":"Feature","properties":{"amenity_type":"shelters","name":"ד/3"},"geometry":{"type":"Point","coordinates":[34.79469822725987,31.271364443430727]}},{"type":"Feature","properties":{"amenity_type":"shelters","name":"ג/9"},"geometry":{"type":"Point","coordinates":[34.8086048132729,31.25470525326748]}},{"type":"Feature","properties":{"amenity_type":"shelters","name":"ג/44"},"geometry":{"type":"Point","coordinates":[34.80680159487553,31.25700684430704]}},{"type":"Feature","properties":{"amenity_type":"shelters","name":"ט/1"},"geometry":{"type":"Point","coordinates":[34.77651919133939,31.246528329410303]}},{"type":"Feature","properties":{"amenity_type":"shelters","name":"ד/5"},"geometry":{"type":"Point","coordinates":[34.792872544303506,31.26914209970854]}},{"type":"Feature","properties":{"amenity_type":"shelters","name":"ע/5"},"geometry":{"type":"Point","coordinates":[34.791001560736184,31.244327782572363]}},{"type":"Feature","properties":{"amenity_type":"shelters","name":"נ/3"},"geometry":{"type":"Point","coordinates":[34.79348970300556,31.231366662667696]}},{"type":"Feature","properties":{"amenity_type":"shelters","name":"ד/48"},"geometry":{"type":"Point","coordinates":[34.79539495481618,31.269144316922397]}},{"type":"Feature","properties":{"amenity_type":"shelters","name":"ד/6"},"geometry":{"type":"Point","coordinates":[34.79478466600861,31.26929923180576]}},{"type":"Feature","properties":{"amenity_type":"shelters","name":"ד/53"},"geometry":{"type":"Point","coordinates":[34.78675420938031,31.270244739154407]}},{"type":"Feature","properties":{"amenity_type":"shelters","name":"מ/7"},"geometry":{"type":"Point","coordinates":[34.785663534904174,31.25951051395672]}},{"type":"Feature","properties":{"amenity_type":"shelters","name":"ד/43"},"geometry":{"type":"Point","coordinates":[34.79558446975501,31.26999690370636]}},{"type":"Feature","properties":{"amenity_type":"shelters","name":"ב/2"},"geometry":{"type":"Point","coordinates":[34.79132730744046,31.25642374853131]}},{"type":"Feature","properties":{"amenity_type":"shelters","name":"ה/14"},"geometry":{"type":"Point","coordinates":[34.77958758165576,31.24785183601384]}},{"type":"Feature","properties":{"amenity_type":"shelters","name":"ה/15"},"geometry":{"type":"Point","coordinates":[34.78093967254585,31.248090956078872]}},{"type":"Feature","properties":{"amenity_type":"shelters","name":"ה/10"},"geometry":{"type":"Point","coordinates":[34.77891234551176,31.25474915565251]}},{"type":"Feature","properties":{"amenity_type":"shelters","name":"ד/8"},"geometry":{"type":"Point","coordinates":[34.794804488412794,31.266502667860493]}},{"type":"Feature","properties":{"amenity_type":"shelters","name":"ה/7"},"geometry":{"type":"Point","coordinates":[34.78050142476603,31.250399718447053]}},{"type":"Feature","properties":{"amenity_type":"shelters","name":"ג/41"},"geometry":{"type":"Point","coordinates":[34.80230914172369,31.254118567368305]}},{"type":"Feature","properties":{"amenity_type":"shelters","name":"ד/19"},"geometry":{"type":"Point","coordinates":[34.796741896277396,31.26831528685483]}},{"type":"Feature","properties":{"amenity_type":"shelters","name":"ד/51"},"geometry":{"type":"Point","coordinates":[34.78347270347336,31.271243705805997]}},{"type":"Feature","properties":{"amenity_type":"shelters","name":"א/11"},"geometry":{"type":"Point","coordinates":[34.78914358867414,31.24823137467544]}},{"type":"Feature","properties":{"amenity_type":"shelters","name":"ר/6"},"geometry":{"type":"Point","coordinates":[34.80696977485556,31.273686901240342]}},{"type":"Feature","properties":{"amenity_type":"shelters","name":"ר/5"},"geometry":{"type":"Point","coordinates":[34.80795071238646,31.2725269346604]}},{"type":"Feature","properties":{"amenity_type":"shelters","name":"ג/32"},"geometry":{"type":"Point","coordinates":[34.80848100092653,31.25697658071235]}},{"type":"Feature","properties":{"amenity_type":"shelters","name":"ג/10"},"geometry":{"type":"Point","coordinates":[34.802485727754885,31.25173346527748]}},{"type":"Feature","properties":{"amenity_type":"shelters","name":"ו/1"},"geometry":{"type":"Point","coordinates":[34.76977843934384,31.266277779566934]}},{"type":"Feature","properties":{"amenity_type":"shelters","name":"ר/8"},"geometry":{"type":"Point","coordinates":[34.80720423930531,31.27092399892242]}},{"type":"Feature","properties":{"amenity_type":"shelters","name":"ד/26"},"geometry":{"type":"Point","coordinates":[34.80079444786955,31.26596549734321]}},{"type":"Feature","properties":{"amenity_type":"shelters","name":"ג/48"},"geometry":{"type":"Point","coordinates":[34.811577064119405,31.25401911544696]}},{"type":"Feature","properties":{"amenity_type":"shelters","name":"ד/57"},"geometry":{"type":"Point","coordinates":[34.78422190826486,31.27007281207078]}},{"type":"Feature","properties":{"amenity_type":"shelters","name":"ע/11"},"geometry":{"type":"Point","coordinates":[34.794969427086265,31.240147621143297]}},{"type":"Feature","properties":{"amenity_type":"shelters","name":"ד/50"},"geometry":{"type":"Point","coordinates":[34.79605552206617,31.264592947853878]}},{"type":"Feature","properties":{"amenity_type":"shelters","name":"ג/50"},"geometry":{"type":"Point","coordinates":[34.808266404823925,31.246266643148967]}},{"type":"Feature","properties":{"amenity_type":"shelters","name":"ע/10"},"geometry":{"type":"Point","coordinates":[34.78248186896301,31.234715081191027]}},{"type":"Feature","properties":{"amenity_type":"shelters","name":"ג/40"},"geometry":{"type":"Point","coordinates":[34.80808057098863,31.252364473395488]}},{"type":"Feature","properties":{"amenity_type":"shelters","name":"ב/12"},"geometry":{"type":"Point","coordinates":[34.78834416683207,31.25414665932292]}},{"type":"Feature","properties":{"amenity_type":"shelters","name":"ה/3"},"geometry":{"type":"Point","coordinates":[34.779859426982874,31.252359823280873]}}]}