{"type":"FeatureCollection","features":[{"type":"Feature","properties":{"yishuv_stat":"9000_111","stat_area":111,"index_popu":2115.0,"index_value":-1.688,"rank_2021":117.0,"cluster_2021":2.0,"socio_index":-1.688,"socio_cluster":2,"socio_rank":117},"geometry":{"type":"Polygon","coordinates":[[[34.79806106164699,31.26957671079367],[34.79687404976173,31.269861652915637],[34.79686344135308,31.269863871325125],[34.796393109425935,31.26999315569072],[34.79638280942942,31.269995924297866],[34.795844950118465,31.270125532476975],[34.79565568660475,31.270161464903772],[34.79556889020219,31.27017793442978],[34.79555576046158,31.270180435122356],[34.79550881229507,31.270180839524137],[34.79540611200899,31.27018178260043],[34.795372199124884,31.27018211118905],[34.79515185145876,31.270145328194435],[34.79494621240631,31.270083799301105],[34.794878062052504,31.270059948710653],[34.794762222424964,31.27001898040452],[34.794740424821576,31.27000810523466],[34.79464024440005,31.269958109992068],[34.794574452359335,31.26992531628453],[34.794500559932914,31.269869343979977],[34.79442656574368,31.26981337130827],[34.79423923107619,31.269622383837515],[34.79422407902988,31.26960547171347],[34.79372509320796,31.2700205460589],[34.793722146817565,31.270022978994056],[34.79329479408363,31.270408348188603],[34.79329100444501,31.270412489324002],[34.79323266555717,31.270474625911515],[34.79300190550848,31.27066156687053],[34.79297776717003,31.27068124665786],[34.792939790520485,31.270722703650033],[34.79279197897505,31.27088411447636],[34.79273437198506,31.270947069394975],[34.79257906417754,31.271141458343067],[34.79254210586181,31.271187712083904],[34.79240429674714,31.27137107251645],[34.79230027138589,31.271315171910288],[34.792159574625224,31.271239512876193],[34.791755734713746,31.27102229972059],[34.79172881591996,31.271006430904432],[34.79136895741166,31.27079160890624],[34.79116720172882,31.270688569214876],[34.79082489056649,31.270513702252398],[34.79039945209059,31.271079343584667],[34.79039304244025,31.2710878206532],[34.790360721360805,31.271130641632134],[34.79023735841593,31.271268872715062],[34.790113558465386,31.271413312760178],[34.790106804051796,31.271421138431247],[34.789827886679326,31.271262405273465],[34.78979938472325,31.271246530045975],[34.78962550298239,31.271150186101703],[34.78956558433418,31.27111699482426],[34.789552221408215,31.271124248072063],[34.78913078232477,31.271354587249224],[34.78853818745245,31.27177548239357],[34.78836701667115,31.27202097068464],[34.78826754309064,31.272266678294255],[34.78823156998164,31.272400320990243],[34.78822196201964,31.272435734598186],[34.78823833367478,31.272797087485422],[34.78827417581505,31.27285934094448],[34.788276674785344,31.272863680868426],[34.7882915781297,31.272889521699742],[34.78829824746205,31.27289946420921],[34.788304932134665,31.272909500565703],[34.788314119555615,31.272923256349166],[34.788318842093496,31.272930329017502],[34.788781967902025,31.273067832607268],[34.78955983398762,31.273324597427806],[34.791303120665646,31.273704900035384],[34.79229934755265,31.273908823135475],[34.79323337759767,31.27408577741731],[34.79405823599713,31.274289137579913],[34.79474299469045,31.274465284694042],[34.795753606618185,31.27495024317811],[34.79627850110498,31.27517377634433],[34.79629255413041,31.27515893058378],[34.79631920901759,31.27513069011834],[34.79633862113646,31.275110100926884],[34.79645074981748,31.275020900839465],[34.796605023888965,31.274844345454035],[34.79678362929214,31.274652724131343],[34.796989869020834,31.27440652140435],[34.797228837050255,31.27412146800446],[34.79723908591149,31.274106255635303],[34.79724837602982,31.274092761957736],[34.797264019923986,31.274070258571204],[34.79738616406872,31.273894240755673],[34.79750559488571,31.273688262973035],[34.79757109159565,31.27352278468999],[34.797661326743295,31.273294802611854],[34.797728712260266,31.27305654944721],[34.797757575271504,31.27293776832545],[34.79778386652595,31.27282954032734],[34.797817797349744,31.27268030086158],[34.79793198627384,31.272180101143256],[34.79800465834617,31.271784568296468],[34.798024503685646,31.271659721238052],[34.79803444973466,31.271596983016842],[34.7980364923823,31.271537375558147],[34.79804551960996,31.271266644099136],[34.79804560123585,31.27105307485417],[34.798045605903354,31.270879999860725],[34.79804644698929,31.270855742255947],[34.7980466102856,31.270847530953723],[34.79804683510169,31.270837705441313],[34.798047328192055,31.270819674369964],[34.79806657692354,31.27010163713559],[34.798066829058605,31.269902410440093],[34.798067222207685,31.269610738300788],[34.79806723213295,31.269581960434603],[34.79806726150327,31.269575106972116],[34.79806106164699,31.26957671079367]]]}},{"type":"Feature","properties":{"yishuv_stat":"9000_112","stat_area":112,"index_popu":2272.0,"index_value":-1.912,"rank_2021":73.0,"cluster_2021":2.0,"socio_index":-1.912,"socio_cluster":2,"socio_rank":73},"geometry":{"type":"Polygon","coordinates":[[[34.788304932134665,31.272909500565703],[34.78829824746205,31.27289946420921],[34.7882915781297,31.272889521699742],[34.788276674785344,31.272863680868426],[34.78827417581505,31.27285934094448],[34.78823833367478,31.272797087485422],[34.78822196201964,31.272435734598186],[34.78823156998164,31.272400320990243],[34.78826754309064,31.272266678294255],[34.78836701667115,31.27202097068464],[34.78853818745245,31.27177548239357],[34.78913078232477,31.271354587249224],[34.789552221408215,31.271124248072063],[34.78956558433418,31.27111699482426],[34.78953657336614,31.271100841913626],[34.789180664155154,31.27089784057428],[34.78896400223111,31.270761522317084],[34.78893228653882,31.270741550894346],[34.78866866959207,31.270608750168314],[34.788460021674965,31.27049136806115],[34.788223281397514,31.27038751426139],[34.78807057520121,31.270319927184122],[34.787816291456195,31.270223853327177],[34.787733596811464,31.27018687964817],[34.787699320234566,31.270171524570568],[34.78732756188843,31.270018708954847],[34.787048408912035,31.269911921254412],[34.7869813197031,31.269886267933586],[34.78682157573544,31.269822770992455],[34.78648951457483,31.26969076164298],[34.786479029209154,31.26968621713558],[34.786468543551315,31.269682215571148],[34.7864379422324,31.269669759999058],[34.78642756470821,31.269665763292515],[34.78641697722878,31.269661755981318],[34.786200542578406,31.26957544065456],[34.786187629174826,31.269570280340666],[34.785955547920395,31.269485809481694],[34.78592314626442,31.269473999098434],[34.78589871717298,31.269465085422368],[34.78588823684241,31.26946107751478],[34.78587775230477,31.269457071396452],[34.78586003862431,31.269450881679607],[34.785833836838336,31.269440605757943],[34.78582335258225,31.26943606120081],[34.785812868327184,31.269431516642825],[34.78559642380512,31.269344590583863],[34.7854160226561,31.269276359946346],[34.78540553918928,31.26927235830258],[34.785395045591514,31.26926898615229],[34.785325555189566,31.269242784803566],[34.785314972276645,31.26923824078527],[34.785304482230565,31.269234779350924],[34.7851767143362,31.269186476162687],[34.785031722273914,31.26913341593231],[34.78501860885867,31.269129586055417],[34.78500822284905,31.269127297408588],[34.784997947003816,31.269124553660113],[34.785173810043695,31.268770870398086],[34.78532668316611,31.26846372489297],[34.78534358720783,31.268083807891223],[34.78534476821331,31.26805558943068],[34.78534557344362,31.268038271933893],[34.7853281024215,31.26804804298972],[34.784836539139405,31.26832405174189],[34.78446506652185,31.268556788178437],[34.78412232261106,31.268749657820575],[34.78382306782184,31.26891807580988],[34.783679378997675,31.26899894259319],[34.7834144979872,31.269157626982732],[34.78321490538731,31.26929440566967],[34.78312551056639,31.269355640385154],[34.78286392289975,31.26956951725713],[34.7827429904236,31.26966310046969],[34.782669426188576,31.269720048654154],[34.7824530860459,31.269941919684296],[34.782303254683704,31.270129477702167],[34.782051340485346,31.270407600918563],[34.78194648717997,31.270523349918548],[34.78179237290768,31.27077428246077],[34.781659583198895,31.271031967138978],[34.78155882172694,31.27122753218604],[34.781466223369165,31.27143826873495],[34.78143822864667,31.27163875309424],[34.781431402921534,31.271687348509158],[34.781425979380614,31.271726206202906],[34.78123149132179,31.273118459087723],[34.78125586486448,31.27318627390656],[34.78123558748415,31.273212813211508],[34.78105377505799,31.274183922295887],[34.780851933208254,31.275262110726793],[34.78159932488798,31.275212185101083],[34.781962758049005,31.27521338036797],[34.78236191158459,31.275355162051067],[34.78277909779796,31.275528214642573],[34.78308801501285,31.275529227851102],[34.78348779532028,31.275530537976362],[34.784195524323096,31.275751363125462],[34.784449514302224,31.275845840490824],[34.78508566674743,31.275816703136684],[34.785558269855706,31.275787028750397],[34.785776538800036,31.275740916923898],[34.785976429465975,31.27574156796364],[34.78639520495514,31.275555637667736],[34.78683380225432,31.274995183906512],[34.78697931188928,31.27496444186424],[34.787398565737554,31.274669256219152],[34.787818022736786,31.274327246740885],[34.78820585373303,31.27424530394666],[34.7882603739817,31.272908375915833],[34.788314119555615,31.272923256349166],[34.788304932134665,31.272909500565703]]]}},{"type":"Feature","properties":{"yishuv_stat":"9000_113","stat_area":113,"index_popu":1680.0,"index_value":-1.765,"rank_2021":105.0,"cluster_2021":2.0,"socio_index":-1.765,"socio_cluster":2,"socio_rank":105},"geometry":{"type":"Polygon","coordinates":[[[34.79319092703389,31.270319454526966],[34.79306947577354,31.270211371553703],[34.79293318409053,31.270067172991087],[34.7927680864356,31.269930276714554],[34.79265975196121,31.269850472111653],[34.792612381761195,31.269804960079473],[34.79259032717498,31.269783695616052],[34.792534556819255,31.269666897363443],[34.79247337545037,31.269560107284008],[34.792307470254194,31.26934482532643],[34.79230309199881,31.26933606103403],[34.79229371951662,31.269317719663615],[34.79219258879483,31.269249844675457],[34.79210307315261,31.269189758718902],[34.79179392674819,31.268956788346017],[34.79178010250058,31.2689463802059],[34.79176293556751,31.268933436907968],[34.79076754284223,31.268183452273544],[34.790736990584165,31.268160451938734],[34.79032832771799,31.26785255505242],[34.7901465212824,31.267715532122097],[34.789889795737295,31.267524852168957],[34.78877792580492,31.26669645826074],[34.78876618977495,31.266687682679084],[34.78878388542905,31.266676111679974],[34.78811323189974,31.26615588853975],[34.78808172138323,31.26618284534344],[34.78799056848644,31.266261100314498],[34.7877237177284,31.266484095685517],[34.7875101981233,31.26666251110772],[34.78739240449353,31.266756923383927],[34.78731263639379,31.26682087726264],[34.787133162404,31.266974160990966],[34.787122611846776,31.26698377618631],[34.78711239442641,31.266992131603327],[34.787090569461,31.26701073732683],[34.78695705918452,31.2671196088626],[34.78675921948152,31.267267235196908],[34.78674511431827,31.2672762092817],[34.78673468979708,31.267282938767536],[34.78662202756056,31.267354099728625],[34.78653612909265,31.26740459845395],[34.78652559250791,31.26741078010367],[34.786515075194934,31.267416877036396],[34.78639095748355,31.267489173917788],[34.786216675507745,31.26758068843066],[34.786109325173356,31.26763716341392],[34.78581491674563,31.26777824810207],[34.78546760176827,31.26796534334627],[34.78534557344362,31.268038271933893],[34.78534476821331,31.26805558943068],[34.78534358720783,31.268083807891223],[34.78532668316611,31.26846372489297],[34.785173810043695,31.268770870398086],[34.784997947003816,31.269124553660113],[34.78500822284905,31.269127297408588],[34.78501860885867,31.269129586055417],[34.785031722273914,31.26913341593231],[34.7851767143362,31.269186476162687],[34.785304482230565,31.269234779350924],[34.785314972276645,31.26923824078527],[34.785325555189566,31.269242784803566],[34.785395045591514,31.26926898615229],[34.78540553918928,31.26927235830258],[34.7854160226561,31.269276359946346],[34.78559642380512,31.269344590583863],[34.785812868327184,31.269431516642825],[34.78582335258225,31.26943606120081],[34.785833836838336,31.269440605757943],[34.78586003862431,31.269450881679607],[34.78587775230477,31.269457071396452],[34.78588823684241,31.26946107751478],[34.78589871717298,31.269465085422368],[34.78592314626442,31.269473999098434],[34.785955547920395,31.269485809481694],[34.786187629174826,31.269570280340666],[34.786200542578406,31.26957544065456],[34.78641697722878,31.269661755981318],[34.78642756470821,31.269665763292515],[34.7864379422324,31.269669759999058],[34.786468543551315,31.269682215571148],[34.786479029209154,31.26968621713558],[34.78648951457483,31.26969076164298],[34.78682157573544,31.269822770992455],[34.7869813197031,31.269886267933586],[34.787048408912035,31.269911921254412],[34.78732756188843,31.270018708954847],[34.787699320234566,31.270171524570568],[34.787733596811464,31.27018687964817],[34.787816291456195,31.270223853327177],[34.78807057520121,31.270319927184122],[34.788223281397514,31.27038751426139],[34.788460021674965,31.27049136806115],[34.78866866959207,31.270608750168314],[34.78893228653882,31.270741550894346],[34.78896400223111,31.270761522317084],[34.789180664155154,31.27089784057428],[34.78953657336614,31.271100841913626],[34.78956558433418,31.27111699482426],[34.78962550298239,31.271150186101703],[34.78979938472325,31.271246530045975],[34.789827886679326,31.271262405273465],[34.790106804051796,31.271421138431247],[34.790113558465386,31.271413312760178],[34.79023735841593,31.271268872715062],[34.790360721360805,31.271130641632134],[34.79039304244025,31.2710878206532],[34.79039945209059,31.271079343584667],[34.79082489056649,31.270513702252398],[34.79116720172882,31.270688569214876],[34.79136895741166,31.27079160890624],[34.79172881591996,31.271006430904432],[34.791755734713746,31.27102229972059],[34.792159574625224,31.271239512876193],[34.79230027138589,31.271315171910288],[34.79240429674714,31.27137107251645],[34.79254210586181,31.271187712083904],[34.79257906417754,31.271141458343067],[34.79273437198506,31.270947069394975],[34.79279197897505,31.27088411447636],[34.792939790520485,31.270722703650033],[34.79297776717003,31.27068124665786],[34.79300190550848,31.27066156687053],[34.79323266555717,31.270474625911515],[34.79329100444501,31.270412489324002],[34.79329479408363,31.270408348188603],[34.79319092703389,31.270319454526966]]]}},{"type":"Feature","properties":{"yishuv_stat":"9000_121","stat_area":121,"index_popu":2998.0,"index_value":-1.683,"rank_2021":120.0,"cluster_2021":2.0,"socio_index":-1.683,"socio_cluster":2,"socio_rank":120},"geometry":{"type":"Polygon","coordinates":[[[34.798067536025066,31.269363792134605],[34.79807554857256,31.269016858349183],[34.79810051736261,31.267939978308487],[34.79810987088214,31.267292256959692],[34.798111415445554,31.26718466846998],[34.798113457610185,31.266922220359803],[34.79811943970975,31.266146249403906],[34.79811966849803,31.26611711055103],[34.79727504518088,31.266097478422108],[34.797080260100046,31.266101371666515],[34.79705925852719,31.26610185165901],[34.797038259301985,31.266101785102492],[34.79701788624108,31.266102607999567],[34.797011163160846,31.266102872592295],[34.7968903085652,31.266128355121825],[34.7967002419695,31.26618305339992],[34.79642338546953,31.266275251213596],[34.79615893401117,31.26636279613328],[34.79581557617593,31.26648761243385],[34.79580696756601,31.266490739921217],[34.795749365928344,31.2663807952384],[34.79574653794952,31.266375281033106],[34.79573999122297,31.26636263718804],[34.79573063187804,31.26634457027797],[34.79529636584533,31.265513977601515],[34.795243680634236,31.26538861948158],[34.79519162252205,31.265285373480218],[34.795161452533584,31.265245773177988],[34.7951434900573,31.26522209424792],[34.795091895075274,31.265181878249972],[34.795072604076516,31.26517749669939],[34.79499634417576,31.26516020062757],[34.7948457846624,31.26515844836366],[34.794655122732685,31.265156224456362],[34.79461836099631,31.265157280628404],[34.793950195974574,31.265176177322008],[34.79369324110612,31.265183463674354],[34.7936691878077,31.265184109233033],[34.793658982140876,31.26501829608544],[34.79366252460573,31.264200382639405],[34.793662651178806,31.264171157785764],[34.79328524566253,31.264162338190964],[34.7928212025986,31.264151501213068],[34.7924988986966,31.264144160800825],[34.792474539943555,31.264143638096375],[34.792190450786855,31.26413713098295],[34.79188830966011,31.26412993758063],[34.79121034053959,31.264132719402454],[34.791202254564894,31.26413278449965],[34.791181255791145,31.264132716989927],[34.79116025806743,31.26413264948016],[34.7905358392187,31.26413578389421],[34.790514840446086,31.264135716275593],[34.79049384167352,31.264135648653554],[34.790480717440715,31.264135606388038],[34.79045950658066,31.264135538077365],[34.790438507808275,31.26413547044629],[34.79041750063647,31.26413540278473],[34.79036372278095,31.26413522955711],[34.79034736788733,31.264135176870745],[34.789964782749884,31.264132770425448],[34.789835331900434,31.26413181090467],[34.78945034786868,31.26412263723437],[34.789422943723636,31.264122001302695],[34.78941746445331,31.264151655304506],[34.78939381535805,31.26427856682643],[34.78933004264438,31.264502755145465],[34.78923080633674,31.264721151396614],[34.78916280367874,31.264859013884656],[34.78914330565815,31.264898632793972],[34.789107184458196,31.264972095089664],[34.788892240058935,31.26530908526845],[34.78879507017814,31.265441265059028],[34.78855269290399,31.26573639521782],[34.78839040956181,31.265897673111045],[34.788252043552326,31.266034667857216],[34.7882366542058,31.266049951266886],[34.788220415708714,31.266063973771324],[34.78811323189974,31.26615588853975],[34.78878388542905,31.266676111679974],[34.78876618977495,31.266687682679084],[34.78877792580492,31.26669645826074],[34.789889795737295,31.267524852168957],[34.7901465212824,31.267715532122097],[34.79032832771799,31.26785255505242],[34.790736990584165,31.268160451938734],[34.79076754284223,31.268183452273544],[34.79176293556751,31.268933436907968],[34.79178010250058,31.2689463802059],[34.79179392674819,31.268956788346017],[34.79210307315261,31.269189758718902],[34.79219258879483,31.269249844675457],[34.79229371951662,31.269317719663615],[34.79230309199881,31.26933606103403],[34.792307470254194,31.26934482532643],[34.79247337545037,31.269560107284008],[34.792534556819255,31.269666897363443],[34.79259032717498,31.269783695616052],[34.792612381761195,31.269804960079473],[34.79265975196121,31.269850472111653],[34.7927680864356,31.269930276714554],[34.79293318409053,31.270067172991087],[34.79306947577354,31.270211371553703],[34.79319092703389,31.270319454526966],[34.79329479408363,31.270408348188603],[34.793722146817565,31.270022978994056],[34.79372509320796,31.2700205460589],[34.79422407902988,31.26960547171347],[34.79423923107619,31.269622383837515],[34.79442656574368,31.26981337130827],[34.794500559932914,31.269869343979977],[34.794574452359335,31.26992531628453],[34.79464024440005,31.269958109992068],[34.794740424821576,31.27000810523466],[34.794762222424964,31.27001898040452],[34.794878062052504,31.270059948710653],[34.79494621240631,31.270083799301105],[34.79515185145876,31.270145328194435],[34.795372199124884,31.27018211118905],[34.79540611200899,31.27018178260043],[34.79550881229507,31.270180839524137],[34.79555576046158,31.270180435122356],[34.79556889020219,31.27017793442978],[34.79565568660475,31.270161464903772],[34.795844950118465,31.270125532476975],[34.79638280942942,31.269995924297866],[34.796393109425935,31.26999315569072],[34.79686344135308,31.269863871325125],[34.79687404976173,31.269861652915637],[34.79806106164699,31.26957671079367],[34.79806726150327,31.269575106972116],[34.798067536025066,31.269363792134605]]]}},{"type":"Feature","properties":{"yishuv_stat":"9000_122","stat_area":122,"index_popu":1015.0,"index_value":-1.437,"rank_2021":173.0,"cluster_2021":2.0,"socio_index":-1.437,"socio_cluster":2,"socio_rank":173},"geometry":{"type":"Polygon","coordinates":[[[34.80111264673534,31.26949765612269],[34.80071394762375,31.269249204635358],[34.800689814709536,31.269220719803],[34.80066694620397,31.269192685379885],[34.80034266854838,31.269001459535332],[34.8003072643959,31.2689805142725],[34.800349108625994,31.268944204466283],[34.800364403273704,31.268755393267465],[34.80036584721123,31.268737362462545],[34.80036729009434,31.26871933255613],[34.800368183551235,31.26870580231782],[34.80036805986314,31.268687763878702],[34.80036802540117,31.268669731131464],[34.80036740179048,31.26824438832247],[34.800367375981004,31.268229499633573],[34.800389863511576,31.267340666808575],[34.80039046850092,31.267322630656277],[34.80039068593264,31.267313246140212],[34.80039085404522,31.267304593814103],[34.80040158481607,31.26688072604372],[34.80041932524186,31.2665115482153],[34.80040023853467,31.266308015332164],[34.80037510278813,31.266244262878388],[34.800371675122015,31.26623576429534],[34.800322107544076,31.26618826668097],[34.80027067043327,31.26616185777491],[34.80024154068414,31.266146889288112],[34.80013307158564,31.266126259842],[34.79993716375246,31.266121127641703],[34.799259166114915,31.266125758269506],[34.79852843995089,31.26611217534904],[34.798145919086714,31.266116831867194],[34.79811966849803,31.26611711055103],[34.79811943970975,31.266146249403906],[34.798113457610185,31.266922220359803],[34.798111415445554,31.26718466846998],[34.79810987088214,31.267292256959692],[34.79810051736261,31.267939978308487],[34.79807554857256,31.269016858349183],[34.798067536025066,31.269363792134605],[34.79806726150327,31.269575106972116],[34.79806723213295,31.269581960434603],[34.798067222207685,31.269610738300788],[34.798066829058605,31.269902410440093],[34.79806657692354,31.27010163713559],[34.798047328192055,31.270819674369964],[34.79804683510169,31.270837705441313],[34.7980466102856,31.270847530953723],[34.79804644698929,31.270855742255947],[34.798045605903354,31.270879999860725],[34.79804560123585,31.27105307485417],[34.79804551960996,31.271266644099136],[34.7980364923823,31.271537375558147],[34.79803444973466,31.271596983016842],[34.798024503685646,31.271659721238052],[34.79800465834617,31.271784568296468],[34.79793198627384,31.272180101143256],[34.797817797349744,31.27268030086158],[34.79778386652595,31.27282954032734],[34.797757575271504,31.27293776832545],[34.797728712260266,31.27305654944721],[34.797661326743295,31.273294802611854],[34.79757109159565,31.27352278468999],[34.79750559488571,31.273688262973035],[34.79738616406872,31.273894240755673],[34.797264019923986,31.274070258571204],[34.79724837602982,31.274092761957736],[34.79723908591149,31.274106255635303],[34.797228837050255,31.27412146800446],[34.796989869020834,31.27440652140435],[34.79678362929214,31.274652724131343],[34.796605023888965,31.274844345454035],[34.79645074981748,31.275020900839465],[34.79633862113646,31.275110100926884],[34.79631920901759,31.27513069011834],[34.79629255413041,31.27515893058378],[34.79627850110498,31.27517377634433],[34.79626795657857,31.275184917412847],[34.796260658895825,31.27519264156763],[34.79622456393154,31.27523084690639],[34.79620896852442,31.275247352669748],[34.79624133070826,31.275261711122468],[34.79629,31.27521],[34.79632,31.27519],[34.79624803160998,31.275264684178328],[34.79732479844415,31.27574242405373],[34.797524074556755,31.27544544936528],[34.79756112346993,31.275454986126782],[34.79762692399791,31.2753408423532],[34.79773746165513,31.275155754057714],[34.79779203715472,31.27506348185564],[34.79781974320253,31.275016760832738],[34.79784260276151,31.274977961203316],[34.798032667790395,31.274656680046725],[34.79807625300887,31.274582951229082],[34.7981529510754,31.274450157827694],[34.79832634152449,31.274150828981973],[34.79836671819156,31.27408718490372],[34.79866179599955,31.273620210311428],[34.79871897236139,31.273529756914446],[34.79913880213136,31.27281695662856],[34.79921895685977,31.272684726305286],[34.799549959064805,31.272138938246723],[34.799825490682984,31.27166540369903],[34.79990812572332,31.27152333465498],[34.800193055370954,31.271042982495025],[34.80038164746898,31.27072503539825],[34.800417698699924,31.27066425860552],[34.8005912375905,31.27037728478293],[34.80111435237254,31.269512370601895],[34.80112038585419,31.269502471313896],[34.80111264673534,31.26949765612269]]]}},{"type":"Feature","properties":{"yishuv_stat":"9000_123","stat_area":123,"index_popu":1226.0,"index_value":-0.981,"rank_2021":276.0,"cluster_2021":3.0,"socio_index":-0.981,"socio_cluster":3,"socio_rank":276},"geometry":{"type":"Polygon","coordinates":[[[34.79815906911918,31.264002282700652],[34.798158169537054,31.26406693909077],[34.798147097807366,31.264862287832347],[34.79814500531549,31.26495761145574],[34.79812597514375,31.265827803683695],[34.79811966849803,31.26611711055103],[34.798145919086714,31.266116831867194],[34.79852843995089,31.26611217534904],[34.799259166114915,31.266125758269506],[34.79993716375246,31.266121127641703],[34.80013307158564,31.266126259842],[34.80024154068414,31.266146889288112],[34.80027067043327,31.26616185777491],[34.800322107544076,31.26618826668097],[34.800371675122015,31.26623576429534],[34.80037510278813,31.266244262878388],[34.80040023853467,31.266308015332164],[34.80041932524186,31.2665115482153],[34.80040158481607,31.26688072604372],[34.80039085404522,31.267304593814103],[34.80039068593264,31.267313246140212],[34.80039046850092,31.267322630656277],[34.800389863511576,31.267340666808575],[34.800367375981004,31.268229499633573],[34.80036740179048,31.26824438832247],[34.80036802540117,31.268669731131464],[34.80036805986314,31.268687763878702],[34.800368183551235,31.26870580231782],[34.80036729009434,31.26871933255613],[34.80036584721123,31.268737362462545],[34.800364403273704,31.268755393267465],[34.800349108625994,31.268944204466283],[34.8003072643959,31.2689805142725],[34.80034266854838,31.269001459535332],[34.80066694620397,31.269192685379885],[34.800689814709536,31.269220719803],[34.80071394762375,31.269249204635358],[34.80111264673534,31.26949765612269],[34.80112038585419,31.269502471313896],[34.80144332687613,31.268968564119767],[34.8018835502318,31.26822867081139],[34.80223395206924,31.26763965193427],[34.80237119060667,31.26741298489545],[34.80248519664144,31.267224670617306],[34.80256385155556,31.26709476747617],[34.8025737930659,31.267078110650594],[34.80284572462841,31.266637568387065],[34.803101801678004,31.266191925344717],[34.80336017917266,31.2657995950059],[34.80343267274179,31.26568951393382],[34.80350713478749,31.2655866469678],[34.80380213122327,31.265250365034085],[34.802676152367475,31.265199313055362],[34.802717874963285,31.265189621733175],[34.80235300180469,31.26519124881428],[34.80234901192259,31.26519125166562],[34.8017937992634,31.26518907443441],[34.80177857286283,31.26518902673681],[34.80177306415605,31.264903280265905],[34.80122334832353,31.264891811060792],[34.80121985865085,31.264702539355543],[34.801151063218825,31.26470104192577],[34.801171833663986,31.263996240908547],[34.80103565124736,31.263996094988894],[34.800301769787445,31.263987562088758],[34.799634435750036,31.263984385357904],[34.799105124588685,31.263990231097974],[34.798924104229826,31.263992238690342],[34.79852881852106,31.26398970764219],[34.79840166968703,31.263988882169524],[34.798182871673326,31.263984847483673],[34.7981594635167,31.263984234161367],[34.79815906911918,31.264002282700652]]]}},{"type":"Feature","properties":{"yishuv_stat":"9000_131","stat_area":131,"index_popu":2259.0,"index_value":-0.64,"rank_2021":376.0,"cluster_2021":3.0,"socio_index":-0.64,"socio_cluster":3,"socio_rank":376},"geometry":{"type":"Polygon","coordinates":[[[34.79812597514375,31.265827803683695],[34.79814500531549,31.26495761145574],[34.798147097807366,31.264862287832347],[34.798158169537054,31.26406693909077],[34.79815906911918,31.264002282700652],[34.7981594635167,31.263984234161367],[34.7981595407826,31.26396619634441],[34.798164214284604,31.263634759929104],[34.798175201631395,31.262858526605132],[34.79819620725281,31.262073938048147],[34.79820033343677,31.261723381255674],[34.798214648760926,31.261395944469054],[34.79821494324639,31.261033471306167],[34.79813888584236,31.259965015475412],[34.798098371136604,31.259282596393284],[34.79809756553889,31.25926870092208],[34.79808935164538,31.25917470380602],[34.79805822080266,31.258819885751898],[34.7980502940138,31.25866207082259],[34.79804273660071,31.258511657177607],[34.79804109681537,31.258478292375308],[34.797895501763094,31.25849748089721],[34.7973356864335,31.258476588929557],[34.79708984036128,31.25846714916595],[34.796604659945814,31.25844847918898],[34.79649119097825,31.258444066004202],[34.79647029591489,31.258443365656326],[34.79644919259622,31.258442753030703],[34.79574767696869,31.25841635369658],[34.795080127164574,31.25839691497082],[34.795051052920705,31.258396100862043],[34.79504789062207,31.258426032189572],[34.79504044520178,31.25849527468022],[34.794916036058055,31.25890804137166],[34.7947866240256,31.25919001956185],[34.79477925978238,31.259218037177384],[34.79474201362465,31.2593578046184],[34.79470839167775,31.259605728139064],[34.794696401001154,31.259652578078846],[34.79468095409147,31.25971278140598],[34.79466783806085,31.259853166868464],[34.79466959388721,31.260057728674607],[34.79467046086732,31.26007139617697],[34.79467401020629,31.2601276348557],[34.79469192819112,31.260407104347557],[34.7947097182264,31.26068413286714],[34.794710383752964,31.260698744920596],[34.79471106895666,31.260710746026554],[34.794712145839206,31.260729782324994],[34.79471654391507,31.260828718903618],[34.79473156768917,31.261166727991114],[34.794732330469365,31.261187022343943],[34.794732902026105,31.261223635124903],[34.79473755792496,31.261475099687395],[34.79473800863488,31.26149909716117],[34.794739459823795,31.26157756826845],[34.794758637871034,31.261754757768678],[34.79471652230557,31.26183128530818],[34.79458926604816,31.26192720198766],[34.794424386897475,31.262060879373006],[34.79415160944651,31.262282057558853],[34.79414159839899,31.262290052542653],[34.79408437978891,31.2623364991862],[34.79397230574616,31.262421399159017],[34.793963560552406,31.26242801645527],[34.793869069202024,31.262499416878143],[34.79377050243313,31.262616274552748],[34.79371832329161,31.262760402401113],[34.79369206264926,31.263004457313112],[34.793684008134434,31.263312703803447],[34.79368523733042,31.263461390033072],[34.793687454694144,31.26373101827809],[34.793662651178806,31.264171157785764],[34.79366252460573,31.264200382639405],[34.793658982140876,31.26501829608544],[34.7936691878077,31.265184109233033],[34.79369324110612,31.265183463674354],[34.793950195974574,31.265176177322008],[34.79461836099631,31.265157280628404],[34.794655122732685,31.265156224456362],[34.7948457846624,31.26515844836366],[34.79499634417576,31.26516020062757],[34.795072604076516,31.26517749669939],[34.795091895075274,31.265181878249972],[34.7951434900573,31.26522209424792],[34.795161452533584,31.265245773177988],[34.79519162252205,31.265285373480218],[34.795243680634236,31.26538861948158],[34.79529636584533,31.265513977601515],[34.79573063187804,31.26634457027797],[34.79573999122297,31.26636263718804],[34.79574653794952,31.266375281033106],[34.795749365928344,31.2663807952384],[34.79580696756601,31.266490739921217],[34.79581557617593,31.26648761243385],[34.79615893401117,31.26636279613328],[34.79642338546953,31.266275251213596],[34.7967002419695,31.26618305339992],[34.7968903085652,31.266128355121825],[34.797011163160846,31.266102872592295],[34.79701788624108,31.266102607999567],[34.797038259301985,31.266101785102492],[34.79705925852719,31.26610185165901],[34.797080260100046,31.266101371666515],[34.79727504518088,31.266097478422108],[34.79811966849803,31.26611711055103],[34.79812597514375,31.265827803683695]]]}},{"type":"Feature","properties":{"yishuv_stat":"9000_132","stat_area":132,"index_popu":2492.0,"index_value":-1.25,"rank_2021":212.0,"cluster_2021":2.0,"socio_index":-1.25,"socio_cluster":2,"socio_rank":212},"geometry":{"type":"Polygon","coordinates":[[[34.7939476133374,31.26215793665233],[34.79373039628104,31.262129286522708],[34.79371465548019,31.26212715734221],[34.79364815358356,31.26194467292943],[34.79363975059295,31.261921735933015],[34.793600930664674,31.261906187521046],[34.79322521496435,31.261755721198472],[34.79319880881894,31.261745175548985],[34.79320425591074,31.2615056484064],[34.79322576208144,31.261145139023707],[34.793227468942206,31.26111566307212],[34.79315440102972,31.26111415762935],[34.79312962270421,31.261113722097196],[34.79312404605561,31.260972195640793],[34.79312424383525,31.2607793666578],[34.79311434813574,31.260738743936734],[34.79307764932023,31.260692513994115],[34.793057450262815,31.260667032818745],[34.79305482824051,31.26058263063401],[34.793048417195266,31.260374978453534],[34.7930602743702,31.260087486014875],[34.79307202136414,31.259845719710288],[34.793162429369325,31.259842676456312],[34.79315551580539,31.25970923126022],[34.793147323950436,31.259550492599555],[34.79314523905938,31.259522352855765],[34.793118471041936,31.259520105347057],[34.79311852780568,31.259491516994114],[34.79311855618416,31.25948085568456],[34.793119149103816,31.259220133531247],[34.79311917379542,31.259189740365525],[34.79311723454977,31.259189759413875],[34.79284272228479,31.25919228996784],[34.79221191571204,31.259198108947704],[34.79156043411193,31.259204494270975],[34.791391988001315,31.25921180602123],[34.79128916308788,31.25922166980793],[34.79123558125904,31.259279572049458],[34.79121311198311,31.259303760122393],[34.79120549670741,31.259320712169593],[34.79094732661499,31.25989582302042],[34.79093799349663,31.259915447274835],[34.79093109551591,31.259931846940425],[34.79089727450035,31.26000731222308],[34.790889222976595,31.260025324385765],[34.79088104963852,31.260043341567425],[34.79080492798552,31.260213370567303],[34.79069582667962,31.26045815764864],[34.79060591108036,31.260660800932335],[34.79057858781816,31.2607176564251],[34.79047664515253,31.260929867055214],[34.79046943986212,31.260947361515218],[34.79037201462242,31.26118431948689],[34.79037129678113,31.26118593338486],[34.790292753781344,31.261363765623496],[34.790263860842046,31.261429196688965],[34.79013106608418,31.261689148144438],[34.78992754346329,31.262130425350218],[34.789910695400415,31.262164738931045],[34.78990646025702,31.26217428454214],[34.78990201565167,31.262182748997922],[34.789893323035415,31.262201300164353],[34.78981948113806,31.262280606233286],[34.78981082609453,31.262289595540825],[34.78980359148407,31.26229741244637],[34.78980250071973,31.26229858681308],[34.789686387646476,31.26236748467337],[34.78954903390875,31.262420613547736],[34.789411871973215,31.262452908036476],[34.78926543300942,31.262472183211145],[34.78922708907071,31.26250055768564],[34.789213292438546,31.262510261787305],[34.789183169183886,31.262532704833056],[34.7891343201032,31.262658546443628],[34.789128055929936,31.26267466936245],[34.78913221190618,31.26268370722903],[34.78913844537254,31.26269833729128],[34.789213229112015,31.26295787682496],[34.789256113456325,31.263091586236815],[34.789300851664855,31.263230437053487],[34.78932909260326,31.263356965093305],[34.789351009046165,31.263453194025498],[34.789386422649194,31.26363818669885],[34.78941000236641,31.26374496513177],[34.789434204232364,31.26385426277779],[34.789422943723636,31.264122001302695],[34.78945034786868,31.26412263723437],[34.789835331900434,31.26413181090467],[34.789964782749884,31.264132770425448],[34.79034736788733,31.264135176870745],[34.79036372278095,31.26413522955711],[34.79041750063647,31.26413540278473],[34.790438507808275,31.26413547044629],[34.79045950658066,31.264135538077365],[34.790480717440715,31.264135606388038],[34.79049384167352,31.264135648653554],[34.790514840446086,31.264135716275593],[34.7905358392187,31.26413578389421],[34.79116025806743,31.26413264948016],[34.791181255791145,31.264132716989927],[34.791202254564894,31.26413278449965],[34.79121034053959,31.264132719402454],[34.79188830966011,31.26412993758063],[34.792190450786855,31.26413713098295],[34.792474539943555,31.264143638096375],[34.7924988986966,31.264144160800825],[34.7928212025986,31.264151501213068],[34.79328524566253,31.264162338190964],[34.793662651178806,31.264171157785764],[34.793687454694144,31.26373101827809],[34.79368523733042,31.263461390033072],[34.793684008134434,31.263312703803447],[34.79369206264926,31.263004457313112],[34.79371832329161,31.262760402401113],[34.79377050243313,31.262616274552748],[34.793869069202024,31.262499416878143],[34.793963560552406,31.26242801645527],[34.79397230574616,31.262421399159017],[34.79408437978891,31.2623364991862],[34.79414159839899,31.262290052542653],[34.79415160944651,31.262282057558853],[34.7939476133374,31.26215793665233]]]}},{"type":"Feature","properties":{"yishuv_stat":"9000_133","stat_area":133,"index_popu":1014.0,"index_value":-1.186,"rank_2021":225.0,"cluster_2021":2.0,"socio_index":-1.186,"socio_cluster":2,"socio_rank":225},"geometry":{"type":"Polygon","coordinates":[[[34.794424386897475,31.262060879373006],[34.79458926604816,31.26192720198766],[34.79471652230557,31.26183128530818],[34.794758637871034,31.261754757768678],[34.794739459823795,31.26157756826845],[34.79473800863488,31.26149909716117],[34.79473755792496,31.261475099687395],[34.794732902026105,31.261223635124903],[34.794732330469365,31.261187022343943],[34.79473156768917,31.261166727991114],[34.79471654391507,31.260828718903618],[34.794712145839206,31.260729782324994],[34.79471106895666,31.260710746026554],[34.794710383752964,31.260698744920596],[34.7947097182264,31.26068413286714],[34.79469192819112,31.260407104347557],[34.79467401020629,31.2601276348557],[34.79467046086732,31.26007139617697],[34.79466959388721,31.260057728674607],[34.79466783806085,31.259853166868464],[34.79468095409147,31.25971278140598],[34.794696401001154,31.259652578078846],[34.79470839167775,31.259605728139064],[34.79474201362465,31.2593578046184],[34.79477925978238,31.259218037177384],[34.7947866240256,31.25919001956185],[34.794916036058055,31.25890804137166],[34.79504044520178,31.25849527468022],[34.79504789062207,31.258426032189572],[34.795051052920705,31.258396100862043],[34.794128985362626,31.258387242869222],[34.79284626867927,31.25837490527362],[34.79253373042501,31.25837218249719],[34.79221549653571,31.258374052129906],[34.79208951520718,31.25837473398375],[34.79203480857805,31.258376189135813],[34.7920275173673,31.258376367771493],[34.79201307872371,31.25837673812951],[34.79181219140568,31.25838285775994],[34.79120167381857,31.258481285757554],[34.79092846637864,31.258537315537097],[34.79053107000202,31.258610439156158],[34.79051940743568,31.258612928738362],[34.79051236867034,31.258614438408323],[34.79050617900074,31.25861576862744],[34.790349480116575,31.258649525475658],[34.789941005528014,31.25873752004109],[34.7898855143082,31.258749325597567],[34.78984662931842,31.25875967309764],[34.78978647603154,31.258770875534523],[34.78954033349795,31.258816760260597],[34.78932326422014,31.258852853539047],[34.78902671546359,31.25889905070327],[34.78885134621953,31.258926367123742],[34.78865675516319,31.258947505329434],[34.78847403032061,31.25896736125061],[34.788029482126596,31.258995862502694],[34.78770954312413,31.25902882118233],[34.78768549139476,31.259031369552922],[34.78768764591943,31.259064557556226],[34.78772277029402,31.25960301921939],[34.78773519112704,31.260025237613814],[34.787769594359546,31.260128529545668],[34.787779438936425,31.260158503734058],[34.78782362740948,31.2603265840034],[34.78795113065542,31.2606343530868],[34.787965132009994,31.26066814044417],[34.788183779890396,31.261085893985047],[34.78819589287922,31.261107173022445],[34.78830140784494,31.26129261849499],[34.78845557696644,31.26155102113297],[34.78846515645591,31.2615670672221],[34.78869340300698,31.261902136511218],[34.788770857476415,31.26202883557732],[34.788995282082055,31.262395607371566],[34.78903617415772,31.2624624271197],[34.789128055929936,31.26267466936245],[34.7891343201032,31.262658546443628],[34.789183169183886,31.262532704833056],[34.789213292438546,31.262510261787305],[34.78922708907071,31.26250055768564],[34.78926543300942,31.262472183211145],[34.789411871973215,31.262452908036476],[34.78954903390875,31.262420613547736],[34.789686387646476,31.26236748467337],[34.78980250071973,31.26229858681308],[34.78980359148407,31.26229741244637],[34.78981082609453,31.262289595540825],[34.78981948113806,31.262280606233286],[34.789893323035415,31.262201300164353],[34.78990201565167,31.262182748997922],[34.78990646025702,31.26217428454214],[34.789910695400415,31.262164738931045],[34.78992754346329,31.262130425350218],[34.79013106608418,31.261689148144438],[34.790263860842046,31.261429196688965],[34.790292753781344,31.261363765623496],[34.79037129678113,31.26118593338486],[34.79037201462242,31.26118431948689],[34.79046943986212,31.260947361515218],[34.79047664515253,31.260929867055214],[34.79057858781816,31.2607176564251],[34.79060591108036,31.260660800932335],[34.79069582667962,31.26045815764864],[34.79080492798552,31.260213370567303],[34.79088104963852,31.260043341567425],[34.790889222976595,31.260025324385765],[34.79089727450035,31.26000731222308],[34.79093109551591,31.259931846940425],[34.79093799349663,31.259915447274835],[34.79094732661499,31.25989582302042],[34.79120549670741,31.259320712169593],[34.79121311198311,31.259303760122393],[34.79123558125904,31.259279572049458],[34.79128916308788,31.25922166980793],[34.791391988001315,31.25921180602123],[34.79156043411193,31.259204494270975],[34.79221191571204,31.259198108947704],[34.79284272228479,31.25919228996784],[34.79311723454977,31.259189759413875],[34.79311917379542,31.259189740365525],[34.793119149103816,31.259220133531247],[34.79311855618416,31.25948085568456],[34.79311852780568,31.259491516994114],[34.793118471041936,31.259520105347057],[34.79314523905938,31.259522352855765],[34.793147323950436,31.259550492599555],[34.79315551580539,31.25970923126022],[34.793162429369325,31.259842676456312],[34.79307202136414,31.259845719710288],[34.7930602743702,31.260087486014875],[34.793048417195266,31.260374978453534],[34.79305482824051,31.26058263063401],[34.793057450262815,31.260667032818745],[34.79307764932023,31.260692513994115],[34.79311434813574,31.260738743936734],[34.79312424383525,31.2607793666578],[34.79312404605561,31.260972195640793],[34.79312962270421,31.261113722097196],[34.79315440102972,31.26111415762935],[34.793227468942206,31.26111566307212],[34.79322576208144,31.261145139023707],[34.79320425591074,31.2615056484064],[34.79319880881894,31.261745175548985],[34.79322521496435,31.261755721198472],[34.793600930664674,31.261906187521046],[34.79363975059295,31.261921735933015],[34.79364815358356,31.26194467292943],[34.79371465548019,31.26212715734221],[34.79373039628104,31.262129286522708],[34.7939476133374,31.26215793665233],[34.79415160944651,31.262282057558853],[34.794424386897475,31.262060879373006]]]}},{"type":"Feature","properties":{"yishuv_stat":"9000_211","stat_area":211,"index_popu":3317.0,"index_value":-0.241,"rank_2021":577.0,"cluster_2021":5.0,"socio_index":-0.241,"socio_cluster":5,"socio_rank":577},"geometry":{"type":"Polygon","coordinates":[[[34.789434204232364,31.26385426277779],[34.78941000236641,31.26374496513177],[34.789386422649194,31.26363818669885],[34.789351009046165,31.263453194025498],[34.78932909260326,31.263356965093305],[34.789300851664855,31.263230437053487],[34.789256113456325,31.263091586236815],[34.789213229112015,31.26295787682496],[34.78913844537254,31.26269833729128],[34.78913221190618,31.26268370722903],[34.789128055929936,31.26267466936245],[34.78903617415772,31.2624624271197],[34.788995282082055,31.262395607371566],[34.788770857476415,31.26202883557732],[34.78869340300698,31.261902136511218],[34.78846515645591,31.2615670672221],[34.78845557696644,31.26155102113297],[34.78830140784494,31.26129261849499],[34.78819589287922,31.261107173022445],[34.788183779890396,31.261085893985047],[34.787965132009994,31.26066814044417],[34.78795113065542,31.2606343530868],[34.78782362740948,31.2603265840034],[34.787779438936425,31.260158503734058],[34.787769594359546,31.260128529545668],[34.78773519112704,31.260025237613814],[34.78772277029402,31.25960301921939],[34.78768764591943,31.259064557556226],[34.78768549139476,31.259031369552922],[34.78742549699515,31.25906434777832],[34.78709100144276,31.259086884003764],[34.78703388301504,31.2590892283917],[34.78664912295399,31.259105201244896],[34.78619200397755,31.25912852254801],[34.78608690418172,31.259128950783346],[34.78588216422657,31.25912976885463],[34.785489369975394,31.259112706029963],[34.78537176700094,31.25909839191203],[34.785160936998196,31.259072765927716],[34.785112452458684,31.259064994819457],[34.78494879389215,31.259038784592857],[34.78475671842904,31.258997735273812],[34.7846769724098,31.2589806760558],[34.78443251918717,31.258928427643884],[34.78430905278289,31.25890537830909],[34.78421802209885,31.258888444268695],[34.7837812815434,31.258807239842834],[34.78373052721147,31.25879737739097],[34.78372473052988,31.258796242766135],[34.78318556083964,31.258691471643477],[34.78274911347938,31.258600929982695],[34.782577259769496,31.258570968608105],[34.782103923037205,31.258488327929282],[34.78182508724071,31.258432152871045],[34.78175986990614,31.258419021399547],[34.7815110249194,31.258377611013348],[34.781314541206285,31.258362809080595],[34.78107535156551,31.258368870628537],[34.780987872261164,31.25837697019956],[34.780985086337864,31.258409791191102],[34.78097732883919,31.25850266614744],[34.78094724686041,31.258654711756947],[34.780853927222914,31.25895826168506],[34.78076921037443,31.25930800467677],[34.78071475810895,31.25951138736495],[34.78070464191226,31.259542736627868],[34.7805715337758,31.259956162916573],[34.780532279855144,31.260123447357138],[34.780528438445124,31.26013984751404],[34.780494824024125,31.260282333781838],[34.780481150462194,31.260334145382046],[34.78047880252018,31.26034314854755],[34.7804764608166,31.260352165262088],[34.78042091390693,31.260562220960484],[34.78040744104794,31.260609043887087],[34.780367381058774,31.260748193453537],[34.780301900436775,31.260975615817074],[34.780130536137996,31.261569882931603],[34.7801027969057,31.261666629530993],[34.780088559273246,31.261724037322214],[34.78008642647357,31.261733044796003],[34.7800841844545,31.261742058222502],[34.78003979014411,31.26192679804236],[34.77997075634883,31.26210298942093],[34.7797873190593,31.26248848703599],[34.77963307231987,31.262812662189972],[34.77948450203333,31.263163912968174],[34.77952047500283,31.26317214720466],[34.77965243338195,31.26320225232527],[34.780197256575015,31.263291991605694],[34.78036568132911,31.26331754719768],[34.780717371495804,31.263370903676023],[34.78113554263092,31.263442811108895],[34.781176930015455,31.263449959686692],[34.78133519443473,31.263477289769845],[34.78134569550502,31.263479046066028],[34.7813562768411,31.26348069710299],[34.78183081601987,31.263562347059025],[34.78207256365156,31.263598050664175],[34.782622939762554,31.263694556783307],[34.78274400624623,31.263715781645637],[34.7828724317695,31.26373821111948],[34.78292264550454,31.263745074221227],[34.78321114199733,31.263787388405884],[34.783692887656876,31.263873390560057],[34.783694948408574,31.263873694933196],[34.78371260666372,31.263876254608945],[34.78372214298057,31.263877760432337],[34.78458733857579,31.26401439467261],[34.78519893294725,31.264090255781387],[34.78542214481159,31.264112991829073],[34.785432633510005,31.26411354190816],[34.78546066705473,31.264115012296095],[34.78551408684132,31.264117800121433],[34.78603919925684,31.2641352937419],[34.786354761166976,31.26413491896138],[34.786687243178136,31.264134520833565],[34.787366039842254,31.264134555143702],[34.78755167792546,31.264131197096628],[34.78793652517262,31.26412341753804],[34.78876598675832,31.264124929161575],[34.78911742978325,31.264120476091197],[34.789422943723636,31.264122001302695],[34.789434204232364,31.26385426277779]]]}},{"type":"Feature","properties":{"yishuv_stat":"9000_212","stat_area":212,"index_popu":4459.0,"index_value":-0.914,"rank_2021":297.0,"cluster_2021":3.0,"socio_index":-0.914,"socio_cluster":3,"socio_rank":297},"geometry":{"type":"Polygon","coordinates":[[[34.788220415708714,31.266063973771324],[34.7882366542058,31.266049951266886],[34.788252043552326,31.266034667857216],[34.78839040956181,31.265897673111045],[34.78855269290399,31.26573639521782],[34.78879507017814,31.265441265059028],[34.788892240058935,31.26530908526845],[34.789107184458196,31.264972095089664],[34.78914330565815,31.264898632793972],[34.78916280367874,31.264859013884656],[34.78923080633674,31.264721151396614],[34.78933004264438,31.264502755145465],[34.78939381535805,31.26427856682643],[34.78941746445331,31.264151655304506],[34.789422943723636,31.264122001302695],[34.78911742978325,31.264120476091197],[34.78876598675832,31.264124929161575],[34.78793652517262,31.26412341753804],[34.78755167792546,31.264131197096628],[34.787366039842254,31.264134555143702],[34.786687243178136,31.264134520833565],[34.786354761166976,31.26413491896138],[34.78603919925684,31.2641352937419],[34.78551408684132,31.264117800121433],[34.78546066705473,31.264115012296095],[34.785432633510005,31.26411354190816],[34.78542214481159,31.264112991829073],[34.78519893294725,31.264090255781387],[34.78458733857579,31.26401439467261],[34.78372214298057,31.263877760432337],[34.78371260666372,31.263876254608945],[34.783694948408574,31.263873694933196],[34.783692887656876,31.263873390560057],[34.78321114199733,31.263787388405884],[34.78292264550454,31.263745074221227],[34.7828724317695,31.26373821111948],[34.78274400624623,31.263715781645637],[34.782622939762554,31.263694556783307],[34.78207256365156,31.263598050664175],[34.78183081601987,31.263562347059025],[34.7813562768411,31.26348069710299],[34.78134569550502,31.263479046066028],[34.78133519443473,31.263477289769845],[34.781176930015455,31.263449959686692],[34.78113554263092,31.263442811108895],[34.780717371495804,31.263370903676023],[34.78036568132911,31.26331754719768],[34.780197256575015,31.263291991605694],[34.77965243338195,31.26320225232527],[34.77952047500283,31.26317214720466],[34.77948450203333,31.263163912968174],[34.77947526842695,31.263185799566532],[34.7793427223185,31.263500028639445],[34.7792047855902,31.26381175768771],[34.77920228244657,31.263817392608082],[34.77917577471605,31.2638765625836],[34.779036119757365,31.26418207073499],[34.778875769728735,31.264532866848974],[34.77858685016795,31.26516487283709],[34.778298073236826,31.265779457430405],[34.778289599841365,31.265797479097394],[34.7783106742351,31.265803226437793],[34.778325989719264,31.265807064297228],[34.778637690115,31.265885482226487],[34.778957916349384,31.26595698207905],[34.779197365175634,31.266003487379972],[34.77922102250243,31.26600808687872],[34.779395548750344,31.266049159516605],[34.77978105228382,31.266131616621898],[34.78014401264,31.266204412747697],[34.780154511595754,31.266206703962855],[34.78016499172132,31.266208979782665],[34.78073566184382,31.266324154614626],[34.78079315458614,31.266336802092074],[34.781038713278264,31.26639053932222],[34.781311057998266,31.266442215033482],[34.78182190902287,31.266550408521123],[34.781851385697095,31.266556636565376],[34.78255673081504,31.266706688766888],[34.78282791761112,31.26680453213934],[34.782838303293644,31.266808006059442],[34.78285927865799,31.26681559491653],[34.78296702988046,31.266854597488138],[34.78308933422685,31.26690748375405],[34.78350008110903,31.267097056504166],[34.78354041282333,31.267118661061826],[34.78375817635919,31.267235445136816],[34.784546812503805,31.26764495930364],[34.78489308265491,31.267811414968634],[34.78508614043823,31.267916210147078],[34.78514270660924,31.26794689069742],[34.78534557344362,31.268038271933893],[34.78546760176827,31.26796534334627],[34.78581491674563,31.26777824810207],[34.786109325173356,31.26763716341392],[34.786216675507745,31.26758068843066],[34.78639095748355,31.267489173917788],[34.786515075194934,31.267416877036396],[34.78652559250791,31.26741078010367],[34.78653612909265,31.26740459845395],[34.78662202756056,31.267354099728625],[34.78673468979708,31.267282938767536],[34.78674511431827,31.2672762092817],[34.78675921948152,31.267267235196908],[34.78695705918452,31.2671196088626],[34.787090569461,31.26701073732683],[34.78711239442641,31.266992131603327],[34.787122611846776,31.26698377618631],[34.787133162404,31.266974160990966],[34.78731263639379,31.26682087726264],[34.78739240449353,31.266756923383927],[34.7875101981233,31.26666251110772],[34.7877237177284,31.266484095685517],[34.78799056848644,31.266261100314498],[34.78808172138323,31.26618284534344],[34.78811323189974,31.26615588853975],[34.788220415708714,31.266063973771324]]]}},{"type":"Feature","properties":{"yishuv_stat":"9000_213","stat_area":213,"index_popu":3887.0,"index_value":-0.546,"rank_2021":411.0,"cluster_2021":4.0,"socio_index":-0.546,"socio_cluster":4,"socio_rank":411},"geometry":{"type":"Polygon","coordinates":[[[34.781431402921534,31.271687348509158],[34.78143822864667,31.27163875309424],[34.781466223369165,31.27143826873495],[34.78155882172694,31.27122753218604],[34.781659583198895,31.271031967138978],[34.78179237290768,31.27077428246077],[34.78194648717997,31.270523349918548],[34.782051340485346,31.270407600918563],[34.782303254683704,31.270129477702167],[34.7824530860459,31.269941919684296],[34.782669426188576,31.269720048654154],[34.7827429904236,31.26966310046969],[34.78286392289975,31.26956951725713],[34.78312551056639,31.269355640385154],[34.78321490538731,31.26929440566967],[34.7834144979872,31.269157626982732],[34.783679378997675,31.26899894259319],[34.78382306782184,31.26891807580988],[34.78412232261106,31.268749657820575],[34.78446506652185,31.268556788178437],[34.784836539139405,31.26832405174189],[34.7853281024215,31.26804804298972],[34.78534557344362,31.268038271933893],[34.78514270660924,31.26794689069742],[34.78508614043823,31.267916210147078],[34.78489308265491,31.267811414968634],[34.784546812503805,31.26764495930364],[34.78375817635919,31.267235445136816],[34.78354041282333,31.267118661061826],[34.78350008110903,31.267097056504166],[34.78308933422685,31.26690748375405],[34.78296702988046,31.266854597488138],[34.78285927865799,31.26681559491653],[34.782838303293644,31.266808006059442],[34.78282791761112,31.26680453213934],[34.78255673081504,31.266706688766888],[34.781851385697095,31.266556636565376],[34.78182190902287,31.266550408521123],[34.781311057998266,31.266442215033482],[34.781038713278264,31.26639053932222],[34.78079315458614,31.266336802092074],[34.78073566184382,31.266324154614626],[34.78016499172132,31.266208979782665],[34.780154511595754,31.266206703962855],[34.78014401264,31.266204412747697],[34.77978105228382,31.266131616621898],[34.779395548750344,31.266049159516605],[34.77922102250243,31.26600808687872],[34.779197365175634,31.266003487379972],[34.778957916349384,31.26595698207905],[34.778637690115,31.265885482226487],[34.778325989719264,31.265807064297228],[34.7783106742351,31.265803226437793],[34.778289599841365,31.265797479097394],[34.77828110575184,31.265815665743126],[34.77818771302249,31.266015847014923],[34.778094064743584,31.266175623971343],[34.77808711853527,31.266187440194113],[34.778052394626656,31.266246563714894],[34.77792632221055,31.266446811334095],[34.77774612911951,31.266638413016523],[34.7777253741341,31.26665125303185],[34.77758409214765,31.26673868053845],[34.777549546029334,31.266760058121402],[34.777270124256745,31.266859507823675],[34.777110464542524,31.266896178741376],[34.77697749561826,31.26692671961744],[34.776757079467664,31.266955928616625],[34.77668186352314,31.26696578502735],[34.77647579317741,31.266979161505688],[34.77625848281367,31.266992511934482],[34.775902364036284,31.267008282651112],[34.77589429870387,31.26700883658493],[34.775837843478485,31.267012713212612],[34.77535505769748,31.267045864403393],[34.77528747601536,31.267054553168464],[34.775277544770034,31.2670558214527],[34.775132641375016,31.26707443170111],[34.774935460812436,31.267118875236577],[34.77484152932928,31.267151973157983],[34.7747546786402,31.267182576573042],[34.77457988987281,31.267268212998104],[34.7744341143665,31.267363507306165],[34.77441518260789,31.267375883892885],[34.7742482047965,31.267515517569887],[34.77423462513231,31.267526891090416],[34.77405437717458,31.26770558472637],[34.774046659807965,31.267717830152865],[34.77394947447012,31.267871452009217],[34.77394386338779,31.267880454031722],[34.77393804964226,31.267889458982715],[34.77389680010801,31.267954792528467],[34.773808457567256,31.268101429805128],[34.77369113039769,31.268296194535782],[34.773685840564085,31.268305196720817],[34.77368033756251,31.268314202700715],[34.7736378392635,31.268385072350384],[34.77361961600541,31.268415463058222],[34.773617366971386,31.268419608774263],[34.77315549411601,31.26927404953581],[34.773190489509396,31.269289136713716],[34.77360220870486,31.269466619082955],[34.773862802845336,31.2695789537961],[34.7738720510674,31.26958294863307],[34.774470578006216,31.269840966841212],[34.775771114320385,31.27035343758092],[34.77642457736173,31.27061092194015],[34.77703478520252,31.270851345799663],[34.77795926000174,31.2712184267605],[34.77808772950552,31.271253853972926],[34.77819721172601,31.271284065527507],[34.77825037812203,31.271298752526484],[34.77849588417339,31.271366498281697],[34.778526219832735,31.271370658271604],[34.77870107453535,31.27139472401122],[34.779054681680044,31.271443380860394],[34.779827536840386,31.2715322556876],[34.78047074911582,31.27161094691805],[34.78078191020992,31.27164904925179],[34.78108974895644,31.271686745758743],[34.781269290009455,31.271708732839404],[34.78131210097164,31.271713928045138],[34.78141441745732,31.271726434208567],[34.781425979380614,31.271726206202906],[34.781431402921534,31.271687348509158]]]}},{"type":"Feature","properties":{"yishuv_stat":"9000_214","stat_area":214,"index_popu":5033.0,"index_value":-0.07,"rank_2021":690.0,"cluster_2021":5.0,"socio_index":-0.07,"socio_cluster":5,"socio_rank":690},"geometry":{"type":"Polygon","coordinates":[[[34.77826872459576,31.265790641112698],[34.777939938675246,31.26568303507552],[34.77764683197835,31.26555687640659],[34.77759509445639,31.265548318723646],[34.77732856458754,31.26544425579141],[34.77704371193962,31.26532723689518],[34.777009567550486,31.265313148389783],[34.77699435431717,31.265306687983713],[34.77669136853706,31.265181760559155],[34.77638207974631,31.265060053768917],[34.77567687100999,31.2647690947758],[34.775666400364,31.264764549437828],[34.77565591466507,31.264760546993653],[34.77553320389522,31.264709450711102],[34.77504593305273,31.26449416423693],[34.7750300374831,31.264487964674952],[34.77485916670207,31.2644213997764],[34.774743425901086,31.264383392788286],[34.77459413614901,31.264334462413437],[34.77456928412993,31.26432626489345],[34.77455880514733,31.264322886498494],[34.77454820663127,31.264319704317494],[34.77433831975653,31.264249999490914],[34.77416979128693,31.264209356760812],[34.77414869980316,31.264204270682058],[34.77406898332332,31.264186418521923],[34.77350489844075,31.26405996878717],[34.77334074872302,31.264023076231457],[34.7732919842569,31.264011184344476],[34.77320011166921,31.26398989160446],[34.7727687135627,31.263889919830966],[34.77276125840585,31.263888187494366],[34.772708074847124,31.263875834104187],[34.77266780871442,31.26386650396631],[34.772651026292,31.263863743690802],[34.77256697818411,31.263849836300885],[34.77223482692986,31.263794969261212],[34.77145799628909,31.263649851712696],[34.77062133585052,31.263411543313588],[34.77058537162837,31.26340132063242],[34.77057698757203,31.263419968011533],[34.770551821770646,31.26348301708406],[34.770546428372256,31.26349147224445],[34.77040301110226,31.263718163542006],[34.77006018256865,31.26415894894984],[34.76975280441914,31.264631417129493],[34.769674331352796,31.264751728731497],[34.76963085034828,31.26482572606662],[34.769630176303835,31.264826864691766],[34.769491583770744,31.265062669602493],[34.769345648566244,31.265310968788615],[34.76915789242843,31.265684620325928],[34.769044928193786,31.265909700407054],[34.768805400263126,31.26627976861627],[34.768627903864285,31.266496164323772],[34.76857756991025,31.26655010230389],[34.768614981207065,31.266569173594657],[34.7686656775215,31.266594954965527],[34.76875590086223,31.266656962584147],[34.76915218095216,31.266929223695378],[34.76997736448983,31.267508883274004],[34.770347622420864,31.267768968168706],[34.770791979829006,31.268044364673116],[34.77097360576996,31.268153742989597],[34.7716066370224,31.26853496607264],[34.7720901533799,31.268812392073105],[34.77237528997152,31.268938535673815],[34.77242673922119,31.268961345430256],[34.772508681376415,31.268997600367538],[34.77254274988509,31.2690121218202],[34.773023242664706,31.269216965402858],[34.77315549411601,31.26927404953581],[34.773617366971386,31.268419608774263],[34.77361961600541,31.268415463058222],[34.7736378392635,31.268385072350384],[34.77368033756251,31.268314202700715],[34.773685840564085,31.268305196720817],[34.77369113039769,31.268296194535782],[34.773808457567256,31.268101429805128],[34.77389680010801,31.267954792528467],[34.77393804964226,31.267889458982715],[34.77394386338779,31.267880454031722],[34.77394947447012,31.267871452009217],[34.774046659807965,31.267717830152865],[34.77405437717458,31.26770558472637],[34.77423462513231,31.267526891090416],[34.7742482047965,31.267515517569887],[34.77441518260789,31.267375883892885],[34.7744341143665,31.267363507306165],[34.77457988987281,31.267268212998104],[34.7747546786402,31.267182576573042],[34.77484152932928,31.267151973157983],[34.774935460812436,31.267118875236577],[34.775132641375016,31.26707443170111],[34.775277544770034,31.2670558214527],[34.77528747601536,31.267054553168464],[34.77535505769748,31.267045864403393],[34.775837843478485,31.267012713212612],[34.77589429870387,31.26700883658493],[34.775902364036284,31.267008282651112],[34.77625848281367,31.266992511934482],[34.77647579317741,31.266979161505688],[34.77668186352314,31.26696578502735],[34.776757079467664,31.266955928616625],[34.77697749561826,31.26692671961744],[34.777110464542524,31.266896178741376],[34.777270124256745,31.266859507823675],[34.777549546029334,31.266760058121402],[34.77758409214765,31.26673868053845],[34.7777253741341,31.26665125303185],[34.77774612911951,31.266638413016523],[34.77792632221055,31.266446811334095],[34.778052394626656,31.266246563714894],[34.77808711853527,31.266187440194113],[34.778094064743584,31.266175623971343],[34.77818771302249,31.266015847014923],[34.77828110575184,31.265815665743126],[34.778289599841365,31.265797479097394],[34.77826872459576,31.265790641112698]]]}},{"type":"Feature","properties":{"yishuv_stat":"9000_215","stat_area":215,"index_popu":1630.0,"index_value":-1.084,"rank_2021":250.0,"cluster_2021":3.0,"socio_index":-1.084,"socio_cluster":3,"socio_rank":250},"geometry":{"type":"Polygon","coordinates":[[[34.77944338640501,31.263154752601224],[34.778762140805476,31.262952456500035],[34.7787217934987,31.26293987572848],[34.77840315467276,31.26283961169965],[34.77791717659132,31.26266717890123],[34.7778962057533,31.26266097728257],[34.77788320496521,31.262656880993056],[34.77782418446632,31.262638536148522],[34.77781835181168,31.262636726514824],[34.77769249027209,31.2625976243432],[34.777490168579234,31.262529550645834],[34.77733374898503,31.262476923613292],[34.77713369807495,31.262414841022267],[34.777103076869736,31.262405262941055],[34.776966903639035,31.262360537593946],[34.776943315050104,31.262352793881163],[34.77693282149891,31.262349415631085],[34.77692233736116,31.26234604552858],[34.77644230250244,31.262188602119245],[34.776399509762804,31.262174565827404],[34.77638912407056,31.26217172452398],[34.776378647276864,31.262168364322626],[34.77587467424654,31.262003143150107],[34.775833074700614,31.26198950387767],[34.77542254216173,31.261851135443685],[34.775416741789236,31.261849173387592],[34.775105751879934,31.26174419355351],[34.774970507541134,31.261698561886305],[34.77469378407247,31.26159842240737],[34.77439306864366,31.261508407094407],[34.774075353986504,31.261400917536342],[34.774053007110666,31.26139335512659],[34.773551757311544,31.261233931416857],[34.773335810028634,31.261159247794755],[34.77328867165488,31.261141724474943],[34.77308048344493,31.261064323764977],[34.772971127948374,31.261007587874435],[34.7728962616006,31.260962788008605],[34.772862017985766,31.260942374835487],[34.77283721060278,31.260927595050443],[34.77282672307734,31.260920883056073],[34.77281693344295,31.26092923607157],[34.7726277882137,31.261080209677402],[34.77223731025765,31.261453193052542],[34.7719698485503,31.261714386215193],[34.771763533935605,31.26190038022415],[34.77169698579794,31.261966096962773],[34.77143987506577,31.2622200400714],[34.77129546514695,31.262362658310092],[34.77128163658148,31.2623775814787],[34.77113403159043,31.262536899199738],[34.77107009392492,31.262612000572805],[34.77093641880029,31.262769015565524],[34.770772742961306,31.263068256508365],[34.770622713081636,31.26331703137321],[34.77058833980895,31.263394207431414],[34.77058537162837,31.26340132063242],[34.77062133585052,31.263411543313588],[34.77145799628909,31.263649851712696],[34.77223482692986,31.263794969261212],[34.77256697818411,31.263849836300885],[34.772651026292,31.263863743690802],[34.77266780871442,31.26386650396631],[34.772708074847124,31.263875834104187],[34.77276125840585,31.263888187494366],[34.7727687135627,31.263889919830966],[34.77320011166921,31.26398989160446],[34.7732919842569,31.264011184344476],[34.77334074872302,31.264023076231457],[34.77350489844075,31.26405996878717],[34.77406898332332,31.264186418521923],[34.77414869980316,31.264204270682058],[34.77416979128693,31.264209356760812],[34.77433831975653,31.264249999490914],[34.77454820663127,31.264319704317494],[34.77455880514733,31.264322886498494],[34.77456928412993,31.26432626489345],[34.77459413614901,31.264334462413437],[34.774743425901086,31.264383392788286],[34.77485916670207,31.2644213997764],[34.7750300374831,31.264487964674952],[34.77504593305273,31.26449416423693],[34.77553320389522,31.264709450711102],[34.77565591466507,31.264760546993653],[34.775666400364,31.264764549437828],[34.77567687100999,31.2647690947758],[34.77638207974631,31.265060053768917],[34.77669136853706,31.265181760559155],[34.77699435431717,31.265306687983713],[34.777009567550486,31.265313148389783],[34.77704371193962,31.26532723689518],[34.77732856458754,31.26544425579141],[34.77759509445639,31.265548318723646],[34.77764683197835,31.26555687640659],[34.777939938675246,31.26568303507552],[34.77826872459576,31.265790641112698],[34.778289599841365,31.265797479097394],[34.778298073236826,31.265779457430405],[34.77858685016795,31.26516487283709],[34.778875769728735,31.264532866848974],[34.779036119757365,31.26418207073499],[34.77917577471605,31.2638765625836],[34.77920228244657,31.263817392608082],[34.7792047855902,31.26381175768771],[34.7793427223185,31.263500028639445],[34.77947526842695,31.263185799566532],[34.77948450203333,31.263163912968174],[34.77944338640501,31.263154752601224]]]}},{"type":"Feature","properties":{"yishuv_stat":"9000_216","stat_area":216,"index_popu":3175.0,"index_value":-1.394,"rank_2021":178.0,"cluster_2021":2.0,"socio_index":-1.394,"socio_cluster":2,"socio_rank":178},"geometry":{"type":"Polygon","coordinates":[[[34.780581606027994,31.258413421051845],[34.780394680342496,31.258439073416675],[34.780164436813145,31.2584706694924],[34.77981530866144,31.258548973493394],[34.77940814699885,31.2586462979143],[34.779101619480144,31.258719597259162],[34.77852224424155,31.25885811245317],[34.7781176788839,31.2589153896733],[34.778073070925075,31.258917731883095],[34.777795588256,31.258932364567997],[34.777792771835436,31.25893226503041],[34.777467127177225,31.258921253892932],[34.77743227146176,31.25891804549366],[34.77721840530742,31.258898337241856],[34.77708601358145,31.258876434612382],[34.776908072953944,31.25884715703183],[34.77678956561039,31.25882375892143],[34.7766990172616,31.25880588860066],[34.776373290376206,31.25870224541402],[34.77625676348638,31.258651623164155],[34.77624628894557,31.25864761809956],[34.776235810520475,31.258643078192904],[34.775976265026394,31.258532357140847],[34.77587933803111,31.258489375856726],[34.77583919722479,31.25847156293588],[34.77582876700026,31.25848145991231],[34.775739032984355,31.258566476173893],[34.77526081342709,31.25898200953034],[34.775060299361655,31.25914503073616],[34.77488915975366,31.25928416458489],[34.77479547881951,31.25936032562944],[34.774702231552034,31.25943226895406],[34.77440985512573,31.25965765970365],[34.77379529937329,31.26013162192931],[34.7729203337415,31.260822082797702],[34.77282672307734,31.260920883056073],[34.77283721060278,31.260927595050443],[34.772862017985766,31.260942374835487],[34.7728962616006,31.260962788008605],[34.772971127948374,31.261007587874435],[34.77308048344493,31.261064323764977],[34.77328867165488,31.261141724474943],[34.773335810028634,31.261159247794755],[34.773551757311544,31.261233931416857],[34.774053007110666,31.26139335512659],[34.774075353986504,31.261400917536342],[34.77439306864366,31.261508407094407],[34.77469378407247,31.26159842240737],[34.774970507541134,31.261698561886305],[34.775105751879934,31.26174419355351],[34.775416741789236,31.261849173387592],[34.77542254216173,31.261851135443685],[34.775833074700614,31.26198950387767],[34.77587467424654,31.262003143150107],[34.776378647276864,31.262168364322626],[34.77638912407056,31.26217172452398],[34.776399509762804,31.262174565827404],[34.77644230250244,31.262188602119245],[34.77692233736116,31.26234604552858],[34.77693282149891,31.262349415631085],[34.776943315050104,31.262352793881163],[34.776966903639035,31.262360537593946],[34.777103076869736,31.262405262941055],[34.77713369807495,31.262414841022267],[34.77733374898503,31.262476923613292],[34.777490168579234,31.262529550645834],[34.77769249027209,31.2625976243432],[34.77781835181168,31.262636726514824],[34.77782418446632,31.262638536148522],[34.77788320496521,31.262656880993056],[34.7778962057533,31.26266097728257],[34.77791717659132,31.26266717890123],[34.77840315467276,31.26283961169965],[34.7787217934987,31.26293987572848],[34.778762140805476,31.262952456500035],[34.77944338640501,31.263154752601224],[34.77948450203333,31.263163912968174],[34.77963307231987,31.262812662189972],[34.7797873190593,31.26248848703599],[34.77997075634883,31.26210298942093],[34.78003979014411,31.26192679804236],[34.7800841844545,31.261742058222502],[34.78008642647357,31.261733044796003],[34.780088559273246,31.261724037322214],[34.7801027969057,31.261666629530993],[34.780130536137996,31.261569882931603],[34.780301900436775,31.260975615817074],[34.780367381058774,31.260748193453537],[34.78040744104794,31.260609043887087],[34.78042091390693,31.260562220960484],[34.7804764608166,31.260352165262088],[34.78047880252018,31.26034314854755],[34.780481150462194,31.260334145382046],[34.780494824024125,31.260282333781838],[34.780528438445124,31.26013984751404],[34.780532279855144,31.260123447357138],[34.7805715337758,31.259956162916573],[34.78070464191226,31.259542736627868],[34.78071475810895,31.25951138736495],[34.78076921037443,31.25930800467677],[34.780853927222914,31.25895826168506],[34.78094724686041,31.258654711756947],[34.78097732883919,31.25850266614744],[34.780985086337864,31.258409791191102],[34.780987872261164,31.25837697019956],[34.780581606027994,31.258413421051845]]]}},{"type":"Feature","properties":{"yishuv_stat":"9000_221","stat_area":221,"index_popu":2749.0,"index_value":-1.082,"rank_2021":252.0,"cluster_2021":3.0,"socio_index":-1.082,"socio_cluster":3,"socio_rank":252},"geometry":{"type":"Polygon","coordinates":[[[34.77555181271643,31.258315570102575],[34.775533603645314,31.258302524658408],[34.775523146373466,31.258295179847195],[34.775320524955085,31.258152995116216],[34.77531160006996,31.258145756416145],[34.77507786210761,31.25795640434347],[34.77505849555374,31.257940717802708],[34.77479652625679,31.257666744600627],[34.77477729626027,31.257646660796272],[34.77462755789811,31.257454134336665],[34.774573338888686,31.25738442176068],[34.77452021932496,31.257313518719137],[34.774483182212876,31.257264077909664],[34.77440908293519,31.257165421650136],[34.77440000599548,31.257153315710767],[34.774290579599025,31.257043099664017],[34.774282431667196,31.257034501618826],[34.77426498398745,31.257014782658285],[34.77424077183264,31.256984214618218],[34.77410891732971,31.25682008427529],[34.774101606742335,31.25681113096607],[34.77409597587205,31.256803352145333],[34.7740839671303,31.25678860912634],[34.7740765483799,31.256779662668816],[34.77407091938981,31.2567717016689],[34.773965035337056,31.25662208134443],[34.77391984655891,31.256566623537832],[34.773774394424485,31.25638811787854],[34.773720850143285,31.256322681316366],[34.77348476299387,31.2560341506422],[34.773297112452724,31.25580986488388],[34.77308545382744,31.25555689534859],[34.77278934859536,31.255202980567592],[34.77276605170136,31.255175202199695],[34.7727400571852,31.255144086747237],[34.77242461737673,31.255343068284713],[34.77217055957617,31.25552493529882],[34.77216007408674,31.25553243363621],[34.77192884956326,31.255697980343466],[34.77146284854805,31.256031595768953],[34.77144842041448,31.256041919958136],[34.77091329970736,31.256478797470177],[34.77090775472824,31.256497085590706],[34.77087120239463,31.256617726179737],[34.77079420668556,31.25687116627024],[34.77066431039008,31.257298687106395],[34.77035124409862,31.257560597165355],[34.770275933524715,31.25762359326098],[34.7702599178766,31.257637068609057],[34.76940462549532,31.258352569361946],[34.76929568258937,31.258443715763466],[34.76932948705103,31.258468637008036],[34.76943432673396,31.25854583208643],[34.76944155999197,31.25855143302453],[34.76967808935956,31.25873479082939],[34.76985908277519,31.25887542405017],[34.76992163329808,31.25892402886257],[34.77013256519841,31.25908094842838],[34.77013906791785,31.25908583796396],[34.770143034387225,31.25908882764176],[34.77015350604269,31.259096168426982],[34.77030856820273,31.259211144479856],[34.77082199121065,31.259595643754036],[34.77088060885629,31.259635259102982],[34.77133652152008,31.259946867224688],[34.77142334895331,31.260003858714857],[34.77159440177419,31.26011615161235],[34.771723198827694,31.260200702038762],[34.77188345675908,31.26030157620889],[34.77188525743545,31.26030270964575],[34.771895734940536,31.260309517284718],[34.77190620202223,31.26031630865352],[34.77210067775865,31.260446029580798],[34.77223622108071,31.260540097409145],[34.77224668150208,31.26054743979007],[34.77225715243636,31.260554779499785],[34.77241413875338,31.260663535457578],[34.77247988644247,31.260704347415714],[34.77249035045188,31.260711140530496],[34.7725008210813,31.26071740244633],[34.772750935866426,31.26087382525853],[34.77281625659515,31.260914622984473],[34.77282672307734,31.260920883056073],[34.7729203337415,31.260822082797702],[34.77379529937329,31.26013162192931],[34.77440985512573,31.25965765970365],[34.774702231552034,31.25943226895406],[34.77479547881951,31.25936032562944],[34.77488915975366,31.25928416458489],[34.775060299361655,31.25914503073616],[34.77526081342709,31.25898200953034],[34.775739032984355,31.258566476173893],[34.77582876700026,31.25848145991231],[34.77583919722479,31.25847156293588],[34.77555181271643,31.258315570102575]]]}},{"type":"Feature","properties":{"yishuv_stat":"9000_222","stat_area":222,"index_popu":2902.0,"index_value":-1.288,"rank_2021":202.0,"cluster_2021":2.0,"socio_index":-1.288,"socio_cluster":2,"socio_rank":202},"geometry":{"type":"Polygon","coordinates":[[[34.77270820577877,31.255106001556946],[34.77267196961432,31.25506251186068],[34.772497804190294,31.254845566607663],[34.7724740506419,31.25481597472899],[34.77240290880398,31.254732021940775],[34.77224222206772,31.25454237082745],[34.772072512276196,31.254320298221767],[34.77196368792663,31.254177882463573],[34.77188733810863,31.25408969547099],[34.77170321445097,31.253878477882978],[34.77167722254331,31.253847634596934],[34.77164066941172,31.25380594554233],[34.77155606262417,31.253708685368824],[34.771509384243906,31.25365496236331],[34.77148036422218,31.253618249175812],[34.77147337367619,31.25360920840686],[34.77144823457218,31.25357602299813],[34.77144206137439,31.253568697694124],[34.771431630244976,31.25355603772273],[34.77108227348326,31.253111938696588],[34.77106390894497,31.2530886924716],[34.771056488494516,31.253079553726874],[34.771049397242045,31.253070513497008],[34.771036346345994,31.253053606619154],[34.771004909201054,31.253014306633663],[34.77067422060362,31.252600889031893],[34.77058822347839,31.252493367983384],[34.77058112810998,31.25248386954665],[34.77057370589551,31.25247536660956],[34.77052861132733,31.252418304332224],[34.77041494728377,31.25227641205502],[34.770328392296605,31.25217186162041],[34.770294255035914,31.25213061956348],[34.770269093361215,31.25209932964554],[34.77004716914754,31.252166948787234],[34.76945452800968,31.252306446433735],[34.76921901333343,31.25236319080811],[34.76874035871388,31.252478642914753],[34.76781179691004,31.252702621680868],[34.76706288814482,31.252883252574854],[34.76658953801422,31.25299741593762],[34.76595547873027,31.253147945315305],[34.765968651526684,31.253181898180785],[34.76598774285992,31.25323093661403],[34.76599946255424,31.253260834074855],[34.76614569153277,31.253604688874308],[34.76636202157368,31.254113816153378],[34.76641324715909,31.254237602775255],[34.766448340346024,31.254322409197048],[34.76662999779961,31.25476130845588],[34.76679472006632,31.25512659872955],[34.766808624300424,31.255160741587645],[34.76702278877367,31.255679979648413],[34.76708045445908,31.255819789451103],[34.767183683266815,31.256044335523484],[34.76724290233651,31.256173169868912],[34.76743489506841,31.256474956162812],[34.767457104915025,31.2565098505051],[34.76752243942448,31.256612620681476],[34.76760437196798,31.256741503186227],[34.76777235822955,31.256970351710763],[34.76784520439687,31.25705938871358],[34.76790368724321,31.257130883603168],[34.76802586893501,31.257273883793715],[34.768047176480955,31.25729686805397],[34.76805355415194,31.257304014732185],[34.76819353944525,31.25745492445265],[34.76822185048436,31.257484601115728],[34.76844904294593,31.25771491229854],[34.76845395523539,31.257719960671615],[34.76845782248935,31.257723954784126],[34.76846691442166,31.257733101145337],[34.76847799009125,31.257743964240223],[34.768487076594404,31.257752922084048],[34.76849596870982,31.257762143525408],[34.76859273334004,31.257854649657073],[34.76864753585932,31.25790705198431],[34.76867283819572,31.25792941744896],[34.768828764521764,31.258072144338076],[34.768879949729296,31.25811898490353],[34.7691221743424,31.25831225328795],[34.769178604989015,31.258357279733378],[34.769191472446245,31.258366884366367],[34.76929568258937,31.258443715763466],[34.76940462549532,31.258352569361946],[34.7702599178766,31.257637068609057],[34.770275933524715,31.25762359326098],[34.77035124409862,31.257560597165355],[34.77066431039008,31.257298687106395],[34.77079420668556,31.25687116627024],[34.77087120239463,31.256617726179737],[34.77090775472824,31.256497085590706],[34.77091329970736,31.256478797470177],[34.77144842041448,31.256041919958136],[34.77146284854805,31.256031595768953],[34.77192884956326,31.255697980343466],[34.77216007408674,31.25553243363621],[34.77217055957617,31.25552493529882],[34.77242461737673,31.255343068284713],[34.7727400571852,31.255144086747237],[34.77270820577877,31.255106001556946]]]}},{"type":"Feature","properties":{"yishuv_stat":"9000_223","stat_area":223,"index_popu":2247.0,"index_value":-0.33,"rank_2021":527.0,"cluster_2021":5.0,"socio_index":-0.33,"socio_cluster":5,"socio_rank":527},"geometry":{"type":"Polygon","coordinates":[[[34.76662999779961,31.25476130845588],[34.766448340346024,31.254322409197048],[34.76641324715909,31.254237602775255],[34.76636202157368,31.254113816153378],[34.76614569153277,31.253604688874308],[34.76599946255424,31.253260834074855],[34.76598774285992,31.25323093661403],[34.765968651526684,31.253181898180785],[34.76595547873027,31.253147945315305],[34.76517942941527,31.253331894431057],[34.76481196810254,31.253423004974618],[34.76462080469079,31.253470414439153],[34.76461008150589,31.253473171848963],[34.76403999536349,31.253614356718398],[34.76397231046026,31.253631076102426],[34.76377428584182,31.25368000304772],[34.76296352880334,31.253877262606082],[34.76279228559645,31.25392573795026],[34.76258943311962,31.25397635828642],[34.76194575451949,31.254116194079067],[34.761780724720026,31.25415964601527],[34.76168538150766,31.254187273967364],[34.76166082609466,31.254194391991287],[34.76161557025192,31.254207508513815],[34.76143596519571,31.254271195389407],[34.76122453279242,31.25435894417701],[34.76111332463443,31.254411598009508],[34.76106512886378,31.254434414981578],[34.760909127300785,31.25452244729539],[34.76077604888226,31.25460261186556],[34.76068862854802,31.254666738441625],[34.76063151826607,31.254708639395876],[34.76047242230863,31.254830921952493],[34.76021306256883,31.2550865279231],[34.76013324480259,31.25517792684754],[34.76004861381818,31.255274819704816],[34.75985566786777,31.2555395788016],[34.75961089234079,31.255865040262695],[34.75883832269731,31.256894800780533],[34.75883301069262,31.256901880335768],[34.75886147603128,31.256921736966138],[34.75886639257903,31.256925090142193],[34.75895053085447,31.256984004460612],[34.759100283957,31.257109169771727],[34.75930565657349,31.25730775021689],[34.75941098442887,31.257412915881243],[34.7595395119658,31.257541973763587],[34.75957494953553,31.25757690620541],[34.75964528957237,31.257644252902058],[34.75976048062689,31.25775414951015],[34.760154752906246,31.258160801262743],[34.76017986245977,31.25818670137198],[34.760416246286844,31.258422005318582],[34.760461710289356,31.258466723508487],[34.76079603234467,31.258817906699566],[34.760830675005344,31.258706460101926],[34.760906237764424,31.258599576707947],[34.761007822012225,31.25851983647564],[34.76104838115824,31.258515382088298],[34.76116045401246,31.25850295527502],[34.761496465349396,31.258492930810757],[34.76145915519928,31.258413615266726],[34.76145153922342,31.25839744588131],[34.761414079065915,31.25823830968857],[34.761403003026786,31.258047164823367],[34.761405542046575,31.257907919920854],[34.76146412618578,31.25770518756103],[34.761477216805616,31.257666360695023],[34.76149340374102,31.257619614072283],[34.76158175197768,31.257425555875948],[34.76173468135417,31.257154212370086],[34.76173685359837,31.25715037594419],[34.76175019431288,31.25712675958309],[34.7617654382928,31.25709980011019],[34.76193843218719,31.256805400662],[34.762047774578775,31.256619324054654],[34.76224453315211,31.256256984477137],[34.762267786164344,31.2562221617454],[34.76230530028942,31.25623807405835],[34.762313163842805,31.256241438140655],[34.76282427103359,31.256460733712604],[34.76295769364919,31.256506917514848],[34.76306696703984,31.256534886427954],[34.76311386114905,31.256541275055962],[34.76315467915136,31.256546648913822],[34.76321867790561,31.256555254468324],[34.76346814407738,31.256574507427583],[34.76354108401705,31.25658007702394],[34.76366763884189,31.25658989438754],[34.76368038399119,31.25659107808981],[34.76441847382419,31.25665922173329],[34.764580640664484,31.256674192701492],[34.76459523661051,31.25667540789897],[34.76460594463421,31.25667599920513],[34.76478676922634,31.256689057678916],[34.764880972993446,31.25668315668968],[34.76497887473166,31.256650210302308],[34.765182933153014,31.25652013818099],[34.76527032046827,31.256420680931548],[34.76536380257815,31.25636580292206],[34.76547286755986,31.256349762560344],[34.76561842509611,31.256314813830695],[34.76576649915764,31.256239198626954],[34.765902693689675,31.25616246675762],[34.76594649345479,31.256122605064313],[34.765956998459586,31.256113048261128],[34.765887488508156,31.256023695984034],[34.76585471720321,31.25598074291903],[34.7657919586477,31.255907837265664],[34.76572460221973,31.255806688148237],[34.76566893250962,31.255609155588147],[34.765649801064335,31.255522871120245],[34.76564763497042,31.255513842898427],[34.76565502547548,31.255234273838656],[34.765683172806334,31.255238194873606],[34.7656882822623,31.255238914893496],[34.765704542264366,31.255241212514818],[34.7659202216004,31.25525493578077],[34.76613261403722,31.255253405325934],[34.76636799662848,31.25522994553783],[34.766556617523804,31.25519171703457],[34.76679472006632,31.25512659872955],[34.76662999779961,31.25476130845588]]]}},{"type":"Feature","properties":{"yishuv_stat":"9000_224","stat_area":224,"index_popu":2005.0,"index_value":-0.329,"rank_2021":528.0,"cluster_2021":5.0,"socio_index":-0.329,"socio_cluster":5,"socio_rank":528},"geometry":{"type":"Polygon","coordinates":[[[34.764612867867356,31.260413681547277],[34.76476582669177,31.260257275706117],[34.76461502976097,31.259981154894277],[34.764637990880885,31.259859391930345],[34.76467620518141,31.259667141594676],[34.76477434894064,31.25943020766762],[34.76484197880421,31.259334247513053],[34.764878904662936,31.259269245641462],[34.76491288105768,31.25918639675946],[34.76495125638134,31.25906027973005],[34.76497273751083,31.25895574516795],[34.765028275115746,31.258750327522442],[34.765130102918334,31.258523426003418],[34.76521075016089,31.25833613030564],[34.765305116523884,31.25810606722072],[34.765378955073565,31.25804773818382],[34.76549836767384,31.257912089526364],[34.76558673948893,31.25782924578236],[34.76569272750895,31.257742682228127],[34.76583399621953,31.257637343208607],[34.7659376659494,31.25754640272324],[34.766074144428245,31.257466083899498],[34.766215778974356,31.257341141049043],[34.766364738551985,31.257237478130623],[34.76651850943599,31.257163597809264],[34.76667955649604,31.257121627933447],[34.76673171956849,31.257079287169468],[34.7667945347062,31.257002104280367],[34.766762391824166,31.25696636970884],[34.76670948013358,31.256897015449866],[34.766844767541855,31.256830576521704],[34.76736259237797,31.256536581771574],[34.76743489506841,31.256474956162812],[34.76724290233651,31.256173169868912],[34.767183683266815,31.256044335523484],[34.76708045445908,31.255819789451103],[34.76702278877367,31.255679979648413],[34.766808624300424,31.255160741587645],[34.76679472006632,31.25512659872955],[34.766556617523804,31.25519171703457],[34.76636799662848,31.25522994553783],[34.76613261403722,31.255253405325934],[34.7659202216004,31.25525493578077],[34.765704542264366,31.255241212514818],[34.7656882822623,31.255238914893496],[34.765683172806334,31.255238194873606],[34.76565502547548,31.255234273838656],[34.76564763497042,31.255513842898427],[34.765649801064335,31.255522871120245],[34.76566893250962,31.255609155588147],[34.76572460221973,31.255806688148237],[34.7657919586477,31.255907837265664],[34.76585471720321,31.25598074291903],[34.765887488508156,31.256023695984034],[34.765956998459586,31.256113048261128],[34.76594649345479,31.256122605064313],[34.765902693689675,31.25616246675762],[34.76576649915764,31.256239198626954],[34.76561842509611,31.256314813830695],[34.76547286755986,31.256349762560344],[34.76536380257815,31.25636580292206],[34.76527032046827,31.256420680931548],[34.765182933153014,31.25652013818099],[34.76497887473166,31.256650210302308],[34.764880972993446,31.25668315668968],[34.76478676922634,31.256689057678916],[34.76460594463421,31.25667599920513],[34.76459523661051,31.25667540789897],[34.764580640664484,31.256674192701492],[34.76441847382419,31.25665922173329],[34.76368038399119,31.25659107808981],[34.76366763884189,31.25658989438754],[34.76354108401705,31.25658007702394],[34.76346814407738,31.256574507427583],[34.76321867790561,31.256555254468324],[34.76315467915136,31.256546648913822],[34.76311386114905,31.256541275055962],[34.76306696703984,31.256534886427954],[34.76295769364919,31.256506917514848],[34.76282427103359,31.256460733712604],[34.762313163842805,31.256241438140655],[34.76230530028942,31.25623807405835],[34.762267786164344,31.2562221617454],[34.76224453315211,31.256256984477137],[34.762047774578775,31.256619324054654],[34.76193843218719,31.256805400662],[34.7617654382928,31.25709980011019],[34.76175019431288,31.25712675958309],[34.76173685359837,31.25715037594419],[34.76173468135417,31.257154212370086],[34.76158175197768,31.257425555875948],[34.76149340374102,31.257619614072283],[34.761477216805616,31.257666360695023],[34.76146412618578,31.25770518756103],[34.761405542046575,31.257907919920854],[34.761403003026786,31.258047164823367],[34.761414079065915,31.25823830968857],[34.76145153922342,31.25839744588131],[34.76145915519928,31.258413615266726],[34.761496465349396,31.258492930810757],[34.76116045401246,31.25850295527502],[34.76104838115824,31.258515382088298],[34.761007822012225,31.25851983647564],[34.760906237764424,31.258599576707947],[34.760830675005344,31.258706460101926],[34.76079603234467,31.258817906699566],[34.76082424360514,31.25884740424993],[34.761063596673885,31.2590984211606],[34.76169440458794,31.259721737718806],[34.76212027851204,31.260165128401404],[34.76232199253199,31.26036144748988],[34.76252366156919,31.26056850234275],[34.76275768981474,31.260816150821697],[34.76276332649626,31.260822756776335],[34.762883314090836,31.26096143230512],[34.76293396035239,31.261020222651986],[34.762944418833534,31.26103009290709],[34.763012154822526,31.26109381669516],[34.76302176986463,31.261102864219048],[34.7630313932658,31.261111920789936],[34.76309881313112,31.261176367673617],[34.76317559911873,31.261074091390018],[34.763522470365615,31.260856023050373],[34.763720937540796,31.26075804101882],[34.76394601820172,31.260694501507206],[34.764240979791495,31.260642031857582],[34.76440725240689,31.26062392816603],[34.76442878325912,31.260601910686987],[34.76459039996438,31.260436511171168],[34.764612867867356,31.260413681547277]]]}},{"type":"Feature","properties":{"yishuv_stat":"9000_225","stat_area":225,"index_popu":3247.0,"index_value":-0.583,"rank_2021":401.0,"cluster_2021":4.0,"socio_index":-0.583,"socio_cluster":4,"socio_rank":401},"geometry":{"type":"Polygon","coordinates":[[[34.77058833980895,31.263394207431414],[34.770622713081636,31.26331703137321],[34.770772742961306,31.263068256508365],[34.77093641880029,31.262769015565524],[34.77107009392492,31.262612000572805],[34.77113403159043,31.262536899199738],[34.77128163658148,31.2623775814787],[34.77129546514695,31.262362658310092],[34.77143987506577,31.2622200400714],[34.77169698579794,31.261966096962773],[34.771763533935605,31.26190038022415],[34.7719698485503,31.261714386215193],[34.77223731025765,31.261453193052542],[34.7726277882137,31.261080209677402],[34.77281693344295,31.26092923607157],[34.77282672307734,31.260920883056073],[34.77281625659515,31.260914622984473],[34.772750935866426,31.26087382525853],[34.7725008210813,31.26071740244633],[34.77249035045188,31.260711140530496],[34.77247988644247,31.260704347415714],[34.77241413875338,31.260663535457578],[34.77225715243636,31.260554779499785],[34.77224668150208,31.26054743979007],[34.77223622108071,31.260540097409145],[34.77210067775865,31.260446029580798],[34.77190620202223,31.26031630865352],[34.771895734940536,31.260309517284718],[34.77188525743545,31.26030270964575],[34.77188345675908,31.26030157620889],[34.771723198827694,31.260200702038762],[34.77159440177419,31.26011615161235],[34.77142334895331,31.260003858714857],[34.77133652152008,31.259946867224688],[34.77088060885629,31.259635259102982],[34.77082199121065,31.259595643754036],[34.77030856820273,31.259211144479856],[34.77015350604269,31.259096168426982],[34.770143034387225,31.25908882764176],[34.77013906791785,31.25908583796396],[34.77013256519841,31.25908094842838],[34.76992163329808,31.25892402886257],[34.76985908277519,31.25887542405017],[34.76967808935956,31.25873479082939],[34.76944155999197,31.25855143302453],[34.76943432673396,31.25854583208643],[34.76932948705103,31.258468637008036],[34.76929568258937,31.258443715763466],[34.769191472446245,31.258366884366367],[34.769178604989015,31.258357279733378],[34.7691221743424,31.25831225328795],[34.768879949729296,31.25811898490353],[34.768828764521764,31.258072144338076],[34.76867283819572,31.25792941744896],[34.76864753585932,31.25790705198431],[34.76859273334004,31.257854649657073],[34.76849596870982,31.257762143525408],[34.768487076594404,31.257752922084048],[34.76847799009125,31.257743964240223],[34.76846691442166,31.257733101145337],[34.76845782248935,31.257723954784126],[34.76845395523539,31.257719960671615],[34.76844904294593,31.25771491229854],[34.76822185048436,31.257484601115728],[34.76819353944525,31.25745492445265],[34.76805355415194,31.257304014732185],[34.768047176480955,31.25729686805397],[34.76802586893501,31.257273883793715],[34.76790368724321,31.257130883603168],[34.76784520439687,31.25705938871358],[34.76777235822955,31.256970351710763],[34.76760437196798,31.256741503186227],[34.76752243942448,31.256612620681476],[34.767457104915025,31.2565098505051],[34.76743489506841,31.256474956162812],[34.76736259237797,31.256536581771574],[34.766844767541855,31.256830576521704],[34.76670948013358,31.256897015449866],[34.766762391824166,31.25696636970884],[34.7667945347062,31.257002104280367],[34.76673171956849,31.257079287169468],[34.76667955649604,31.257121627933447],[34.76651850943599,31.257163597809264],[34.766364738551985,31.257237478130623],[34.766215778974356,31.257341141049043],[34.766074144428245,31.257466083899498],[34.7659376659494,31.25754640272324],[34.76583399621953,31.257637343208607],[34.76569272750895,31.257742682228127],[34.76558673948893,31.25782924578236],[34.76549836767384,31.257912089526364],[34.765378955073565,31.25804773818382],[34.765305116523884,31.25810606722072],[34.76521075016089,31.25833613030564],[34.765130102918334,31.258523426003418],[34.765028275115746,31.258750327522442],[34.76497273751083,31.25895574516795],[34.76495125638134,31.25906027973005],[34.76491288105768,31.25918639675946],[34.764878904662936,31.259269245641462],[34.76484197880421,31.259334247513053],[34.76477434894064,31.25943020766762],[34.76467620518141,31.259667141594676],[34.764637990880885,31.259859391930345],[34.76461502976097,31.259981154894277],[34.76476582669177,31.260257275706117],[34.764612867867356,31.260413681547277],[34.76459039996438,31.260436511171168],[34.76459881676312,31.260458547274826],[34.76461955375401,31.260465297711725],[34.76639247328715,31.26104649064208],[34.76674527880439,31.261199484287705],[34.766843905660664,31.26121460675133],[34.76730133578641,31.261284521869023],[34.76738216416014,31.261449668864397],[34.76783946281613,31.26157722306962],[34.76808424230066,31.261738062421774],[34.768273542089126,31.261862428661914],[34.76860314328069,31.262243159763045],[34.768660205924824,31.26216570129237],[34.76895082790779,31.261933991050622],[34.768958317604195,31.26192815135724],[34.76899992398323,31.261897994718435],[34.76900593676436,31.261893682350305],[34.769281187798725,31.261694572628663],[34.7694106485835,31.261831289090676],[34.769570029629655,31.26203737541011],[34.76969037530714,31.26221634821943],[34.7697776284035,31.262398114042412],[34.769838635214356,31.26258041337937],[34.76988971127007,31.26279929992868],[34.76998689146643,31.263035834668806],[34.770088882160486,31.263165247785544],[34.77009693760793,31.263170685513376],[34.770259601412704,31.263279735628277],[34.77034250090364,31.263335203880324],[34.77044682382888,31.263414474347144],[34.770551821770646,31.26348301708406],[34.77057698757203,31.263419968011533],[34.77058537162837,31.26340132063242],[34.77058833980895,31.263394207431414]]]}},{"type":"Feature","properties":{"yishuv_stat":"9000_226","stat_area":226,"index_popu":1288.0,"index_value":-0.251,"rank_2021":570.0,"cluster_2021":5.0,"socio_index":-0.251,"socio_cluster":5,"socio_rank":570},"geometry":{"type":"Polygon","coordinates":[[[34.77044682382888,31.263414474347144],[34.77034250090364,31.263335203880324],[34.770259601412704,31.263279735628277],[34.77009693760793,31.263170685513376],[34.770088882160486,31.263165247785544],[34.76998689146643,31.263035834668806],[34.76988971127007,31.26279929992868],[34.769838635214356,31.26258041337937],[34.7697776284035,31.262398114042412],[34.76969037530714,31.26221634821943],[34.769570029629655,31.26203737541011],[34.7694106485835,31.261831289090676],[34.769281187798725,31.261694572628663],[34.76900593676436,31.261893682350305],[34.76899992398323,31.261897994718435],[34.768958317604195,31.26192815135724],[34.76895082790779,31.261933991050622],[34.768660205924824,31.26216570129237],[34.76860314328069,31.262243159763045],[34.768273542089126,31.261862428661914],[34.76808424230066,31.261738062421774],[34.76783946281613,31.26157722306962],[34.76738216416014,31.261449668864397],[34.76730133578641,31.261284521869023],[34.766843905660664,31.26121460675133],[34.76674527880439,31.261199484287705],[34.76639247328715,31.26104649064208],[34.76461955375401,31.260465297711725],[34.76459881676312,31.260458547274826],[34.76459039996438,31.260436511171168],[34.76442878325912,31.260601910686987],[34.76440725240689,31.26062392816603],[34.764240979791495,31.260642031857582],[34.76394601820172,31.260694501507206],[34.763720937540796,31.26075804101882],[34.763522470365615,31.260856023050373],[34.76317559911873,31.261074091390018],[34.76309881313112,31.261176367673617],[34.76310936848679,31.261185507707598],[34.76311719594147,31.26119446791591],[34.76312251789118,31.26120170861473],[34.763126384941515,31.261206856416383],[34.763164471841534,31.261257855317098],[34.76327371587203,31.261404163367875],[34.76338634808423,31.26154488123957],[34.763390049309805,31.261563569613468],[34.76341702159747,31.261586202477922],[34.76343937597402,31.261611622603887],[34.76357650551361,31.261768608971074],[34.763998004557386,31.26225109295728],[34.764444079931636,31.262769476887424],[34.76445095669578,31.26277746782323],[34.76445736142827,31.262784911492616],[34.764576974492854,31.26292390792808],[34.76473173580789,31.26310364612762],[34.764915258752566,31.263330290266644],[34.76510112733938,31.263621255839393],[34.76530271664922,31.2638474191238],[34.76556963541694,31.264183741514643],[34.76589396797734,31.26455610079739],[34.76589851639526,31.26456132208954],[34.765908964053715,31.264571185751873],[34.76596427133299,31.264623244574935],[34.76608846470147,31.264740188398353],[34.76635040624953,31.26497386033222],[34.766609152406126,31.265191739380054],[34.76693954358642,31.26542681752856],[34.76725065008682,31.265653346856443],[34.76765535629111,31.265917355469785],[34.76805510046858,31.266210115708542],[34.76848885247202,31.266503623189738],[34.76857756991025,31.26655010230389],[34.768627903864285,31.266496164323772],[34.768805400263126,31.26627976861627],[34.769044928193786,31.265909700407054],[34.76915789242843,31.265684620325928],[34.769345648566244,31.265310968788615],[34.769491583770744,31.265062669602493],[34.769630176303835,31.264826864691766],[34.76963085034828,31.26482572606662],[34.769674331352796,31.264751728731497],[34.76975280441914,31.264631417129493],[34.77006018256865,31.26415894894984],[34.77040301110226,31.263718163542006],[34.770546428372256,31.26349147224445],[34.770551821770646,31.26348301708406],[34.77044682382888,31.263414474347144]]]}},{"type":"Feature","properties":{"yishuv_stat":"9000_311","stat_area":311,"index_popu":3435.0,"index_value":0.325,"rank_2021":936.0,"cluster_2021":6.0,"socio_index":0.325,"socio_cluster":6,"socio_rank":936},"geometry":{"type":"Polygon","coordinates":[[[34.78105377505799,31.274183922295887],[34.78123558748415,31.273212813211508],[34.78125586486448,31.27318627390656],[34.78123149132179,31.273118459087723],[34.781425979380614,31.271726206202906],[34.78141441745732,31.271726434208567],[34.78131210097164,31.271713928045138],[34.781269290009455,31.271708732839404],[34.78108974895644,31.271686745758743],[34.78078191020992,31.27164904925179],[34.78047074911582,31.27161094691805],[34.779827536840386,31.2715322556876],[34.779054681680044,31.271443380860394],[34.77870107453535,31.27139472401122],[34.778526219832735,31.271370658271604],[34.77849588417339,31.271366498281697],[34.77825037812203,31.271298752526484],[34.77819721172601,31.271284065527507],[34.77808772950552,31.271253853972926],[34.77795926000174,31.2712184267605],[34.77703478520252,31.270851345799663],[34.77642457736173,31.27061092194015],[34.775771114320385,31.27035343758092],[34.774470578006216,31.269840966841212],[34.7738720510674,31.26958294863307],[34.773862802845336,31.2695789537961],[34.77360220870486,31.269466619082955],[34.77359311955621,31.269483389222504],[34.77389,31.26961],[34.77363,31.2695],[34.77359276555489,31.269484042380668],[34.772580434047406,31.271351867554646],[34.77145320669644,31.27289819381922],[34.77175992283738,31.272861168405214],[34.77289459710775,31.272748386678916],[34.77343730579986,31.272766876783106],[34.77442466287758,31.273086571810754],[34.77455055415573,31.27312858772446],[34.7748408394248,31.27322117525076],[34.77486128702453,31.27324830873226],[34.774865152185455,31.273253434790306],[34.77489,31.27327],[34.77491,31.2733],[34.77489671413398,31.273295327040227],[34.77504643277449,31.273494228163273],[34.77527450202911,31.273797136552787],[34.7752824714856,31.2738009574608],[34.775290458487284,31.273804846069407],[34.77536156898639,31.273839081545404],[34.77553013291128,31.273862080797123],[34.77630124067335,31.273967125905184],[34.77664950886385,31.274134775582596],[34.7769004241002,31.274377060140708],[34.776903460901124,31.274383112074617],[34.776906495561654,31.274389173020325],[34.77693732226323,31.274450437948165],[34.77708268915957,31.274739328444927],[34.77726552648284,31.275102607606968],[34.777284952156435,31.275120040741083],[34.776987272727055,31.27453272727231],[34.77711,31.27477],[34.777285075892706,31.275120151785416],[34.777287805076604,31.275122601030155],[34.777310307522775,31.275142788200082],[34.77750136098172,31.275313991348042],[34.77753587724755,31.275344949200008],[34.77801012587661,31.275504780176785],[34.778397834203425,31.27552267638021],[34.77930967325717,31.275392480841166],[34.78052195211229,31.27526327651647],[34.78085111674082,31.27526646601916],[34.780851933208254,31.275262110726793],[34.78105377505799,31.274183922295887]],[[34.77693,31.27441],[34.77693,31.274419729729736],[34.77692,31.2744],[34.77693,31.27441]]]}},{"type":"Feature","properties":{"yishuv_stat":"9000_312","stat_area":312,"index_popu":3435.0,"index_value":0.325,"rank_2021":936.0,"cluster_2021":6.0,"socio_index":0.325,"socio_cluster":6,"socio_rank":936},"geometry":{"type":"Polygon","coordinates":[[[34.77359276555489,31.269484042380668],[34.77321,31.26932],[34.77359311955621,31.269483389222504],[34.77360220870486,31.269466619082955],[34.773190489509396,31.269289136713716],[34.77315549411601,31.26927404953581],[34.773023242664706,31.269216965402858],[34.77254274988509,31.2690121218202],[34.772508681376415,31.268997600367538],[34.77242673922119,31.268961345430256],[34.77237528997152,31.268938535673815],[34.7720901533799,31.268812392073105],[34.7716066370224,31.26853496607264],[34.77097360576996,31.268153742989597],[34.770791979829006,31.268044364673116],[34.770347622420864,31.267768968168706],[34.76997736448983,31.267508883274004],[34.76915218095216,31.266929223695378],[34.76875590086223,31.266656962584147],[34.7686656775215,31.266594954965527],[34.768614981207065,31.266569173594657],[34.76857756991025,31.26655010230389],[34.768569438435584,31.266561163603424],[34.76851397029497,31.266636740595885],[34.76834643990906,31.26685795878937],[34.76819378171204,31.26705955947504],[34.768123194904895,31.267178809134926],[34.76787430156734,31.26759905433143],[34.76780399584318,31.26772230107887],[34.76776808605154,31.26778525262003],[34.76756521359632,31.26814086545982],[34.767289810331754,31.268594757624093],[34.7671725695472,31.26883561635295],[34.76713250553007,31.268917825381426],[34.76695401671595,31.269232257271778],[34.76671784312608,31.269555589016754],[34.76668533412296,31.269595302618292],[34.766570382586124,31.269735685096467],[34.76635744055405,31.26999574759703],[34.766112585136845,31.270266034867312],[34.766088733566164,31.27029246307996],[34.76602081313091,31.270353529072292],[34.765973807815634,31.270395784195117],[34.76585181265855,31.27050532223089],[34.76549633079842,31.270787027583058],[34.765495004399185,31.270787981773076],[34.76509808986241,31.27107480797631],[34.764990485013385,31.27115138932298],[34.76497837500444,31.27116000255017],[34.76474643505019,31.271325068711665],[34.76453732680567,31.271471447660453],[34.76445219708535,31.271531497882357],[34.76418854374249,31.271722224435337],[34.76416659672145,31.271738102062965],[34.76414582235167,31.2717531250952],[34.76399308650574,31.271857492736128],[34.763355041086456,31.27231504108645],[34.76338,31.27234],[34.76335381110807,31.27231592311548],[34.763352987357756,31.27231651383455],[34.763350004737184,31.2723186528257],[34.76306059337213,31.272520705759845],[34.7630505787764,31.27252912036462],[34.761347139928475,31.2739601122211],[34.76142428108268,31.273912124727257],[34.76106494596261,31.27422589923375],[34.76062308367685,31.27460046977711],[34.760178998597155,31.27497312896834],[34.75996052314609,31.275124913582708],[34.75994930754498,31.275132703278437],[34.759756850845825,31.275238439060697],[34.75956599501449,31.27534329442694],[34.75933211394688,31.27544748370424],[34.75907751346019,31.275552976145242],[34.759067083730734,31.275557298879544],[34.75843901099683,31.275820491009952],[34.75722298137198,31.276324095534562],[34.75650358237353,31.27662514305681],[34.75603587687111,31.276818247273493],[34.755320859053015,31.277139174930138],[34.754913170838826,31.277322155307168],[34.75444871763742,31.27753263112253],[34.75442970038383,31.277541248009918],[34.75442668431072,31.27754261464752],[34.75399760749095,31.27773705246952],[34.75289271598191,31.27823146209869],[34.75284989159234,31.278247767654758],[34.752804669196536,31.278258247522782],[34.75275810958904,31.278262643878314],[34.752711314799924,31.278260860483133],[34.752665392481006,31.278252943620394],[34.75262138854851,31.27823911342406],[34.752525256145006,31.27817839238008],[34.75250746111564,31.278167143551123],[34.752491189006136,31.278140642657693],[34.752468428246225,31.278103582059796],[34.75245489869832,31.27808155610742],[34.75201864765174,31.277399817160127],[34.75192165147121,31.27723147086025],[34.75178486511398,31.277015257659883],[34.75160836235475,31.27673781155109],[34.75139658779306,31.276399143525932],[34.751138510434025,31.27598204324434],[34.75065981483692,31.275218603768096],[34.75039231093239,31.274789262365363],[34.74873444033469,31.2720884145108],[34.74825632688953,31.27142873594313],[34.74727416871398,31.270222375400998],[34.74952991326165,31.273680086021507],[34.74832,31.27488],[34.74642,31.27563],[34.74593,31.27694],[34.74468,31.27842],[34.7436,31.27927],[34.74423,31.2799],[34.74647,31.28092],[34.74897,31.28197],[34.75115,31.28301],[34.75371,31.28411],[34.75565,31.28412],[34.75698,31.28459],[34.75838,31.28493],[34.76154,31.28363],[34.76313,31.28123],[34.76673,31.2803],[34.76929,31.27956],[34.77284,31.27973],[34.77364,31.27943],[34.77525,31.27932],[34.77698,31.27945],[34.7782,31.28054],[34.78127,31.28324],[34.791218354014305,31.287420903041117],[34.79122047883951,31.28740399690384],[34.791327216842504,31.287414163624486],[34.7912935754881,31.287365010164482],[34.79122668670603,31.287354609916317],[34.791301477819495,31.286759548971908],[34.791487324861436,31.285272645158642],[34.79150212319608,31.28515427598748],[34.791604234425506,31.28435136762598],[34.79171804380172,31.28346670243642],[34.791825758760616,31.282605729299576],[34.791909681627224,31.281951039751895],[34.79192467011049,31.281817684199527],[34.79192469856804,31.281817419132206],[34.791924757603034,31.281816884494884],[34.79194859285737,31.281602126565836],[34.79201752491922,31.28111090415026],[34.79207765352251,31.28075592875349],[34.792131729707755,31.2805153904641],[34.792183038163266,31.280334086397815],[34.79220761449344,31.280259218213622],[34.79227581813064,31.28008131164458],[34.79238126860423,31.279833086944127],[34.792489400886936,31.279623200614346],[34.7926366863924,31.27936717396188],[34.792692832461555,31.279282507572557],[34.792787322685264,31.279140012367712],[34.792932979768366,31.27894305913646],[34.792946718071676,31.278924521269143],[34.79305626432172,31.278803028826314],[34.79323562913447,31.278604102453638],[34.79330315977058,31.278528824019787],[34.79368702068524,31.278131506988192],[34.79383151544432,31.277970818917225],[34.794238729141796,31.277517965383094],[34.79426167612287,31.27749244718799],[34.79442589620702,31.277303571134894],[34.79488802018222,31.276772389173228],[34.79493225496245,31.276719491137467],[34.795130055420515,31.27648292219091],[34.795144842132984,31.276464833857403],[34.7951599308099,31.27644685110432],[34.795301905933556,31.276275848162378],[34.795330408977094,31.276241665755776],[34.79535677077947,31.276215778527124],[34.795460030823214,31.276085869944218],[34.79547553943928,31.276067881273576],[34.79549011348215,31.27604989052887],[34.79558289212786,31.275939250076625],[34.795591020315854,31.2759296301019],[34.795786931484734,31.27569404347219],[34.796131184423274,31.27532968365178],[34.79620896852442,31.275247352669748],[34.79622456393154,31.27523084690639],[34.796260658895825,31.27519264156763],[34.79626795657857,31.275184917412847],[34.79627850110498,31.27517377634433],[34.795753606618185,31.27495024317811],[34.79474299469045,31.274465284694042],[34.79405823599713,31.274289137579913],[34.79323337759767,31.27408577741731],[34.79229934755265,31.273908823135475],[34.791303120665646,31.273704900035384],[34.78955983398762,31.273324597427806],[34.788781967902025,31.273067832607268],[34.788318842093496,31.272930329017502],[34.788314119555615,31.272923256349166],[34.7882603739817,31.272908375915833],[34.78820585373303,31.27424530394666],[34.787818022736786,31.274327246740885],[34.787398565737554,31.274669256219152],[34.78697931188928,31.27496444186424],[34.78683380225432,31.274995183906512],[34.78639520495514,31.275555637667736],[34.785976429465975,31.27574156796364],[34.785776538800036,31.275740916923898],[34.785558269855706,31.275787028750397],[34.78508566674743,31.275816703136684],[34.784449514302224,31.275845840490824],[34.784195524323096,31.275751363125462],[34.78348779532028,31.275530537976362],[34.78308801501285,31.275529227851102],[34.78277909779796,31.275528214642573],[34.78236191158459,31.275355162051067],[34.781962758049005,31.27521338036797],[34.78159932488798,31.275212185101083],[34.780851933208254,31.275262110726793],[34.78085111674082,31.27526646601916],[34.78052195211229,31.27526327651647],[34.77930967325717,31.275392480841166],[34.778397834203425,31.27552267638021],[34.77801012587661,31.275504780176785],[34.77753587724755,31.275344949200008],[34.77750136098172,31.275313991348042],[34.777310307522775,31.275142788200082],[34.777287805076604,31.275122601030155],[34.777285075892706,31.275120151785416],[34.77729,31.27513],[34.777284952156435,31.275120040741083],[34.77726552648284,31.275102607606968],[34.77708268915957,31.274739328444927],[34.77693732226323,31.274450437948165],[34.776906495561654,31.274389173020325],[34.776903460901124,31.274383112074617],[34.7769004241002,31.274377060140708],[34.77664950886385,31.274134775582596],[34.77630124067335,31.273967125905184],[34.77553013291128,31.273862080797123],[34.77536156898639,31.273839081545404],[34.775290458487284,31.273804846069407],[34.7752824714856,31.2738009574608],[34.77527450202911,31.273797136552787],[34.77504643277449,31.273494228163273],[34.77489671413398,31.273295327040227],[34.77346,31.27279],[34.77445,31.27311],[34.77457,31.27316],[34.77486,31.27325],[34.774865152185455,31.273253434790306],[34.77486128702453,31.27324830873226],[34.7748408394248,31.27322117525076],[34.77455055415573,31.27312858772446],[34.77442466287758,31.273086571810754],[34.77343730579986,31.272766876783106],[34.77289459710775,31.272748386678916],[34.77175992283738,31.272861168405214],[34.77145320669644,31.27289819381922],[34.772580434047406,31.271351867554646],[34.77359276555489,31.269484042380668]],[[34.76339,31.27235],[34.76339,31.272350000000003],[34.76338,31.27234],[34.76339,31.27235]],[[34.79512,31.27572],[34.79471,31.27559],[34.795,31.27568],[34.79512,31.27572]],[[34.79424,31.27547],[34.79438,31.27548],[34.79448,31.2755],[34.79459,31.27555],[34.79471,31.27559],[34.79424,31.27547]],[[34.79408,31.27549],[34.79411,31.27548],[34.79417,31.27547],[34.79424,31.27547],[34.79408,31.27549]],[[34.79385,31.27573],[34.79386,31.27571],[34.79393,31.27564],[34.79398,31.27556],[34.79402,31.27554],[34.79408,31.27549],[34.79385,31.27573]],[[34.79342,31.27558],[34.79353,31.2756],[34.79362,31.27563],[34.79371,31.27566],[34.79383,31.27572],[34.79385,31.27573],[34.79342,31.27558]],[[34.7928,31.27545],[34.79301,31.27549],[34.79318,31.27552],[34.79326,31.27554],[34.79334,31.27555],[34.79342,31.27558],[34.7928,31.27545]],[[34.79133,31.27537],[34.79174,31.27538],[34.79176,31.27538],[34.79225,31.27539],[34.79211,31.27539],[34.79158,31.27538],[34.79133,31.27537]],[[34.79111235294116,31.275391764705883],[34.79103,31.2754],[34.790958108108114,31.27539747747748],[34.79111235294116,31.275391764705883]],[[34.79076,31.27539],[34.79077258064512,31.275390967741934],[34.79046,31.27538],[34.79047,31.27538],[34.79076,31.27539]],[[34.78922775510207,31.27527632653062],[34.78886,31.2752],[34.78914,31.27525],[34.78922775510207,31.27527632653062]],[[34.78852,31.27518],[34.78863,31.27518],[34.78876,31.27518],[34.78886,31.2752],[34.78852,31.27518]],[[34.78739458333333,31.275557708333334],[34.78743,31.27554],[34.7875,31.27551],[34.78772,31.27544],[34.78782,31.2754],[34.78794,31.27537],[34.78804,31.27532],[34.7882,31.27527],[34.78837,31.27522],[34.78852,31.27518],[34.78739458333333,31.275557708333334]],[[34.78705,31.27567],[34.78727,31.27559],[34.787381200000006,31.2755622],[34.78686533333337,31.275735333333323],[34.78699,31.27569],[34.78705,31.27567]],[[34.78506,31.27615],[34.78514,31.27617],[34.78466,31.27611],[34.78476,31.27612],[34.78506,31.27615]],[[34.78293,31.27574],[34.78313,31.27575],[34.78335,31.27577],[34.78352,31.27579],[34.7837,31.27583],[34.7826,31.27571],[34.78251103448272,31.27569862068965],[34.78293,31.27574]],[[34.78174,31.2756],[34.78109,31.27557],[34.78159,31.27558],[34.78174,31.2756]],[[34.78082,31.27535],[34.78081,31.27536],[34.78087,31.27529],[34.78087,31.2753],[34.78082,31.27535]],[[34.76427,31.27338],[34.764275869565225,31.273394347826102],[34.76411,31.27311],[34.76418,31.27321],[34.76424,31.27331],[34.76426,31.27334],[34.76427,31.27336],[34.76427,31.27338]],[[34.76576888888883,31.272614074074117],[34.76545998242533,31.272832706502623],[34.76555,31.27276],[34.76576888888883,31.272614074074117]],[[34.76658,31.27204],[34.76621984084882,31.272294907161793],[34.76629,31.27224],[34.76658,31.27204]],[[34.76904,31.27284],[34.766968421052304,31.272166315789367],[34.76856,31.27268],[34.76904,31.27284]],[[34.77173,31.27289],[34.77178,31.27289],[34.77292,31.27278],[34.77116,31.27296],[34.77173,31.27289]],[[34.77933,31.27542],[34.78055,31.27529],[34.77842,31.27555],[34.77933,31.27542]],[[34.77555,31.27389],[34.77632,31.27399],[34.77539,31.27387],[34.77555,31.27389]]]}},{"type":"Feature","properties":{"yishuv_stat":"9000_313","stat_area":313,"index_popu":4735.0,"index_value":0.172,"rank_2021":838.0,"cluster_2021":6.0,"socio_index":0.172,"socio_cluster":6,"socio_rank":838},"geometry":{"type":"MultiPolygon","coordinates":[[[[34.76848885247202,31.266503623189738],[34.76805510046858,31.266210115708542],[34.76765535629111,31.265917355469785],[34.76725065008682,31.265653346856443],[34.76693954358642,31.26542681752856],[34.766609152406126,31.265191739380054],[34.76635040624953,31.26497386033222],[34.76608846470147,31.264740188398353],[34.76596427133299,31.264623244574935],[34.765908964053715,31.264571185751873],[34.76583133330591,31.264602312450116],[34.76522784545339,31.264984093670957],[34.764565349342384,31.265430522178224],[34.76436593930994,31.265568201138617],[34.76434930073295,31.26557968489623],[34.764176976124205,31.26569859213071],[34.76387879779236,31.265891107572347],[34.76371318019685,31.265998062622593],[34.763382523047,31.26618226273423],[34.763210731659825,31.26632147226571],[34.76320157735728,31.26632882560452],[34.76293474910866,31.266486243438912],[34.762926708329196,31.266490990481753],[34.762821586612645,31.266553007507632],[34.76245736492689,31.266753503565422],[34.76174148518221,31.26715698717706],[34.76166599930136,31.267199567439956],[34.761366071165604,31.267348519944846],[34.761225138819285,31.267418823317414],[34.760984758656576,31.267538756864887],[34.76071679083738,31.267676556969725],[34.760628688552586,31.26772517096592],[34.7604457241545,31.267826148974898],[34.760197952279775,31.2679751868807],[34.76017731620703,31.267988525911132],[34.76009716268596,31.26804031554625],[34.75995330304126,31.26813325410353],[34.75969562994554,31.26831391709297],[34.75968856930061,31.26831894059729],[34.75937851322699,31.26854000808173],[34.75896209366872,31.268831018332023],[34.75874602098443,31.268982004029976],[34.75829002515972,31.269311330031584],[34.75826183303535,31.269344897392095],[34.75829395477853,31.26936969751278],[34.758309569430146,31.269381756906785],[34.75833747811043,31.269403304570993],[34.758365465608016,31.269424840778004],[34.75873261903049,31.26971041599857],[34.758781783636486,31.269748652982738],[34.7588076498075,31.26976336968638],[34.75901092241007,31.269879060278114],[34.75933946527708,31.270038663240125],[34.75950259024272,31.270124898652],[34.75961629818149,31.270185008855194],[34.7599725089731,31.270350903817178],[34.760377981638705,31.270541710736104],[34.76063223492989,31.270667155789],[34.76075532424961,31.27072790887048],[34.760954700515974,31.2708249541996],[34.761243187130674,31.270975363516587],[34.761238712986945,31.27098381706221],[34.76127,31.271],[34.761238513478816,31.270984194017252],[34.76123703635149,31.27098698493413],[34.761232144627314,31.2709963442183],[34.76126547531474,31.27101304058714],[34.761301406919216,31.27103108794253],[34.761651378207745,31.27120621746143],[34.761919621048506,31.271328361220263],[34.76225464463731,31.27147435406192],[34.762510117602844,31.27160998296049],[34.76273380462131,31.271740426219694],[34.76280656213158,31.271794192298717],[34.76282502014535,31.271807842848563],[34.76288072644499,31.27184915638369],[34.76305041731751,31.271998555492743],[34.76307825812032,31.272027863648123],[34.76309824668411,31.272048831122735],[34.7631,31.27205],[34.7633,31.27226],[34.76330068882669,31.272261377653372],[34.76330456410034,31.27226540291011],[34.76331322885823,31.27227447059102],[34.76332171108963,31.27228349976507],[34.76332786688426,31.27229],[34.76333,31.27229],[34.76334,31.2723],[34.76335,31.27231],[34.763355041086456,31.27231504108645],[34.76399308650574,31.271857492736128],[34.76414582235167,31.2717531250952],[34.76416659672145,31.271738102062965],[34.76418854374249,31.271722224435337],[34.76445219708535,31.271531497882357],[34.76453732680567,31.271471447660453],[34.76474643505019,31.271325068711665],[34.76497837500444,31.27116000255017],[34.764990485013385,31.27115138932298],[34.76509808986241,31.27107480797631],[34.765495004399185,31.270787981773076],[34.76549633079842,31.270787027583058],[34.76585181265855,31.27050532223089],[34.765973807815634,31.270395784195117],[34.76602081313091,31.270353529072292],[34.766088733566164,31.27029246307996],[34.766112585136845,31.270266034867312],[34.76635744055405,31.26999574759703],[34.766570382586124,31.269735685096467],[34.76668533412296,31.269595302618292],[34.76671784312608,31.269555589016754],[34.76695401671595,31.269232257271778],[34.76713250553007,31.268917825381426],[34.7671725695472,31.26883561635295],[34.767289810331754,31.268594757624093],[34.76756521359632,31.26814086545982],[34.76776808605154,31.26778525262003],[34.76780399584318,31.26772230107887],[34.76787430156734,31.26759905433143],[34.768123194904895,31.267178809134926],[34.76819378171204,31.26705955947504],[34.76834643990906,31.26685795878937],[34.76851397029497,31.266636740595885],[34.768569438435584,31.266561163603424],[34.76857756991025,31.26655010230389],[34.76848885247202,31.266503623189738]]],[[[34.76335118483281,31.272314622677154],[34.763352987357756,31.27231651383455],[34.76335381110807,31.27231592311548],[34.76334302927833,31.272306010788142],[34.76335118483281,31.272314622677154]]]]}},{"type":"Feature","properties":{"yishuv_stat":"9000_321","stat_area":321,"index_popu":3044.0,"index_value":0.162,"rank_2021":833.0,"cluster_2021":6.0,"socio_index":0.162,"socio_cluster":6,"socio_rank":833},"geometry":{"type":"Polygon","coordinates":[[[34.76589851639526,31.26456132208954],[34.76589396797734,31.26455610079739],[34.76556963541694,31.264183741514643],[34.76530271664922,31.2638474191238],[34.76510112733938,31.263621255839393],[34.764915258752566,31.263330290266644],[34.76473173580789,31.26310364612762],[34.764576974492854,31.26292390792808],[34.76445736142827,31.262784911492616],[34.76445095669578,31.26277746782323],[34.764444079931636,31.262769476887424],[34.763835085610815,31.263078136467453],[34.76385616997666,31.263097688904043],[34.76388454306783,31.26312401614793],[34.76378834686575,31.26315398849352],[34.76377053041189,31.26314653272677],[34.76364841396014,31.263170920818954],[34.76326433077739,31.26330930675282],[34.76318882215354,31.26333546696379],[34.763161058751884,31.26334512030563],[34.76315043752382,31.263348506557772],[34.763139919151776,31.26335235222986],[34.76288397975838,31.263440545057932],[34.76270223361186,31.263503174541086],[34.76236993075145,31.263611891806267],[34.76222840470691,31.26365820735255],[34.76221799485506,31.2636615067698],[34.76220747367633,31.26366481301842],[34.76211757347532,31.263694444102985],[34.76175222785536,31.263797445244624],[34.76159692118635,31.263869059657704],[34.761566496201155,31.263888081450105],[34.76142886487821,31.263973914598427],[34.76123068408823,31.26412032966789],[34.760905754822154,31.264361639866014],[34.76089153761985,31.264371694803806],[34.760878787406305,31.264380583232985],[34.760414755304375,31.264705462923857],[34.76039601227418,31.264717847113676],[34.75961914260751,31.265234203108484],[34.75919694062657,31.265503942862225],[34.75873244878757,31.265837118561304],[34.7587219149363,31.265844384723035],[34.75871137806545,31.26585229302673],[34.75840268381534,31.266073492872],[34.75808833073045,31.266298735370405],[34.75759862244679,31.26665391046251],[34.757583452394236,31.26666459665195],[34.75745757475242,31.266727826821835],[34.75705584975603,31.266995920608025],[34.757045212738795,31.267003188976087],[34.75703478408318,31.267009913320717],[34.75692502993235,31.267082771854437],[34.756843698856024,31.26714002448521],[34.756522595796085,31.26736609637167],[34.75620175644253,31.267625353778108],[34.75619121152668,31.267634433410876],[34.756154466082855,31.2676655290423],[34.75774920035653,31.268942655973166],[34.758168085868824,31.269278020704288],[34.758175641677724,31.26928048567749],[34.75820888713295,31.26930501013209],[34.7582293431007,31.269320470273637],[34.75825675380124,31.26934139932683],[34.75826183303535,31.269344897392095],[34.75829002515972,31.269311330031584],[34.75874602098443,31.268982004029976],[34.75896209366872,31.268831018332023],[34.75937851322699,31.26854000808173],[34.75968856930061,31.26831894059729],[34.75969562994554,31.26831391709297],[34.75995330304126,31.26813325410353],[34.76009716268596,31.26804031554625],[34.76017731620703,31.267988525911132],[34.760197952279775,31.2679751868807],[34.7604457241545,31.267826148974898],[34.760628688552586,31.26772517096592],[34.76071679083738,31.267676556969725],[34.760984758656576,31.267538756864887],[34.761225138819285,31.267418823317414],[34.761366071165604,31.267348519944846],[34.76166599930136,31.267199567439956],[34.76174148518221,31.26715698717706],[34.76245736492689,31.266753503565422],[34.762821586612645,31.266553007507632],[34.762926708329196,31.266490990481753],[34.76293474910866,31.266486243438912],[34.76320157735728,31.26632882560452],[34.763210731659825,31.26632147226571],[34.763382523047,31.26618226273423],[34.76371318019685,31.265998062622593],[34.76387879779236,31.265891107572347],[34.764176976124205,31.26569859213071],[34.76434930073295,31.26557968489623],[34.76436593930994,31.265568201138617],[34.764565349342384,31.265430522178224],[34.76522784545339,31.264984093670957],[34.76583133330591,31.264602312450116],[34.765908964053715,31.264571185751873],[34.76589851639526,31.26456132208954]]]}},{"type":"Feature","properties":{"yishuv_stat":"9000_322","stat_area":322,"index_popu":2966.0,"index_value":0.677,"rank_2021":1092.0,"cluster_2021":7.0,"socio_index":0.677,"socio_cluster":7,"socio_rank":1092},"geometry":{"type":"Polygon","coordinates":[[[34.75619121152668,31.267634433410876],[34.75620175644253,31.267625353778108],[34.756522595796085,31.26736609637167],[34.756843698856024,31.26714002448521],[34.75692502993235,31.267082771854437],[34.75703478408318,31.267009913320717],[34.757045212738795,31.267003188976087],[34.75705584975603,31.266995920608025],[34.75745757475242,31.266727826821835],[34.757583452394236,31.26666459665195],[34.75759862244679,31.26665391046251],[34.75808833073045,31.266298735370405],[34.75840268381534,31.266073492872],[34.75871137806545,31.26585229302673],[34.7587219149363,31.265844384723035],[34.75873244878757,31.265837118561304],[34.75919694062657,31.265503942862225],[34.75961914260751,31.265234203108484],[34.76039601227418,31.264717847113676],[34.760414755304375,31.264705462923857],[34.760878787406305,31.264380583232985],[34.76089153761985,31.264371694803806],[34.760905754822154,31.264361639866014],[34.76123068408823,31.26412032966789],[34.76142886487821,31.263973914598427],[34.761566496201155,31.263888081450105],[34.76159692118635,31.263869059657704],[34.76175222785536,31.263797445244624],[34.76211757347532,31.263694444102985],[34.76220747367633,31.26366481301842],[34.76221799485506,31.2636615067698],[34.76222840470691,31.26365820735255],[34.76236993075145,31.263611891806267],[34.76270223361186,31.263503174541086],[34.76288397975838,31.263440545057932],[34.763139919151776,31.26335235222986],[34.76315043752382,31.263348506557772],[34.763161058751884,31.26334512030563],[34.76318882215354,31.26333546696379],[34.76326433077739,31.26330930675282],[34.76364841396014,31.263170920818954],[34.76377053041189,31.26314653272677],[34.76378834686575,31.26315398849352],[34.76388454306783,31.26312401614793],[34.76385616997666,31.263097688904043],[34.763835085610815,31.263078136467453],[34.764444079931636,31.262769476887424],[34.763998004557386,31.26225109295728],[34.76357650551361,31.261768608971074],[34.76343937597402,31.261611622603887],[34.76341702159747,31.261586202477922],[34.763390049309805,31.261563569613468],[34.76338634808423,31.26154488123957],[34.76327371587203,31.261404163367875],[34.763164471841534,31.261257855317098],[34.763126384941515,31.261206856416383],[34.76312251789118,31.26120170861473],[34.76311719594147,31.26119446791591],[34.76310936848679,31.261185507707598],[34.76309881313112,31.261176367673617],[34.7630313932658,31.261111920789936],[34.76302176986463,31.261102864219048],[34.763012154822526,31.26109381669516],[34.762944418833534,31.26103009290709],[34.76293396035239,31.261020222651986],[34.762883314090836,31.26096143230512],[34.76276332649626,31.260822756776335],[34.76275768981474,31.260816150821697],[34.76252366156919,31.26056850234275],[34.76232199253199,31.26036144748988],[34.76212027851204,31.260165128401404],[34.76169440458794,31.259721737718806],[34.761063596673885,31.2590984211606],[34.76082424360514,31.25884740424993],[34.76079603234467,31.258817906699566],[34.760461710289356,31.258466723508487],[34.760416246286844,31.258422005318582],[34.76017986245977,31.25818670137198],[34.760154752906246,31.258160801262743],[34.75976048062689,31.25775414951015],[34.75964528957237,31.257644252902058],[34.75957494953553,31.25757690620541],[34.7595395119658,31.257541973763587],[34.75941098442887,31.257412915881243],[34.75930565657349,31.25730775021689],[34.759100283957,31.257109169771727],[34.75895053085447,31.256984004460612],[34.75886639257903,31.256925090142193],[34.75886147603128,31.256921736966138],[34.75883301069262,31.256901880335768],[34.75882328951541,31.256915380579038],[34.75852356716892,31.257336606322966],[34.75814860497672,31.257839197658573],[34.75794460842837,31.258108518659906],[34.75779332335065,31.258286660739262],[34.75769724412039,31.258377603836113],[34.75751351025971,31.258534797974022],[34.75729669855679,31.258712795494993],[34.757148814343815,31.258832747105707],[34.75707116437466,31.258895733566728],[34.75688938984574,31.259038871158165],[34.75671298403861,31.259176871014276],[34.75654554472387,31.259304900678785],[34.75637766788337,31.259437887248822],[34.756172809309675,31.259598331096203],[34.755953032590746,31.25976108734777],[34.755768141538894,31.25989627751314],[34.755614859373075,31.2600073012963],[34.75550501595853,31.26007744821364],[34.755375529216586,31.26014968737069],[34.75536351699533,31.260136208882088],[34.755316364518,31.260161290167343],[34.75516603563862,31.260247084919385],[34.75498074347274,31.260332657138758],[34.75477233801196,31.260420938719825],[34.7546354729388,31.260477812677895],[34.75456635866504,31.26050653086376],[34.75438722817771,31.260576888867636],[34.75414415628293,31.260668569066716],[34.75411484437982,31.260694979570733],[34.754104535430756,31.26069937179018],[34.75401965170619,31.260732171453267],[34.75379085160419,31.260825618204127],[34.7534523434536,31.260961430702405],[34.75316737171658,31.261076499841113],[34.753156738330986,31.26108043538478],[34.753146226309646,31.26108490167146],[34.75276859138919,31.261234103494445],[34.75244134001422,31.261364997812723],[34.75214579191322,31.26147371867751],[34.7520659010392,31.261511634339087],[34.75205,31.26156],[34.75184,31.26164],[34.75157,31.26175],[34.75156,31.26175],[34.75156,31.26176],[34.7515,31.26177],[34.75144,31.2618],[34.75143,31.2618],[34.75142,31.26181],[34.75126,31.26187],[34.75116,31.2619],[34.75078,31.26206],[34.75079,31.26206],[34.75003,31.26237],[34.74997,31.26239],[34.74994,31.2624],[34.7502,31.26294],[34.75049,31.26336],[34.750524201682694,31.263407882355768],[34.7526754548352,31.264943218853514],[34.75276454874531,31.265006804784402],[34.75317695563791,31.265301129249213],[34.75335953497078,31.265431361484367],[34.753350536644724,31.26543872091008],[34.75338,31.26546],[34.75337012345679,31.265467407407407],[34.75334262159232,31.26544519436302],[34.75331889334787,31.26546460088945],[34.753460715997484,31.26557972740215],[34.75392888825571,31.265931531109747],[34.75403887272951,31.266014212260256],[34.754617972891054,31.266471612403315],[34.75545155167068,31.267135168939216],[34.75551923411929,31.267188971012864],[34.75614218875626,31.267675923912467],[34.756154466082855,31.2676655290423],[34.75619121152668,31.267634433410876]]]}},{"type":"Feature","properties":{"yishuv_stat":"9000_323","stat_area":323,"index_popu":2122.0,"index_value":0.984,"rank_2021":1215.0,"cluster_2021":7.0,"socio_index":0.984,"socio_cluster":7,"socio_rank":1215},"geometry":{"type":"MultiPolygon","coordinates":[[[[34.76335118483281,31.272314622677154],[34.76334302927833,31.272306010788142],[34.76332561403509,31.27229],[34.76332786688426,31.27229],[34.76332171108963,31.27228349976507],[34.76331322885823,31.27227447059102],[34.76330456410034,31.27226540291011],[34.76330068882669,31.272261377653372],[34.763305970149254,31.27227194029851],[34.76276,31.27177],[34.76283,31.27182],[34.76285,31.27183],[34.76291,31.27188],[34.76307,31.27203],[34.76309824668411,31.272048831122735],[34.76307825812032,31.272027863648123],[34.76305041731751,31.271998555492743],[34.76288072644499,31.27184915638369],[34.76282502014535,31.271807842848563],[34.76280656213158,31.271794192298717],[34.76273380462131,31.271740426219694],[34.762510117602844,31.27160998296049],[34.76225464463731,31.27147435406192],[34.761919621048506,31.271328361220263],[34.761651378207745,31.27120621746143],[34.761301406919216,31.27103108794253],[34.76126547531474,31.27101304058714],[34.761232144627314,31.2709963442183],[34.76123703635149,31.27098698493413],[34.761238513478816,31.270984194017252],[34.76056643939394,31.270646818181817],[34.76066,31.27069],[34.76078,31.27075],[34.76098,31.27085],[34.761238712986945,31.27098381706221],[34.761243187130674,31.270975363516587],[34.760954700515974,31.2708249541996],[34.76075532424961,31.27072790887048],[34.76063223492989,31.270667155789],[34.760377981638705,31.270541710736104],[34.7599725089731,31.270350903817178],[34.75961629818149,31.270185008855194],[34.75950259024272,31.270124898652],[34.75933946527708,31.270038663240125],[34.75901092241007,31.269879060278114],[34.7588076498075,31.26976336968638],[34.758781783636486,31.269748652982738],[34.75873261903049,31.26971041599857],[34.758365465608016,31.269424840778004],[34.75833747811043,31.269403304570993],[34.758309569430146,31.269381756906785],[34.75829395477853,31.26936969751278],[34.75826183303535,31.269344897392095],[34.75825675380124,31.26934139932683],[34.7582293431007,31.269320470273637],[34.75820888713295,31.26930501013209],[34.758175641677724,31.26928048567749],[34.758168085868824,31.269278020704288],[34.75774920035653,31.268942655973166],[34.756154466082855,31.2676655290423],[34.75614218875626,31.267675923912467],[34.75551923411929,31.267188971012864],[34.75545155167068,31.267135168939216],[34.754617972891054,31.266471612403315],[34.75403887272951,31.266014212260256],[34.75392888825571,31.265931531109747],[34.753460715997484,31.26557972740215],[34.75331889334787,31.26546460088945],[34.75334262159232,31.26544519436302],[34.7532,31.26533],[34.75133,31.264],[34.74724,31.27017],[34.74727416871398,31.270222375400998],[34.74825632688953,31.27142873594313],[34.74873444033469,31.2720884145108],[34.75039231093239,31.274789262365363],[34.75065981483692,31.275218603768096],[34.751138510434025,31.27598204324434],[34.75139658779306,31.276399143525932],[34.75160836235475,31.27673781155109],[34.75178486511398,31.277015257659883],[34.75192165147121,31.27723147086025],[34.75201864765174,31.277399817160127],[34.75245489869832,31.27808155610742],[34.752468428246225,31.278103582059796],[34.752491189006136,31.278140642657693],[34.75250746111564,31.278167143551123],[34.752525256145006,31.27817839238008],[34.75262138854851,31.27823911342406],[34.752665392481006,31.278252943620394],[34.752711314799924,31.278260860483133],[34.75275810958904,31.278262643878314],[34.752804669196536,31.278258247522782],[34.75284989159234,31.278247767654758],[34.75289271598191,31.27823146209869],[34.75399760749095,31.27773705246952],[34.75442668431072,31.27754261464752],[34.75442970038383,31.277541248009918],[34.75444871763742,31.27753263112253],[34.754913170838826,31.277322155307168],[34.755320859053015,31.277139174930138],[34.75603587687111,31.276818247273493],[34.75650358237353,31.27662514305681],[34.75722298137198,31.276324095534562],[34.75843901099683,31.275820491009952],[34.759067083730734,31.275557298879544],[34.75907751346019,31.275552976145242],[34.75933211394688,31.27544748370424],[34.75956599501449,31.27534329442694],[34.759756850845825,31.275238439060697],[34.75994930754498,31.275132703278437],[34.75996052314609,31.275124913582708],[34.760178998597155,31.27497312896834],[34.76062308367685,31.27460046977711],[34.76106494596261,31.27422589923375],[34.76142428108268,31.273912124727257],[34.761347139928475,31.2739601122211],[34.7630505787764,31.27252912036462],[34.76306059337213,31.272520705759845],[34.763350004737184,31.2723186528257],[34.763352987357756,31.27231651383455],[34.76335118483281,31.272314622677154]],[[34.762071015037606,31.271413947368426],[34.76228,31.2715],[34.76253,31.27164],[34.76276,31.27177],[34.762071015037606,31.271413947368426]],[[34.75554,31.26722],[34.754955000000166,31.266747500000132],[34.75548,31.26716],[34.75554,31.26722]],[[34.75617,31.2677],[34.75618,31.26769],[34.75755670731695,31.268798292682824],[34.75554,31.26722],[34.75617,31.2677]],[[34.75829999999999,31.26937999999999],[34.75828722222222,31.26937],[34.75829,31.26937],[34.75829999999999,31.26937999999999]],[[34.75876,31.26974],[34.75838625000002,31.269447500000016],[34.75839,31.26945],[34.75876,31.26974]]],[[[34.75335953497078,31.265431361484367],[34.75317695563791,31.265301129249213],[34.75276454874531,31.265006804784402],[34.7526754548352,31.264943218853514],[34.750524201682694,31.263407882355768],[34.75054,31.26343],[34.7527,31.26497],[34.75279,31.26503],[34.7532,31.26533],[34.753350536644724,31.26543872091008],[34.75335953497078,31.265431361484367]]]]}},{"type":"Feature","properties":{"yishuv_stat":"9000_411","stat_area":411,"index_popu":3391.0,"index_value":-1.05,"rank_2021":259.0,"cluster_2021":3.0,"socio_index":-1.05,"socio_cluster":3,"socio_rank":259},"geometry":{"type":"Polygon","coordinates":[[[34.786598519504054,31.251761286371895],[34.78647796342116,31.25157619265922],[34.78647464810048,31.251570950837255],[34.786330990585206,31.251412009255592],[34.78617454477226,31.25130165207463],[34.78615191345469,31.251288675806556],[34.786034917907315,31.251221628166277],[34.786001225379096,31.251202325994875],[34.78575192229097,31.25110132184375],[34.785402906655776,31.25097446025962],[34.78511701252405,31.250861868807892],[34.78492070515421,31.250764965476428],[34.78489409923808,31.250751828106303],[34.78472739146748,31.250632867591687],[34.78457894053036,31.25049294670184],[34.78448243867699,31.250378810315365],[34.784466988531655,31.250360359198996],[34.78445790343202,31.250347341199767],[34.78440650224731,31.2502699774989],[34.784339541887284,31.250147363105818],[34.78426549580219,31.2499656580057],[34.7841133078131,31.249555875492952],[34.78406030576146,31.249412772920568],[34.7840564529616,31.249402361366435],[34.78395886320929,31.24917945947113],[34.7839508577855,31.249161395203007],[34.78394333312339,31.249144288525304],[34.78394192173965,31.249141077639365],[34.783929167105896,31.24910595094292],[34.78379186974035,31.248727471306648],[34.78361782870055,31.248247756938483],[34.783555763995054,31.248086742415225],[34.78344014687601,31.247786931601624],[34.7834272808315,31.247753336821134],[34.783414048180795,31.24775600281297],[34.78317877020211,31.24780827228696],[34.78287737392132,31.24788114954052],[34.782790756519546,31.24790728320621],[34.78245058215833,31.248011059599065],[34.782438585211985,31.24801580933726],[34.78215276253331,31.248128951012063],[34.78210132057148,31.2481524967248],[34.781716114553745,31.248327650566694],[34.781698540124445,31.24833733515659],[34.78146480959888,31.248466078130498],[34.78124697731017,31.248609666036025],[34.7810601558446,31.248740108513296],[34.78090025877798,31.24886159962179],[34.78077064807178,31.248969581494627],[34.78073946360793,31.24899699222465],[34.78070825449062,31.249025923476154],[34.780539552447614,31.249190777521534],[34.78053069568111,31.249199408405094],[34.78038919593536,31.249336835734653],[34.78022432019052,31.24951721833016],[34.780189377603115,31.249559318461856],[34.7800960687386,31.249671832428955],[34.77998217073435,31.249836062981778],[34.779978469351654,31.249841183498358],[34.77989893134253,31.24995131394838],[34.77969822759996,31.250229167153243],[34.7796339472635,31.250328156106015],[34.77960140446627,31.250377646082374],[34.77959548103031,31.25038665997959],[34.77959274340472,31.250390824043148],[34.77958956083547,31.25039565314345],[34.77916170160113,31.251042977188817],[34.77914502675763,31.251063756912213],[34.779107439752224,31.251109358196008],[34.77909953208624,31.251119074401018],[34.77909224155659,31.25112788713573],[34.779042145380075,31.25120267050267],[34.77900897166855,31.25125108226011],[34.77873444885835,31.25164529762498],[34.77829047469748,31.252257125817867],[34.77815550516159,31.2524348016341],[34.77815000680736,31.25244307640686],[34.77807342866887,31.25255729027272],[34.778111837691114,31.252572913248933],[34.77823335436487,31.252632397141184],[34.77836753921385,31.252720689116924],[34.77863707131364,31.252947684790637],[34.7786438898056,31.252951226600672],[34.77864605360419,31.25295237377307],[34.778771548605484,31.25301847677701],[34.77898132004007,31.25310891234902],[34.779254795313854,31.253174356383457],[34.77947316030099,31.25322661403845],[34.77962562061922,31.25326869385145],[34.779590279900354,31.253282105624308],[34.77955947823119,31.253293734894278],[34.77928859913695,31.253437410936773],[34.779239716979696,31.25347531321447],[34.77916873517324,31.253501867676853],[34.779106609141664,31.25352059221078],[34.77905786769965,31.253528017760658],[34.7789915021284,31.253531582545754],[34.778942631011304,31.253542872279194],[34.778911589842195,31.253558007200617],[34.77887163040469,31.253573120710925],[34.77884503281272,31.253580611360622],[34.77879629243508,31.253588022384054],[34.77872087503219,31.253595352270178],[34.77867654031744,31.253602870732692],[34.77860553578409,31.253633029714972],[34.77853459483248,31.253651820375214],[34.77844138611761,31.253693448266535],[34.77840597311996,31.253700906908783],[34.778334926436074,31.253719610524996],[34.77826392611107,31.25374995782867],[34.77821945728577,31.25378777513358],[34.77819711406999,31.25382575957846],[34.77817479197715,31.253867450912193],[34.778103894065644,31.253874969486553],[34.778002042054375,31.253878424192518],[34.7779476399087,31.25388017831451],[34.77789568317712,31.253881856649787],[34.77784255686273,31.253881680377443],[34.77780499501891,31.25387623270075],[34.77779698708385,31.253891122706328],[34.777615549181675,31.254228232764955],[34.777538740977995,31.25437094474728],[34.777311146924966,31.254922333067242],[34.77725002982854,31.255070408294827],[34.777234908038714,31.25532775850439],[34.77727520555796,31.255540914712647],[34.77735147300174,31.255741131748987],[34.77741569316553,31.255818984506448],[34.77749003745609,31.255909155676584],[34.777520608457095,31.25594903383258],[34.777527376552115,31.255943748608413],[34.77766252148981,31.25583839597236],[34.777712920173315,31.25588365301516],[34.77780448559524,31.255811816393734],[34.77801813220725,31.256010129490676],[34.7781706659351,31.256164766978777],[34.77817881752658,31.256174248657405],[34.778169004468964,31.25618055198889],[34.77800770779444,31.256283724189412],[34.778037513455466,31.25631222848968],[34.77811214667433,31.256383644281268],[34.778127385853885,31.25640272226584],[34.77842482095773,31.256774844962404],[34.77869180734546,31.256656943393157],[34.779652035607135,31.256231722173236],[34.77976434837358,31.256183107265834],[34.779891153012635,31.256128233108893],[34.780335778167945,31.255935798688174],[34.78039330306096,31.25591164788066],[34.78082178004082,31.255733872145797],[34.780829810614144,31.25573053631183],[34.781337488532714,31.25554893867767],[34.78144087830478,31.255507072531305],[34.78161130881682,31.25542701565057],[34.78180155336975,31.255330134638015],[34.781951950096875,31.25524603404366],[34.78196248180537,31.25524047234291],[34.7819730142361,31.255234276605538],[34.78216465974486,31.255128396851866],[34.78236015938176,31.25500728999891],[34.782569678649956,31.2548709758573],[34.782678568564336,31.25479647062953],[34.782767550816345,31.254735252695387],[34.782912912232284,31.25462858865806],[34.783077436303074,31.254505109938115],[34.78337584491128,31.254258065034698],[34.78353751771127,31.254117716186297],[34.7835439551708,31.254111601611115],[34.783704718402,31.253960341043456],[34.78389694300565,31.253771582818658],[34.78410600223023,31.253549123785188],[34.78422428771199,31.25343001361842],[34.7843509775272,31.253302442081853],[34.78455142073509,31.253082129534764],[34.78470747922522,31.25292760184267],[34.78488873508952,31.252772615041522],[34.78507555281044,31.252641275101354],[34.785369316397436,31.252447242239526],[34.78543952662406,31.25240751131563],[34.78564357608687,31.25229201812878],[34.785667880013435,31.25228190307304],[34.78578904501458,31.252229359517237],[34.78603409677442,31.252154039241876],[34.78632237653086,31.25210708056697],[34.78675362170997,31.25206221462222],[34.786598519504054,31.251761286371895]]]}},{"type":"Feature","properties":{"yishuv_stat":"9000_412","stat_area":412,"index_popu":1486.0,"index_value":-1.215,"rank_2021":223.0,"cluster_2021":2.0,"socio_index":-1.215,"socio_cluster":2,"socio_rank":223},"geometry":{"type":"Polygon","coordinates":[[[34.778127385853885,31.25640272226584],[34.77811214667433,31.256383644281268],[34.778037513455466,31.25631222848968],[34.77800770779444,31.256283724189412],[34.778169004468964,31.25618055198889],[34.77817881752658,31.256174248657405],[34.7781706659351,31.256164766978777],[34.77801813220725,31.256010129490676],[34.77780448559524,31.255811816393734],[34.777712920173315,31.25588365301516],[34.77766252148981,31.25583839597236],[34.777527376552115,31.255943748608413],[34.777520608457095,31.25594903383258],[34.77749003745609,31.255909155676584],[34.77741569316553,31.255818984506448],[34.77735147300174,31.255741131748987],[34.77727520555796,31.255540914712647],[34.777234908038714,31.25532775850439],[34.77725002982854,31.255070408294827],[34.777311146924966,31.254922333067242],[34.777538740977995,31.25437094474728],[34.777615549181675,31.254228232764955],[34.77779698708385,31.253891122706328],[34.77780499501891,31.25387623270075],[34.77784255686273,31.253881680377443],[34.77789568317712,31.253881856649787],[34.7779476399087,31.25388017831451],[34.778002042054375,31.253878424192518],[34.778103894065644,31.253874969486553],[34.77817479197715,31.253867450912193],[34.77819711406999,31.25382575957846],[34.77821945728577,31.25378777513358],[34.77826392611107,31.25374995782867],[34.778334926436074,31.253719610524996],[34.77840597311996,31.253700906908783],[34.77844138611761,31.253693448266535],[34.77853459483248,31.253651820375214],[34.77860553578409,31.253633029714972],[34.77867654031744,31.253602870732692],[34.77872087503219,31.253595352270178],[34.77879629243508,31.253588022384054],[34.77884503281272,31.253580611360622],[34.77887163040469,31.253573120710925],[34.778911589842195,31.253558007200617],[34.778942631011304,31.253542872279194],[34.7789915021284,31.253531582545754],[34.77905786769965,31.253528017760658],[34.779106609141664,31.25352059221078],[34.77916873517324,31.253501867676853],[34.779239716979696,31.25347531321447],[34.77928859913695,31.253437410936773],[34.77955947823119,31.253293734894278],[34.779590279900354,31.253282105624308],[34.77962562061922,31.25326869385145],[34.77947316030099,31.25322661403845],[34.779254795313854,31.253174356383457],[34.77898132004007,31.25310891234902],[34.778771548605484,31.25301847677701],[34.77864605360419,31.25295237377307],[34.7786438898056,31.252951226600672],[34.77863707131364,31.252947684790637],[34.77836753921385,31.252720689116924],[34.77823335436487,31.252632397141184],[34.778111837691114,31.252572913248933],[34.77807342866887,31.25255729027272],[34.77777188081696,31.252952668378697],[34.77762406763589,31.253138777972467],[34.77761415844173,31.253151111975523],[34.77760960612772,31.25315676803113],[34.77750332270152,31.253290369439558],[34.777249158136435,31.253609855998405],[34.77711763843887,31.253790380418273],[34.77689886176662,31.25409067591763],[34.7768923083476,31.254099132014826],[34.77688554674752,31.254108123149855],[34.77687858774229,31.25411712174515],[34.77669432259477,31.254360730678822],[34.77668901121937,31.25436776408659],[34.776406052301574,31.254724665041813],[34.776370240743276,31.25476984840203],[34.776195683128336,31.25499763074148],[34.77611000003139,31.255109373389335],[34.775931535369914,31.255342110015583],[34.77567534437321,31.255676199176822],[34.77546652990584,31.25593200468834],[34.77528849548514,31.256159681232365],[34.77521116451223,31.256242311548423],[34.7750768600733,31.25638670596062],[34.77490945913936,31.256536674343728],[34.774675026247074,31.25672357772951],[34.77436509224337,31.25693449290754],[34.77426498398745,31.257014782658285],[34.774282431667196,31.257034501618826],[34.774290579599025,31.257043099664017],[34.77440000599548,31.257153315710767],[34.77440908293519,31.257165421650136],[34.774483182212876,31.257264077909664],[34.77452021932496,31.257313518719137],[34.774573338888686,31.25738442176068],[34.77462755789811,31.257454134336665],[34.77477729626027,31.257646660796272],[34.77479652625679,31.257666744600627],[34.77505849555374,31.257940717802708],[34.77507786210761,31.25795640434347],[34.77531160006996,31.258145756416145],[34.775320524955085,31.258152995116216],[34.775523146373466,31.258295179847195],[34.775533603645314,31.258302524658408],[34.77555181271643,31.258315570102575],[34.77583919722479,31.25847156293588],[34.77595349941862,31.258363089736754],[34.7763198819225,31.258065594841575],[34.77656343212127,31.25787753013326],[34.776825070782614,31.257675495122083],[34.77726102084733,31.257385536985247],[34.77735921690762,31.25732887921885],[34.77760458126916,31.257187310713558],[34.77770396110383,31.257129969360058],[34.77812056007227,31.256917326390848],[34.77823946678369,31.256856746602413],[34.77842482095773,31.256774844962404],[34.778127385853885,31.25640272226584]]]}},{"type":"Feature","properties":{"yishuv_stat":"9000_413","stat_area":413,"index_popu":3150.0,"index_value":-0.606,"rank_2021":391.0,"cluster_2021":3.0,"socio_index":-0.606,"socio_cluster":3,"socio_rank":391},"geometry":{"type":"Polygon","coordinates":[[[34.77815000680736,31.25244307640686],[34.77815550516159,31.2524348016341],[34.77812180929256,31.25241160117301],[34.778111458830224,31.252402546011297],[34.777708726730914,31.2520545181691],[34.77768510119785,31.252032433302215],[34.77768019138572,31.252027722596537],[34.77767559759164,31.25202347381242],[34.777670726002555,31.2520189012245],[34.777665869098996,31.252014331390882],[34.77738450577872,31.25174780452652],[34.77716963704063,31.251544232657984],[34.777018105892886,31.251391585954085],[34.77677388698686,31.25116475135088],[34.77675224810141,31.251145467919898],[34.7767398816694,31.251137944589086],[34.776731644280815,31.251127361305286],[34.77656059337446,31.250974008771376],[34.77631692356186,31.250721116420422],[34.77630509949673,31.25070881115638],[34.7761310578923,31.25049782004774],[34.77612040903101,31.25048425782006],[34.77609450692995,31.25045386846297],[34.77599817401414,31.250331334113213],[34.775987102252046,31.250317045334473],[34.775650125717256,31.249966526224892],[34.77558390115004,31.250009570575486],[34.77557737532928,31.250013815715118],[34.77527584421604,31.249715814460835],[34.77524743496797,31.249686048798146],[34.77521405275678,31.24970992439384],[34.77489588247658,31.249934696729074],[34.77469431139079,31.250077245462663],[34.77447800533878,31.250212245269104],[34.77435395037541,31.25028967816929],[34.77401701222164,31.25051068950242],[34.77395437294845,31.250548810691228],[34.7737990003588,31.25064245722792],[34.77373941692968,31.25067663730586],[34.77342892105051,31.250854785193663],[34.77307173425251,31.25103930635729],[34.77289984237423,31.251128090120968],[34.772479860768144,31.251324010841596],[34.77228555046392,31.251409959528548],[34.772076340218995,31.25150250303658],[34.771742119552044,31.25163494963646],[34.77136483065962,31.25176778512153],[34.77092789304855,31.251906646018803],[34.77088941919825,31.25191725163906],[34.77088466480971,31.251918579442272],[34.770616440977584,31.251993626636008],[34.770269093361215,31.25209932964554],[34.770294255035914,31.25213061956348],[34.770328392296605,31.25217186162041],[34.77041494728377,31.25227641205502],[34.77052861132733,31.252418304332224],[34.77057370589551,31.25247536660956],[34.77058112810998,31.25248386954665],[34.77058822347839,31.252493367983384],[34.77067422060362,31.252600889031893],[34.771004909201054,31.253014306633663],[34.771036346345994,31.253053606619154],[34.771049397242045,31.253070513497008],[34.771056488494516,31.253079553726874],[34.77106390894497,31.2530886924716],[34.77108227348326,31.253111938696588],[34.771431630244976,31.25355603772273],[34.77144206137439,31.253568697694124],[34.77144823457218,31.25357602299813],[34.77147337367619,31.25360920840686],[34.77148036422218,31.253618249175812],[34.771509384243906,31.25365496236331],[34.77155606262417,31.253708685368824],[34.77164066941172,31.25380594554233],[34.77167722254331,31.253847634596934],[34.77170321445097,31.253878477882978],[34.77188733810863,31.25408969547099],[34.77196368792663,31.254177882463573],[34.772072512276196,31.254320298221767],[34.77224222206772,31.25454237082745],[34.77240290880398,31.254732021940775],[34.7724740506419,31.25481597472899],[34.772497804190294,31.254845566607663],[34.77267196961432,31.25506251186068],[34.77270820577877,31.255106001556946],[34.7727400571852,31.255144086747237],[34.77276605170136,31.255175202199695],[34.77278934859536,31.255202980567592],[34.77308545382744,31.25555689534859],[34.773297112452724,31.25580986488388],[34.77348476299387,31.2560341506422],[34.773720850143285,31.256322681316366],[34.773774394424485,31.25638811787854],[34.77391984655891,31.256566623537832],[34.773965035337056,31.25662208134443],[34.77407091938981,31.2567717016689],[34.7740765483799,31.256779662668816],[34.7740839671303,31.25678860912634],[34.77409597587205,31.256803352145333],[34.774101606742335,31.25681113096607],[34.77410891732971,31.25682008427529],[34.77424077183264,31.256984214618218],[34.77426498398745,31.257014782658285],[34.77436509224337,31.25693449290754],[34.774675026247074,31.25672357772951],[34.77490945913936,31.256536674343728],[34.7750768600733,31.25638670596062],[34.77521116451223,31.256242311548423],[34.77528849548514,31.256159681232365],[34.77546652990584,31.25593200468834],[34.77567534437321,31.255676199176822],[34.775931535369914,31.255342110015583],[34.77611000003139,31.255109373389335],[34.776195683128336,31.25499763074148],[34.776370240743276,31.25476984840203],[34.776406052301574,31.254724665041813],[34.77668901121937,31.25436776408659],[34.77669432259477,31.254360730678822],[34.77687858774229,31.25411712174515],[34.77688554674752,31.254108123149855],[34.7768923083476,31.254099132014826],[34.77689886176662,31.25409067591763],[34.77711763843887,31.253790380418273],[34.777249158136435,31.253609855998405],[34.77750332270152,31.253290369439558],[34.77760960612772,31.25315676803113],[34.77761415844173,31.253151111975523],[34.77762406763589,31.253138777972467],[34.77777188081696,31.252952668378697],[34.77807342866887,31.25255729027272],[34.77815000680736,31.25244307640686]]]}},{"type":"Feature","properties":{"yishuv_stat":"9000_414","stat_area":414,"index_popu":3306.0,"index_value":-0.506,"rank_2021":430.0,"cluster_2021":4.0,"socio_index":-0.506,"socio_cluster":4,"socio_rank":430},"geometry":{"type":"Polygon","coordinates":[[[34.783423237081905,31.247743404434114],[34.78332038729479,31.247467426647148],[34.78314788632604,31.24700458313835],[34.78311198180702,31.24690821783642],[34.78310702919818,31.246894937296073],[34.78306822421986,31.246791017142094],[34.78301301099597,31.246637107441472],[34.7829431762255,31.246442461256272],[34.78293135709924,31.2464095850635],[34.781175745317746,31.246643280786625],[34.78107396344366,31.246657013605276],[34.78005251142982,31.2467822596785],[34.77998361064396,31.2467904181558],[34.77983879798873,31.246813002631065],[34.77972193684206,31.246831222963795],[34.77946377443236,31.2468839484916],[34.77917894277134,31.246961922497356],[34.779081011580594,31.246997500673405],[34.77896370162938,31.24704011624548],[34.7786958408036,31.24714917715418],[34.77846760791163,31.24726738512783],[34.77820339604656,31.247428309370903],[34.77779737109293,31.247726753029234],[34.77778061948679,31.247739687570174],[34.777381728193276,31.24804840550233],[34.777032835132914,31.248318448780037],[34.777023752449715,31.248325443518606],[34.776477199312296,31.248748458376376],[34.776335111690805,31.248858445150393],[34.776246059468555,31.248927347193696],[34.77587451747717,31.249209622811783],[34.77583081188673,31.249242816904424],[34.77524743496797,31.249686048798146],[34.77527584421604,31.249715814460835],[34.77557737532928,31.250013815715118],[34.77558390115004,31.250009570575486],[34.775650125717256,31.249966526224892],[34.775987102252046,31.250317045334473],[34.77599817401414,31.250331334113213],[34.77609450692995,31.25045386846297],[34.77612040903101,31.25048425782006],[34.7761310578923,31.25049782004774],[34.77630509949673,31.25070881115638],[34.77631692356186,31.250721116420422],[34.77656059337446,31.250974008771376],[34.776731644280815,31.251127361305286],[34.7767398816694,31.251137944589086],[34.77675224810141,31.251145467919898],[34.77677388698686,31.25116475135088],[34.777018105892886,31.251391585954085],[34.77716963704063,31.251544232657984],[34.77738450577872,31.25174780452652],[34.777665869098996,31.252014331390882],[34.777670726002555,31.2520189012245],[34.77767559759164,31.25202347381242],[34.77768019138572,31.252027722596537],[34.77768510119785,31.252032433302215],[34.777708726730914,31.2520545181691],[34.778111458830224,31.252402546011297],[34.77812180929256,31.25241160117301],[34.77815550516159,31.2524348016341],[34.77829047469748,31.252257125817867],[34.77873444885835,31.25164529762498],[34.77900897166855,31.25125108226011],[34.779042145380075,31.25120267050267],[34.77909224155659,31.25112788713573],[34.77909953208624,31.251119074401018],[34.779107439752224,31.251109358196008],[34.77914502675763,31.251063756912213],[34.77916170160113,31.251042977188817],[34.77958956083547,31.25039565314345],[34.77959274340472,31.250390824043148],[34.77959548103031,31.25038665997959],[34.77960140446627,31.250377646082374],[34.7796339472635,31.250328156106015],[34.77969822759996,31.250229167153243],[34.77989893134253,31.24995131394838],[34.779978469351654,31.249841183498358],[34.77998217073435,31.249836062981778],[34.7800960687386,31.249671832428955],[34.780189377603115,31.249559318461856],[34.78022432019052,31.24951721833016],[34.78038919593536,31.249336835734653],[34.78053069568111,31.249199408405094],[34.780539552447614,31.249190777521534],[34.78070825449062,31.249025923476154],[34.78073946360793,31.24899699222465],[34.78077064807178,31.248969581494627],[34.78090025877798,31.24886159962179],[34.7810601558446,31.248740108513296],[34.78124697731017,31.248609666036025],[34.78146480959888,31.248466078130498],[34.781698540124445,31.24833733515659],[34.781716114553745,31.248327650566694],[34.78210132057148,31.2481524967248],[34.78215276253331,31.248128951012063],[34.782438585211985,31.24801580933726],[34.78245058215833,31.248011059599065],[34.782790756519546,31.24790728320621],[34.78287737392132,31.24788114954052],[34.78317877020211,31.24780827228696],[34.783414048180795,31.24775600281297],[34.7834272808315,31.247753336821134],[34.783423237081905,31.247743404434114]]]}},{"type":"Feature","properties":{"yishuv_stat":"9000_421","stat_area":421,"index_popu":5134.0,"index_value":1.173,"rank_2021":1308.0,"cluster_2021":8.0,"socio_index":1.173,"socio_cluster":8,"socio_rank":1308},"geometry":{"type":"Polygon","coordinates":[[[34.76658953801422,31.25299741593762],[34.76706288814482,31.252883252574854],[34.76781179691004,31.252702621680868],[34.76874035871388,31.252478642914753],[34.76921901333343,31.25236319080811],[34.76945452800968,31.252306446433735],[34.77004716914754,31.252166948787234],[34.770269093361215,31.25209932964554],[34.77020790046162,31.252026608159877],[34.77017981557562,31.25199269102805],[34.77002481206448,31.251729443870065],[34.76991890935337,31.251542486718634],[34.769914012442925,31.251533443920522],[34.769826957664385,31.251378751042868],[34.76982184870424,31.251369709328102],[34.769615349887815,31.25100428682003],[34.769450924341456,31.25068860469343],[34.7693701355572,31.250541857719575],[34.76936534331381,31.25053336361118],[34.76936035027537,31.250523786539095],[34.76926592202423,31.250352020538095],[34.76925852597752,31.250338559849475],[34.76924813355682,31.250317141445368],[34.76912196597355,31.250104676833868],[34.76903319420897,31.24991497651725],[34.769010019103334,31.24986529334307],[34.76888843557089,31.249523238683384],[34.76888606705438,31.24951550315064],[34.768797527978855,31.249225937474375],[34.768763969879245,31.24907926444016],[34.768756561051696,31.24904712976456],[34.7687254052453,31.24883500469536],[34.768635007706514,31.248219762394843],[34.76863004788447,31.24819019200414],[34.7685776005578,31.247877385542942],[34.76852735752105,31.247411567724228],[34.76852442204139,31.247385127482026],[34.768518989768936,31.247334330078335],[34.768480323926035,31.247044508383574],[34.76847726439363,31.24702885358615],[34.7684700544732,31.246991864611477],[34.768467172167846,31.24697670736363],[34.766071637933074,31.24725726636818],[34.766113471476714,31.247790189611756],[34.76469499540734,31.248013680112877],[34.762698200332146,31.24876795244364],[34.76132186468904,31.249448219051388],[34.75966884102483,31.250089459882826],[34.75885866252061,31.25046721254309],[34.75810295366007,31.251035428063105],[34.7568064033066,31.251221198439772],[34.75594213859327,31.251322839601407],[34.75564854724349,31.251308987339694],[34.75548321955244,31.251303787874743],[34.75548456436823,31.251354598541678],[34.75557640999762,31.25185597204097],[34.75558675443061,31.251912438386245],[34.75560183818434,31.25199477971959],[34.75577022071421,31.2526496858901],[34.756010888222036,31.25316270324148],[34.756189091535994,31.253624938999206],[34.75631303538663,31.25386493254411],[34.75654674205752,31.254317461951718],[34.75704628423745,31.25481043675666],[34.75883832269731,31.256894800780533],[34.75961089234079,31.255865040262695],[34.75985566786777,31.2555395788016],[34.76004861381818,31.255274819704816],[34.76013324480259,31.25517792684754],[34.76021306256883,31.2550865279231],[34.76047242230863,31.254830921952493],[34.76063151826607,31.254708639395876],[34.76068862854802,31.254666738441625],[34.76077604888226,31.25460261186556],[34.760909127300785,31.25452244729539],[34.76106512886378,31.254434414981578],[34.76111332463443,31.254411598009508],[34.76122453279242,31.25435894417701],[34.76143596519571,31.254271195389407],[34.76161557025192,31.254207508513815],[34.76166082609466,31.254194391991287],[34.76168538150766,31.254187273967364],[34.761780724720026,31.25415964601527],[34.76194575451949,31.254116194079067],[34.76258943311962,31.25397635828642],[34.76279228559645,31.25392573795026],[34.76296352880334,31.253877262606082],[34.76377428584182,31.25368000304772],[34.76397231046026,31.253631076102426],[34.76403999536349,31.253614356718398],[34.76461008150589,31.253473171848963],[34.76462080469079,31.253470414439153],[34.76481196810254,31.253423004974618],[34.76517942941527,31.253331894431057],[34.76595547873027,31.253147945315305],[34.76658953801422,31.25299741593762]]]}},{"type":"Feature","properties":{"yishuv_stat":"9000_422","stat_area":422,"index_popu":5717.0,"index_value":0.349,"rank_2021":942.0,"cluster_2021":6.0,"socio_index":0.349,"socio_cluster":6,"socio_rank":942},"geometry":{"type":"Polygon","coordinates":[[[34.774931967251185,31.249363366511457],[34.77492215047623,31.249351349219072],[34.77479637257723,31.24921537012328],[34.77477359652018,31.24919076403114],[34.774613487695646,31.248962582931956],[34.77450823594294,31.248793039270296],[34.77450746259727,31.248791804683634],[34.774461541730155,31.248717942124475],[34.77440560052613,31.248575790847045],[34.774368606248835,31.248491242588127],[34.77432142647672,31.248383666203782],[34.774262004217256,31.248178376248557],[34.774248091847994,31.248106514694133],[34.77415990319245,31.24765064713704],[34.77415092823612,31.24760421143299],[34.774149296213224,31.247591395326097],[34.77414332706218,31.24754303960547],[34.77412529805595,31.247398857702972],[34.77406237180692,31.24710093305617],[34.77400524933972,31.246830250871287],[34.77398992945006,31.246715838137007],[34.77395580414864,31.246460492219715],[34.77395062289547,31.246422227821036],[34.773943859716944,31.246388117707834],[34.77393573679176,31.246349217537695],[34.77389657230161,31.246166446287344],[34.77387718810125,31.246041829303927],[34.77387577440718,31.246032270698223],[34.77385505392258,31.245900250011864],[34.77381493720481,31.24560420086517],[34.7737980122215,31.245494744089008],[34.773795828038786,31.245481018808924],[34.773795142221104,31.24547669639023],[34.7737922928317,31.24545873353938],[34.773770254769815,31.245316617008378],[34.77372292867194,31.245013682875584],[34.77371663583167,31.24496918979223],[34.7737160701601,31.244965226733232],[34.77366668233958,31.244616114464744],[34.77360116373132,31.244270911081966],[34.773594808618526,31.244237615825774],[34.773526126729756,31.243782556127666],[34.773521371329906,31.24362650528971],[34.77352101223627,31.243613344396564],[34.77349947016201,31.243595224190628],[34.77349936660684,31.24354959288296],[34.773497000081974,31.242614398212307],[34.7734965504649,31.242435735691465],[34.77358409208525,31.24188117721514],[34.77358841110285,31.24185377017192],[34.773569301221215,31.241851454987298],[34.77333976563613,31.241823626727616],[34.773291510885194,31.241818959028528],[34.77280634708409,31.241769433966276],[34.77164795841244,31.241661828628747],[34.77123996503404,31.241626608142184],[34.771186908751,31.24162202809957],[34.771158575808734,31.24161958768416],[34.77111860044235,31.2416155747929],[34.77079638414844,31.24158283084228],[34.7704519424801,31.24154784740858],[34.76926913073464,31.241433366736487],[34.768841985818774,31.24139187775225],[34.768553983597194,31.24136104699057],[34.7685128500192,31.241356940075672],[34.76801353693817,31.241304018251085],[34.76800188977354,31.241302811656873],[34.7679870030994,31.241300950106545],[34.76797799033803,31.241319680935476],[34.76797668460831,31.241328335689584],[34.76791663875337,31.241719120123406],[34.767912628571125,31.24174498305303],[34.767866571043385,31.242128135204293],[34.76784987501424,31.242358059645866],[34.76784921637057,31.242730640436736],[34.76787331435617,31.243013733531296],[34.76789154824916,31.243224575890547],[34.76790020524796,31.243259052613965],[34.76793020960918,31.243377484317563],[34.76793990370677,31.243415853569577],[34.76794887169987,31.2434514190412],[34.767963827107586,31.243510088174226],[34.7680066985857,31.243797134849704],[34.76806364714271,31.244288323879946],[34.76806646811758,31.24431313762222],[34.768246682053615,31.24557586646563],[34.76824695132193,31.245584887321115],[34.76824789630017,31.24563052686967],[34.76826856926336,31.24576957859974],[34.76829361352628,31.245940137834076],[34.76832050218987,31.24612168489783],[34.768369315686485,31.24645229722784],[34.768374141426655,31.2464849679264],[34.76838208498159,31.246539109099356],[34.76843930271491,31.246833509585144],[34.76846033136158,31.246940721654852],[34.768467172167846,31.24697670736363],[34.7684700544732,31.246991864611477],[34.76847726439363,31.24702885358615],[34.768480323926035,31.247044508383574],[34.768518989768936,31.247334330078335],[34.76852442204139,31.247385127482026],[34.76852735752105,31.247411567724228],[34.7685776005578,31.247877385542942],[34.76863004788447,31.24819019200414],[34.768635007706514,31.248219762394843],[34.7687254052453,31.24883500469536],[34.768756561051696,31.24904712976456],[34.768763969879245,31.24907926444016],[34.768797527978855,31.249225937474375],[34.76888606705438,31.24951550315064],[34.76888843557089,31.249523238683384],[34.769010019103334,31.24986529334307],[34.76903319420897,31.24991497651725],[34.76912196597355,31.250104676833868],[34.76924813355682,31.250317141445368],[34.76925852597752,31.250338559849475],[34.76926592202423,31.250352020538095],[34.76936035027537,31.250523786539095],[34.76936534331381,31.25053336361118],[34.7693701355572,31.250541857719575],[34.769450924341456,31.25068860469343],[34.769615349887815,31.25100428682003],[34.76982184870424,31.251369709328102],[34.769826957664385,31.251378751042868],[34.769914012442925,31.251533443920522],[34.76991890935337,31.251542486718634],[34.77002481206448,31.251729443870065],[34.77017981557562,31.25199269102805],[34.77020790046162,31.252026608159877],[34.770269093361215,31.25209932964554],[34.770616440977584,31.251993626636008],[34.77088466480971,31.251918579442272],[34.77088941919825,31.25191725163906],[34.77092789304855,31.251906646018803],[34.77136483065962,31.25176778512153],[34.771742119552044,31.25163494963646],[34.772076340218995,31.25150250303658],[34.77228555046392,31.251409959528548],[34.772479860768144,31.251324010841596],[34.77289984237423,31.251128090120968],[34.77307173425251,31.25103930635729],[34.77342892105051,31.250854785193663],[34.77373941692968,31.25067663730586],[34.7737990003588,31.25064245722792],[34.77395437294845,31.250548810691228],[34.77401701222164,31.25051068950242],[34.77435395037541,31.25028967816929],[34.77447800533878,31.250212245269104],[34.77469431139079,31.250077245462663],[34.77489588247658,31.249934696729074],[34.77521405275678,31.24970992439384],[34.774931967251185,31.249363366511457]]]}},{"type":"Feature","properties":{"yishuv_stat":"9000_423","stat_area":423,"index_popu":4715.0,"index_value":-0.083,"rank_2021":684.0,"cluster_2021":5.0,"socio_index":-0.083,"socio_cluster":5,"socio_rank":684},"geometry":{"type":"Polygon","coordinates":[[[34.77583081188673,31.249242816904424],[34.77587451747717,31.249209622811783],[34.776246059468555,31.248927347193696],[34.776335111690805,31.248858445150393],[34.776477199312296,31.248748458376376],[34.777023752449715,31.248325443518606],[34.777032835132914,31.248318448780037],[34.777381728193276,31.24804840550233],[34.77778061948679,31.247739687570174],[34.77779737109293,31.247726753029234],[34.77820339604656,31.247428309370903],[34.77846760791163,31.24726738512783],[34.7786958408036,31.24714917715418],[34.77896370162938,31.24704011624548],[34.779081011580594,31.246997500673405],[34.77917894277134,31.246961922497356],[34.77946377443236,31.2468839484916],[34.77972193684206,31.246831222963795],[34.77983879798873,31.246813002631065],[34.77998361064396,31.2467904181558],[34.78005251142982,31.2467822596785],[34.78107396344366,31.246657013605276],[34.781175745317746,31.246643280786625],[34.78293135709924,31.2464095850635],[34.78286236330621,31.246224202344052],[34.782660501906825,31.2456808525303],[34.7826494023618,31.245650976600725],[34.78257560275429,31.24546113155653],[34.78247212856598,31.245194940248144],[34.782369280195326,31.244904995630296],[34.782357049159806,31.244870409819182],[34.78228281880072,31.244661555530755],[34.78220288707179,31.244530705366955],[34.78219267641646,31.244514158860337],[34.782122821014475,31.244452509724972],[34.78205276097591,31.244390867094644],[34.78193539109511,31.244323920911476],[34.78175428684158,31.244259098358537],[34.78172703291569,31.24424936920689],[34.781706073202315,31.244241994872237],[34.78169003817086,31.24423689148743],[34.78157976656049,31.24420044639094],[34.78154758074297,31.244190781252076],[34.78152661413533,31.2441844891515],[34.781505648552084,31.24417820336421],[34.781209603098965,31.24408875152002],[34.78094588354539,31.244001662932174],[34.780767374646516,31.24394244566465],[34.78053842540227,31.243866552507388],[34.780259002736464,31.243773922655],[34.7796422407537,31.243573819271138],[34.779505559042505,31.243529534179363],[34.779363642151054,31.24348063552924],[34.779225087072014,31.24343210499419],[34.77919322147104,31.24342090077481],[34.7791790726885,31.24341635077193],[34.77895530245473,31.2433415677459],[34.778931825907,31.243333729170317],[34.77886724717344,31.243312145722495],[34.778856774274736,31.243308593631923],[34.77881799152559,31.24329565370872],[34.77864661842269,31.24323871729796],[34.77812480982675,31.24307100991481],[34.777967799021404,31.243020556210496],[34.7777049222127,31.242934604698725],[34.77726202813135,31.242789801616283],[34.77710356106936,31.24273798916452],[34.77702391045296,31.24271194168399],[34.776437999527964,31.242516535151278],[34.776285591054545,31.242466166869477],[34.776274184589695,31.24246250683979],[34.776114338806316,31.242408942493707],[34.775649220055655,31.2422675953078],[34.77516693846911,31.242138184485526],[34.77498205091633,31.242096001955076],[34.7746474450895,31.24201965704305],[34.77421401872361,31.241941831649957],[34.7741837446388,31.241936392885535],[34.77416276635357,31.241932896355372],[34.77414179683733,31.24192885510061],[34.77408714877661,31.241919204025365],[34.77386832079879,31.241888625656376],[34.77383454584589,31.241883911041977],[34.77380852659345,31.241880481450753],[34.77358841110285,31.24185377017192],[34.77358409208525,31.24188117721514],[34.7734965504649,31.242435735691465],[34.773497000081974,31.242614398212307],[34.77349936660684,31.24354959288296],[34.77349947016201,31.243595224190628],[34.77352101223627,31.243613344396564],[34.773521371329906,31.24362650528971],[34.773526126729756,31.243782556127666],[34.773594808618526,31.244237615825774],[34.77360116373132,31.244270911081966],[34.77366668233958,31.244616114464744],[34.7737160701601,31.244965226733232],[34.77371663583167,31.24496918979223],[34.77372292867194,31.245013682875584],[34.773770254769815,31.245316617008378],[34.7737922928317,31.24545873353938],[34.773795142221104,31.24547669639023],[34.773795828038786,31.245481018808924],[34.7737980122215,31.245494744089008],[34.77381493720481,31.24560420086517],[34.77385505392258,31.245900250011864],[34.77387577440718,31.246032270698223],[34.77387718810125,31.246041829303927],[34.77389657230161,31.246166446287344],[34.77393573679176,31.246349217537695],[34.773943859716944,31.246388117707834],[34.77395062289547,31.246422227821036],[34.77395580414864,31.246460492219715],[34.77398992945006,31.246715838137007],[34.77400524933972,31.246830250871287],[34.77406237180692,31.24710093305617],[34.77412529805595,31.247398857702972],[34.77414332706218,31.24754303960547],[34.774149296213224,31.247591395326097],[34.77415092823612,31.24760421143299],[34.77415990319245,31.24765064713704],[34.774248091847994,31.248106514694133],[34.774262004217256,31.248178376248557],[34.77432142647672,31.248383666203782],[34.774368606248835,31.248491242588127],[34.77440560052613,31.248575790847045],[34.774461541730155,31.248717942124475],[34.77450746259727,31.248791804683634],[34.77450823594294,31.248793039270296],[34.774613487695646,31.248962582931956],[34.77477359652018,31.24919076403114],[34.77479637257723,31.24921537012328],[34.77492215047623,31.249351349219072],[34.774931967251185,31.249363366511457],[34.77521405275678,31.24970992439384],[34.77524743496797,31.249686048798146],[34.77583081188673,31.249242816904424]]]}},{"type":"Feature","properties":{"yishuv_stat":"9000_424","stat_area":424,"index_popu":5134.0,"index_value":1.173,"rank_2021":1308.0,"cluster_2021":8.0,"socio_index":1.173,"socio_cluster":8,"socio_rank":1308},"geometry":{"type":"Polygon","coordinates":[[[34.76846033136158,31.246940721654852],[34.76843930271491,31.246833509585144],[34.76838208498159,31.246539109099356],[34.768374141426655,31.2464849679264],[34.768369315686485,31.24645229722784],[34.76832050218987,31.24612168489783],[34.76829361352628,31.245940137834076],[34.76826856926336,31.24576957859974],[34.76824789630017,31.24563052686967],[34.76824695132193,31.245584887321115],[34.768246682053615,31.24557586646563],[34.76806646811758,31.24431313762222],[34.76806364714271,31.244288323879946],[34.7680066985857,31.243797134849704],[34.767963827107586,31.243510088174226],[34.76794887169987,31.2434514190412],[34.76793990370677,31.243415853569577],[34.76793020960918,31.243377484317563],[34.76790020524796,31.243259052613965],[34.76789154824916,31.243224575890547],[34.76787331435617,31.243013733531296],[34.76784921637057,31.242730640436736],[34.76784987501424,31.242358059645866],[34.767866571043385,31.242128135204293],[34.767912628571125,31.24174498305303],[34.76791663875337,31.241719120123406],[34.76797668460831,31.241328335689584],[34.76797799033803,31.241319680935476],[34.7679870030994,31.241300950106545],[34.76795992531577,31.241298154289225],[34.76771389573989,31.24127260406372],[34.76759624023184,31.24126986759178],[34.767575280763836,31.241260771930822],[34.767554294998355,31.241258987917536],[34.76739042437984,31.241245545559465],[34.76649167232106,31.241171853346877],[34.76646364950775,31.241169596040955],[34.76601512240419,31.24114497885014],[34.765658276730186,31.24113248701023],[34.765044087614235,31.2411149645386],[34.764855674913605,31.241109628892954],[34.76466739865852,31.241104301555087],[34.76448614606421,31.24109917564711],[34.76446514764224,31.241098558151116],[34.76444415694036,31.241097860408622],[34.76427200342353,31.241092900617925],[34.76408846746189,31.24108761842128],[34.763754084618135,31.241075382207026],[34.76348026965303,31.24106533972833],[34.76336271206127,31.241061950348886],[34.76334172055653,31.241061429196982],[34.76332073471534,31.24106081877255],[34.76306296488138,31.24105316727951],[34.763041869255794,31.241052464438543],[34.7630208844856,31.241051850361252],[34.76287284760696,31.24104740710071],[34.762301202100474,31.24103025751967],[34.762203483069875,31.24102883921008],[34.76159774841688,31.241019905564706],[34.761325703801106,31.241033671260986],[34.76088392270893,31.2410704718888],[34.760163286128844,31.24116493795658],[34.76009355086617,31.241170923753163],[34.760072549647916,31.241172477315363],[34.76005155329323,31.241174112964252],[34.76003171259795,31.24117576072075],[34.76001070003735,31.24117794286087],[34.759989698419446,31.241179581187154],[34.7595885799363,31.241230594810848],[34.75912278878432,31.24128481046811],[34.75896313566124,31.241305449524628],[34.75895680569825,31.24130626740867],[34.75895,31.24134],[34.75896,31.24136],[34.75898,31.24149],[34.759,31.24173],[34.75901,31.24203],[34.759,31.24226],[34.75899,31.24253],[34.75897,31.24269],[34.75897,31.24273],[34.75893,31.24292],[34.75889,31.24311],[34.75883,31.24326],[34.7588,31.24335],[34.75876,31.24347],[34.75869,31.24365],[34.75855,31.24393],[34.7583,31.24435],[34.75796,31.24494],[34.7577,31.2454],[34.75761,31.24555],[34.75757,31.24559],[34.75741,31.24587],[34.75741,31.24588],[34.7574,31.24589],[34.75724,31.24619],[34.75703,31.24655],[34.75693,31.2468],[34.75691,31.24683],[34.75685,31.24695],[34.75682,31.24705],[34.75677,31.24712],[34.7567,31.24731],[34.75665,31.24741],[34.75662,31.2475],[34.75658,31.24758],[34.75655,31.24762],[34.75648,31.24773],[34.75644,31.24783],[34.75593,31.24907],[34.75592,31.24907],[34.7559,31.2492],[34.75569,31.25054],[34.75567,31.25055],[34.75565,31.25061],[34.75547865459749,31.251131175599323],[34.75548321955244,31.251303787874743],[34.75564854724349,31.251308987339694],[34.75594213859327,31.251322839601407],[34.7568064033066,31.251221198439772],[34.75810295366007,31.251035428063105],[34.75885866252061,31.25046721254309],[34.75966884102483,31.250089459882826],[34.76132186468904,31.249448219051388],[34.762698200332146,31.24876795244364],[34.76469499540734,31.248013680112877],[34.766113471476714,31.247790189611756],[34.766071637933074,31.24725726636818],[34.768467172167846,31.24697670736363],[34.76846033136158,31.246940721654852]]]}},{"type":"Feature","properties":{"yishuv_stat":"9000_511","stat_area":511,"index_popu":2165.0,"index_value":-0.709,"rank_2021":361.0,"cluster_2021":3.0,"socio_index":-0.709,"socio_cluster":3,"socio_rank":361},"geometry":{"type":"Polygon","coordinates":[[[34.787678792902895,31.258928163796913],[34.78764820563007,31.258297682057037],[34.78764011562833,31.25807916794642],[34.78764065251866,31.257927811367015],[34.78764138972618,31.25771723735984],[34.78762850333694,31.257281399459966],[34.7876115396546,31.257031159145427],[34.78759202309404,31.25674428514213],[34.78759332208117,31.256469665140376],[34.78758243072811,31.25624601726634],[34.78756992087037,31.255989318387282],[34.7875668577394,31.25592328730579],[34.787548254213206,31.2555457712828],[34.78752483795154,31.25507085206323],[34.787490786039506,31.25464630752031],[34.78748899749464,31.25462376043803],[34.78743342361068,31.25420481992839],[34.78737487451243,31.253883188757758],[34.787242305580264,31.253376618263978],[34.78719912448964,31.253223664935],[34.787140380014876,31.25301551866296],[34.78685042783856,31.252249679600496],[34.78676996469525,31.252093835261707],[34.78675362170997,31.25206221462222],[34.78632237653086,31.25210708056697],[34.78603409677442,31.252154039241876],[34.78578904501458,31.252229359517237],[34.785667880013435,31.25228190307304],[34.78564357608687,31.25229201812878],[34.78543952662406,31.25240751131563],[34.785369316397436,31.252447242239526],[34.78507555281044,31.252641275101354],[34.78488873508952,31.252772615041522],[34.78470747922522,31.25292760184267],[34.78455142073509,31.253082129534764],[34.7843509775272,31.253302442081853],[34.78422428771199,31.25343001361842],[34.78410600223023,31.253549123785188],[34.78389694300565,31.253771582818658],[34.783704718402,31.253960341043456],[34.7835439551708,31.254111601611115],[34.78353751771127,31.254117716186297],[34.78337584491128,31.254258065034698],[34.783077436303074,31.254505109938115],[34.782912912232284,31.25462858865806],[34.782767550816345,31.254735252695387],[34.782678568564336,31.25479647062953],[34.782569678649956,31.2548709758573],[34.78236015938176,31.25500728999891],[34.78216465974486,31.255128396851866],[34.7819730142361,31.255234276605538],[34.78196248180537,31.25524047234291],[34.781951950096875,31.25524603404366],[34.78180155336975,31.255330134638015],[34.78161130881682,31.25542701565057],[34.78144087830478,31.255507072531305],[34.781337488532714,31.25554893867767],[34.780829810614144,31.25573053631183],[34.78082178004082,31.255733872145797],[34.78039330306096,31.25591164788066],[34.780335778167945,31.255935798688174],[34.779891153012635,31.256128233108893],[34.77976434837358,31.256183107265834],[34.779652035607135,31.256231722173236],[34.77869180734546,31.256656943393157],[34.77842482095773,31.256774844962404],[34.77823946678369,31.256856746602413],[34.77812056007227,31.256917326390848],[34.77770396110383,31.257129969360058],[34.77760458126916,31.257187310713558],[34.77735921690762,31.25732887921885],[34.77726102084733,31.257385536985247],[34.776825070782614,31.257675495122083],[34.77656343212127,31.25787753013326],[34.7763198819225,31.258065594841575],[34.77595349941862,31.258363089736754],[34.77583919722479,31.25847156293588],[34.77587933803111,31.258489375856726],[34.775976265026394,31.258532357140847],[34.776235810520475,31.258643078192904],[34.77624628894557,31.25864761809956],[34.77625676348638,31.258651623164155],[34.776373290376206,31.25870224541402],[34.7766990172616,31.25880588860066],[34.77678956561039,31.25882375892143],[34.776908072953944,31.25884715703183],[34.77708601358145,31.258876434612382],[34.77721840530742,31.258898337241856],[34.77743227146176,31.25891804549366],[34.777467127177225,31.258921253892932],[34.777792771835436,31.25893226503041],[34.777795588256,31.258932364567997],[34.778073070925075,31.258917731883095],[34.7781176788839,31.2589153896733],[34.77852224424155,31.25885811245317],[34.779101619480144,31.258719597259162],[34.77940814699885,31.2586462979143],[34.77981530866144,31.258548973493394],[34.780164436813145,31.2584706694924],[34.780394680342496,31.258439073416675],[34.780581606027994,31.258413421051845],[34.780987872261164,31.25837697019956],[34.78107535156551,31.258368870628537],[34.781314541206285,31.258362809080595],[34.7815110249194,31.258377611013348],[34.78175986990614,31.258419021399547],[34.78182508724071,31.258432152871045],[34.782103923037205,31.258488327929282],[34.782577259769496,31.258570968608105],[34.78274911347938,31.258600929982695],[34.78318556083964,31.258691471643477],[34.78372473052988,31.258796242766135],[34.78373052721147,31.25879737739097],[34.7837812815434,31.258807239842834],[34.78421802209885,31.258888444268695],[34.78430905278289,31.25890537830909],[34.78443251918717,31.258928427643884],[34.7846769724098,31.2589806760558],[34.78475671842904,31.258997735273812],[34.78494879389215,31.259038784592857],[34.785112452458684,31.259064994819457],[34.785160936998196,31.259072765927716],[34.78537176700094,31.25909839191203],[34.785489369975394,31.259112706029963],[34.78588216422657,31.25912976885463],[34.78608690418172,31.259128950783346],[34.78619200397755,31.25912852254801],[34.78664912295399,31.259105201244896],[34.78703388301504,31.2590892283917],[34.78709100144276,31.259086884003764],[34.78742549699515,31.25906434777832],[34.78768549139476,31.259031369552922],[34.787678792902895,31.258928163796913]],[[34.78163,31.25545],[34.7818027272727,31.2553681818182],[34.78169,31.25543],[34.78163,31.25545]],[[34.78191142857151,31.255308571428525],[34.78198,31.25527],[34.78198176470588,31.25527],[34.78191142857151,31.255308571428525]]]}},{"type":"Feature","properties":{"yishuv_stat":"9000_512","stat_area":512,"index_popu":3416.0,"index_value":-0.155,"rank_2021":630.0,"cluster_2021":5.0,"socio_index":-0.155,"socio_cluster":5,"socio_rank":630},"geometry":{"type":"Polygon","coordinates":[[[34.795081985388556,31.258113721323372],[34.795083406239335,31.258100743845688],[34.79509006819528,31.25787022493596],[34.79509432900032,31.257733878771784],[34.79514115227074,31.256955502670312],[34.79514131516192,31.25693916069058],[34.795145198646175,31.256554168313105],[34.79514591697298,31.256484273946377],[34.79514625446114,31.256453255838295],[34.79514712343106,31.256374967929876],[34.79516166858787,31.255996214560643],[34.79516526636105,31.255650888760787],[34.79516558329729,31.255623658580248],[34.79499412599484,31.255603352811285],[34.79469690799503,31.255579948459882],[34.79442923470171,31.255547443641003],[34.79428595071589,31.255541936832145],[34.79426747778316,31.25553844975821],[34.79416513955134,31.2555212422689],[34.79372781712331,31.255447706202602],[34.79344872893715,31.255386479624118],[34.7934465342155,31.255385872841693],[34.793246556228574,31.255331179566763],[34.793173521312305,31.255297658475268],[34.792860229452124,31.255156855339656],[34.79270392124278,31.255095320284333],[34.792697150708406,31.25509266594273],[34.79267996058779,31.255085851116224],[34.79237056981493,31.25491737534099],[34.79223088965042,31.254831239461147],[34.79212744652962,31.254767770859452],[34.79204819841097,31.25471395440104],[34.79201103713078,31.254689748943424],[34.79188403248647,31.254562073769698],[34.79186845909032,31.254546612057517],[34.791843521939256,31.254510910426703],[34.79174241815465,31.254366900873382],[34.79173455498914,31.254355033631352],[34.79158910330334,31.25413543189737],[34.79156959940414,31.254105978915184],[34.791526157467665,31.253980648795665],[34.791519523688635,31.25396034637182],[34.79151361610652,31.253942283002203],[34.79150005297736,31.25389939899348],[34.79149446074815,31.25388196887056],[34.791484921088646,31.253844525442204],[34.79148310026576,31.25383738102247],[34.79146687087944,31.253732435637243],[34.791446562111496,31.253600418215715],[34.79143328342522,31.25351415171774],[34.79141038177891,31.253314334328703],[34.79141022019128,31.25331286731339],[34.79140325469425,31.253272797683728],[34.791390542752765,31.253201781492667],[34.7913766053707,31.25312335943459],[34.79137141318562,31.25291879087271],[34.7913666701595,31.252894651498963],[34.79134420038453,31.252780172748377],[34.79133792842093,31.25274840917325],[34.79131071421167,31.252141863231135],[34.79130692629281,31.25205726505718],[34.791258088260676,31.251819634888236],[34.79125665939418,31.25181241686492],[34.79125403789514,31.25178760787303],[34.79011888390763,31.25185439801734],[34.789736629783945,31.25188247118591],[34.78950510335368,31.251892471270512],[34.78913513596419,31.251914311360878],[34.78863462121632,31.251943863422223],[34.788301493802464,31.25196352039467],[34.787502566271925,31.252015587406245],[34.78743647553581,31.252019029381056],[34.78698435002498,31.252042639586328],[34.78690233927775,31.252046914361554],[34.786763706696505,31.25206116510056],[34.78675362170997,31.25206221462222],[34.78676996469525,31.252093835261707],[34.78685042783856,31.252249679600496],[34.787140380014876,31.25301551866296],[34.78719912448964,31.253223664935],[34.787242305580264,31.253376618263978],[34.78737487451243,31.253883188757758],[34.78743342361068,31.25420481992839],[34.78748899749464,31.25462376043803],[34.787490786039506,31.25464630752031],[34.78752483795154,31.25507085206323],[34.787548254213206,31.2555457712828],[34.7875668577394,31.25592328730579],[34.78756992087037,31.255989318387282],[34.78758243072811,31.25624601726634],[34.78759332208117,31.256469665140376],[34.78759202309404,31.25674428514213],[34.7876115396546,31.257031159145427],[34.78762850333694,31.257281399459966],[34.78764138972618,31.25771723735984],[34.78764065251866,31.257927811367015],[34.78764011562833,31.25807916794642],[34.78764820563007,31.258297682057037],[34.787678792902895,31.258928163796913],[34.78768549139476,31.259031369552922],[34.78770954312413,31.25902882118233],[34.788029482126596,31.258995862502694],[34.78847403032061,31.25896736125061],[34.78865675516319,31.258947505329434],[34.78885134621953,31.258926367123742],[34.78902671546359,31.25889905070327],[34.78932326422014,31.258852853539047],[34.78954033349795,31.258816760260597],[34.78978647603154,31.258770875534523],[34.78984662931842,31.25875967309764],[34.7898855143082,31.258749325597567],[34.789941005528014,31.25873752004109],[34.790349480116575,31.258649525475658],[34.79050617900074,31.25861576862744],[34.79051236867034,31.258614438408323],[34.79051940743568,31.258612928738362],[34.79053107000202,31.258610439156158],[34.79092846637864,31.258537315537097],[34.79120167381857,31.258481285757554],[34.79181219140568,31.25838285775994],[34.79201307872371,31.25837673812951],[34.7920275173673,31.258376367771493],[34.79203480857805,31.258376189135813],[34.79208951520718,31.25837473398375],[34.79221549653571,31.258374052129906],[34.79253373042501,31.25837218249719],[34.79284626867927,31.25837490527362],[34.794128985362626,31.258387242869222],[34.795051052920705,31.258396100862043],[34.795081985388556,31.258113721323372]]]}},{"type":"Feature","properties":{"yishuv_stat":"9000_513","stat_area":513,"index_popu":3404.0,"index_value":0.554,"rank_2021":1036.0,"cluster_2021":7.0,"socio_index":0.554,"socio_cluster":7,"socio_rank":1036},"geometry":{"type":"Polygon","coordinates":[[[34.798036418367744,31.258390585476107],[34.79808068388755,31.2582716984513],[34.79822571974254,31.257212693884842],[34.79826870474387,31.25689883091164],[34.79837041829698,31.2564806822627],[34.79839233890731,31.25639056289153],[34.7985971991572,31.255548355043768],[34.79859830840891,31.25554379671373],[34.7986357878829,31.255351468493565],[34.79878453308075,31.25458817826298],[34.798847770703645,31.2539972669011],[34.79893050190002,31.25358027437299],[34.79883214294958,31.252919310868563],[34.7987726202774,31.25264095402869],[34.7983794945907,31.252136619742803],[34.79822920556042,31.251943814712128],[34.79803041203701,31.251689336363196],[34.79804039195301,31.251502218157547],[34.798041694406315,31.251477790575436],[34.79806111863887,31.250962853488016],[34.79806253631062,31.25092598088238],[34.79753405294726,31.25104832763848],[34.797134407218486,31.251133994102744],[34.796274493006294,31.251318329320533],[34.79555399466942,31.251442312038577],[34.79550592603426,31.251451032998812],[34.794928730809055,31.251555763102502],[34.79420898140995,31.251686365131885],[34.79417702936629,31.251692158025524],[34.79392504461972,31.25172238643],[34.793907084672796,31.251724499065872],[34.793882527965394,31.251725332477253],[34.79388033665854,31.251725411160713],[34.79358726145114,31.251735378975855],[34.79326238425605,31.251738284423116],[34.79323094940682,31.251738572608115],[34.79317812969106,31.25173912789061],[34.79315713365556,31.251739060727587],[34.79313603453274,31.251739525354992],[34.79287504104814,31.251742118287567],[34.79266328600198,31.25174423616377],[34.7922442695059,31.2517512793762],[34.79209802271136,31.251753700123647],[34.79165017363135,31.25175334349904],[34.79127682396914,31.251785965677193],[34.79125403789514,31.25178760787303],[34.79125665939418,31.25181241686492],[34.791258088260676,31.251819634888236],[34.79130692629281,31.25205726505718],[34.79131071421167,31.252141863231135],[34.79133792842093,31.25274840917325],[34.79134420038453,31.252780172748377],[34.7913666701595,31.252894651498963],[34.79137141318562,31.25291879087271],[34.7913766053707,31.25312335943459],[34.791390542752765,31.253201781492667],[34.79140325469425,31.253272797683728],[34.79141022019128,31.25331286731339],[34.79141038177891,31.253314334328703],[34.79143328342522,31.25351415171774],[34.791446562111496,31.253600418215715],[34.79146687087944,31.253732435637243],[34.79148310026576,31.25383738102247],[34.791484921088646,31.253844525442204],[34.79149446074815,31.25388196887056],[34.79150005297736,31.25389939899348],[34.79151361610652,31.253942283002203],[34.791519523688635,31.25396034637182],[34.791526157467665,31.253980648795665],[34.79156959940414,31.254105978915184],[34.79158910330334,31.25413543189737],[34.79173455498914,31.254355033631352],[34.79174241815465,31.254366900873382],[34.791843521939256,31.254510910426703],[34.79186845909032,31.254546612057517],[34.79188403248647,31.254562073769698],[34.79201103713078,31.254689748943424],[34.79204819841097,31.25471395440104],[34.79212744652962,31.254767770859452],[34.79223088965042,31.254831239461147],[34.79237056981493,31.25491737534099],[34.79267996058779,31.255085851116224],[34.792697150708406,31.25509266594273],[34.79270392124278,31.255095320284333],[34.792860229452124,31.255156855339656],[34.793173521312305,31.255297658475268],[34.793246556228574,31.255331179566763],[34.7934465342155,31.255385872841693],[34.79344872893715,31.255386479624118],[34.79372781712331,31.255447706202602],[34.79416513955134,31.2555212422689],[34.79426747778316,31.25553844975821],[34.79428595071589,31.255541936832145],[34.79442923470171,31.255547443641003],[34.79469690799503,31.255579948459882],[34.79499412599484,31.255603352811285],[34.79516558329729,31.255623658580248],[34.79516526636105,31.255650888760787],[34.79516166858787,31.255996214560643],[34.79514712343106,31.256374967929876],[34.79514625446114,31.256453255838295],[34.79514591697298,31.256484273946377],[34.795145198646175,31.256554168313105],[34.79514131516192,31.25693916069058],[34.79514115227074,31.256955502670312],[34.79509432900032,31.257733878771784],[34.79509006819528,31.25787022493596],[34.795083406239335,31.258100743845688],[34.795081985388556,31.258113721323372],[34.795051052920705,31.258396100862043],[34.795080127164574,31.25839691497082],[34.79574767696869,31.25841635369658],[34.79644919259622,31.258442753030703],[34.79647029591489,31.258443365656326],[34.79649119097825,31.258444066004202],[34.796604659945814,31.25844847918898],[34.79708984036128,31.25846714916595],[34.7973356864335,31.258476588929557],[34.797895501763094,31.25849748089721],[34.79804109681537,31.258478292375308],[34.798036418367744,31.258390585476107]]]}},{"type":"Feature","properties":{"yishuv_stat":"9000_521","stat_area":521,"index_popu":2113.0,"index_value":-0.599,"rank_2021":396.0,"cluster_2021":4.0,"socio_index":-0.599,"socio_cluster":4,"socio_rank":396},"geometry":{"type":"Polygon","coordinates":[[[34.7980673569488,31.25051757750132],[34.79806911215173,31.250368539649124],[34.79809311270275,31.250010102862145],[34.79810826614169,31.249782419734164],[34.798112442556544,31.249419957287184],[34.798117438062626,31.249308500309674],[34.79811870570186,31.249280176378097],[34.79811316062804,31.249080121709483],[34.79807417976503,31.248793558849503],[34.798019843554265,31.248441644081076],[34.79797985899201,31.248290533340334],[34.79793264331081,31.24811451254905],[34.79788247392973,31.247976920698402],[34.797861458648256,31.24791929645608],[34.79777915177486,31.247749843242705],[34.79761910869191,31.247444943923178],[34.79748156518121,31.24722867640318],[34.797210668094095,31.246802125696053],[34.79711310636918,31.246664902017336],[34.7968952395406,31.246358469327195],[34.79687291324396,31.246325481717825],[34.796740709061204,31.246410022094217],[34.79653279285214,31.246518757491934],[34.79637613396418,31.24662648906512],[34.79625221736627,31.246734326193987],[34.79609238483322,31.246893188979577],[34.796046992196274,31.24692803874004],[34.796001489952324,31.246962981032155],[34.795977531824995,31.246972835805913],[34.79593104366984,31.246991956423308],[34.79582218145771,31.24703672562134],[34.79562864737784,31.247100951116487],[34.795270070602896,31.24721931389488],[34.79509226622911,31.247285315779646],[34.79508017254614,31.247289781392194],[34.794952658135294,31.247380104319323],[34.794945903946655,31.247383992568146],[34.79480156800626,31.247466966257907],[34.79454856909196,31.247612402102295],[34.79454401650735,31.247615013035123],[34.794149570890944,31.24785359950778],[34.79392389219434,31.24799011305057],[34.79356299965936,31.24822238144719],[34.79330490041599,31.248383267079046],[34.79329187685703,31.24839199014712],[34.79328656007231,31.248395544689345],[34.79305600797147,31.248549954735147],[34.79288854777083,31.24862770418082],[34.79267973901563,31.24872516470702],[34.79245728417885,31.24882420549681],[34.79244970989553,31.24882761207318],[34.79244869872489,31.248825730165294],[34.7923790021885,31.24869596892766],[34.79225840368303,31.248497163299202],[34.79222620227216,31.248443852185776],[34.792219116526255,31.24843218948398],[34.792048954106264,31.248260289105573],[34.79196035423348,31.248188478432056],[34.791882566115916,31.248147342805442],[34.791783452633965,31.248094924405958],[34.79152720817813,31.247994412403294],[34.79146748030551,31.247970984803082],[34.79115084074954,31.24785605682103],[34.79074277730455,31.247717291515148],[34.790527576225955,31.247643632116475],[34.7905144730962,31.247639274319845],[34.79036787323054,31.247841726392426],[34.79022361647253,31.248041386323692],[34.79020787290764,31.248064495619392],[34.790075368898435,31.248259079436135],[34.78990630354942,31.248439989608954],[34.789789807811424,31.248529277737255],[34.789653967219145,31.24860206343265],[34.78965696644986,31.248611910183328],[34.7896663572733,31.248625480773637],[34.789675979533236,31.248633176200343],[34.7898150011195,31.24890396782591],[34.789926434728535,31.249120999811318],[34.79004787159297,31.249366078899318],[34.790098752975865,31.249468950880452],[34.7900997967581,31.249471048466752],[34.790146815875055,31.249592961618895],[34.79033491919053,31.249958295118443],[34.79034781843289,31.249985391095795],[34.79050093385852,31.25030730399535],[34.790660633041036,31.250643075811983],[34.79068221700435,31.250675341461253],[34.79081530296524,31.250874730716884],[34.790988380170276,31.251150909418907],[34.79101935848117,31.251203319493463],[34.79113958183403,31.251406724712414],[34.791204929629934,31.251540494183853],[34.791237720015104,31.251650559758758],[34.79125403789514,31.25178760787303],[34.79127682396914,31.251785965677193],[34.79165017363135,31.25175334349904],[34.79209802271136,31.251753700123647],[34.7922442695059,31.2517512793762],[34.79266328600198,31.25174423616377],[34.79287504104814,31.251742118287567],[34.79313603453274,31.251739525354992],[34.79315713365556,31.251739060727587],[34.79317812969106,31.25173912789061],[34.79323094940682,31.251738572608115],[34.79326238425605,31.251738284423116],[34.79358726145114,31.251735378975855],[34.79388033665854,31.251725411160713],[34.793882527965394,31.251725332477253],[34.793907084672796,31.251724499065872],[34.79392504461972,31.25172238643],[34.79417702936629,31.251692158025524],[34.79420898140995,31.251686365131885],[34.794928730809055,31.251555763102502],[34.79550592603426,31.251451032998812],[34.79555399466942,31.251442312038577],[34.796274493006294,31.251318329320533],[34.797134407218486,31.251133994102744],[34.79753405294726,31.25104832763848],[34.79806253631062,31.25092598088238],[34.7980673569488,31.25051757750132]]]}},{"type":"Feature","properties":{"yishuv_stat":"9000_522","stat_area":522,"index_popu":2864.0,"index_value":-0.392,"rank_2021":491.0,"cluster_2021":4.0,"socio_index":-0.392,"socio_cluster":4,"socio_rank":491},"geometry":{"type":"Polygon","coordinates":[[[34.79663540838806,31.24599308991947],[34.79655895858778,31.245898424241503],[34.796441826117935,31.24575338788816],[34.796420511090425,31.245726979200725],[34.796228013397496,31.24552678194387],[34.79599154287092,31.24529775330514],[34.79560049369554,31.244985358535388],[34.795356857588494,31.24481375823074],[34.79490946599737,31.24456773822246],[34.79476767869768,31.24448999145527],[34.79436642229041,31.244303378050528],[34.794105315668496,31.244191423107907],[34.79385140535803,31.244067141723388],[34.793659458866564,31.243958215226975],[34.79353989334212,31.243861504279625],[34.79353298516608,31.24385590572195],[34.793491025932475,31.243848992007894],[34.793483442835274,31.243855747397678],[34.793415858057784,31.243900611332233],[34.793394791698184,31.24391524505427],[34.79338037721027,31.243924848463905],[34.793373736428684,31.243929255591453],[34.79326151400251,31.244004378172654],[34.79269319404972,31.2442686217555],[34.792464187806296,31.244355818626083],[34.79225085939513,31.2444097940491],[34.792145774507766,31.24443543383286],[34.791853134048594,31.244516442316137],[34.79173703833761,31.24454858073862],[34.791592454864755,31.244580218128682],[34.791549574481024,31.24459027919282],[34.79140479226298,31.244622449660703],[34.79106534881829,31.244709300960093],[34.79075067304896,31.244771415118784],[34.79065560770763,31.24479017912232],[34.79065213536016,31.244790857905905],[34.79003896956821,31.24491166956179],[34.78960811254135,31.24499656014625],[34.7895975966751,31.24499886035098],[34.78922231414298,31.245070356149004],[34.788599904534244,31.24519605005641],[34.788544896448066,31.245207177530197],[34.788347908523214,31.245247009623583],[34.78830496947516,31.245255700318964],[34.7882413928271,31.245269570584345],[34.787500106071164,31.245429508370073],[34.787428941597305,31.24544577434098],[34.78708475115106,31.245524469914603],[34.786678587880886,31.24561732426367],[34.78666650498711,31.24561953706304],[34.786686317252155,31.245651890534155],[34.78669891558726,31.245672572462446],[34.78675436448343,31.245762954818876],[34.78677464562649,31.245783953011355],[34.7869014008519,31.24591567392895],[34.787314676465996,31.246227631351],[34.787577869989114,31.246437005323077],[34.78799223202516,31.24671650994216],[34.787997584665995,31.246720118663713],[34.78832391910655,31.246952464182332],[34.788510680273106,31.247085429311642],[34.78862106522904,31.24715608711946],[34.788737404562355,31.24725815578554],[34.78876153436367,31.247287187648954],[34.78884101341696,31.247383043781937],[34.78901819523906,31.247624337473056],[34.7891587046496,31.247828805851537],[34.789404254182884,31.248214735503947],[34.789645704130685,31.248594196517633],[34.789653967219145,31.24860206343265],[34.789789807811424,31.248529277737255],[34.78990630354942,31.248439989608954],[34.790075368898435,31.248259079436135],[34.79020787290764,31.248064495619392],[34.79022361647253,31.248041386323692],[34.79036787323054,31.247841726392426],[34.7905144730962,31.247639274319845],[34.790527576225955,31.247643632116475],[34.79074277730455,31.247717291515148],[34.79115084074954,31.24785605682103],[34.79146748030551,31.247970984803082],[34.79152720817813,31.247994412403294],[34.791783452633965,31.248094924405958],[34.791882566115916,31.248147342805442],[34.79196035423348,31.248188478432056],[34.792048954106264,31.248260289105573],[34.792219116526255,31.24843218948398],[34.79222620227216,31.248443852185776],[34.79225840368303,31.248497163299202],[34.7923790021885,31.24869596892766],[34.79244869872489,31.248825730165294],[34.79244970989553,31.24882761207318],[34.79245728417885,31.24882420549681],[34.79267973901563,31.24872516470702],[34.79288854777083,31.24862770418082],[34.79305600797147,31.248549954735147],[34.79328656007231,31.248395544689345],[34.79329187685703,31.24839199014712],[34.79330490041599,31.248383267079046],[34.79356299965936,31.24822238144719],[34.79392389219434,31.24799011305057],[34.794149570890944,31.24785359950778],[34.79454401650735,31.247615013035123],[34.79454856909196,31.247612402102295],[34.79480156800626,31.247466966257907],[34.794945903946655,31.247383992568146],[34.794952658135294,31.247380104319323],[34.79508017254614,31.247289781392194],[34.79509226622911,31.247285315779646],[34.795270070602896,31.24721931389488],[34.79562864737784,31.247100951116487],[34.79582218145771,31.24703672562134],[34.79593104366984,31.246991956423308],[34.795977531824995,31.246972835805913],[34.796001489952324,31.246962981032155],[34.796046992196274,31.24692803874004],[34.79609238483322,31.246893188979577],[34.79625221736627,31.246734326193987],[34.79637613396418,31.24662648906512],[34.79653279285214,31.246518757491934],[34.796740709061204,31.246410022094217],[34.79687291324396,31.246325481717825],[34.79663540838806,31.24599308991947]]]}},{"type":"Feature","properties":{"yishuv_stat":"9000_523","stat_area":523,"index_popu":2895.0,"index_value":-0.456,"rank_2021":460.0,"cluster_2021":4.0,"socio_index":-0.456,"socio_cluster":4,"socio_rank":460},"geometry":{"type":"Polygon","coordinates":[[[34.791237720015104,31.251650559758758],[34.791204929629934,31.251540494183853],[34.79113958183403,31.251406724712414],[34.79101935848117,31.251203319493463],[34.790988380170276,31.251150909418907],[34.79081530296524,31.250874730716884],[34.79068221700435,31.250675341461253],[34.790660633041036,31.250643075811983],[34.79050093385852,31.25030730399535],[34.79034781843289,31.249985391095795],[34.79033491919053,31.249958295118443],[34.790146815875055,31.249592961618895],[34.7900997967581,31.249471048466752],[34.790098752975865,31.249468950880452],[34.79004787159297,31.249366078899318],[34.789926434728535,31.249120999811318],[34.7898150011195,31.24890396782591],[34.789675979533236,31.248633176200343],[34.7896663572733,31.248625480773637],[34.78965696644986,31.248611910183328],[34.789653967219145,31.24860206343265],[34.789645704130685,31.248594196517633],[34.789404254182884,31.248214735503947],[34.7891587046496,31.247828805851537],[34.78901819523906,31.247624337473056],[34.78884101341696,31.247383043781937],[34.78876153436367,31.247287187648954],[34.788737404562355,31.24725815578554],[34.78862106522904,31.24715608711946],[34.788510680273106,31.247085429311642],[34.78832391910655,31.246952464182332],[34.787997584665995,31.246720118663713],[34.78799223202516,31.24671650994216],[34.787577869989114,31.246437005323077],[34.787314676465996,31.246227631351],[34.7869014008519,31.24591567392895],[34.78677464562649,31.245783953011355],[34.78675436448343,31.245762954818876],[34.78669891558726,31.245672572462446],[34.786686317252155,31.245651890534155],[34.78666650498711,31.24561953706304],[34.78649640632114,31.2456535290556],[34.786485466745376,31.2456557076741],[34.78648085214939,31.24565663877277],[34.7864307391966,31.245666661985666],[34.786409611270685,31.24567110733377],[34.78638849178043,31.24567554368678],[34.78577855552251,31.24581564169905],[34.785059636132054,31.24598075648741],[34.78487096464421,31.246020785324944],[34.784646066632845,31.246068508818837],[34.7842868171119,31.246145078732468],[34.784141723886854,31.246175996242666],[34.78400638771735,31.24620485307316],[34.78394048699827,31.246218895787898],[34.78360876951993,31.246288795861254],[34.78347988716896,31.24630907810532],[34.783141719884064,31.24636230128011],[34.782945227007296,31.24640639449645],[34.78293135709924,31.2464095850635],[34.7829431762255,31.246442461256272],[34.78301301099597,31.246637107441472],[34.78306822421986,31.246791017142094],[34.78310702919818,31.246894937296073],[34.78311198180702,31.24690821783642],[34.78314788632604,31.24700458313835],[34.78332038729479,31.247467426647148],[34.783423237081905,31.247743404434114],[34.7834272808315,31.247753336821134],[34.78344014687601,31.247786931601624],[34.783555763995054,31.248086742415225],[34.78361782870055,31.248247756938483],[34.78379186974035,31.248727471306648],[34.783929167105896,31.24910595094292],[34.78394192173965,31.249141077639365],[34.78394333312339,31.249144288525304],[34.7839508577855,31.249161395203007],[34.78395886320929,31.24917945947113],[34.7840564529616,31.249402361366435],[34.78406030576146,31.249412772920568],[34.7841133078131,31.249555875492952],[34.78426549580219,31.2499656580057],[34.784339541887284,31.250147363105818],[34.78440650224731,31.2502699774989],[34.78445790343202,31.250347341199767],[34.784466988531655,31.250360359198996],[34.78448243867699,31.250378810315365],[34.78457894053036,31.25049294670184],[34.78472739146748,31.250632867591687],[34.78489409923808,31.250751828106303],[34.78492070515421,31.250764965476428],[34.78511701252405,31.250861868807892],[34.785402906655776,31.25097446025962],[34.78575192229097,31.25110132184375],[34.786001225379096,31.251202325994875],[34.786034917907315,31.251221628166277],[34.78615191345469,31.251288675806556],[34.78617454477226,31.25130165207463],[34.786330990585206,31.251412009255592],[34.78647464810048,31.251570950837255],[34.78647796342116,31.25157619265922],[34.786598519504054,31.251761286371895],[34.78675362170997,31.25206221462222],[34.786763706696505,31.25206116510056],[34.78690233927775,31.252046914361554],[34.78698435002498,31.252042639586328],[34.78743647553581,31.252019029381056],[34.787502566271925,31.252015587406245],[34.788301493802464,31.25196352039467],[34.78863462121632,31.251943863422223],[34.78913513596419,31.251914311360878],[34.78950510335368,31.251892471270512],[34.789736629783945,31.25188247118591],[34.79011888390763,31.25185439801734],[34.79125403789514,31.25178760787303],[34.791237720015104,31.251650559758758]]]}},{"type":"Feature","properties":{"yishuv_stat":"9000_611","stat_area":611,"index_popu":4508.0,"index_value":0.413,"rank_2021":973.0,"cluster_2021":7.0,"socio_index":0.413,"socio_cluster":7,"socio_rank":973},"geometry":{"type":"Polygon","coordinates":[[[34.786678587880886,31.24561732426367],[34.78708475115106,31.245524469914603],[34.787428941597305,31.24544577434098],[34.787500106071164,31.245429508370073],[34.7882413928271,31.245269570584345],[34.78830496947516,31.245255700318964],[34.788347908523214,31.245247009623583],[34.788544896448066,31.245207177530197],[34.788599904534244,31.24519605005641],[34.78922231414298,31.245070356149004],[34.7895975966751,31.24499886035098],[34.78960811254135,31.24499656014625],[34.79003896956821,31.24491166956179],[34.79065213536016,31.244790857905905],[34.79065560770763,31.24479017912232],[34.79075067304896,31.244771415118784],[34.79106534881829,31.244709300960093],[34.79140479226298,31.244622449660703],[34.791549574481024,31.24459027919282],[34.791592454864755,31.244580218128682],[34.79173703833761,31.24454858073862],[34.791853134048594,31.244516442316137],[34.792145774507766,31.24443543383286],[34.79225085939513,31.2444097940491],[34.792464187806296,31.244355818626083],[34.79269319404972,31.2442686217555],[34.79326151400251,31.244004378172654],[34.793373736428684,31.243929255591453],[34.79338037721027,31.243924848463905],[34.793394791698184,31.24391524505427],[34.793373846581815,31.24390381949965],[34.79325026234663,31.24383974442047],[34.793103148846086,31.243777312989668],[34.7928822413505,31.243690288364203],[34.79264324734391,31.24361006984401],[34.79240086366229,31.243539402022456],[34.792254758514865,31.243511876601847],[34.791950268296766,31.243454525696777],[34.7919292909508,31.24345058020921],[34.79190831624544,31.243446993685094],[34.791756795791024,31.243432522546158],[34.79172197653446,31.24342501516892],[34.79158285531044,31.243392965797547],[34.79154385704332,31.24337268840197],[34.7915229123351,31.243361248117555],[34.791501964442205,31.243350541068743],[34.79144205870409,31.24331823903593],[34.79103114272098,31.242898075451883],[34.790584513685275,31.242432684997794],[34.79054032085391,31.242386920763707],[34.790507281365706,31.24235677915125],[34.79003395717327,31.241851450136334],[34.79002625263005,31.241844166769845],[34.78956082280147,31.24140375446391],[34.78954104930547,31.241384840836815],[34.789527236643444,31.24135593799152],[34.78952369757516,31.241348613018612],[34.789499656116,31.241323191892565],[34.789469671745586,31.24129261793671],[34.789238031890925,31.241045012302067],[34.78897942850898,31.240771539962946],[34.78870749789522,31.240497287158647],[34.78846293842887,31.240252261093282],[34.78842689743899,31.24021607187705],[34.788403912444124,31.240189476073535],[34.788264376979505,31.240027221753905],[34.78796538011751,31.239680739928875],[34.787507946857545,31.239988701573107],[34.787320941151016,31.2401205670588],[34.786993368931576,31.240351752069046],[34.78669250442184,31.24057175277787],[34.78665058204976,31.24060318238201],[34.786093455440096,31.240997666676762],[34.78552242406683,31.24140166250698],[34.785501365856526,31.24141620567544],[34.78548030486149,31.24143137836138],[34.78490870245513,31.241843217027892],[34.784451854751566,31.24215468872587],[34.783969579912,31.242473289066695],[34.78394851866926,31.242486750581318],[34.78392746238728,31.242500749644204],[34.78345583755349,31.242804687204057],[34.78343425467783,31.242819045222774],[34.783418082286396,31.242800686302257],[34.78297221527352,31.242317859920448],[34.78282802123224,31.242161731004494],[34.78259961246588,31.24190030963839],[34.78236681851709,31.241633867895146],[34.78187769633863,31.241107533001863],[34.781758806268506,31.24097909605538],[34.78153106831809,31.240733093054143],[34.78151277610523,31.2407157127033],[34.78149554457447,31.2406968098144],[34.781159751192234,31.240366417479507],[34.78115003352778,31.24035691909302],[34.781139176991005,31.24034199740708],[34.781131993947724,31.24033187873442],[34.78095559630685,31.240107262828207],[34.78095266967004,31.240102110525275],[34.780941641977975,31.240081332186467],[34.780935284200275,31.24006976325073],[34.78066198370587,31.240109722822968],[34.780651685890696,31.240111220322238],[34.780648835145435,31.240136099910593],[34.78064517655477,31.240159005271156],[34.780640099227014,31.240190276540392],[34.78062456140291,31.240286287281442],[34.778744901688306,31.241522001301227],[34.778745795239175,31.241533180668014],[34.778805469467734,31.242248235408226],[34.77882112465271,31.24229229387959],[34.77884131516737,31.24233294913945],[34.77883530152514,31.242689723766354],[34.778853269036006,31.242803149084214],[34.778879084471896,31.24282732079664],[34.77934207395444,31.24326112895427],[34.7796422407537,31.243573819271138],[34.780259002736464,31.243773922655],[34.78053842540227,31.243866552507388],[34.780767374646516,31.24394244566465],[34.78094588354539,31.244001662932174],[34.781209603098965,31.24408875152002],[34.781505648552084,31.24417820336421],[34.78152661413533,31.2441844891515],[34.78154758074297,31.244190781252076],[34.78157976656049,31.24420044639094],[34.78169003817086,31.24423689148743],[34.781706073202315,31.244241994872237],[34.78172703291569,31.24424936920689],[34.78175428684158,31.244259098358537],[34.78193539109511,31.244323920911476],[34.78205276097591,31.244390867094644],[34.782122821014475,31.244452509724972],[34.78219267641646,31.244514158860337],[34.78220288707179,31.244530705366955],[34.78228281880072,31.244661555530755],[34.782357049159806,31.244870409819182],[34.782369280195326,31.244904995630296],[34.78247212856598,31.245194940248144],[34.78257560275429,31.24546113155653],[34.7826494023618,31.245650976600725],[34.782660501906825,31.2456808525303],[34.78286236330621,31.246224202344052],[34.78293135709924,31.2464095850635],[34.782945227007296,31.24640639449645],[34.783141719884064,31.24636230128011],[34.78347988716896,31.24630907810532],[34.78360876951993,31.246288795861254],[34.78394048699827,31.246218895787898],[34.78400638771735,31.24620485307316],[34.784141723886854,31.246175996242666],[34.7842868171119,31.246145078732468],[34.784646066632845,31.246068508818837],[34.78487096464421,31.246020785324944],[34.785059636132054,31.24598075648741],[34.78577855552251,31.24581564169905],[34.78638849178043,31.24567554368678],[34.786409611270685,31.24567110733377],[34.7864307391966,31.245666661985666],[34.78648085214939,31.24565663877277],[34.786485466745376,31.2456557076741],[34.78649640632114,31.2456535290556],[34.78666650498711,31.24561953706304],[34.786678587880886,31.24561732426367]]]}},{"type":"Feature","properties":{"yishuv_stat":"9000_612","stat_area":612,"index_popu":4674.0,"index_value":0.059,"rank_2021":770.0,"cluster_2021":5.0,"socio_index":0.059,"socio_cluster":5,"socio_rank":770},"geometry":{"type":"Polygon","coordinates":[[[34.78757700603086,31.23927145390056],[34.78746677923672,31.239156280306304],[34.78698658083248,31.238623600783825],[34.786485146387896,31.238101023938732],[34.78647740598302,31.23809343359397],[34.78623715364293,31.237829104754407],[34.78610682876471,31.237701150457784],[34.78599886358517,31.23759545747786],[34.7859763890311,31.237573376035982],[34.78596760219212,31.237567216286052],[34.78655166074459,31.237177321147023],[34.78657273012156,31.237163327989855],[34.78659378098382,31.23714924728406],[34.787180636927516,31.236743117696157],[34.787453215046135,31.236554601471397],[34.787785186810225,31.236325065385397],[34.78780130411657,31.23631430103824],[34.78781034071051,31.23630827581611],[34.78782729866522,31.23629634080879],[34.78803375943718,31.236161166130373],[34.788514004324945,31.235792309022475],[34.78882799814035,31.235549533385534],[34.78892117507956,31.235449360273858],[34.78866616994811,31.23538614312575],[34.78846587573146,31.235308202046802],[34.78826313511423,31.235229311149702],[34.788105464721454,31.235167960917057],[34.78791258012349,31.235086580546042],[34.78774714542388,31.235010070736465],[34.78758903235567,31.234943080620216],[34.7874456463808,31.234879307361226],[34.787294905132576,31.234812352511053],[34.78712710584447,31.23473864187142],[34.78703423187659,31.234684857418227],[34.787038336790836,31.23468991239858],[34.78701405868389,31.234676592710894],[34.786960878558325,31.23464740124897],[34.78687283634549,31.234599074468054],[34.78675086826673,31.234532124012624],[34.78664197436918,31.234472357211356],[34.78656882286059,31.234418213497243],[34.786505605206294,31.234371432720135],[34.786426040243164,31.23431285234859],[34.78642034561287,31.23430937232197],[34.78628447980845,31.234210804110486],[34.78616312838349,31.234117968580556],[34.786071579103975,31.234039177871633],[34.786041342253434,31.234015456769804],[34.785954094125394,31.233946995075527],[34.78594678278486,31.233949069119646],[34.78593144336748,31.233934129628583],[34.78553358964133,31.23368355820008],[34.78538861434113,31.233594414058487],[34.78509465148138,31.23349037519573],[34.78490924985327,31.233448541690326],[34.78473447037452,31.23340910557797],[34.78433203308666,31.233341228236192],[34.784060830471816,31.233337106028962],[34.783712066767265,31.23337871235146],[34.78336106861045,31.233429680317403],[34.78328182217618,31.233469346434998],[34.7831950763707,31.233512756105807],[34.78277683739159,31.23371776159571],[34.782670696868834,31.233769789070898],[34.78239104198276,31.233898541450394],[34.782332231158286,31.23392561938671],[34.78201138743608,31.234095377101664],[34.78199377216508,31.234104699969862],[34.78166897685145,31.234264231553457],[34.78148412231237,31.234355024746648],[34.781335521350236,31.234419926869506],[34.78133510973009,31.234558005563528],[34.78163656429955,31.234999999353914],[34.781645145650536,31.235012589315193],[34.78159991031423,31.235258771024014],[34.78157528720019,31.23539282786494],[34.78157027550676,31.23542009765533],[34.78155117345074,31.235415798591358],[34.78138494748058,31.23541190942895],[34.78123971063965,31.235453099649707],[34.78084770248928,31.235562923918497],[34.78084441027364,31.235570577472913],[34.78069673597294,31.235898652663984],[34.78065465446722,31.235991866689094],[34.78056633428635,31.236188008948993],[34.78065586483363,31.236401513680708],[34.78069075623844,31.236484979194916],[34.78081905943504,31.236791142596676],[34.78085142096378,31.236868367560458],[34.78084383006936,31.236876090831366],[34.780797334856885,31.23715741799802],[34.78078935900386,31.237206008058106],[34.780797382784,31.237240305109708],[34.78073041286988,31.237524631264314],[34.78065022765703,31.2377091702553],[34.78056266927862,31.23785445018216],[34.78054318183436,31.23810493807253],[34.78052804976519,31.23829726558498],[34.78046359432623,31.239122207478005],[34.78046258610821,31.23913572371876],[34.780448034329375,31.239315790794386],[34.780414680009315,31.239638651388077],[34.780651685890696,31.240111220322238],[34.78066198370587,31.240109722822968],[34.780935284200275,31.24006976325073],[34.780941641977975,31.240081332186467],[34.78095266967004,31.240102110525275],[34.78095559630685,31.240107262828207],[34.781131993947724,31.24033187873442],[34.781139176991005,31.24034199740708],[34.78115003352778,31.24035691909302],[34.781159751192234,31.240366417479507],[34.78149554457447,31.2406968098144],[34.78151277610523,31.2407157127033],[34.78153106831809,31.240733093054143],[34.781758806268506,31.24097909605538],[34.78187769633863,31.241107533001863],[34.78236681851709,31.241633867895146],[34.78259961246588,31.24190030963839],[34.78282802123224,31.242161731004494],[34.78297221527352,31.242317859920448],[34.783418082286396,31.242800686302257],[34.78343425467783,31.242819045222774],[34.78345583755349,31.242804687204057],[34.78392746238728,31.242500749644204],[34.78394851866926,31.242486750581318],[34.783969579912,31.242473289066695],[34.784451854751566,31.24215468872587],[34.78490870245513,31.241843217027892],[34.78548030486149,31.24143137836138],[34.785501365856526,31.24141620567544],[34.78552242406683,31.24140166250698],[34.786093455440096,31.240997666676762],[34.78665058204976,31.24060318238201],[34.78669250442184,31.24057175277787],[34.786993368931576,31.240351752069046],[34.787320941151016,31.2401205670588],[34.787507946857545,31.239988701573107],[34.78796538011751,31.239680739928875],[34.78757700603086,31.23927145390056]],[[34.78236,31.23395],[34.78241,31.23393],[34.78212086956522,31.234073188405798],[34.78236,31.23395]],[[34.78374,31.23341],[34.78408,31.23337],[34.78338,31.23346],[34.78374,31.23341]],[[34.78597,31.23398],[34.78598,31.23398],[34.78606,31.23404],[34.78547,31.23366],[34.7852,31.23355],[34.7848,31.23345],[34.78436,31.23337],[34.78476,31.23344],[34.78493,31.23348],[34.78512,31.23352],[34.78541,31.23362],[34.78556,31.23371],[34.78595,31.23396],[34.78597,31.23398]],[[34.78632,31.23425],[34.786276666666716,31.234215000000034],[34.78631,31.23424],[34.786361999999954,31.234279999999963],[34.78632,31.23425]],[[34.78645,31.23434],[34.78652999999992,31.234399999999944],[34.786446000000005,31.23434],[34.78645,31.23434]],[[34.78706,31.23471],[34.78715,31.23477],[34.78706,31.234719375],[34.78706,31.23471]]]}},{"type":"Feature","properties":{"yishuv_stat":"9000_613","stat_area":613,"index_popu":7559.0,"index_value":0.39211681439343826,"rank_2021":927.8415134277021,"cluster_2021":6.123693610265908,"socio_index":0.39211681439343826,"socio_cluster":6,"socio_rank":928},"geometry":{"type":"Polygon","coordinates":[[[34.79308257271955,31.23678016942336],[34.79313148068226,31.236704204935794],[34.79351991427898,31.236080129510277],[34.79380500176135,31.23562208771318],[34.793915771507855,31.235444041475017],[34.79392221544701,31.235436220866486],[34.79428209368521,31.234884854635485],[34.79454120344255,31.234509134570914],[34.79454838460069,31.23449852397483],[34.79496232429289,31.233871297238604],[34.79520434320574,31.23351012591572],[34.795396512044974,31.23322329851941],[34.795969610703544,31.23238968952761],[34.7961356508202,31.232148416284748],[34.796151161665584,31.232128186137015],[34.79636999161905,31.231839715574935],[34.7964884393341,31.231656287095756],[34.79679516537233,31.23118095593665],[34.79680658240278,31.231162953970305],[34.797034848383056,31.230826459379447],[34.79704320244358,31.23081412970658],[34.79707105518493,31.23077500208083],[34.797316148200174,31.230430687502174],[34.797452025670715,31.2302213292836],[34.79750336179024,31.23012011998995],[34.797520740607645,31.23002215293174],[34.79826895163193,31.229100712600115],[34.797906816887576,31.228819644254102],[34.797754695655634,31.228577875020193],[34.79760003434749,31.22831500193886],[34.797606827999495,31.22811533106902],[34.797630247567184,31.22764929544138],[34.797626388351155,31.22734813340599],[34.797625987819174,31.22731765485895],[34.797583906821274,31.227317521760053],[34.79607727934647,31.227282206931868],[34.792336941476854,31.227502749882245],[34.79157954786105,31.22751717589421],[34.790632651251144,31.22760688526492],[34.79016523451431,31.227638159597312],[34.78902843165724,31.227514817235924],[34.7882393592326,31.227492320720383],[34.78686949134341,31.227587610191964],[34.78614969893536,31.227645109386838],[34.78512754699621,31.227841239901313],[34.78410601195658,31.22789774270707],[34.78361596454946,31.228127994550274],[34.783608730845415,31.228109793843554],[34.783365388889,31.228108997446295],[34.78294370480855,31.22829285811757],[34.78233924888379,31.228510281061563],[34.781688545323846,31.228687655988807],[34.78080715333321,31.22854513360568],[34.7799960198426,31.228263217335634],[34.77948734706877,31.227822729296765],[34.77894009765636,31.227158972587823],[34.77891020744957,31.227122717149214],[34.77840624589042,31.226761494600172],[34.77807699275348,31.226703764764324],[34.777932028132426,31.226678345527837],[34.7779265410789,31.22667555577262],[34.77761238979626,31.226679606763746],[34.77645034095018,31.22701482461779],[34.77538266021675,31.227011267583194],[34.77473321766824,31.22690937032996],[34.77399146488774,31.227341864552105],[34.774004068178165,31.227362168066957],[34.77288730055606,31.22808190856662],[34.773145168594375,31.22850947998974],[34.77316043969838,31.22852172317016],[34.773269684605175,31.228609219025806],[34.77372308158191,31.228972356692278],[34.77419627172851,31.229777762865925],[34.7747932137336,31.231454712257147],[34.774943543457844,31.231945560980208],[34.77530828123338,31.2325002422764],[34.7757362060339,31.23282695178811],[34.77600373608704,31.23303164250617],[34.77692370979779,31.233392697503167],[34.776765221423936,31.23465887243571],[34.776774197497346,31.234671530772516],[34.776796740217435,31.234674584728413],[34.77686409442645,31.234683282081985],[34.77715734941895,31.234708518890983],[34.777600532751244,31.23476961014253],[34.77822857203874,31.234878389413755],[34.77836805546116,31.234890946153108],[34.77857270820247,31.23490937531263],[34.7787704115082,31.23492076251239],[34.77905099138622,31.234916011576896],[34.77929024991755,31.23490552620649],[34.77986964930281,31.234859555371905],[34.779925296897495,31.234855223224205],[34.78056019364231,31.234741790387197],[34.78068808214538,31.234709380642045],[34.780832881938935,31.2346727830034],[34.780869977312896,31.2346632556873],[34.78130736628298,31.23456548579139],[34.78133510973009,31.234558005563528],[34.781335521350236,31.234419926869506],[34.78148412231237,31.234355024746648],[34.78166897685145,31.234264231553457],[34.78199377216508,31.234104699969862],[34.78201138743608,31.234095377101664],[34.782332231158286,31.23392561938671],[34.78239104198276,31.233898541450394],[34.782670696868834,31.233769789070898],[34.78277683739159,31.23371776159571],[34.7831950763707,31.233512756105807],[34.78328182217618,31.233469346434998],[34.78336106861045,31.233429680317403],[34.783712066767265,31.23337871235146],[34.784060830471816,31.233337106028962],[34.78433203308666,31.233341228236192],[34.78473447037452,31.23340910557797],[34.78490924985327,31.233448541690326],[34.78509465148138,31.23349037519573],[34.78538861434113,31.233594414058487],[34.78553358964133,31.23368355820008],[34.78593144336748,31.233934129628583],[34.78594678278486,31.233949069119646],[34.785954094125394,31.233946995075527],[34.786041342253434,31.234015456769804],[34.786071579103975,31.234039177871633],[34.78616312838349,31.234117968580556],[34.78628447980845,31.234210804110486],[34.78642034561287,31.23430937232197],[34.786426040243164,31.23431285234859],[34.786505605206294,31.234371432720135],[34.78656882286059,31.234418213497243],[34.78664197436918,31.234472357211356],[34.78675086826673,31.234532124012624],[34.78687283634549,31.234599074468054],[34.786960878558325,31.23464740124897],[34.78701405868389,31.234676592710894],[34.787038336790836,31.23468991239858],[34.78703423187659,31.234684857418227],[34.78712710584447,31.23473864187142],[34.787294905132576,31.234812352511053],[34.7874456463808,31.234879307361226],[34.78758903235567,31.234943080620216],[34.78774714542388,31.235010070736465],[34.78791258012349,31.235086580546042],[34.788105464721454,31.235167960917057],[34.78826313511423,31.235229311149702],[34.78846587573146,31.235308202046802],[34.78866616994811,31.23538614312575],[34.78892117507956,31.235449360273858],[34.78900713519335,31.2354706704367],[34.789281409662294,31.235579101263845],[34.789510061235816,31.23566637981811],[34.789579133996874,31.235692746218373],[34.78975026588383,31.23573724173889],[34.789941434522895,31.23584400881365],[34.79024569053875,31.23598840033515],[34.790608767518165,31.236160703232063],[34.79091811528482,31.236307508622506],[34.79119524904809,31.236439175881443],[34.79138072957125,31.23652759850877],[34.79157295869602,31.23660948928206],[34.79181686782446,31.2367084915151],[34.792004844238534,31.23677401282657],[34.79214930895551,31.23681432678702],[34.792487801659405,31.236883243906135],[34.792758922442864,31.236907480492057],[34.79290350115265,31.23690902371468],[34.79300044657454,31.236908161428573],[34.79308257271955,31.23678016942336]]]}},{"type":"Feature","properties":{"yishuv_stat":"9000_614","stat_area":614,"index_popu":2208.0,"index_value":-0.434,"rank_2021":467.0,"cluster_2021":4.0,"socio_index":-0.434,"socio_cluster":4,"socio_rank":467},"geometry":{"type":"Polygon","coordinates":[[[34.77554195925529,31.220231320625306],[34.77581197493122,31.220023686385804],[34.77453,31.21882],[34.77402,31.21834],[34.77242,31.21952],[34.77205,31.2198],[34.7706,31.22087],[34.77024,31.22087],[34.76948,31.22086],[34.76942,31.22085],[34.76942,31.22088],[34.7693994237392,31.2208798409052],[34.769560410286225,31.221975280519995],[34.77025891732103,31.223430517132904],[34.77049209371014,31.223916171982744],[34.7705610115664,31.224059816718626],[34.772000255036716,31.22658711238529],[34.77224628223316,31.227019138251197],[34.77238587894838,31.227250491771386],[34.77288730055606,31.22808190856662],[34.774004068178165,31.227362168066957],[34.77399146488774,31.227341864552105],[34.77473321766824,31.22690937032996],[34.77538266021675,31.227011267583194],[34.77645034095018,31.22701482461779],[34.77761238979626,31.226679606763746],[34.7779265410789,31.22667555577262],[34.777932028132426,31.226678345527837],[34.77807699275348,31.226703764764324],[34.77840624589042,31.226761494600172],[34.77891020744957,31.227122717149214],[34.77894009765636,31.227158972587823],[34.77948734706877,31.227822729296765],[34.7799960198426,31.228263217335634],[34.78080715333321,31.22854513360568],[34.781688545323846,31.228687655988807],[34.78233924888379,31.228510281061563],[34.78294370480855,31.22829285811757],[34.783365388889,31.228108997446295],[34.783608730845415,31.228109793843554],[34.78361596454946,31.228127994550274],[34.78410601195658,31.22789774270707],[34.78512754699621,31.227841239901313],[34.78614969893536,31.227645109386838],[34.78686949134341,31.227587610191964],[34.7882393592326,31.227492320720383],[34.78902843165724,31.227514817235924],[34.79016523451431,31.227638159597312],[34.790632651251144,31.22760688526492],[34.79157954786105,31.22751717589421],[34.792336941476854,31.227502749882245],[34.79607727934647,31.227282206931868],[34.797583906821274,31.227317521760053],[34.797625987819174,31.22731765485895],[34.79762735773721,31.227291863716555],[34.79763160671254,31.227230993844483],[34.79764907687152,31.226976259132385],[34.79765306153189,31.226926125637807],[34.797654410809024,31.226908091740718],[34.79765563413071,31.226890060150946],[34.79767781000897,31.2266133319373],[34.79774438441572,31.22628778580516],[34.79778394803423,31.226117078632324],[34.79778487000179,31.226113089250497],[34.79741,31.22601],[34.7963,31.2257],[34.79512,31.2254],[34.79217,31.22462],[34.79054,31.22426],[34.79042,31.22423],[34.7895,31.22402],[34.78934,31.22398],[34.78696,31.22345],[34.7842,31.22287],[34.78137,31.22225],[34.78135,31.22224],[34.78134185126318,31.222215553789535],[34.78132430030066,31.222211673936872],[34.781319178669385,31.22218389636241],[34.781091016898074,31.22095],[34.78109,31.22095],[34.78016,31.22091],[34.77992,31.2209],[34.77785,31.22088],[34.77638,31.22089],[34.77623,31.22089],[34.77557,31.22026],[34.775571104241564,31.220259141145455],[34.77554195925529,31.220231320625306]]]}},{"type":"Feature","properties":{"yishuv_stat":"9000_622","stat_area":622,"index_popu":329.0,"index_value":0.24,"rank_2021":891.0,"cluster_2021":6.0,"socio_index":0.24,"socio_cluster":6,"socio_rank":891},"geometry":{"type":"Polygon","coordinates":[[[34.830836071043336,31.224453101705294],[34.83082552187096,31.224455358310497],[34.83076477510472,31.224419791805193],[34.83070402628868,31.22438422436338],[34.83064327856427,31.22434865779799],[34.83055145046954,31.22431097608187],[34.8304596235013,31.22427329340165],[34.83040162551522,31.224249493822104],[34.83036779555342,31.224235611555102],[34.83027596767892,31.224197929643353],[34.83018413988141,31.224160246764484],[34.83009231320325,31.224122564725377],[34.83000048555255,31.2240848817161],[34.829908657971714,31.224047199543538],[34.829836062280656,31.223992873542684],[34.82976346667275,31.223938547501042],[34.829757450789245,31.22393404568087],[34.829690871148,31.223884221418658],[34.82961827570638,31.22382989529548],[34.82954568034795,31.223775569131547],[34.82947308507265,31.223721242926814],[34.8294004898805,31.223666916681314],[34.8293278947715,31.22361259039506],[34.82930893545948,31.223529390705497],[34.82928997513401,31.223446190107357],[34.829271014837424,31.223362990407512],[34.829252054576855,31.223279789802138],[34.829233094345184,31.223196590095093],[34.829214134149545,31.223113389482524],[34.829195173982775,31.223030189768266],[34.82917621385204,31.22294698914848],[34.82915534511748,31.222861295488194],[34.829134477465686,31.222775602728614],[34.82911360880481,31.222689909059874],[34.829092740180805,31.222604215386905],[34.829071871590095,31.222518522611608],[34.82905100408926,31.222432828933236],[34.829030135575806,31.222347135247578],[34.82900926709565,31.222261442459622],[34.82898839865591,31.222175748765512],[34.82896753025302,31.222090055067188],[34.828946661883414,31.222004362266517],[34.82892579355421,31.22191866855973],[34.828904925258335,31.221832975750637],[34.82888405700284,31.22174728203541],[34.82886318878421,31.221661588315953],[34.828842320598845,31.221575895494183],[34.82882145245393,31.221490201766265],[34.828800584345856,31.221404508034155],[34.82877971627106,31.22131881519968],[34.82875884823668,31.221233121459107],[34.82873798023915,31.221147427714307],[34.8287171122749,31.22106173486718],[34.82869624435107,31.220976041113918],[34.82867517612454,31.220889523326893],[34.828654107939144,31.220803004633623],[34.82863303873825,31.22071648683487],[34.8286119706244,31.2206299690349],[34.82859090255169,31.220543450328726],[34.828569834512955,31.220456932520147],[34.8285487654659,31.22037041380228],[34.828527697502295,31.220283895985077],[34.82850608491786,31.220196843542716],[34.82848447132635,31.22010979019089],[34.82846285881949,31.220022737739544],[34.82844124530556,31.21993568437875],[34.82841963182682,31.21984863191536],[34.82839801839046,31.21976157854557],[34.828376406038764,31.21967452607627],[34.82835479267996,31.219587472697505],[34.82833317935637,31.219500420216125],[34.82831156607513,31.219413366828377],[34.82828995387856,31.219326314341107],[34.82826834067491,31.21923926094437],[34.82824672750647,31.219152208445045],[34.828225114380366,31.219065155039342],[34.82820350233894,31.218978102534088],[34.82818188929041,31.218891049119396],[34.828160276277096,31.21880399660211],[34.82813866330258,31.21871694408035],[34.828117051419845,31.21862989065524],[34.828095438522894,31.218542838124467],[34.82807382566827,31.218455784687308],[34.828052212848895,31.21836873214758],[34.828030601121284,31.218281678704507],[34.82800898837945,31.21819462615579],[34.82798737567996,31.218107572700664],[34.8279657630157,31.218020520142982],[34.827944151443205,31.217933466681934],[34.8279225388565,31.21784641411526],[34.82790092631215,31.21775936064219],[34.82787931380298,31.217672308066522],[34.827857702385636,31.217585254587515],[34.82783608995404,31.217498202002872],[34.82781447756479,31.217411148511825],[34.82779286521078,31.217324095918208],[34.82777125394853,31.21723704242126],[34.82774964167206,31.21714998981865],[34.82772802943435,31.217062937211534],[34.82770641723902,31.216975883698044],[34.8276848061283,31.216888831085033],[34.82766319401051,31.216801777562576],[34.82764158192793,31.2167147249375],[34.82761996988771,31.216627671406048],[34.82759835893207,31.216540618775095],[34.827576746969406,31.21645356523466],[34.827555135041926,31.216366512591627],[34.82753352315681,31.216279459042223],[34.8275119123563,31.216192406393294],[34.827490300548725,31.216105352834894],[34.827468688776364,31.21601830017393],[34.82744707704632,31.215931246606555],[34.827425465351524,31.215844193936594],[34.827403853699025,31.215757140360253],[34.82738224208177,31.215670087681303],[34.827358853859856,31.215586996396517],[34.8273354656781,31.215503905106747],[34.82731207754009,31.215420812910057],[34.82728868943865,31.21533772161028],[34.827265300327994,31.21525463030244],[34.82724191230689,31.215171538992667],[34.82721852432596,31.21508844767792],[34.82719513638877,31.215005355456285],[34.82717174848814,31.214922264131513],[34.827148360627696,31.214839172801746],[34.827132603513164,31.214783192754094],[34.82712497280738,31.214756081467016],[34.827101585030846,31.21467298922537],[34.82707819729087,31.214589897880646],[34.82705480959107,31.214506806530913],[34.827031420882015,31.21442371517312],[34.82700803326253,31.21434062381339],[34.827005804295226,31.214332704805354],[34.82698464568679,31.214257531546778],[34.82697626689279,31.214227764630863],[34.82696125814763,31.214174440177064],[34.826937870648614,31.21409134880236],[34.82691369556352,31.21402689401433],[34.82688952156022,31.213962439224435],[34.826865346539876,31.213897984426566],[34.82685782531401,31.21385708862649],[34.82684982866737,31.213843145957892],[34.82681479893892,31.213782070322175],[34.82677177157831,31.213707052901974],[34.826728745338116,31.213632034568235],[34.826685719165376,31.213557016219777],[34.82664269201071,31.213481997853513],[34.826640734810866,31.213478585586476],[34.82659966596928,31.213406980377513],[34.82655663894951,31.21333196198181],[34.826513613046586,31.213256943574482],[34.82646952315818,31.213180070402057],[34.826425432294826,31.213103196309234],[34.82638134254808,31.213026323105893],[34.82633725182639,31.21294944898213],[34.826298995893055,31.212872281733826],[34.82626735993332,31.212808470498846],[34.826260738968344,31.212795115372547],[34.826222483158176,31.212717948100686],[34.8261842263602,31.21264078081389],[34.82614597066959,31.212563614420315],[34.82610771399478,31.212486447109935],[34.826069458430894,31.21240927979084],[34.826031201879225,31.212332112456853],[34.82599294643491,31.212254946016067],[34.82595469000639,31.2121777786585],[34.825916434688814,31.21210061129219],[34.825878178379845,31.212023444812907],[34.82585311210986,31.21197288178068],[34.81455,31.21194],[34.81455,31.21197],[34.81255,31.21202],[34.81255230602981,31.211990021612475],[34.81253202237145,31.211990518732158],[34.812541365708896,31.21186156939925],[34.8125458085032,31.211799730206355],[34.80988,31.21177],[34.80988,31.2119],[34.80988,31.21196],[34.80867,31.21192],[34.80632,31.21193],[34.8028,31.21189],[34.80248,31.21281],[34.80239,31.21308],[34.79825,31.22622],[34.79817,31.22622],[34.79781,31.22612],[34.79778487000179,31.226113089250497],[34.79778394803423,31.226117078632324],[34.79774438441572,31.22628778580516],[34.79767781000897,31.2266133319373],[34.79765563413071,31.226890060150946],[34.797654410809024,31.226908091740718],[34.79765306153189,31.226926125637807],[34.79764907687152,31.226976259132385],[34.79763160671254,31.227230993844483],[34.79762735773721,31.227291863716555],[34.797625987819174,31.22731765485895],[34.797626388351155,31.22734813340599],[34.797630247567184,31.22764929544138],[34.797606827999495,31.22811533106902],[34.79760003434749,31.22831500193886],[34.797754695655634,31.228577875020193],[34.797906816887576,31.228819644254102],[34.79826895163193,31.229100712600115],[34.79827040981138,31.229098916996566],[34.79869370713075,31.229365506840445],[34.79996460183759,31.22993317419992],[34.80104385089181,31.230201818345012],[34.80285636736564,31.230439586353732],[34.80285063460523,31.230458190148617],[34.80285475118868,31.230456919586754],[34.803890200061076,31.230499992870325],[34.80447778848543,31.23044869271381],[34.80532847879613,31.23031850944115],[34.80636487391389,31.230135768506905],[34.80819073025794,31.229676523263706],[34.81001623931309,31.229296944442222],[34.81349718876675,31.228537192860824],[34.813729579312124,31.22848746243696],[34.81508021569152,31.234636232365602],[34.81530654180276,31.2346416180993],[34.81627139300364,31.234859081502787],[34.817347476583,31.23521549759401],[34.818291078850486,31.235371058827177],[34.81914686450389,31.23526862714111],[34.81971413330453,31.23508896513392],[34.820426775798545,31.23467110606444],[34.82116987936867,31.2342163465023],[34.821653700157015,31.233895633831207],[34.82177241329973,31.233812805885687],[34.82239867295654,31.233375846811363],[34.822495953268586,31.233329681136617],[34.82334816803154,31.232925265245665],[34.823987258438876,31.232716283838666],[34.82534646264212,31.232519371828378],[34.82669963109906,31.232551827316918],[34.827258110714645,31.232513520792146],[34.82898474969307,31.232108456698015],[34.83031251953339,31.23140827839196],[34.830326061641685,31.23140103005039],[34.830323892275516,31.23139416390114],[34.830078873127725,31.23083540837963],[34.82999374346132,31.23064127352402],[34.82923942587206,31.227961775090215],[34.82837,31.22521],[34.83085,31.22449],[34.830836144200326,31.22445308605824],[34.830836071043336,31.224453101705294]],[[34.79781,31.22615],[34.797801724137926,31.226185172413796],[34.79781,31.22612],[34.79781,31.22615]]]}},{"type":"Feature","properties":{"yishuv_stat":"9000_623","stat_area":623,"index_popu":329.0,"index_value":0.24,"rank_2021":891.0,"cluster_2021":6.0,"socio_index":0.24,"socio_cluster":6,"socio_rank":891},"geometry":{"type":"MultiPolygon","coordinates":[[[[34.828848215328506,31.250318965056618],[34.82894372119131,31.250295071114124],[34.82903922806006,31.250271176201373],[34.82913406015117,31.250252781779366],[34.82922889430937,31.250234386391327],[34.82932372737816,31.250215991831805],[34.82941856041088,31.250197597201982],[34.829513393411126,31.25017920159996],[34.82960822742154,31.250160806832575],[34.829703060346105,31.25014241199183],[34.829797894284425,31.250124017083838],[34.82988959344381,31.250112281671118],[34.82998129363454,31.250100545293922],[34.83007299274993,31.250088809749975],[34.83016469289668,31.25007707324155],[34.83025639301787,31.250065337569442],[34.83034809312061,31.250053600929785],[34.83043979214804,31.250041865123364],[34.83053149325659,31.25003012835554],[34.830622638776205,31.25002511091509],[34.83071378428689,31.250020093409933],[34.83080493083842,31.25001507584313],[34.83084483711393,31.250012879314262],[34.830896077381,31.250010058211604],[34.83099451194717,31.249999622284523],[34.831092947542295,31.249989186284946],[34.83119138311653,31.249978750209777],[34.83128981971972,31.249968314062112],[34.83138182481123,31.249960655990893],[34.831473830938386,31.24995299785672],[34.83156583705492,31.2499453387547],[34.83165784315377,31.249937680488575],[34.831749849238456,31.249930022156487],[34.831836648907355,31.249916061479105],[34.831923449601085,31.249902100745942],[34.83201024922011,31.249888139950887],[34.832097049863975,31.2498741791],[34.832193677743064,31.249853233415305],[34.832290307683344,31.24983228676174],[34.83238693652836,31.249811340934],[34.83248356638476,31.249790394134347],[34.83257829730915,31.249766183180668],[34.83267302818234,31.249741973058597],[34.83276776005764,31.24971776286932],[34.832862490835495,31.249693552606686],[34.83295722261901,31.249669341374904],[34.833049042069156,31.249636048478372],[34.83314086145191,31.249602756417477],[34.833232680774344,31.24956946338843],[34.83332450002938,31.249536171195015],[34.83341631922055,31.249502878935306],[34.833508138347874,31.249469586609372],[34.83359995741135,31.24943629421716],[34.83369177746427,31.249403000859797],[34.83378730985009,31.249366666085198],[34.83388284216336,31.24933033123883],[34.83397837545736,31.24929399542178],[34.83407390867531,31.249257660434875],[34.834169440770914,31.24922132537317],[34.834264973847255,31.249184989340815],[34.834360506847524,31.249148654138565],[34.834456038725456,31.249112318861545],[34.83455157158061,31.24907598351577],[34.83464710436672,31.2490396471963],[34.83474263602697,31.249003311703945],[34.83483816866445,31.24896697614284],[34.83493370122936,31.248930640509958],[34.83502923267195,31.248894304802274],[34.835124766145036,31.248857968126966],[34.835183828254934,31.24878510583633],[34.83524289027032,31.24871224441893],[34.835301953247956,31.24863938207395],[34.83536101508482,31.2485665196973],[34.83542007682716,31.248493658193894],[34.83547913953178,31.248420795762907],[34.83553820214538,31.248347933303258],[34.83559726361469,31.24827507171382],[34.83565632499649,31.24820220919379],[34.83571538733706,31.248129346648124],[34.835774448533364,31.248056484972683],[34.8358335106919,31.247983622369635],[34.83589257275945,31.24791075973798],[34.83595163368271,31.247837897976506],[34.83601069451847,31.247765035284477],[34.836069756312995,31.247692172566794],[34.83612881696324,31.247619310719312],[34.83618787857573,31.24754644794429],[34.836246939047484,31.24747358513757],[34.83630600047798,31.247400722305212],[34.83636506076421,31.247327860343038],[34.83642412201269,31.247254997453318],[34.8364831821204,31.247182134531954],[34.836542242133625,31.2471092724838],[34.8366013031091,31.2470364095081],[34.836660363993566,31.246963546503693],[34.836719423733776,31.24689068436955],[34.83677848338649,31.246817821304834],[34.83683754399795,31.24674495821444],[34.836896603465156,31.246672095994285],[34.836955663894614,31.24659923284656],[34.836976327425944,31.246573740862843],[34.83701472422958,31.24652637057208],[34.83707378342729,31.246453507364045],[34.83713284358373,31.246380644130312],[34.837232123156525,31.246385900806196],[34.8373314048406,31.24639115741149],[34.83743068548326,31.246396414839104],[34.837529966141204,31.246401671288186],[34.83762924681096,31.246406927660722],[34.83772852854227,31.24641218395966],[34.837827809235634,31.246417440179],[34.837927089937324,31.246422697223643],[34.8380263706543,31.246427953289846],[34.83812565243282,31.2464332092824],[34.83822493317341,31.246438465195396],[34.83832421392581,31.24644372103179],[34.83842349468651,31.2464489776935],[34.838522776512264,31.246454233379716],[34.83862205834981,31.24645948898933],[34.83872296437551,31.246481857425465],[34.83882387149931,31.246504225785646],[34.838924778671455,31.246526594066918],[34.839025685891954,31.246548962269298],[34.83912659211451,31.24657132948785],[34.839227499431686,31.2465936975324],[34.83932840679725,31.246616065498046],[34.83942931421113,31.24663843338477],[34.83953022167337,31.246660801192586],[34.839631129187424,31.246683168019572],[34.83973203674636,31.24670553566957],[34.83983294435363,31.246727903240636],[34.83993385201272,31.24675026983091],[34.84003475866693,31.246772637241182],[34.84013566641925,31.246795004575514],[34.840236574219915,31.246817371830968],[34.84033748207237,31.24683973810556],[34.84043839101948,31.246862105206134],[34.84054280119472,31.246869083868862],[34.840647212435975,31.246876062449896],[34.84075162369346,31.24688304094622],[34.84085603391743,31.246890019354893],[34.84096044521086,31.246896996779952],[34.841064856517065,31.246903975022224],[34.84116926783951,31.246910953179814],[34.841273679178194,31.246917931252703],[34.84137809053311,31.246924909240896],[34.84148250190772,31.246931886242503],[34.84158691329512,31.24693886406134],[34.84169132364899,31.246945841792506],[34.84179573506885,31.24695281944196],[34.84190014650497,31.246959797006724],[34.84200455796075,31.246966773584894],[34.842108969429326,31.24697375098028],[34.84221338091411,31.246980728290975],[34.842317792415166,31.246987705516965],[34.842422203932436,31.246994682658276],[34.842526614416194,31.24700165971195],[34.842631025969375,31.247008635781995],[34.842735437535346,31.247015612669237],[34.84283985646242,31.247022590394366],[34.84294228953516,31.247023428577936],[34.84304473100859,31.247024266703484],[34.843147171438375,31.247025103842606],[34.843249611867385,31.24702594180201],[34.84335205334881,31.247026779682727],[34.843454493783135,31.24702761747888],[34.84355693422011,31.247028455193416],[34.84364031463216,31.247029136528642],[34.84365937570951,31.24702929282928],[34.84376181615181,31.2470301303806],[34.84386425660019,31.247030966948394],[34.84394779972747,31.247031649442402],[34.84396669809757,31.24703180433943],[34.84406913854782,31.247032641645873],[34.844087678672096,31.246951302749814],[34.84410621770385,31.24686996655254],[34.84412475670314,31.24678863035135],[34.84414329566997,31.246707294146187],[34.84416183460429,31.246625957937077],[34.84418037350274,31.24654462262591],[34.844198912372114,31.24646328640893],[34.844217451209026,31.24638195018798],[34.84423599001346,31.246300613963097],[34.844254528785406,31.246219277734262],[34.844273067524895,31.2461379415015],[34.84427109472116,31.246049773583902],[34.84426912087391,31.245961604760264],[34.84426714807581,31.24587343684025],[34.8442651742342,31.24578526801419],[34.84426320144173,31.245697100091753],[34.8442612286555,31.24560893126623],[34.844259255868664,31.245520763341347],[34.84425728203831,31.24543259451045],[34.84425530925711,31.24534442658317],[34.84425333648213,31.245256257752793],[34.84425136370656,31.2451680898231],[34.84424939093721,31.245079920990285],[34.84424890265662,31.2449961395873],[34.84424841542584,31.24491235818614],[34.844247927145425,31.24482857678095],[34.84424743991485,31.244744795377628],[34.84424695163462,31.24466101397028],[34.84424646440422,31.24457723256476],[34.8442459761276,31.244493450253337],[34.844245487847665,31.24440966884274],[34.84424499956781,31.24432588743102],[34.84424451233779,31.244242106021197],[34.84424402405813,31.24415832460731],[34.84424353577855,31.244074543192355],[34.84420623924012,31.24399971923579],[34.84416894380628,31.243924896172793],[34.84413164843418,31.243850072196693],[34.84409435311696,31.243775249111234],[34.84405705786146,31.24370042511266],[34.84401976266084,31.243625602004716],[34.84399188480293,31.243569671567368],[34.84378,31.2433],[34.84374,31.24333],[34.84353,31.2434],[34.8435,31.2434],[34.84322,31.24341],[34.84288,31.24348],[34.8413,31.24369],[34.83995,31.24373],[34.83936,31.24353],[34.838,31.24328],[34.83658,31.24311],[34.83593,31.24322],[34.83492,31.24347],[34.83373,31.24341],[34.8327,31.24343],[34.83144,31.24287],[34.83073,31.24262],[34.83133,31.24168],[34.83218,31.24013],[34.83272,31.23855],[34.83258,31.23692],[34.83243,31.23549],[34.83043,31.23173],[34.830326061641685,31.23140103005039],[34.83031251953339,31.23140827839196],[34.82898474969307,31.232108456698015],[34.827258110714645,31.232513520792146],[34.82669963109906,31.232551827316918],[34.82534646264212,31.232519371828378],[34.823987258438876,31.232716283838666],[34.82334816803154,31.232925265245665],[34.822495953268586,31.233329681136617],[34.82239867295654,31.233375846811363],[34.82177241329973,31.233812805885687],[34.821653700157015,31.233895633831207],[34.82116987936867,31.2342163465023],[34.820426775798545,31.23467110606444],[34.81971413330453,31.23508896513392],[34.81914686450389,31.23526862714111],[34.818291078850486,31.235371058827177],[34.817347476583,31.23521549759401],[34.81627139300364,31.234859081502787],[34.81530654180276,31.2346416180993],[34.81508021569152,31.234636232365602],[34.813729579312124,31.22848746243696],[34.81349718876675,31.228537192860824],[34.81001623931309,31.229296944442222],[34.80819073025794,31.229676523263706],[34.80636487391389,31.230135768506905],[34.80532847879613,31.23031850944115],[34.80447778848543,31.23044869271381],[34.803890200061076,31.230499992870325],[34.80285475118868,31.230456919586754],[34.80285063460523,31.230458190148617],[34.80262162937412,31.23120146056801],[34.80195921313734,31.232724599233435],[34.801930152886364,31.232771353371547],[34.801680955111685,31.233172283776284],[34.80125988108283,31.23384973642775],[34.80168376624275,31.23398369275042],[34.80249100218018,31.234715665535425],[34.802679582993136,31.235744114345515],[34.80290409565135,31.23740265070012],[34.80394135535552,31.23850005615754],[34.80528790949341,31.239465789072902],[34.8065964544113,31.240298758596246],[34.80779202729342,31.24046823402548],[34.80837017380909,31.240635800897117],[34.80952785231102,31.240639361284853],[34.81219120092842,31.24048172777113],[34.81504789381586,31.24022515598344],[34.81736121924386,31.240729493096598],[34.82040629471976,31.24160069654227],[34.82233164484841,31.24263429067591],[34.82344610485309,31.243798082378824],[34.824210475354505,31.24565712165007],[34.824433795229275,31.247713500693017],[34.824769187654695,31.250698589705838],[34.82453231869737,31.25202415745152],[34.824408586791826,31.252367808503436],[34.82414353402189,31.253103953179433],[34.82505731696238,31.25224960405383],[34.82617774524521,31.251404055586658],[34.826897982319956,31.25102138322818],[34.82773922791113,31.25066938707537],[34.828575134341676,31.250400074583123],[34.828752709414736,31.250342859829612],[34.828848215328506,31.250318965056618]]],[[[34.82999374346132,31.23064127352402],[34.830078873127725,31.23083540837963],[34.830323892275516,31.23139416390114],[34.82923942587206,31.227961775090215],[34.82999374346132,31.23064127352402]]]]}},{"type":"Feature","properties":{"yishuv_stat":"9000_624","stat_area":624,"index_popu":1594.0,"index_value":0.254,"rank_2021":895.0,"cluster_2021":6.0,"socio_index":0.254,"socio_cluster":6,"socio_rank":895},"geometry":{"type":"Polygon","coordinates":[[[34.80138542238482,31.2491614019718],[34.80163549096572,31.248912439933353],[34.801723677138284,31.248837236616293],[34.801794269831845,31.248777129251547],[34.802024281264146,31.248599972853807],[34.80206252162104,31.24857052175874],[34.80235239127049,31.248367413950568],[34.802423454828606,31.248317405437966],[34.80248947276219,31.248271436981064],[34.80258329282971,31.248205167811673],[34.80269531635702,31.248127135077173],[34.802850660059065,31.24800983329999],[34.80297394056208,31.24790036799159],[34.80303401189249,31.24784698325218],[34.80319242288354,31.247672149952795],[34.803366386859366,31.24749230617642],[34.80339776093789,31.247459855164113],[34.803433238610225,31.247423164456855],[34.80349903099869,31.24735527665443],[34.80358996582937,31.247250212183747],[34.80367140762159,31.24715603923377],[34.80389029622199,31.24683049748357],[34.80404706571743,31.246597572533837],[34.80410265021803,31.24646299997834],[34.80427041549513,31.24610790072692],[34.80433011605582,31.245989126026274],[34.804637326398804,31.24537904031909],[34.80470952127813,31.245263725200733],[34.80473920113036,31.245217013951912],[34.80477070578586,31.24516697221722],[34.804890006633514,31.245004993572056],[34.8049010766939,31.24499339698872],[34.804912985875994,31.244982707623407],[34.804923932925526,31.24497290093937],[34.8050734905277,31.244832486896836],[34.80531714600561,31.244653946287386],[34.80557186707633,31.244517829121207],[34.805724212122925,31.24445914015882],[34.80590123527752,31.24440268847057],[34.806088089539,31.24435085949968],[34.80610761986815,31.244347857128],[34.806116514009254,31.244381441002083],[34.80613624731313,31.244455901272957],[34.8062575537535,31.244891081424953],[34.80650938593206,31.245469173819195],[34.806526449647265,31.245481678340443],[34.80665243684197,31.245573950738013],[34.80674484610385,31.245641628806787],[34.80702153756843,31.245851095154602],[34.80705415599347,31.245875790943412],[34.809207155753384,31.247506149823693],[34.809223535532645,31.24753055253324],[34.809784837391064,31.248366182381993],[34.809946276561,31.24885036898421],[34.81000640843896,31.249033705272165],[34.81021071551443,31.249656501603322],[34.81026908515214,31.249834430834643],[34.810593377060755,31.25049075284296],[34.811154219330874,31.25124069225223],[34.81117845704252,31.251271427569954],[34.811304815498964,31.251431094119344],[34.81131161299597,31.25143896148179],[34.81156706444006,31.251734581529846],[34.81175392264021,31.25191390282349],[34.81201753053291,31.252194840410795],[34.81220072605852,31.25232121163253],[34.812388279888374,31.252459781527186],[34.81269953186367,31.25269405590066],[34.81297250696754,31.252891051772213],[34.8129917858834,31.252900762663153],[34.81300704309841,31.252892866035136],[34.81309610310965,31.25293543471156],[34.81317785438342,31.252967793161357],[34.81367099310378,31.253163201710723],[34.81412410400492,31.25334269720145],[34.81438572491004,31.253419353157103],[34.81447389086156,31.253445236527284],[34.814462378469734,31.253465132814082],[34.814075056830525,31.254137319868256],[34.81339759921182,31.255281216349147],[34.81338936714909,31.25529525922472],[34.813378783488446,31.25531335712696],[34.813133513763965,31.255728032784198],[34.812648956263885,31.256567052094777],[34.81262878364719,31.25660197640631],[34.812035554387506,31.257610836070768],[34.81195694029041,31.257730099353584],[34.81195217983438,31.25773828854435],[34.81186473204424,31.257888190455994],[34.81173826655585,31.258055197694578],[34.81156339357131,31.258250299112227],[34.8115347728786,31.258279368411475],[34.81124192276333,31.258576791477346],[34.81122431080646,31.258594775697564],[34.81120639227789,31.2586127589775],[34.81094586118769,31.25887803170488],[34.81087417569606,31.258952594566885],[34.81048275252337,31.25935974816303],[34.810383831752794,31.259459099090233],[34.8103759476996,31.259467014386335],[34.810053964725064,31.259790722436062],[34.80988238501807,31.259949197134652],[34.80965867992645,31.260116989640927],[34.80947972730147,31.260230887079178],[34.80928692294363,31.260339697335684],[34.80915298790776,31.26040566209587],[34.809155284600045,31.260417628406753],[34.80903022485871,31.26047086199248],[34.8086998967022,31.260578837002903],[34.8083186962476,31.260715715558664],[34.80778536536844,31.260823061593605],[34.80755695875308,31.260829624153697],[34.80703244973315,31.26084980092297],[34.80625428373183,31.260847392871902],[34.80593467405834,31.260858879406612],[34.805934661779716,31.26086255192121],[34.80588935402625,31.26125527897716],[34.80587413752232,31.26147566520984],[34.805859974483795,31.26184710914919],[34.80586290323162,31.262174064645762],[34.80588564288874,31.262432885909238],[34.80592865965351,31.262593107176006],[34.8059894255378,31.26282436867057],[34.806065123094555,31.262998847460224],[34.80607053395697,31.26301122481801],[34.80616904493981,31.26320371851591],[34.80630947030541,31.263443705426592],[34.80636977600574,31.263531286649094],[34.80638838648264,31.263554516888426],[34.80647643277589,31.263513034078805],[34.80663664721903,31.263439479205733],[34.806656843185365,31.263430158300228],[34.806682514762215,31.26341779868583],[34.807313750115256,31.263117076959073],[34.807469757697554,31.26304314637564],[34.80845546131236,31.26257966521984],[34.80854491197931,31.262537604477306],[34.808753340384136,31.26243939757263],[34.80880791200202,31.262413683609015],[34.809095587152655,31.26227357766312],[34.80911337133334,31.2622649163586],[34.80916748031825,31.262340850794146],[34.809632958794886,31.26211851080867],[34.80957970837266,31.262037791896468],[34.810414410884434,31.261631171061893],[34.81095658703115,31.261380294163153],[34.8110843949648,31.261320886371806],[34.81110543910126,31.261311392385434],[34.81112290801726,31.26130296613381],[34.81116319131316,31.26128451827468],[34.812563640010666,31.260608399506555],[34.812803788023615,31.26049936239325],[34.8132062935917,31.260302616416904],[34.813680471710285,31.260065599659946],[34.81429813551212,31.259785089421012],[34.81478777540431,31.25953404123547],[34.816054179972504,31.258917819546216],[34.81686676149037,31.25852772692247],[34.81907044821892,31.25746977477411],[34.81971798786871,31.257161644682384],[34.81973385902286,31.257131832804905],[34.819750190324434,31.25714622016217],[34.81978215862429,31.25713080124654],[34.81998129342421,31.257036158446],[34.82015197679929,31.256937998540398],[34.82018998545898,31.256910516558236],[34.8203830705995,31.256804577623058],[34.82065421312138,31.25663121682472],[34.82087226406111,31.256478558121543],[34.82104621811077,31.256326839907786],[34.82128239505733,31.256104947476278],[34.821505766036815,31.255877250572976],[34.822198117507234,31.255157258976823],[34.82274387862758,31.254570373553484],[34.82291289640913,31.254392204127086],[34.822946939184945,31.254356326327194],[34.82297027314462,31.254380857951446],[34.82297751385978,31.254324211801134],[34.823457789961516,31.25379876785284],[34.82402851044635,31.253211491660302],[34.82414353402189,31.253103953179433],[34.824408586791826,31.252367808503436],[34.82453231869737,31.25202415745152],[34.824769187654695,31.250698589705838],[34.824433795229275,31.247713500693017],[34.824210475354505,31.24565712165007],[34.82344610485309,31.243798082378824],[34.82233164484841,31.24263429067591],[34.82040629471976,31.24160069654227],[34.81736121924386,31.240729493096598],[34.81504789381586,31.24022515598344],[34.81219120092842,31.24048172777113],[34.80952785231102,31.240639361284853],[34.80837017380909,31.240635800897117],[34.80779202729342,31.24046823402548],[34.8065964544113,31.240298758596246],[34.80528790949341,31.239465789072902],[34.80394135535552,31.23850005615754],[34.80290409565135,31.23740265070012],[34.802679582993136,31.235744114345515],[34.80249100218018,31.234715665535425],[34.80168376624275,31.23398369275042],[34.80125988108283,31.23384973642775],[34.801680955111685,31.233172283776284],[34.80089002442864,31.23311971255388],[34.7998228999474,31.233288173169463],[34.79914533561531,31.233276494869887],[34.79848933547184,31.233417603745966],[34.79803279331047,31.233673882822412],[34.7973313318496,31.23405347231165],[34.796284151427315,31.234746953156314],[34.79530360673107,31.235440637318305],[34.79453514050567,31.23589635987976],[34.79351991427898,31.236080129510277],[34.79313148068226,31.236704204935794],[34.79308257271955,31.23678016942336],[34.79300044657454,31.236908161428573],[34.79290350115265,31.23690902371468],[34.792758922442864,31.236907480492057],[34.792487801659405,31.236883243906135],[34.79214930895551,31.23681432678702],[34.792004844238534,31.23677401282657],[34.79181686782446,31.2367084915151],[34.79157295869602,31.23660948928206],[34.79138072957125,31.23652759850877],[34.79119524904809,31.236439175881443],[34.79091811528482,31.236307508622506],[34.790608767518165,31.236160703232063],[34.79024569053875,31.23598840033515],[34.789941434522895,31.23584400881365],[34.78975026588383,31.23573724173889],[34.789579133996874,31.235692746218373],[34.789510061235816,31.23566637981811],[34.789281409662294,31.235579101263845],[34.78900713519335,31.2354706704367],[34.78892117507956,31.235449360273858],[34.78882799814035,31.235549533385534],[34.788514004324945,31.235792309022475],[34.78803375943718,31.236161166130373],[34.78782729866522,31.23629634080879],[34.78781034071051,31.23630827581611],[34.78780130411657,31.23631430103824],[34.787785186810225,31.236325065385397],[34.787453215046135,31.236554601471397],[34.787180636927516,31.236743117696157],[34.78659378098382,31.23714924728406],[34.78657273012156,31.237163327989855],[34.78655166074459,31.237177321147023],[34.78596760219212,31.237567216286052],[34.7859763890311,31.237573376035982],[34.78599886358517,31.23759545747786],[34.78610682876471,31.237701150457784],[34.78623715364293,31.237829104754407],[34.78647740598302,31.23809343359397],[34.786485146387896,31.238101023938732],[34.78698658083248,31.238623600783825],[34.78746677923672,31.239156280306304],[34.78757700603086,31.23927145390056],[34.78796538011751,31.239680739928875],[34.788264376979505,31.240027221753905],[34.788403912444124,31.240189476073535],[34.78842689743899,31.24021607187705],[34.78846293842887,31.240252261093282],[34.78870749789522,31.240497287158647],[34.78897942850898,31.240771539962946],[34.789238031890925,31.241045012302067],[34.789469671745586,31.24129261793671],[34.789499656116,31.241323191892565],[34.78952369757516,31.241348613018612],[34.789527236643444,31.24135593799152],[34.78954104930547,31.241384840836815],[34.78956082280147,31.24140375446391],[34.79002625263005,31.241844166769845],[34.79003395717327,31.241851450136334],[34.790507281365706,31.24235677915125],[34.79054032085391,31.242386920763707],[34.790584513685275,31.242432684997794],[34.79103114272098,31.242898075451883],[34.79144205870409,31.24331823903593],[34.791501964442205,31.243350541068743],[34.7915229123351,31.243361248117555],[34.79154385704332,31.24337268840197],[34.79158285531044,31.243392965797547],[34.79172197653446,31.24342501516892],[34.791756795791024,31.243432522546158],[34.79190831624544,31.243446993685094],[34.7919292909508,31.24345058020921],[34.791950268296766,31.243454525696777],[34.792254758514865,31.243511876601847],[34.79240086366229,31.243539402022456],[34.79264324734391,31.24361006984401],[34.7928822413505,31.243690288364203],[34.793103148846086,31.243777312989668],[34.79325026234663,31.24383974442047],[34.793373846581815,31.24390381949965],[34.793394791698184,31.24391524505427],[34.793415858057784,31.243900611332233],[34.793483442835274,31.243855747397678],[34.793491025932475,31.243848992007894],[34.79353298516608,31.24385590572195],[34.79353989334212,31.243861504279625],[34.793659458866564,31.243958215226975],[34.79385140535803,31.244067141723388],[34.794105315668496,31.244191423107907],[34.79436642229041,31.244303378050528],[34.79476767869768,31.24448999145527],[34.79490946599737,31.24456773822246],[34.795356857588494,31.24481375823074],[34.79560049369554,31.244985358535388],[34.79599154287092,31.24529775330514],[34.796228013397496,31.24552678194387],[34.796420511090425,31.245726979200725],[34.796441826117935,31.24575338788816],[34.79655895858778,31.245898424241503],[34.79663540838806,31.24599308991947],[34.79687291324396,31.246325481717825],[34.7968952395406,31.246358469327195],[34.79711310636918,31.246664902017336],[34.797210668094095,31.246802125696053],[34.79748156518121,31.24722867640318],[34.79761910869191,31.247444943923178],[34.79777915177486,31.247749843242705],[34.797861458648256,31.24791929645608],[34.79788247392973,31.247976920698402],[34.79793264331081,31.24811451254905],[34.79797985899201,31.248290533340334],[34.798019843554265,31.248441644081076],[34.79807417976503,31.248793558849503],[34.79811316062804,31.249080121709483],[34.79811870570186,31.249280176378097],[34.798117438062626,31.249308500309674],[34.798112442556544,31.249419957287184],[34.79810826614169,31.249782419734164],[34.79809311270275,31.250010102862145],[34.79806911215173,31.250368539649124],[34.7980673569488,31.25051757750132],[34.79806253631062,31.25092598088238],[34.7980885999838,31.250918848020607],[34.798530873967366,31.250797230654562],[34.79865735627463,31.250769838606956],[34.7990949316803,31.25067509024754],[34.79948157515301,31.250602443509177],[34.7998825051361,31.25050214125037],[34.80020152118362,31.250380937416566],[34.80040667865863,31.250276150475248],[34.800579684245996,31.250152681165147],[34.80072891123896,31.250018406089218],[34.80074214061351,31.250018447627752],[34.80118819961892,31.249400328710667],[34.80138542238482,31.2491614019718]]]}},{"type":"Feature","properties":{"yishuv_stat":"9000_626","stat_area":626,"index_popu":329.0,"index_value":0.24,"rank_2021":891.0,"cluster_2021":6.0,"socio_index":0.24,"socio_cluster":6,"socio_rank":891},"geometry":{"type":"Polygon","coordinates":[[[34.801930152886364,31.232771353371547],[34.80195921313734,31.232724599233435],[34.80262162937412,31.23120146056801],[34.80285063460523,31.230458190148617],[34.80285636736564,31.230439586353732],[34.80104385089181,31.230201818345012],[34.79996460183759,31.22993317419992],[34.79869370713075,31.229365506840445],[34.79827040981138,31.229098916996566],[34.79826895163193,31.229100712600115],[34.797520740607645,31.23002215293174],[34.79750336179024,31.23012011998995],[34.797452025670715,31.2302213292836],[34.797316148200174,31.230430687502174],[34.79707105518493,31.23077500208083],[34.79704320244358,31.23081412970658],[34.797034848383056,31.230826459379447],[34.79680658240278,31.231162953970305],[34.79679516537233,31.23118095593665],[34.7964884393341,31.231656287095756],[34.79636999161905,31.231839715574935],[34.796151161665584,31.232128186137015],[34.7961356508202,31.232148416284748],[34.795969610703544,31.23238968952761],[34.795396512044974,31.23322329851941],[34.79520434320574,31.23351012591572],[34.79496232429289,31.233871297238604],[34.79454838460069,31.23449852397483],[34.79454120344255,31.234509134570914],[34.79428209368521,31.234884854635485],[34.79392221544701,31.235436220866486],[34.793915771507855,31.235444041475017],[34.79380500176135,31.23562208771318],[34.79351991427898,31.236080129510277],[34.79453514050567,31.23589635987976],[34.79530360673107,31.235440637318305],[34.796284151427315,31.234746953156314],[34.7973313318496,31.23405347231165],[34.79803279331047,31.233673882822412],[34.79848933547184,31.233417603745966],[34.79914533561531,31.233276494869887],[34.7998228999474,31.233288173169463],[34.80089002442864,31.23311971255388],[34.801680955111685,31.233172283776284],[34.801930152886364,31.232771353371547]]]}},{"type":"Feature","properties":{"yishuv_stat":"9000_631","stat_area":631,"index_popu":4042.0,"index_value":-1.226,"rank_2021":218.0,"cluster_2021":2.0,"socio_index":-1.226,"socio_cluster":2,"socio_rank":218},"geometry":{"type":"Polygon","coordinates":[[[34.810593377060755,31.25049075284296],[34.81026908515214,31.249834430834643],[34.81021071551443,31.249656501603322],[34.81000640843896,31.249033705272165],[34.809946276561,31.24885036898421],[34.809784837391064,31.248366182381993],[34.809223535532645,31.24753055253324],[34.809207155753384,31.247506149823693],[34.80705415599347,31.245875790943412],[34.80702153756843,31.245851095154602],[34.80674484610385,31.245641628806787],[34.80665243684197,31.245573950738013],[34.806526449647265,31.245481678340443],[34.80650938593206,31.245469173819195],[34.8062575537535,31.244891081424953],[34.80613624731313,31.244455901272957],[34.806116514009254,31.244381441002083],[34.80610761986815,31.244347857128],[34.806088089539,31.24435085949968],[34.80590123527752,31.24440268847057],[34.805724212122925,31.24445914015882],[34.80557186707633,31.244517829121207],[34.80531714600561,31.244653946287386],[34.8050734905277,31.244832486896836],[34.804923932925526,31.24497290093937],[34.804912985875994,31.244982707623407],[34.8049010766939,31.24499339698872],[34.804890006633514,31.245004993572056],[34.80477070578586,31.24516697221722],[34.80473920113036,31.245217013951912],[34.80470952127813,31.245263725200733],[34.804637326398804,31.24537904031909],[34.80433011605582,31.245989126026274],[34.80427041549513,31.24610790072692],[34.80410265021803,31.24646299997834],[34.80404706571743,31.246597572533837],[34.80389029622199,31.24683049748357],[34.80367140762159,31.24715603923377],[34.80358996582937,31.247250212183747],[34.80349903099869,31.24735527665443],[34.803433238610225,31.247423164456855],[34.80339776093789,31.247459855164113],[34.803366386859366,31.24749230617642],[34.80319242288354,31.247672149952795],[34.80303401189249,31.24784698325218],[34.80297394056208,31.24790036799159],[34.802850660059065,31.24800983329999],[34.80269531635702,31.248127135077173],[34.80258329282971,31.248205167811673],[34.80248947276219,31.248271436981064],[34.802423454828606,31.248317405437966],[34.80235239127049,31.248367413950568],[34.80206252162104,31.24857052175874],[34.802024281264146,31.248599972853807],[34.801794269831845,31.248777129251547],[34.801723677138284,31.248837236616293],[34.80163549096572,31.248912439933353],[34.80138542238482,31.2491614019718],[34.80118819961892,31.249400328710667],[34.80074214061351,31.250018447627752],[34.800753865530254,31.250049607383975],[34.80079352071706,31.250156696931477],[34.80090529289428,31.250360607768798],[34.80105397083707,31.250601696284978],[34.80128668819496,31.25100524677163],[34.801329192623115,31.251078945730825],[34.80152955919469,31.25136132801182],[34.801704003714406,31.25159303371326],[34.801718002071425,31.251608589424986],[34.80187422536032,31.251781257740966],[34.80193781201166,31.25183663536741],[34.80199077495974,31.251882763141662],[34.80200746843526,31.251897294576732],[34.80212602174603,31.251992274530707],[34.802151332590554,31.25201265290455],[34.80250581309444,31.25232211836244],[34.802838020136655,31.252581358336645],[34.803076229107575,31.252756278974967],[34.803245676772434,31.252839921990713],[34.803257680629336,31.252845855200437],[34.80341474532793,31.252892613833364],[34.80350146011294,31.252918228713273],[34.8037333819413,31.252964047001168],[34.80392974820168,31.252976564013952],[34.8039605095672,31.252977742123644],[34.80415742352687,31.252985121440805],[34.8043638448281,31.252979543513014],[34.8045654708505,31.252962667508548],[34.804766485850465,31.252924843447538],[34.80478896370022,31.252920621156314],[34.804953341583015,31.252875312542827],[34.80530911933925,31.252728320222083],[34.805930332926835,31.252397626464603],[34.80626270283537,31.252247585337916],[34.80636053478373,31.25220528950347],[34.80646988927266,31.25215803901987],[34.80693555581846,31.2520168856795],[34.80737048346796,31.25192011046273],[34.80738508044141,31.251917532802285],[34.80752953862434,31.251892454024286],[34.80770853358642,31.25186990507866],[34.80773416024481,31.25186675172472],[34.8079512746694,31.2518367602837],[34.80820690598864,31.25186126485689],[34.808333366801705,31.25189655465483],[34.80844691782984,31.25195328795085],[34.80855714904249,31.25200836043799],[34.808588768353616,31.252027037042804],[34.80862076552324,31.252033906157497],[34.8087598785223,31.252131284668124],[34.808870605817255,31.252212253917424],[34.80889153393264,31.252228647300093],[34.80890725127701,31.252210657549217],[34.80897772086317,31.252130239484128],[34.809042574297706,31.25201039535567],[34.80910710001058,31.251867371217173],[34.809150772522564,31.2517158952109],[34.809158331752386,31.25169282967487],[34.80916767657722,31.25166526100307],[34.809187611841196,31.251566640315723],[34.80919692324772,31.25142408942638],[34.80920238303775,31.251298384206745],[34.8091982952339,31.251247681851208],[34.80964974938097,31.251246071845213],[34.809653724056744,31.25124605067925],[34.811154219330874,31.25124069225223],[34.810593377060755,31.25049075284296]]]}},{"type":"Feature","properties":{"yishuv_stat":"9000_632","stat_area":632,"index_popu":3846.0,"index_value":-1.237,"rank_2021":215.0,"cluster_2021":2.0,"socio_index":-1.237,"socio_cluster":2,"socio_rank":215},"geometry":{"type":"Polygon","coordinates":[[[34.809653724056744,31.25124605067925],[34.80964974938097,31.251246071845213],[34.8091982952339,31.251247681851208],[34.80920238303775,31.251298384206745],[34.80919692324772,31.25142408942638],[34.809187611841196,31.251566640315723],[34.80916767657722,31.25166526100307],[34.809158331752386,31.25169282967487],[34.809150772522564,31.2517158952109],[34.80910710001058,31.251867371217173],[34.809042574297706,31.25201039535567],[34.80897772086317,31.252130239484128],[34.80890725127701,31.252210657549217],[34.80889153393264,31.252228647300093],[34.808870605817255,31.252212253917424],[34.8087598785223,31.252131284668124],[34.80862076552324,31.252033906157497],[34.808588768353616,31.252027037042804],[34.80855714904249,31.25200836043799],[34.80844691782984,31.25195328795085],[34.808333366801705,31.25189655465483],[34.80820690598864,31.25186126485689],[34.8079512746694,31.2518367602837],[34.80773416024481,31.25186675172472],[34.80770853358642,31.25186990507866],[34.80752953862434,31.251892454024286],[34.80738508044141,31.251917532802285],[34.80737048346796,31.25192011046273],[34.80693555581846,31.2520168856795],[34.80646988927266,31.25215803901987],[34.80636053478373,31.25220528950347],[34.80626270283537,31.252247585337916],[34.805930332926835,31.252397626464603],[34.80530911933925,31.252728320222083],[34.804953341583015,31.252875312542827],[34.80478896370022,31.252920621156314],[34.804766485850465,31.252924843447538],[34.8045654708505,31.252962667508548],[34.8043638448281,31.252979543513014],[34.80415742352687,31.252985121440805],[34.8039605095672,31.252977742123644],[34.80392974820168,31.252976564013952],[34.8037333819413,31.252964047001168],[34.80350146011294,31.252918228713273],[34.80341474532793,31.252892613833364],[34.803257680629336,31.252845855200437],[34.803245676772434,31.252839921990713],[34.803076229107575,31.252756278974967],[34.802838020136655,31.252581358336645],[34.80250581309444,31.25232211836244],[34.802151332590554,31.25201265290455],[34.80212602174603,31.251992274530707],[34.80200746843526,31.251897294576732],[34.80199077495974,31.251882763141662],[34.80193781201166,31.25183663536741],[34.801743257484404,31.252164701039394],[34.801740178303604,31.252518956020246],[34.80159787287144,31.252876658417694],[34.80157469985388,31.2529743613042],[34.801513321628185,31.25323318518204],[34.80143011161346,31.25327179737024],[34.80136079046056,31.253576415724968],[34.80125487761415,31.253621635219563],[34.80115644597957,31.2536860823491],[34.800790153651704,31.254599553361153],[34.80081998898231,31.25461912365973],[34.80100853997305,31.25474300942632],[34.80101203941741,31.254758989528586],[34.80104345442646,31.254900894547124],[34.80105304133401,31.25494418808384],[34.801007022906326,31.255099798976637],[34.80079481276761,31.255280686236066],[34.800756173245716,31.25548168778952],[34.80072597186837,31.255646282494272],[34.80075660843489,31.255648361985283],[34.80125724790976,31.25568293732126],[34.80215471974755,31.255744922730127],[34.802195448945696,31.255746943269056],[34.80287698061653,31.255780290582422],[34.80340236836267,31.255820970414906],[34.803808816537014,31.255852215170066],[34.803823020737255,31.25585331376008],[34.803982766820816,31.25586399666633],[34.804003754338254,31.255865059545876],[34.80402474326692,31.255866285671082],[34.80413244827557,31.255872850539927],[34.80439212991651,31.25588376110079],[34.80468013953808,31.2558753637699],[34.80504952202984,31.255864435338076],[34.80518012024532,31.255863557583428],[34.805280400711055,31.255862885000017],[34.80552863640795,31.255876651938653],[34.8055609636549,31.255879180170375],[34.805774538017275,31.255895991243857],[34.80601033907741,31.255919811004883],[34.80608265267113,31.255926799381072],[34.806398218509294,31.255981358059017],[34.80653779724515,31.256013566043755],[34.80656099674294,31.256018920301035],[34.80686279750575,31.256124298148855],[34.80689249922484,31.256132573881832],[34.80721024399898,31.256221151739],[34.80739987954493,31.256261241868813],[34.8076415871567,31.25630420898711],[34.80778470202617,31.256334582140273],[34.80790025087878,31.256359109645388],[34.8080938297421,31.256386769142214],[34.808533492855645,31.256419689626487],[34.808570434371354,31.25642150527915],[34.80870133569568,31.256428685205947],[34.80877732032208,31.256432882053144],[34.80887267385659,31.25643786719267],[34.808879864922176,31.256438248276925],[34.808902643558405,31.256439849796024],[34.809291705380126,31.256468285557578],[34.80979019684794,31.256468103170967],[34.81037454202532,31.256419749758027],[34.81066824505465,31.256379522836987],[34.81078595123614,31.256351653692757],[34.81078756412413,31.25635386108295],[34.81080849524022,31.256382482183607],[34.810900725670834,31.256522833063137],[34.8111788574723,31.2568996810383],[34.81141028693582,31.257191795088037],[34.811418549395086,31.25720119113769],[34.81151611317792,31.25731229918223],[34.8116058076707,31.25741443981925],[34.81177040905015,31.257586141330286],[34.811787387925825,31.257603854287087],[34.81195694029041,31.257730099353584],[34.812035554387506,31.257610836070768],[34.81262878364719,31.25660197640631],[34.812648956263885,31.256567052094777],[34.813133513763965,31.255728032784198],[34.813378783488446,31.25531335712696],[34.81338936714909,31.25529525922472],[34.81339759921182,31.255281216349147],[34.814075056830525,31.254137319868256],[34.814462378469734,31.253465132814082],[34.81447389086156,31.253445236527284],[34.81438572491004,31.253419353157103],[34.81412410400492,31.25334269720145],[34.81367099310378,31.253163201710723],[34.81317785438342,31.252967793161357],[34.81309610310965,31.25293543471156],[34.81300704309841,31.252892866035136],[34.8129917858834,31.252900762663153],[34.81297250696754,31.252891051772213],[34.81269953186367,31.25269405590066],[34.812388279888374,31.252459781527186],[34.81220072605852,31.25232121163253],[34.81201753053291,31.252194840410795],[34.81175392264021,31.25191390282349],[34.81156706444006,31.251734581529846],[34.81131161299597,31.25143896148179],[34.811304815498964,31.251431094119344],[34.81117845704252,31.251271427569954],[34.811154219330874,31.25124069225223],[34.809653724056744,31.25124605067925]]]}},{"type":"Feature","properties":{"yishuv_stat":"9000_633","stat_area":633,"index_popu":2982.0,"index_value":-1.69,"rank_2021":116.0,"cluster_2021":2.0,"socio_index":-1.69,"socio_cluster":2,"socio_rank":116},"geometry":{"type":"Polygon","coordinates":[[[34.81177040905015,31.257586141330286],[34.8116058076707,31.25741443981925],[34.81151611317792,31.25731229918223],[34.811418549395086,31.25720119113769],[34.81141028693582,31.257191795088037],[34.8111788574723,31.2568996810383],[34.810900725670834,31.256522833063137],[34.81080849524022,31.256382482183607],[34.81078756412413,31.25635386108295],[34.81078595123614,31.256351653692757],[34.81066824505465,31.256379522836987],[34.81037454202532,31.256419749758027],[34.80979019684794,31.256468103170967],[34.809291705380126,31.256468285557578],[34.808902643558405,31.256439849796024],[34.808879864922176,31.256438248276925],[34.80887267385659,31.25643786719267],[34.80877732032208,31.256432882053144],[34.80870133569568,31.256428685205947],[34.808570434371354,31.25642150527915],[34.808533492855645,31.256419689626487],[34.8080938297421,31.256386769142214],[34.80790025087878,31.256359109645388],[34.80778470202617,31.256334582140273],[34.8076415871567,31.25630420898711],[34.80739987954493,31.256261241868813],[34.80721024399898,31.256221151739],[34.80689249922484,31.256132573881832],[34.80686279750575,31.256124298148855],[34.80656099674294,31.256018920301035],[34.80653779724515,31.256013566043755],[34.806398218509294,31.255981358059017],[34.80608265267113,31.255926799381072],[34.80601033907741,31.255919811004883],[34.805774538017275,31.255895991243857],[34.8055609636549,31.255879180170375],[34.80552863640795,31.255876651938653],[34.805280400711055,31.255862885000017],[34.80518012024532,31.255863557583428],[34.80504952202984,31.255864435338076],[34.80468013953808,31.2558753637699],[34.80439212991651,31.25588376110079],[34.80413244827557,31.255872850539927],[34.80402474326692,31.255866285671082],[34.804003754338254,31.255865059545876],[34.803982766820816,31.25586399666633],[34.803823020737255,31.25585331376008],[34.803808816537014,31.255852215170066],[34.80340236836267,31.255820970414906],[34.80287698061653,31.255780290582422],[34.802195448945696,31.255746943269056],[34.80215471974755,31.255744922730127],[34.80125724790976,31.25568293732126],[34.80075660843489,31.255648361985283],[34.80072597186837,31.255646282494272],[34.800756173245716,31.25548168778952],[34.80079481276761,31.255280686236066],[34.801007022906326,31.255099798976637],[34.80105304133401,31.25494418808384],[34.80104345442646,31.254900894547124],[34.80101203941741,31.254758989528586],[34.80100853997305,31.25474300942632],[34.80081998898231,31.25461912365973],[34.800790153651704,31.254599553361153],[34.80115644597957,31.2536860823491],[34.80125487761415,31.253621635219563],[34.80136079046056,31.253576415724968],[34.80143011161346,31.25327179737024],[34.801513321628185,31.25323318518204],[34.80157469985388,31.2529743613042],[34.80159787287144,31.252876658417694],[34.801740178303604,31.252518956020246],[34.801743257484404,31.252164701039394],[34.80193781201166,31.25183663536741],[34.80187422536032,31.251781257740966],[34.801718002071425,31.251608589424986],[34.801704003714406,31.25159303371326],[34.80152955919469,31.25136132801182],[34.801329192623115,31.251078945730825],[34.80128668819496,31.25100524677163],[34.80105397083707,31.250601696284978],[34.80090529289428,31.250360607768798],[34.80079352071706,31.250156696931477],[34.800753865530254,31.250049607383975],[34.80074214061351,31.250018447627752],[34.80072891123896,31.250018406089218],[34.800579684245996,31.250152681165147],[34.80040667865863,31.250276150475248],[34.80020152118362,31.250380937416566],[34.7998825051361,31.25050214125037],[34.79948157515301,31.250602443509177],[34.7990949316803,31.25067509024754],[34.79865735627463,31.250769838606956],[34.798530873967366,31.250797230654562],[34.7980885999838,31.250918848020607],[34.79806253631062,31.25092598088238],[34.79806111863887,31.250962853488016],[34.798041694406315,31.251477790575436],[34.79804039195301,31.251502218157547],[34.79803041203701,31.251689336363196],[34.79822920556042,31.251943814712128],[34.7983794945907,31.252136619742803],[34.7987726202774,31.25264095402869],[34.79883214294958,31.252919310868563],[34.79893050190002,31.25358027437299],[34.798847770703645,31.2539972669011],[34.79878453308075,31.25458817826298],[34.7986357878829,31.255351468493565],[34.79859830840891,31.25554379671373],[34.7985971991572,31.255548355043768],[34.79839233890731,31.25639056289153],[34.79837041829698,31.2564806822627],[34.79826870474387,31.25689883091164],[34.79822571974254,31.257212693884842],[34.79808068388755,31.2582716984513],[34.798036418367744,31.258390585476107],[34.79804109681537,31.258478292375308],[34.79804273660071,31.258511657177607],[34.7980502940138,31.25866207082259],[34.79805822080266,31.258819885751898],[34.79808935164538,31.25917470380602],[34.79809756553889,31.25926870092208],[34.798098371136604,31.259282596393284],[34.79813888584236,31.259965015475412],[34.79821494324639,31.261033471306167],[34.798214648760926,31.261395944469054],[34.79820033343677,31.261723381255674],[34.79819620725281,31.262073938048147],[34.798175201631395,31.262858526605132],[34.798164214284604,31.263634759929104],[34.7981595407826,31.26396619634441],[34.7981594635167,31.263984234161367],[34.798182871673326,31.263984847483673],[34.79840166968703,31.263988882169524],[34.79852881852106,31.26398970764219],[34.798924104229826,31.263992238690342],[34.799105124588685,31.263990231097974],[34.799634435750036,31.263984385357904],[34.800301769787445,31.263987562088758],[34.80103565124736,31.263996094988894],[34.801171833663986,31.263996240908547],[34.801151063218825,31.26470104192577],[34.80121985865085,31.264702539355543],[34.80122334832353,31.264891811060792],[34.80177306415605,31.264903280265905],[34.80177857286283,31.26518902673681],[34.8017937992634,31.26518907443441],[34.80234901192259,31.26519125166562],[34.80235300180469,31.26519124881428],[34.802717874963285,31.265189621733175],[34.802676152367475,31.265199313055362],[34.80380213122327,31.265250365034085],[34.80350713478749,31.2655866469678],[34.80343267274179,31.26568951393382],[34.80336017917266,31.2657995950059],[34.803101801678004,31.266191925344717],[34.80284572462841,31.266637568387065],[34.8025737930659,31.267078110650594],[34.80256385155556,31.26709476747617],[34.80248519664144,31.267224670617306],[34.80237119060667,31.26741298489545],[34.80223395206924,31.26763965193427],[34.8018835502318,31.26822867081139],[34.80144332687613,31.268968564119767],[34.80112038585419,31.269502471313896],[34.80111435237254,31.269512370601895],[34.8005912375905,31.27037728478293],[34.800417698699924,31.27066425860552],[34.80038164746898,31.27072503539825],[34.800193055370954,31.271042982495025],[34.79990812572332,31.27152333465498],[34.799825490682984,31.27166540369903],[34.799549959064805,31.272138938246723],[34.79921895685977,31.272684726305286],[34.79913880213136,31.27281695662856],[34.79871897236139,31.273529756914446],[34.79866179599955,31.273620210311428],[34.79836671819156,31.27408718490372],[34.79832634152449,31.274150828981973],[34.7981529510754,31.274450157827694],[34.79807625300887,31.274582951229082],[34.798032667790395,31.274656680046725],[34.79784260276151,31.274977961203316],[34.79781974320253,31.275016760832738],[34.79779203715472,31.27506348185564],[34.79773746165513,31.275155754057714],[34.79762692399791,31.2753408423532],[34.79756112346993,31.275454986126782],[34.797524074556755,31.27544544936528],[34.79732479844415,31.27574242405373],[34.79743346714658,31.275790636672472],[34.79751359548821,31.27582618722891],[34.79784494286343,31.27593222812813],[34.79792406355635,31.275932478429173],[34.7979568731896,31.27597564168652],[34.79796263723113,31.275978551413687],[34.79813247970876,31.2760651271864],[34.7983292806079,31.27615016721207],[34.79834126929499,31.276155351345967],[34.79846224290666,31.27622734002365],[34.79850070541516,31.276248209763896],[34.798537486442974,31.27626301971792],[34.798714412203275,31.27633378872655],[34.80037406497542,31.272807672127964],[34.8006140175359,31.27257386325417],[34.80295203205298,31.268622931722284],[34.80428056309043,31.269272123676338],[34.80455351960463,31.269302293156894],[34.805238933083366,31.26865937488182],[34.80582057876078,31.268338655133427],[34.80679012081876,31.268073325106702],[34.80760394603119,31.267809582332376],[34.80803977641127,31.267674066111248],[34.8082550601093,31.267607126827727],[34.80827304203086,31.267601407367835],[34.808524128458096,31.267516509251116],[34.80869013314337,31.267450607944077],[34.80852597795436,31.267073493818803],[34.80841519583644,31.26684596222775],[34.8082462695184,31.26652012876697],[34.80810556790362,31.266268876609306],[34.807996904998774,31.266090951344584],[34.807832075852005,31.26583628741745],[34.80766325881527,31.265555003913637],[34.80756159763331,31.265386123425905],[34.80734067419337,31.265033697894488],[34.8072557606805,31.264903012193592],[34.80719129697119,31.264803787599895],[34.80714697556808,31.264735709332125],[34.80714058358047,31.264725892198662],[34.80709647623812,31.264658113104694],[34.80641050848919,31.26358588595313],[34.80638838648264,31.263554516888426],[34.80636977600574,31.263531286649094],[34.80630947030541,31.263443705426592],[34.80616904493981,31.26320371851591],[34.80607053395697,31.26301122481801],[34.806065123094555,31.262998847460224],[34.8059894255378,31.26282436867057],[34.80592865965351,31.262593107176006],[34.80588564288874,31.262432885909238],[34.80586290323162,31.262174064645762],[34.805859974483795,31.26184710914919],[34.80587413752232,31.26147566520984],[34.80588935402625,31.26125527897716],[34.805934661779716,31.26086255192121],[34.80593467405834,31.260858879406612],[34.80625428373183,31.260847392871902],[34.80703244973315,31.26084980092297],[34.80755695875308,31.260829624153697],[34.80778536536844,31.260823061593605],[34.8083186962476,31.260715715558664],[34.8086998967022,31.260578837002903],[34.80903022485871,31.26047086199248],[34.809155284600045,31.260417628406753],[34.80915298790776,31.26040566209587],[34.80928692294363,31.260339697335684],[34.80947972730147,31.260230887079178],[34.80965867992645,31.260116989640927],[34.80988238501807,31.259949197134652],[34.810053964725064,31.259790722436062],[34.8103759476996,31.259467014386335],[34.810383831752794,31.259459099090233],[34.81048275252337,31.25935974816303],[34.81087417569606,31.258952594566885],[34.81094586118769,31.25887803170488],[34.81120639227789,31.2586127589775],[34.81122431080646,31.258594775697564],[34.81124192276333,31.258576791477346],[34.8115347728786,31.258279368411475],[34.81156339357131,31.258250299112227],[34.81173826655585,31.258055197694578],[34.81186473204424,31.257888190455994],[34.81195217983438,31.25773828854435],[34.81195694029041,31.257730099353584],[34.811787387925825,31.257603854287087],[34.81177040905015,31.257586141330286]]]}},{"type":"Feature","properties":{"yishuv_stat":"9000_711","stat_area":711,"index_popu":6616.0,"index_value":-0.131,"rank_2021":648.0,"cluster_2021":5.0,"socio_index":-0.131,"socio_cluster":5,"socio_rank":648},"geometry":{"type":"Polygon","coordinates":[[[34.780363763084445,31.240159154420784],[34.78019532148127,31.240150309418073],[34.779965644621385,31.24012754319747],[34.779715971365285,31.24009397875221],[34.77968733438178,31.24009009796811],[34.779286595839686,31.240035648764895],[34.77890426946125,31.23997178472774],[34.77833392717148,31.239887828167834],[34.77832071653777,31.23988580290723],[34.77829973776281,31.23988248111887],[34.77830443832003,31.239864458588112],[34.7783273136055,31.239794639428467],[34.77835340627685,31.23961930799275],[34.778366781499614,31.239422098378597],[34.77836069804464,31.23936632513413],[34.778326758607776,31.239055085057576],[34.77828914240579,31.23887339330524],[34.77825207541808,31.23873400362884],[34.77824754874269,31.23871704362595],[34.77824024523371,31.238689662822512],[34.77823238331119,31.238660176022286],[34.77819138997034,31.238484715127868],[34.77809642983947,31.23828994589548],[34.77808268438261,31.23826518540615],[34.778063730891496,31.23823121993587],[34.77784186401461,31.237833854014927],[34.7778174709153,31.23779017407509],[34.77778808828321,31.237729557827294],[34.777508668676234,31.237152980200577],[34.77744737300683,31.23702649276226],[34.77744368514177,31.23701888737333],[34.77732024390601,31.236738886678054],[34.77724234789298,31.23660415018864],[34.777237968673404,31.236596471246372],[34.777226725229504,31.236575157037848],[34.77722645462204,31.23657464566025],[34.77672483362399,31.236647271908485],[34.77566771034902,31.236847487709706],[34.775859867729395,31.237255600177583],[34.776094595630155,31.237784243201432],[34.77597587314418,31.237820891669273],[34.77542533075152,31.23801353229927],[34.775155342946164,31.238133020370753],[34.77491768683523,31.238252616762974],[34.774614904125634,31.23847386345735],[34.77424703221122,31.23878749663078],[34.77417056034658,31.23885955465449],[34.774183792427614,31.23886883984786],[34.77421516562237,31.23889581437288],[34.77425707215681,31.238936721584974],[34.77457849192397,31.23923479289434],[34.774649340157815,31.239290839596002],[34.774693595666605,31.239325842527155],[34.775101669872896,31.239648622066966],[34.775135561157654,31.239674803882345],[34.775621792689144,31.24005056714485],[34.77602919523149,31.240365400226075],[34.77605836932269,31.240387948541226],[34.7764867340294,31.240718838074528],[34.77650608074036,31.240733782990944],[34.77655173234253,31.240769086655213],[34.77663812345474,31.240835883278898],[34.77670358317498,31.24088650219702],[34.77676623277602,31.24093505809802],[34.77720457482439,31.241275218440222],[34.77729721276788,31.241347104082113],[34.77730656410363,31.241355834920583],[34.77783230548936,31.2418463694248],[34.77784068785265,31.24185420863321],[34.77818592569844,31.242177743964046],[34.7781930421526,31.242184418201326],[34.77821205840735,31.24220224966544],[34.77857349286075,31.242540959878777],[34.778853269036006,31.242803149084214],[34.77883530152514,31.242689723766354],[34.77884131516737,31.24233294913945],[34.77882112465271,31.24229229387959],[34.778805469467734,31.242248235408226],[34.778745795239175,31.241533180668014],[34.778744901688306,31.241522001301227],[34.78062456140291,31.240286287281442],[34.780640099227014,31.240190276540392],[34.78064517655477,31.240159005271156],[34.780363763084445,31.240159154420784]]]}},{"type":"Feature","properties":{"yishuv_stat":"9000_712","stat_area":712,"index_popu":2502.0,"index_value":-0.18,"rank_2021":612.0,"cluster_2021":5.0,"socio_index":-0.18,"socio_cluster":5,"socio_rank":612},"geometry":{"type":"Polygon","coordinates":[[[34.780648835145435,31.240136099910593],[34.780651685890696,31.240111220322238],[34.780414680009315,31.239638651388077],[34.780448034329375,31.239315790794386],[34.78046258610821,31.23913572371876],[34.78046359432623,31.239122207478005],[34.78052804976519,31.23829726558498],[34.78054318183436,31.23810493807253],[34.78056266927862,31.23785445018216],[34.78065022765703,31.2377091702553],[34.78073041286988,31.237524631264314],[34.780797382784,31.237240305109708],[34.78078935900386,31.237206008058106],[34.780797334856885,31.23715741799802],[34.78084383006936,31.236876090831366],[34.78085142096378,31.236868367560458],[34.78081905943504,31.236791142596676],[34.78069075623844,31.236484979194916],[34.78065586483363,31.236401513680708],[34.78056633428635,31.236188008948993],[34.78065465446722,31.235991866689094],[34.78069673597294,31.235898652663984],[34.78084441027364,31.235570577472913],[34.78084770248928,31.235562923918497],[34.78123971063965,31.235453099649707],[34.78138494748058,31.23541190942895],[34.78155117345074,31.235415798591358],[34.78157027550676,31.23542009765533],[34.78157528720019,31.23539282786494],[34.78159991031423,31.235258771024014],[34.781645145650536,31.235012589315193],[34.78163656429955,31.234999999353914],[34.78133510973009,31.234558005563528],[34.78130736628298,31.23456548579139],[34.780869977312896,31.2346632556873],[34.780832881938935,31.2346727830034],[34.78068808214538,31.234709380642045],[34.78056019364231,31.234741790387197],[34.779925296897495,31.234855223224205],[34.77986964930281,31.234859555371905],[34.77929024991755,31.23490552620649],[34.77905099138622,31.234916011576896],[34.7787704115082,31.23492076251239],[34.77857270820247,31.23490937531263],[34.77836805546116,31.234890946153108],[34.77822857203874,31.234878389413755],[34.777600532751244,31.23476961014253],[34.77715734941895,31.234708518890983],[34.77686409442645,31.234683282081985],[34.776796740217435,31.234674584728413],[34.776774197497346,31.234671530772516],[34.77677693786539,31.234689754778895],[34.77677763224648,31.234700579959995],[34.77679058132114,31.234901748055336],[34.77683446146869,31.235203498527504],[34.77685054858404,31.2352779872133],[34.776881242305095,31.235420104267874],[34.776994499249184,31.235908051067373],[34.77701539632362,31.235979915834278],[34.77707978869355,31.236201453911807],[34.777091481501735,31.236235318744594],[34.777171460759156,31.236470075486015],[34.77722645462204,31.23657464566025],[34.777226725229504,31.236575157037848],[34.777237968673404,31.236596471246372],[34.77724234789298,31.23660415018864],[34.77732024390601,31.236738886678054],[34.77744368514177,31.23701888737333],[34.77744737300683,31.23702649276226],[34.777508668676234,31.237152980200577],[34.77778808828321,31.237729557827294],[34.7778174709153,31.23779017407509],[34.77784186401461,31.237833854014927],[34.778063730891496,31.23823121993587],[34.77808268438261,31.23826518540615],[34.77809642983947,31.23828994589548],[34.77819138997034,31.238484715127868],[34.77823238331119,31.238660176022286],[34.77824024523371,31.238689662822512],[34.77824754874269,31.23871704362595],[34.77825207541808,31.23873400362884],[34.77828914240579,31.23887339330524],[34.778326758607776,31.239055085057576],[34.77836069804464,31.23936632513413],[34.778366781499614,31.239422098378597],[34.77835340627685,31.23961930799275],[34.7783273136055,31.239794639428467],[34.77830443832003,31.239864458588112],[34.77829973776281,31.23988248111887],[34.77832071653777,31.23988580290723],[34.77833392717148,31.239887828167834],[34.77890426946125,31.23997178472774],[34.779286595839686,31.240035648764895],[34.77968733438178,31.24009009796811],[34.779715971365285,31.24009397875221],[34.779965644621385,31.24012754319747],[34.78019532148127,31.240150309418073],[34.780363763084445,31.240159154420784],[34.78064517655477,31.240159005271156],[34.780648835145435,31.240136099910593]]]}},{"type":"Feature","properties":{"yishuv_stat":"9000_713","stat_area":713,"index_popu":6616.0,"index_value":-0.131,"rank_2021":648.0,"cluster_2021":5.0,"socio_index":-0.131,"socio_cluster":5,"socio_rank":648},"geometry":{"type":"Polygon","coordinates":[[[34.777171460759156,31.236470075486015],[34.777091481501735,31.236235318744594],[34.77707978869355,31.236201453911807],[34.77701539632362,31.235979915834278],[34.776994499249184,31.235908051067373],[34.776881242305095,31.235420104267874],[34.77685054858404,31.2352779872133],[34.77683446146869,31.235203498527504],[34.77679058132114,31.234901748055336],[34.77677763224648,31.234700579959995],[34.77677693786539,31.234689754778895],[34.776774197497346,31.234671530772516],[34.77675473348838,31.23466937452645],[34.77660340400606,31.234649946498063],[34.77658610042113,31.234647727064864],[34.7763858379784,31.23462189388962],[34.77596961587682,31.23454077487987],[34.77593007873045,31.23453307074941],[34.77565925220882,31.234491042086493],[34.77542960354342,31.23446601405921],[34.77523490986967,31.234416306182],[34.77500553612591,31.23437720407383],[34.77477302543318,31.234357315202395],[34.774565154604176,31.2343539166469],[34.77455032346942,31.234353676770716],[34.774527440987704,31.234353600281203],[34.77429442579858,31.23437537330447],[34.77404340166863,31.234405350703554],[34.77402337660913,31.234407742282265],[34.77379028219112,31.234448088876672],[34.77355541415077,31.234511470093732],[34.77317728317342,31.234613518677783],[34.772803949546116,31.234722656793483],[34.772455791626705,31.23483936871174],[34.77208859148485,31.234983522887624],[34.77167970648789,31.235158020153985],[34.77134101245623,31.235315877849526],[34.77116427795919,31.23541648627958],[34.7710153014209,31.235501300046806],[34.77073054392814,31.235681882810177],[34.77053871791354,31.235856581515034],[34.770411132646025,31.23596577850381],[34.77040299444294,31.23597274170716],[34.770434779620665,31.236000535671675],[34.770469786291514,31.23603105794032],[34.770582803772264,31.236130640747994],[34.77111609417683,31.23655389826388],[34.77112956689166,31.236564599671695],[34.77159770888845,31.2369361260421],[34.77213309280185,31.23733935957725],[34.77216634695257,31.237365179271137],[34.772629857098124,31.237725242939625],[34.77264155514737,31.237734334642397],[34.77308638473762,31.238079872790543],[34.77309799487604,31.23808892627689],[34.77311454157491,31.238100986135773],[34.77367711098469,31.238510990247114],[34.77367953607189,31.238512763399005],[34.77376076173126,31.23857195872778],[34.77417056034658,31.23885955465449],[34.77424703221122,31.23878749663078],[34.774614904125634,31.23847386345735],[34.77491768683523,31.238252616762974],[34.775155342946164,31.238133020370753],[34.77542533075152,31.23801353229927],[34.77597587314418,31.237820891669273],[34.776094595630155,31.237784243201432],[34.775859867729395,31.237255600177583],[34.77566771034902,31.236847487709706],[34.77672483362399,31.236647271908485],[34.77722645462204,31.23657464566025],[34.777171460759156,31.236470075486015]]]}},{"type":"Feature","properties":{"yishuv_stat":"9000_714","stat_area":714,"index_popu":6611.0,"index_value":0.207,"rank_2021":864.0,"cluster_2021":6.0,"socio_index":0.207,"socio_cluster":6,"socio_rank":864},"geometry":{"type":"Polygon","coordinates":[[[34.77309799487604,31.23808892627689],[34.77308638473762,31.238079872790543],[34.77264155514737,31.237734334642397],[34.772629857098124,31.237725242939625],[34.77216634695257,31.237365179271137],[34.77213309280185,31.23733935957725],[34.77159770888845,31.2369361260421],[34.77112956689166,31.236564599671695],[34.77111609417683,31.23655389826388],[34.770582803772264,31.236130640747994],[34.770469786291514,31.23603105794032],[34.770434779620665,31.236000535671675],[34.77040299444294,31.23597274170716],[34.7703994926184,31.23597922000035],[34.770397533214854,31.235982833635905],[34.770355993033554,31.236059432056923],[34.77023135239627,31.236184736008408],[34.77009062223859,31.236293572619903],[34.76984101690858,31.23652334836498],[34.76980643863948,31.23655356438843],[34.769693893352155,31.236651920063448],[34.76951452205204,31.236857030053653],[34.769289928157335,31.23703160068069],[34.76904217583932,31.237362305191123],[34.76899287141157,31.237446527719896],[34.76890206573361,31.237601640124264],[34.76874614899845,31.237867992022355],[34.76859877457288,31.23812817567684],[34.76852529466582,31.238257858672863],[34.76841842889966,31.238559634566723],[34.7683885766042,31.238645274749217],[34.768385864210394,31.238653055305345],[34.76838308092959,31.23866781365998],[34.76838123846227,31.238677476735774],[34.768372099371355,31.238725155617608],[34.7682778797949,31.239038878492067],[34.76823817254427,31.239259151333304],[34.76819967205157,31.239472610748546],[34.76817830722697,31.23962489615499],[34.76816831568445,31.239696082977424],[34.76814909701021,31.2398342824896],[34.768129965535884,31.23998752696527],[34.768111064149736,31.24013911361194],[34.768098962700094,31.240236091347175],[34.76803926064842,31.240642554887245],[34.768036183113736,31.240663527255737],[34.76803242530692,31.24068908169696],[34.76798338870331,31.2411962158916],[34.7679870030994,31.241300950106545],[34.76800188977354,31.241302811656873],[34.76801353693817,31.241304018251085],[34.7685128500192,31.241356940075672],[34.768553983597194,31.24136104699057],[34.768841985818774,31.24139187775225],[34.76926913073464,31.241433366736487],[34.7704519424801,31.24154784740858],[34.77079638414844,31.24158283084228],[34.77111860044235,31.2416155747929],[34.771158575808734,31.24161958768416],[34.771186908751,31.24162202809957],[34.77123996503404,31.241626608142184],[34.77132689550867,31.240931241060203],[34.77140399738401,31.24027869565496],[34.77183368669915,31.239515882925122],[34.772150446485796,31.239134818157765],[34.77311454157491,31.238100986135773],[34.77309799487604,31.23808892627689]]]}},{"type":"Feature","properties":{"yishuv_stat":"9000_715","stat_area":715,"index_popu":6611.0,"index_value":0.207,"rank_2021":864.0,"cluster_2021":6.0,"socio_index":0.207,"socio_cluster":6,"socio_rank":864},"geometry":{"type":"Polygon","coordinates":[[[34.77857349286075,31.242540959878777],[34.77821205840735,31.24220224966544],[34.7781930421526,31.242184418201326],[34.77818592569844,31.242177743964046],[34.77784068785265,31.24185420863321],[34.77783230548936,31.2418463694248],[34.77730656410363,31.241355834920583],[34.77729721276788,31.241347104082113],[34.77720457482439,31.241275218440222],[34.77676623277602,31.24093505809802],[34.77670358317498,31.24088650219702],[34.77663812345474,31.240835883278898],[34.77655173234253,31.240769086655213],[34.77650608074036,31.240733782990944],[34.7764867340294,31.240718838074528],[34.77605836932269,31.240387948541226],[34.77602919523149,31.240365400226075],[34.775621792689144,31.24005056714485],[34.775135561157654,31.239674803882345],[34.775101669872896,31.239648622066966],[34.774693595666605,31.239325842527155],[34.774649340157815,31.239290839596002],[34.77457849192397,31.23923479289434],[34.77425707215681,31.238936721584974],[34.77421516562237,31.23889581437288],[34.774183792427614,31.23886883984786],[34.77417056034658,31.23885955465449],[34.77376076173126,31.23857195872778],[34.77367953607189,31.238512763399005],[34.77367711098469,31.238510990247114],[34.77311454157491,31.238100986135773],[34.772150446485796,31.239134818157765],[34.77183368669915,31.239515882925122],[34.77140399738401,31.24027869565496],[34.77132689550867,31.240931241060203],[34.77123996503404,31.241626608142184],[34.77164795841244,31.241661828628747],[34.77280634708409,31.241769433966276],[34.773291510885194,31.241818959028528],[34.77333976563613,31.241823626727616],[34.773569301221215,31.241851454987298],[34.77358841110285,31.24185377017192],[34.77380852659345,31.241880481450753],[34.77383454584589,31.241883911041977],[34.77386832079879,31.241888625656376],[34.77408714877661,31.241919204025365],[34.77414179683733,31.24192885510061],[34.77416276635357,31.241932896355372],[34.7741837446388,31.241936392885535],[34.77421401872361,31.241941831649957],[34.7746474450895,31.24201965704305],[34.77498205091633,31.242096001955076],[34.77516693846911,31.242138184485526],[34.775649220055655,31.2422675953078],[34.776114338806316,31.242408942493707],[34.776274184589695,31.24246250683979],[34.776285591054545,31.242466166869477],[34.776437999527964,31.242516535151278],[34.77702391045296,31.24271194168399],[34.77710356106936,31.24273798916452],[34.77726202813135,31.242789801616283],[34.7777049222127,31.242934604698725],[34.777967799021404,31.243020556210496],[34.77812480982675,31.24307100991481],[34.77864661842269,31.24323871729796],[34.77881799152559,31.24329565370872],[34.778856774274736,31.243308593631923],[34.77886724717344,31.243312145722495],[34.778931825907,31.243333729170317],[34.77895530245473,31.2433415677459],[34.7791790726885,31.24341635077193],[34.77919322147104,31.24342090077481],[34.779225087072014,31.24343210499419],[34.779363642151054,31.24348063552924],[34.779505559042505,31.243529534179363],[34.7796422407537,31.243573819271138],[34.77934207395444,31.24326112895427],[34.778879084471896,31.24282732079664],[34.778853269036006,31.242803149084214],[34.77857349286075,31.242540959878777]]]}},{"type":"Feature","properties":{"yishuv_stat":"9000_721","stat_area":721,"index_popu":7559.0,"index_value":0.208,"rank_2021":868.0,"cluster_2021":6.0,"socio_index":0.208,"socio_cluster":6,"socio_rank":868},"geometry":{"type":"Polygon","coordinates":[[[34.76798338870331,31.2411962158916],[34.76803242530692,31.24068908169696],[34.768036183113736,31.240663527255737],[34.76803926064842,31.240642554887245],[34.768098962700094,31.240236091347175],[34.768111064149736,31.24013911361194],[34.768129965535884,31.23998752696527],[34.76814909701021,31.2398342824896],[34.76816831568445,31.239696082977424],[34.76817830722697,31.23962489615499],[34.76819967205157,31.239472610748546],[34.76823817254427,31.239259151333304],[34.7682778797949,31.239038878492067],[34.768372099371355,31.238725155617608],[34.76838123846227,31.238677476735774],[34.76838308092959,31.23866781365998],[34.768385864210394,31.238653055305345],[34.7683885766042,31.238645274749217],[34.76819410502075,31.23857360730558],[34.76754566748171,31.238203224905426],[34.767000782915396,31.237807801095478],[34.766736810926076,31.237375241236247],[34.765818208949,31.237918034512685],[34.76537805336791,31.237243649159478],[34.76462291490295,31.237583860322573],[34.76393034982398,31.23717522048328],[34.763396251792166,31.23764313892105],[34.762924023711335,31.237514558272835],[34.76189198527686,31.237028566681285],[34.7616555802391,31.23702775293926],[34.761448839840384,31.237001650526516],[34.76110870961668,31.237063957203617],[34.760725201091624,31.236922979105728],[34.76025268333686,31.236857870949322],[34.75982366095624,31.236970649813117],[34.759587371940185,31.236944442248554],[34.759277030266574,31.236956062664085],[34.758883550772616,31.237234140038492],[34.75895,31.23799],[34.75898,31.23826],[34.75918,31.2402],[34.75895680569825,31.24130626740867],[34.75896313566124,31.241305449524628],[34.75912278878432,31.24128481046811],[34.7595885799363,31.241230594810848],[34.759989698419446,31.241179581187154],[34.76001070003735,31.24117794286087],[34.76003171259795,31.24117576072075],[34.76005155329323,31.241174112964252],[34.760072549647916,31.241172477315363],[34.76009355086617,31.241170923753163],[34.760163286128844,31.24116493795658],[34.76088392270893,31.2410704718888],[34.761325703801106,31.241033671260986],[34.76159774841688,31.241019905564706],[34.762203483069875,31.24102883921008],[34.762301202100474,31.24103025751967],[34.76287284760696,31.24104740710071],[34.7630208844856,31.241051850361252],[34.763041869255794,31.241052464438543],[34.76306296488138,31.24105316727951],[34.76332073471534,31.24106081877255],[34.76334172055653,31.241061429196982],[34.76336271206127,31.241061950348886],[34.76348026965303,31.24106533972833],[34.763754084618135,31.241075382207026],[34.76408846746189,31.24108761842128],[34.76427200342353,31.241092900617925],[34.76444415694036,31.241097860408622],[34.76446514764224,31.241098558151116],[34.76448614606421,31.24109917564711],[34.76466739865852,31.241104301555087],[34.764855674913605,31.241109628892954],[34.765044087614235,31.2411149645386],[34.765658276730186,31.24113248701023],[34.76601512240419,31.24114497885014],[34.76646364950775,31.241169596040955],[34.76649167232106,31.241171853346877],[34.76739042437984,31.241245545559465],[34.767554294998355,31.241258987917536],[34.767575280763836,31.241260771930822],[34.76759624023184,31.24126986759178],[34.76771389573989,31.24127260406372],[34.76795992531577,31.241298154289225],[34.7679870030994,31.241300950106545],[34.76798338870331,31.2411962158916]]]}},{"type":"Feature","properties":{"yishuv_stat":"9000_722","stat_area":722,"index_popu":7559.0,"index_value":0.208,"rank_2021":868.0,"cluster_2021":6.0,"socio_index":0.208,"socio_cluster":6,"socio_rank":868},"geometry":{"type":"Polygon","coordinates":[[[34.76999452136223,31.235641072962288],[34.76974326355319,31.235451910576643],[34.76949184822334,31.235253817401013],[34.76929804226164,31.23512572164776],[34.76918345338236,31.235049842586694],[34.76905474356754,31.2349754362322],[34.7690108248731,31.234950051323533],[34.768823759776836,31.23484118826753],[34.76852124961345,31.234684128183556],[34.76828861422576,31.234573853526836],[34.76823808311793,31.234554446307545],[34.768136269705515,31.234515344258977],[34.76810106774971,31.234502250017787],[34.76773748771422,31.234386016684724],[34.76745002943933,31.23429071988883],[34.76688701801397,31.234104075541772],[34.76684436523247,31.234088682806217],[34.76682341208797,31.234081306075836],[34.76681594927517,31.234078349488943],[34.76643288980663,31.233919258892556],[34.76592108499334,31.233706694391493],[34.76568320432407,31.23360789734895],[34.765081357611514,31.233452303225974],[34.76504067578085,31.23344774670879],[34.763391021028575,31.233262951860976],[34.76334215981438,31.233257478380207],[34.763211408678615,31.233242831176536],[34.76147853323664,31.233203030465276],[34.76078965703381,31.233116042836357],[34.75993265231666,31.232896879854252],[34.759914386498565,31.232892208605172],[34.75989,31.23298],[34.75986,31.2331],[34.75986,31.23312],[34.75986,31.23314],[34.75981,31.23329],[34.75975,31.23349],[34.75971,31.23366],[34.75966,31.23383],[34.7596,31.23405],[34.75951,31.23428],[34.75946,31.23442],[34.7594,31.2346],[34.75939,31.23469],[34.75936,31.2348],[34.75931,31.23495],[34.75928,31.23503],[34.75926,31.23513],[34.75926,31.23514],[34.75926,31.23516],[34.75921,31.23528],[34.75914,31.23548],[34.75909,31.2356],[34.75902,31.23582],[34.75896,31.23601],[34.75891,31.23617],[34.75888,31.23629],[34.75885,31.23639],[34.75885,31.23646],[34.75884,31.23648],[34.75884,31.2365],[34.75882,31.23658],[34.75887,31.23708],[34.758883550772616,31.237234140038492],[34.759277030266574,31.236956062664085],[34.759587371940185,31.236944442248554],[34.75982366095624,31.236970649813117],[34.76025268333686,31.236857870949322],[34.760725201091624,31.236922979105728],[34.76110870961668,31.237063957203617],[34.761448839840384,31.237001650526516],[34.7616555802391,31.23702775293926],[34.76189198527686,31.237028566681285],[34.762924023711335,31.237514558272835],[34.763396251792166,31.23764313892105],[34.76393034982398,31.23717522048328],[34.76462291490295,31.237583860322573],[34.76537805336791,31.237243649159478],[34.765818208949,31.237918034512685],[34.766736810926076,31.237375241236247],[34.767000782915396,31.237807801095478],[34.76754566748171,31.238203224905426],[34.76819410502075,31.23857360730558],[34.7683885766042,31.238645274749217],[34.76841842889966,31.238559634566723],[34.76852529466582,31.238257858672863],[34.76859877457288,31.23812817567684],[34.76874614899845,31.237867992022355],[34.76890206573361,31.237601640124264],[34.76899287141157,31.237446527719896],[34.76904217583932,31.237362305191123],[34.769289928157335,31.23703160068069],[34.76951452205204,31.236857030053653],[34.769693893352155,31.236651920063448],[34.76980643863948,31.23655356438843],[34.76984101690858,31.23652334836498],[34.77009062223859,31.236293572619903],[34.77023135239627,31.236184736008408],[34.770355993033554,31.236059432056923],[34.770397533214854,31.235982833635905],[34.7703994926184,31.23597922000035],[34.77040299444294,31.23597274170716],[34.76999452136223,31.235641072962288]]]}},{"type":"Feature","properties":{"yishuv_stat":"9000_723","stat_area":723,"index_popu":9278.0,"index_value":0.662,"rank_2021":1083.0,"cluster_2021":7.0,"socio_index":0.662,"socio_cluster":7,"socio_rank":1083},"geometry":{"type":"Polygon","coordinates":[[[34.77401448852349,31.234289619682905],[34.773966600940796,31.23406957925004],[34.77396202029409,31.23404853327516],[34.773921354991494,31.233918632730738],[34.77386836872002,31.233790733739852],[34.77386176232767,31.23377478486463],[34.773824934517386,31.2336858860547],[34.77372833090679,31.233492924467143],[34.77360978682887,31.233304079563066],[34.773466843190434,31.23312142734732],[34.77327525321602,31.232917670538633],[34.773074589453984,31.232757524440856],[34.772729196335334,31.232530011456237],[34.77233916757089,31.232341001482506],[34.771567504028546,31.232037381032384],[34.771280753461724,31.23191326303299],[34.77126913742361,31.231908236370145],[34.771041886542,31.23182263479873],[34.77063204306341,31.231680147163342],[34.77006380970051,31.231493005748984],[34.769742226916776,31.23142276650734],[34.76946652882516,31.23137490551985],[34.769282681611756,31.231354530075265],[34.76916025703882,31.231347533694873],[34.7691137272835,31.23134487612965],[34.768914877999876,31.231333520752237],[34.76868362297466,31.23134726896393],[34.76795017697516,31.231443951885492],[34.76722939657057,31.231623036618778],[34.76589268051508,31.232117516444973],[34.76533480114836,31.23260904828168],[34.765191712151015,31.232950509072115],[34.76504067578085,31.23344774670879],[34.765081357611514,31.233452303225974],[34.76568320432407,31.23360789734895],[34.76592108499334,31.233706694391493],[34.76643288980663,31.233919258892556],[34.76681594927517,31.234078349488943],[34.76682341208797,31.234081306075836],[34.76684436523247,31.234088682806217],[34.76688701801397,31.234104075541772],[34.76745002943933,31.23429071988883],[34.76773748771422,31.234386016684724],[34.76810106774971,31.234502250017787],[34.768136269705515,31.234515344258977],[34.76823808311793,31.234554446307545],[34.76828861422576,31.234573853526836],[34.76852124961345,31.234684128183556],[34.768823759776836,31.23484118826753],[34.7690108248731,31.234950051323533],[34.76905474356754,31.2349754362322],[34.76918345338236,31.235049842586694],[34.76929804226164,31.23512572164776],[34.76949184822334,31.235253817401013],[34.76974326355319,31.235451910576643],[34.76999452136223,31.235641072962288],[34.77040299444294,31.23597274170716],[34.770411132646025,31.23596577850381],[34.77053871791354,31.235856581515034],[34.77073054392814,31.235681882810177],[34.7710153014209,31.235501300046806],[34.77116427795919,31.23541648627958],[34.77134101245623,31.235315877849526],[34.77167970648789,31.235158020153985],[34.77208859148485,31.234983522887624],[34.772455791626705,31.23483936871174],[34.772803949546116,31.234722656793483],[34.77317728317342,31.234613518677783],[34.77355541415077,31.234511470093732],[34.77379028219112,31.234448088876672],[34.77402337660913,31.234407742282265],[34.77404340166863,31.234405350703554],[34.77401448852349,31.234289619682905]]]}},{"type":"Feature","properties":{"yishuv_stat":"9000_724","stat_area":724,"index_popu":9278.0,"index_value":0.662,"rank_2021":1083.0,"cluster_2021":7.0,"socio_index":0.662,"socio_cluster":7,"socio_rank":1083},"geometry":{"type":"MultiPolygon","coordinates":[[[[34.773145168594375,31.22850947998974],[34.77288730055606,31.22808190856662],[34.77238587894838,31.227250491771386],[34.77224628223316,31.227019138251197],[34.772000255036716,31.22658711238529],[34.7705610115664,31.224059816718626],[34.77049209371014,31.223916171982744],[34.77025891732103,31.223430517132904],[34.769560410286225,31.221975280519995],[34.7693994237392,31.2208798409052],[34.76554,31.22085],[34.76022,31.23194],[34.76021,31.23196],[34.7602,31.23201],[34.76015,31.23213],[34.76009,31.23228],[34.76005,31.23244],[34.76001,31.23258],[34.75996,31.23272],[34.75996,31.23274],[34.75996,31.23275],[34.75994,31.2328],[34.759914386498565,31.232892208605172],[34.75993265231666,31.232896879854252],[34.76078965703381,31.233116042836357],[34.76147853323664,31.233203030465276],[34.763211408678615,31.233242831176536],[34.76334215981438,31.233257478380207],[34.763391021028575,31.233262951860976],[34.76504067578085,31.23344774670879],[34.765191712151015,31.232950509072115],[34.76533480114836,31.23260904828168],[34.76589268051508,31.232117516444973],[34.76722939657057,31.231623036618778],[34.76795017697516,31.231443951885492],[34.76868362297466,31.23134726896393],[34.768914877999876,31.231333520752237],[34.7691137272835,31.23134487612965],[34.76916025703882,31.231347533694873],[34.769282681611756,31.231354530075265],[34.76946652882516,31.23137490551985],[34.769742226916776,31.23142276650734],[34.77006380970051,31.231493005748984],[34.77063204306341,31.231680147163342],[34.771041886542,31.23182263479873],[34.77126913742361,31.231908236370145],[34.771280753461724,31.23191326303299],[34.771567504028546,31.232037381032384],[34.77233916757089,31.232341001482506],[34.772729196335334,31.232530011456237],[34.773074589453984,31.232757524440856],[34.77327525321602,31.232917670538633],[34.773466843190434,31.23312142734732],[34.77360978682887,31.233304079563066],[34.77372833090679,31.233492924467143],[34.773824934517386,31.2336858860547],[34.77386176232767,31.23377478486463],[34.77386836872002,31.233790733739852],[34.773921354991494,31.233918632730738],[34.77396202029409,31.23404853327516],[34.773966600940796,31.23406957925004],[34.77401448852349,31.234289619682905],[34.77404340166863,31.234405350703554],[34.77429442579858,31.23437537330447],[34.774527440987704,31.234353600281203],[34.77455032346942,31.234353676770716],[34.774565154604176,31.2343539166469],[34.77477302543318,31.234357315202395],[34.77500553612591,31.23437720407383],[34.77523490986967,31.234416306182],[34.77542960354342,31.23446601405921],[34.77565925220882,31.234491042086493],[34.77593007873045,31.23453307074941],[34.77596961587682,31.23454077487987],[34.7763858379784,31.23462189388962],[34.77658610042113,31.234647727064864],[34.77660340400606,31.234649946498063],[34.77675473348838,31.23466937452645],[34.776774197497346,31.234671530772516],[34.776765221423936,31.23465887243571],[34.77692370979779,31.233392697503167],[34.77600373608704,31.23303164250617],[34.7757362060339,31.23282695178811],[34.77530828123338,31.2325002422764],[34.774943543457844,31.231945560980208],[34.7747932137336,31.231454712257147],[34.77419627172851,31.229777762865925],[34.77372308158191,31.228972356692278],[34.773269684605175,31.228609219025806],[34.77316043969838,31.22852172317016],[34.773145168594375,31.22850947998974]]],[[[34.77554195925529,31.220231320625306],[34.775571104241564,31.220259141145455],[34.77584,31.22005],[34.77581197493122,31.220023686385804],[34.77554195925529,31.220231320625306]]],[[[34.781319178669385,31.22218389636241],[34.78132430030066,31.222211673936872],[34.78134185126318,31.222215553789535],[34.78134,31.22221],[34.78111,31.22098],[34.78111,31.22095],[34.781091016898074,31.22095],[34.781319178669385,31.22218389636241]]],[[[34.812541365708896,31.21186156939925],[34.81253202237145,31.211990518732158],[34.81255230602981,31.211990021612475],[34.81256,31.21189],[34.81257,31.21182],[34.81257,31.2118],[34.8125458085032,31.211799730206355],[34.812541365708896,31.21186156939925]]]]}},{"type":"Feature","properties":{"yishuv_stat":"9000_725","stat_area":725,"index_popu":9278.0,"index_value":0.662,"rank_2021":1083.0,"cluster_2021":7.0,"socio_index":0.662,"socio_cluster":7,"socio_rank":1083},"geometry":{"type":"Polygon","coordinates":[[[34.75214579191322,31.26147371867751],[34.75244134001422,31.261364997812723],[34.75276859138919,31.261234103494445],[34.753146226309646,31.26108490167146],[34.753156738330986,31.26108043538478],[34.75316737171658,31.261076499841113],[34.7534523434536,31.260961430702405],[34.75379085160419,31.260825618204127],[34.75401965170619,31.260732171453267],[34.754104535430756,31.26069937179018],[34.75411484437982,31.260694979570733],[34.75414415628293,31.260668569066716],[34.75438722817771,31.260576888867636],[34.75456635866504,31.26050653086376],[34.7546354729388,31.260477812677895],[34.75477233801196,31.260420938719825],[34.75498074347274,31.260332657138758],[34.75516603563862,31.260247084919385],[34.755316364518,31.260161290167343],[34.75536351699533,31.260136208882088],[34.755375529216586,31.26014968737069],[34.75550501595853,31.26007744821364],[34.755614859373075,31.2600073012963],[34.755768141538894,31.25989627751314],[34.755953032590746,31.25976108734777],[34.756172809309675,31.259598331096203],[34.75637766788337,31.259437887248822],[34.75654554472387,31.259304900678785],[34.75671298403861,31.259176871014276],[34.75688938984574,31.259038871158165],[34.75707116437466,31.258895733566728],[34.757148814343815,31.258832747105707],[34.75729669855679,31.258712795494993],[34.75751351025971,31.258534797974022],[34.75769724412039,31.258377603836113],[34.75779332335065,31.258286660739262],[34.75794460842837,31.258108518659906],[34.75814860497672,31.257839197658573],[34.75852356716892,31.257336606322966],[34.75882328951541,31.256915380579038],[34.75883301069262,31.256901880335768],[34.75883832269731,31.256894800780533],[34.75704628423745,31.25481043675666],[34.75654674205752,31.254317461951718],[34.75631303538663,31.25386493254411],[34.756189091535994,31.253624938999206],[34.756010888222036,31.25316270324148],[34.75577022071421,31.2526496858901],[34.75560183818434,31.25199477971959],[34.75558675443061,31.251912438386245],[34.75557640999762,31.25185597204097],[34.75548456436823,31.251354598541678],[34.75548321955244,31.251303787874743],[34.75547865459749,31.251131175599323],[34.7520659010392,31.261511634339087],[34.75214579191322,31.26147371867751]]]}},{"type":"Feature","properties":{"yishuv_stat":"9000_811","stat_area":811,"index_popu":2745.0,"index_value":0.59,"rank_2021":1058.0,"cluster_2021":7.0,"socio_index":0.59,"socio_cluster":7,"socio_rank":1058},"geometry":{"type":"Polygon","coordinates":[[[34.80250054566072,31.27729860097901],[34.802503220095,31.27708837160975],[34.802542109403554,31.276931831148257],[34.80256584992774,31.27678049146373],[34.80257383869578,31.276729544580366],[34.80257418027773,31.27672798716271],[34.80260874517046,31.276572901443718],[34.8027031436434,31.276300464251097],[34.80272985891336,31.276240750785288],[34.802757953716394,31.276178865336554],[34.80278836560359,31.276111874242506],[34.80289530670927,31.275927856130853],[34.80300586456173,31.275758556530686],[34.80312956113993,31.275625850129344],[34.803144164801026,31.275610179192473],[34.80331934809687,31.275452253849668],[34.80344982035631,31.275340562746077],[34.803554382818724,31.275246725003406],[34.80375531594752,31.275112606602722],[34.80442317514923,31.274686915066898],[34.80445414328844,31.27466265559336],[34.80453456437167,31.27459112349328],[34.80459896891298,31.27453396472722],[34.80460433369696,31.274530732767317],[34.80485488554364,31.274380986399308],[34.80532941950371,31.274054976720794],[34.80547895452159,31.27395226612585],[34.805807105597125,31.273726727492917],[34.80600167360404,31.27357851068568],[34.80613343743429,31.273457703469123],[34.80619412134911,31.273385197310812],[34.806209315010584,31.273367104432694],[34.80622408672788,31.27334921768281],[34.8064169936834,31.27309557263723],[34.80673930902948,31.272708218539094],[34.80681171913823,31.272621392782217],[34.80682184629332,31.27260925745194],[34.807063596754425,31.27229884253236],[34.80743011021201,31.27181294793083],[34.80752661819353,31.271635122979472],[34.80756388585961,31.271511759499415],[34.80759223727561,31.27138169529836],[34.807593969392855,31.271373772021683],[34.80759664083297,31.271261588106686],[34.80759141137804,31.271082272833336],[34.80756577993845,31.27093229297335],[34.80752060547738,31.270793595981747],[34.80749062085846,31.270701546291868],[34.80747147755587,31.270659721861158],[34.807373624663015,31.270445544211064],[34.807255370350795,31.27018672870224],[34.8070214334383,31.26963993775529],[34.80679171140735,31.26910301267865],[34.80679050254097,31.269100331189268],[34.80649605796354,31.268444248820714],[34.80641707487878,31.26822656268975],[34.80640472381675,31.268192520898868],[34.80672538550564,31.268094305101638],[34.80679012081876,31.268073325106702],[34.80582057876078,31.268338655133427],[34.805238933083366,31.26865937488182],[34.80455351960463,31.269302293156894],[34.80428056309043,31.269272123676338],[34.80295203205298,31.268622931722284],[34.8006140175359,31.27257386325417],[34.80037406497542,31.272807672127964],[34.798714412203275,31.27633378872655],[34.79878341830342,31.27636139009619],[34.79881914936816,31.276378400000517],[34.79901114436068,31.27646979214114],[34.799434686588015,31.27668172250278],[34.799624347987724,31.276776661670077],[34.7998331423086,31.27686697091102],[34.80003954921325,31.27694987129843],[34.80009274618307,31.276969282557655],[34.8004382845596,31.277095429644444],[34.80067950108826,31.27716725215137],[34.80068306342927,31.277168142697466],[34.80092873446435,31.277229448132776],[34.801186871556915,31.277297911826732],[34.80129263978038,31.277326044783678],[34.801514974028514,31.277385163636133],[34.80184627960521,31.27744232368641],[34.801921164144524,31.277455253425536],[34.802162391851105,31.27747692025887],[34.802440856190834,31.277482762922265],[34.80249786549848,31.277481943740955],[34.80250054566072,31.27729860097901]]]}},{"type":"Feature","properties":{"yishuv_stat":"9000_812","stat_area":812,"index_popu":5026.0,"index_value":0.668,"rank_2021":1087.0,"cluster_2021":7.0,"socio_index":0.668,"socio_cluster":7,"socio_rank":1087},"geometry":{"type":"Polygon","coordinates":[[[34.802523706524674,31.277481668310728],[34.8026605433068,31.27748065405677],[34.80294025576954,31.277464300138714],[34.80302565256592,31.27745924118532],[34.80324190371274,31.277437276957293],[34.803310774825974,31.277430279443347],[34.80341370085428,31.277405873242063],[34.80357356368519,31.27736796633816],[34.803931937465634,31.277297473651213],[34.803990034374884,31.27728600844569],[34.80429200258032,31.277226447694094],[34.80449415040343,31.27717827417662],[34.80456714923533,31.277155081662745],[34.804905918404145,31.2770474318374],[34.80525487051828,31.276919362124833],[34.80550136073395,31.276813522769974],[34.80556518038384,31.276783040881327],[34.80567851583536,31.276728912330878],[34.80573210688531,31.276703311277814],[34.8059519321142,31.276592963588623],[34.80611000502421,31.276501145805163],[34.806288875695735,31.27638558025081],[34.806437520095955,31.27628954351292],[34.80649216909524,31.276252456088464],[34.80659041373044,31.276186291012067],[34.80694714516685,31.275908345557447],[34.807146569815245,31.27572921047585],[34.8072317390715,31.275652723696336],[34.80736332605513,31.275524069974956],[34.80741374887397,31.275468392618006],[34.80772272767073,31.275107510032022],[34.80795231991598,31.274820148347082],[34.808197981955175,31.274512716146845],[34.80849647532645,31.274139176262715],[34.808575018518454,31.27404074561009],[34.8088204337239,31.273733866972563],[34.808873312860385,31.273667380967154],[34.809087744976416,31.273404133354852],[34.809647286884186,31.272717184194267],[34.80968854948433,31.272666525714445],[34.8097173589867,31.272630371249665],[34.80985859840782,31.272453115739623],[34.809913801671364,31.27238391989024],[34.81006517796264,31.272194177754198],[34.81030806705408,31.271862931604012],[34.81058212550397,31.271534037050362],[34.81074646952319,31.271300950488286],[34.81084942334454,31.27126500752087],[34.81196655607256,31.269920991722742],[34.81216737009085,31.269679342814488],[34.81236650706039,31.269439773661965],[34.81306301312119,31.268539003034086],[34.81316003402237,31.268413659702972],[34.81324224969835,31.268386046562664],[34.81330709397706,31.26831976822716],[34.81337955179226,31.268219606871902],[34.813390056387306,31.268142612686866],[34.81339108860728,31.268135211201585],[34.81339274972432,31.268123238980163],[34.813458767421565,31.26802721034502],[34.81409235960109,31.267207764590754],[34.814280682813845,31.26696419562064],[34.814340197926064,31.266887156187735],[34.81440966797249,31.266797320062242],[34.814729700756644,31.26638346204965],[34.81473352201903,31.26637851316569],[34.81478123882174,31.26631680888887],[34.8147839601262,31.266313289793583],[34.81482599461836,31.266258939531262],[34.814931716,31.266122138129052],[34.81489047121946,31.266101843867006],[34.808753340384136,31.26243939757263],[34.80854491197931,31.262537604477306],[34.80845546131236,31.26257966521984],[34.807469757697554,31.26304314637564],[34.807313750115256,31.263117076959073],[34.806682514762215,31.26341779868583],[34.806656843185365,31.263430158300228],[34.80663664721903,31.263439479205733],[34.80647643277589,31.263513034078805],[34.80638838648264,31.263554516888426],[34.80641050848919,31.26358588595313],[34.80709647623812,31.264658113104694],[34.80714058358047,31.264725892198662],[34.80714697556808,31.264735709332125],[34.80719129697119,31.264803787599895],[34.8072557606805,31.264903012193592],[34.80734067419337,31.265033697894488],[34.80756159763331,31.265386123425905],[34.80766325881527,31.265555003913637],[34.807832075852005,31.26583628741745],[34.807996904998774,31.266090951344584],[34.80810556790362,31.266268876609306],[34.8082462695184,31.26652012876697],[34.80841519583644,31.26684596222775],[34.80852597795436,31.267073493818803],[34.80869013314337,31.267450607944077],[34.808524128458096,31.267516509251116],[34.80827304203086,31.267601407367835],[34.8082550601093,31.267607126827727],[34.80803977641127,31.267674066111248],[34.80760394603119,31.267809582332376],[34.80679012081876,31.268073325106702],[34.80672538550564,31.268094305101638],[34.80640472381675,31.268192520898868],[34.80641707487878,31.26822656268975],[34.80649605796354,31.268444248820714],[34.80679050254097,31.269100331189268],[34.80679171140735,31.26910301267865],[34.8070214334383,31.26963993775529],[34.807255370350795,31.27018672870224],[34.807373624663015,31.270445544211064],[34.80747147755587,31.270659721861158],[34.80749062085846,31.270701546291868],[34.80752060547738,31.270793595981747],[34.80756577993845,31.27093229297335],[34.80759141137804,31.271082272833336],[34.80759664083297,31.271261588106686],[34.807593969392855,31.271373772021683],[34.80759223727561,31.27138169529836],[34.80756388585961,31.271511759499415],[34.80752661819353,31.271635122979472],[34.80743011021201,31.27181294793083],[34.807063596754425,31.27229884253236],[34.80682184629332,31.27260925745194],[34.80681171913823,31.272621392782217],[34.80673930902948,31.272708218539094],[34.8064169936834,31.27309557263723],[34.80622408672788,31.27334921768281],[34.806209315010584,31.273367104432694],[34.80619412134911,31.273385197310812],[34.80613343743429,31.273457703469123],[34.80600167360404,31.27357851068568],[34.805807105597125,31.273726727492917],[34.80547895452159,31.27395226612585],[34.80532941950371,31.274054976720794],[34.80485488554364,31.274380986399308],[34.80460433369696,31.274530732767317],[34.80459896891298,31.27453396472722],[34.80453456437167,31.27459112349328],[34.80445414328844,31.27466265559336],[34.80442317514923,31.274686915066898],[34.80375531594752,31.275112606602722],[34.803554382818724,31.275246725003406],[34.80344982035631,31.275340562746077],[34.80331934809687,31.275452253849668],[34.803144164801026,31.275610179192473],[34.80312956113993,31.275625850129344],[34.80300586456173,31.275758556530686],[34.80289530670927,31.275927856130853],[34.80278836560359,31.276111874242506],[34.802757953716394,31.276178865336554],[34.80272985891336,31.276240750785288],[34.8027031436434,31.276300464251097],[34.80260874517046,31.276572901443718],[34.80257418027773,31.27672798716271],[34.80257383869578,31.276729544580366],[34.80256584992774,31.27678049146373],[34.802542109403554,31.276931831148257],[34.802503220095,31.27708837160975],[34.80250054566072,31.27729860097901],[34.80249786549848,31.277481943740955],[34.80251193120714,31.277481792021163],[34.802523706524674,31.277481668310728]]]}},{"type":"Feature","properties":{"yishuv_stat":"9000_813","stat_area":813,"index_popu":5355.0,"index_value":0.6417045751633987,"rank_2021":1074.9581699346404,"cluster_2021":6.938562091503268,"socio_index":0.6417045751633987,"socio_cluster":7,"socio_rank":1075},"geometry":{"type":"Polygon","coordinates":[[[34.82967538651158,31.259520922642615],[34.829664338410936,31.259432148367623],[34.829748456526026,31.259480834002225],[34.82983257577412,31.25952952048706],[34.82991669511246,31.259578206015238],[34.83000081453749,31.2596268914887],[34.830084934045644,31.25967557780931],[34.83016905364402,31.25972426317329],[34.83020892626339,31.25974733995689],[34.830253174375436,31.259772949387486],[34.83033729414719,31.259821634642005],[34.830421414005635,31.259870319841774],[34.8305055339472,31.259919005888708],[34.830589653979025,31.259967690979007],[34.8306737740975,31.260016376014583],[34.830757894299126,31.260065061897294],[34.83084201458743,31.260113747725274],[34.83091825104566,31.26016006653948],[34.83099448862495,31.260206386213657],[34.83107072523258,31.260252704937905],[34.83114696296128,31.260299024522187],[34.83122319971834,31.260345343156544],[34.831299437596456,31.26039166265088],[34.83137567449938,31.260437982097184],[34.8314519125269,31.260484301501577],[34.83152815062913,31.260530620861026],[34.83159819016417,31.260581732057904],[34.8316682297748,31.26063284321679],[34.83173827050739,31.260683955242676],[34.831808310265686,31.260735067227532],[34.83187835114948,31.26078617917743],[34.83194839105898,31.260837291086347],[34.83201843209754,31.26088840205841],[34.83208847215825,31.260939513891373],[34.83216421360532,31.260992704854345],[34.83223995618032,31.26104589757977],[34.83229451111374,31.26105420514021],[34.83234906815677,31.26106251268365],[34.8324013462007,31.261046364762844],[34.83242915345993,31.261037776124734],[34.83245362527691,31.261030216823613],[34.832522922922706,31.2609754020177],[34.83257243989069,31.26090186502579],[34.832621957831364,31.260828328016363],[34.832671474641415,31.260754791885294],[34.83272099137427,31.26068125573368],[34.832770509083375,31.260607718662683],[34.832820025661846,31.260534182470032],[34.83286954216311,31.26046064625684],[34.83291905964066,31.260387109124288],[34.83296857598754,31.260313572870054],[34.83301809331068,31.26024003569643],[34.83306760950321,31.260166499401166],[34.833117125618536,31.260092963085356],[34.8331666427101,31.260019425850167],[34.83321615867105,31.259945889493324],[34.833265674554816,31.259872353115956],[34.83331519141481,31.259798815819202],[34.83336470714067,31.259725280302682],[34.83336447233694,31.25963580519654],[34.83336423647935,31.259546330988037],[34.83336400167118,31.25945685678132],[34.833363766862554,31.259367382573377],[34.833363532049944,31.259277909266086],[34.833363296190505,31.259188435052597],[34.8333630613805,31.259098960840923],[34.833362826570045,31.259009486628006],[34.83336259175911,31.258920012413846],[34.833362355897854,31.25883053819539],[34.833362121086,31.258741063978757],[34.83336188627371,31.258651589760863],[34.83336165146095,31.258562115541736],[34.83336141559784,31.25847264131832],[34.83336118078065,31.25838316799863],[34.83336094596651,31.258293693775776],[34.833360710102035,31.25820421954866],[34.83336047528698,31.258114745323315],[34.83336024047147,31.258025271096745],[34.8333600056555,31.25793579686892],[34.83335976978919,31.257846322636837],[34.83335953497231,31.257756848406533],[34.83335930015497,31.257667374175],[34.83335906533715,31.25757789994221],[34.83335882946549,31.25748842660706],[34.833358594646754,31.257398952371776],[34.83335835982757,31.25730947813529],[34.833358125007926,31.257220003897544],[34.83335789018781,31.25713052965856],[34.83335773069263,31.257069886381085],[34.83142,31.25706],[34.82977,31.25705],[34.82946,31.25704],[34.82945748312028,31.25701567016272],[34.829440380682605,31.257015558484696],[34.829431974128376,31.256928751703928],[34.82942356863857,31.25684194492462],[34.82941516316326,31.256755138143692],[34.829411837487,31.256720793796624],[34.8294067577025,31.25666833136121],[34.82939835120639,31.25658152457404],[34.82938994577469,31.256494717788325],[34.829381540357524,31.25640791100103],[34.82937313495488,31.256321104212148],[34.829364728516914,31.256234297418594],[34.82935632314334,31.256147490626503],[34.82934791778429,31.256060683832807],[34.829339512436206,31.255973877939407],[34.82933110710623,31.255887071142517],[34.82932270179078,31.25580026434404],[34.82931429648985,31.25571345754394],[34.82930589015361,31.25562665073922],[34.82929748488174,31.255539843935924],[34.82928907962442,31.25545303713104],[34.829280674381614,31.25536623032458],[34.82927226915334,31.2552794235165],[34.8292638639396,31.25519261670683],[34.8292554587404,31.255105809895575],[34.829247053552166,31.255019003984586],[34.8292374270329,31.254931228566456],[34.82922780157328,31.254843454953377],[34.82921817613419,31.254755680436634],[34.82920855071204,31.254667905918097],[34.829198925303245,31.254580132299708],[34.82918929991499,31.25449235777765],[34.82917967454366,31.25440458325378],[34.82917004918569,31.254316809630062],[34.82916042384826,31.254229035102657],[34.82915079852772,31.254141260573483],[34.829141173220606,31.254053486944414],[34.82913154793397,31.2539657124117],[34.829121922664285,31.253877937877203],[34.82911229740798,31.253790164242808],[34.829102672172176,31.253702389704763],[34.82909304695332,31.253614615164935],[34.82908342174782,31.25352684152523],[34.82907379656284,31.253439066981844],[34.82906417139479,31.253351292436676],[34.82905454624012,31.253263518791645],[34.82904492110596,31.253175744242945],[34.82903529598874,31.253087969692444],[34.82902567088844,31.2530001951402],[34.829016045801545,31.25291242148806],[34.82900642073513,31.252824646932233],[34.82899679568566,31.252736872374644],[34.82898717064957,31.25264909871716],[34.828977545633975,31.25256132415604],[34.828967920635336,31.25247354959313],[34.82895829565004,31.25238577593032],[34.828948670685264,31.25229800136384],[34.82893904573744,31.25221022679561],[34.82892942080297,31.252122453127477],[34.828919795889014,31.2520346785557],[34.828910170992,31.25194690398212],[34.82890054610835,31.25185913030866],[34.828890921245204,31.251771355731538],[34.828881296399004,31.251683581152648],[34.828871671566155,31.251595807473873],[34.82886204675383,31.251508032891426],[34.82885242195844,31.251420258307192],[34.828842797176414,31.251332484623084],[34.82883317241132,31.251244710937204],[34.828825857442844,31.25116272341353],[34.8288185435289,31.25108073769534],[34.82881122858059,31.25099875107083],[34.82880391364418,31.25091676444495],[34.82879659871963,31.250834777817737],[34.82878928380341,31.250752792091042],[34.828781968902625,31.25067080546109],[34.82877503599087,31.250593100393903],[34.82877465401373,31.250588818829762],[34.82876733913672,31.250506832197114],[34.828760024268,31.25042484646498],[34.828759088417556,31.250414359067612],[34.828752709414736,31.250342859829612],[34.828575134341676,31.250400074583123],[34.82773922791113,31.25066938707537],[34.826897982319956,31.25102138322818],[34.82617774524521,31.251404055586658],[34.82505731696238,31.25224960405383],[34.82414353402189,31.253103953179433],[34.82402851044635,31.253211491660302],[34.823457789961516,31.25379876785284],[34.82297751385978,31.254324211801134],[34.82297027314462,31.254380857951446],[34.822946939184945,31.254356326327194],[34.82291289640913,31.254392204127086],[34.82274387862758,31.254570373553484],[34.822198117507234,31.255157258976823],[34.821505766036815,31.255877250572976],[34.82128239505733,31.256104947476278],[34.82104621811077,31.256326839907786],[34.82087226406111,31.256478558121543],[34.82065421312138,31.25663121682472],[34.8203830705995,31.256804577623058],[34.82018998545898,31.256910516558236],[34.82015197679929,31.256937998540398],[34.81998129342421,31.257036158446],[34.81978215862429,31.25713080124654],[34.819750190324434,31.25714622016217],[34.81973385902286,31.257131832804905],[34.81971798786871,31.257161644682384],[34.81907044821892,31.25746977477411],[34.81686676149037,31.25852772692247],[34.816054179972504,31.258917819546216],[34.81478777540431,31.25953404123547],[34.81429813551212,31.259785089421012],[34.813680471710285,31.260065599659946],[34.8132062935917,31.260302616416904],[34.812803788023615,31.26049936239325],[34.812563640010666,31.260608399506555],[34.81116319131316,31.26128451827468],[34.81112290801726,31.26130296613381],[34.81110543910126,31.261311392385434],[34.8110843949648,31.261320886371806],[34.81095658703115,31.261380294163153],[34.810414410884434,31.261631171061893],[34.80957970837266,31.262037791896468],[34.809632958794886,31.26211851080867],[34.80916748031825,31.262340850794146],[34.80911337133334,31.2622649163586],[34.809095587152655,31.26227357766312],[34.80880791200202,31.262413683609015],[34.808753340384136,31.26243939757263],[34.81489047121946,31.266101843867006],[34.814931716,31.266122138129052],[34.81497863363279,31.26606142705498],[34.815665374330074,31.265173239555796],[34.81566844596095,31.26516928046946],[34.816056030809925,31.2646212810972],[34.81636374044209,31.264321337128294],[34.81643577626308,31.264268887909225],[34.81655119112805,31.264184811715218],[34.82020236900971,31.261526773113143],[34.82032996560024,31.261437295891568],[34.82055288002177,31.26128097266549],[34.826137925123945,31.25736468170263],[34.82614424617574,31.257360275555328],[34.82638133660473,31.25756364015992],[34.82672581755376,31.25784982800094],[34.827035270336765,31.258100561007414],[34.827420482781704,31.25833492582594],[34.82765895499699,31.258455760571163],[34.82797064542319,31.258621813485096],[34.82810056419957,31.258690467211345],[34.82816069982341,31.258722301921487],[34.8282383460498,31.25875959657357],[34.82843532944981,31.258861102388604],[34.82869250619613,31.25897900461998],[34.82965269659739,31.259469741013234],[34.82965440344167,31.259488685098006],[34.829660742318055,31.2595584253642],[34.82968092127254,31.259565390982026],[34.82967538651158,31.259520922642615]]]}},{"type":"Feature","properties":{"yishuv_stat":"9000_814","stat_area":814,"index_popu":4950.0,"index_value":1.182,"rank_2021":1313.0,"cluster_2021":8.0,"socio_index":1.182,"socio_cluster":8,"socio_rank":1313},"geometry":{"type":"Polygon","coordinates":[[[34.82867688862624,31.271678262629134],[34.82870409909314,31.271591410406113],[34.82873131056298,31.271504557276895],[34.82875852093212,31.271417704137306],[34.828785731247045,31.271330851892266],[34.8288129425649,31.27124399874105],[34.82884015277851,31.271157146481347],[34.82886736294505,31.27107029331241],[34.82889457411093,31.27098344013923],[34.82892178417257,31.27089658785749],[34.82894899523717,31.270809734669633],[34.828976205197506,31.270722882373278],[34.82900341511076,31.270636029167655],[34.82903062602338,31.270549175957804],[34.829057835831755,31.270462323639432],[34.82908504664307,31.270375470414937],[34.82911225635015,31.270288618081892],[34.82913946601014,31.270201764839637],[34.829166676669495,31.270114911593115],[34.82919388622461,31.270028059238097],[34.82922109678267,31.269941205976902],[34.82924830623648,31.269854353607215],[34.82927551669323,31.269767500331362],[34.82930272709931,31.269680647048187],[34.82932993640118,31.269593794656505],[34.829348486045994,31.269534582886724],[34.82935714565596,31.26950694135561],[34.82938435485653,31.26942008894926],[34.82941156506003,31.26933323563676],[34.82943877416285,31.269246382313867],[34.829465983211506,31.269159529885513],[34.82949319326305,31.269072676551037],[34.82952040221037,31.268985824108018],[34.82954761111063,31.268898970755778],[34.82957482101022,31.26881211739931],[34.82960202980561,31.2687252649343],[34.82962923960392,31.26863841156315],[34.82965644829802,31.26855155908349],[34.82968365694504,31.268464705694626],[34.8297108665914,31.268377852301473],[34.82973807513356,31.268290999799827],[34.829765284678636,31.268204146392005],[34.829792493119506,31.268117293875733],[34.8298197025633,31.268030440453256],[34.82984294452342,31.267946382186388],[34.829866186445145,31.267862323012],[34.82988942832133,31.26777826473391],[34.829912670159125,31.267694205548263],[34.829935911954934,31.267610146357],[34.829959153705225,31.26752608806199],[34.8299823954171,31.267442028859456],[34.830005637083445,31.267357970553192],[34.83002104499286,31.267285015312282],[34.83003645182444,31.267212060967342],[34.830051859685256,31.267139105720663],[34.83006726646824,31.26706615137001],[34.83008267323049,31.266993196114562],[34.83009624763977,31.26690563639589],[34.8301098220267,31.26681807577247],[34.83011345830564,31.266794620617134],[34.83012339638414,31.266730516048124],[34.830136971769186,31.26664295542213],[34.830150546074755,31.266555395692126],[34.83015806339636,31.266475453844308],[34.8301655796546,31.266395511991934],[34.83017309694583,31.26631557104297],[34.83018061422724,31.26623562919057],[34.8301881314917,31.266155688238538],[34.83019013684784,31.26607003661255],[34.83019214324951,31.265984384988396],[34.830194148593165,31.265898734261903],[34.83019615498591,31.26581308263537],[34.830198160320684,31.265727431906477],[34.83020016670093,31.26564178117943],[34.83020217203036,31.265556129546255],[34.8302041784017,31.26547047881679],[34.830206183722204,31.265384827181187],[34.83020819008463,31.265299176449364],[34.83021019539266,31.26521352571325],[34.83021220069979,31.265127874074064],[34.83021420704886,31.26504222333862],[34.83021621234706,31.264956571697027],[34.83021821763725,31.264870920956117],[34.83020992870501,31.2647827058924],[34.83020163874094,31.26469448992212],[34.830193349837785,31.26460627485518],[34.83018506095275,31.26451805888473],[34.83017677207867,31.26442984381453],[34.83016848321916,31.264341628742727],[34.83016019437774,31.264253412767406],[34.83015190554731,31.26416519769234],[34.83014361673497,31.26407698171376],[34.83013532793362,31.26398876663549],[34.830127039146824,31.26390055155556],[34.830118750378105,31.263812335572112],[34.83011046162039,31.26372412048896],[34.83010217288076,31.26363590450227],[34.83009388415212,31.263547689415855],[34.83008508362165,31.263458002732584],[34.83007628310692,31.263368316047572],[34.830067481554416,31.26327863025971],[34.83005868107116,31.26318894357127],[34.830049880603625,31.2630992568811],[34.83004108015185,31.263009570189244],[34.83003227971224,31.262919884397515],[34.83002347929194,31.2628301977022],[34.83001467888736,31.262740511005145],[34.83000587849853,31.2626508243064],[34.83000400921176,31.2626317742389],[34.82999713058184,31.26256167980352],[34.82999707707193,31.262561138504747],[34.82998827671457,31.26247145180255],[34.82997947637296,31.262381765098638],[34.829970676047054,31.26229207839299],[34.829961874687,31.262202391682575],[34.82995307438902,31.262112705875367],[34.82994427411033,31.262023019164566],[34.829935473847385,31.26193333245203],[34.82992667360019,31.261843645737795],[34.82991787336515,31.261753959923706],[34.829909072099504,31.261664273202985],[34.82990027189951,31.261574586483583],[34.82989147171525,31.261484899762436],[34.82988267154671,31.261395213039606],[34.82987387139037,31.26130552721691],[34.82986507125333,31.261215840490642],[34.82985627113198,31.261126153762607],[34.82984746997649,31.261036467029808],[34.82983866988309,31.260946781200275],[34.82982986980897,31.260857094467113],[34.82982106975058,31.260767407732192],[34.829812269707936,31.260677720995623],[34.829803469677465,31.26058803515918],[34.82979466966629,31.260498348419134],[34.829785869670836,31.260408661677367],[34.829774820322356,31.26031988741941],[34.82976377203999,31.260231114064418],[34.829752723781,31.260142339805522],[34.82974167554179,31.260053565544606],[34.82973062731882,31.259964792183577],[34.82971957911921,31.259876017918643],[34.82970853093583,31.259787244553586],[34.8296974827758,31.25969847028465],[34.82968643463557,31.25960969601369],[34.82968092127254,31.259565390982026],[34.829660742318055,31.2595584253642],[34.82965440344167,31.259488685098006],[34.82965269659739,31.259469741013234],[34.82869250619613,31.25897900461998],[34.82843532944981,31.258861102388604],[34.8282383460498,31.25875959657357],[34.82816069982341,31.258722301921487],[34.82810056419957,31.258690467211345],[34.82797064542319,31.258621813485096],[34.82765895499699,31.258455760571163],[34.827420482781704,31.25833492582594],[34.827035270336765,31.258100561007414],[34.82672581755376,31.25784982800094],[34.82638133660473,31.25756364015992],[34.82614424617574,31.257360275555328],[34.826137925123945,31.25736468170263],[34.82055288002177,31.26128097266549],[34.82032996560024,31.261437295891568],[34.82020236900971,31.261526773113143],[34.81655119112805,31.264184811715218],[34.81643577626308,31.264268887909225],[34.81636374044209,31.264321337128294],[34.816056030809925,31.2646212810972],[34.81566844596095,31.26516928046946],[34.815665374330074,31.265173239555796],[34.81497863363279,31.26606142705498],[34.814931716,31.266122138129052],[34.81482599461836,31.266258939531262],[34.8147839601262,31.266313289793583],[34.81478123882174,31.26631680888887],[34.815837584916636,31.267112193869362],[34.8172540941072,31.268088456371675],[34.81529408402087,31.2704814869194],[34.81519624885032,31.27085344210297],[34.81481127385526,31.270790231913136],[34.81471377855584,31.27107946609794],[34.815024314544154,31.271680144815555],[34.81533570205544,31.27207401901645],[34.815647008394215,31.272488572836966],[34.816506725290665,31.27254246280824],[34.81650105421939,31.27267662717902],[34.817484991355386,31.272707306162737],[34.819166065706185,31.272694386150746],[34.81953779425637,31.272773441502736],[34.819751418596304,31.272680551958498],[34.82006008476159,31.272646402277008],[34.82090778405706,31.27283209501531],[34.82124792734862,31.27286818371976],[34.82163306295044,31.272787904929423],[34.82189143554432,31.272622597816422],[34.82205639129287,31.272517058274033],[34.822308418471266,31.272355810736613],[34.822384219232895,31.272372744746335],[34.82256100979783,31.27241224049582],[34.82277530744957,31.272435489573354],[34.822901276666414,31.27241714820145],[34.823137347862,31.27238277558703],[34.8233236830902,31.272305387605495],[34.82347828795425,31.272220110152603],[34.823602920338,31.27209843127429],[34.82447156908093,31.272308786364988],[34.82452350331951,31.272321360905032],[34.82483721649861,31.272397329819494],[34.82500749235813,31.272276302070114],[34.825107184706816,31.27220544339604],[34.825325587847615,31.272050205562167],[34.82571186471189,31.27189546304232],[34.82607974074413,31.271803018272298],[34.82636991671026,31.271778940871904],[34.82730181627043,31.271746882448944],[34.828670141834834,31.27169979749559],[34.82867688862624,31.271678262629134]]]}},{"type":"Feature","properties":{"yishuv_stat":"9000_815","stat_area":815,"index_popu":4950.0,"index_value":1.182,"rank_2021":1313.0,"cluster_2021":8.0,"socio_index":1.182,"socio_cluster":8,"socio_rank":1313},"geometry":{"type":"Polygon","coordinates":[[[34.82730181627043,31.271746882448944],[34.82636991671026,31.271778940871904],[34.82607974074413,31.271803018272298],[34.82571186471189,31.27189546304232],[34.825325587847615,31.272050205562167],[34.825107184706816,31.27220544339604],[34.82500749235813,31.272276302070114],[34.82483721649861,31.272397329819494],[34.82452350331951,31.272321360905032],[34.82447156908093,31.272308786364988],[34.823602920338,31.27209843127429],[34.82347828795425,31.272220110152603],[34.8233236830902,31.272305387605495],[34.823137347862,31.27238277558703],[34.822901276666414,31.27241714820145],[34.82277530744957,31.272435489573354],[34.82256100979783,31.27241224049582],[34.822384219232895,31.272372744746335],[34.822308418471266,31.272355810736613],[34.82205639129287,31.272517058274033],[34.82189143554432,31.272622597816422],[34.82163306295044,31.272787904929423],[34.82124792734862,31.27286818371976],[34.82090778405706,31.27283209501531],[34.82006008476159,31.272646402277008],[34.819751418596304,31.272680551958498],[34.81953779425637,31.272773441502736],[34.819166065706185,31.272694386150746],[34.817484991355386,31.272707306162737],[34.81650105421939,31.27267662717902],[34.816506725290665,31.27254246280824],[34.815647008394215,31.272488572836966],[34.81533570205544,31.27207401901645],[34.815024314544154,31.271680144815555],[34.81471377855584,31.27107946609794],[34.81481127385526,31.270790231913136],[34.81519624885032,31.27085344210297],[34.81529408402087,31.2704814869194],[34.8172540941072,31.268088456371675],[34.815837584916636,31.267112193869362],[34.81478123882174,31.26631680888887],[34.81473352201903,31.26637851316569],[34.814729700756644,31.26638346204965],[34.81440966797249,31.266797320062242],[34.814340197926064,31.266887156187735],[34.814280682813845,31.26696419562064],[34.81409235960109,31.267207764590754],[34.813458767421565,31.26802721034502],[34.81339274972432,31.268123238980163],[34.81339108860728,31.268135211201585],[34.813390056387306,31.268142612686866],[34.81337955179226,31.268219606871902],[34.81330709397706,31.26831976822716],[34.81324224969835,31.268386046562664],[34.81316003402237,31.268413659702972],[34.81306301312119,31.268539003034086],[34.81236650706039,31.269439773661965],[34.81216737009085,31.269679342814488],[34.81196655607256,31.269920991722742],[34.81084942334454,31.27126500752087],[34.810831679223426,31.271286413053073],[34.81080477280159,31.271318621470744],[34.81078483647748,31.271342739518616],[34.810938510662034,31.271508070705313],[34.81095145996461,31.271524708967988],[34.81118845498204,31.271827838682213],[34.81126179081005,31.27194305653806],[34.81127377069246,31.271992698731946],[34.81129636267371,31.27201287756379],[34.81143320519543,31.27213523421757],[34.81146154967254,31.272160663449437],[34.81163971572791,31.272320112510858],[34.8123999846511,31.272820303925595],[34.81317689646947,31.27315411253792],[34.81366998284916,31.27336413890958],[34.81369250450158,31.273375851849234],[34.81390982080951,31.27348887411012],[34.813981114940944,31.27354257264852],[34.81424429064645,31.273740707311145],[34.814394646546205,31.273870690446348],[34.81443607872046,31.273932501804797],[34.814493663233264,31.274018518715632],[34.81451883611745,31.274056125959955],[34.81488007175242,31.274947577713778],[34.81486292763834,31.274955644670435],[34.814847876534046,31.27496263749063],[34.81482012722789,31.274996372901757],[34.81480661951628,31.27503790964897],[34.81481155990386,31.27505993645604],[34.81481640801301,31.275081677080035],[34.81482591698266,31.275094068283675],[34.814844399920986,31.275118210520134],[34.81487437700337,31.275131365447564],[34.814895348155865,31.275140548149576],[34.81494605029633,31.275143046768925],[34.81503257249732,31.27532530834649],[34.81524043464642,31.27576370154902],[34.815245671234536,31.27577474406491],[34.815459818725785,31.276073739878957],[34.815854257000844,31.276450758511913],[34.816204781348524,31.276681612680733],[34.81654325385231,31.276855626815856],[34.816554579750985,31.27686035269628],[34.816956388241685,31.277026879002324],[34.817642991223416,31.27729744006532],[34.81771586392636,31.277324748011466],[34.81839634317709,31.277579755874882],[34.81872169674658,31.277702120737796],[34.81915962233479,31.27795218624532],[34.81960946930362,31.278215626899158],[34.81999297456527,31.27852440637142],[34.820234499120836,31.27873030421013],[34.82046887185349,31.278930105914107],[34.82052020084919,31.27897386804127],[34.82052123357945,31.27897919866224],[34.82053510015597,31.2789860025501],[34.82071417907797,31.27921845431395],[34.8210371075562,31.279739229428174],[34.821314740889406,31.28037538246839],[34.8214060895933,31.280633541914664],[34.821550282274174,31.28059862339074],[34.82564416941201,31.280766521135035],[34.82584,31.28072],[34.82591,31.28066],[34.82591597705863,31.28065551720603],[34.825916377208934,31.280653225399963],[34.825924837409026,31.280604767669622],[34.825928257181275,31.280585176703717],[34.825954265902844,31.280499188396984],[34.82595652622164,31.280491718285536],[34.825980274572835,31.28041320098532],[34.82600628214831,31.28032721266192],[34.82603229072591,31.280241224334794],[34.826058298201815,31.280155236899688],[34.826084306683455,31.280069248558995],[34.82611031406698,31.2799832602084],[34.82613632139891,31.279897272752894],[34.82616232973658,31.27981128439181],[34.82618833697255,31.279725296922752],[34.826214344164114,31.27963930854498],[34.826240352357836,31.279553320163505],[34.82626635944983,31.27946733267404],[34.82629236649744,31.279381344275905],[34.82631837454719,31.279295355874062],[34.82634438149524,31.279209368364224],[34.826370388398914,31.279123379945702],[34.826396396304695,31.279037391523474],[34.82642240310878,31.278951403993254],[34.82644840986851,31.278865415554357],[34.82647441763034,31.278779427111772],[34.8265004242905,31.278693439561177],[34.82652643090626,31.2786074511019],[34.82655243852055,31.278521463540795],[34.82657844504034,31.278435475067933],[34.826604451512154,31.278349486588283],[34.82663045898251,31.27826349900682],[34.826656465358354,31.278177510513594],[34.826682471686226,31.278091522013558],[34.826708477962526,31.278005534408617],[34.826734485244536,31.277919545898083],[34.826760491428466,31.277833557377686],[34.826786497560825,31.27774756975239],[34.826812504698886,31.277661581221498],[34.826838510738895,31.2775755926807],[34.826864516727305,31.27748960503502],[34.82689052372142,31.277403616483745],[34.82691652961389,31.277317628824484],[34.82694253546198,31.277231640256534],[34.826968542312166,31.277145651684886],[34.8269945480607,31.277059664005247],[34.827020553764854,31.276973675416922],[34.82704656047111,31.276887686824907],[34.82707256607571,31.276801699124885],[34.82709857163592,31.276715710516186],[34.82712578609511,31.27662885781972],[34.827152999449936,31.276542006014743],[34.82718021275769,31.27645515330054],[34.82720742601117,31.276368301480876],[34.827234640267655,31.276281448755046],[34.82726185342338,31.27619459601884],[34.82728906652485,31.276107744177168],[34.82731628062931,31.276020891429372],[34.82734349362944,31.275934039573027],[34.82737070763254,31.275847186810534],[34.82739792053491,31.275760334037656],[34.827425133382995,31.275673482159302],[34.827452347234086,31.275586629374818],[34.82747955998085,31.27549977748179],[34.82750677268053,31.275412924679554],[34.8275339863796,31.275326071873053],[34.82756119897435,31.27523921995802],[34.82758841257209,31.275152367136865],[34.827615625065484,31.275065515207178],[34.82764283751182,31.274978662368255],[34.82767005095753,31.274891809525073],[34.827697263298944,31.27480495757338],[34.827724476643326,31.274718104715532],[34.82775168888339,31.274631252749177],[34.82777890107638,31.274544399873562],[34.82780611426875,31.27445754699372],[34.82783332635681,31.274370695005366],[34.827860539447855,31.27428384211084],[34.827887751434595,31.274196990107793],[34.82791496337424,31.27411013719552],[34.82794217631327,31.274023284279014],[34.82796938814801,31.273936432253958],[34.82799659993566,31.273849579319695],[34.82802381166906,31.273762727279976],[34.828051024405426,31.273675874334128],[34.828078237091155,31.27358902138091],[34.82810544867255,31.27350216931922],[34.82813266020688,31.273415316348267],[34.82815987168696,31.273328464271888],[34.82818708417002,31.273241611289365],[34.828214296602404,31.273154758299494],[34.82824150793051,31.2730679062011],[34.82826872026157,31.272981053196567],[34.8282727680265,31.2729681326524],[34.828295931488334,31.272894201083517],[34.82832314371808,31.2728073480643],[34.828333966069266,31.272772804368813],[34.828350354847096,31.27272049503472],[34.82837756592189,31.272633642899656],[34.82840477799964,31.272546789858463],[34.8284319889731,31.27245993770874],[34.82845919989949,31.272373084649782],[34.82848641182526,31.272286231586587],[34.82851362264676,31.272199379414875],[34.82854083447119,31.27211252633702],[34.82856804519137,31.27202567415062],[34.828595255864464,31.271938821055013],[34.82862246753693,31.271851967955143],[34.82864967810513,31.271765115746767],[34.828670141834834,31.27169979749559],[34.82730181627043,31.271746882448944]]]}},{"type":"Feature","properties":{"yishuv_stat":"9000_816","stat_area":816,"index_popu":1129.0,"index_value":1.198,"rank_2021":1322.0,"cluster_2021":8.0,"socio_index":1.198,"socio_cluster":8,"socio_rank":1322},"geometry":{"type":"Polygon","coordinates":[[[34.81494605029633,31.275143046768925],[34.814895348155865,31.275140548149576],[34.81487437700337,31.275131365447564],[34.814844399920986,31.275118210520134],[34.81482591698266,31.275094068283675],[34.81481640801301,31.275081677080035],[34.81481155990386,31.27505993645604],[34.81480661951628,31.27503790964897],[34.81482012722789,31.274996372901757],[34.814847876534046,31.27496263749063],[34.81486292763834,31.274955644670435],[34.81488007175242,31.274947577713778],[34.81451883611745,31.274056125959955],[34.814493663233264,31.274018518715632],[34.81443607872046,31.273932501804797],[34.814394646546205,31.273870690446348],[34.81424429064645,31.273740707311145],[34.813981114940944,31.27354257264852],[34.81390982080951,31.27348887411012],[34.81369250450158,31.273375851849234],[34.81366998284916,31.27336413890958],[34.81317689646947,31.27315411253792],[34.8123999846511,31.272820303925595],[34.81163971572791,31.272320112510858],[34.81146154967254,31.272160663449437],[34.81143320519543,31.27213523421757],[34.81129636267371,31.27201287756379],[34.81127377069246,31.271992698731946],[34.81126179081005,31.27194305653806],[34.81118845498204,31.271827838682213],[34.81095145996461,31.271524708967988],[34.810938510662034,31.271508070705313],[34.81078483647748,31.271342739518616],[34.81080477280159,31.271318621470744],[34.810831679223426,31.271286413053073],[34.81084942334454,31.27126500752087],[34.81074646952319,31.271300950488286],[34.81058212550397,31.271534037050362],[34.81030806705408,31.271862931604012],[34.81006517796264,31.272194177754198],[34.809913801671364,31.27238391989024],[34.80985859840782,31.272453115739623],[34.8097173589867,31.272630371249665],[34.80968854948433,31.272666525714445],[34.809647286884186,31.272717184194267],[34.809087744976416,31.273404133354852],[34.808873312860385,31.273667380967154],[34.8088204337239,31.273733866972563],[34.808575018518454,31.27404074561009],[34.80849647532645,31.274139176262715],[34.808197981955175,31.274512716146845],[34.80795231991598,31.274820148347082],[34.80772272767073,31.275107510032022],[34.80741374887397,31.275468392618006],[34.80736332605513,31.275524069974956],[34.8072317390715,31.275652723696336],[34.807146569815245,31.27572921047585],[34.80694714516685,31.275908345557447],[34.80659041373044,31.276186291012067],[34.80649216909524,31.276252456088464],[34.806437520095955,31.27628954351292],[34.806288875695735,31.27638558025081],[34.80611000502421,31.276501145805163],[34.8059519321142,31.276592963588623],[34.80573210688531,31.276703311277814],[34.80567851583536,31.276728912330878],[34.80556518038384,31.276783040881327],[34.80630185433055,31.277747366583096],[34.80658261208559,31.27816180755863],[34.80724879874728,31.27914517951374],[34.807416910885735,31.279363454083946],[34.80767955692193,31.279704462467873],[34.80862856134002,31.28061871252143],[34.808974418346715,31.280768564010085],[34.80908215058096,31.28089908495722],[34.80983267659459,31.28270805233213],[34.80993975936192,31.282966145344947],[34.810197226938286,31.283543485660466],[34.81020820335367,31.283579829868767],[34.81024765321813,31.283613355503498],[34.81029470641823,31.28366201489675],[34.8103091278092,31.283679837402868],[34.81031551372407,31.28368770803755],[34.81033868879935,31.283716270168618],[34.8103936943559,31.28379868951906],[34.81041404897269,31.2838287058703],[34.810429948733024,31.283844079725522],[34.81045211794367,31.283867053279188],[34.81050223367384,31.28391293511216],[34.810552517815886,31.283966569279954],[34.81058072655425,31.283982740248177],[34.81071146452738,31.284104411411796],[34.81072890534806,31.28411944632766],[34.81074483526826,31.284102556535746],[34.81151932035382,31.283589021755496],[34.812266343889796,31.283362464508727],[34.813598811167964,31.283320756432058],[34.81514481678667,31.28318814678499],[34.81589258028308,31.28277849908069],[34.817015054273995,31.281958065330247],[34.81893648544666,31.28123155761166],[34.8214060895933,31.280633541914664],[34.821314740889406,31.28037538246839],[34.8210371075562,31.279739229428174],[34.82071417907797,31.27921845431395],[34.82053510015597,31.2789860025501],[34.82052123357945,31.27897919866224],[34.82052020084919,31.27897386804127],[34.82046887185349,31.278930105914107],[34.820234499120836,31.27873030421013],[34.81999297456527,31.27852440637142],[34.81960946930362,31.278215626899158],[34.81915962233479,31.27795218624532],[34.81872169674658,31.277702120737796],[34.81839634317709,31.277579755874882],[34.81771586392636,31.277324748011466],[34.817642991223416,31.27729744006532],[34.816956388241685,31.277026879002324],[34.816554579750985,31.27686035269628],[34.81654325385231,31.276855626815856],[34.816204781348524,31.276681612680733],[34.815854257000844,31.276450758511913],[34.815459818725785,31.276073739878957],[34.815245671234536,31.27577474406491],[34.81524043464642,31.27576370154902],[34.81503257249732,31.27532530834649],[34.81494605029633,31.275143046768925]]]}},{"type":"Feature","properties":{"yishuv_stat":"9000_821","stat_area":821,"index_popu":7894.0,"index_value":0.748,"rank_2021":1122.0,"cluster_2021":7.0,"socio_index":0.748,"socio_cluster":7,"socio_rank":1122},"geometry":{"type":"Polygon","coordinates":[[[34.81058072655425,31.283982740248177],[34.810552517815886,31.283966569279954],[34.81050223367384,31.28391293511216],[34.81045211794367,31.283867053279188],[34.810429948733024,31.283844079725522],[34.81041404897269,31.2838287058703],[34.8103936943559,31.28379868951906],[34.81033868879935,31.283716270168618],[34.81031551372407,31.28368770803755],[34.8103091278092,31.283679837402868],[34.81029470641823,31.28366201489675],[34.81024765321813,31.283613355503498],[34.81020820335367,31.283579829868767],[34.810197226938286,31.283543485660466],[34.80993975936192,31.282966145344947],[34.80983267659459,31.28270805233213],[34.80932749472857,31.282997530789],[34.80931378991039,31.283005383888852],[34.80894226573213,31.283246081149745],[34.80856354138612,31.283435842830816],[34.80828189233814,31.283447703333312],[34.80803034057668,31.28335146404555],[34.80793377253509,31.283255553784514],[34.8078310835439,31.283153556569104],[34.807527112333965,31.282704412936088],[34.80733727295622,31.28279059468593],[34.807283294166226,31.28281778251543],[34.807230662132795,31.282846860359832],[34.807179464262,31.28287776986738],[34.80712978479476,31.282910456284284],[34.80708170059868,31.2829448702454],[34.8070353201521,31.282980937230246],[34.80699577499247,31.283022559403427],[34.80696221906925,31.283067893374483],[34.8069351087152,31.28311630562149],[34.80691482792672,31.283167133537514],[34.80690166020207,31.283219639346026],[34.806891286999054,31.283272635413592],[34.80688449199761,31.28332606193433],[34.806883800352885,31.283337729488903],[34.80687464885448,31.28336434783375],[34.8069159693785,31.283554478208416],[34.806989212884915,31.283918216777813],[34.80661300303307,31.283937454460244],[34.80597182892985,31.283906732295655],[34.80593693581926,31.28429435929039],[34.80589320537871,31.28511294012641],[34.80589215097512,31.28512293261917],[34.80578606978816,31.285128107839128],[34.805563023190814,31.285104786948263],[34.80542259785942,31.285082001856846],[34.80532643019287,31.285057315794706],[34.805264543155694,31.28504948535561],[34.805202027427804,31.28504755226438],[34.805139636800796,31.28505157117268],[34.80507815918486,31.285061475083186],[34.80501832491382,31.285077153529876],[34.804960874165914,31.285098403182754],[34.80491029347983,31.285129921564405],[34.80489566689858,31.28514352183788],[34.80488870945437,31.28514998757352],[34.80486790764122,31.285169346215667],[34.80483535401581,31.28521515351545],[34.80481389094497,31.28526555079901],[34.804804364728476,31.285318585384047],[34.80478973680682,31.285370842896068],[34.80477410681759,31.285422891655767],[34.80475748742599,31.285474716369833],[34.80473988081841,31.285526296300972],[34.8047212996259,31.28557762427289],[34.80470173660998,31.28562867320563],[34.804694621905576,31.28564626698938],[34.804681206437444,31.285679451261462],[34.80465969874216,31.285729925939243],[34.80463724816344,31.285780100953897],[34.804613831691256,31.285829953685813],[34.80458947146176,31.285879464361507],[34.80456473583897,31.285928832265476],[34.8045394653697,31.285978015413797],[34.804513687483684,31.286026984128817],[34.80448738318943,31.286075759094807],[34.80446057145432,31.286124325038227],[34.80443323652121,31.28617268281157],[34.80440218471177,31.28621934515879],[34.80436835596043,31.28626455851685],[34.804331822195394,31.28630820044915],[34.804292704711756,31.286350146868912],[34.8042510900616,31.28639029432483],[34.80420710163031,31.286428521442357],[34.80419502005897,31.28643798352379],[34.80413377683079,31.286470726524346],[34.80396094124904,31.286627210569268],[34.80479936267919,31.287724648486083],[34.80504807997193,31.288138520940663],[34.80520389007813,31.288495349481476],[34.80527085287965,31.288765721674068],[34.80530380649657,31.289071735881716],[34.80527542655437,31.28920849839966],[34.80564033179079,31.289290843130928],[34.805855388418244,31.28929773538307],[34.80637258462068,31.289222618693987],[34.806864440526496,31.289103581952443],[34.8072735683391,31.2889294881711],[34.80776608900457,31.288651531608956],[34.808176061152835,31.28827467774573],[34.80843908289216,31.28794120927598],[34.80873492426533,31.28738864437075],[34.80888236522271,31.286913995288085],[34.809114560627215,31.28663357581428],[34.809815725585935,31.28528217593783],[34.81005859959082,31.284814059512716],[34.810297749125965,31.284576034014375],[34.81030261867209,31.284571018148483],[34.810305300767006,31.284568256638064],[34.81072890534806,31.28411944632766],[34.81071146452738,31.284104411411796],[34.81058072655425,31.283982740248177]]]}},{"type":"Feature","properties":{"yishuv_stat":"9000_822","stat_area":822,"index_popu":7894.0,"index_value":0.748,"rank_2021":1122.0,"cluster_2021":7.0,"socio_index":0.748,"socio_cluster":7,"socio_rank":1122},"geometry":{"type":"Polygon","coordinates":[[[34.80908215058096,31.28089908495722],[34.808974418346715,31.280768564010085],[34.80862856134002,31.28061871252143],[34.80767955692193,31.279704462467873],[34.807416910885735,31.279363454083946],[34.80724879874728,31.27914517951374],[34.80658261208559,31.27816180755863],[34.80630185433055,31.277747366583096],[34.80556518038384,31.276783040881327],[34.80550136073395,31.276813522769974],[34.80525487051828,31.276919362124833],[34.804905918404145,31.2770474318374],[34.80456714923533,31.277155081662745],[34.80449415040343,31.27717827417662],[34.80429200258032,31.277226447694094],[34.803990034374884,31.27728600844569],[34.803931937465634,31.277297473651213],[34.80357356368519,31.27736796633816],[34.80341370085428,31.277405873242063],[34.803310774825974,31.277430279443347],[34.80324190371274,31.277437276957293],[34.80302565256592,31.27745924118532],[34.80294025576954,31.277464300138714],[34.8026605433068,31.27748065405677],[34.802523706524674,31.277481668310728],[34.80251193120714,31.277481792021163],[34.80246158544321,31.27780414095092],[34.80235742677946,31.278471037167513],[34.802236928117004,31.279242540494504],[34.802128065118566,31.27993953430693],[34.80206180309225,31.28036376415672],[34.802446113970625,31.28145231042961],[34.80262074397678,31.281946937719812],[34.80282196691883,31.282516876303124],[34.80315846000808,31.283469940528413],[34.803322047737694,31.284683050223133],[34.803455319185396,31.285671321268744],[34.8038924729387,31.28653758817213],[34.80396094124904,31.286627210569268],[34.80413377683079,31.286470726524346],[34.80419502005897,31.28643798352379],[34.80420710163031,31.286428521442357],[34.8042510900616,31.28639029432483],[34.804292704711756,31.286350146868912],[34.804331822195394,31.28630820044915],[34.80436835596043,31.28626455851685],[34.80440218471177,31.28621934515879],[34.80443323652121,31.28617268281157],[34.80446057145432,31.286124325038227],[34.80448738318943,31.286075759094807],[34.804513687483684,31.286026984128817],[34.8045394653697,31.285978015413797],[34.80456473583897,31.285928832265476],[34.80458947146176,31.285879464361507],[34.804613831691256,31.285829953685813],[34.80463724816344,31.285780100953897],[34.80465969874216,31.285729925939243],[34.804681206437444,31.285679451261462],[34.804694621905576,31.28564626698938],[34.80470173660998,31.28562867320563],[34.8047212996259,31.28557762427289],[34.80473988081841,31.285526296300972],[34.80475748742599,31.285474716369833],[34.80477410681759,31.285422891655767],[34.80478973680682,31.285370842896068],[34.804804364728476,31.285318585384047],[34.80481389094497,31.28526555079901],[34.80483535401581,31.28521515351545],[34.80486790764122,31.285169346215667],[34.80488870945437,31.28514998757352],[34.80489566689858,31.28514352183788],[34.80491029347983,31.285129921564405],[34.804960874165914,31.285098403182754],[34.80501832491382,31.285077153529876],[34.80507815918486,31.285061475083186],[34.805139636800796,31.28505157117268],[34.805202027427804,31.28504755226438],[34.805264543155694,31.28504948535561],[34.80532643019287,31.285057315794706],[34.80542259785942,31.285082001856846],[34.805563023190814,31.285104786948263],[34.80578606978816,31.285128107839128],[34.80589215097512,31.28512293261917],[34.80589320537871,31.28511294012641],[34.80593693581926,31.28429435929039],[34.80597182892985,31.283906732295655],[34.80661300303307,31.283937454460244],[34.806989212884915,31.283918216777813],[34.8069159693785,31.283554478208416],[34.80687464885448,31.28336434783375],[34.806883800352885,31.283337729488903],[34.80688449199761,31.28332606193433],[34.806891286999054,31.283272635413592],[34.80690166020207,31.283219639346026],[34.80691482792672,31.283167133537514],[34.8069351087152,31.28311630562149],[34.80696221906925,31.283067893374483],[34.80699577499247,31.283022559403427],[34.8070353201521,31.282980937230246],[34.80708170059868,31.2829448702454],[34.80712978479476,31.282910456284284],[34.807179464262,31.28287776986738],[34.807230662132795,31.282846860359832],[34.807283294166226,31.28281778251543],[34.80733727295622,31.28279059468593],[34.807527112333965,31.282704412936088],[34.8078310835439,31.283153556569104],[34.80793377253509,31.283255553784514],[34.80803034057668,31.28335146404555],[34.80828189233814,31.283447703333312],[34.80856354138612,31.283435842830816],[34.80894226573213,31.283246081149745],[34.80931378991039,31.283005383888852],[34.80932749472857,31.282997530789],[34.80983267659459,31.28270805233213],[34.80908215058096,31.28089908495722]]]}},{"type":"Feature","properties":{"yishuv_stat":"9000_823","stat_area":823,"index_popu":11276.0,"index_value":0.572,"rank_2021":1046.0,"cluster_2021":7.0,"socio_index":0.572,"socio_cluster":7,"socio_rank":1046},"geometry":{"type":"Polygon","coordinates":[[[34.802446113970625,31.28145231042961],[34.80206180309225,31.28036376415672],[34.802128065118566,31.27993953430693],[34.802236928117004,31.279242540494504],[34.80235742677946,31.278471037167513],[34.80246158544321,31.27780414095092],[34.80251193120714,31.277481792021163],[34.80249786549848,31.277481943740955],[34.802440856190834,31.277482762922265],[34.802162391851105,31.27747692025887],[34.801921164144524,31.277455253425536],[34.80184627960521,31.27744232368641],[34.801514974028514,31.277385163636133],[34.80129263978038,31.277326044783678],[34.801186871556915,31.277297911826732],[34.80092873446435,31.277229448132776],[34.80068306342927,31.277168142697466],[34.80067950108826,31.27716725215137],[34.8004382845596,31.277095429644444],[34.80009274618307,31.276969282557655],[34.80003954921325,31.27694987129843],[34.7998331423086,31.27686697091102],[34.799624347987724,31.276776661670077],[34.799434686588015,31.27668172250278],[34.79901114436068,31.27646979214114],[34.79881914936816,31.276378400000517],[34.79878341830342,31.27636139009619],[34.798714412203275,31.27633378872655],[34.798537486442974,31.27626301971792],[34.79850070541516,31.276248209763896],[34.79846224290666,31.27622734002365],[34.79834126929499,31.276155351345967],[34.7983292806079,31.27615016721207],[34.79813247970876,31.2760651271864],[34.79796263723113,31.275978551413687],[34.7979568731896,31.27597564168652],[34.79792406355635,31.275932478429173],[34.79784494286343,31.27593222812813],[34.79751359548821,31.27582618722891],[34.79743346714658,31.275790636672472],[34.79678108786249,31.2769699973168],[34.796471088640224,31.277672090575106],[34.796263287453876,31.278403799574217],[34.79601859552062,31.279779879272272],[34.795877486602144,31.280863339427],[34.79593058338847,31.282697123262846],[34.79705722491364,31.282791161572586],[34.7986210805456,31.28293544645232],[34.79906276608031,31.282628309491308],[34.79940867787572,31.28303745794946],[34.80009219147678,31.283089373880074],[34.800277736411594,31.283060099293504],[34.800893032895594,31.28280326522625],[34.80145097577272,31.282406910991014],[34.80181106460342,31.282208986688357],[34.80242597153339,31.282041718050014],[34.80262074397678,31.281946937719812],[34.802446113970625,31.28145231042961]]]}},{"type":"Feature","properties":{"yishuv_stat":"9000_824","stat_area":824,"index_popu":11276.0,"index_value":0.572,"rank_2021":1046.0,"cluster_2021":7.0,"socio_index":0.572,"socio_cluster":7,"socio_rank":1046},"geometry":{"type":"Polygon","coordinates":[[[34.8038924729387,31.28653758817213],[34.803455319185396,31.285671321268744],[34.803322047737694,31.284683050223133],[34.80315846000808,31.283469940528413],[34.80282196691883,31.282516876303124],[34.80262074397678,31.281946937719812],[34.80242597153339,31.282041718050014],[34.80181106460342,31.282208986688357],[34.80145097577272,31.282406910991014],[34.800893032895594,31.28280326522625],[34.800277736411594,31.283060099293504],[34.80009219147678,31.283089373880074],[34.79940867787572,31.28303745794946],[34.79906276608031,31.282628309491308],[34.7986210805456,31.28293544645232],[34.79705722491364,31.282791161572586],[34.79593058338847,31.282697123262846],[34.795996250930656,31.284964990430623],[34.79603006281753,31.285626314141396],[34.7959688561683,31.28733164095843],[34.79590620799879,31.287850240605906],[34.7961217447573,31.28787076303118],[34.79614497926203,31.28787380141094],[34.80082065773189,31.288485118992128],[34.80227172181651,31.288593186520586],[34.80320213784142,31.288740613180664],[34.8044428332948,31.289020608296692],[34.80527542655437,31.28920849839966],[34.80530380649657,31.289071735881716],[34.80527085287965,31.288765721674068],[34.80520389007813,31.288495349481476],[34.80504807997193,31.288138520940663],[34.80479936267919,31.287724648486083],[34.80396094124904,31.286627210569268],[34.8038924729387,31.28653758817213]]]}},{"type":"Feature","properties":{"yishuv_stat":"9000_825","stat_area":825,"index_popu":11276.0,"index_value":0.572,"rank_2021":1046.0,"cluster_2021":7.0,"socio_index":0.572,"socio_cluster":7,"socio_rank":1046},"geometry":{"type":"Polygon","coordinates":[[[34.795877486602144,31.280863339427],[34.79601859552062,31.279779879272272],[34.796263287453876,31.278403799574217],[34.796471088640224,31.277672090575106],[34.79678108786249,31.2769699973168],[34.79743346714658,31.275790636672472],[34.79732479844415,31.27574242405373],[34.79624803160998,31.275264684178328],[34.795840476190754,31.27568761904733],[34.79624133070826,31.275261711122468],[34.79620896852442,31.275247352669748],[34.796131184423274,31.27532968365178],[34.795786931484734,31.27569404347219],[34.795591020315854,31.2759296301019],[34.79558289212786,31.275939250076625],[34.79549011348215,31.27604989052887],[34.79547553943928,31.276067881273576],[34.795460030823214,31.276085869944218],[34.79535677077947,31.276215778527124],[34.795330408977094,31.276241665755776],[34.795301905933556,31.276275848162378],[34.7951599308099,31.27644685110432],[34.795144842132984,31.276464833857403],[34.795130055420515,31.27648292219091],[34.79493225496245,31.276719491137467],[34.79488802018222,31.276772389173228],[34.79442589620702,31.277303571134894],[34.79426167612287,31.27749244718799],[34.794238729141796,31.277517965383094],[34.79383151544432,31.277970818917225],[34.79368702068524,31.278131506988192],[34.79330315977058,31.278528824019787],[34.79323562913447,31.278604102453638],[34.79305626432172,31.278803028826314],[34.792946718071676,31.278924521269143],[34.792932979768366,31.27894305913646],[34.792787322685264,31.279140012367712],[34.792692832461555,31.279282507572557],[34.7926366863924,31.27936717396188],[34.792489400886936,31.279623200614346],[34.79238126860423,31.279833086944127],[34.79227581813064,31.28008131164458],[34.79220761449344,31.280259218213622],[34.792183038163266,31.280334086397815],[34.792131729707755,31.2805153904641],[34.79207765352251,31.28075592875349],[34.79201752491922,31.28111090415026],[34.79194859285737,31.281602126565836],[34.791924757603034,31.281816884494884],[34.79192469856804,31.281817419132206],[34.79192467011049,31.281817684199527],[34.791909681627224,31.281951039751895],[34.791825758760616,31.282605729299576],[34.79171804380172,31.28346670243642],[34.791604234425506,31.28435136762598],[34.79150212319608,31.28515427598748],[34.791487324861436,31.285272645158642],[34.791301477819495,31.286759548971908],[34.79122668670603,31.287354609916317],[34.7912935754881,31.287365010164482],[34.791327216842504,31.287414163624486],[34.79590620799879,31.287850240605906],[34.7959688561683,31.28733164095843],[34.79603006281753,31.285626314141396],[34.795996250930656,31.284964990430623],[34.79593058338847,31.282697123262846],[34.795877486602144,31.280863339427]],[[34.79589,31.28532666666647],[34.79588629606099,31.285021709021727],[34.79589,31.28515],[34.79589,31.28532666666647]],[[34.79578506516588,31.281292387440757],[34.79578,31.28115],[34.79608,31.27852],[34.79578506516588,31.281292387440757]]]}},{"type":"Feature","properties":{"yishuv_stat":"9000_826","stat_area":826,"index_popu":1129.0,"index_value":1.198,"rank_2021":1322.0,"cluster_2021":8.0,"socio_index":1.198,"socio_cluster":8,"socio_rank":1322},"geometry":{"type":"Polygon","coordinates":[[[34.821550282274174,31.28059862339074],[34.8214060895933,31.280633541914664],[34.81893648544666,31.28123155761166],[34.817015054273995,31.281958065330247],[34.81589258028308,31.28277849908069],[34.81514481678667,31.28318814678499],[34.813598811167964,31.283320756432058],[34.812266343889796,31.283362464508727],[34.81151932035382,31.283589021755496],[34.81074483526826,31.284102556535746],[34.81072890534806,31.28411944632766],[34.810305300767006,31.284568256638064],[34.81030261867209,31.284571018148483],[34.810297749125965,31.284576034014375],[34.81005859959082,31.284814059512716],[34.809815725585935,31.28528217593783],[34.809114560627215,31.28663357581428],[34.80888236522271,31.286913995288085],[34.80873492426533,31.28738864437075],[34.80843908289216,31.28794120927598],[34.808176061152835,31.28827467774573],[34.80776608900457,31.288651531608956],[34.8072735683391,31.2889294881711],[34.806864440526496,31.289103581952443],[34.80637258462068,31.289222618693987],[34.805855388418244,31.28929773538307],[34.80564033179079,31.289290843130928],[34.80527542655437,31.28920849839966],[34.8044428332948,31.289020608296692],[34.80320213784142,31.288740613180664],[34.80227172181651,31.288593186520586],[34.80082065773189,31.288485118992128],[34.79614497926203,31.28787380141094],[34.7961217447573,31.28787076303118],[34.79590620799879,31.287850240605906],[34.791327216842504,31.287414163624486],[34.79122047883951,31.28740399690384],[34.791218354014305,31.287420903041117],[34.79124,31.28743],[34.79564,31.28785],[34.79584,31.28787],[34.80084,31.28851],[34.80229,31.28862],[34.80322,31.28877],[34.80446,31.28905],[34.8053,31.28923],[34.80589,31.28937],[34.80697,31.28918],[34.80782,31.28887],[34.8084,31.28849],[34.8086,31.2881],[34.80894,31.28741],[34.80915,31.28698],[34.80979,31.28569],[34.81032,31.2846],[34.81076,31.2841],[34.81076,31.28411],[34.81077,31.28414],[34.81077,31.2843],[34.82564416941201,31.280766521135035],[34.821550282274174,31.28059862339074]]]}}]}