{
"type": "FeatureCollection",
"name": "education",
"crs": { "type": "name", "properties": { "name": "urn:ogc:def:crs:OGC:1.3:CRS84" } },
"features": [
{ "type": "Feature", "properties": { "Institutio": "דוגית", "type": "גן ילדים", "ADDRESS": "משה סתוי נ.זאב", "oldName": null, "amenity_subtype": "kindergarten" }, "geometry": { "type": "Point", "coordinates": [ 34.767152713536738, 31.240225609546304 ] } },
{ "type": "Feature", "properties": { "Institutio": "שומרון", "type": "גן ילדים", "ADDRESS": "שומרון שכ לון", "oldName": null, "amenity_subtype": "kindergarten" }, "geometry": { "type": "Point", "coordinates": [ 34.765437976103151, 31.246547034284731 ] } },
{ "type": "Feature", "properties": { "Institutio": "שרת", "type": "גן ילדים", "ADDRESS": "משה שרת 13", "oldName": null, "amenity_subtype": "kindergarten" }, "geometry": { "type": "Point", "coordinates": [ 34.766891136448585, 31.256681406373545 ] } },
{ "type": "Feature", "properties": { "Institutio": "חופית", "type": "גן ילדים", "ADDRESS": "ניב דוד נ.זאב", "oldName": null, "amenity_subtype": "kindergarten" }, "geometry": { "type": "Point", "coordinates": [ 34.770356349103984, 31.238659908473867 ] } },
{ "type": "Feature", "properties": { "Institutio": "רביבים", "type": "גן ילדים", "ADDRESS": "מבצע משה נ.זאב", "oldName": null, "amenity_subtype": "kindergarten" }, "geometry": { "type": "Point", "coordinates": [ 34.779331249788811, 31.237116734709275 ] } },
{ "type": "Feature", "properties": { "Institutio": "אופירה", "type": "גן ילדים", "ADDRESS": "רחבת יבנה שכ ט", "oldName": null, "amenity_subtype": "kindergarten" }, "geometry": { "type": "Point", "coordinates": [ 34.771280942133956, 31.245249256352526 ] } },
{ "type": "Feature", "properties": { "Institutio": "מאדים", "type": "גן ילדים", "ADDRESS": "רד\"ק שכ יא", "oldName": "רד\"ק", "amenity_subtype": "kindergarten" }, "geometry": { "type": "Point", "coordinates": [ 34.772220002406065, 31.256962987947229 ] } },
{ "type": "Feature", "properties": { "Institutio": "אדמה", "type": "גן ילדים", "ADDRESS": "רח טבריה שכ ט", "oldName": "השלושה", "amenity_subtype": "kindergarten" }, "geometry": { "type": "Point", "coordinates": [ 34.776404863519943, 31.247156500192219 ] } },
{ "type": "Feature", "properties": { "Institutio": "אורנים", "type": "גן ילדים", "ADDRESS": "פקועה נוה נוי", "oldName": null, "amenity_subtype": "kindergarten" }, "geometry": { "type": "Point", "coordinates": [ 34.793393009425913, 31.231580853005109 ] } },
{ "type": "Feature", "properties": { "Institutio": "גיל", "type": "גן ילדים", "ADDRESS": "רמב\"ם עיר עתיקה", "oldName": null, "amenity_subtype": "kindergarten" }, "geometry": { "type": "Point", "coordinates": [ 34.788835191040398, 31.244790377991812 ] } },
{ "type": "Feature", "properties": { "Institutio": "חלילית", "type": "גן ילדים", "ADDRESS": "ברנר שכ א", "oldName": "ברנר", "amenity_subtype": "kindergarten" }, "geometry": { "type": "Point", "coordinates": [ 34.79311284069216, 31.248934419308018 ] } },
{ "type": "Feature", "properties": { "Institutio": "פולג", "type": "גן ילדים", "ADDRESS": "משה דיין שכ ו", "oldName": null, "amenity_subtype": "kindergarten" }, "geometry": { "type": "Point", "coordinates": [ 34.770879440993305, 31.266328142535457 ] } },
{ "type": "Feature", "properties": { "Institutio": "גפן", "type": "גן ילדים", "ADDRESS": "מבצע יקב שכ ן", "oldName": null, "amenity_subtype": "kindergarten" }, "geometry": { "type": "Point", "coordinates": [ 34.780681370542304, 31.265177911779517 ] } },
{ "type": "Feature", "properties": { "Institutio": "חרצית", "type": "גן ילדים", "ADDRESS": "מבצע ארז שכ ו", "oldName": "רקפת", "amenity_subtype": "kindergarten" }, "geometry": { "type": "Point", "coordinates": [ 34.782445992189878, 31.26542495799427 ] } },
{ "type": "Feature", "properties": { "Institutio": "אור", "type": "גן ילדים", "ADDRESS": "רינגלבלום שכ ד", "oldName": null, "amenity_subtype": "kindergarten" }, "geometry": { "type": "Point", "coordinates": [ 34.800860386668646, 31.266407085613306 ] } },
{ "type": "Feature", "properties": { "Institutio": "הגר", "type": "גן ילדים", "ADDRESS": "מינץ", "oldName": null, "amenity_subtype": "kindergarten" }, "geometry": { "type": "Point", "coordinates": [ 34.778545106091535, 31.25757412751026 ] } },
{ "type": "Feature", "properties": { "Institutio": "נרקיס", "type": "גן ילדים", "ADDRESS": "אברהם אבינו", "oldName": null, "amenity_subtype": "kindergarten" }, "geometry": { "type": "Point", "coordinates": [ 34.793336333221305, 31.261967630614091 ] } },
{ "type": "Feature", "properties": { "Institutio": "שושן", "type": "גן ילדים", "ADDRESS": "הכנסת שכ ד", "oldName": null, "amenity_subtype": "kindergarten" }, "geometry": { "type": "Point", "coordinates": [ 34.797401169591005, 31.272369428581573 ] } },
{ "type": "Feature", "properties": { "Institutio": "המעפילים", "type": "גן ילדים", "ADDRESS": "המעפילים שכ ג", "oldName": null, "amenity_subtype": "kindergarten" }, "geometry": { "type": "Point", "coordinates": [ 34.806218413549743, 31.248926913177417 ] } },
{ "type": "Feature", "properties": { "Institutio": "איילה", "type": "גן ילדים", "ADDRESS": "וינגיט שכ ג", "oldName": "מיתרים", "amenity_subtype": "kindergarten" }, "geometry": { "type": "Point", "coordinates": [ 34.803587925062835, 31.256077940712917 ] } },
{ "type": "Feature", "properties": { "Institutio": "גלעד", "type": "גן ילדים", "ADDRESS": "זבולון המר 3", "oldName": null, "amenity_subtype": "kindergarten" }, "geometry": { "type": "Point", "coordinates": [ 34.809892932772755, 31.266238659150211 ] } },
{ "type": "Feature", "properties": { "Institutio": "מירון", "type": "גן ילדים", "ADDRESS": "גרשם שלום רמות", "oldName": null, "amenity_subtype": "kindergarten" }, "geometry": { "type": "Point", "coordinates": [ 34.806558082213598, 31.270876243783764 ] } },
{ "type": "Feature", "properties": { "Institutio": "כרמל", "type": "גן ילדים", "ADDRESS": "הר בוקר רמות", "oldName": null, "amenity_subtype": "kindergarten" }, "geometry": { "type": "Point", "coordinates": [ 34.809128282738762, 31.275259866756347 ] } },
{ "type": "Feature", "properties": { "Institutio": "חט\"צ יחדיו", "type": "גן ילדים", "ADDRESS": "בי\"ס יחדיו", "oldName": null, "amenity_subtype": "kindergarten" }, "geometry": { "type": "Point", "coordinates": [ 34.777343370433108, 31.237415676862849 ] } },
{ "type": "Feature", "properties": { "Institutio": "ירושלים", "type": "גן ילדים", "ADDRESS": "ירושלים שכ ט", "oldName": null, "amenity_subtype": "kindergarten" }, "geometry": { "type": "Point", "coordinates": [ 34.774721863111118, 31.245481333641113 ] } },
{ "type": "Feature", "properties": { "Institutio": "אורן", "type": "גן ילדים", "ADDRESS": "גרוסמן נ.זאב", "oldName": "תאנה", "amenity_subtype": "kindergarten" }, "geometry": { "type": "Point", "coordinates": [ 34.767664587939166, 31.23675850991053 ] } },
{ "type": "Feature", "properties": { "Institutio": "ירדן", "type": "גן ילדים", "ADDRESS": "פריבס רמות", "oldName": null, "amenity_subtype": "kindergarten" }, "geometry": { "type": "Point", "coordinates": [ 34.800637255809406, 31.279109755089802 ] } },
{ "type": "Feature", "properties": { "Institutio": "פלג", "type": "גן ילדים", "ADDRESS": "שטקליס נ.מנחם", "oldName": null, "amenity_subtype": "kindergarten" }, "geometry": { "type": "Point", "coordinates": [ 34.768524854267461, 31.270583778660374 ] } },
{ "type": "Feature", "properties": { "Institutio": "גולן", "type": "גן ילדים", "ADDRESS": "מיכאל הנגבי", "oldName": null, "amenity_subtype": "kindergarten" }, "geometry": { "type": "Point", "coordinates": [ 34.804747930785801, 31.283980170779319 ] } },
{ "type": "Feature", "properties": { "Institutio": "אפיק", "type": "גן ילדים", "ADDRESS": "כיכר מרקדו", "oldName": null, "amenity_subtype": "kindergarten" }, "geometry": { "type": "Point", "coordinates": [ 34.768050514118755, 31.260318863994652 ] } },
{ "type": "Feature", "properties": { "Institutio": "שחף", "type": "גן ילדים", "ADDRESS": "פיכמן 15", "oldName": null, "amenity_subtype": "kindergarten" }, "geometry": { "type": "Point", "coordinates": [ 34.774185926684076, 31.236729465979476 ] } },
{ "type": "Feature", "properties": { "Institutio": "כנרת", "type": "גן ילדים", "ADDRESS": "הסופרים שכ ב", "oldName": null, "amenity_subtype": "kindergarten" }, "geometry": { "type": "Point", "coordinates": [ 34.789874548175625, 31.256018301049469 ] } },
{ "type": "Feature", "properties": { "Institutio": "ערבה", "type": "גן ילדים", "ADDRESS": "מבצע יואב שכ ו", "oldName": null, "amenity_subtype": "kindergarten" }, "geometry": { "type": "Point", "coordinates": [ 34.779798337885474, 31.259188188842195 ] } },
{ "type": "Feature", "properties": { "Institutio": "דולב", "type": "גן ילדים", "ADDRESS": "בודנהיימר", "oldName": null, "amenity_subtype": "kindergarten" }, "geometry": { "type": "Point", "coordinates": [ 34.800666368620234, 31.281670006794645 ] } },
{ "type": "Feature", "properties": { "Institutio": "לולב", "type": "גן ילדים", "ADDRESS": "מבצע נחשון שכ ו", "oldName": null, "amenity_subtype": "kindergarten" }, "geometry": { "type": "Point", "coordinates": [ 34.786685159494887, 31.25971842396185 ] } },
{ "type": "Feature", "properties": { "Institutio": "מאיר", "type": "גן ילדים", "ADDRESS": "משה שרת שכ יא", "oldName": null, "amenity_subtype": "kindergarten" }, "geometry": { "type": "Point", "coordinates": [ 34.769684500791726, 31.25942806686011 ] } },
{ "type": "Feature", "properties": { "Institutio": "תפארת", "type": "גן ילדים", "ADDRESS": "בר-לב חיים 18", "oldName": null, "amenity_subtype": "kindergarten" }, "geometry": { "type": "Point", "coordinates": [ 34.773263359856877, 31.266319889573232 ] } },
{ "type": "Feature", "properties": { "Institutio": "נגבה", "type": "גן ילדים", "ADDRESS": "יוסף תקוע", "oldName": null, "amenity_subtype": "kindergarten" }, "geometry": { "type": "Point", "coordinates": [ 34.819954554847804, 31.277233298673607 ] } },
{ "type": "Feature", "properties": { "Institutio": "שניר", "type": "גן ילדים", "ADDRESS": null, "oldName": null, "amenity_subtype": "kindergarten" }, "geometry": { "type": "Point", "coordinates": [ 34.797545582353571, 31.281574879010531 ] } },
{ "type": "Feature", "properties": { "Institutio": "פלוטו", "type": "גן ילדים", "ADDRESS": "רד\"ק שכ יא", "oldName": "רד\"ק", "amenity_subtype": "kindergarten" }, "geometry": { "type": "Point", "coordinates": [ 34.772111440784677, 31.25687810019571 ] } },
{ "type": "Feature", "properties": { "Institutio": "שיזף", "type": "גן ילדים", "ADDRESS": "שיזף נווה נוי", "oldName": null, "amenity_subtype": "kindergarten" }, "geometry": { "type": "Point", "coordinates": [ 34.789604009662099, 31.230884881654173 ] } },
{ "type": "Feature", "properties": { "Institutio": "ההגנה ב'", "type": "גן ילדים", "ADDRESS": "ההגנה עיר עתיקה", "oldName": null, "amenity_subtype": "kindergarten" }, "geometry": { "type": "Point", "coordinates": [ 34.785460268556427, 31.238341884530247 ] } },
{ "type": "Feature", "properties": { "Institutio": "אסף", "type": "גן ילדים", "ADDRESS": "רמב\"ם עיר עתיקה", "oldName": null, "amenity_subtype": "kindergarten" }, "geometry": { "type": "Point", "coordinates": [ 34.78873658069012, 31.244811219732309 ] } },
{ "type": "Feature", "properties": { "Institutio": "שעורה", "type": "גן ילדים", "ADDRESS": "מבצע עובדה שכ ו", "oldName": null, "amenity_subtype": "kindergarten" }, "geometry": { "type": "Point", "coordinates": [ 34.776299151803791, 31.259312756124643 ] } },
{ "type": "Feature", "properties": { "Institutio": "ביאליק", "type": "גן ילדים", "ADDRESS": "ביאליק שכ ב", "oldName": null, "amenity_subtype": "kindergarten" }, "geometry": { "type": "Point", "coordinates": [ 34.793688019767998, 31.254858997369929 ] } },
{ "type": "Feature", "properties": { "Institutio": "ישראל", "type": "גן ילדים", "ADDRESS": "מבצע קילשון", "oldName": "ציון", "amenity_subtype": "kindergarten" }, "geometry": { "type": "Point", "coordinates": [ 34.780966244825748, 31.264697716574428 ] } },
{ "type": "Feature", "properties": { "Institutio": "עינב", "type": "גן ילדים", "ADDRESS": "מבצע יקב שכ ן", "oldName": "גפן", "amenity_subtype": "kindergarten" }, "geometry": { "type": "Point", "coordinates": [ 34.780831733705945, 31.265099659638956 ] } },
{ "type": "Feature", "properties": { "Institutio": "רקפת", "type": "גן ילדים", "ADDRESS": "מבצע ארז שכ ו", "oldName": null, "amenity_subtype": "kindergarten" }, "geometry": { "type": "Point", "coordinates": [ 34.782475321132317, 31.265326738841321 ] } },
{ "type": "Feature", "properties": { "Institutio": "צבר", "type": "גן ילדים", "ADDRESS": "הכנסת שכ ד", "oldName": null, "amenity_subtype": "kindergarten" }, "geometry": { "type": "Point", "coordinates": [ 34.795967319518979, 31.271592150706866 ] } },
{ "type": "Feature", "properties": { "Institutio": "דובדבן יפני", "type": "גן ילדים", "ADDRESS": "חביבה רייך שכ ג", "oldName": null, "amenity_subtype": "kindergarten" }, "geometry": { "type": "Point", "coordinates": [ 34.808716426517201, 31.257054928540263 ] } },
{ "type": "Feature", "properties": { "Institutio": "לימונית", "type": "גן ילדים", "ADDRESS": "סנהדרין שכ ד", "oldName": "לימון", "amenity_subtype": "kindergarten" }, "geometry": { "type": "Point", "coordinates": [ 34.789907586994893, 31.270351209550842 ] } },
{ "type": "Feature", "properties": { "Institutio": "נחליאלי", "type": "גן ילדים", "ADDRESS": "יוסף בן מתתיהו-שכ' ד", "oldName": null, "amenity_subtype": "kindergarten" }, "geometry": { "type": "Point", "coordinates": [ 34.799111519051671, 31.265010500208632 ] } },
{ "type": "Feature", "properties": { "Institutio": "חט\"צ יחדיו", "type": "גן ילדים", "ADDRESS": "בי\"ס יחדיו", "oldName": null, "amenity_subtype": "kindergarten" }, "geometry": { "type": "Point", "coordinates": [ 34.777029386379937, 31.237301464395053 ] } },
{ "type": "Feature", "properties": { "Institutio": "חט''צ נווה שלום", "type": "גן ילדים", "ADDRESS": "בי\"ס נווה שלום", "oldName": null, "amenity_subtype": "kindergarten" }, "geometry": { "type": "Point", "coordinates": [ 34.773108633112102, 31.236981061356513 ] } },
{ "type": "Feature", "properties": { "Institutio": "רותם", "type": "גן ילדים", "ADDRESS": "ברוידס נ.מנחם", "oldName": null, "amenity_subtype": "kindergarten" }, "geometry": { "type": "Point", "coordinates": [ 34.756260649037905, 31.266594975681553 ] } },
{ "type": "Feature", "properties": { "Institutio": "אשכול", "type": "גן ילדים", "ADDRESS": "מגידו שכ ט", "oldName": null, "amenity_subtype": "kindergarten" }, "geometry": { "type": "Point", "coordinates": [ 34.775547813591601, 31.244010800462906 ] } },
{ "type": "Feature", "properties": { "Institutio": "נווה מנחם", "type": "גן ילדים", "ADDRESS": "בי\"ס נווה מנחם", "oldName": null, "amenity_subtype": "kindergarten" }, "geometry": { "type": "Point", "coordinates": [ 34.764795128558909, 31.268308414412608 ] } },
{ "type": "Feature", "properties": { "Institutio": "צאלה", "type": "גן ילדים", "ADDRESS": "מאיר יערי שכ יא", "oldName": null, "amenity_subtype": "kindergarten" }, "geometry": { "type": "Point", "coordinates": [ 34.762821263627991, 31.258404766943169 ] } },
{ "type": "Feature", "properties": { "Institutio": "לון", "type": "גן ילדים", "ADDRESS": "בי\"ס לון", "oldName": null, "amenity_subtype": "kindergarten" }, "geometry": { "type": "Point", "coordinates": [ 34.763964050248049, 31.246212208812828 ] } },
{ "type": "Feature", "properties": { "Institutio": "חוגלה", "type": "גן ילדים", "ADDRESS": "מרבד הקסמים שכ", "oldName": null, "amenity_subtype": "kindergarten" }, "geometry": { "type": "Point", "coordinates": [ 34.783303698570002, 31.24964044666552 ] } },
{ "type": "Feature", "properties": { "Institutio": "הצבי", "type": "גן ילדים", "ADDRESS": "הצבי שכ ה", "oldName": null, "amenity_subtype": "kindergarten" }, "geometry": { "type": "Point", "coordinates": [ 34.773547045358988, 31.251968163414297 ] } },
{ "type": "Feature", "properties": { "Institutio": "היובל", "type": "גן ילדים", "ADDRESS": "ביה\"ס היובל", "oldName": null, "amenity_subtype": "kindergarten" }, "geometry": { "type": "Point", "coordinates": [ 34.758805033481032, 31.264744600258407 ] } },
{ "type": "Feature", "properties": { "Institutio": "שביל החלב", "type": "גן ילדים", "ADDRESS": "עוזיאל שכ יא", "oldName": "עוזיאל", "amenity_subtype": "kindergarten" }, "geometry": { "type": "Point", "coordinates": [ 34.770681756019407, 31.255106181809214 ] } },
{ "type": "Feature", "properties": { "Institutio": "דותן", "type": "גן ילדים", "ADDRESS": "עין גדי שכ' ט", "oldName": null, "amenity_subtype": "kindergarten" }, "geometry": { "type": "Point", "coordinates": [ 34.77018863581209, 31.24855043307458 ] } },
{ "type": "Feature", "properties": { "Institutio": "יערה", "type": "גן ילדים", "ADDRESS": "צבעוני נווה נוי", "oldName": null, "amenity_subtype": "kindergarten" }, "geometry": { "type": "Point", "coordinates": [ 34.779954389150518, 31.231613309427267 ] } },
{ "type": "Feature", "properties": { "Institutio": "נהר", "type": "גן ילדים", "ADDRESS": "כיכר מרקדו", "oldName": "אפיק", "amenity_subtype": "kindergarten" }, "geometry": { "type": "Point", "coordinates": [ 34.768050514118755, 31.260318863994652 ] } },
{ "type": "Feature", "properties": { "Institutio": "כינור", "type": "גן ילדים", "ADDRESS": null, "oldName": "עובדי מדינה", "amenity_subtype": "kindergarten" }, "geometry": { "type": "Point", "coordinates": [ 34.786151904840793, 31.248286558890918 ] } },
{ "type": "Feature", "properties": { "Institutio": "גליל מערבי", "type": "גן ילדים", "ADDRESS": null, "oldName": null, "amenity_subtype": "kindergarten" }, "geometry": { "type": "Point", "coordinates": [ 34.807600138541986, 31.287620127425996 ] } },
{ "type": "Feature", "properties": { "Institutio": "תאיר", "type": "גן ילדים", "ADDRESS": "משה שרת שכ יא", "oldName": "מאיר", "amenity_subtype": "kindergarten" }, "geometry": { "type": "Point", "coordinates": [ 34.769719073860927, 31.25961252446362 ] } },
{ "type": "Feature", "properties": { "Institutio": "צוף", "type": "גן ילדים", "ADDRESS": "לרון", "oldName": "צופית", "amenity_subtype": "kindergarten" }, "geometry": { "type": "Point", "coordinates": [ 34.765171925815054, 31.231635382720235 ] } },
{ "type": "Feature", "properties": { "Institutio": "הגר דו לשוני - גשר", "type": "גן ילדים", "ADDRESS": null, "oldName": null, "amenity_subtype": "kindergarten" }, "geometry": { "type": "Point", "coordinates": [ 34.80827855477758, 31.249581241436982 ] } },
{ "type": "Feature", "properties": { "Institutio": "אשכולית", "type": "גן ילדים", "ADDRESS": "שטרית שכ יא", "oldName": null, "amenity_subtype": "kindergarten" }, "geometry": { "type": "Point", "coordinates": [ 34.764821464772481, 31.254203625191419 ] } },
{ "type": "Feature", "properties": { "Institutio": "דביר", "type": "גן ילדים", "ADDRESS": "שופמן נ.זאב", "oldName": null, "amenity_subtype": "kindergarten" }, "geometry": { "type": "Point", "coordinates": [ 34.774999202654847, 31.238547842727581 ] } },
{ "type": "Feature", "properties": { "Institutio": "נוגה", "type": "גן ילדים", "ADDRESS": "אברבנל שכ א", "oldName": null, "amenity_subtype": "kindergarten" }, "geometry": { "type": "Point", "coordinates": [ 34.767887256622409, 31.255529885948366 ] } },
{ "type": "Feature", "properties": { "Institutio": "אלמוג", "type": "גן ילדים", "ADDRESS": "טבנקין שכ ה", "oldName": null, "amenity_subtype": "kindergarten" }, "geometry": { "type": "Point", "coordinates": [ 34.774676790474167, 31.255511094231451 ] } },
{ "type": "Feature", "properties": { "Institutio": "מורשת", "type": "גן ילדים", "ADDRESS": "טבריה שכ ט", "oldName": "מולדת", "amenity_subtype": "kindergarten" }, "geometry": { "type": "Point", "coordinates": [ 34.775312091884011, 31.248325081445724 ] } },
{ "type": "Feature", "properties": { "Institutio": "גירית", "type": "גן ילדים", "ADDRESS": "ערבה 31", "oldName": null, "amenity_subtype": "kindergarten" }, "geometry": { "type": "Point", "coordinates": [ 34.779888183515489, 31.24860013767136 ] } },
{ "type": "Feature", "properties": { "Institutio": "אגוז", "type": "גן ילדים", "ADDRESS": "קפריסין שכ ה", "oldName": null, "amenity_subtype": "kindergarten" }, "geometry": { "type": "Point", "coordinates": [ 34.778412224758206, 31.253615828525561 ] } },
{ "type": "Feature", "properties": { "Institutio": "אתרוג", "type": "גן ילדים", "ADDRESS": "מבצע יואב שכ ו", "oldName": null, "amenity_subtype": "kindergarten" }, "geometry": { "type": "Point", "coordinates": [ 34.780003400424029, 31.259180529773349 ] } },
{ "type": "Feature", "properties": { "Institutio": "לביא", "type": "גן ילדים", "ADDRESS": "מוריה שכ א", "oldName": "מוריה", "amenity_subtype": "kindergarten" }, "geometry": { "type": "Point", "coordinates": [ 34.785472150896446, 31.246408823134523 ] } },
{ "type": "Feature", "properties": { "Institutio": "קשת", "type": "גן ילדים", "ADDRESS": "המשחררים שכ ב", "oldName": null, "amenity_subtype": "kindergarten" }, "geometry": { "type": "Point", "coordinates": [ 34.788318195968387, 31.252528356771499 ] } },
{ "type": "Feature", "properties": { "Institutio": "לב הדקל", "type": "גן ילדים", "ADDRESS": "מבצע נחשון שכ ו", "oldName": "לולב", "amenity_subtype": "kindergarten" }, "geometry": { "type": "Point", "coordinates": [ 34.786521854151019, 31.25970938821207 ] } },
{ "type": "Feature", "properties": { "Institutio": "אגם תכלת", "type": "גן ילדים", "ADDRESS": "הסופרים שכ ב", "oldName": null, "amenity_subtype": "kindergarten" }, "geometry": { "type": "Point", "coordinates": [ 34.789957588024002, 31.256085384536572 ] } },
{ "type": "Feature", "properties": { "Institutio": "מרגנית", "type": "גן ילדים", "ADDRESS": "שמעוני שכ ב", "oldName": null, "amenity_subtype": "kindergarten" }, "geometry": { "type": "Point", "coordinates": [ 34.794512721979913, 31.252787830595608 ] } },
{ "type": "Feature", "properties": { "Institutio": "אביב", "type": "גן ילדים", "ADDRESS": "בת שבע שכ נ.מנחם", "oldName": null, "amenity_subtype": "kindergarten" }, "geometry": { "type": "Point", "coordinates": [ 34.761662111600565, 31.26920290951487 ] } },
{ "type": "Feature", "properties": { "Institutio": "חמניה", "type": "גן ילדים", "ADDRESS": "מבצע עובדה שכ ו", "oldName": null, "amenity_subtype": "kindergarten" }, "geometry": { "type": "Point", "coordinates": [ 34.774261667062433, 31.26276745016645 ] } },
{ "type": "Feature", "properties": { "Institutio": "נראה אור", "type": "גן ילדים", "ADDRESS": "אמציה 9", "oldName": null, "amenity_subtype": "kindergarten" }, "geometry": { "type": "Point", "coordinates": [ 34.78377296898735, 31.26478110070698 ] } },
{ "type": "Feature", "properties": { "Institutio": "בית יעקב", "type": "גן ילדים", "ADDRESS": "יהודה לוי", "oldName": null, "amenity_subtype": "kindergarten" }, "geometry": { "type": "Point", "coordinates": [ 34.785001346812031, 31.26865170401976 ] } },
{ "type": "Feature", "properties": { "Institutio": "סברס", "type": "גן ילדים", "ADDRESS": "הכנסת שכ ד", "oldName": "צבר", "amenity_subtype": "kindergarten" }, "geometry": { "type": "Point", "coordinates": [ 34.795842348083063, 31.271581015417432 ] } },
{ "type": "Feature", "properties": { "Institutio": "חושן", "type": "גן ילדים", "ADDRESS": "חביבה רייך שכ ג", "oldName": "חנה סנש", "amenity_subtype": "kindergarten" }, "geometry": { "type": "Point", "coordinates": [ 34.808716426517201, 31.257054928540263 ] } },
{ "type": "Feature", "properties": { "Institutio": "אדיב", "type": "גן ילדים", "ADDRESS": "הנדיב שכ ג", "oldName": "נדיב", "amenity_subtype": "kindergarten" }, "geometry": { "type": "Point", "coordinates": [ 34.811479606089733, 31.25285056645804 ] } },
{ "type": "Feature", "properties": { "Institutio": "פרחי שושנה", "type": "גן ילדים", "ADDRESS": "הוגו שמואל", "oldName": null, "amenity_subtype": "kindergarten" }, "geometry": { "type": "Point", "coordinates": [ 34.805531206682851, 31.270637809390763 ] } },
{ "type": "Feature", "properties": { "Institutio": "גור אריה", "type": "גן ילדים", "ADDRESS": "הוגו שמואל", "oldName": null, "amenity_subtype": "kindergarten" }, "geometry": { "type": "Point", "coordinates": [ 34.80561226600765, 31.270494406819338 ] } },
{ "type": "Feature", "properties": { "Institutio": "דקל", "type": "גן ילדים", "ADDRESS": "שמעון ברנפלד 4א", "oldName": null, "amenity_subtype": "kindergarten" }, "geometry": { "type": "Point", "coordinates": [ 34.798521894136648, 31.270344174244403 ] } },
{ "type": "Feature", "properties": { "Institutio": "גאולה", "type": "גן ילדים", "ADDRESS": "התלמוד שכ ד", "oldName": null, "amenity_subtype": "kindergarten" }, "geometry": { "type": "Point", "coordinates": [ 34.791459034186104, 31.27272334233901 ] } },
{ "type": "Feature", "properties": { "Institutio": "חצב", "type": "גן ילדים", "ADDRESS": "רינגנבלום שכ ד", "oldName": null, "amenity_subtype": "kindergarten" }, "geometry": { "type": "Point", "coordinates": [ 34.79856764217709, 31.268422179076822 ] } },
{ "type": "Feature", "properties": { "Institutio": "בית אריאל", "type": "מרכז מדעים", "ADDRESS": "רח' וינגייט 39", "oldName": null, "amenity_subtype": "school" }, "geometry": { "type": "Point", "coordinates": [ 34.804968710402015, 31.255523701757092 ] } },
{ "type": "Feature", "properties": { "Institutio": "מורשת", "type": "גן ילדים", "ADDRESS": null, "oldName": null, "amenity_subtype": "kindergarten" }, "geometry": { "type": "Point", "coordinates": [ 34.764353814900069, 31.238142796258902 ] } },
{ "type": "Feature", "properties": { "Institutio": "חווה חקלאית", "type": "חווה חקלאי", "ADDRESS": null, "oldName": null, "amenity_subtype": "school" }, "geometry": { "type": "Point", "coordinates": [ 34.751307635438792, 31.258056416494234 ] } },
{ "type": "Feature", "properties": { "Institutio": "מרכז מדעים", "type": "מרכז מדעים", "ADDRESS": null, "oldName": null, "amenity_subtype": "school" }, "geometry": { "type": "Point", "coordinates": [ 34.788933424993587, 31.26439716685028 ] } },
{ "type": "Feature", "properties": { "Institutio": "חבצלת", "type": "גן ילדים", "ADDRESS": "ביה\"ח \"סורוקה\"", "oldName": null, "amenity_subtype": "kindergarten" }, "geometry": { "type": "Point", "coordinates": [ 34.801101343168085, 31.259032896788927 ] } },
{ "type": "Feature", "properties": { "Institutio": "צדק", "type": "גן ילדים", "ADDRESS": "אלפסי שכ יא", "oldName": null, "amenity_subtype": "kindergarten" }, "geometry": { "type": "Point", "coordinates": [ 34.77724054543723, 31.23926456092655 ] } },
{ "type": "Feature", "properties": { "Institutio": "החידא א", "type": "גן ילדים", "ADDRESS": "החיד\"א 5", "oldName": null, "amenity_subtype": "kindergarten" }, "geometry": { "type": "Point", "coordinates": [ 34.768092822207031, 31.253695765517893 ] } },
{ "type": "Feature", "properties": { "Institutio": "החידא ב", "type": "גן ילדים", "ADDRESS": "החיד\"א 5", "oldName": null, "amenity_subtype": "kindergarten" }, "geometry": { "type": "Point", "coordinates": [ 34.767941841642156, 31.253716857177587 ] } },
{ "type": "Feature", "properties": { "Institutio": "נורית - פסיכיאטרי", "type": "גן ילדים", "ADDRESS": "יהודה הלוי שכ ד", "oldName": null, "amenity_subtype": "kindergarten" }, "geometry": { "type": "Point", "coordinates": [ 34.782507862497035, 31.272347107524816 ] } },
{ "type": "Feature", "properties": { "Institutio": "נופר", "type": "גן ילדים", "ADDRESS": "משה שרת 13", "oldName": null, "amenity_subtype": "kindergarten" }, "geometry": { "type": "Point", "coordinates": [ 34.766771411220546, 31.256553783689455 ] } },
{ "type": "Feature", "properties": { "Institutio": "זוהר", "type": "גן ילדים", "ADDRESS": "רחבת השיל\"ה", "oldName": null, "amenity_subtype": "kindergarten" }, "geometry": { "type": "Point", "coordinates": [ 34.768965657063539, 31.257172559173494 ] } },
{ "type": "Feature", "properties": { "Institutio": "מיח\"א א", "type": "גן ילדים", "ADDRESS": "אפרסמון 6", "oldName": null, "amenity_subtype": "kindergarten" }, "geometry": { "type": "Point", "coordinates": [ 34.785359257742677, 31.230964567388412 ] } },
{ "type": "Feature", "properties": { "Institutio": "מצדיקי הרבים", "type": "גן ילדים", "ADDRESS": "שלום שבזי 17", "oldName": null, "amenity_subtype": "kindergarten" }, "geometry": { "type": "Point", "coordinates": [ 34.797084234636195, 31.2484344912483 ] } },
{ "type": "Feature", "properties": { "Institutio": "שכם", "type": "גן ילדים", "ADDRESS": "שכם שכ ט", "oldName": null, "amenity_subtype": "kindergarten" }, "geometry": { "type": "Point", "coordinates": [ 34.778371580241071, 31.245316246680289 ] } },
{ "type": "Feature", "properties": { "Institutio": "זמיר", "type": "גן ילדים", "ADDRESS": "עדן פרטוש 27", "oldName": "דרור", "amenity_subtype": "kindergarten" }, "geometry": { "type": "Point", "coordinates": [ 34.77396109551966, 31.222023923867983 ] } },
{ "type": "Feature", "properties": { "Institutio": "טל", "type": "גן ילדים", "ADDRESS": "מי מרום נווה זאב", "oldName": null, "amenity_subtype": "kindergarten" }, "geometry": { "type": "Point", "coordinates": [ 34.764145359819096, 31.238208250069295 ] } },
{ "type": "Feature", "properties": { "Institutio": "אגו\"י", "type": "גן ילדים", "ADDRESS": "החלוץ 2", "oldName": null, "amenity_subtype": "kindergarten" }, "geometry": { "type": "Point", "coordinates": [ 34.784429949227444, 31.23516302214178 ] } },
{ "type": "Feature", "properties": { "Institutio": "תות", "type": "גן ילדים", "ADDRESS": "מרכז גילת שכ ד", "oldName": null, "amenity_subtype": "kindergarten" }, "geometry": { "type": "Point", "coordinates": [ 34.791737958920343, 31.265235188456849 ] } },
{ "type": "Feature", "properties": { "Institutio": "נווה במדבר", "type": "גן ילדים", "ADDRESS": "בי\"ס נווה במדבר", "oldName": null, "amenity_subtype": "kindergarten" }, "geometry": { "type": "Point", "coordinates": [ 34.769976316393155, 31.263700569870391 ] } },
{ "type": "Feature", "properties": { "Institutio": "ניצני חומש", "type": "גן ילדים", "ADDRESS": "ליד מרכז גל", "oldName": null, "amenity_subtype": "kindergarten" }, "geometry": { "type": "Point", "coordinates": [ 34.804901115738367, 31.273828832408235 ] } },
{ "type": "Feature", "properties": { "Institutio": "שביט", "type": "גן ילדים", "ADDRESS": "אברבנאל שכ יא", "oldName": null, "amenity_subtype": "kindergarten" }, "geometry": { "type": "Point", "coordinates": [ 34.7678712417665, 31.254201818627706 ] } },
{ "type": "Feature", "properties": { "Institutio": "גלבוע", "type": "גן ילדים", "ADDRESS": "רחבת הגלבוע", "oldName": null, "amenity_subtype": "kindergarten" }, "geometry": { "type": "Point", "coordinates": [ 34.772254612238406, 31.252923231260091 ] } },
{ "type": "Feature", "properties": { "Institutio": "היובל ב", "type": "גן ילדים", "ADDRESS": "ביה\"ס היובל", "oldName": null, "amenity_subtype": "kindergarten" }, "geometry": { "type": "Point", "coordinates": [ 34.758874784082117, 31.264461927498747 ] } },
{ "type": "Feature", "properties": { "Institutio": "מצדיקי הרבים", "type": "גן ילדים", "ADDRESS": "רח' גוש עציו 13", "oldName": null, "amenity_subtype": "kindergarten" }, "geometry": { "type": "Point", "coordinates": [ 34.785762911940921, 31.249332357075158 ] } },
{ "type": "Feature", "properties": { "Institutio": "נריה", "type": "גן ילדים", "ADDRESS": "בי\"ס מוריה שכ א", "oldName": null, "amenity_subtype": "kindergarten" }, "geometry": { "type": "Point", "coordinates": [ 34.792546216569882, 31.24702436198497 ] } },
{ "type": "Feature", "properties": { "Institutio": "יובלים", "type": "גן ילדים", "ADDRESS": "בי\"ס יובלים", "oldName": null, "amenity_subtype": "kindergarten" }, "geometry": { "type": "Point", "coordinates": [ 34.770515639149927, 31.245132228855766 ] } },
{ "type": "Feature", "properties": { "Institutio": "עופרים", "type": "גן ילדים", "ADDRESS": "בורלא שכ ה", "oldName": null, "amenity_subtype": "kindergarten" }, "geometry": { "type": "Point", "coordinates": [ 34.776266401153386, 31.252405012383417 ] } },
{ "type": "Feature", "properties": { "Institutio": "יעלים", "type": "גן ילדים", "ADDRESS": "בורלא שכ ה", "oldName": null, "amenity_subtype": "kindergarten" }, "geometry": { "type": "Point", "coordinates": [ 34.776143164564282, 31.252501305797573 ] } },
{ "type": "Feature", "properties": { "Institutio": "ידיד", "type": "גן ילדים", "ADDRESS": "בי\"ס אור ממ\"ד", "oldName": null, "amenity_subtype": "kindergarten" }, "geometry": { "type": "Point", "coordinates": [ 34.764654846856615, 31.257618302560395 ] } },
{ "type": "Feature", "properties": { "Institutio": "ענבל", "type": "גן ילדים", "ADDRESS": "שיטרית 12", "oldName": null, "amenity_subtype": "kindergarten" }, "geometry": { "type": "Point", "coordinates": [ 34.764919302938829, 31.254232805264607 ] } },
{ "type": "Feature", "properties": { "Institutio": "באר מים חיים", "type": "גן ילדים", "ADDRESS": "ציקלג שכ ד", "oldName": null, "amenity_subtype": "kindergarten" }, "geometry": { "type": "Point", "coordinates": [ 34.79648462316073, 31.265045782380476 ] } },
{ "type": "Feature", "properties": { "Institutio": "גלית", "type": "גן ילדים", "ADDRESS": "בני שמעון שכ ד", "oldName": null, "amenity_subtype": "kindergarten" }, "geometry": { "type": "Point", "coordinates": [ 34.794687697685376, 31.266636275625057 ] } },
{ "type": "Feature", "properties": { "Institutio": "אוצר החיים", "type": "גן ילדים", "ADDRESS": "יעקב דורי 27", "oldName": null, "amenity_subtype": "kindergarten" }, "geometry": { "type": "Point", "coordinates": [ 34.780214911319653, 31.265870366779385 ] } },
{ "type": "Feature", "properties": { "Institutio": "אמרי יוסף", "type": "גן ילדים", "ADDRESS": "הוגו שמואל", "oldName": null, "amenity_subtype": "kindergarten" }, "geometry": { "type": "Point", "coordinates": [ 34.805649851303968, 31.270740162005868 ] } },
{ "type": "Feature", "properties": { "Institutio": "בית יעקב ד'", "type": "גן ילדים", "ADDRESS": "יהודה הנשא 1", "oldName": null, "amenity_subtype": "kindergarten" }, "geometry": { "type": "Point", "coordinates": [ 34.792133822437378, 31.270450626966632 ] } },
{ "type": "Feature", "properties": { "Institutio": "קיבוץ גלויות", "type": "גן ילדים", "ADDRESS": "הרצל 77", "oldName": null, "amenity_subtype": "kindergarten" }, "geometry": { "type": "Point", "coordinates": [ 34.790196910560809, 31.242338555101259 ] } },
{ "type": "Feature", "properties": { "Institutio": "שלהבת", "type": "גן ילדים", "ADDRESS": "רינגלבלום שכ ד", "oldName": null, "amenity_subtype": "kindergarten" }, "geometry": { "type": "Point", "coordinates": [ 34.80086337100748, 31.266329786575799 ] } },
{ "type": "Feature", "properties": { "Institutio": "ניצני אור", "type": "גן ילדים", "ADDRESS": "נגבה 22", "oldName": null, "amenity_subtype": "kindergarten" }, "geometry": { "type": "Point", "coordinates": [ 34.785689382051366, 31.23975945366972 ] } },
{ "type": "Feature", "properties": { "Institutio": "עוז", "type": "גן ילדים", "ADDRESS": "יוסף בן מתתיהו", "oldName": null, "amenity_subtype": "kindergarten" }, "geometry": { "type": "Point", "coordinates": [ 34.799118563633591, 31.264808458275642 ] } },
{ "type": "Feature", "properties": { "Institutio": "פעמון", "type": "גן ילדים", "ADDRESS": "אריה דולצ'ין 7", "oldName": null, "amenity_subtype": "kindergarten" }, "geometry": { "type": "Point", "coordinates": [ 34.767016579830894, 31.262819869593024 ] } },
{ "type": "Feature", "properties": { "Institutio": "שובו", "type": "גן ילדים", "ADDRESS": "צביה המלכה 8", "oldName": null, "amenity_subtype": "kindergarten" }, "geometry": { "type": "Point", "coordinates": [ 34.794961142807729, 31.26268060951147 ] } },
{ "type": "Feature", "properties": { "Institutio": "תל\"י אשל אברהם", "type": "גן ילדים", "ADDRESS": "עין גדי שכ ט", "oldName": null, "amenity_subtype": "kindergarten" }, "geometry": { "type": "Point", "coordinates": [ 34.771539253708355, 31.247783423271883 ] } },
{ "type": "Feature", "properties": { "Institutio": "תמר", "type": "גן ילדים", "ADDRESS": "אמציה 9", "oldName": null, "amenity_subtype": "kindergarten" }, "geometry": { "type": "Point", "coordinates": [ 34.783778483555317, 31.264853735408337 ] } },
{ "type": "Feature", "properties": { "Institutio": "שערי ציון", "type": "גן ילדים", "ADDRESS": "יוחנן בן זכאי שכ' ד", "oldName": null, "amenity_subtype": "kindergarten" }, "geometry": { "type": "Point", "coordinates": [ 34.793415503908079, 31.272770759930598 ] } },
{ "type": "Feature", "properties": { "Institutio": "צעד קדימה א", "type": "גן ילדים", "ADDRESS": "ברש 7", "oldName": null, "amenity_subtype": "kindergarten" }, "geometry": { "type": "Point", "coordinates": [ 34.776650042269765, 31.239583902600479 ] } },
{ "type": "Feature", "properties": { "Institutio": "סייפן", "type": "גן ילדים", "ADDRESS": null, "oldName": null, "amenity_subtype": "kindergarten" }, "geometry": { "type": "Point", "coordinates": [ 34.774141208260261, 31.236634091366462 ] } },
{ "type": "Feature", "properties": { "Institutio": "מרווה", "type": "גן ילדים", "ADDRESS": "טדסקי גד", "oldName": "הדס", "amenity_subtype": "kindergarten" }, "geometry": { "type": "Point", "coordinates": [ 34.797232491221358, 31.284087110182828 ] } },
{ "type": "Feature", "properties": { "Institutio": "צופית", "type": "גן ילדים", "ADDRESS": "לרון", "oldName": null, "amenity_subtype": "kindergarten" }, "geometry": { "type": "Point", "coordinates": [ 34.765056583431473, 31.231804518153012 ] } },
{ "type": "Feature", "properties": { "Institutio": "יריחו", "type": "גן ילדים", "ADDRESS": "שכם שכ ט", "oldName": "שכם", "amenity_subtype": "kindergarten" }, "geometry": { "type": "Point", "coordinates": [ 34.778379617268875, 31.245339591152991 ] } },
{ "type": "Feature", "properties": { "Institutio": "דרור", "type": "גן ילדים", "ADDRESS": null, "oldName": null, "amenity_subtype": "kindergarten" }, "geometry": { "type": "Point", "coordinates": [ 34.773975499309017, 31.221895465564021 ] } },
{ "type": "Feature", "properties": { "Institutio": "נוי", "type": "גן ילדים", "ADDRESS": null, "oldName": null, "amenity_subtype": "kindergarten" }, "geometry": { "type": "Point", "coordinates": [ 34.797674666947053, 31.281393192159484 ] } },
{ "type": "Feature", "properties": { "Institutio": "מקיף רבין", "type": "על יסודי", "ADDRESS": null, "oldName": null, "amenity_subtype": "school" }, "geometry": { "type": "Point", "coordinates": [ 34.766193293494098, 31.259393875678196 ] } },
{ "type": "Feature", "properties": { "Institutio": "מקיף א", "type": "על יסודי", "ADDRESS": "דרך השלום", "oldName": null, "amenity_subtype": "school" }, "geometry": { "type": "Point", "coordinates": [ 34.800125187718336, 31.253133691659716 ] } },
{ "type": "Feature", "properties": { "Institutio": "נאות לון", "type": "בית ספר", "ADDRESS": "רח שומרון נאות לון", "oldName": null, "amenity_subtype": "school" }, "geometry": { "type": "Point", "coordinates": [ 34.763542157422904, 31.246159355240568 ] } },
{ "type": "Feature", "properties": { "Institutio": "אפיק", "type": "בית ספר", "ADDRESS": "שכונה י\"א", "oldName": null, "amenity_subtype": "school" }, "geometry": { "type": "Point", "coordinates": [ 34.76720130639513, 31.261012860748053 ] } },
{ "type": "Feature", "properties": { "Institutio": "יובלים", "type": "בית ספר", "ADDRESS": "רחבת מגידו", "oldName": null, "amenity_subtype": "school" }, "geometry": { "type": "Point", "coordinates": [ 34.770341048499091, 31.244884960634778 ] } },
{ "type": "Feature", "properties": { "Institutio": "גבים", "type": "בית ספר", "ADDRESS": "חתם סופר", "oldName": null, "amenity_subtype": "school" }, "geometry": { "type": "Point", "coordinates": [ 34.769306261721312, 31.256349872362129 ] } },
{ "type": "Feature", "properties": { "Institutio": "אוריין", "type": "בית ספר", "ADDRESS": "טבנקין שכ ה", "oldName": null, "amenity_subtype": "school" }, "geometry": { "type": "Point", "coordinates": [ 34.774767237785667, 31.254563847287915 ] } },
{ "type": "Feature", "properties": { "Institutio": "מולדת", "type": "בית ספר", "ADDRESS": "שד' ירושלים", "oldName": null, "amenity_subtype": "school" }, "geometry": { "type": "Point", "coordinates": [ 34.775799173466723, 31.247293880753933 ] } },
{ "type": "Feature", "properties": { "Institutio": "תומר", "type": "בית ספר", "ADDRESS": "מבצע.חירם", "oldName": null, "amenity_subtype": "school" }, "geometry": { "type": "Point", "coordinates": [ 34.78369727487474, 31.260296757911846 ] } },
{ "type": "Feature", "properties": { "Institutio": "בארי", "type": "בית ספר", "ADDRESS": "רח' אסף שמחו", "oldName": null, "amenity_subtype": "school" }, "geometry": { "type": "Point", "coordinates": [ 34.78822612462433, 31.243856819173494 ] } },
{ "type": "Feature", "properties": { "Institutio": "נתיבות-יורם", "type": "בית ספר", "ADDRESS": "רח בצלאל 35", "oldName": null, "amenity_subtype": "school" }, "geometry": { "type": "Point", "coordinates": [ 34.7883812209136, 31.254885758040864 ] } },
{ "type": "Feature", "properties": { "Institutio": "היובל", "type": "בית ספר", "ADDRESS": "המלכים", "oldName": null, "amenity_subtype": "school" }, "geometry": { "type": "Point", "coordinates": [ 34.759327689570519, 31.264856557676808 ] } },
{ "type": "Feature", "properties": { "Institutio": "נווה מנחם", "type": "בית ספר", "ADDRESS": "שכונת נווה מ", "oldName": null, "amenity_subtype": "school" }, "geometry": { "type": "Point", "coordinates": [ 34.76482937540419, 31.268496834876402 ] } },
{ "type": "Feature", "properties": { "Institutio": "נווה במדבר", "type": "בית ספר", "ADDRESS": "רחוב ששת הימ", "oldName": null, "amenity_subtype": "school" }, "geometry": { "type": "Point", "coordinates": [ 34.769493325388112, 31.263595831973308 ] } },
{ "type": "Feature", "properties": { "Institutio": "אלומות", "type": "בית ספר", "ADDRESS": "יהודה הנשיא", "oldName": null, "amenity_subtype": "school" }, "geometry": { "type": "Point", "coordinates": [ 34.791025348485853, 31.269864658622009 ] } },
{ "type": "Feature", "properties": { "Institutio": "דב''ש", "type": "בית ספר", "ADDRESS": "רח קלאוזנר", "oldName": null, "amenity_subtype": "school" }, "geometry": { "type": "Point", "coordinates": [ 34.799484320570564, 31.268203612829481 ] } },
{ "type": "Feature", "properties": { "Institutio": "נטעים", "type": "בית ספר", "ADDRESS": "רח' גולומב שכונה ג", "oldName": null, "amenity_subtype": "school" }, "geometry": { "type": "Point", "coordinates": [ 34.80489219910595, 31.25515564925513 ] } },
{ "type": "Feature", "properties": { "Institutio": "רמות", "type": "בית ספר", "ADDRESS": "שכונת רמות ב", "oldName": null, "amenity_subtype": "school" }, "geometry": { "type": "Point", "coordinates": [ 34.804028753116405, 31.273481442058738 ] } },
{ "type": "Feature", "properties": { "Institutio": "בן גוריון", "type": "בית ספר", "ADDRESS": "שכונת רמות", "oldName": null, "amenity_subtype": "school" }, "geometry": { "type": "Point", "coordinates": [ 34.810239360058311, 31.269296680383338 ] } },
{ "type": "Feature", "properties": { "Institutio": "אשכול", "type": "בית ספר", "ADDRESS": "רחבת מגידו", "oldName": null, "amenity_subtype": "school" }, "geometry": { "type": "Point", "coordinates": [ 34.776482978301324, 31.243675444043454 ] } },
{ "type": "Feature", "properties": { "Institutio": "מצפה", "type": "בית ספר", "ADDRESS": null, "oldName": null, "amenity_subtype": "school" }, "geometry": { "type": "Point", "coordinates": [ 34.788794484951964, 31.263541924158766 ] } },
{ "type": "Feature", "properties": { "Institutio": "רכסים", "type": "בית ספר", "ADDRESS": null, "oldName": null, "amenity_subtype": "school" }, "geometry": { "type": "Point", "coordinates": [ 34.805662658143625, 31.284125806265067 ] } },
{ "type": "Feature", "properties": { "Institutio": "הרצוג", "type": "בית ספר", "ADDRESS": "הערים התאומות", "oldName": null, "amenity_subtype": "school" }, "geometry": { "type": "Point", "coordinates": [ 34.79804714825292, 31.285001399454657 ] } },
{ "type": "Feature", "properties": { "Institutio": "מקיף רגר", "type": "על יסודי", "ADDRESS": null, "oldName": null, "amenity_subtype": "school" }, "geometry": { "type": "Point", "coordinates": [ 34.768638083580981, 31.235833990045339 ] } },
{ "type": "Feature", "properties": { "Institutio": "נווה שלום", "type": "בית ספר", "ADDRESS": "רח' שופמן נווה זאב", "oldName": null, "amenity_subtype": "school" }, "geometry": { "type": "Point", "coordinates": [ 34.773754130773995, 31.23724425873095 ] } },
{ "type": "Feature", "properties": { "Institutio": "יחדיו", "type": "בית ספר", "ADDRESS": "חטיבת שמונה 12", "oldName": null, "amenity_subtype": "school" }, "geometry": { "type": "Point", "coordinates": [ 34.777230430869828, 31.237845529652581 ] } },
{ "type": "Feature", "properties": { "Institutio": "ישיבת באר שבע", "type": "בית ספר", "ADDRESS": "נגבה 49", "oldName": null, "amenity_subtype": "school" }, "geometry": { "type": "Point", "coordinates": [ 34.782958563835109, 31.241161029558715 ] } },
{ "type": "Feature", "properties": { "Institutio": "נתיבי עם", "type": "בית ספר", "ADDRESS": "שכ ט תד 3382", "oldName": null, "amenity_subtype": "school" }, "geometry": { "type": "Point", "coordinates": [ 34.772497178910619, 31.247340901410549 ] } },
{ "type": "Feature", "properties": { "Institutio": "מקיף ג", "type": "על יסודי", "ADDRESS": "דרך שמשון", "oldName": null, "amenity_subtype": "school" }, "geometry": { "type": "Point", "coordinates": [ 34.783072245380616, 31.256831780976047 ] } },
{ "type": "Feature", "properties": { "Institutio": "בית יעקב", "type": "בית ספר", "ADDRESS": "החלוץ 2", "oldName": null, "amenity_subtype": "school" }, "geometry": { "type": "Point", "coordinates": [ 34.784743054493212, 31.235203888730556 ] } },
{ "type": "Feature", "properties": { "Institutio": "מענית", "type": "בית ספר", "ADDRESS": "ככר הגנים נוה-נוי", "oldName": null, "amenity_subtype": "school" }, "geometry": { "type": "Point", "coordinates": [ 34.789624002944421, 31.230229884568196 ] } },
{ "type": "Feature", "properties": { "Institutio": "שורשים", "type": "בית ספר", "ADDRESS": "פקועה נוה נוי", "oldName": null, "amenity_subtype": "school" }, "geometry": { "type": "Point", "coordinates": [ 34.792499004433814, 31.230835862782445 ] } },
{ "type": "Feature", "properties": { "Institutio": "רננות", "type": "בית ספר", "ADDRESS": "בזל", "oldName": null, "amenity_subtype": "school" }, "geometry": { "type": "Point", "coordinates": [ 34.786817161897709, 31.247867806088891 ] } },
{ "type": "Feature", "properties": { "Institutio": "ברנקו וייס", "type": "על יסודי", "ADDRESS": "המשחררים 41", "oldName": null, "amenity_subtype": "school" }, "geometry": { "type": "Point", "coordinates": [ 34.7918118878424, 31.251424888444948 ] } },
{ "type": "Feature", "properties": { "Institutio": "עמל", "type": "על יסודי", "ADDRESS": "דרך המשחררים", "oldName": null, "amenity_subtype": "school" }, "geometry": { "type": "Point", "coordinates": [ 34.791896196512553, 31.252743746823324 ] } },
{ "type": "Feature", "properties": { "Institutio": "דקלים", "type": "בית ספר", "ADDRESS": "רח' בני אור", "oldName": null, "amenity_subtype": "school" }, "geometry": { "type": "Point", "coordinates": [ 34.783880870100482, 31.257275231364268 ] } },
{ "type": "Feature", "properties": { "Institutio": "יסודות", "type": "בית ספר", "ADDRESS": "מנדלסון", "oldName": null, "amenity_subtype": "school" }, "geometry": { "type": "Point", "coordinates": [ 34.787959871850653, 31.257870209598963 ] } },
{ "type": "Feature", "properties": { "Institutio": "מוריה", "type": "בית ספר", "ADDRESS": "רח' מנדלי מוכר ספרים", "oldName": null, "amenity_subtype": "school" }, "geometry": { "type": "Point", "coordinates": [ 34.792823761754619, 31.246465422892939 ] } },
{ "type": "Feature", "properties": { "Institutio": "משכן מאיר", "type": "בית ספר", "ADDRESS": "רח' רבי טרפון", "oldName": null, "amenity_subtype": "school" }, "geometry": { "type": "Point", "coordinates": [ 34.79225225917201, 31.259916705355479 ] } },
{ "type": "Feature", "properties": { "Institutio": "מקיף טוביהו", "type": "על יסודי", "ADDRESS": null, "oldName": null, "amenity_subtype": "school" }, "geometry": { "type": "Point", "coordinates": [ 34.761312337966203, 31.263625884182055 ] } },
{ "type": "Feature", "properties": { "Institutio": "רעים", "type": "בית ספר", "ADDRESS": "שאול המלך", "oldName": null, "amenity_subtype": "school" }, "geometry": { "type": "Point", "coordinates": [ 34.772185913040964, 31.263157252251432 ] } },
{ "type": "Feature", "properties": { "Institutio": "מאיר", "type": "בית ספר", "ADDRESS": "מבצע עובדה 116", "oldName": null, "amenity_subtype": "school" }, "geometry": { "type": "Point", "coordinates": [ 34.7736593186495, 31.263565805002127 ] } },
{ "type": "Feature", "properties": { "Institutio": "שובו", "type": "בית ספר", "ADDRESS": "מרדכי מקלף 28", "oldName": null, "amenity_subtype": "school" }, "geometry": { "type": "Point", "coordinates": [ 34.781782352413856, 31.268844723513606 ] } },
{ "type": "Feature", "properties": { "Institutio": "מגן", "type": "בית ספר", "ADDRESS": "יהודה הלוי.ת\"ד 4084", "oldName": null, "amenity_subtype": "school" }, "geometry": { "type": "Point", "coordinates": [ 34.783314684576517, 31.268751338748594 ] } },
{ "type": "Feature", "properties": { "Institutio": "מקיף אמי''ת", "type": "על יסודי", "ADDRESS": "דרך שמשון ת.ד. 798", "oldName": null, "amenity_subtype": "school" }, "geometry": { "type": "Point", "coordinates": [ 34.787750493063577, 31.265105486901643 ] } },
{ "type": "Feature", "properties": { "Institutio": "חבד - עוזיאל", "type": "בית ספר", "ADDRESS": "אלעזר בן-יאיר 19", "oldName": null, "amenity_subtype": "school" }, "geometry": { "type": "Point", "coordinates": [ 34.791230278497395, 31.261892700383473 ] } },
{ "type": "Feature", "properties": { "Institutio": "שחר", "type": "בית ספר", "ADDRESS": "האמוראים", "oldName": null, "amenity_subtype": "school" }, "geometry": { "type": "Point", "coordinates": [ 34.790934927075547, 31.266929145524482 ] } },
{ "type": "Feature", "properties": { "Institutio": "ישיבת בני עקיבא", "type": "על יסודי", "ADDRESS": "קרית וולפסון", "oldName": null, "amenity_subtype": "school" }, "geometry": { "type": "Point", "coordinates": [ 34.789118371125063, 31.272185657486098 ] } },
{ "type": "Feature", "properties": { "Institutio": "בית יעקב ד'", "type": "בית ספר", "ADDRESS": "יהודה הנשיא 1", "oldName": null, "amenity_subtype": "school" }, "geometry": { "type": "Point", "coordinates": [ 34.791706671760736, 31.270263211659966 ] } },
{ "type": "Feature", "properties": { "Institutio": "עץ חיים", "type": "בית ספר", "ADDRESS": "יוסף בן מתתיהו", "oldName": null, "amenity_subtype": "school" }, "geometry": { "type": "Point", "coordinates": [ 34.799737288934672, 31.264596630634415 ] } },
{ "type": "Feature", "properties": { "Institutio": "קארו", "type": "בית ספר", "ADDRESS": "אברהם אבינו 15", "oldName": null, "amenity_subtype": "school" }, "geometry": { "type": "Point", "coordinates": [ 34.794867348826941, 31.270589629574314 ] } },
{ "type": "Feature", "properties": { "Institutio": "בית הפקיד תלם", "type": "על יסודי", "ADDRESS": "דרך השלום 87", "oldName": null, "amenity_subtype": "school" }, "geometry": { "type": "Point", "coordinates": [ 34.80194416925945, 31.251320689856641 ] } },
{ "type": "Feature", "properties": { "Institutio": "דגניה", "type": "בית ספר", "ADDRESS": "זבוטינסקי ת\"ד 1004", "oldName": null, "amenity_subtype": "school" }, "geometry": { "type": "Point", "coordinates": [ 34.80795096608788, 31.249659045583478 ] } },
{ "type": "Feature", "properties": { "Institutio": "מקיף ב'- אולפנת אמית", "type": "על יסודי", "ADDRESS": "רחוב וינגייט", "oldName": null, "amenity_subtype": "school" }, "geometry": { "type": "Point", "coordinates": [ 34.801201202680467, 31.254926674317726 ] } },
{ "type": "Feature", "properties": { "Institutio": "חזון עובדיה", "type": "בית ספר", "ADDRESS": "גוש עציון", "oldName": null, "amenity_subtype": "school" }, "geometry": { "type": "Point", "coordinates": [ 34.808067175765068, 31.253099640594346 ] } },
{ "type": "Feature", "properties": { "Institutio": "מקיף ז", "type": "על יסודי", "ADDRESS": "רח' הדעת 87", "oldName": null, "amenity_subtype": "school" }, "geometry": { "type": "Point", "coordinates": [ 34.803214649034302, 31.269671054609645 ] } },
{ "type": "Feature", "properties": { "Institutio": "אפיקים בנגב", "type": "בית ספר", "ADDRESS": "שכונת רמות", "oldName": null, "amenity_subtype": "school" }, "geometry": { "type": "Point", "coordinates": [ 34.803101904312364, 31.270773142151747 ] } },
{ "type": "Feature", "properties": { "Institutio": "מקיף ו", "type": "על יסודי", "ADDRESS": "רח בית-אל", "oldName": null, "amenity_subtype": "school" }, "geometry": { "type": "Point", "coordinates": [ 34.77314199855148, 31.248339834922529 ] } },
{ "type": "Feature", "properties": { "Institutio": "אולפנא בני עקיבא", "type": "על יסודי", "ADDRESS": "רחבת הרב עוזאל", "oldName": null, "amenity_subtype": "school" }, "geometry": { "type": "Point", "coordinates": [ 34.77049237794747, 31.25598863176781 ] } },
{ "type": "Feature", "properties": { "Institutio": "טכני חיל האויר", "type": "על יסודי", "ADDRESS": "ד.צ. 03534", "oldName": null, "amenity_subtype": "school" }, "geometry": { "type": "Point", "coordinates": [ 34.755007523897476, 31.254079431094944 ] } },
{ "type": "Feature", "properties": { "Institutio": "בנות חייל", "type": "בית ספר", "ADDRESS": "רח' התלמוד ש", "oldName": null, "amenity_subtype": "school" }, "geometry": { "type": "Point", "coordinates": [ 34.782480455200165, 31.267032518284434 ] } },
{ "type": "Feature", "properties": { "Institutio": "אילנות", "type": "בית ספר", "ADDRESS": "הרב שמחה אסף", "oldName": null, "amenity_subtype": "school" }, "geometry": { "type": "Point", "coordinates": [ 34.775224498631118, 31.25267395456779 ] } },
{ "type": "Feature", "properties": { "Institutio": "בית יעקב", "type": "על יסודי", "ADDRESS": null, "oldName": null, "amenity_subtype": "school" }, "geometry": { "type": "Point", "coordinates": [ 34.785703095745575, 31.240124855838026 ] } },
{ "type": "Feature", "properties": { "Institutio": "תורת האבות", "type": "בית ספר", "ADDRESS": null, "oldName": null, "amenity_subtype": "school" }, "geometry": { "type": "Point", "coordinates": [ 34.777129350662655, 31.267752759315798 ] } },
{ "type": "Feature", "properties": { "Institutio": "אורים", "type": "בית ספר", "ADDRESS": "רח' דוד המ", "oldName": null, "amenity_subtype": "school" }, "geometry": { "type": "Point", "coordinates": [ 34.790817152852192, 31.264465950627233 ] } },
{ "type": "Feature", "properties": { "Institutio": "אור", "type": "בית ספר", "ADDRESS": "מאיר יערי 50", "oldName": null, "amenity_subtype": "school" }, "geometry": { "type": "Point", "coordinates": [ 34.764254077395172, 31.25763459013805 ] } },
{ "type": "Feature", "properties": { "Institutio": "רמבם", "type": "בית ספר", "ADDRESS": "קדושי בגדד", "oldName": null, "amenity_subtype": "school" }, "geometry": { "type": "Point", "coordinates": [ 34.781327802006921, 31.252143581336373 ] } },
{ "type": "Feature", "properties": { "Institutio": "נטע ארז", "type": "בית ספר", "ADDRESS": "מקלף מרדכי 24", "oldName": null, "amenity_subtype": "school" }, "geometry": { "type": "Point", "coordinates": [ 34.782696451365055, 31.268185488728722 ] } },
{ "type": "Feature", "properties": { "Institutio": "מעיינות", "type": "בית ספר", "ADDRESS": "רח' גרוסמן 22", "oldName": null, "amenity_subtype": "school" }, "geometry": { "type": "Point", "coordinates": [ 34.768168700159642, 31.236909870575921 ] } },
{ "type": "Feature", "properties": { "Institutio": "ישיבת תורה אור", "type": "על יסודי", "ADDRESS": "שלמה המלך 73", "oldName": null, "amenity_subtype": "school" }, "geometry": { "type": "Point", "coordinates": [ 34.794045676559271, 31.259807468679881 ] } },
{ "type": "Feature", "properties": { "Institutio": "באר מים חיים", "type": "בית ספר", "ADDRESS": "סמטה צקלג 3", "oldName": null, "amenity_subtype": "school" }, "geometry": { "type": "Point", "coordinates": [ 34.796903190734568, 31.264707231662591 ] } },
{ "type": "Feature", "properties": { "Institutio": "תיכון בית חיה", "type": "על יסודי", "ADDRESS": "חנה רובינא 39", "oldName": null, "amenity_subtype": "school" }, "geometry": { "type": "Point", "coordinates": [ 34.76930101703136, 31.269623877013583 ] } },
{ "type": "Feature", "properties": { "Institutio": "סמינר בית יעקב", "type": "על יסודי", "ADDRESS": "ציקלג 4", "oldName": null, "amenity_subtype": "school" }, "geometry": { "type": "Point", "coordinates": [ 34.796871606606423, 31.265057423377677 ] } },
{ "type": "Feature", "properties": { "Institutio": "אור מרגלית", "type": "על יסודי", "ADDRESS": "רח' גוש עציו 13", "oldName": null, "amenity_subtype": "school" }, "geometry": { "type": "Point", "coordinates": [ 34.786061173185324, 31.249753511707038 ] } },
{ "type": "Feature", "properties": { "Institutio": "שורשים (שז\"ר)", "type": "בית ספר", "ADDRESS": null, "oldName": null, "amenity_subtype": "school" }, "geometry": { "type": "Point", "coordinates": [ 34.774831899221049, 31.260094199068455 ] } },
{ "type": "Feature", "properties": { "Institutio": "גשר", "type": "בית ספר", "ADDRESS": null, "oldName": null, "amenity_subtype": "school" }, "geometry": { "type": "Point", "coordinates": [ 34.781540436727795, 31.272739893023463 ] } },
{ "type": "Feature", "properties": { "Institutio": "ישיבת אמי\"ת", "type": "על יסודי", "ADDRESS": null, "oldName": null, "amenity_subtype": "school" }, "geometry": { "type": "Point", "coordinates": [ 34.780514980823135, 31.257631807074052 ] } },
{ "type": "Feature", "properties": { "Institutio": "עמל", "type": "על יסודי", "ADDRESS": null, "oldName": null, "amenity_subtype": "school" }, "geometry": { "type": "Point", "coordinates": [ 34.780305996145401, 31.257021847074761 ] } },
{ "type": "Feature", "properties": { "Institutio": "אור ליאן", "type": "על יסודי", "ADDRESS": "בוגלה 4", "oldName": null, "amenity_subtype": "school" }, "geometry": { "type": "Point", "coordinates": [ 34.77148662758961, 31.263198961226028 ] } },
{ "type": "Feature", "properties": { "Institutio": "חט''צ אפיקים בנגב", "type": "גן ילדים", "ADDRESS": "הדעת 89", "oldName": null, "amenity_subtype": "kindergarten" }, "geometry": { "type": "Point", "coordinates": [ 34.802924391098131, 31.270965755359455 ] } },
{ "type": "Feature", "properties": { "Institutio": "סיגלית", "type": "גן ילדים", "ADDRESS": "פרייברג 25", "oldName": null, "amenity_subtype": "kindergarten" }, "geometry": { "type": "Point", "coordinates": [ 34.775939775385467, 31.236143958349871 ] } },
{ "type": "Feature", "properties": { "Institutio": "לילך", "type": "גן ילדים", "ADDRESS": "פרייברג 25", "oldName": null, "amenity_subtype": "kindergarten" }, "geometry": { "type": "Point", "coordinates": [ 34.775939775385467, 31.236143958349871 ] } },
{ "type": "Feature", "properties": { "Institutio": "צבעוני ססגוני", "type": "גן ילדים", "ADDRESS": "פרייברג 2", "oldName": null, "amenity_subtype": "kindergarten" }, "geometry": { "type": "Point", "coordinates": [ 34.773517806432992, 31.235326455881275 ] } },
{ "type": "Feature", "properties": { "Institutio": "צבעוני המדבר", "type": "גן ילדים", "ADDRESS": "פרייברג 2", "oldName": null, "amenity_subtype": "kindergarten" }, "geometry": { "type": "Point", "coordinates": [ 34.773592139357746, 31.235469882462919 ] } },
{ "type": "Feature", "properties": { "Institutio": "פשוש", "type": "גן ילדים", "ADDRESS": "ינשוף 1", "oldName": null, "amenity_subtype": "kindergarten" }, "geometry": { "type": "Point", "coordinates": [ 34.766699870127646, 31.230507677435888 ] } },
{ "type": "Feature", "properties": { "Institutio": "ינשוף", "type": "גן ילדים", "ADDRESS": "חלילי 3", "oldName": null, "amenity_subtype": "kindergarten" }, "geometry": { "type": "Point", "coordinates": [ 34.807589063706693, 31.283316536813558 ] } },
{ "type": "Feature", "properties": { "Institutio": "תנשמת", "type": "גן ילדים", "ADDRESS": "חלילי 3", "oldName": null, "amenity_subtype": "kindergarten" }, "geometry": { "type": "Point", "coordinates": [ 34.807490125058443, 31.283023754685445 ] } },
{ "type": "Feature", "properties": { "Institutio": "אנקור", "type": "גן ילדים", "ADDRESS": "חלילי 3", "oldName": "עטלף", "amenity_subtype": "kindergarten" }, "geometry": { "type": "Point", "coordinates": [ 34.807557673744583, 31.28315815806933 ] } },
{ "type": "Feature", "properties": { "Institutio": "זחל", "type": "גן ילדים", "ADDRESS": "בית שאן 52", "oldName": null, "amenity_subtype": "kindergarten" }, "geometry": { "type": "Point", "coordinates": [ 34.767786206983445, 31.24896750898175 ] } },
{ "type": "Feature", "properties": { "Institutio": "חילזון", "type": "גן ילדים", "ADDRESS": "עגור 2", "oldName": null, "amenity_subtype": "kindergarten" }, "geometry": { "type": "Point", "coordinates": [ 34.82531354890709, 31.274964060202478 ] } },
{ "type": "Feature", "properties": { "Institutio": "פרפר", "type": "גן ילדים", "ADDRESS": "בית שאן", "oldName": null, "amenity_subtype": "kindergarten" }, "geometry": { "type": "Point", "coordinates": [ 34.767953441620847, 31.248946317498401 ] } },
{ "type": "Feature", "properties": { "Institutio": "שבלול", "type": "גן ילדים", "ADDRESS": "עגור 2", "oldName": null, "amenity_subtype": "kindergarten" }, "geometry": { "type": "Point", "coordinates": [ 34.825392882179059, 31.274838234341587 ] } },
{ "type": "Feature", "properties": { "Institutio": "יפה נוף חט\"צ", "type": "גן ילדים", "ADDRESS": null, "oldName": null, "amenity_subtype": "kindergarten" }, "geometry": { "type": "Point", "coordinates": [ 34.808072452217971, 31.286882061348326 ] } },
{ "type": "Feature", "properties": { "Institutio": "חמה", "type": "גן ילדים", "ADDRESS": null, "oldName": null, "amenity_subtype": "kindergarten" }, "geometry": { "type": "Point", "coordinates": [ 34.78728620005834, 31.244189917071139 ] } },
{ "type": "Feature", "properties": { "Institutio": "שמש", "type": "גן ילדים", "ADDRESS": null, "oldName": null, "amenity_subtype": "kindergarten" }, "geometry": { "type": "Point", "coordinates": [ 34.787412186759141, 31.244119930220158 ] } },
{ "type": "Feature", "properties": { "Institutio": "אגס", "type": "גן ילדים", "ADDRESS": null, "oldName": null, "amenity_subtype": "kindergarten" }, "geometry": { "type": "Point", "coordinates": [ 34.782600824333066, 31.236591660659421 ] } },
{ "type": "Feature", "properties": { "Institutio": "חמנית", "type": "גן ילדים", "ADDRESS": null, "oldName": null, "amenity_subtype": "kindergarten" }, "geometry": { "type": "Point", "coordinates": [ 34.782528095264624, 31.236662525644125 ] } },
{ "type": "Feature", "properties": { "Institutio": "שקדיה", "type": "גן ילדים", "ADDRESS": null, "oldName": null, "amenity_subtype": "kindergarten" }, "geometry": { "type": "Point", "coordinates": [ 34.78354428549077, 31.235977516178885 ] } },
{ "type": "Feature", "properties": { "Institutio": "שקד", "type": "גן ילדים", "ADDRESS": null, "oldName": null, "amenity_subtype": "kindergarten" }, "geometry": { "type": "Point", "coordinates": [ 34.783315863508847, 31.235832931501346 ] } },
{ "type": "Feature", "properties": { "Institutio": "תמנון", "type": "גן ילדים", "ADDRESS": null, "oldName": null, "amenity_subtype": "kindergarten" }, "geometry": { "type": "Point", "coordinates": [ 34.80156189145189, 31.285024259204413 ] } },
{ "type": "Feature", "properties": { "Institutio": "דיונון", "type": "גן ילדים", "ADDRESS": null, "oldName": null, "amenity_subtype": "kindergarten" }, "geometry": { "type": "Point", "coordinates": [ 34.801716180287393, 31.285161711764825 ] } },
{ "type": "Feature", "properties": { "Institutio": "שוהם", "type": "גן ילדים", "ADDRESS": "חביבה רייך שכ ג", "oldName": "חנה סנש", "amenity_subtype": "kindergarten" }, "geometry": { "type": "Point", "coordinates": [ 34.808549641339106, 31.257083050507006 ] } },
{ "type": "Feature", "properties": { "Institutio": "ענבל חט\"צ יצחק נבון", "type": "גן ילדים", "ADDRESS": null, "oldName": null, "amenity_subtype": "kindergarten" }, "geometry": { "type": "Point", "coordinates": [ 34.768625186470771, 31.232858716688103 ] } },
{ "type": "Feature", "properties": { "Institutio": "שפן הסלע", "type": "גן ילדים", "ADDRESS": null, "oldName": null, "amenity_subtype": "kindergarten" }, "geometry": { "type": "Point", "coordinates": [ 34.770933333032275, 31.232781707556391 ] } },
{ "type": "Feature", "properties": { "Institutio": "ארנבת", "type": "גן ילדים", "ADDRESS": null, "oldName": null, "amenity_subtype": "kindergarten" }, "geometry": { "type": "Point", "coordinates": [ 34.771147757808585, 31.232869150190957 ] } },
{ "type": "Feature", "properties": { "Institutio": "אצבעונית", "type": "גן ילדים", "ADDRESS": null, "oldName": null, "amenity_subtype": "kindergarten" }, "geometry": { "type": "Point", "coordinates": [ 34.768823043891281, 31.232528915167347 ] } },
{ "type": "Feature", "properties": { "Institutio": "לוטם", "type": "גן ילדים", "ADDRESS": null, "oldName": "אוכמנית", "amenity_subtype": "kindergarten" }, "geometry": { "type": "Point", "coordinates": [ 34.768277218230324, 31.232548552274583 ] } },
{ "type": "Feature", "properties": { "Institutio": "אדמונית", "type": "גן ילדים", "ADDRESS": null, "oldName": null, "amenity_subtype": "kindergarten" }, "geometry": { "type": "Point", "coordinates": [ 34.768491481672328, 31.232431787451237 ] } },
{ "type": "Feature", "properties": { "Institutio": "יהלום", "type": "גן ילדים", "ADDRESS": null, "oldName": null, "amenity_subtype": "kindergarten" }, "geometry": { "type": "Point", "coordinates": [ 34.807975124732884, 31.286298349660257 ] } },
{ "type": "Feature", "properties": { "Institutio": "טופז", "type": "גן ילדים", "ADDRESS": null, "oldName": null, "amenity_subtype": "kindergarten" }, "geometry": { "type": "Point", "coordinates": [ 34.807842375506297, 31.286184113834242 ] } },
{ "type": "Feature", "properties": { "Institutio": "ספיר", "type": "גן ילדים", "ADDRESS": null, "oldName": null, "amenity_subtype": "kindergarten" }, "geometry": { "type": "Point", "coordinates": [ 34.807691980170574, 31.286322717170378 ] } },
{ "type": "Feature", "properties": { "Institutio": "יצחק נבון", "type": "בית ספר", "ADDRESS": null, "oldName": "פלח 5", "amenity_subtype": "school" }, "geometry": { "type": "Point", "coordinates": [ 34.768307257800764, 31.233052490291222 ] } },
{ "type": "Feature", "properties": { "Institutio": "ההגנה", "type": "גן ילדים", "ADDRESS": "ההגנה עיר עתיקה", "oldName": null, "amenity_subtype": "kindergarten" }, "geometry": { "type": "Point", "coordinates": [ 34.785329280785696, 31.238445262569755 ] } },
{ "type": "Feature", "properties": { "Institutio": "החלוצים", "type": "גן ילדים", "ADDRESS": "המעפילים שכ ג", "oldName": "המעפילים", "amenity_subtype": "kindergarten" }, "geometry": { "type": "Point", "coordinates": [ 34.806351901458569, 31.248924596473081 ] } },
{ "type": "Feature", "properties": { "Institutio": "הנדיב", "type": "גן ילדים", "ADDRESS": "הנדיב שכ ג", "oldName": null, "amenity_subtype": "kindergarten" }, "geometry": { "type": "Point", "coordinates": [ 34.811334509836747, 31.252793123384262 ] } },
{ "type": "Feature", "properties": { "Institutio": "חלמונית", "type": "גן ילדים", "ADDRESS": "הכנסת שכ ד", "oldName": "שושן", "amenity_subtype": "kindergarten" }, "geometry": { "type": "Point", "coordinates": [ 34.797298840144471, 31.272366357261053 ] } },
{ "type": "Feature", "properties": { "Institutio": "טווס", "type": "גן ילדים", "ADDRESS": "מרבד הקסמים שכ", "oldName": "חוגלה", "amenity_subtype": "kindergarten" }, "geometry": { "type": "Point", "coordinates": [ 34.783200979656769, 31.249730761472645 ] } },
{ "type": "Feature", "properties": { "Institutio": "ראם", "type": "גן ילדים", "ADDRESS": "הצבי שכ ה", "oldName": "הצבי", "amenity_subtype": "kindergarten" }, "geometry": { "type": "Point", "coordinates": [ 34.773435545096049, 31.251877138459182 ] } },
{ "type": "Feature", "properties": { "Institutio": "ברקן", "type": "גן ילדים", "ADDRESS": "רחבת הגלבוע", "oldName": "גלבוע", "amenity_subtype": "kindergarten" }, "geometry": { "type": "Point", "coordinates": [ 34.772110661372096, 31.252936482357132 ] } },
{ "type": "Feature", "properties": { "Institutio": "אלה", "type": "גן ילדים", "ADDRESS": "עין גדי שכ' ט", "oldName": "דותן", "amenity_subtype": "kindergarten" }, "geometry": { "type": "Point", "coordinates": [ 34.770316217792136, 31.248527447781967 ] } },
{ "type": "Feature", "properties": { "Institutio": "שיטה", "type": "גן ילדים", "ADDRESS": "נאיר יערי שכ יא", "oldName": "צאלה", "amenity_subtype": "kindergarten" }, "geometry": { "type": "Point", "coordinates": [ 34.762835505850688, 31.258291666861201 ] } },
{ "type": "Feature", "properties": { "Institutio": "נורית", "type": "גן ילדים", "ADDRESS": "שמעוני שכ ב", "oldName": null, "amenity_subtype": "kindergarten" }, "geometry": { "type": "Point", "coordinates": [ 34.79485772857528, 31.252824182904558 ] } },
{ "type": "Feature", "properties": { "Institutio": "חיפושית", "type": "גן ילדים", "ADDRESS": "שמעוני שכ ב", "oldName": null, "amenity_subtype": "kindergarten" }, "geometry": { "type": "Point", "coordinates": [ 34.794667969610543, 31.252741128840135 ] } },
{ "type": "Feature", "properties": { "Institutio": "גרעינים", "type": "גן ילדים", "ADDRESS": null, "oldName": null, "amenity_subtype": "kindergarten" }, "geometry": { "type": "Point", "coordinates": [ 34.774435344770318, 31.262715982514955 ] } },
{ "type": "Feature", "properties": { "Institutio": "אלמוגית", "type": "גן ילדים", "ADDRESS": "משה קהירי 3", "oldName": "מפרשית חנ\"מ", "amenity_subtype": "kindergarten" }, "geometry": { "type": "Point", "coordinates": [ 34.80184029461622, 31.285314711254152 ] } },
{ "type": "Feature", "properties": { "Institutio": "שושנון", "type": "גן ילדים", "ADDRESS": "משה קהירי 3", "oldName": "סנפיר", "amenity_subtype": "kindergarten" }, "geometry": { "type": "Point", "coordinates": [ 34.801439327338869, 31.284860059998245 ] } },
{ "type": "Feature", "properties": { "Institutio": "שלמה", "type": "גן ילדים", "ADDRESS": "רדק 44", "oldName": "כוכב", "amenity_subtype": "kindergarten" }, "geometry": { "type": "Point", "coordinates": [ 34.77174606274081, 31.256348318081049 ] } },
{ "type": "Feature", "properties": { "Institutio": "מקיף זילברמן", "type": "על יסודי", "ADDRESS": null, "oldName": "הרכס", "amenity_subtype": "school" }, "geometry": { "type": "Point", "coordinates": [ 34.804390488542559, 31.288388584160373 ] } },
{ "type": "Feature", "properties": { "Institutio": "נעמי שמר", "type": "גן ילדים", "ADDRESS": null, "oldName": null, "amenity_subtype": "kindergarten" }, "geometry": { "type": "Point", "coordinates": [ 34.758842340309286, 31.273074385142824 ] } },
{ "type": "Feature", "properties": { "Institutio": "עוזי חיטמן", "type": "גן ילדים", "ADDRESS": null, "oldName": null, "amenity_subtype": "kindergarten" }, "geometry": { "type": "Point", "coordinates": [ 34.759017132828582, 31.273125103317156 ] } },
{ "type": "Feature", "properties": { "Institutio": "הדר", "type": "גן ילדים", "ADDRESS": "מינץ", "oldName": null, "amenity_subtype": "kindergarten" }, "geometry": { "type": "Point", "coordinates": [ 34.778439541895871, 31.257588347979521 ] } },
{ "type": "Feature", "properties": { "Institutio": "כולנו", "type": "גן ילדים", "ADDRESS": "מינץ", "oldName": null, "amenity_subtype": "kindergarten" }, "geometry": { "type": "Point", "coordinates": [ 34.778941235881845, 31.257381807910942 ] } },
{ "type": "Feature", "properties": { "Institutio": "חברות", "type": "גן ילדים", "ADDRESS": "מינץ", "oldName": null, "amenity_subtype": "kindergarten" }, "geometry": { "type": "Point", "coordinates": [ 34.779075053889855, 31.257305579086239 ] } },
{ "type": "Feature", "properties": { "Institutio": "אלומה", "type": "גן ילדים", "ADDRESS": "רש\"י 7", "oldName": "לימון", "amenity_subtype": "kindergarten" }, "geometry": { "type": "Point", "coordinates": [ 34.788071978821584, 31.268890204624633 ] } },
{ "type": "Feature", "properties": { "Institutio": "חט\"צ רימונים", "type": "גן ילדים", "ADDRESS": null, "oldName": "רימון", "amenity_subtype": "kindergarten" }, "geometry": { "type": "Point", "coordinates": [ 34.763151346700532, 31.257019548971602 ] } },
{ "type": "Feature", "properties": { "Institutio": "אלי\"ע", "type": "גן ילדים", "ADDRESS": null, "oldName": null, "amenity_subtype": "kindergarten" }, "geometry": { "type": "Point", "coordinates": [ 34.77663943106365, 31.266220128381693 ] } },
{ "type": "Feature", "properties": { "Institutio": "ירקון", "type": "גן ילדים", "ADDRESS": "משה דיין שכ ו", "oldName": null, "amenity_subtype": "kindergarten" }, "geometry": { "type": "Point", "coordinates": [ 34.770945737163139, 31.266410692592466 ] } },
{ "type": "Feature", "properties": { "Institutio": "שושן צחור", "type": "גן ילדים", "ADDRESS": null, "oldName": null, "amenity_subtype": "kindergarten" }, "geometry": { "type": "Point", "coordinates": [ 34.755121764025134, 31.273175973374197 ] } },
{ "type": "Feature", "properties": { "Institutio": "כלניות", "type": "בית ספר", "ADDRESS": null, "oldName": null, "amenity_subtype": "school" }, "geometry": { "type": "Point", "coordinates": [ 34.755821223051662, 31.272960283496179 ] } },
{ "type": "Feature", "properties": { "Institutio": "ליבנה", "type": "גן ילדים", "ADDRESS": null, "oldName": null, "amenity_subtype": "kindergarten" }, "geometry": { "type": "Point", "coordinates": [ 34.756016375512985, 31.27281778712171 ] } },
{ "type": "Feature", "properties": { "Institutio": "יקינטון", "type": "גן ילדים", "ADDRESS": "צ'לנוב נ.מנחם", "oldName": null, "amenity_subtype": "kindergarten" }, "geometry": { "type": "Point", "coordinates": [ 34.775161744573644, 31.249328427517366 ] } },
{ "type": "Feature", "properties": { "Institutio": "תלתן", "type": "גן ילדים", "ADDRESS": "מבצע נחשון", "oldName": "דבורנית", "amenity_subtype": "kindergarten" }, "geometry": { "type": "Point", "coordinates": [ 34.7879336282599, 31.263245001956662 ] } },
{ "type": "Feature", "properties": { "Institutio": "מעיינות", "type": "גן ילדים", "ADDRESS": null, "oldName": null, "amenity_subtype": "kindergarten" }, "geometry": { "type": "Point", "coordinates": [ 34.769265445144605, 31.240713453030956 ] } },
{ "type": "Feature", "properties": { "Institutio": "רימונים", "type": "בית ספר", "ADDRESS": null, "oldName": "רימון", "amenity_subtype": "school" }, "geometry": { "type": "Point", "coordinates": [ 34.762692535059657, 31.257121776718328 ] } },
{ "type": "Feature", "properties": { "Institutio": "נאות אברהם", "type": "בית ספר", "ADDRESS": "יהושע ייבין", "oldName": null, "amenity_subtype": "school" }, "geometry": { "type": "Point", "coordinates": [ 34.765060469815033, 31.237653320878856 ] } },
{ "type": "Feature", "properties": { "Institutio": "דקל ב", "type": "גן ילדים", "ADDRESS": "שמעון ברנפלד 4א", "oldName": null, "amenity_subtype": "kindergarten" }, "geometry": { "type": "Point", "coordinates": [ 34.798533763318765, 31.270167626494249 ] } },
{ "type": "Feature", "properties": { "Institutio": "מיח\"א ב", "type": "גן ילדים", "ADDRESS": "אפרסמון 6", "oldName": null, "amenity_subtype": "kindergarten" }, "geometry": { "type": "Point", "coordinates": [ 34.785203242432345, 31.231078600223885 ] } },
{ "type": "Feature", "properties": { "Institutio": "דגנית", "type": "גן ילדים", "ADDRESS": "רוטנשטייך 16", "oldName": null, "amenity_subtype": "kindergarten" }, "geometry": { "type": "Point", "coordinates": [ 34.797585577443634, 31.281446630022355 ] } },
{ "type": "Feature", "properties": { "Institutio": "דוד", "type": "גן ילדים", "ADDRESS": "רדק 44", "oldName": null, "amenity_subtype": "kindergarten" }, "geometry": { "type": "Point", "coordinates": [ 34.771874473125202, 31.256453269917561 ] } },
{ "type": "Feature", "properties": { "Institutio": "בז", "type": "גן ילדים", "ADDRESS": "עמיצור 4", "oldName": null, "amenity_subtype": "kindergarten" }, "geometry": { "type": "Point", "coordinates": [ 34.79836703788623, 31.281651825695604 ] } },
{ "type": "Feature", "properties": { "Institutio": "עיט", "type": "גן ילדים", "ADDRESS": "עמיצור 4", "oldName": null, "amenity_subtype": "kindergarten" }, "geometry": { "type": "Point", "coordinates": [ 34.798649183493488, 31.281513668271131 ] } },
{ "type": "Feature", "properties": { "Institutio": "עיטם", "type": "גן ילדים", "ADDRESS": "עמיצור 4", "oldName": "דיה", "amenity_subtype": "kindergarten" }, "geometry": { "type": "Point", "coordinates": [ 34.798847092555683, 31.281755010372876 ] } },
{ "type": "Feature", "properties": { "Institutio": "ציפור", "type": "גן ילדים", "ADDRESS": "עמיצור 4", "oldName": "נשר", "amenity_subtype": "kindergarten" }, "geometry": { "type": "Point", "coordinates": [ 34.798531944915872, 31.281820238214777 ] } },
{ "type": "Feature", "properties": { "Institutio": "שפירית", "type": "גן ילדים", "ADDRESS": "רונאל דב 41", "oldName": null, "amenity_subtype": "kindergarten" }, "geometry": { "type": "Point", "coordinates": [ 34.769900024437675, 31.239899101793569 ] } },
{ "type": "Feature", "properties": { "Institutio": "דוכיפת", "type": "גן ילדים", "ADDRESS": "שטרן יוסף 5", "oldName": null, "amenity_subtype": "kindergarten" }, "geometry": { "type": "Point", "coordinates": [ 34.800477814112718, 31.279922633400815 ] } },
{ "type": "Feature", "properties": { "Institutio": "סנונית", "type": "גן ילדים", "ADDRESS": "שטרן יוסף 5", "oldName": null, "amenity_subtype": "kindergarten" }, "geometry": { "type": "Point", "coordinates": [ 34.800603135111146, 31.279985070866232 ] } },
{ "type": "Feature", "properties": { "Institutio": "צדף", "type": "גן ילדים", "ADDRESS": null, "oldName": null, "amenity_subtype": "kindergarten" }, "geometry": { "type": "Point", "coordinates": [ 34.799437595389236, 31.284395644193896 ] } },
{ "type": "Feature", "properties": { "Institutio": "שונית", "type": "גן ילדים", "ADDRESS": null, "oldName": null, "amenity_subtype": "kindergarten" }, "geometry": { "type": "Point", "coordinates": [ 34.799656513718809, 31.284220032356934 ] } },
{ "type": "Feature", "properties": { "Institutio": "ריף", "type": "גן ילדים", "ADDRESS": "נחום סנה", "oldName": null, "amenity_subtype": "kindergarten" }, "geometry": { "type": "Point", "coordinates": [ 34.799455816728468, 31.284015043781764 ] } },
{ "type": "Feature", "properties": { "Institutio": "קונכיה", "type": "גן ילדים", "ADDRESS": "נחום סנה", "oldName": null, "amenity_subtype": "kindergarten" }, "geometry": { "type": "Point", "coordinates": [ 34.799224689056089, 31.2841958378811 ] } },
{ "type": "Feature", "properties": { "Institutio": "אקליפטוס", "type": "גן ילדים", "ADDRESS": "מקור חיים", "oldName": null, "amenity_subtype": "kindergarten" }, "geometry": { "type": "Point", "coordinates": [ 34.765874225265669, 31.237598978255221 ] } },
{ "type": "Feature", "properties": { "Institutio": "אשל", "type": "גן ילדים", "ADDRESS": "מקור חיים", "oldName": null, "amenity_subtype": "kindergarten" }, "geometry": { "type": "Point", "coordinates": [ 34.765521941161353, 31.237011336994421 ] } },
{ "type": "Feature", "properties": { "Institutio": "שקמה", "type": "גן ילדים", "ADDRESS": "מקור חיים", "oldName": null, "amenity_subtype": "kindergarten" }, "geometry": { "type": "Point", "coordinates": [ 34.765646319601117, 31.237414714569603 ] } },
{ "type": "Feature", "properties": { "Institutio": "צפצפה", "type": "גן ילדים", "ADDRESS": "מקור חיים", "oldName": null, "amenity_subtype": "kindergarten" }, "geometry": { "type": "Point", "coordinates": [ 34.766028068835432, 31.237427944247216 ] } },
{ "type": "Feature", "properties": { "Institutio": "זית", "type": "גן ילדים", "ADDRESS": "מקור חיים", "oldName": null, "amenity_subtype": "kindergarten" }, "geometry": { "type": "Point", "coordinates": [ 34.76588039915778, 31.237265201556983 ] } },
{ "type": "Feature", "properties": { "Institutio": "חרוב", "type": "גן ילדים", "ADDRESS": "מקור חיים", "oldName": null, "amenity_subtype": "kindergarten" }, "geometry": { "type": "Point", "coordinates": [ 34.765775877993185, 31.237045902211019 ] } },
{ "type": "Feature", "properties": { "Institutio": "אירוס הנגב", "type": "גן ילדים", "ADDRESS": "מאיר גרוסמן 13", "oldName": null, "amenity_subtype": "kindergarten" }, "geometry": { "type": "Point", "coordinates": [ 34.766798011131769, 31.235663425116957 ] } },
{ "type": "Feature", "properties": { "Institutio": "אירוס הדור", "type": "גן ילדים", "ADDRESS": "מאיר גרוסמן 13", "oldName": null, "amenity_subtype": "kindergarten" }, "geometry": { "type": "Point", "coordinates": [ 34.766633117012027, 31.235738628432756 ] } },
{ "type": "Feature", "properties": { "Institutio": "אירוס ארגמן", "type": "גן ילדים", "ADDRESS": "מאיר גרוסמן 13", "oldName": null, "amenity_subtype": "kindergarten" }, "geometry": { "type": "Point", "coordinates": [ 34.766448724457767, 31.235675956708032 ] } },
{ "type": "Feature", "properties": { "Institutio": "סהר", "type": "גן ילדים", "ADDRESS": "מולכו שלמה", "oldName": null, "amenity_subtype": "kindergarten" }, "geometry": { "type": "Point", "coordinates": [ 34.763216579574248, 31.264180688757815 ] } },
{ "type": "Feature", "properties": { "Institutio": "ירח", "type": "גן ילדים", "ADDRESS": "מולכו שלמה", "oldName": null, "amenity_subtype": "kindergarten" }, "geometry": { "type": "Point", "coordinates": [ 34.763216579574248, 31.264180688757815 ] } },
{ "type": "Feature", "properties": { "Institutio": "לבנה", "type": "גן ילדים", "ADDRESS": "מולכו שלמה", "oldName": null, "amenity_subtype": "kindergarten" }, "geometry": { "type": "Point", "coordinates": [ 34.763216579574248, 31.264180688757815 ] } },
{ "type": "Feature", "properties": { "Institutio": "פיסטוק", "type": "גן ילדים", "ADDRESS": "הגדודים", "oldName": null, "amenity_subtype": "kindergarten" }, "geometry": { "type": "Point", "coordinates": [ 34.782333942014297, 31.236598235615336 ] } },
{ "type": "Feature", "properties": { "Institutio": "פקאן", "type": "גן ילדים", "ADDRESS": "הגדודים", "oldName": null, "amenity_subtype": "kindergarten" }, "geometry": { "type": "Point", "coordinates": [ 34.78234577839811, 31.236483123609272 ] } },
{ "type": "Feature", "properties": { "Institutio": "סחלב", "type": "גן ילדים", "ADDRESS": "מבצע נחשון", "oldName": null, "amenity_subtype": "kindergarten" }, "geometry": { "type": "Point", "coordinates": [ 34.78791784587596, 31.263373070592557 ] } },
{ "type": "Feature", "properties": { "Institutio": "מיתר", "type": "גן ילדים", "ADDRESS": "המשחררים שכ ב", "oldName": null, "amenity_subtype": "kindergarten" }, "geometry": { "type": "Point", "coordinates": [ 34.788233755478473, 31.252530496035931 ] } },
{ "type": "Feature", "properties": { "Institutio": "שיבולת", "type": "גן ילדים", "ADDRESS": "מבצע עובדה שכ ו", "oldName": null, "amenity_subtype": "kindergarten" }, "geometry": { "type": "Point", "coordinates": [ 34.776299151803791, 31.259312756124643 ] } },
{ "type": "Feature", "properties": { "Institutio": "פטל", "type": "גן ילדים", "ADDRESS": "שד' ירושלים 70", "oldName": null, "amenity_subtype": "kindergarten" }, "geometry": { "type": "Point", "coordinates": [ 34.772278384133124, 31.246798054244902 ] } },
{ "type": "Feature", "properties": { "Institutio": "עפרוני", "type": "גן ילדים", "ADDRESS": "קדושי סוריה", "oldName": null, "amenity_subtype": "kindergarten" }, "geometry": { "type": "Point", "coordinates": [ 34.77527031233015, 31.257144082674174 ] } },
{ "type": "Feature", "properties": { "Institutio": "חורש", "type": "גן ילדים", "ADDRESS": null, "oldName": "מורן", "amenity_subtype": "kindergarten" }, "geometry": { "type": "Point", "coordinates": [ 34.797251337983475, 31.279543637715737 ] } },
{ "type": "Feature", "properties": { "Institutio": "סתיו", "type": "גן ילדים", "ADDRESS": "בת שבע שכ נ.מנחם", "oldName": "אביב", "amenity_subtype": "kindergarten" }, "geometry": { "type": "Point", "coordinates": [ 34.761675351666462, 31.269348518232889 ] } },
{ "type": "Feature", "properties": { "Institutio": "קוקוס", "type": "גן ילדים", "ADDRESS": "קפריסין שכ ה", "oldName": "אגוז", "amenity_subtype": "kindergarten" }, "geometry": { "type": "Point", "coordinates": [ 34.778535719198672, 31.25351757125987 ] } },
{ "type": "Feature", "properties": { "Institutio": "אופיר", "type": "גן ילדים", "ADDRESS": "רחבת יבנה שכ ט", "oldName": null, "amenity_subtype": "kindergarten" }, "geometry": { "type": "Point", "coordinates": [ 34.771352430737181, 31.245314124006601 ] } },
{ "type": "Feature", "properties": { "Institutio": "קורל", "type": "גן ילדים", "ADDRESS": "טבנקין שכ ה", "oldName": "אלמוג", "amenity_subtype": "kindergarten" }, "geometry": { "type": "Point", "coordinates": [ 34.774888987723003, 31.255497375672483 ] } },
{ "type": "Feature", "properties": { "Institutio": "כרם", "type": "גן ילדים", "ADDRESS": "מגידו שכ ט", "oldName": "אשכול", "amenity_subtype": "kindergarten" }, "geometry": { "type": "Point", "coordinates": [ 34.775662682028745, 31.244004136066433 ] } },
{ "type": "Feature", "properties": { "Institutio": "רחל", "type": "גן ילדים", "ADDRESS": "ביאליק שכ ב", "oldName": "ביאליק", "amenity_subtype": "kindergarten" }, "geometry": { "type": "Point", "coordinates": [ 34.793819185108894, 31.254880559710998 ] } },
{ "type": "Feature", "properties": { "Institutio": "חט\"צ בן גוריון", "type": "גן ילדים", "ADDRESS": "בי\"ס בן גוריון", "oldName": null, "amenity_subtype": "kindergarten" }, "geometry": { "type": "Point", "coordinates": [ 34.809815729187733, 31.26880124852369 ] } },
{ "type": "Feature", "properties": { "Institutio": "מפוחית", "type": "גן ילדים", "ADDRESS": "ברנר שכ א", "oldName": "ברנר", "amenity_subtype": "kindergarten" }, "geometry": { "type": "Point", "coordinates": [ 34.793252598635384, 31.24886439058125 ] } },
{ "type": "Feature", "properties": { "Institutio": "רמה", "type": "גן ילדים", "ADDRESS": "מיכאל הנגבי", "oldName": null, "amenity_subtype": "kindergarten" }, "geometry": { "type": "Point", "coordinates": [ 34.804748540087061, 31.283835697215689 ] } },
{ "type": "Feature", "properties": { "Institutio": "גליל עליון", "type": "גן ילדים", "ADDRESS": null, "oldName": null, "amenity_subtype": "kindergarten" }, "geometry": { "type": "Point", "coordinates": [ 34.80768271869217, 31.287497049398805 ] } },
{ "type": "Feature", "properties": { "Institutio": "שיל\"ת", "type": "גן ילדים", "ADDRESS": "שופמן נ.זאב", "oldName": "דביר", "amenity_subtype": "kindergarten" }, "geometry": { "type": "Point", "coordinates": [ 34.775109533275412, 31.23863630652745 ] } },
{ "type": "Feature", "properties": { "Institutio": "שלדג", "type": "גן ילדים", "ADDRESS": "משה סתוי נ.זאב", "oldName": null, "amenity_subtype": "kindergarten" }, "geometry": { "type": "Point", "coordinates": [ 34.767048247612998, 31.240415162923078 ] } },
{ "type": "Feature", "properties": { "Institutio": "פלפלון", "type": "גן ילדים", "ADDRESS": "בודנהיימר", "oldName": null, "amenity_subtype": "kindergarten" }, "geometry": { "type": "Point", "coordinates": [ 34.80075195313443, 31.28187130935769 ] } },
{ "type": "Feature", "properties": { "Institutio": "הרצוג חרמון", "type": "גן ילדים", "ADDRESS": "הערים התאומות", "oldName": null, "amenity_subtype": "kindergarten" }, "geometry": { "type": "Point", "coordinates": [ 34.79798124623148, 31.285438164297545 ] } },
{ "type": "Feature", "properties": { "Institutio": "רוח", "type": "גן ילדים", "ADDRESS": "רח טבריה שכ ט", "oldName": "השלושה", "amenity_subtype": "kindergarten" }, "geometry": { "type": "Point", "coordinates": [ 34.776260031634138, 31.247060182526347 ] } },
{ "type": "Feature", "properties": { "Institutio": "אש", "type": "גן ילדים", "ADDRESS": "רח טבריה שכ ט", "oldName": "השלושה", "amenity_subtype": "kindergarten" }, "geometry": { "type": "Point", "coordinates": [ 34.776417946309657, 31.246983876879316 ] } },
{ "type": "Feature", "properties": { "Institutio": "סופית", "type": "גן ילדים", "ADDRESS": "ניב דוד נ.זאב", "oldName": null, "amenity_subtype": "kindergarten" }, "geometry": { "type": "Point", "coordinates": [ 34.770520537130899, 31.238628747994781 ] } },
{ "type": "Feature", "properties": { "Institutio": "סיתוונית", "type": "גן ילדים", "ADDRESS": "רינגנבלום שכ ד", "oldName": null, "amenity_subtype": "kindergarten" }, "geometry": { "type": "Point", "coordinates": [ 34.798715328121851, 31.268422645352942 ] } },
{ "type": "Feature", "properties": { "Institutio": "יובלים", "type": "גן ילדים", "ADDRESS": "בי\"ס יובלים", "oldName": null, "amenity_subtype": "kindergarten" }, "geometry": { "type": "Point", "coordinates": [ 34.770412541136857, 31.24525521448771 ] } },
{ "type": "Feature", "properties": { "Institutio": "יובלים", "type": "גן ילדים", "ADDRESS": "בי\"ס יובלים", "oldName": null, "amenity_subtype": "kindergarten" }, "geometry": { "type": "Point", "coordinates": [ 34.770273466135485, 31.245173697154133 ] } },
{ "type": "Feature", "properties": { "Institutio": "כוורת", "type": "גן ילדים", "ADDRESS": "צבעוני נווה נוי", "oldName": "יערה", "amenity_subtype": "kindergarten" }, "geometry": { "type": "Point", "coordinates": [ 34.779831381837042, 31.23160937964234 ] } },
{ "type": "Feature", "properties": { "Institutio": "זוויתן", "type": "גן ילדים", "ADDRESS": "פריבס רמות", "oldName": "ירדן", "amenity_subtype": "kindergarten" }, "geometry": { "type": "Point", "coordinates": [ 34.800756613214347, 31.279022035097938 ] } },
{ "type": "Feature", "properties": { "Institutio": "כפיר", "type": "גן ילדים", "ADDRESS": "ירושלים שכ ט", "oldName": null, "amenity_subtype": "kindergarten" }, "geometry": { "type": "Point", "coordinates": [ 34.77460305111304, 31.245452745695804 ] } },
{ "type": "Feature", "properties": { "Institutio": "יער", "type": "גן ילדים", "ADDRESS": "הר בוקר רמות", "oldName": null, "amenity_subtype": "kindergarten" }, "geometry": { "type": "Point", "coordinates": [ 34.809288375451622, 31.275239216712109 ] } },
{ "type": "Feature", "properties": { "Institutio": "לימון", "type": "גן ילדים", "ADDRESS": "סנהדרין שכ ד", "oldName": null, "amenity_subtype": "kindergarten" }, "geometry": { "type": "Point", "coordinates": [ 34.789817965337996, 31.270206444824112 ] } },
{ "type": "Feature", "properties": { "Institutio": "מולדת", "type": "גן ילדים", "ADDRESS": "טבריה שכ ט", "oldName": null, "amenity_subtype": "kindergarten" }, "geometry": { "type": "Point", "coordinates": [ 34.775467996725617, 31.248315029571202 ] } },
{ "type": "Feature", "properties": { "Institutio": "אריה", "type": "גן ילדים", "ADDRESS": "מוריה שכ א", "oldName": "מוריה", "amenity_subtype": "kindergarten" }, "geometry": { "type": "Point", "coordinates": [ 34.785553806574079, 31.246493660791931 ] } },
{ "type": "Feature", "properties": { "Institutio": "מורן", "type": "גן ילדים", "ADDRESS": null, "oldName": null, "amenity_subtype": "kindergarten" }, "geometry": { "type": "Point", "coordinates": [ 34.797230385076119, 31.279645762096195 ] } },
{ "type": "Feature", "properties": { "Institutio": "מי מרום", "type": "גן ילדים", "ADDRESS": "מי מרום נווה זאב", "oldName": "מי מרום", "amenity_subtype": "kindergarten" }, "geometry": { "type": "Point", "coordinates": [ 34.764125052955059, 31.238598680059365 ] } },
{ "type": "Feature", "properties": { "Institutio": "נבו", "type": "גן ילדים", "ADDRESS": "גרשם שלום רמות", "oldName": "מירון", "amenity_subtype": "kindergarten" }, "geometry": { "type": "Point", "coordinates": [ 34.806693641219184, 31.270834377668201 ] } },
{ "type": "Feature", "properties": { "Institutio": "יעל", "type": "גן ילדים", "ADDRESS": "וינגיט שכ ג", "oldName": "מיתרים", "amenity_subtype": "kindergarten" }, "geometry": { "type": "Point", "coordinates": [ 34.803694841050934, 31.256014845800724 ] } },
{ "type": "Feature", "properties": { "Institutio": "נווה במדבר", "type": "גן ילדים", "ADDRESS": "בי\"ס נווה במדבר", "oldName": null, "amenity_subtype": "kindergarten" }, "geometry": { "type": "Point", "coordinates": [ 34.769861730513171, 31.263640278217341 ] } },
{ "type": "Feature", "properties": { "Institutio": "נווה מנחם", "type": "גן ילדים", "ADDRESS": "בי\"ס נווה מנחם", "oldName": null, "amenity_subtype": "kindergarten" }, "geometry": { "type": "Point", "coordinates": [ 34.765140371910654, 31.268276947885003 ] } },
{ "type": "Feature", "properties": { "Institutio": "נווה מנחם", "type": "גן ילדים", "ADDRESS": "בי\"ס נווה מנחם", "oldName": null, "amenity_subtype": "kindergarten" }, "geometry": { "type": "Point", "coordinates": [ 34.764956365398113, 31.268162691077535 ] } },
{ "type": "Feature", "properties": { "Institutio": "חט''צ נווה שלום", "type": "גן ילדים", "ADDRESS": "בי\"ס נווה שלום", "oldName": null, "amenity_subtype": "kindergarten" }, "geometry": { "type": "Point", "coordinates": [ 34.773062381357313, 31.236826248368125 ] } },
{ "type": "Feature", "properties": { "Institutio": "חט''צ נווה שלום", "type": "גן ילדים", "ADDRESS": "בי\"ס נווה שלום", "oldName": null, "amenity_subtype": "kindergarten" }, "geometry": { "type": "Point", "coordinates": [ 34.77324259859499, 31.236777092821193 ] } },
{ "type": "Feature", "properties": { "Institutio": "אוריה", "type": "גן ילדים", "ADDRESS": "בי\"ס מוריה שכ א", "oldName": "נריה", "amenity_subtype": "kindergarten" }, "geometry": { "type": "Point", "coordinates": [ 34.792426096144005, 31.246929837178705 ] } },
{ "type": "Feature", "properties": { "Institutio": "סלעית בנות", "type": "גן ילדים", "ADDRESS": "קדושי סוריה", "oldName": null, "amenity_subtype": "kindergarten" }, "geometry": { "type": "Point", "coordinates": [ 34.775391884144675, 31.257262835253858 ] } },
{ "type": "Feature", "properties": { "Institutio": "נבל", "type": "גן ילדים", "ADDRESS": null, "oldName": "עובדי מדינה", "amenity_subtype": "kindergarten" }, "geometry": { "type": "Point", "coordinates": [ 34.786167888959724, 31.248385362229325 ] } },
{ "type": "Feature", "properties": { "Institutio": "עוזיאל", "type": "גן ילדים", "ADDRESS": "עוזיאל שכ יא", "oldName": null, "amenity_subtype": "kindergarten" }, "geometry": { "type": "Point", "coordinates": [ 34.770251560868431, 31.255148018249294 ] } },
{ "type": "Feature", "properties": { "Institutio": "נחל", "type": "גן ילדים", "ADDRESS": "שטקליס נ.מנחם", "oldName": null, "amenity_subtype": "kindergarten" }, "geometry": { "type": "Point", "coordinates": [ 34.768405926283052, 31.270551633749079 ] } },
{ "type": "Feature", "properties": { "Institutio": "ממטרים", "type": "גן ילדים", "ADDRESS": "מבצע משה נ.זאב", "oldName": null, "amenity_subtype": "kindergarten" }, "geometry": { "type": "Point", "coordinates": [ 34.779307017967128, 31.237028483392013 ] } },
{ "type": "Feature", "properties": { "Institutio": "פעמונית", "type": "גן ילדים", "ADDRESS": "ברוידס נ.מנחם", "oldName": null, "amenity_subtype": "kindergarten" }, "geometry": { "type": "Point", "coordinates": [ 34.756392401438212, 31.266517845430474 ] } },
{ "type": "Feature", "properties": { "Institutio": "חט''צ רמות", "type": "גן ילדים", "ADDRESS": "בי\"ס רמות", "oldName": null, "amenity_subtype": "kindergarten" }, "geometry": { "type": "Point", "coordinates": [ 34.804647648281822, 31.27334110184869 ] } },
{ "type": "Feature", "properties": { "Institutio": "קיסריה", "type": "גן ילדים", "ADDRESS": "שומרון שכ לון", "oldName": null, "amenity_subtype": "kindergarten" }, "geometry": { "type": "Point", "coordinates": [ 34.765585659773464, 31.246561642398383 ] } },
{ "type": "Feature", "properties": { "Institutio": "תפוח", "type": "גן ילדים", "ADDRESS": "שיזף נווה נוי", "oldName": null, "amenity_subtype": "kindergarten" }, "geometry": { "type": "Point", "coordinates": [ 34.789747262929424, 31.230926569795514 ] } },
{ "type": "Feature", "properties": { "Institutio": "תאנה", "type": "גן ילדים", "ADDRESS": "גרוסמן נ.זאב", "oldName": null, "amenity_subtype": "kindergarten" }, "geometry": { "type": "Point", "coordinates": [ 34.767860278398501, 31.236629718519605 ] } },
{ "type": "Feature", "properties": { "Institutio": "תהילה", "type": "גן ילדים", "ADDRESS": "בר-לב חיים 18", "oldName": null, "amenity_subtype": "kindergarten" }, "geometry": { "type": "Point", "coordinates": [ 34.773079891122507, 31.266345522920901 ] } },
{ "type": "Feature", "properties": { "Institutio": "אפרסמון", "type": "גן ילדים", "ADDRESS": "אפרסמון 6", "oldName": null, "amenity_subtype": "kindergarten" }, "geometry": { "type": "Point", "coordinates": [ 34.785140827117303, 31.230933236637089 ] } },
{ "type": "Feature", "properties": { "Institutio": "פפאיה", "type": "גן ילדים", "ADDRESS": "אפרסמון 6", "oldName": null, "amenity_subtype": "kindergarten" }, "geometry": { "type": "Point", "coordinates": [ 34.785468750240042, 31.230928001838922 ] } },
{ "type": "Feature", "properties": { "Institutio": "אננס", "type": "גן ילדים", "ADDRESS": "אפרסמון 6", "oldName": null, "amenity_subtype": "kindergarten" }, "geometry": { "type": "Point", "coordinates": [ 34.785162148260916, 31.230844829067436 ] } },
{ "type": "Feature", "properties": { "Institutio": "דבורה", "type": "גן ילדים", "ADDRESS": null, "oldName": null, "amenity_subtype": "kindergarten" }, "geometry": { "type": "Point", "coordinates": [ 34.779864321851008, 31.243268681595808 ] } },
{ "type": "Feature", "properties": { "Institutio": "דבש", "type": "גן ילדים", "ADDRESS": null, "oldName": null, "amenity_subtype": "kindergarten" }, "geometry": { "type": "Point", "coordinates": [ 34.779935965422062, 31.243340260618044 ] } },
{ "type": "Feature", "properties": { "Institutio": "סנאי", "type": "גן ילדים", "ADDRESS": "ערבה 31", "oldName": null, "amenity_subtype": "kindergarten" }, "geometry": { "type": "Point", "coordinates": [ 34.779914759853853, 31.24880640162948 ] } },
{ "type": "Feature", "properties": { "Institutio": "פרג", "type": "גן ילדים", "ADDRESS": null, "oldName": null, "amenity_subtype": "kindergarten" }, "geometry": { "type": "Point", "coordinates": [ 34.775794923384773, 31.241221162421287 ] } },
{ "type": "Feature", "properties": { "Institutio": "כלנית", "type": "גן ילדים", "ADDRESS": null, "oldName": null, "amenity_subtype": "kindergarten" }, "geometry": { "type": "Point", "coordinates": [ 34.775645613537606, 31.241131608724171 ] } },
{ "type": "Feature", "properties": { "Institutio": "ענן", "type": "גן ילדים", "ADDRESS": "שטקליס 2", "oldName": null, "amenity_subtype": "kindergarten" }, "geometry": { "type": "Point", "coordinates": [ 34.770372143991644, 31.271197064965644 ] } },
{ "type": "Feature", "properties": { "Institutio": "עב", "type": "גן ילדים", "ADDRESS": "שטקליס 2", "oldName": null, "amenity_subtype": "kindergarten" }, "geometry": { "type": "Point", "coordinates": [ 34.770523287906911, 31.271125607287868 ] } },
{ "type": "Feature", "properties": { "Institutio": "רעות", "type": "גן ילדים", "ADDRESS": null, "oldName": null, "amenity_subtype": "kindergarten" }, "geometry": { "type": "Point", "coordinates": [ 34.764535091841665, 31.257489806483076 ] } },
{ "type": "Feature", "properties": { "Institutio": "עמית", "type": "גן ילדים", "ADDRESS": "מקלף 18", "oldName": null, "amenity_subtype": "kindergarten" }, "geometry": { "type": "Point", "coordinates": [ 34.78276657891449, 31.267754473625736 ] } },
{ "type": "Feature", "properties": { "Institutio": "יפה נוף", "type": "בית ספר", "ADDRESS": null, "oldName": null, "amenity_subtype": "school" }, "geometry": { "type": "Point", "coordinates": [ 34.808143651019535, 31.28712739403252 ] } },
{ "type": "Feature", "properties": { "Institutio": "צפונה", "type": "גן ילדים", "ADDRESS": null, "oldName": null, "amenity_subtype": "kindergarten" }, "geometry": { "type": "Point", "coordinates": [ 34.819833526249084, 31.277277127025531 ] } },
{ "type": "Feature", "properties": { "Institutio": "אחווה", "type": "גן ילדים", "ADDRESS": "בי\"ס אור ממ\"ד", "oldName": null, "amenity_subtype": "kindergarten" }, "geometry": { "type": "Point", "coordinates": [ 34.764775626218416, 31.25777978909877 ] } },
{ "type": "Feature", "properties": { "Institutio": "דובדבן ירוק", "type": "גן ילדים", "ADDRESS": null, "oldName": null, "amenity_subtype": "kindergarten" }, "geometry": { "type": "Point", "coordinates": [ 34.794705591626375, 31.268276633369243 ] } },
{ "type": "Feature", "properties": { "Institutio": "דובדבן אדום", "type": "גן ילדים", "ADDRESS": null, "oldName": null, "amenity_subtype": "kindergarten" }, "geometry": { "type": "Point", "coordinates": [ 34.794601898366267, 31.268324624890255 ] } },
{ "type": "Feature", "properties": { "Institutio": "שליו", "type": "גן ילדים", "ADDRESS": "אברהם אבינו", "oldName": null, "amenity_subtype": "kindergarten" }, "geometry": { "type": "Point", "coordinates": [ 34.788251567655472, 31.259621196556374 ] } },
{ "type": "Feature", "properties": { "Institutio": "רימון", "type": "גן ילדים", "ADDRESS": "אברהם אבינו", "oldName": null, "amenity_subtype": "kindergarten" }, "geometry": { "type": "Point", "coordinates": [ 34.788251567655472, 31.259621196556374 ] } },
{ "type": "Feature", "properties": { "Institutio": "יונה", "type": "גן ילדים", "ADDRESS": null, "oldName": null, "amenity_subtype": "kindergarten" }, "geometry": { "type": "Point", "coordinates": [ 34.785187276288617, 31.257914282393109 ] } },
{ "type": "Feature", "properties": { "Institutio": "טלה", "type": "גן ילדים", "ADDRESS": null, "oldName": null, "amenity_subtype": "kindergarten" }, "geometry": { "type": "Point", "coordinates": [ 34.785348654811507, 31.25791480859408 ] } },
{ "type": "Feature", "properties": { "Institutio": "אסיף", "type": "גן ילדים", "ADDRESS": "מבצע נחשון", "oldName": null, "amenity_subtype": "kindergarten" }, "geometry": { "type": "Point", "coordinates": [ 34.781806686748588, 31.259125734186522 ] } },
{ "type": "Feature", "properties": { "Institutio": "הדס", "type": "גן ילדים", "ADDRESS": "הרב שושנה", "oldName": null, "amenity_subtype": "kindergarten" }, "geometry": { "type": "Point", "coordinates": [ 34.797103760038915, 31.284280553877984 ] } },
{ "type": "Feature", "properties": { "Institutio": "חיטה", "type": "גן ילדים", "ADDRESS": "אמציה 9", "oldName": null, "amenity_subtype": "kindergarten" }, "geometry": { "type": "Point", "coordinates": [ 34.783857731256504, 31.264728765616265 ] } },
{ "type": "Feature", "properties": { "Institutio": "שובל", "type": "גן ילדים", "ADDRESS": "אליהו בן חור 16", "oldName": null, "amenity_subtype": "kindergarten" }, "geometry": { "type": "Point", "coordinates": [ 34.77313531194671, 31.26464374229873 ] } },
{ "type": "Feature", "properties": { "Institutio": "נווה", "type": "גן ילדים", "ADDRESS": "המר 3", "oldName": "גור אריה", "amenity_subtype": "kindergarten" }, "geometry": { "type": "Point", "coordinates": [ 34.810048622756831, 31.266326952575106 ] } },
{ "type": "Feature", "properties": { "Institutio": "שירה", "type": "גן ילדים", "ADDRESS": "רונאל דב", "oldName": null, "amenity_subtype": "kindergarten" }, "geometry": { "type": "Point", "coordinates": [ 34.769721251377192, 31.239957403686216 ] } },
{ "type": "Feature", "properties": { "Institutio": "תלתן", "type": "גן ילדים", "ADDRESS": "מבצע נחשון", "oldName": null, "amenity_subtype": "kindergarten" }, "geometry": { "type": "Point", "coordinates": [ 34.78198793261641, 31.25909673940285 ] } },
{ "type": "Feature", "properties": { "Institutio": "גבע", "type": "גן ילדים", "ADDRESS": "מודעי", "oldName": null, "amenity_subtype": "kindergarten" }, "geometry": { "type": "Point", "coordinates": [ 34.80978893890461, 31.266623412925455 ] } },
{ "type": "Feature", "properties": { "Institutio": "יוגב", "type": "גן ילדים", "ADDRESS": "מודעי", "oldName": null, "amenity_subtype": "kindergarten" }, "geometry": { "type": "Point", "coordinates": [ 34.809652090030191, 31.266417462444529 ] } },
{ "type": "Feature", "properties": { "Institutio": "מאור", "type": "גן ילדים", "ADDRESS": null, "oldName": null, "amenity_subtype": "kindergarten" }, "geometry": { "type": "Point", "coordinates": [ 34.783383981586027, 31.268543972379614 ] } },
{ "type": "Feature", "properties": { "Institutio": "ענבר", "type": "גן ילדים", "ADDRESS": "ישראל ישיעהו 18", "oldName": null, "amenity_subtype": "kindergarten" }, "geometry": { "type": "Point", "coordinates": [ 34.764634636011841, 31.256202549055992 ] } },
{ "type": "Feature", "properties": { "Institutio": "סביון", "type": "גן ילדים", "ADDRESS": "השלום 40", "oldName": null, "amenity_subtype": "kindergarten" }, "geometry": { "type": "Point", "coordinates": [ 34.805623782347077, 31.252167017513294 ] } },
{ "type": "Feature", "properties": { "Institutio": "רוזמרין", "type": "גן ילדים", "ADDRESS": "רוזמרין", "oldName": null, "amenity_subtype": "kindergarten" }, "geometry": { "type": "Point", "coordinates": [ 34.754367777577841, 31.25911418228489 ] } },
{ "type": "Feature", "properties": { "Institutio": "דפנה", "type": "גן ילדים", "ADDRESS": "מרווה 2", "oldName": null, "amenity_subtype": "kindergarten" }, "geometry": { "type": "Point", "coordinates": [ 34.756361706973102, 31.256291327734914 ] } },
{ "type": "Feature", "properties": { "Institutio": "טימין", "type": "גן ילדים", "ADDRESS": "רוזמרין", "oldName": null, "amenity_subtype": "kindergarten" }, "geometry": { "type": "Point", "coordinates": [ 34.754258307293497, 31.259261700861437 ] } },
{ "type": "Feature", "properties": { "Institutio": "הלל", "type": "גן ילדים", "ADDRESS": null, "oldName": null, "amenity_subtype": "kindergarten" }, "geometry": { "type": "Point", "coordinates": [ 34.79320947911949, 31.246811266043775 ] } },
{ "type": "Feature", "properties": { "Institutio": "אריאל", "type": "גן ילדים", "ADDRESS": null, "oldName": null, "amenity_subtype": "kindergarten" }, "geometry": { "type": "Point", "coordinates": [ 34.79326441516799, 31.246753615176189 ] } },
{ "type": "Feature", "properties": { "Institutio": "ניצן", "type": "גן ילדים", "ADDRESS": "ערבה 31", "oldName": null, "amenity_subtype": "kindergarten" }, "geometry": { "type": "Point", "coordinates": [ 34.78001300835642, 31.248733554496535 ] } },
{ "type": "Feature", "properties": { "Institutio": "ניצנה", "type": "גן ילדים", "ADDRESS": "ערבה 31", "oldName": null, "amenity_subtype": "kindergarten" }, "geometry": { "type": "Point", "coordinates": [ 34.779790756164402, 31.248687490944413 ] } },
{ "type": "Feature", "properties": { "Institutio": "ארבל", "type": "גן ילדים", "ADDRESS": "מודעי", "oldName": "תבור", "amenity_subtype": "kindergarten" }, "geometry": { "type": "Point", "coordinates": [ 34.809768873015365, 31.266513835903286 ] } },
{ "type": "Feature", "properties": { "Institutio": "צמרת", "type": "גן ילדים", "ADDRESS": "מוריה", "oldName": null, "amenity_subtype": "kindergarten" }, "geometry": { "type": "Point", "coordinates": [ 34.784838863988774, 31.246896562716781 ] } },
{ "type": "Feature", "properties": { "Institutio": "שרונים", "type": "גן ילדים", "ADDRESS": null, "oldName": null, "amenity_subtype": "kindergarten" }, "geometry": { "type": "Point", "coordinates": [ 34.797878018821251, 31.255144778607367 ] } },
{ "type": "Feature", "properties": { "Institutio": "לב הפארק", "type": "בית ספר", "ADDRESS": "נחל משמר", "oldName": null, "amenity_subtype": "school" }, "geometry": { "type": "Point", "coordinates": [ 34.817614084769758, 31.234122535916178 ] } },
{ "type": "Feature", "properties": { "Institutio": "מעוז", "type": "גן ילדים", "ADDRESS": null, "oldName": null, "amenity_subtype": "kindergarten" }, "geometry": { "type": "Point", "coordinates": [ 34.818564998615614, 31.231582172093262 ] } },
{ "type": "Feature", "properties": { "Institutio": "מרום", "type": "גן ילדים", "ADDRESS": null, "oldName": null, "amenity_subtype": "kindergarten" }, "geometry": { "type": "Point", "coordinates": [ 34.818373105282141, 31.231692701456669 ] } },
{ "type": "Feature", "properties": { "Institutio": "מרכז שמע", "type": "בית ספר", "ADDRESS": "המשחררים 30", "oldName": null, "amenity_subtype": "school" }, "geometry": { "type": "Point", "coordinates": [ 34.791613722605341, 31.25202296712969 ] } },
{ "type": "Feature", "properties": { "Institutio": "קשת", "type": "בית ספר", "ADDRESS": "לרון 114", "oldName": null, "amenity_subtype": "school" }, "geometry": { "type": "Point", "coordinates": [ 34.765611555799936, 31.231562721564519 ] } },
{ "type": "Feature", "properties": { "Institutio": "אגמית", "type": "גן ילדים", "ADDRESS": "רש\"י 7", "oldName": null, "amenity_subtype": "kindergarten" }, "geometry": { "type": "Point", "coordinates": [ 34.788140583054343, 31.268755547426977 ] } },
{ "type": "Feature", "properties": { "Institutio": "פז", "type": "גן ילדים", "ADDRESS": "אליהו בן חור 16", "oldName": null, "amenity_subtype": "kindergarten" }, "geometry": { "type": "Point", "coordinates": [ 34.773171571102324, 31.264564793342249 ] } },
{ "type": "Feature", "properties": { "Institutio": "אנפה", "type": "גן ילדים", "ADDRESS": null, "oldName": null, "amenity_subtype": "kindergarten" }, "geometry": { "type": "Point", "coordinates": [ 34.771472456548352, 31.257948429095986 ] } },
{ "type": "Feature", "properties": { "Institutio": "ורד", "type": "גן ילדים", "ADDRESS": "צ'לנוב 20", "oldName": null, "amenity_subtype": "kindergarten" }, "geometry": { "type": "Point", "coordinates": [ 34.774987425279221, 31.24943231381226 ] } },
{ "type": "Feature", "properties": { "Institutio": "כרמים", "type": "גן ילדים", "ADDRESS": "מבצע נחשון", "oldName": null, "amenity_subtype": "kindergarten" }, "geometry": { "type": "Point", "coordinates": [ 34.781708021661188, 31.259086137312568 ] } },
{ "type": "Feature", "properties": { "Institutio": "החלומות", "type": "גן ילדים", "ADDRESS": "וינגייט 70", "oldName": null, "amenity_subtype": "kindergarten" }, "geometry": { "type": "Point", "coordinates": [ 34.803648743593932, 31.256425911892528 ] } },
{ "type": "Feature", "properties": { "Institutio": "לוין קיפניס", "type": "גן ילדים", "ADDRESS": "להמן", "oldName": null, "amenity_subtype": "kindergarten" }, "geometry": { "type": "Point", "coordinates": [ 34.753716099799561, 31.268997027298209 ] } },
{ "type": "Feature", "properties": { "Institutio": "סיגליות", "type": "בית ספר", "ADDRESS": null, "oldName": null, "amenity_subtype": "school" }, "geometry": { "type": "Point", "coordinates": [ 34.753086600413141, 31.25943133083242 ] } },
{ "type": "Feature", "properties": { "Institutio": "סיגל", "type": "גן ילדים", "ADDRESS": "רוזמרין", "oldName": null, "amenity_subtype": "kindergarten" }, "geometry": { "type": "Point", "coordinates": [ 34.754131520920346, 31.258983633526856 ] } },
{ "type": "Feature", "properties": { "Institutio": "סיגליות", "type": "גן ילדים", "ADDRESS": "רוזמרין", "oldName": null, "amenity_subtype": "kindergarten" }, "geometry": { "type": "Point", "coordinates": [ 34.752942981499459, 31.259747674293699 ] } },
{ "type": "Feature", "properties": { "Institutio": "היובל רימון", "type": "גן ילדים", "ADDRESS": "המלכים", "oldName": null, "amenity_subtype": "kindergarten" }, "geometry": { "type": "Point", "coordinates": [ 34.759503051488061, 31.264310506472778 ] } },
{ "type": "Feature", "properties": { "Institutio": "רום", "type": "גן ילדים", "ADDRESS": "נחל משמר", "oldName": null, "amenity_subtype": "kindergarten" }, "geometry": { "type": "Point", "coordinates": [ 34.817944290746453, 31.233851018878209 ] } },
{ "type": "Feature", "properties": { "Institutio": "צלמון", "type": "גן ילדים", "ADDRESS": "נחל צלמון 7", "oldName": null, "amenity_subtype": "kindergarten" }, "geometry": { "type": "Point", "coordinates": [ 34.824062124506497, 31.231393281464271 ] } },
{ "type": "Feature", "properties": { "Institutio": "עירון", "type": "גן ילדים", "ADDRESS": "נחל צלמון 7", "oldName": null, "amenity_subtype": "kindergarten" }, "geometry": { "type": "Point", "coordinates": [ 34.823816092090865, 31.231147479701395 ] } },
{ "type": "Feature", "properties": { "Institutio": "חבר", "type": "גן ילדים", "ADDRESS": "נחל חבר 6", "oldName": null, "amenity_subtype": "kindergarten" }, "geometry": { "type": "Point", "coordinates": [ 34.819227136154154, 31.22868892846639 ] } },
{ "type": "Feature", "properties": { "Institutio": "ערוגות", "type": "גן ילדים", "ADDRESS": "נחל חבר 6", "oldName": null, "amenity_subtype": "kindergarten" }, "geometry": { "type": "Point", "coordinates": [ 34.819054162024166, 31.228544038124969 ] } },
{ "type": "Feature", "properties": { "Institutio": "דרגות", "type": "גן ילדים", "ADDRESS": "נחל חבר 6", "oldName": null, "amenity_subtype": "kindergarten" }, "geometry": { "type": "Point", "coordinates": [ 34.819194664676246, 31.228478836117468 ] } },
{ "type": "Feature", "properties": { "Institutio": "בוקק", "type": "גן ילדים", "ADDRESS": "נחל חבר 6", "oldName": null, "amenity_subtype": "kindergarten" }, "geometry": { "type": "Point", "coordinates": [ 34.819089653411822, 31.228694481877291 ] } },
{ "type": "Feature", "properties": { "Institutio": "ברק", "type": "גן ילדים", "ADDRESS": "נחל משמר", "oldName": null, "amenity_subtype": "kindergarten" }, "geometry": { "type": "Point", "coordinates": [ 34.817869704584368, 31.233711053948959 ] } },
{ "type": "Feature", "properties": { "Institutio": "עירית", "type": "גן ילדים", "ADDRESS": "טימין", "oldName": null, "amenity_subtype": "kindergarten" }, "geometry": { "type": "Point", "coordinates": [ 34.754073505940376, 31.259141739224166 ] } },
{ "type": "Feature", "properties": { "Institutio": "שלם", "type": "גן ילדים", "ADDRESS": "מרווה 2", "oldName": null, "amenity_subtype": "kindergarten" }, "geometry": { "type": "Point", "coordinates": [ 34.756590837065936, 31.256331732272628 ] } },
{ "type": "Feature", "properties": { "Institutio": "קינמון", "type": "גן ילדים", "ADDRESS": "רוזמרין 3", "oldName": null, "amenity_subtype": "kindergarten" }, "geometry": { "type": "Point", "coordinates": [ 34.75619289615566, 31.256403761068025 ] } },
{ "type": "Feature", "properties": { "Institutio": "מור", "type": "גן ילדים", "ADDRESS": "מרווה 2", "oldName": null, "amenity_subtype": "kindergarten" }, "geometry": { "type": "Point", "coordinates": [ 34.75641874831296, 31.256432700330294 ] } },
{ "type": "Feature", "properties": { "Institutio": "אריאל", "type": "גן ילדים", "ADDRESS": "מוריה", "oldName": null, "amenity_subtype": "kindergarten" }, "geometry": { "type": "Point", "coordinates": [ 34.797517092439236, 31.255002585194642 ] } },
{ "type": "Feature", "properties": { "Institutio": "מרים רות", "type": "גן ילדים", "ADDRESS": "להמן", "oldName": null, "amenity_subtype": "kindergarten" }, "geometry": { "type": "Point", "coordinates": [ 34.753896724346781, 31.26887071006125 ] } },
{ "type": "Feature", "properties": { "Institutio": "יגאל בשן", "type": "גן ילדים", "ADDRESS": "להמן", "oldName": null, "amenity_subtype": "kindergarten" }, "geometry": { "type": "Point", "coordinates": [ 34.75386002756418, 31.268759381663266 ] } },
{ "type": "Feature", "properties": { "Institutio": "פלא", "type": "גן ילדים", "ADDRESS": "לרון", "oldName": null, "amenity_subtype": "kindergarten" }, "geometry": { "type": "Point", "coordinates": [ 34.766500654482961, 31.230539574305251 ] } },
{ "type": "Feature", "properties": { "Institutio": "נטע", "type": "גן ילדים", "ADDRESS": "שרשבסקי 4", "oldName": null, "amenity_subtype": "kindergarten" }, "geometry": { "type": "Point", "coordinates": [ 34.803178353767883, 31.287069195597816 ] } },
{ "type": "Feature", "properties": { "Institutio": "יהב", "type": "גן ילדים", "ADDRESS": "שרשבסקי 4", "oldName": null, "amenity_subtype": "kindergarten" }, "geometry": { "type": "Point", "coordinates": [ 34.802939530949836, 31.287035041358507 ] } },
{ "type": "Feature", "properties": { "Institutio": "גושן", "type": "גן ילדים", "ADDRESS": "שרשבסקי 4", "oldName": null, "amenity_subtype": "kindergarten" }, "geometry": { "type": "Point", "coordinates": [ 34.802840106758985, 31.286891553998743 ] } },
{ "type": "Feature", "properties": { "Institutio": "סיגלון", "type": "גן ילדים", "ADDRESS": "רוזמרין", "oldName": null, "amenity_subtype": "kindergarten" }, "geometry": { "type": "Point", "coordinates": [ 34.753164927887077, 31.259135202297468 ] } },
{ "type": "Feature", "properties": { "Institutio": "מרכז טכנולוגי אמי\"ת", "type": "על יסודי", "ADDRESS": null, "oldName": null, "amenity_subtype": "school" }, "geometry": { "type": "Point", "coordinates": [ 34.793333500544804, 31.273084319704015 ] } },
{ "type": "Feature", "properties": { "Institutio": "אפיקים", "type": "גן ילדים", "ADDRESS": "מקלף 18", "oldName": null, "amenity_subtype": "kindergarten" }, "geometry": { "type": "Point", "coordinates": [ 34.783653765510884, 31.26839427078637 ] } },
{ "type": "Feature", "properties": { "Institutio": "איילון", "type": "גן ילדים", "ADDRESS": "נחל יהל 3", "oldName": null, "amenity_subtype": "kindergarten" }, "geometry": { "type": "Point", "coordinates": [ 34.821230267907907, 31.232609824260098 ] } },
{ "type": "Feature", "properties": { "Institutio": "אדיר", "type": "גן ילדים", "ADDRESS": "נחל יהל 3", "oldName": null, "amenity_subtype": "kindergarten" }, "geometry": { "type": "Point", "coordinates": [ 34.821659325778541, 31.232541660368341 ] } },
{ "type": "Feature", "properties": { "Institutio": "משגב", "type": "גן ילדים", "ADDRESS": "נחל משמר", "oldName": null, "amenity_subtype": "kindergarten" }, "geometry": { "type": "Point", "coordinates": [ 34.818157948949661, 31.233682091186612 ] } },
{ "type": "Feature", "properties": { "Institutio": "יהלי", "type": "גן ילדים", "ADDRESS": "יפה ירקוני 29", "oldName": null, "amenity_subtype": "kindergarten" }, "geometry": { "type": "Point", "coordinates": [ 34.755118992526661, 31.275803552395896 ] } },
{ "type": "Feature", "properties": { "Institutio": "יהל", "type": "גן ילדים", "ADDRESS": "להמן", "oldName": null, "amenity_subtype": "kindergarten" }, "geometry": { "type": "Point", "coordinates": [ 34.753695343161851, 31.268805097843522 ] } },
{ "type": "Feature", "properties": { "Institutio": "רז", "type": "גן ילדים", "ADDRESS": "לרון 122", "oldName": null, "amenity_subtype": "kindergarten" }, "geometry": { "type": "Point", "coordinates": [ 34.76578617466928, 31.231316305069331 ] } },
{ "type": "Feature", "properties": { "Institutio": "רמז", "type": "גן ילדים", "ADDRESS": "לרון 122", "oldName": null, "amenity_subtype": "kindergarten" }, "geometry": { "type": "Point", "coordinates": [ 34.765880791610073, 31.231231373277428 ] } },
{ "type": "Feature", "properties": { "Institutio": "ופרצת", "type": "גן ילדים", "ADDRESS": null, "oldName": null, "amenity_subtype": "kindergarten" }, "geometry": { "type": "Point", "coordinates": [ 34.765225639366967, 31.240083024023505 ] } },
{ "type": "Feature", "properties": { "Institutio": "ניגון", "type": "גן ילדים", "ADDRESS": null, "oldName": null, "amenity_subtype": "kindergarten" }, "geometry": { "type": "Point", "coordinates": [ 34.76509049713713, 31.239878533512304 ] } },
{ "type": "Feature", "properties": { "Institutio": "בעל התניא", "type": "גן ילדים", "ADDRESS": null, "oldName": null, "amenity_subtype": "kindergarten" }, "geometry": { "type": "Point", "coordinates": [ 34.765107981646885, 31.240001487673553 ] } },
{ "type": "Feature", "properties": { "Institutio": "עטרת", "type": "גן ילדים", "ADDRESS": null, "oldName": null, "amenity_subtype": "kindergarten" }, "geometry": { "type": "Point", "coordinates": [ 34.765252004004019, 31.239787213589405 ] } },
{ "type": "Feature", "properties": { "Institutio": "אחדות", "type": "גן ילדים", "ADDRESS": "התלמוד שכ ד", "oldName": null, "amenity_subtype": "kindergarten" }, "geometry": { "type": "Point", "coordinates": [ 34.791483214167734, 31.272274797987077 ] } },
{ "type": "Feature", "properties": { "Institutio": "גני חבד", "type": "גן ילדים", "ADDRESS": "התלמוד שכ ד", "oldName": null, "amenity_subtype": "kindergarten" }, "geometry": { "type": "Point", "coordinates": [ 34.791471030140883, 31.27252054684628 ] } },
{ "type": "Feature", "properties": { "Institutio": "תיכון קורצ'ק", "type": "על יסודי", "ADDRESS": "המשחררים 30", "oldName": null, "amenity_subtype": "school" }, "geometry": { "type": "Point", "coordinates": [ 34.792019943810814, 31.251981687426468 ] } },
{ "type": "Feature", "properties": { "Institutio": "יסמין", "type": "גן ילדים", "ADDRESS": "שלום אש 22", "oldName": null, "amenity_subtype": "kindergarten" }, "geometry": { "type": "Point", "coordinates": [ 34.776994065648971, 31.239295758624543 ] } },
{ "type": "Feature", "properties": { "Institutio": "עמי ותמי", "type": "גן ילדים", "ADDRESS": "אליהו בן חור 16", "oldName": null, "amenity_subtype": "kindergarten" }, "geometry": { "type": "Point", "coordinates": [ 34.772906237110945, 31.264619110026679 ] } },
{ "type": "Feature", "properties": { "Institutio": "שלגיה", "type": "גן ילדים", "ADDRESS": "אליהו בן חור 16", "oldName": null, "amenity_subtype": "kindergarten" }, "geometry": { "type": "Point", "coordinates": [ 34.77292031578218, 31.264530540947817 ] } },
{ "type": "Feature", "properties": { "Institutio": "ברקת", "type": "גן ילדים", "ADDRESS": "ישראל ישיעהו 18", "oldName": null, "amenity_subtype": "kindergarten" }, "geometry": { "type": "Point", "coordinates": [ 34.764635249335775, 31.256070242983395 ] } },
{ "type": "Feature", "properties": { "Institutio": "הארי הקדוש", "type": "גן ילדים", "ADDRESS": "אברהם אבינו 1", "oldName": null, "amenity_subtype": "kindergarten" }, "geometry": { "type": "Point", "coordinates": [ 34.793526706158012, 31.262085485808832 ] } },
{ "type": "Feature", "properties": { "Institutio": "הראל", "type": "גן ילדים", "ADDRESS": "פסמון 1", "oldName": null, "amenity_subtype": "kindergarten" }, "geometry": { "type": "Point", "coordinates": [ 34.779305923541884, 31.249438406909022 ] } },
{ "type": "Feature", "properties": { "Institutio": "סחלב", "type": "גן ילדים", "ADDRESS": "מבצע נחשון", "oldName": null, "amenity_subtype": "kindergarten" }, "geometry": { "type": "Point", "coordinates": [ 34.781918731590736, 31.25904162757417 ] } },
{ "type": "Feature", "properties": { "Institutio": "צעד קדימה ב", "type": "גן ילדים", "ADDRESS": "ברש 7", "oldName": null, "amenity_subtype": "kindergarten" }, "geometry": { "type": "Point", "coordinates": [ 34.776424848718889, 31.239635651376414 ] } },
{ "type": "Feature", "properties": { "Institutio": "צעד קדימה ג", "type": "גן ילדים", "ADDRESS": "ברש 7", "oldName": null, "amenity_subtype": "kindergarten" }, "geometry": { "type": "Point", "coordinates": [ 34.776710252394111, 31.239473139665616 ] } },
{ "type": "Feature", "properties": { "Institutio": "שירת מרים", "type": "גן ילדים", "ADDRESS": "רחבת השיל\"ה", "oldName": null, "amenity_subtype": "kindergarten" }, "geometry": { "type": "Point", "coordinates": [ 34.769042914360831, 31.257043961543612 ] } },
{ "type": "Feature", "properties": { "Institutio": "כתר", "type": "גן ילדים", "ADDRESS": "רחבעם זאבי 6", "oldName": null, "amenity_subtype": "kindergarten" }, "geometry": { "type": "Point", "coordinates": [ 34.807208540437379, 31.283412631037709 ] } },
{ "type": "Feature", "properties": { "Institutio": "מלכות", "type": "גן ילדים", "ADDRESS": "רחבעם זאבי 6", "oldName": null, "amenity_subtype": "kindergarten" }, "geometry": { "type": "Point", "coordinates": [ 34.807085812397652, 31.283524884557895 ] } },
{ "type": "Feature", "properties": { "Institutio": "הוד", "type": "גן ילדים", "ADDRESS": "רחבעם זאבי 6", "oldName": null, "amenity_subtype": "kindergarten" }, "geometry": { "type": "Point", "coordinates": [ 34.807399568279173, 31.283445674533326 ] } },
{ "type": "Feature", "properties": { "Institutio": "ברעם", "type": "גן ילדים", "ADDRESS": "נחל משמר", "oldName": null, "amenity_subtype": "kindergarten" }, "geometry": { "type": "Point", "coordinates": [ 34.81809965255276, 31.233889666148578 ] } },
{ "type": "Feature", "properties": { "Institutio": "שילה", "type": "גן ילדים", "ADDRESS": "נחל יהל 3", "oldName": null, "amenity_subtype": "kindergarten" }, "geometry": { "type": "Point", "coordinates": [ 34.821510143637205, 31.232485853532193 ] } },
{ "type": "Feature", "properties": { "Institutio": "קדם", "type": "גן ילדים", "ADDRESS": "נחל יהל 3", "oldName": null, "amenity_subtype": "kindergarten" }, "geometry": { "type": "Point", "coordinates": [ 34.821390441610241, 31.232556847979449 ] } },
{ "type": "Feature", "properties": { "Institutio": "שמים", "type": "גן ילדים", "ADDRESS": "וינגיט שכ ג", "oldName": "מיתרים", "amenity_subtype": "kindergarten" }, "geometry": { "type": "Point", "coordinates": [ 34.803860189945674, 31.254752010196924 ] } },
{ "type": "Feature", "properties": { "Institutio": "תכלת", "type": "גן ילדים", "ADDRESS": "וינגיט שכ ג", "oldName": "מיתרים", "amenity_subtype": "kindergarten" }, "geometry": { "type": "Point", "coordinates": [ 34.804140247626385, 31.254469915323696 ] } },
{ "type": "Feature", "properties": { "Institutio": "בוטן", "type": "גן ילדים", "ADDRESS": "הדעת 89", "oldName": null, "amenity_subtype": "kindergarten" }, "geometry": { "type": "Point", "coordinates": [ 34.803268642219194, 31.271024101147539 ] } },
{ "type": "Feature", "properties": { "Institutio": "בן גוריון דקל", "type": "גן ילדים", "ADDRESS": "בי\"ס בן גוריון", "oldName": null, "amenity_subtype": "kindergarten" }, "geometry": { "type": "Point", "coordinates": [ 34.809937172024007, 31.268992524426686 ] } },
{ "type": "Feature", "properties": { "Institutio": "בן גוריון שיטה", "type": "גן ילדים", "ADDRESS": "בי\"ס בן גוריון", "oldName": null, "amenity_subtype": "kindergarten" }, "geometry": { "type": "Point", "coordinates": [ 34.810015732967216, 31.268806635306287 ] } },
{ "type": "Feature", "properties": { "Institutio": "הבשור", "type": "גן ילדים", "ADDRESS": "יפה ירקוני 29", "oldName": null, "amenity_subtype": "kindergarten" }, "geometry": { "type": "Point", "coordinates": [ 34.755046472557993, 31.275716795877596 ] } },
{ "type": "Feature", "properties": { "Institutio": "הגר דו לשוני - השלום", "type": "גן ילדים", "ADDRESS": null, "oldName": null, "amenity_subtype": "kindergarten" }, "geometry": { "type": "Point", "coordinates": [ 34.808333508378325, 31.249724588257976 ] } },
{ "type": "Feature", "properties": { "Institutio": "היובל ברוש", "type": "גן ילדים", "ADDRESS": "המלכים", "oldName": null, "amenity_subtype": "kindergarten" }, "geometry": { "type": "Point", "coordinates": [ 34.759551812246201, 31.264575552718078 ] } },
{ "type": "Feature", "properties": { "Institutio": "הרצוג סער", "type": "גן ילדים", "ADDRESS": "הערים התאומות", "oldName": null, "amenity_subtype": "kindergarten" }, "geometry": { "type": "Point", "coordinates": [ 34.798315189358, 31.285319906069606 ] } },
{ "type": "Feature", "properties": { "Institutio": "חיה מושקה חב\"ד", "type": "גן ילדים", "ADDRESS": "מקלף 77", "oldName": null, "amenity_subtype": "kindergarten" }, "geometry": { "type": "Point", "coordinates": [ 34.775930480967915, 31.267823341702467 ] } },
{ "type": "Feature", "properties": { "Institutio": "חסידה", "type": "גן ילדים", "ADDRESS": "ינשוף 1", "oldName": null, "amenity_subtype": "kindergarten" }, "geometry": { "type": "Point", "coordinates": [ 34.766343695806974, 31.230442248115626 ] } },
{ "type": "Feature", "properties": { "Institutio": "ציון", "type": "גן ילדים", "ADDRESS": "שלומציון 20", "oldName": "ציון", "amenity_subtype": "kindergarten" }, "geometry": { "type": "Point", "coordinates": [ 34.781123541954535, 31.264617349417016 ] } },
{ "type": "Feature", "properties": { "Institutio": "קורנית", "type": "גן ילדים", "ADDRESS": "רוזמרין", "oldName": null, "amenity_subtype": "kindergarten" }, "geometry": { "type": "Point", "coordinates": [ 34.753477119126295, 31.2588055679558 ] } },
{ "type": "Feature", "properties": { "Institutio": "קשת", "type": "גן ילדים", "ADDRESS": "מוריה", "oldName": null, "amenity_subtype": "kindergarten" }, "geometry": { "type": "Point", "coordinates": [ 34.784695554238247, 31.246643147662809 ] } },
{ "type": "Feature", "properties": { "Institutio": "רמון", "type": "גן ילדים", "ADDRESS": "נחל חבר 6", "oldName": null, "amenity_subtype": "kindergarten" }, "geometry": { "type": "Point", "coordinates": [ 34.818594824243945, 31.228687271327892 ] } },
{ "type": "Feature", "properties": { "Institutio": "דבורה עומר", "type": "גן ילדים", "ADDRESS": null, "oldName": null, "amenity_subtype": "kindergarten" }, "geometry": { "type": "Point", "coordinates": [ 34.785491982851582, 31.257331873321039 ] } },
{ "type": "Feature", "properties": { "Institutio": "נחמה לייבוביץ", "type": "גן ילדים", "ADDRESS": null, "oldName": null, "amenity_subtype": "kindergarten" }, "geometry": { "type": "Point", "coordinates": [ 34.785372003753778, 31.257138192659756 ] } },
{ "type": "Feature", "properties": { "Institutio": "פנינה קליין", "type": "גן ילדים", "ADDRESS": null, "oldName": null, "amenity_subtype": "kindergarten" }, "geometry": { "type": "Point", "coordinates": [ 34.78528734268933, 31.257438589571684 ] } },
{ "type": "Feature", "properties": { "Institutio": "עדה יונת", "type": "גן ילדים", "ADDRESS": null, "oldName": null, "amenity_subtype": "kindergarten" }, "geometry": { "type": "Point", "coordinates": [ 34.785200443907932, 31.257302287468431 ] } },
{ "type": "Feature", "properties": { "Institutio": "אורנה פורת", "type": "גן ילדים", "ADDRESS": null, "oldName": null, "amenity_subtype": "kindergarten" }, "geometry": { "type": "Point", "coordinates": [ 34.785121736785463, 31.257198227109033 ] } }
]
}
