{"type":"FeatureCollection","crs":{"type":"name","properties":{"name":"EPSG:3857"}},"features":[{"type":"Feature","id":3,"geometry":{"type":"Polygon","coordinates":[[[3873461.2014999986,3670001.2668000013],[3873460.6594000012,3669836.5366000012],[3873448.7892000005,3669340.9239000008],[3873481.6662999988,3668973.4504999965],[3873550.3167000003,3668737.7075999975],[3873649.2751999982,3668577.568599999],[3873650.2991000004,3668579.1455999985],[3873651.6460000016,3668581.2202000022],[3873693.3271000013,3668645.378200002],[3873693.9684999995,3668645.7572000027],[3873712.8742999993,3668657.0328999981],[3873734.7806000002,3668668.1084000021],[3873736.1149999984,3668668.7836000025],[3873749.5810000002,3668678.1592999995],[3873753.8623000011,3668680.8774000034],[3873757.9565999992,3668682.8062999994],[3873785.3319000006,3668695.6180000007],[3873789.3092,3668697.8334000036],[3873810.6805000007,3668709.7361999974],[3873857.8260999992,3668737.3381000012],[3873878.9378999993,3668749.7030000016],[3873902.1790999994,3668761.4646999985],[3873925.1550000012,3668772.2619000003],[3873931.0764999986,3668774.7901000008],[3873969.5392000005,3668791.2194000036],[3873996.3896000013,3668800.5736000016],[3873996.7861000001,3668800.6897],[3874024.1321999989,3668808.6741999984],[3874052.8663000017,3668817.5909999982],[3874064.6394999996,3668821.254900001],[3874089.3881999999,3668828.9545999989],[3874126.2666000016,3668836.3991999999],[3874134.6020999998,3668838.0832000002],[3874161.4538999982,3668840.9051000029],[3874192.4503999986,3668841.6661000028],[3874198.7963000014,3668841.5593999997],[3874200.3618000001,3668841.5398000032],[3874201.6728000008,3668841.5234000012],[3874216.9045000002,3668841.3914000019],[3874248.0397999994,3668839.261500001],[3874257.5456000008,3668838.6026000008],[3874281.6169000007,3668835.7419999987],[3874289.2831999995,3668834.8306000009],[3874318.5348999985,3668826.7148000002],[3874358.4261000007,3668817.5336000025],[3874364.8931999989,3668816.0405000001],[3874398.5058999993,3668808.2832000032],[3874421.0075000003,3668802.0090999976],[3874421.3984999992,3668806.4638999999],[3874422.7586000003,3668821.809799999],[3874428.0144000016,3668881.3598999977],[3874430.5271000005,3668881.6152999997],[3874437.1867000014,3668882.2854999974],[3874460.9481000006,3668889.3373999968],[3874475.6242999993,3668894.2422000021],[3874486.1239,3668899.9305000007],[3874514.7463999987,3668923.5283000022],[3874525.2115000002,3668932.6692000031],[3874533.2512000017,3668939.6762000024],[3874542.0282999985,3668946.6862000003],[3874550.0309000015,3668954.4202999994],[3874560.1350999996,3668962.5273000002],[3874569.5918999985,3668968.8816],[3874578.6768000014,3668978.3816],[3874590.557,3668987.2344999984],[3874592.4466000013,3668987.9813999981],[3874595.4409999996,3668990.3414999992],[3874604.8957000002,3669000.7951000035],[3874630.7844000012,3669027.5429999977],[3874639.3409999982,3669037.4057999998],[3874642.6704000011,3669041.2238000035],[3874652.1765000001,3669053.3562999964],[3874655.9899000004,3669065.8101999983],[3874658.0692000017,3669075.9439999983],[3874658.4334999993,3669094.9626000002],[3874660.9543999992,3669115.5174999982],[3874661.3317000009,3669117.9496999979],[3874663.0091000013,3669123.1009000018],[3874669.6369999982,3669135.6824000031],[3874686.4629999995,3669163.7826000005],[3874693.439199999,3669173.9453999996],[3874694.7082999982,3669175.4786999971],[3874701.8429000005,3669184.1014999971],[3874711.9750999995,3669194.6406999975],[3874718.9879000001,3669201.7136000022],[3874738.9375,3669225.2096000016],[3874739.9266999997,3669226.8452999964],[3874756.0088,3669253.3100999966],[3874764.7421999983,3669265.9695999995],[3874766.8832999989,3669268.7731000036],[3874773.5505000018,3669277.561499998],[3874775.0357999988,3669280.7616000026],[3874780.1400000006,3669291.574000001],[3874782.1022999994,3669295.2110999972],[3874782.9153000005,3669296.7181999981],[3874783.6543999985,3669305.5307999998],[3874784.5833999999,3669307.1556999981],[3874792.993900001,3669322.0926999971],[3874794.2982000001,3669323.1915000007],[3874808.8194000013,3669335.5181000009],[3874839.4732000008,3669357.4191000015],[3874863.0848999992,3669367.4187000021],[3874869.3326999992,3669365.9720999971],[3874886.4948999994,3669375.0681999996],[3874900.4550999999,3669384.2230999991],[3874908.1673000008,3669391.2261999995],[3874910.3073000014,3669394.3954999968],[3874913.4008999988,3669398.9535000026],[3874916.9008999988,3669407.3409999982],[3874920.4045999981,3669421.4487000033],[3874921.1143000014,3669438.6274000034],[3874917.9901000001,3669469.2290999964],[3874918.3486000001,3669480.0252000019],[3874921.8586000018,3669492.372299999],[3874927.4620000012,3669507.5116999969],[3874938.321800001,3669527.5200999975],[3874947.7327999994,3669543.3422999978],[3874964.1986000016,3669567.5534999967],[3874978.2166000009,3669586.8461000025],[3874978.6933999993,3669587.3994000033],[3874991.8590000011,3669602.9778999984],[3875010.7254999988,3669616.2607000023],[3875024.3920000009,3669622.630400002],[3875038.0042000003,3669624.735799998],[3875047.7157999985,3669628.1856999993],[3875051.8293999992,3669631.2814999968],[3875054.7817000002,3669633.5234000012],[3875061.4444999993,3669640.1485000029],[3875066.6821000017,3669646.4864000008],[3875068.2873000018,3669648.8077000007],[3875068.9981000014,3669649.8329999968],[3875071.5778999999,3669653.5533000007],[3875077.7006999999,3669664.2885000035],[3875079.9662999995,3669668.1978999972],[3875081.7362999991,3669670.2005999982],[3875084.2038000003,3669673.1926999986],[3875089.7824000008,3669679.1688999981],[3875095.3797000013,3669686.1547999978],[3875101.6664999984,3669690.3716000021],[3875114.5958000012,3669696.3619000018],[3875115.4162999988,3669699.1843999997],[3875115.7936999984,3669700.4746000022],[3875067.0529000014,3669765.5654999986],[3875007.6829000004,3669906.6323999986],[3874936.8706,3670074.8849000037],[3874913.1088000014,3670131.3432999998],[3874875.5318999998,3670220.6253999993],[3874853.6959999986,3670272.507100001],[3874789.3123000003,3670321.9095999971],[3874693.9349999987,3670361.3981999978],[3874573.4572999999,3670386.2289000005],[3874507.9737999998,3670368.9368000031],[3874415.2958000004,3670344.4628000036],[3874277.1909999996,3670307.9914999977],[3874173.6240000017,3670288.7880999967],[3874012.1024000011,3670274.7116999999],[3873455.4803000018,3670190.9466999993],[3873461.2014999986,3670001.2668000013]]]},"properties":{"OBJECTID":3,"NoteType":0,"Name":"רמות הרכס","Notes":null,"created_user":"LINKERR","created_date":1740486942000,"last_edited_user":"LINKERR","last_edited_date":1740489101000,"Shape_Length":5800.9913756725191,"Shape_Area":2087294.4915106385}},{"type":"Feature","id":4,"geometry":{"type":"Polygon","coordinates":[[[3876471.2430999987,3665834.6871000007],[3876475.0322999991,3665830.0155000016],[3876490.6607000008,3665849.2347000018],[3876551.8139999993,3665924.4307999983],[3876603.7318999991,3665986.7133999988],[3876620.7817000002,3666003.940200001],[3876640.3169,3666025.7335999981],[3876690.0269999988,3666077.5081999972],[3876691.682,3666079.2176999971],[3876693.9301999994,3666081.5615999997],[3876701.5460000001,3666089.4685000032],[3876751.8517000005,3666141.7972000018],[3876782.9015000015,3666172.9544999972],[3876830.9327999987,3666221.1643999964],[3876857.3238999993,3666247.6453000009],[3876895.6688000001,3666284.9109999985],[3876930.1149000004,3666317.5600000024],[3876972.993999999,3666348.0777999982],[3876999.5388000011,3666363.8122000024],[3877034.2338999994,3666385.4350000024],[3877048.6955000013,3666394.3747000024],[3877055.3892999999,3666398.5200999975],[3877064.0320999995,3666403.376500003],[3877085.9589999989,3666416.5939999968],[3877114.5857999995,3666431.9466999993],[3877221.4670000002,3666495.8487000018],[3877221.6572000012,3666498.3153000027],[3877222.3627999984,3666507.3964999989],[3877224.6090000011,3666508.3035999984],[3877236.2912000008,3666618.1120000035],[3877259.8071999997,3666898.4764999971],[3877260.5727000013,3666907.6042999998],[3877270.5769999996,3667026.8761000037],[3877284.4169000015,3667199.191399999],[3877281.0678999983,3667366.4998999983],[3877276.8843999989,3667418.5522999987],[3877272.756099999,3667449.7057000026],[3877269.3291000016,3667475.5656000003],[3877260.7542000003,3667523.0691],[3877240.0573999994,3667610.6433999985],[3877187.6052000001,3667806.5269000009],[3877067.8643000014,3668253.6877999976],[3876937.1618000008,3668741.7637000009],[3876810.0379000008,3669233.5621000007],[3876806.8913999982,3669245.7346000001],[3876806.5106000006,3669248.2863999978],[3876802.4538999982,3669252.3347000033],[3876794.2789999992,3669260.5067000017],[3875116.9068999998,3669726.1520000026],[3875117.0445999987,3669704.7465000004],[3875116.0287999995,3669701.2783000022],[3875115.7936999984,3669700.4746000022],[3875115.4162999988,3669699.1843999997],[3875114.5958000012,3669696.3619000018],[3875101.6664999984,3669690.3716000021],[3875095.3797000013,3669686.1547999978],[3875089.7824000008,3669679.1688999981],[3875084.2038000003,3669673.1926999986],[3875081.7362999991,3669670.2005999982],[3875079.9662999995,3669668.1978999972],[3875077.7006999999,3669664.2885000035],[3875071.5778999999,3669653.5533000007],[3875068.9981000014,3669649.8329999968],[3875068.2873000018,3669648.8077000007],[3875066.6821000017,3669646.4864000008],[3875061.4444999993,3669640.1485000029],[3875054.7817000002,3669633.5234000012],[3875051.8293999992,3669631.2814999968],[3875047.7157999985,3669628.1856999993],[3875038.0042000003,3669624.735799998],[3875024.3920000009,3669622.630400002],[3875010.7254999988,3669616.2607000023],[3874991.8590000011,3669602.9778999984],[3874978.6933999993,3669587.3994000033],[3874978.2166000009,3669586.8461000025],[3874964.1986000016,3669567.5534999967],[3874947.7327999994,3669543.3422999978],[3874938.321800001,3669527.5200999975],[3874927.4620000012,3669507.5116999969],[3874921.8586000018,3669492.372299999],[3874918.3486000001,3669480.0252000019],[3874917.9901000001,3669469.2290999964],[3874921.1143000014,3669438.6274000034],[3874920.4045999981,3669421.4487000033],[3874916.9008999988,3669407.3409999982],[3874913.4008999988,3669398.9535000026],[3874910.3073000014,3669394.3954999968],[3874908.1673000008,3669391.2261999995],[3874900.4550999999,3669384.2230999991],[3874886.4948999994,3669375.0681999996],[3874869.3326999992,3669365.9720999971],[3874863.0848999992,3669367.4187000021],[3874839.4732000008,3669357.4191000015],[3874808.8194000013,3669335.5181000009],[3874794.2982000001,3669323.1915000007],[3874792.993900001,3669322.0926999971],[3874784.5833999999,3669307.1556999981],[3874783.6543999985,3669305.5307999998],[3874782.9153000005,3669296.7181999981],[3874782.1022999994,3669295.2110999972],[3874780.1400000006,3669291.574000001],[3874775.0357999988,3669280.7616000026],[3874773.5505000018,3669277.561499998],[3874766.8832999989,3669268.7731000036],[3874764.7421999983,3669265.9695999995],[3874756.0088,3669253.3100999966],[3874739.9266999997,3669226.8452999964],[3874738.9375,3669225.2096000016],[3874718.9879000001,3669201.7136000022],[3874711.9750999995,3669194.6406999975],[3874701.8429000005,3669184.1014999971],[3874694.7082999982,3669175.4786999971],[3874693.439199999,3669173.9453999996],[3874686.4629999995,3669163.7826000005],[3874669.6369999982,3669135.6824000031],[3874663.0091000013,3669123.1009000018],[3874661.3317000009,3669117.9496999979],[3874660.9543999992,3669115.5174999982],[3874658.4334999993,3669094.9626000002],[3874658.0692000017,3669075.9439999983],[3874655.9899000004,3669065.8101999983],[3874652.1765000001,3669053.3562999964],[3874642.6704000011,3669041.2238000035],[3874639.3409999982,3669037.4057999998],[3874630.7844000012,3669027.5429999977],[3874604.8957000002,3669000.7951000035],[3874595.4409999996,3668990.3414999992],[3874592.4466000013,3668987.9813999981],[3874590.557,3668987.2344999984],[3874578.6768000014,3668978.3816],[3874569.5918999985,3668968.8816],[3874560.1350999996,3668962.5273000002],[3874550.0309000015,3668954.4202999994],[3874542.0282999985,3668946.6862000003],[3874533.2512000017,3668939.6762000024],[3874525.2115000002,3668932.6692000031],[3874514.7463999987,3668923.5283000022],[3874486.1239,3668899.9305000007],[3874475.6242999993,3668894.2422000021],[3874460.9481000006,3668889.3373999968],[3874437.1867000014,3668882.2854999974],[3874430.5271000005,3668881.6152999997],[3874428.0144000016,3668881.3598999977],[3874422.7586000003,3668821.809799999],[3874421.3984999992,3668806.4638999999],[3874421.0075000003,3668802.0090999976],[3874398.5058999993,3668808.2832000032],[3874364.8931999989,3668816.0405000001],[3874358.4261000007,3668817.5336000025],[3874318.5348999985,3668826.7148000002],[3874289.2831999995,3668834.8306000009],[3874281.6169000007,3668835.7419999987],[3874257.5456000008,3668838.6026000008],[3874248.0397999994,3668839.261500001],[3874216.9045000002,3668841.3914000019],[3874201.6728000008,3668841.5234000012],[3874200.3618000001,3668841.5398000032],[3874198.7963000014,3668841.5593999997],[3874192.4503999986,3668841.6661000028],[3874161.4538999982,3668840.9051000029],[3874134.6020999998,3668838.0832000002],[3874126.2666000016,3668836.3991999999],[3874089.3881999999,3668828.9545999989],[3874064.6394999996,3668821.254900001],[3874052.8663000017,3668817.5909999982],[3874024.1321999989,3668808.6741999984],[3873996.7861000001,3668800.6897],[3873996.3896000013,3668800.5736000016],[3873969.5392000005,3668791.2194000036],[3873931.0764999986,3668774.7901000008],[3873925.1550000012,3668772.2619000003],[3873902.1790999994,3668761.4646999985],[3873878.9378999993,3668749.7030000016],[3873857.8260999992,3668737.3381000012],[3873810.6805000007,3668709.7361999974],[3873789.3092,3668697.8334000036],[3873785.3319000006,3668695.6180000007],[3873757.9565999992,3668682.8062999994],[3873753.8623000011,3668680.8774000034],[3873749.5810000002,3668678.1592999995],[3873736.1149999984,3668668.7836000025],[3873734.7806000002,3668668.1084000021],[3873712.8742999993,3668657.0328999981],[3873693.9684999995,3668645.7572000027],[3873693.3271000013,3668645.378200002],[3873651.6460000016,3668581.2202000022],[3873650.2991000004,3668579.1455999985],[3873649.2751999982,3668577.568599999],[3873656.5995999984,3668562.7026999965],[3873668.9037999995,3668538.5970999971],[3873674.9787999988,3668526.5797000006],[3873678.0628000014,3668520.4949999973],[3873680.6072000004,3668515.4416999966],[3873701.7637999989,3668473.5987000018],[3873706.6154000014,3668463.9965000004],[3873715.1528999992,3668446.7019999996],[3873734.4534999989,3668407.7182999998],[3873738.9477999993,3668399.429399997],[3873771.7936999984,3668338.6124000028],[3873778.1581000015,3668326.8320000023],[3873824.8903999999,3668234.0002999976],[3873833.8126000017,3668216.7792000026],[3873870.6572999991,3668145.6988999993],[3873901.3273999989,3668084.0287000015],[3873910.5256999992,3668065.5266000032],[3873942.2419000007,3668002.9689000025],[3873963.2346000001,3667961.561999999],[3873967.2474000007,3667953.6468999982],[3873986.5645000003,3667916.2738000005],[3874044.7936999984,3667803.6352000013],[3874045.4653000012,3667802.3460000008],[3874081.4125999995,3667732.8153000027],[3874130.4149999991,3667636.4594999999],[3874169.4189000018,3667559.752700001],[3874184.6953999996,3667530.2343000025],[3874197.3856999986,3667505.7106999978],[3874206.1409000009,3667488.7938999981],[3874207.2474999987,3667486.6246000007],[3874237.5168999992,3667429.2542999983],[3874266.0214000009,3667371.2198000029],[3874294.7822000012,3667320.1286000013],[3874302.8515000008,3667305.7932000011],[3874311.1400999986,3667292.3973999992],[3874343.9769000001,3667248.6048000008],[3874344.9510000013,3667247.3049999997],[3874360.5386000015,3667228.9329999983],[3874394.7751000002,3667191.9201999977],[3874418.3007999994,3667169.690700002],[3874438.4197999984,3667151.9826999977],[3874458.8504000008,3667135.4020000026],[3874493.1963,3667110.2760000005],[3874517.8352999985,3667093.3110999987],[3874521.7837000005,3667090.6014000028],[3874525.1242000014,3667088.2995000035],[3874543.3702999987,3667077.5253000036],[3874556.3709999993,3667069.8440999985],[3874585.1904000007,3667054.2331999987],[3874620.6169000007,3667034.0329999998],[3874622.0916000009,3667033.2278999984],[3874631.8592999987,3667027.7660999969],[3874641.6598999985,3667022.3640000001],[3874659.4937000014,3667012.7855999991],[3874661.7417000011,3667011.5719000027],[3874664.5995000005,3667009.9620999992],[3874734.8636000007,3666970.8016000018],[3874752.2292999998,3666961.1741999984],[3874861.9505000003,3666900.8193000033],[3874871.9074000008,3666895.3420000002],[3874901.182599999,3666879.2050999999],[3874974.2467,3666837.5756999999],[3874976.4019999988,3666836.3491000012],[3875080.0058000013,3666777.3061999977],[3875140.3570000008,3666744.6371000037],[3875154.5835999995,3666736.9011000022],[3875156.9261000007,3666735.6647000015],[3875158.8704999983,3666734.5675000027],[3875163.3542999998,3666732.1651000008],[3875319.2419999987,3666644.121799998],[3875345.9734999985,3666629.9233999997],[3875390.7771999985,3666604.3034000024],[3875443.5592,3666573.4397],[3875512.313000001,3666536.9123999998],[3875566.8159999996,3666504.2217999995],[3875707.7826000005,3666423.9795999974],[3875798.2329000011,3666373.183799997],[3876043.5306999981,3666235.4227000028],[3876115.6099999994,3666195.299999997],[3876117.376600001,3666191.4182000011],[3876119.194600001,3666193.2916999981],[3876122.7531000003,3666191.2841000035],[3876144.9191000015,3666178.9601999968],[3876163.9182000011,3666166.1784999967],[3876168.1491999999,3666162.5998999998],[3876189.6420999989,3666148.805399999],[3876219.8234999999,3666126.2316000015],[3876244.0951999985,3666106.3536000028],[3876263.4587000012,3666086.5978000015],[3876289.7479000017,3666057.7048999965],[3876314.6119000018,3666028.0561000034],[3876391.6792000011,3665934.3051000014],[3876452.4294999987,3665857.8866999969],[3876471.2430999987,3665834.6871000007]]]},"properties":{"OBJECTID":4,"NoteType":0,"Name":"רמות","Notes":null,"created_user":"LINKERR","created_date":1740486942000,"last_edited_user":"LINKERR","last_edited_date":1740489101000,"Shape_Length":11769.996396700904,"Shape_Area":8654776.4980754107}},{"type":"Feature","id":5,"geometry":{"type":"Polygon","coordinates":[[[3873702.7016000003,3666366.7471000031],[3873702.8841999993,3666371.0917000026],[3873704.6077999994,3666411.2276000008],[3873708.072900001,3666457.4307999983],[3873708.9873000011,3666469.6706999987],[3873709.0769999996,3666471.4800999984],[3873713.5866999999,3666560.3426000029],[3873722.0529000014,3666699.4746000022],[3873722.0201000012,3666746.6755999997],[3873720.4268000014,3666789.3140999973],[3873719.9675000012,3666834.9635000005],[3873717.6292999983,3666937.1332999989],[3873716.4063000008,3667038.2158000022],[3873715.8859999999,3667081.376199998],[3873715.8773999996,3667083.7251000032],[3873718.4831000008,3667083.8049999997],[3873742.8379999995,3667084.3303000033],[3873756.9913000017,3667084.4377999976],[3873800.9915000014,3667084.7674999982],[3873821.1413999982,3667084.5059999973],[3873880.0601999983,3667083.7444999963],[3873954.3427999988,3667084.1582000032],[3874036.0331000015,3667085.2695000023],[3874055.0958999991,3667085.2933999971],[3874055.1510000005,3667089.1675999984],[3874056.4538999982,3667171.950000003],[3874056.9261999987,3667201.9125000015],[3874118.1163000017,3667203.4063000008],[3874118.7296000011,3667240.6172999963],[3874120.4244000018,3667240.623499997],[3874182.2265999988,3667240.9069000036],[3874182.6706000008,3667240.9065999985],[3874223.2855000012,3667240.694600001],[3874218.6413000003,3667241.9566999972],[3874343.9769000001,3667248.6048000008],[3874311.1400999986,3667292.3973999992],[3874302.8515000008,3667305.7932000011],[3874294.7822000012,3667320.1286000013],[3874266.0214000009,3667371.2198000029],[3874237.5168999992,3667429.2542999983],[3874207.2474999987,3667486.6246000007],[3874206.1409000009,3667488.7938999981],[3874197.3856999986,3667505.7106999978],[3874184.6953999996,3667530.2343000025],[3874169.4189000018,3667559.752700001],[3874130.4149999991,3667636.4594999999],[3874081.4125999995,3667732.8153000027],[3874045.4653000012,3667802.3460000008],[3874044.7936999984,3667803.6352000013],[3873986.5645000003,3667916.2738000005],[3873967.2474000007,3667953.6468999982],[3873963.2346000001,3667961.561999999],[3873942.2419000007,3668002.9689000025],[3873910.5256999992,3668065.5266000032],[3873901.3273999989,3668084.0287000015],[3873870.6572999991,3668145.6988999993],[3873833.8126000017,3668216.7792000026],[3873824.8903999999,3668234.0002999976],[3873778.1581000015,3668326.8320000023],[3873771.7936999984,3668338.6124000028],[3873738.9477999993,3668399.429399997],[3873734.4534999989,3668407.7182999998],[3873715.1528999992,3668446.7019999996],[3873706.6154000014,3668463.9965000004],[3873701.7637999989,3668473.5987000018],[3873680.6072000004,3668515.4416999966],[3873678.0628000014,3668520.4949999973],[3873674.9787999988,3668526.5797000006],[3873668.9037999995,3668538.5970999971],[3873656.5995999984,3668562.7026999965],[3873649.2751999982,3668577.568599999],[3873557.5496000014,3668549.9433000013],[3873553.1295000017,3668548.6123000011],[3873523.2241999991,3668539.6074000001],[3873513.8154999986,3668539.2321999967],[3873508.0676000006,3668539.0107000023],[3873505.3295999989,3668542.3953000009],[3873451.7855000012,3668608.7034000009],[3873429.9781000018,3668639.3857000023],[3873413.2573000006,3668628.1644999981],[3873392.9824000001,3668617.2933999971],[3873375.1180999987,3668608.863499999],[3873361.3806000017,3668603.1511999965],[3873328.8836000003,3668591.7294000015],[3873315.7619999982,3668586.618900001],[3873303.5472999997,3668580.6185000017],[3873292.2115000002,3668576.9803000018],[3873277.6063000001,3668575.4588999972],[3873269.5505000018,3668575.7915999964],[3873262.0755000003,3668577.5261000022],[3873259.7338000014,3668578.6928000003],[3873252.8385999985,3668584.692900002],[3873248.3403999992,3668587.3888999969],[3873242.364599999,3668597.574000001],[3873235.2778999992,3668607.827200003],[3873233.6572000012,3668610.1687999964],[3873231.3123999983,3668608.8452000022],[3873217.8977999985,3668601.2298000008],[3873208.0500999987,3668596.7063999996],[3873197.6363999993,3668593.1436000019],[3873186.0069000013,3668590.0939000025],[3873176.760400001,3668586.7577000037],[3873167.7762999982,3668585.5487999991],[3873158.5648999996,3668582.5778999999],[3873140.3786000013,3668579.2098999992],[3873116.4847999997,3668573.5402000025],[3873097.6986000016,3668571.1204999983],[3873076.2437000014,3668566.2589000016],[3873055.9796999991,3668565.3131000027],[3873000.4943999983,3668564.9535000026],[3872998.6829000004,3668564.887500003],[3872953.3596000001,3668563.3778000027],[3872934.2512999997,3668565.4439999983],[3872904.4164999984,3668567.2346000001],[3872890.0821999982,3668565.3479999974],[3872857.2773999982,3668564.1203000024],[3872856.0135000013,3668564.185999997],[3872842.0791999996,3668564.7207000032],[3872834.6169999987,3668565.9375],[3872824.2747000009,3668565.4751999974],[3872821.6711999997,3668564.7141999975],[3872818.5925999992,3668564.7617999986],[3872817.5089000016,3668564.7807999998],[3872813.5588000007,3668564.8365999982],[3872798.2276000008,3668563.4496000037],[3872788.2692999989,3668563.496100001],[3872771.5837000012,3668561.8118999973],[3872737.7338999994,3668555.5883999988],[3872720.2879000008,3668550.9760000035],[3872709.5951000005,3668547.1186999977],[3872678.2485000007,3668540.5390999988],[3872666.5069999993,3668538.803199999],[3872652.9858000018,3668538.1647000015],[3872640.8874999993,3668538.1900999993],[3872623.8746999986,3668542.9763000011],[3872604.2457999997,3668550.3143000007],[3872587.2956999987,3668556.7810000032],[3872575.2329000011,3668562.8308999985],[3872562.1042999998,3668566.8928999975],[3872551.7996999994,3668571.9165000021],[3872526.6195,3668581.7339999974],[3872518.7630000003,3668585.2981999964],[3872514.5476999991,3668587.1970999986],[3872501.0430000015,3668591.5507000014],[3872476.2232999988,3668602.0279999971],[3872470.2269000001,3668605.235799998],[3872446.0419000015,3668614.6931999996],[3872402.7490000017,3668632.8066999987],[3872363.6994999982,3668647.7040000036],[3872328.9188000001,3668661.8078000024],[3872314.7366000004,3668665.7954000011],[3872288.4270000011,3668668.4083999991],[3872276.6796000004,3668668.5163000003],[3872263.7556000017,3668667.5148999989],[3872254.9866000004,3668665.0618000031],[3872221.8660000004,3668660.6006999984],[3872210.1088999994,3668659.9685000032],[3872198.0102999993,3668657.1273000017],[3872173.0764999986,3668648.3743000031],[3872153.4693000019,3668640.5936999992],[3872103.5877999999,3668623.3706],[3872083.9847000018,3668617.7867000028],[3872064.7908000015,3668614.999499999],[3872040.1957999989,3668612.2496000007],[3872018.1440000013,3668610.9930000007],[3871927.3867000006,3668600.3757999986],[3871903.9164000005,3668597.2682000026],[3871885.0450000018,3668592.7194999978],[3871869.3667000011,3668590.6746999994],[3871813.5243000016,3668588.7792000026],[3871799.9816000015,3668587.4702000022],[3871787.8911999986,3668585.439199999],[3871781.4796000011,3668581.1622999981],[3871779.6147000007,3668573.6599999964],[3871779.6149999984,3668567.2016000003],[3871782.4217999987,3668561.126199998],[3871782.996100001,3668560.4698000029],[3871788.9015000015,3668553.7850999981],[3871789.2430000007,3668553.0165000036],[3871811.8013000004,3668412.0287000015],[3871832.0392000005,3668285.5552000031],[3871834.2963999994,3668282.0988000035],[3871831.5833999999,3668273.266900003],[3871853.2322000004,3668091.9475999996],[3871853.8359000012,3668086.8872999996],[3871854.5956000015,3668080.5583000034],[3871857.7118000016,3668054.4487000033],[3871868.0192000009,3668027.003899999],[3871879.2351999991,3668001.5349999964],[3871894.0161999986,3667967.9760000035],[3871911.1711999997,3667935.2964000031],[3871922.8425000012,3667920.2224999964],[3871950.8836999983,3667884.0019999966],[3871967.561999999,3667859.5760999992],[3871991.6431999989,3667830.681599997],[3871999.8317999989,3667823.2651999965],[3872013.2932000011,3667811.0781000033],[3872042.4109999985,3667783.2246999964],[3872052.3618000001,3667775.25],[3872074.5788999982,3667757.4375],[3872104.0636,3667736.7719999999],[3872120.0579000004,3667726.2405999973],[3872153.3687000014,3667704.3077000007],[3872191.5203999989,3667679.1903000027],[3872232.870000001,3667648.8812000006],[3872287.5870999992,3667612.936999999],[3872289.5318000019,3667611.6647000015],[3872303.1149999984,3667602.1673000008],[3872341.7756000012,3667577.802199997],[3872374.5469000004,3667559.4292000011],[3872386.4963999987,3667552.074500002],[3872405.8960999995,3667540.1568000019],[3872419.7118000016,3667530.741899997],[3872420.8825999983,3667529.947800003],[3872422.0553000011,3667529.1424999982],[3872431.6169999987,3667522.566399999],[3872444.1576999985,3667513.2994000018],[3872445.3181999996,3667512.422799997],[3872446.8881999999,3667511.2542999983],[3872468.9101999998,3667492.0291000009],[3872483.7716000006,3667477.8510999978],[3872486.2010000013,3667475.4280999973],[3872487.3383000009,3667474.3401999995],[3872488.5126999989,3667473.0878999978],[3872508.4904000014,3667453.126500003],[3872517.3695,3667444.7978999987],[3872530.4814999998,3667432.5029999986],[3872554.2487999983,3667409.2685000002],[3872583.9525999986,3667380.2287999988],[3872594.0991000012,3667370.0379000008],[3872597.6066999994,3667366.5275000036],[3872609.5375000015,3667354.5577000007],[3872611.3449999988,3667352.7316000015],[3872613.0581,3667350.7414999977],[3872628.4600000009,3667332.9012999982],[3872646.5240999982,3667311.8988000005],[3872673.503800001,3667273.4654999971],[3872684.3200000003,3667256.2523000017],[3872708.2459000014,3667212.3680000007],[3872712.2666999996,3667202.8013999984],[3872714.436999999,3667197.6420999989],[3872722.0064999983,3667179.6890999973],[3872733.0527000017,3667151.2488999963],[3872740.1513999999,3667122.0540999994],[3872742.7839000002,3667105.5273000002],[3872743.3936999999,3667101.6657999977],[3872744.6473000012,3667066.8002000004],[3872741.9532999992,3667052.5671000034],[3872739.3284000009,3667038.6621000022],[3872735.386500001,3667014.5720999986],[3872732.9470000006,3667002.0408999994],[3872729.8033999987,3666985.5643000007],[3872724.8234999999,3666967.4827999994],[3872720.0498999991,3666950.0707999989],[3872711.7254999988,3666916.2734000012],[3872711.0315999985,3666914.3684],[3872710.5689999983,3666913.1915000007],[3872700.3414999992,3666885.5529000014],[3872695.7897000015,3666876.8517000005],[3872670.8084000014,3666829.0905999988],[3872662.1867999993,3666812.5917999968],[3872636.7800999992,3666768.9592999965],[3872635.7135999985,3666766.8698000014],[3872618.5527000017,3666733.2208999991],[3872606.8077000007,3666709.072300002],[3872605.4593999982,3666706.3012999967],[3872581.1209999993,3666651.9020000026],[3872579.5626000017,3666647.5024000034],[3872565.3698000014,3666607.4253000021],[3872560.4510999992,3666585.5384000018],[3872559.3553000018,3666581.6350999996],[3872555.5258000009,3666568.1849000007],[3872554.1431000009,3666513.2047000006],[3872550.2331999987,3666443.0882999972],[3872549.9935000017,3666438.7665999979],[3872552.6708000004,3666438.434799999],[3872588.2840999998,3666434.1429999992],[3872637.7677999996,3666430.4316999987],[3872658.1074000001,3666427.8460000008],[3872679.7675999999,3666425.0935999975],[3872699.2884999998,3666421.5366000012],[3872732.2980000004,3666415.5209999979],[3872756.4605999999,3666410.8210999966],[3872783.8594000004,3666404.8461999968],[3872790.5551000014,3666403.387500003],[3872794.8836000003,3666402.0401000008],[3872801.0601999983,3666400.502700001],[3872846.5287000015,3666389.0446999967],[3872863.9712000005,3666384.6486999989],[3872864.6603000015,3666384.4755999967],[3872865.4437999986,3666384.2791000009],[3872866.7419999987,3666383.9547000006],[3872910.9770999998,3666374.4331],[3872941.3885000013,3666367.1371000037],[3873009.3467999995,3666354.3202999979],[3873031.7080000006,3666353.5234000012],[3873033.3150999993,3666353.4751000032],[3873034.126699999,3666353.4518999979],[3873040.2162999995,3666353.2624000013],[3873054.239599999,3666353.1736000031],[3873089.6629999988,3666352.9302000031],[3873124.4523999989,3666353.2845999971],[3873267.2347999997,3666354.8911999986],[3873369.8724000007,3666356.0446999967],[3873373.1088000014,3666356.1506000012],[3873447.4153000005,3666358.6818000004],[3873525.502799999,3666362.1194000021],[3873527.8517999984,3666362.1992999986],[3873530.1777999997,3666362.2902999967],[3873542.8082000017,3666362.8650000021],[3873596.8148999996,3666365.2961999997],[3873624.1807000004,3666366.5253000036],[3873686.495099999,3666369.2457000017],[3873702.7016000003,3666366.7471000031]]]},"properties":{"OBJECTID":5,"NoteType":0,"Name":"שכונה ד","Notes":null,"created_user":"LINKERR","created_date":1740486942000,"last_edited_user":"LINKERR","last_edited_date":1740489101000,"Shape_Length":8741.8034172634834,"Shape_Area":3555144.7723075394}},{"type":"Feature","id":6,"geometry":{"type":"Polygon","coordinates":[[[3874601.5958999991,3664531.260300003],[3874603.7925000004,3664540.9547000006],[3874617.2952999994,3664597.6136000007],[3874645.3275000006,3664672.8791999966],[3874647.2267000005,3664674.5072999969],[3874661.2509000003,3664686.5209999979],[3874671.5370999984,3664695.3324000016],[3874702.3363000005,3664722.6045000032],[3874705.9670000002,3664725.8197999969],[3874945.6229999997,3664938.0907000005],[3874947.4463,3664941.2679999992],[3875009.9261999987,3665050.0672999993],[3875027.8962999992,3665113.1093000025],[3875034.5896999985,3665136.9799999967],[3875057.3317999989,3665218.069600001],[3875063.8289999999,3665241.2365999967],[3875099.9266999997,3665326.6921000034],[3875162.3555000015,3665424.3377000019],[3875165.0533999987,3665428.3395999968],[3875179.1187999994,3665449.1290000007],[3875179.875500001,3665450.1533000022],[3875208.3103,3665488.6446999982],[3875229.1099999994,3665511.9936000034],[3875258.4527999982,3665548.5732999966],[3875278.8447999991,3665565.0276999995],[3875299.7219999991,3665583.0702999979],[3875334.3680999987,3665613.5746000037],[3875364.7536999993,3665639.2248999998],[3875366.8997000009,3665640.4892999977],[3875368.5980000012,3665639.4610000029],[3875378.511500001,3665645.0040000007],[3875387.6114000008,3665649.2172000036],[3875442.503899999,3665674.6608000025],[3875492.9409000017,3665698.0324999988],[3875522.0625,3665708.0137000009],[3875531.8764999993,3665711.3839000016],[3875530.5949999988,3665713.9743999988],[3875487.4811999984,3665801.4993000031],[3875412.071800001,3665950.4460000023],[3875411.1552999988,3665952.2744999975],[3875409.9774000011,3665954.631099999],[3875382.6757999994,3666008.6265999973],[3875328.738499999,3666117.8768000007],[3875326.4930999987,3666122.4244000018],[3875260.4593000002,3666253.7911000028],[3875251.7085999995,3666269.3210000023],[3875251.1788000017,3666270.3872999996],[3875241.4446999989,3666289.9068000019],[3875227.3674999997,3666311.6534999982],[3875207.9019999988,3666337.0584999993],[3875204.7162000015,3666340.8438000008],[3875172.1182999983,3666379.5725999996],[3875170.1578000002,3666381.9144999981],[3875168.1633000001,3666384.2562000006],[3875139.1629000008,3666418.7989000008],[3875131.1834000014,3666428.5081999972],[3875087.6132000014,3666481.5262999982],[3875076.6020999998,3666494.4632999972],[3875075.7245000005,3666495.493900001],[3875039.8836999983,3666537.6462000012],[3875020.7846999988,3666558.2822000012],[3874995.8834999986,3666580.1318999976],[3874975.9638999999,3666594.9632999972],[3874954.5025000013,3666609.1322999969],[3874939.5938999988,3666617.7220999971],[3874581.4620999992,3666640.8101999983],[3874576.9140999988,3666598.6674999967],[3874571.2971000001,3666565.0227999985],[3874567.2732999995,3666546.4865000024],[3874566.872299999,3666544.6071000025],[3874540.8552000001,3666522.4215999991],[3874524.9719000012,3666506.3558000028],[3874505.3324999996,3666488.5157999992],[3874488.1926000006,3666467.8298999965],[3874471.7087000012,3666446.489699997],[3874452.5995999984,3666424.2468999997],[3874434.6017999984,3666404.8034999967],[3874391.9644999988,3666360.9133000001],[3874378.8610999994,3666345.2220999971],[3874376.0223999992,3666341.8311000019],[3874375.5157999992,3666339.5612000003],[3874366.7564000003,3666321.8307000026],[3874344.7278999984,3666279.6947999969],[3874343.7162999995,3666277.5452999994],[3874343.6376999989,3666277.3768000007],[3874342.0593999997,3666274.0362000018],[3874282.1995999999,3666245.3968999982],[3874235.4305000007,3666206.7290000021],[3874233.9979000017,3666205.5376000032],[3874207.9266999997,3666153.5938000008],[3874206.5804000013,3666150.9108000025],[3874182.2888999991,3666130.1758999974],[3874180.5302999988,3666128.702200003],[3874138.3942999989,3666091.9186000004],[3874131.5432999991,3666085.9504999965],[3874111.9257999994,3666068.9210999981],[3874109.3630999997,3666066.6323999986],[3874102.1871000007,3666060.2304000035],[3874082.4549999982,3666042.4597999975],[3874066.4912,3666026.3467999995],[3874065.1063000001,3666024.9324000031],[3874059.7410000004,3666015.4472000003],[3874060.4162000008,3666006.454400003],[3874060.6992000006,3666002.754900001],[3874004.9717999995,3665998.252700001],[3874001.5615999997,3665997.9820000008],[3874004.9233999997,3665976.5499000028],[3873681.8999999985,3665973.8922000006],[3873681.6810000017,3665970.2392999977],[3873680.001600001,3665918.4072000012],[3873682.3403999992,3665885.9566999972],[3873684.4699000008,3665856.4059000015],[3873685.8803000003,3665825.6535999998],[3873695.6501999982,3665611.3081],[3873702.7679000013,3665455.2096000016],[3873704.9301000014,3665388.1621000022],[3873705.0879000016,3665383.3610000014],[3873707.9890000001,3665382.4324000031],[3873757.2195999995,3665366.5971999988],[3873771.2985999994,3665363.0306999981],[3873820.0062999986,3665350.6938999966],[3873863.0445000008,3665341.2348999977],[3873907.6730999984,3665328.1753000021],[3873943.1834999993,3665312.3941000029],[3873966.0201999992,3665298.7503999993],[3873985.2778000012,3665282.6741999984],[3874001.8885999992,3665265.1911000013],[3874003.3612000011,3665265.1965000033],[3874053.0131999999,3665184.7154999971],[3874074.9664999992,3665153.6067000031],[3874102.8022000007,3665121.1912999973],[3874112.6185000017,3665111.3994999975],[3874120.4763000011,3665103.5736000016],[3874146.0793999992,3665080.5075000003],[3874150.3359999992,3665076.672799997],[3874182.6022000015,3665050.2281000018],[3874190.5124000013,3665043.7168999985],[3874197.8610000014,3665037.7317000031],[3874208.3044000007,3665029.1032999977],[3874220.7738999985,3665018.943400003],[3874238.0656999983,3665003.670599997],[3874251.7883000001,3664989.4182000011],[3874258.4750000015,3664982.4673999995],[3874276.1081000008,3664959.7040999979],[3874295.4725000001,3664936.2884000018],[3874298.9648000002,3664932.0631999969],[3874302.9138999991,3664927.2859999985],[3874310.2373999991,3664918.4470999986],[3874320.3594000004,3664904.7678000033],[3874329.4250000007,3664892.5066],[3874353.7901000008,3664850.1212000027],[3874371.2404999994,3664819.7946000025],[3874377.4277000017,3664802.2735000029],[3874396.1020999998,3664756.0402000025],[3874402.7474999987,3664740.5758000016],[3874436.9439000003,3664661.1441999972],[3874444.9798999988,3664646.1305000037],[3874448.2837000005,3664640.0489000008],[3874451.7906999998,3664633.5336999968],[3874465.0703000017,3664612.4443999976],[3874466.3024000004,3664610.9346000031],[3874467.6279999986,3664609.5428000018],[3874468.8467999995,3664608.2661999986],[3874485.4943999983,3664589.9848999977],[3874512.6160999984,3664566.7392999977],[3874540.9699000008,3664549.0173999965],[3874557.9277000017,3664541.3765999973],[3874577.6327,3664534.0266000032],[3874598.4318999983,3664527.2788999975],[3874600.6059000008,3664526.8879999965],[3874601.5958999991,3664531.260300003]]]},"properties":{"OBJECTID":6,"NoteType":0,"Name":"שכונה ג","Notes":null,"created_user":"LINKERR","created_date":1740486942000,"last_edited_user":"LINKERR","last_edited_date":1740489101000,"Shape_Length":6175.666960592318,"Shape_Area":2125201.2009317544}},{"type":"Feature","id":7,"geometry":{"type":"Polygon","coordinates":[[[3873681.8999999985,3665973.8922000006],[3874004.9233999997,3665976.5499000028],[3874001.5615999997,3665997.9820000008],[3874004.9717999995,3665998.252700001],[3874060.6992000006,3666002.754900001],[3874060.4162000008,3666006.454400003],[3874059.7410000004,3666015.4472000003],[3874065.1063000001,3666024.9324000031],[3874066.4912,3666026.3467999995],[3874082.4549999982,3666042.4597999975],[3874102.1871000007,3666060.2304000035],[3874109.3630999997,3666066.6323999986],[3874111.9257999994,3666068.9210999981],[3874131.5432999991,3666085.9504999965],[3874138.3942999989,3666091.9186000004],[3874180.5302999988,3666128.702200003],[3874182.2888999991,3666130.1758999974],[3874206.5804000013,3666150.9108000025],[3874207.9266999997,3666153.5938000008],[3874233.9979000017,3666205.5376000032],[3874235.4305000007,3666206.7290000021],[3874282.1995999999,3666245.3968999982],[3874342.0593999997,3666274.0362000018],[3874343.6376999989,3666277.3768000007],[3874343.7162999995,3666277.5452999994],[3874344.7278999984,3666279.6947999969],[3874366.7564000003,3666321.8307000026],[3874375.5157999992,3666339.5612000003],[3874376.0223999992,3666341.8311000019],[3874378.8610999994,3666345.2220999971],[3874391.9644999988,3666360.9133000001],[3874434.6017999984,3666404.8034999967],[3874452.5995999984,3666424.2468999997],[3874471.7087000012,3666446.489699997],[3874488.1926000006,3666467.8298999965],[3874505.3324999996,3666488.5157999992],[3874524.9719000012,3666506.3558000028],[3874540.8552000001,3666522.4215999991],[3874566.872299999,3666544.6071000025],[3874567.2732999995,3666546.4865000024],[3874571.2971000001,3666565.0227999985],[3874576.9140999988,3666598.6674999967],[3874581.4620999992,3666640.8101999983],[3874939.5938999988,3666617.7220999971],[3874940.4186999984,3666622.7520999983],[3874970.0126000009,3666802.3022999987],[3874974.2467,3666837.5756999999],[3874901.182599999,3666879.2050999999],[3874871.9074000008,3666895.3420000002],[3874861.9505000003,3666900.8193000033],[3874752.2292999998,3666961.1741999984],[3874734.8636000007,3666970.8016000018],[3874664.5995000005,3667009.9620999992],[3874661.7417000011,3667011.5719000027],[3874659.4937000014,3667012.7855999991],[3874641.6598999985,3667022.3640000001],[3874631.8592999987,3667027.7660999969],[3874622.0916000009,3667033.2278999984],[3874620.6169000007,3667034.0329999998],[3874585.1904000007,3667054.2331999987],[3874556.3709999993,3667069.8440999985],[3874543.3702999987,3667077.5253000036],[3874525.1242000014,3667088.2995000035],[3874521.7837000005,3667090.6014000028],[3874517.8352999985,3667093.3110999987],[3874493.1963,3667110.2760000005],[3874458.8504000008,3667135.4020000026],[3874438.4197999984,3667151.9826999977],[3874418.3007999994,3667169.690700002],[3874394.7751000002,3667191.9201999977],[3874360.5386000015,3667228.9329999983],[3874344.9510000013,3667247.3049999997],[3874343.9769000001,3667248.6048000008],[3874218.6413000003,3667241.9566999972],[3874223.2855000012,3667240.694600001],[3874182.6706000008,3667240.9065999985],[3874182.2265999988,3667240.9069000036],[3874120.4244000018,3667240.623499997],[3874118.7296000011,3667240.6172999963],[3874118.1163000017,3667203.4063000008],[3874056.9261999987,3667201.9125000015],[3874056.4538999982,3667171.950000003],[3874055.1510000005,3667089.1675999984],[3874055.0958999991,3667085.2933999971],[3874036.0331000015,3667085.2695000023],[3873954.3427999988,3667084.1582000032],[3873880.0601999983,3667083.7444999963],[3873821.1413999982,3667084.5059999973],[3873800.9915000014,3667084.7674999982],[3873756.9913000017,3667084.4377999976],[3873742.8379999995,3667084.3303000033],[3873718.4831000008,3667083.8049999997],[3873715.8773999996,3667083.7251000032],[3873715.8859999999,3667081.376199998],[3873716.4063000008,3667038.2158000022],[3873717.6292999983,3666937.1332999989],[3873719.9675000012,3666834.9635000005],[3873720.4268000014,3666789.3140999973],[3873722.0201000012,3666746.6755999997],[3873722.0529000014,3666699.4746000022],[3873713.5866999999,3666560.3426000029],[3873709.0769999996,3666471.4800999984],[3873708.9873000011,3666469.6706999987],[3873708.072900001,3666457.4307999983],[3873704.6077999994,3666411.2276000008],[3873702.8841999993,3666371.0917000026],[3873702.7016000003,3666366.7471000031],[3873697.0443000011,3666242.6723000035],[3873692.0207999982,3666168.889200002],[3873687.7851000018,3666090.6338],[3873684.3803999983,3666015.1564000025],[3873681.8999999985,3665973.8922000006]]]},"properties":{"OBJECTID":7,"NoteType":0,"Name":"בן גוריון וסורוקה","Notes":null,"created_user":"LINKERR","created_date":1740486942000,"last_edited_user":"LINKERR","last_edited_date":1740489101000,"Shape_Length":4498.5461654710198,"Shape_Area":984468.70792051172}},{"type":"Feature","id":8,"geometry":{"type":"MultiPolygon","coordinates":[[[[3872549.2479999997,3666425.3277999982],[3872588.2840999998,3666434.1429999992],[3872552.6708000004,3666438.434799999],[3872549.9935000017,3666438.7665999979],[3872549.2479999997,3666425.3277999982]]],[[[3872549.9935000017,3666438.7665999979],[3872550.2331999987,3666443.0882999972],[3872554.1431000009,3666513.2047000006],[3872555.5258000009,3666568.1849000007],[3872559.3553000018,3666581.6350999996],[3872560.4510999992,3666585.5384000018],[3872565.3698000014,3666607.4253000021],[3872579.5626000017,3666647.5024000034],[3872581.1209999993,3666651.9020000026],[3872605.4593999982,3666706.3012999967],[3872606.8077000007,3666709.072300002],[3872618.5527000017,3666733.2208999991],[3872635.7135999985,3666766.8698000014],[3872636.7800999992,3666768.9592999965],[3872662.1867999993,3666812.5917999968],[3872670.8084000014,3666829.0905999988],[3872695.7897000015,3666876.8517000005],[3872700.3414999992,3666885.5529000014],[3872710.5689999983,3666913.1915000007],[3872711.0315999985,3666914.3684],[3872711.7254999988,3666916.2734000012],[3872720.0498999991,3666950.0707999989],[3872724.8234999999,3666967.4827999994],[3872729.8033999987,3666985.5643000007],[3872732.9470000006,3667002.0408999994],[3872735.386500001,3667014.5720999986],[3872739.3284000009,3667038.6621000022],[3872741.9532999992,3667052.5671000034],[3872744.6473000012,3667066.8002000004],[3872743.3936999999,3667101.6657999977],[3872742.7839000002,3667105.5273000002],[3872740.1513999999,3667122.0540999994],[3872733.0527000017,3667151.2488999963],[3872722.0064999983,3667179.6890999973],[3872714.436999999,3667197.6420999989],[3872712.2666999996,3667202.8013999984],[3872708.2459000014,3667212.3680000007],[3872684.3200000003,3667256.2523000017],[3872673.503800001,3667273.4654999971],[3872646.5240999982,3667311.8988000005],[3872628.4600000009,3667332.9012999982],[3872613.0581,3667350.7414999977],[3872611.3449999988,3667352.7316000015],[3872609.5375000015,3667354.5577000007],[3872597.6066999994,3667366.5275000036],[3872594.0991000012,3667370.0379000008],[3872583.9525999986,3667380.2287999988],[3872554.2487999983,3667409.2685000002],[3872530.4814999998,3667432.5029999986],[3872517.3695,3667444.7978999987],[3872508.4904000014,3667453.126500003],[3872488.5126999989,3667473.0878999978],[3872487.3383000009,3667474.3401999995],[3872486.2010000013,3667475.4280999973],[3872483.7716000006,3667477.8510999978],[3872468.9101999998,3667492.0291000009],[3872446.8881999999,3667511.2542999983],[3872445.3181999996,3667512.422799997],[3872444.1576999985,3667513.2994000018],[3872431.6169999987,3667522.566399999],[3872422.0553000011,3667529.1424999982],[3872420.8825999983,3667529.947800003],[3872419.7118000016,3667530.741899997],[3872405.8960999995,3667540.1568000019],[3872386.4963999987,3667552.074500002],[3872374.5469000004,3667559.4292000011],[3872341.7756000012,3667577.802199997],[3872303.1149999984,3667602.1673000008],[3872289.5318000019,3667611.6647000015],[3872287.5870999992,3667612.936999999],[3872232.870000001,3667648.8812000006],[3872191.5203999989,3667679.1903000027],[3872153.3687000014,3667704.3077000007],[3872120.0579000004,3667726.2405999973],[3872104.0636,3667736.7719999999],[3872074.5788999982,3667757.4375],[3872052.3618000001,3667775.25],[3872042.4109999985,3667783.2246999964],[3872013.2932000011,3667811.0781000033],[3871999.8317999989,3667823.2651999965],[3871991.6431999989,3667830.681599997],[3871967.561999999,3667859.5760999992],[3871950.8836999983,3667884.0019999966],[3871922.8425000012,3667920.2224999964],[3871911.1711999997,3667935.2964000031],[3871894.0161999986,3667967.9760000035],[3871879.2351999991,3668001.5349999964],[3871868.0192000009,3668027.003899999],[3871857.7118000016,3668054.4487000033],[3871854.5956000015,3668080.5583000034],[3871853.8359000012,3668086.8872999996],[3871853.2322000004,3668091.9475999996],[3871851.9452,3668091.9773999974],[3871840.5560999997,3668090.3488999978],[3871835.7906000018,3668089.6719999984],[3871815.8055000007,3668086.8087000027],[3871781.5392999984,3668081.8993000016],[3871746.9032000005,3668076.9371000007],[3871675.3055999987,3668066.6890999973],[3871589.2771000005,3668055.1146000028],[3871549.9162999988,3668048.7779000029],[3871530.4527999982,3668045.6437999979],[3871527.0760000013,3668045.1018999964],[3871499.7481999993,3668036.2792000026],[3871493.8300999999,3668034.3663000017],[3871481.6433000006,3668030.4319000021],[3871467.3429000005,3668025.8181999996],[3871364.4373000003,3667978.0121999979],[3871296.5137000009,3667946.7014999986],[3871223.7751000002,3667913.1688999981],[3871079.0091999993,3667846.4290999994],[3871012.3854999989,3667812.8273999989],[3871011.3561999984,3667812.3071999997],[3870936.5192999989,3667774.564199999],[3870932.6239,3667772.5993999988],[3870917.9026000015,3667765.1652000025],[3870864.4177000001,3667738.488499999],[3870860.625500001,3667736.5974000022],[3870851.5042000003,3667731.8761000037],[3870845.7773999982,3667728.9054000005],[3870814.0381999984,3667712.4777000025],[3870760.2168000005,3667676.3489999995],[3870689.7523999996,3667626.7026000023],[3870669.5351999998,3667612.4587000012],[3870620.0727000013,3667576.5940999985],[3870578.8583000004,3667542.7238999978],[3870487.004999999,3667467.2366999984],[3870442.8942000009,3667431.7807999998],[3870432.8511999995,3667423.7058999985],[3870427.2080999985,3667420.3483999968],[3870423.0436999984,3667417.8647999987],[3870428.6464999989,3667410.8407000005],[3870448.4039000012,3667382.6603000015],[3870475.0665000007,3667334.4680000022],[3870487.6407999992,3667305.1569000036],[3870508.5403999984,3667256.4980999976],[3870524.7848000005,3667224.1635999978],[3870540.2118999995,3667193.4561000019],[3870540.2868000008,3667193.3077000007],[3870545.1270000003,3667183.6714999974],[3870553.8619000018,3667168.0040000007],[3870588.0769000016,3667106.4777999967],[3870626.2379000001,3667049.0773999989],[3870642.2021000013,3667019.5573000014],[3870642.8024999984,3667018.4562000036],[3870645.6037000008,3667010.2458999977],[3870646.5370000005,3667007.8175999969],[3870646.8674000017,3667006.8911999986],[3870650.693599999,3666996.8413999975],[3870667.3938000016,3666964.4452999979],[3870685.6129000001,3666925.4778999984],[3870700.4926000014,3666905.0310999975],[3870707.6097000018,3666895.251199998],[3870724.0399000011,3666874.5047999993],[3870725.5791999996,3666872.561499998],[3870741.6539000012,3666853.989699997],[3870770.2734000012,3666820.9214999974],[3870777.6810999997,3666812.3636000007],[3870800.6464999989,3666788.1435000002],[3870830.4182999991,3666754.1312000006],[3870873.8832999989,3666705.5617000014],[3870894.9376000017,3666685.9020999968],[3870896.0273000002,3666684.8143000007],[3870906.4472999983,3666671.9487999976],[3871003.8418999985,3666582.0384000018],[3871072.249499999,3666520.3202000037],[3871104.7945999987,3666490.9706000015],[3871115.1743000001,3666481.6023999974],[3871125.6022000015,3666471.6850999966],[3871144.6521000005,3666453.5675999969],[3871166.9717999995,3666432.3395999968],[3871220.2036999986,3666378.2304999977],[3871230.1920999996,3666367.1601999998],[3871231.3531999998,3666365.8715000004],[3871235.8213,3666368.1911000013],[3871246.6105000004,3666373.7879000008],[3871275.5012000017,3666388.2054999992],[3871276.6675999984,3666388.7965999991],[3871277.8335000016,3666389.3180000037],[3871290.804299999,3666395.9099000022],[3871327.061900001,3666409.4059000015],[3871337.1409999989,3666411.7327999994],[3871350.3324000016,3666414.7796000019],[3871370.1394000016,3666418.5920000002],[3871384.8762000017,3666421.4438999966],[3871408.6821000017,3666424.0104999989],[3871412.5621000007,3666424.428199999],[3871448.8104999997,3666425.8620000035],[3871449.1239,3666425.8748999983],[3871480.0111999996,3666423.9694000036],[3871484.9765999988,3666423.6644999981],[3871530.0097999983,3666416.2061000019],[3871594.5014999993,3666398.1692000031],[3871628.6218000017,3666388.624499999],[3871673.9439999983,3666375.9513999969],[3871712.8062999994,3666365.7551999986],[3871738.4353,3666361.6406999975],[3871759.2424999997,3666358.3003999963],[3871804.4648999982,3666353.5539999977],[3871814.2025000006,3666352.4992000014],[3871840.8273000009,3666351.7100000009],[3871862.6983999982,3666353.6372999996],[3871890.3979999982,3666359.0296000019],[3871897.6574000008,3666360.7395000011],[3871928.6953000017,3666368.0544999987],[3871981.3836000003,3666378.8154999986],[3872000.5130999982,3666382.7167999968],[3872049.0951999985,3666394.5066],[3872109.1114000008,3666408.1495999992],[3872109.7567000017,3666408.2974999994],[3872115.4063000008,3666409.5815000013],[3872164.0208999999,3666420.1557999998],[3872174.1537999995,3666422.360799998],[3872187.8971000016,3666425.3620999977],[3872215.1079000011,3666432.1656000018],[3872223.9846000001,3666434.387000002],[3872245.3649000004,3666439.7324000001],[3872263.5819999985,3666443.1451999992],[3872268.9791000001,3666444.1570999995],[3872292.4472000003,3666447.494099997],[3872305.5379000008,3666449.3580000028],[3872349.2606999986,3666451.5798999965],[3872372.0509000011,3666451.4733000025],[3872383.7496000007,3666451.4175999984],[3872434.6327,3666448.3808000013],[3872477.4615000002,3666446.3008000031],[3872483.8194000013,3666445.9956],[3872521.0529000014,3666443.060999997],[3872549.9935000017,3666438.7665999979]]]]},"properties":{"OBJECTID":8,"NoteType":0,"Name":"שכונה ו","Notes":null,"created_user":"LINKERR","created_date":1740486942000,"last_edited_user":"LINKERR","last_edited_date":1740489101000,"Shape_Length":6466.4365699863729,"Shape_Area":2718660.5002472205}},{"type":"Feature","id":9,"geometry":{"type":"Polygon","coordinates":[[[3870982.9928000011,3667798.0024999976],[3871011.3561999984,3667812.3071999997],[3871012.3854999989,3667812.8273999989],[3871079.0091999993,3667846.4290999994],[3871223.7751000002,3667913.1688999981],[3871296.5137000009,3667946.7014999986],[3871364.4373000003,3667978.0121999979],[3871467.3429000005,3668025.8181999996],[3871481.6433000006,3668030.4319000021],[3871493.8300999999,3668034.3663000017],[3871499.7481999993,3668036.2792000026],[3871527.0760000013,3668045.1018999964],[3871530.4527999982,3668045.6437999979],[3871549.9162999988,3668048.7779000029],[3871589.2771000005,3668055.1146000028],[3871675.3055999987,3668066.6890999973],[3871746.9032000005,3668076.9371000007],[3871781.5392999984,3668081.8993000016],[3871815.8055000007,3668086.8087000027],[3871835.7906000018,3668089.6719999984],[3871840.5560999997,3668090.3488999978],[3871851.9452,3668091.9773999974],[3871853.2322000004,3668091.9475999996],[3871831.5833999999,3668273.266900003],[3871834.2963999994,3668282.0988000035],[3871832.0392000005,3668285.5552000031],[3871811.8013000004,3668412.0287000015],[3871789.2430000007,3668553.0165000036],[3871752.6026999988,3668552.6010000035],[3871617.6609999985,3668569.4284999967],[3871516.1620000005,3668586.3853999972],[3871473.0051000006,3668584.0544999987],[3871420.2155000009,3668563.2383000031],[3871416.3731999993,3668559.2063999996],[3871395.1066999994,3668536.9091000035],[3871392.6019000001,3668534.2800000012],[3871390.1220000014,3668531.6761000007],[3871369.7699000016,3668484.3633999974],[3871353.5887999982,3668446.7391000018],[3871350.1574000008,3668438.7599999979],[3871349.819600001,3668437.9707000032],[3871349.4814999998,3668437.1827000007],[3871321.5513999984,3668405.6279999986],[3871282.7850000001,3668383.7939999998],[3871196.9510000013,3668370.1133999974],[3871178.1876000017,3668367.1181000024],[3871170.2721000016,3668362.6595000029],[3871169.383200001,3668362.1528000012],[3871168.4959999993,3668361.6551999971],[3871143.1090000011,3668322.2054999992],[3871124.7760999985,3668293.7101000026],[3871122.5001000017,3668290.1780999973],[3871120.2239999995,3668286.6444000006],[3871087.9116000012,3668274.5863000005],[3871073.8984000012,3668269.1143999994],[3870963.9930999987,3668227.4787999988],[3870903.5828999989,3668225.0707999989],[3870777.2795000002,3668239.7588],[3870771.7402000017,3668240.5411000028],[3870982.9928000011,3667798.0024999976]]]},"properties":{"OBJECTID":9,"NoteType":0,"Name":"ספורט","Notes":null,"created_user":"LINKERR","created_date":1740486942000,"last_edited_user":"LINKERR","last_edited_date":1740489101000,"Shape_Length":3059.9353175994361,"Shape_Area":451394.58206419094}},{"type":"Feature","id":10,"geometry":{"type":"Polygon","coordinates":[[[3870982.9928000011,3667798.0024999976],[3870771.7402000017,3668240.5411000028],[3870707.6973999999,3668249.5863000005],[3870687.6649000011,3668252.4113000035],[3870624.4523000009,3668235.3984000012],[3870580.0018999986,3668222.0450000018],[3870471.7980999984,3668233.3620000035],[3870417.8995000012,3668212.8169],[3870208.2448000014,3668132.9100999981],[3870197.7445,3668128.9099999964],[3870166.0452000014,3668155.4328999966],[3870140.5075000003,3668178.7511000037],[3870083.1143000014,3668223.7338000014],[3870053.8577000014,3668250.5002000034],[3870033.8641000018,3668269.8016000018],[3870028.5012999997,3668274.9249000028],[3870007.1517000012,3668294.3290999979],[3869953.6867000014,3668330.9041000009],[3869952.1396000013,3668331.9649000019],[3869950.6024000011,3668333.0169999972],[3869941.2404999994,3668303.3083000034],[3869940.8542000018,3668300.8496999964],[3869939.6207999997,3668298.5879999995],[3869937.199000001,3668294.1438999996],[3869930.5034000017,3668282.014200002],[3869922.9035999998,3668269.3091999963],[3869922.0441000015,3668268.0078999996],[3869921.9028999992,3668267.8171999976],[3869900.7870999984,3668241.8671000004],[3869897.6807999983,3668238.0502000004],[3869856.4129999988,3668187.2122000009],[3869852.433600001,3668182.3137999997],[3869848.9820000008,3668178.0649999976],[3869845.8876000009,3668174.248800002],[3869844.6268999986,3668172.6846000031],[3869842.7890999988,3668170.4306999967],[3869842.6645999998,3668170.2778000012],[3869841.2820999995,3668168.5798999965],[3869838.0011,3668164.5266999975],[3869837.057,3668163.3508000001],[3869836.0923999995,3668162.1701000035],[3869835.6063000001,3668161.5789000019],[3869834.4301000014,3668160.119599998],[3869832.9976000004,3668158.3519999981],[3869810.9017999992,3668131.2342000008],[3869807.8027999997,3668127.4173000008],[3869788.9142000005,3668107.9606999978],[3869782.7131999992,3668102.5802000016],[3869780.6587999985,3668100.8022999987],[3869772.559799999,3668093.8003000021],[3869747.6607000008,3668076.8122999966],[3869719.2234000005,3668059.1488000005],[3869681.9310000017,3668040.1357000023],[3869652.0722999983,3668024.2287999988],[3869613.1160999984,3668001.4210999981],[3869609.1165999994,3667999.0707999989],[3869605.4063000008,3667996.8959999979],[3869605.9508999996,3667995.677199997],[3869606.6356000006,3667994.1640999988],[3869574.5234000012,3667974.5755999982],[3869552.3302999996,3667961.9372999966],[3869538.6290000007,3667954.0252000019],[3869510.3273999989,3667937.6882999986],[3869465.1931999996,3667912.8392999992],[3869425.5423999988,3667891.2344999984],[3869412.8852999993,3667883.4063000008],[3869394.7274000011,3667872.1758999974],[3869358.1565999985,3667851.3906999975],[3869335.5298000015,3667836.3241000026],[3869332.6506000012,3667834.4076000005],[3869327.1779999994,3667829.4280999973],[3869286.3090999983,3667792.2374000028],[3869283.1939000003,3667789.432599999],[3869280.0872000009,3667786.626500003],[3869278.3489999995,3667785.0561000034],[3869274.7736000009,3667781.8263999969],[3869274.2082000002,3667781.3707000017],[3869271.1570999995,3667778.6450999975],[3869268.879900001,3667776.6318000033],[3869265.179299999,3667773.438000001],[3869264.3383999988,3667773.1169999987],[3869217.7111999989,3667729.4425000027],[3869040.1972999983,3667563.1238999963],[3869038.8306000009,3667564.4777000025],[3868969.4879000001,3667501.063000001],[3868961.9541000016,3667494.056599997],[3868869.1664000005,3667407.6437999979],[3868804.7052000016,3667348.0784000009],[3868792.4624999985,3667337.3113999963],[3868740.3491999991,3667291.4975999966],[3868724.5626000017,3667276.505400002],[3868729.0863999985,3667272.1766000018],[3868708.7631999999,3667255.2172999978],[3868662.8570000008,3667216.889200002],[3868652.9395999983,3667208.6088000014],[3868412.4244999997,3667007.7929000035],[3868407.2426000014,3666999.0323999971],[3868374.9924000017,3666944.5095999986],[3868345.4327999987,3666874.4006000012],[3868349.0045999996,3666872.7809000015],[3868355.4224999994,3666869.8716000021],[3868439.811900001,3666830.1240999997],[3868438.8792999983,3666829.7908999994],[3868481.8181000017,3666809.3449999988],[3868492.068,3666804.704400003],[3868510.4338999987,3666796.3903999999],[3868511.5929000005,3666795.8790000007],[3868512.7648000009,3666795.2983999997],[3868519.5434999987,3666792.2475000024],[3868525.9791000001,3666790.3713999987],[3868526.3462000005,3666789.197800003],[3868527.5164999999,3666788.6160999984],[3868557.2569999993,3666775.1508999988],[3868580.7588,3666763.9497999996],[3868581.9290999994,3666763.367399998],[3868583.3581999987,3666762.7027999982],[3868593.9816000015,3666756.8044999987],[3868626.8797999993,3666742.6471000016],[3868663.307,3666725.6020999998],[3868705.3423999995,3666706.173299998],[3868706.5124999993,3666705.5916000009],[3868707.6961999983,3666705.0790999979],[3868739.4171000011,3666690.0948999971],[3868777.0973000005,3666672.4095999971],[3868802.5654999986,3666660.2412],[3868812.0141999982,3666655.9698999971],[3868813.1616000012,3666655.3982999995],[3868816.4244999997,3666651.9588999972],[3868843.4814000018,3666640.0205999985],[3868863.4206999987,3666630.8586999997],[3868871.1141000018,3666627.1190000027],[3868886.3489000015,3666619.7132000029],[3868909.5471000001,3666608.2172999978],[3868930.1722999997,3666597.074000001],[3868946.9057999998,3666585.9021999985],[3868952.1545999981,3666582.6362000033],[3868953.4917000011,3666584.3913000003],[3868967.9050999992,3666574.9844999984],[3868980.1319999993,3666565.8501000032],[3868997.1942000017,3666551.3931000009],[3869017.7749000005,3666533.7888000011],[3869042.2388000004,3666512.5952999964],[3869065.0421999991,3666491.7028999999],[3869083.7289999984,3666474.3858999982],[3869102.3669999987,3666457.7144000009],[3869122.0031999983,3666439.7444000021],[3869142.2368000001,3666421.1057000011],[3869150.8803000003,3666412.9038999975],[3869167.3416999988,3666397.2841999978],[3869191.4754999988,3666374.1062000021],[3869211.9274000004,3666353.6371999979],[3869222.622299999,3666341.7951000035],[3869239.4622000009,3666318.5983000025],[3869262.1693000011,3666283.5288000032],[3869303.9074999988,3666218.0843999982],[3869337.2701999992,3666163.2352000028],[3869338.3522999994,3666161.4773000032],[3869341.5208999999,3666164.0627999976],[3869342.0681000017,3666164.499499999],[3869351.433699999,3666172.1709999964],[3869368.1031999998,3666188.4689000025],[3869390.9637999982,3666214.3269999996],[3869402.688000001,3666228.0209000036],[3869416.9948000014,3666244.8259999976],[3869420.9393999986,3666249.3747999966],[3869428.7690000013,3666258.1441999972],[3869441.5912999995,3666272.4541999996],[3869485.4787999988,3666325.4063000008],[3869488.2738000005,3666328.7788000032],[3869514.5861000009,3666359.4188999981],[3869519.6469999999,3666365.241899997],[3869556.8612000011,3666410.9711999968],[3869560.0014999993,3666414.8123999983],[3869586.6444999985,3666447.498499997],[3869656.8612999991,3666528.6647000015],[3869704.2663000003,3666586.4017999992],[3869726.7197000012,3666611.9658999965],[3869749.1678999998,3666638.9283000007],[3869775.2182999998,3666671.1763999984],[3869775.8456999995,3666672.0367999971],[3869789.2017999999,3666690.0948999971],[3869794.8392999992,3666697.750500001],[3869796.0034999996,3666699.0357000008],[3869803.5434000008,3666707.3338999972],[3869804.6136999987,3666708.5119000003],[3869805.6849000007,3666709.6912999973],[3869813.1895999983,3666718.0835999995],[3869814.3645000011,3666719.2738000005],[3869815.2357000001,3666720.4404999986],[3869815.8280999996,3666721.3832999989],[3869816.2586000003,3666722.0538000017],[3869820.4981999993,3666728.6947000027],[3869832.6583999991,3666747.746799998],[3869845.195700001,3666766.0707999989],[3869845.6077000014,3666768.5046000034],[3869848.6101999991,3666771.4518000036],[3869851.0984000005,3666774.7621000037],[3869866.3627000004,3666795.2047000006],[3869913.2807999998,3666858.0336999968],[3869964.4129999988,3666927.5478999987],[3869977.7274000011,3666945.6484000012],[3869994.9543000013,3666969.0539999977],[3870015.3827,3666998.5680000037],[3870036.0720999986,3667036.4579999968],[3870058.5115999989,3667065.9095999971],[3870088.2228999995,3667109.7066000029],[3870124.3251000009,3667158.1961999983],[3870124.8315999992,3667158.876199998],[3870125.9946000017,3667160.1604999974],[3870132.1508000009,3667166.9400999993],[3870145.9752000012,3667182.1687999964],[3870175.1325999983,3667212.5986000001],[3870203.9342,3667240.9715000018],[3870240.7109000012,3667271.5847999975],[3870275.3409000002,3667301.0843999982],[3870320.3898000009,3667335.4646999985],[3870364.8863999993,3667373.5899000019],[3870413.1682999991,3667411.8121000007],[3870423.0436999984,3667417.8647999987],[3870427.2080999985,3667420.3483999968],[3870432.8511999995,3667423.7058999985],[3870442.8942000009,3667431.7807999998],[3870487.004999999,3667467.2366999984],[3870578.8583000004,3667542.7238999978],[3870620.0727000013,3667576.5940999985],[3870669.5351999998,3667612.4587000012],[3870689.7523999996,3667626.7026000023],[3870760.2168000005,3667676.3489999995],[3870814.0381999984,3667712.4777000025],[3870845.7773999982,3667728.9054000005],[3870851.5042000003,3667731.8761000037],[3870860.625500001,3667736.5974000022],[3870864.4177000001,3667738.488499999],[3870917.9026000015,3667765.1652000025],[3870932.6239,3667772.5993999988],[3870936.5192999989,3667774.564199999],[3870982.9928000011,3667798.0024999976]]]},"properties":{"OBJECTID":10,"NoteType":0,"Name":"נווה מנחם","Notes":null,"created_user":"LINKERR","created_date":1740486942000,"last_edited_user":"LINKERR","last_edited_date":1740489101000,"Shape_Length":7224.277416771416,"Shape_Area":2470452.0955026904}},{"type":"Feature","id":11,"geometry":{"type":"Polygon","coordinates":[[[3868580.7588,3666763.9497999996],[3868980.8403999992,3665338.4913000017],[3868980.5249000005,3665349.9395999983],[3868980.4184999987,3665353.2370999977],[3868981.9459999986,3665385.9147000015],[3868982.1596000008,3665390.4365999997],[3868983.1625000015,3665414.4684000015],[3868984.2089999989,3665441.7749999985],[3868985.3916999996,3665461.4478999972],[3868986.872200001,3665476.7923000008],[3868986.4096999988,3665488.869599998],[3868985.996100001,3665499.6881999969],[3868986.8337000012,3665500.9481000006],[3868987.5777999982,3665501.8906999975],[3868993.4310999997,3665507.9387999997],[3869047.3161999993,3665666.4482999966],[3869049.7868000008,3665665.6014000028],[3869052.4175000004,3665664.8598000035],[3869192.2848999985,3666025.2308000028],[3869237.2223000005,3666070.7458000034],[3869243.1917000003,3666082.7829999998],[3869252.9818999991,3666097.867399998],[3869255.0421000011,3666100.1532000005],[3869266.5604000017,3666112.9654999971],[3869267.6765000001,3666114.0856999978],[3869268.7351000011,3666115.4055999964],[3869269.9813000001,3666116.4329999983],[3869272.0350000001,3666118.5473000035],[3869276.9877999984,3666123.6477999985],[3869291.1440000013,3666134.2747000009],[3869299.8513999991,3666139.8180999979],[3869301.0177999996,3666140.5626000017],[3869302.1829999983,3666141.2250000015],[3869305.2840999998,3666143.2113000005],[3869306.4488999993,3666143.9550999999],[3869307.615699999,3666144.6182999983],[3869324.5456999987,3666154.3044999987],[3869334.2485999987,3666159.3350000009],[3869338.3522999994,3666161.4773000032],[3869337.2701999992,3666163.2352000028],[3869303.9074999988,3666218.0843999982],[3869262.1693000011,3666283.5288000032],[3869239.4622000009,3666318.5983000025],[3869222.622299999,3666341.7951000035],[3869211.9274000004,3666353.6371999979],[3869191.4754999988,3666374.1062000021],[3869167.3416999988,3666397.2841999978],[3869150.8803000003,3666412.9038999975],[3869142.2368000001,3666421.1057000011],[3869122.0031999983,3666439.7444000021],[3869102.3669999987,3666457.7144000009],[3869083.7289999984,3666474.3858999982],[3869065.0421999991,3666491.7028999999],[3869042.2388000004,3666512.5952999964],[3869017.7749000005,3666533.7888000011],[3868997.1942000017,3666551.3931000009],[3868980.1319999993,3666565.8501000032],[3868967.9050999992,3666574.9844999984],[3868953.4917000011,3666584.3913000003],[3868952.1545999981,3666582.6362000033],[3868946.9057999998,3666585.9021999985],[3868930.1722999997,3666597.074000001],[3868909.5471000001,3666608.2172999978],[3868886.3489000015,3666619.7132000029],[3868871.1141000018,3666627.1190000027],[3868863.4206999987,3666630.8586999997],[3868843.4814000018,3666640.0205999985],[3868816.4244999997,3666651.9588999972],[3868813.1616000012,3666655.3982999995],[3868812.0141999982,3666655.9698999971],[3868802.5654999986,3666660.2412],[3868777.0973000005,3666672.4095999971],[3868739.4171000011,3666690.0948999971],[3868707.6961999983,3666705.0790999979],[3868706.5124999993,3666705.5916000009],[3868705.3423999995,3666706.173299998],[3868663.307,3666725.6020999998],[3868626.8797999993,3666742.6471000016],[3868593.9816000015,3666756.8044999987],[3868583.3581999987,3666762.7027999982],[3868581.9290999994,3666763.367399998],[3868580.7588,3666763.9497999996]]]},"properties":{"OBJECTID":11,"NoteType":0,"Name":"סיגליות","Notes":null,"created_user":"LINKERR","created_date":1740486942000,"last_edited_user":"LINKERR","last_edited_date":1740489101000,"Shape_Length":3408.5160128468124,"Shape_Area":424466.1358572981}},{"type":"Feature","id":12,"geometry":{"type":"Polygon","coordinates":[[[3870413.1682999991,3667411.8121000007],[3870364.8863999993,3667373.5899000019],[3870320.3898000009,3667335.4646999985],[3870275.3409000002,3667301.0843999982],[3870240.7109000012,3667271.5847999975],[3870203.9342,3667240.9715000018],[3870175.1325999983,3667212.5986000001],[3870145.9752000012,3667182.1687999964],[3870132.1508000009,3667166.9400999993],[3870125.9946000017,3667160.1604999974],[3870124.8315999992,3667158.876199998],[3870124.3251000009,3667158.1961999983],[3870088.2228999995,3667109.7066000029],[3870058.5115999989,3667065.9095999971],[3870036.0720999986,3667036.4579999968],[3870015.3827,3666998.5680000037],[3869994.9543000013,3666969.0539999977],[3869977.7274000011,3666945.6484000012],[3869964.4129999988,3666927.5478999987],[3869913.2807999998,3666858.0336999968],[3869866.3627000004,3666795.2047000006],[3869851.0984000005,3666774.7621000037],[3869848.6101999991,3666771.4518000036],[3869845.6077000014,3666768.5046000034],[3869845.195700001,3666766.0707999989],[3869832.6583999991,3666747.746799998],[3869820.4981999993,3666728.6947000027],[3869816.2586000003,3666722.0538000017],[3869815.8280999996,3666721.3832999989],[3869815.2357000001,3666720.4404999986],[3869814.3645000011,3666719.2738000005],[3869813.1895999983,3666718.0835999995],[3869805.6849000007,3666709.6912999973],[3869804.6136999987,3666708.5119000003],[3869803.5434000008,3666707.3338999972],[3869796.0034999996,3666699.0357000008],[3869794.8392999992,3666697.750500001],[3869789.2017999999,3666690.0948999971],[3869775.8456999995,3666672.0367999971],[3869775.2182999998,3666671.1763999984],[3869749.1678999998,3666638.9283000007],[3869726.7197000012,3666611.9658999965],[3869704.2663000003,3666586.4017999992],[3869656.8612999991,3666528.6647000015],[3869586.6444999985,3666447.498499997],[3869560.0014999993,3666414.8123999983],[3869556.8612000011,3666410.9711999968],[3869519.6469999999,3666365.241899997],[3869514.5861000009,3666359.4188999981],[3869488.2738000005,3666328.7788000032],[3869485.4787999988,3666325.4063000008],[3869441.5912999995,3666272.4541999996],[3869428.7690000013,3666258.1441999972],[3869420.9393999986,3666249.3747999966],[3869416.9948000014,3666244.8259999976],[3869402.688000001,3666228.0209000036],[3869390.9637999982,3666214.3269999996],[3869368.1031999998,3666188.4689000025],[3869351.433699999,3666172.1709999964],[3869342.0681000017,3666164.499499999],[3869341.5208999999,3666164.0627999976],[3869338.3522999994,3666161.4773000032],[3869424.940299999,3666026.4680000022],[3869452.1867999993,3665984.0891999975],[3869473.6640000008,3665949.6146000028],[3869483.0844999999,3665936.9981999993],[3869491.9693000019,3665925.0970999971],[3869520.8390999995,3665891.8147],[3869538.5485000014,3665875.8922000006],[3869544.9056999981,3665870.4362000003],[3869554.6367000006,3665862.0863000005],[3869569.4497999996,3665851.6481999978],[3869586.8148000017,3665840.1855999976],[3869592.1796999983,3665837.2144000009],[3869604.5584999993,3665830.3584000021],[3869628.0936000012,3665818.9328000024],[3869648.0857000016,3665810.6400000006],[3869653.123399999,3665808.932099998],[3869655.8566999994,3665808.0051999986],[3869666.4695999995,3665804.4078999981],[3869684.8394000009,3665798.75],[3869756.4890000001,3665780.5420999974],[3869779.0689000003,3665773.9509000033],[3869798.1303000003,3665767.6388999969],[3869888.377700001,3665741.9540999979],[3869910.4202999994,3665735.5834999979],[3869917.9543999992,3665733.4064000025],[3869981.4123000018,3665715.0230000019],[3869982.6059000008,3665714.6636999995],[3870003.8847999983,3665708.4908000007],[3870044.7877000012,3665696.6274999976],[3870131.1717999987,3665672.6758999974],[3870201.750500001,3665653.0758000016],[3870254.440200001,3665638.2106999978],[3870337.8031000011,3665614.6912999973],[3870441.1636000015,3665585.5275000036],[3870494.4437999986,3665570.4949000031],[3870520.6596000008,3665563.1063999981],[3870586.6279999986,3665544.942900002],[3870611.3308999985,3665536.1385999992],[3870614.1317000017,3665540.2126000002],[3870617.931499999,3665545.5825999975],[3870627.5661999993,3665559.1956999972],[3870640.2184000015,3665577.6709999964],[3870645.2380000018,3665585.1009000018],[3870646.064199999,3665586.2080999985],[3870646.8541000001,3665587.4448999986],[3870656.4266999997,3665601.4450000003],[3870693.2362999991,3665655.2748999968],[3870696.7357000001,3665660.391900003],[3870698.1884999983,3665662.5934000015],[3870698.9778000005,3665663.7705999985],[3870699.8038000017,3665664.9604000002],[3870701.8480000012,3665667.9873000011],[3870740.7357000001,3665725.8127000034],[3870741.8968999982,3665727.4610999972],[3870742.5841000006,3665728.4147000015],[3870745.3823000006,3665732.7356999964],[3870746.1605000012,3665733.9127999991],[3870749.3907999992,3665738.6934999973],[3870754.5866999999,3665745.6886000037],[3870764.0042999983,3665758.3526000008],[3870768.0733000003,3665763.7807999998],[3870770.9664999992,3665767.7969999984],[3870791.4618000016,3665795.2993000001],[3870799.9604000002,3665806.7820999995],[3870812.074000001,3665825.3259999976],[3870830.9648999982,3665854.2419999987],[3870848.8513000011,3665878.9363999963],[3870856.7701999992,3665889.8681000024],[3870859.4142999984,3665893.7211999968],[3870878.800999999,3665921.9694999978],[3870882.8346000016,3665927.6322000027],[3870886.379999999,3665932.5914999992],[3870889.2734999992,3665936.6428999975],[3870891.866799999,3665940.2600999996],[3870924.8269000016,3665986.3438000008],[3870948.3872000016,3666019.2831000015],[3870969.2751000002,3666048.4878000021],[3870995.5546000004,3666086.0577000007],[3871001.5148000009,3666094.5785000026],[3871017.7052999996,3666117.8222000003],[3871022.7353999987,3666125.0434999987],[3871034.5218000002,3666144.5258999988],[3871035.1482999995,3666145.5625],[3871035.9739999995,3666146.7274999991],[3871037.3106999993,3666148.6471000016],[3871037.9376000017,3666149.6600999981],[3871038.7512999997,3666150.8259000033],[3871053.4283999987,3666172.1979999989],[3871056.1235999987,3666176.178199999],[3871058.0656999983,3666178.7458999977],[3871058.9726000018,3666179.8655000031],[3871071.1532000005,3666194.2170000002],[3871072.1634999998,3666195.7934999987],[3871080.4116999991,3666208.6396000013],[3871084.5344000012,3666215.0776000023],[3871090.4472999983,3666224.3100999966],[3871096.4825999998,3666233.3876999989],[3871113.1501999982,3666258.4571999982],[3871115.2908999994,3666261.0725999996],[3871144.4512999989,3666296.7478],[3871146.6070999987,3666298.7902999967],[3871172.625,3666323.4466999993],[3871173.6185000017,3666324.3891000003],[3871196.1728000008,3666342.9038999975],[3871197.3368000016,3666343.8602000028],[3871199.3636999987,3666345.558799997],[3871231.3531999998,3666365.8715000004],[3871230.1920999996,3666367.1601999998],[3871220.2036999986,3666378.2304999977],[3871166.9717999995,3666432.3395999968],[3871144.6521000005,3666453.5675999969],[3871125.6022000015,3666471.6850999966],[3871115.1743000001,3666481.6023999974],[3871104.7945999987,3666490.9706000015],[3871072.249499999,3666520.3202000037],[3871003.8418999985,3666582.0384000018],[3870906.4472999983,3666671.9487999976],[3870896.0273000002,3666684.8143000007],[3870894.9376000017,3666685.9020999968],[3870873.8832999989,3666705.5617000014],[3870830.4182999991,3666754.1312000006],[3870800.6464999989,3666788.1435000002],[3870777.6810999997,3666812.3636000007],[3870770.2734000012,3666820.9214999974],[3870741.6539000012,3666853.989699997],[3870725.5791999996,3666872.561499998],[3870724.0399000011,3666874.5047999993],[3870707.6097000018,3666895.251199998],[3870700.4926000014,3666905.0310999975],[3870685.6129000001,3666925.4778999984],[3870667.3938000016,3666964.4452999979],[3870650.693599999,3666996.8413999975],[3870646.8674000017,3667006.8911999986],[3870646.5370000005,3667007.8175999969],[3870645.6037000008,3667010.2458999977],[3870642.8024999984,3667018.4562000036],[3870642.2021000013,3667019.5573000014],[3870626.2379000001,3667049.0773999989],[3870588.0769000016,3667106.4777999967],[3870553.8619000018,3667168.0040000007],[3870545.1270000003,3667183.6714999974],[3870540.2868000008,3667193.3077000007],[3870540.2118999995,3667193.4561000019],[3870524.7848000005,3667224.1635999978],[3870508.5403999984,3667256.4980999976],[3870487.6407999992,3667305.1569000036],[3870475.0665000007,3667334.4680000022],[3870448.4039000012,3667382.6603000015],[3870428.6464999989,3667410.8407000005],[3870423.0896000005,3667417.8073000014],[3870432.8511999995,3667423.7058999985],[3870427.2080999985,3667420.3483999968],[3870423.0436999984,3667417.8647999987],[3870413.1682999991,3667411.8121000007]]]},"properties":{"OBJECTID":12,"NoteType":0,"Name":"שכונה יא","Notes":null,"created_user":"LINKERR","created_date":1740486942000,"last_edited_user":"LINKERR","last_edited_date":1740489101000,"Shape_Length":5554.3328648990355,"Shape_Area":1882831.291730396}},{"type":"Feature","id":13,"geometry":{"type":"Polygon","coordinates":[[[3872446.2644999996,3665531.3052999973],[3872398.2615999989,3665537.1472000033],[3872366.1724999994,3665543.2616000026],[3872338.8951000012,3665553.068599999],[3872325.4079999998,3665559.9103000015],[3872322.7025999986,3665561.2273000032],[3872299.9893999994,3665576.2652999982],[3872292.1741000004,3665581.438500002],[3872259.4745999984,3665606.7027999982],[3872238.6794999987,3665623.804399997],[3872218.5034000017,3665643.9848000035],[3872201.1321999989,3665664.1054000035],[3872178.8203999996,3665692.7920999974],[3872164.7181000002,3665709.4029000029],[3872151.5516000018,3665724.9120000005],[3872128.2806000002,3665753.8779999986],[3872106.8836999983,3665778.4558999985],[3872088.9886999987,3665798.1515000015],[3872088.2721999995,3665798.9477000013],[3872070.2758999988,3665817.2223000005],[3872037.0593000017,3665849.3900000006],[3872018.7457999997,3665865.4680000022],[3872002.565299999,3665879.3567999974],[3871992.6603999995,3665887.3278999999],[3871980.5395999998,3665897.0293999985],[3871957.2173000015,3665914.7787000015],[3871935.4558999985,3665930.548299998],[3871914.1235000007,3665944.3348999992],[3871912.9510000013,3665945.1415000036],[3871911.7787000015,3665945.8658000007],[3871895.0377000012,3665956.8166000023],[3871873.8608999997,3665969.431599997],[3871854.8900999986,3665979.8558000028],[3871843.3814999983,3665985.3074000031],[3871786.8706,3666008.9532999992],[3871785.9765999988,3666009.3876999989],[3871738.2818999998,3666032.5362000018],[3871731.8786000013,3666035.6809],[3871682.3863000013,3666060.7380999997],[3871668.2714000009,3666067.8835000023],[3871655.7694000006,3666074.2137999982],[3871548.8841999993,3666129.5828000009],[3871519.1653000005,3666144.9350999966],[3871498.5329000019,3666155.5996000022],[3871485.2972000018,3666163.487999998],[3871438.9246999994,3666191.1767000034],[3871427.8621999994,3666198.6436000019],[3871400.5502999984,3666217.0776999965],[3871389.6198000014,3666224.4550999999],[3871341.0931000002,3666262.2118000016],[3871311.9695000015,3666288.5195999965],[3871284.8594000004,3666313.0084000006],[3871244.0764999986,3666351.7466000021],[3871231.3531999998,3666365.8715000004],[3871199.3636999987,3666345.558799997],[3871197.3368000016,3666343.8602000028],[3871196.1728000008,3666342.9038999975],[3871173.6185000017,3666324.3891000003],[3871172.625,3666323.4466999993],[3871146.6070999987,3666298.7902999967],[3871144.4512999989,3666296.7478],[3871115.2908999994,3666261.0725999996],[3871113.1501999982,3666258.4571999982],[3871096.4825999998,3666233.3876999989],[3871090.4472999983,3666224.3100999966],[3871084.5344000012,3666215.0776000023],[3871080.4116999991,3666208.6396000013],[3871072.1634999998,3666195.7934999987],[3871071.1532000005,3666194.2170000002],[3871058.9726000018,3666179.8655000031],[3871058.0656999983,3666178.7458999977],[3871056.1235999987,3666176.178199999],[3871053.4283999987,3666172.1979999989],[3871038.7512999997,3666150.8259000033],[3871037.9376000017,3666149.6600999981],[3871037.3106999993,3666148.6471000016],[3871035.9739999995,3666146.7274999991],[3871035.1482999995,3666145.5625],[3871034.5218000002,3666144.5258999988],[3871022.7353999987,3666125.0434999987],[3871017.7052999996,3666117.8222000003],[3871001.5148000009,3666094.5785000026],[3870995.5546000004,3666086.0577000007],[3870969.2751000002,3666048.4878000021],[3870948.3872000016,3666019.2831000015],[3870924.8269000016,3665986.3438000008],[3870891.866799999,3665940.2600999996],[3870889.2734999992,3665936.6428999975],[3870886.379999999,3665932.5914999992],[3870882.8346000016,3665927.6322000027],[3870878.800999999,3665921.9694999978],[3870859.4142999984,3665893.7211999968],[3870856.7701999992,3665889.8681000024],[3870848.8513000011,3665878.9363999963],[3870830.9648999982,3665854.2419999987],[3870812.074000001,3665825.3259999976],[3870799.9604000002,3665806.7820999995],[3870791.4618000016,3665795.2993000001],[3870770.9664999992,3665767.7969999984],[3870768.0733000003,3665763.7807999998],[3870764.0042999983,3665758.3526000008],[3870754.5866999999,3665745.6886000037],[3870749.3907999992,3665738.6934999973],[3870746.1605000012,3665733.9127999991],[3870745.3823000006,3665732.7356999964],[3870742.5841000006,3665728.4147000015],[3870741.8968999982,3665727.4610999972],[3870740.7357000001,3665725.8127000034],[3870701.8480000012,3665667.9873000011],[3870699.8038000017,3665664.9604000002],[3870698.9778000005,3665663.7705999985],[3870698.1884999983,3665662.5934000015],[3870696.7357000001,3665660.391900003],[3870693.2362999991,3665655.2748999968],[3870656.4266999997,3665601.4450000003],[3870646.8541000001,3665587.4448999986],[3870646.064199999,3665586.2080999985],[3870645.2380000018,3665585.1009000018],[3870640.2184000015,3665577.6709999964],[3870627.5661999993,3665559.1956999972],[3870617.931499999,3665545.5825999975],[3870614.1317000017,3665540.2126000002],[3870611.3308999985,3665536.1385999992],[3870649.995000001,3665522.3751000017],[3870679.8515000008,3665512.6036999971],[3870680.3808999993,3665512.4307999983],[3870684.6634000018,3665511.0499000028],[3870733.3000999987,3665492.9693000019],[3870775.2969000004,3665475.6733999997],[3870812.4998999983,3665458.4279000014],[3870835.7877000012,3665446.3783999979],[3870857.4167999998,3665435.1875],[3870904.1660999991,3665409.6775999963],[3870923.2996999994,3665398.1172999963],[3870963.0590999983,3665374.0918999985],[3870997.6209999993,3665350.8960999995],[3871004.2534999996,3665346.4456999972],[3871021.5483000018,3665334.2524999976],[3871028.5210000016,3665329.2889999971],[3871066.0262999982,3665300.512500003],[3871079.8352000006,3665290.4302999973],[3871103.9127000012,3665272.8530000001],[3871126.3502000012,3665254.2925999984],[3871161.7664999999,3665225.0265000015],[3871165.4824000001,3665221.9178000018],[3871230.4195000008,3665164.2079000026],[3871235.2844000012,3665159.8858999982],[3871276.6416999996,3665123.1330000013],[3871286.5540999994,3665114.1617000028],[3871302.3704000004,3665099.8413999975],[3871363.2085999995,3665044.764200002],[3871364.2195999995,3665043.8533999994],[3871403.0557000004,3665008.6934999973],[3871447.4572999999,3664968.4981999993],[3871449.3218999989,3664966.814199999],[3871494.5175999999,3664927.9566999972],[3871523.9277000017,3664907.0045000017],[3871549.3328000009,3664891.6138999984],[3871579.1488999985,3664877.4143000022],[3871592.2071000002,3664871.8655999973],[3871603.1079999991,3664867.2334000021],[3871634.8134000003,3664857.0812000036],[3871663.5502000004,3664850.2163999975],[3871676.5582999997,3664847.8440999985],[3871692.6777000017,3664844.9038000032],[3871700.3471999988,3664843.8412000015],[3871814.0474000014,3664827.5345000029],[3871825.3770999983,3664825.7465000004],[3872020.7985999994,3664795.319600001],[3872022.1143000014,3664799.6000000015],[3872029.8876999989,3664824.9426999986],[3872036.0335999988,3664844.9814999998],[3872040.3531999998,3664858.5117999986],[3872040.9043999985,3664860.2409999967],[3872044.9010999985,3664872.7875000015],[3872064.1026000008,3664933.0495999977],[3872075.550999999,3664968.9818999991],[3872076.0012000017,3664970.2752000019],[3872077.4332999997,3664974.6491999999],[3872090.3029999994,3665013.684799999],[3872097.2115000002,3665034.6489999965],[3872116.5844999999,3665097.1086999997],[3872131.8674000017,3665146.3872999996],[3872133.2872000001,3665150.9610000029],[3872133.4442000017,3665151.378899999],[3872134.2818999998,3665153.6062000021],[3872135.1730000004,3665155.9583000019],[3872146.0359999985,3665184.9805999994],[3872146.4648000002,3665186.3361999989],[3872152.364599999,3665204.9686999992],[3872169.3051000014,3665258.3236000016],[3872177.5472999997,3665281.9821999967],[3872185.0007000007,3665297.9469999969],[3872190.7223999985,3665308.0200999975],[3872191.7336000018,3665309.7150000036],[3872193.4534999989,3665312.1177000031],[3872204.1953000017,3665326.9786000028],[3872220.7197000012,3665345.196800001],[3872239.2763999999,3665360.685999997],[3872242.2380000018,3665362.3966000006],[3872264.0894999988,3665375.0138999969],[3872295.9131000005,3665389.6736000031],[3872334.7628999986,3665406.1916999966],[3872362.5133000016,3665419.3429000005],[3872366.2639000006,3665421.8562000021],[3872379.2868999988,3665430.5860999972],[3872381.8060000017,3665432.2757000029],[3872399.2204000019,3665446.6447999999],[3872415.2113000005,3665467.3398000002],[3872415.5802999996,3665468.0225000009],[3872428.9998000003,3665492.1225999966],[3872446.2644999996,3665531.3052999973]]]},"properties":{"OBJECTID":13,"NoteType":0,"Name":"שכונה ה","Notes":null,"created_user":"LINKERR","created_date":1740486942000,"last_edited_user":"LINKERR","last_edited_date":1740489101000,"Shape_Length":5064.7485177023491,"Shape_Area":1473686.1095025295}},{"type":"Feature","id":14,"geometry":{"type":"Polygon","coordinates":[[[3871873.8608999997,3665969.431599997],[3871879.5368999988,3665966.0503999963],[3871915.0555000007,3665943.7326000035],[3871935.4558999985,3665930.548299998],[3871957.2173000015,3665914.7787000015],[3871980.5395999998,3665897.0293999985],[3871992.6603999995,3665887.3278999999],[3872002.565299999,3665879.3567999974],[3872018.7457999997,3665865.4680000022],[3872037.0593000017,3665849.3900000006],[3872070.2758999988,3665817.2223000005],[3872088.2721999995,3665798.9477000013],[3872088.9886999987,3665798.1515000015],[3872106.8836999983,3665778.4558999985],[3872128.2806000002,3665753.8779999986],[3872151.5516000018,3665724.9120000005],[3872164.7181000002,3665709.4029000029],[3872178.8203999996,3665692.7920999974],[3872201.1321999989,3665664.1054000035],[3872218.5034000017,3665643.9848000035],[3872238.6794999987,3665623.804399997],[3872259.4745999984,3665606.7027999982],[3872292.1741000004,3665581.438500002],[3872299.9893999994,3665576.2652999982],[3872322.7025999986,3665561.2273000032],[3872325.4079999998,3665559.9103000015],[3872338.8951000012,3665553.068599999],[3872366.1724999994,3665543.2616000026],[3872398.2615999989,3665537.1472000033],[3872446.2644999996,3665531.3052999973],[3872448.0837000012,3665535.4223999977],[3872457.0403000005,3665555.7145000026],[3872489.3156999983,3665655.432099998],[3872495.8546000011,3665682.5344000012],[3872500.6612000018,3665702.4500999972],[3872515.4177000001,3665768.4100999981],[3872521.9349999987,3665810.2892000005],[3872528.121100001,3665864.8391999975],[3872528.3202,3665867.7751000002],[3872532.1107000001,3665923.0551000014],[3872534.7171999998,3665984.8946999982],[3872536.7879999988,3666034.0515000001],[3872537.1290000007,3666042.6495999992],[3872538.5214999989,3666076.0749000013],[3872539.7338000014,3666105.1965000033],[3872539.6387999989,3666128.6965000033],[3872539.5892000012,3666140.9554999992],[3872540.1845000014,3666151.190700002],[3872496.5843000002,3666139.2974999994],[3872466.8062999994,3666113.2063999996],[3872432.9825999998,3666105.0050000027],[3872218.3533999994,3666206.4673999995],[3872187.0234999992,3666182.4235000014],[3872168.8084999993,3666132.878700003],[3872169.5370999984,3666096.4486000016],[3872133.1070999987,3666068.7617999986],[3872083.8372000009,3666026.7087000012],[3872044.2177999988,3666025.0456999987],[3872043.7582999989,3666047.6604000032],[3871977.3106999993,3666048.6335000023],[3871977.3106999993,3666018.6467000023],[3871896.3117999993,3665997.3589000031],[3871873.8608999997,3665969.431599997]]]},"properties":{"OBJECTID":14,"NoteType":0,"Name":"קריית גנים","Notes":null,"created_user":"LINKERR","created_date":1740486942000,"last_edited_user":"LINKERR","last_edited_date":1740489101000,"Shape_Length":2244.8072194271494,"Shape_Area":251341.73460167501}},{"type":"Feature","id":15,"geometry":{"type":"Polygon","coordinates":[[[3872447.3872000016,3665531.1686000004],[3872446.2644999996,3665531.3052999973],[3872428.9998000003,3665492.1225999966],[3872415.5802999996,3665468.0225000009],[3872415.2113000005,3665467.3398000002],[3872399.2204000019,3665446.6447999999],[3872381.8060000017,3665432.2757000029],[3872379.2868999988,3665430.5860999972],[3872366.2639000006,3665421.8562000021],[3872362.5133000016,3665419.3429000005],[3872334.7628999986,3665406.1916999966],[3872295.9131000005,3665389.6736000031],[3872264.0894999988,3665375.0138999969],[3872242.2380000018,3665362.3966000006],[3872239.2763999999,3665360.685999997],[3872220.7197000012,3665345.196800001],[3872204.1953000017,3665326.9786000028],[3872193.4534999989,3665312.1177000031],[3872191.7336000018,3665309.7150000036],[3872190.7223999985,3665308.0200999975],[3872185.0007000007,3665297.9469999969],[3872177.5472999997,3665281.9821999967],[3872169.3051000014,3665258.3236000016],[3872152.364599999,3665204.9686999992],[3872146.4648000002,3665186.3361999989],[3872146.0359999985,3665184.9805999994],[3872135.1730000004,3665155.9583000019],[3872134.2818999998,3665153.6062000021],[3872133.4442000017,3665151.378899999],[3872133.2872000001,3665150.9610000029],[3872131.8674000017,3665146.3872999996],[3872116.5844999999,3665097.1086999997],[3872097.2115000002,3665034.6489999965],[3872090.3029999994,3665013.684799999],[3872077.4332999997,3664974.6491999999],[3872076.0012000017,3664970.2752000019],[3872075.550999999,3664968.9818999991],[3872064.1026000008,3664933.0495999977],[3872044.9010999985,3664872.7875000015],[3872040.9043999985,3664860.2409999967],[3872040.3531999998,3664858.5117999986],[3872036.0335999988,3664844.9814999998],[3872029.8876999989,3664824.9426999986],[3872022.1143000014,3664799.6000000015],[3872020.7985999994,3664795.319600001],[3872022.3423999995,3664794.9039999992],[3872044.2146999985,3664789.1631999984],[3872081.8568000011,3664782.2335999981],[3872096.2030000016,3664779.5930000022],[3872133.1273000017,3664770.4921000004],[3872140.4629000016,3664768.6635999978],[3872155.5274999999,3664764.9068000019],[3872171.6783000007,3664760.8813000023],[3872211.6671999991,3664750.9118999988],[3872236.7010999992,3664744.6983999982],[3872257.7025000006,3664739.4869000018],[3872337.7274000011,3664717.9891000018],[3872405.6207999997,3664699.7487000003],[3872407.9717000015,3664699.1711999997],[3872410.3233999982,3664698.5922999978],[3872415.9015999995,3664697.2873999998],[3872416.4153000005,3664697.1661999971],[3872417.6330000013,3664696.8823999986],[3872436.5670000017,3664692.4566999972],[3872437.9122000001,3664692.1684999987],[3872483.1231999993,3664680.0790999979],[3872521.435800001,3664669.8333000019],[3872529.3574000001,3664667.7154000029],[3872611.8718000017,3664646.8922000006],[3872618.9488000013,3664645.0861999989],[3872623.7283999994,3664643.9547000006],[3872645.6554000005,3664638.7687999979],[3872651.7787000015,3664637.3198999986],[3872721.0606000014,3664620.9548000023],[3872762.8343000002,3664611.6464999989],[3872764.0047999993,3664611.3470000029],[3872811.9644999988,3664600.2945000008],[3872880.2175000012,3664584.5653000027],[3872880.6039000005,3664584.4768000022],[3872891.1860000007,3664582.0339000002],[3872926.2133000009,3664573.946800001],[3872963.9976999983,3664562.639200002],[3872980.1136000007,3664558.4506999999],[3872984.8867999986,3664557.1406999975],[3873000.9807999991,3664553.0217999965],[3873013.9037000015,3664548.8373999968],[3873046.4781999998,3664538.2903999984],[3873058.1755000018,3664534.9521000013],[3873081.9215999991,3664527.9248000011],[3873107.4127999991,3664516.5720999986],[3873170.6739000008,3664482.1687999964],[3873183.1656000018,3664472.3880999982],[3873183.9048999995,3664471.8145999983],[3873185.5093999989,3664470.5640999973],[3873187.8544000015,3664468.6589000002],[3873195.3773999996,3664462.8178000003],[3873196.2214000002,3664461.9382999986],[3873200.8920999989,3664462.8383999988],[3873201.6609999985,3664463.5672999993],[3873214.9701000005,3664476.1586000025],[3873236.3361000009,3664490.3404000029],[3873264.5995000005,3664506.5212000012],[3873293.6640000008,3664521.0971999988],[3873338.3286999986,3664545.3933999985],[3873354.1114999987,3664555.5157999992],[3873403.9118000008,3664587.5464999974],[3873431.0315999985,3664609.8884000033],[3873474.5601999983,3664650.5610999987],[3873500.8823000006,3664680.3800000027],[3873522.309799999,3664706.4452000037],[3873524.6823000014,3664709.8835000023],[3873537.7208000012,3664728.7668000013],[3873546.2305000015,3664741.0921000019],[3873572.6678000018,3664784.369099997],[3873575.1528000012,3664788.6639000028],[3873599.4043000005,3664828.560999997],[3873610.2641000003,3664846.4274000004],[3873640.4184000008,3664901.9641000032],[3873655.7287000008,3664930.1220000014],[3873673.5434999987,3664969.8198999986],[3873682.7052999996,3664991.8828999996],[3873685.0445000008,3664999.385300003],[3873690.6290000007,3665017.3000999987],[3873695.8845999986,3665040.2180999964],[3873700.3354999982,3665059.8929999992],[3873706.3838,3665105.7128000036],[3873710.7228999995,3665143.0238000005],[3873711.3401999995,3665169.0714000016],[3873711.1990999989,3665172.7591999993],[3873710.6429999992,3665187.2712000012],[3873710.1781000011,3665234.4650000036],[3873708.4913000017,3665264.1101000011],[3873705.8196999989,3665310.7798999995],[3873705.624499999,3665330.1850999966],[3873705.0879000016,3665383.3610000014],[3873646.2611000016,3665399.2911999971],[3873601.7754999995,3665410.4455000013],[3873506.0562000014,3665434.4469000027],[3873425.8559000008,3665450.5901999995],[3873420.5053000003,3665451.7256999984],[3873356.2562000006,3665465.3623000011],[3873276.1391000003,3665482.3672000021],[3873272.5824999996,3665483.1215000004],[3873244.5333000012,3665487.0574999973],[3873242.5342000015,3665487.3324000016],[3873239.8007999994,3665487.4411000013],[3873239.5568000004,3665487.4512000009],[3873206.9338999987,3665488.7492000014],[3873170.7708999999,3665489.1273000017],[3873167.2718999982,3665489.1648999974],[3873161.3924999982,3665489.2370999977],[3873159.0553000011,3665489.2283999994],[3873156.7067999989,3665489.2890999988],[3873127.6548999995,3665489.626699999],[3873104.0839000009,3665489.9024000019],[3873057.4420999996,3665490.8194999993],[3873041.1629999988,3665491.1347000003],[3872991.311900001,3665491.0882999972],[3872949.7534999996,3665495.3359000012],[3872947.2170000002,3665495.5496999994],[3872820.8601999991,3665504.2462000027],[3872778.3104999997,3665507.9015000015],[3872752.5388000011,3665509.2035999969],[3872711.3568999991,3665512.0473000035],[3872655.6433000006,3665515.8951999992],[3872618.561900001,3665518.4545999989],[3872529.6314000003,3665525.2342000008],[3872522.2747000009,3665525.6823000014],[3872471.9473999999,3665528.7564999983],[3872462.8187000006,3665529.3131000027],[3872447.3872000016,3665531.1686000004]]]},"properties":{"OBJECTID":15,"NoteType":0,"Name":"שכונה א","Notes":null,"created_user":"LINKERR","created_date":1740486942000,"last_edited_user":"LINKERR","last_edited_date":1740489101000,"Shape_Length":4526.2020736801824,"Shape_Area":1299103.9070983052}},{"type":"Feature","id":16,"geometry":{"type":"Polygon","coordinates":[[[3870131.1717999987,3665672.6758999974],[3870044.7877000012,3665696.6274999976],[3870003.8847999983,3665708.4908000007],[3869982.6059000008,3665714.6636999995],[3869981.4123000018,3665715.0230000019],[3869917.9543999992,3665733.4064000025],[3869910.4202999994,3665735.5834999979],[3869888.377700001,3665741.9540999979],[3869798.1303000003,3665767.6388999969],[3869779.0689000003,3665773.9509000033],[3869756.4890000001,3665780.5420999974],[3869684.8394000009,3665798.75],[3869666.4695999995,3665804.4078999981],[3869655.8566999994,3665808.0051999986],[3869653.123399999,3665808.932099998],[3869648.0857000016,3665810.6400000006],[3869628.0936000012,3665818.9328000024],[3869604.5584999993,3665830.3584000021],[3869592.1796999983,3665837.2144000009],[3869586.8148000017,3665840.1855999976],[3869569.4497999996,3665851.6481999978],[3869554.6367000006,3665862.0863000005],[3869544.9056999981,3665870.4362000003],[3869538.5485000014,3665875.8922000006],[3869520.8390999995,3665891.8147],[3869491.9693000019,3665925.0970999971],[3869483.0844999999,3665936.9981999993],[3869473.6640000008,3665949.6146000028],[3869452.1867999993,3665984.0891999975],[3869424.940299999,3666026.4680000022],[3869338.3522999994,3666161.4773000032],[3869334.2485999987,3666159.3350000009],[3869324.5456999987,3666154.3044999987],[3869307.615699999,3666144.6182999983],[3869306.4488999993,3666143.9550999999],[3869305.2840999998,3666143.2113000005],[3869302.1829999983,3666141.2250000015],[3869301.0177999996,3666140.5626000017],[3869299.8513999991,3666139.8180999979],[3869291.1440000013,3666134.2747000009],[3869276.9877999984,3666123.6477999985],[3869272.0350000001,3666118.5473000035],[3869269.9813000001,3666116.4329999983],[3869268.7351000011,3666115.4055999964],[3869267.6765000001,3666114.0856999978],[3869266.5604000017,3666112.9654999971],[3869255.0421000011,3666100.1532000005],[3869252.9818999991,3666097.867399998],[3869243.1917000003,3666082.7829999998],[3869237.2223000005,3666070.7458000034],[3869192.2848999985,3666025.2308000028],[3869052.4175000004,3665664.8598000035],[3869049.7868000008,3665665.6014000028],[3869047.3161999993,3665666.4482999966],[3868993.4310999997,3665507.9387999997],[3868987.5777999982,3665501.8906999975],[3868986.8337000012,3665500.9481000006],[3868985.996100001,3665499.6881999969],[3868986.4096999988,3665488.869599998],[3868986.872200001,3665476.7923000008],[3868985.3916999996,3665461.4478999972],[3868984.2089999989,3665441.7749999985],[3868983.1625000015,3665414.4684000015],[3868982.1596000008,3665390.4365999997],[3868981.9459999986,3665385.9147000015],[3868980.4184999987,3665353.2370999977],[3868980.5249000005,3665349.9395999983],[3868980.8403999992,3665338.4913000017],[3868983.2675999999,3665330.6442999989],[3868985.4134999998,3665328.8219000027],[3869009.2697999999,3665154.4592999965],[3869011.567499999,3665137.6678000018],[3869012.5458000004,3665138.3427999988],[3869069.6838999987,3664976.9585999995],[3869074.0482000001,3664963.7892000005],[3869081.9761999995,3664949.1455999985],[3869085.0104999989,3664943.5420999974],[3869089.5973000005,3664933.1450999975],[3869093.0795999989,3664921.3469000012],[3869097.9908999987,3664909.1768999994],[3869105.9897000007,3664884.5498000011],[3869110.9838999994,3664874.447800003],[3869115.184700001,3664861.5480000004],[3869121.7087999992,3664846.0044],[3869123.3614000008,3664842.2075000033],[3869134.4611999989,3664810.1700000018],[3869157.7771000005,3664763.0832000002],[3869176.5139000006,3664723.8214000016],[3869177.0903000012,3664722.6479000002],[3869177.6336000003,3664721.4791999981],[3869194.9437000006,3664685.2875000015],[3869199.1134000011,3664679.9491999969],[3869209.569600001,3664660.2414999977],[3869238.5203999989,3664600.260300003],[3869276.3372000009,3664523.5714000016],[3869303.5987999998,3664468.1994000003],[3869319.2377999984,3664432.0847000033],[3869327.2511,3664409.2901000008],[3869332.1763999984,3664393.0942000002],[3869335.8013000004,3664381.0728999972],[3869341.7575999983,3664361.4297000021],[3869345.9455000013,3664337.1890999973],[3869350.2974999994,3664311.994099997],[3869351.0153999999,3664307.8871999979],[3869352.9739999995,3664285.866899997],[3869353.8365000002,3664251.2427999973],[3869355.8156999983,3664220.8731999993],[3869354.0566000007,3664182.0467000008],[3869351.8643000014,3664151.6501000002],[3869349.2507000007,3664133.7321999967],[3869348.9904999994,3664131.9479999989],[3869348.9081999995,3664131.382600002],[3869351.2448999994,3664131.0278000012],[3869352.8363000005,3664130.7876000032],[3869370.6077000014,3664128.1004000008],[3869422.4560000002,3664121.0420000032],[3869467.1055000015,3664114.4003999978],[3869469.4433000013,3664114.186999999],[3869471.7822000012,3664113.9029000029],[3869473.990699999,3664113.688500002],[3869476.3277999982,3664113.4755000025],[3869478.6655000001,3664113.2731000036],[3869486.4281000011,3664112.494099997],[3869566.6438000016,3664100.1952000037],[3869615.8194999993,3664095.4042000026],[3869646.1015999988,3664093.6120000035],[3869713.5273000002,3664094.7751000002],[3869724.4048000015,3664094.9597000033],[3869788.0359999985,3664097.1922999993],[3869804.5142999999,3664097.7708000019],[3869806.8502000012,3664097.8506999984],[3869809.1984999999,3664097.9422999993],[3869837.8913999982,3664098.9384000003],[3869840.2272999994,3664099.0179999992],[3869842.5639999993,3664099.0857999995],[3869855.6497000009,3664099.5269000009],[3869886.1286999993,3664100.8343999982],[3869923.3497000001,3664102.4275000021],[3869943.7795000002,3664103.115199998],[3869962.9422000013,3664103.7608999982],[3869965.2787000015,3664103.8517000005],[3869967.6163000017,3664103.9321999997],[3869987.7919999994,3664104.5996000022],[3870008.749499999,3664105.2930999994],[3870029.7221000008,3664105.9877000004],[3870098.0890000015,3664108.2691000029],[3870137.8104999997,3664109.8951999992],[3870187.7371000014,3664113.1001999974],[3870190.8564000018,3664113.3941999972],[3870290.8986999989,3664122.9882000014],[3870309.1394000016,3664124.7380999997],[3870311.4754999988,3664124.9704999998],[3870313.8084999993,3664126.1547000036],[3870326.9050000012,3664126.5107999966],[3870354.2912000008,3664129.8373000026],[3870357.305399999,3664130.2013000026],[3870356.302099999,3664132.6400000006],[3870356.1567000002,3664133.7668000013],[3870349.4728000015,3664184.6435000002],[3870349.0265000015,3664188.0107999966],[3870343.8997999988,3664237.8944000006],[3870342.0414000005,3664267.8288000003],[3870341.9679000005,3664316.3360999972],[3870344.6504000016,3664353.1931999996],[3870346.6801000014,3664380.6435000002],[3870347.6436999999,3664385.1322999969],[3870350.9836999997,3664400.5512999967],[3870352.0626000017,3664405.5468000025],[3870353.060899999,3664410.177199997],[3870354.7256999984,3664417.8156000003],[3870359.4978,3664455.1876000017],[3870365.8368999995,3664519.1380999982],[3870366.1508999988,3664522.3687999994],[3870386.2109999992,3664686.7716000006],[3870386.2410000004,3664687.9460000023],[3870386.3462000005,3664693.8880999982],[3870388.6473999992,3664711.9922999963],[3870391.4351000004,3664734.1987999976],[3870394.4279999994,3664757.8359000012],[3870399.8616999984,3664800.881099999],[3870400.3988999985,3664805.1347000003],[3870401.2829999998,3664812.1837000027],[3870407.6521999985,3664850.5143999979],[3870409.9928000011,3664864.4733000025],[3870411.0751000009,3664871.1322999969],[3870411.877700001,3664875.9479999989],[3870412.2182999998,3664877.9862999991],[3870416.5221999995,3664915.7211000025],[3870417.1270999983,3664922.3346000016],[3870417.4536999986,3664925.7773000002],[3870423.0463000014,3664986.4268999994],[3870428.8845000006,3665027.1545000002],[3870429.4365999997,3665031.0046000034],[3870439.4990000017,3665111.1099999994],[3870442.9670000002,3665138.7291999981],[3870443.7917999998,3665142.9130999967],[3870447.5271999985,3665162.010300003],[3870457.3827,3665199.7124999985],[3870457.6462999992,3665200.7195999995],[3870471.1801999994,3665245.2562000006],[3870473.7595999986,3665251.7251999974],[3870483.6411000006,3665276.4246999994],[3870497.6851999983,3665304.0885000005],[3870498.8420000002,3665306.8770999983],[3870499.6651999988,3665308.6297999993],[3870510.1763000004,3665330.9944999963],[3870510.7320999987,3665332.2414000034],[3870511.2655999996,3665333.3474000022],[3870520.2582999989,3665352.4547000006],[3870538.5610000007,3665393.5577000007],[3870561.5469000004,3665441.1376999989],[3870562.1156000011,3665442.3149000034],[3870571.8057999983,3665462.4566999972],[3870572.3508000001,3665463.6341999993],[3870584.1392999999,3665487.9769999981],[3870601.3931999989,3665522.2533999979],[3870604.5194000006,3665526.6696000025],[3870611.3308999985,3665536.1385999992],[3870586.6279999986,3665544.942900002],[3870520.6596000008,3665563.1063999981],[3870494.4437999986,3665570.4949000031],[3870441.1636000015,3665585.5275000036],[3870337.8031000011,3665614.6912999973],[3870254.440200001,3665638.2106999978],[3870201.750500001,3665653.0758000016],[3870131.1717999987,3665672.6758999974]]]},"properties":{"OBJECTID":16,"NoteType":0,"Name":"נאות לון","Notes":null,"created_user":"LINKERR","created_date":1740486942000,"last_edited_user":"LINKERR","last_edited_date":1740489101000,"Shape_Length":6158.7713380857895,"Shape_Area":2198397.952834907}},{"type":"Feature","id":17,"geometry":{"type":"Polygon","coordinates":[[[3870614.1317000017,3665540.2126000002],[3870604.5194000006,3665526.6696000025],[3870601.3931999989,3665522.2533999979],[3870584.1392999999,3665487.9769999981],[3870572.3508000001,3665463.6341999993],[3870571.8057999983,3665462.4566999972],[3870562.1156000011,3665442.3149000034],[3870561.5469000004,3665441.1376999989],[3870538.5610000007,3665393.5577000007],[3870520.2582999989,3665352.4547000006],[3870511.2655999996,3665333.3474000022],[3870510.7320999987,3665332.2414000034],[3870510.1763000004,3665330.9944999963],[3870499.6651999988,3665308.6297999993],[3870498.8420000002,3665306.8770999983],[3870497.6851999983,3665304.0885000005],[3870483.6411000006,3665276.4246999994],[3870473.7595999986,3665251.7251999974],[3870471.1801999994,3665245.2562000006],[3870457.6462999992,3665200.7195999995],[3870457.3827,3665199.7124999985],[3870447.5271999985,3665162.010300003],[3870443.7917999998,3665142.9130999967],[3870442.9670000002,3665138.7291999981],[3870439.4990000017,3665111.1099999994],[3870429.4365999997,3665031.0046000034],[3870428.8845000006,3665027.1545000002],[3870423.0463000014,3664986.4268999994],[3870417.4536999986,3664925.7773000002],[3870417.1270999983,3664922.3346000016],[3870416.5221999995,3664915.7211000025],[3870412.2182999998,3664877.9862999991],[3870411.877700001,3664875.9479999989],[3870411.0751000009,3664871.1322999969],[3870409.9928000011,3664864.4733000025],[3870407.6521999985,3664850.5143999979],[3870401.2829999998,3664812.1837000027],[3870400.3988999985,3664805.1347000003],[3870399.8616999984,3664800.881099999],[3870394.4279999994,3664757.8359000012],[3870391.4351000004,3664734.1987999976],[3870388.6473999992,3664711.9922999963],[3870386.3462000005,3664693.8880999982],[3870386.2410000004,3664687.9460000023],[3870386.2109999992,3664686.7716000006],[3870366.1508999988,3664522.3687999994],[3870365.8368999995,3664519.1380999982],[3870359.4978,3664455.1876000017],[3870354.7256999984,3664417.8156000003],[3870353.060899999,3664410.177199997],[3870352.0626000017,3664405.5468000025],[3870350.9836999997,3664400.5512999967],[3870347.6436999999,3664385.1322999969],[3870346.6801000014,3664380.6435000002],[3870344.6504000016,3664353.1931999996],[3870341.9679000005,3664316.3360999972],[3870342.0414000005,3664267.8288000003],[3870343.8997999988,3664237.8944000006],[3870349.0265000015,3664188.0107999966],[3870349.4728000015,3664184.6435000002],[3870356.1567000002,3664133.7668000013],[3870356.302099999,3664132.6400000006],[3870357.305399999,3664130.2013000026],[3870358.9624000005,3664130.4437000006],[3870360.2588,3664130.6008000001],[3870415.8385999985,3664137.490699999],[3870420.4173000008,3664138.0254999995],[3870452.4756000005,3664142.0392000005],[3870500.0221000016,3664147.4408999979],[3870631.6838000007,3664162.3452999964],[3870670.0245000012,3664166.8998999968],[3870705.8913000003,3664171.1627999991],[3870710.3409000002,3664171.6850999966],[3870713.4948000014,3664172.0028999969],[3870764.8154000007,3664177.1846999973],[3870893.7584000006,3664191.1938999966],[3870947.7633000016,3664197.6415999979],[3870953.1347000003,3664198.2493000031],[3870978.684700001,3664201.8725999966],[3870980.811999999,3664202.1740000024],[3871005.3136,3664205.6513999999],[3871008.2098999992,3664206.0979000032],[3871011.9693999998,3664206.7116999999],[3871036.3277000003,3664210.6928000003],[3871042.4107000008,3664211.9491999969],[3871044.7448999994,3664212.4752999991],[3871047.0800999999,3664212.9306999967],[3871050.4499000013,3664213.6388000026],[3871098.695700001,3664223.7710999995],[3871135.9415000007,3664233.7105000019],[3871156.5218000002,3664239.2023999989],[3871210.2056999989,3664256.0507000014],[3871261.9792000018,3664274.4531000033],[3871279.7721000016,3664281.4267000034],[3871281.0417999998,3664281.9033000022],[3871298.0067000017,3664288.4609000012],[3871363.2259000018,3664313.9016000032],[3871372.0920999981,3664317.2927000001],[3871389.7314000018,3664324.0384000018],[3871439.0309999995,3664342.8907999992],[3871468.2925000004,3664354.0812000036],[3871485.7697999999,3664360.6498999968],[3871543.8535999991,3664382.4843999967],[3871562.9294999987,3664389.8972000033],[3871567.2465999983,3664391.5820000023],[3871568.4123999998,3664392.0442999974],[3871575.6008000001,3664394.8544000015],[3871578.2140000015,3664395.8747999966],[3871603.1224000007,3664405.6111999974],[3871604.6972999983,3664406.2035000026],[3871608.2445,3664407.6623999998],[3871623.6671999991,3664413.9807000011],[3871639.4644999988,3664420.3470999971],[3871654.6788000017,3664426.1127000004],[3871723.3321000002,3664452.1649999991],[3871754.4354000017,3664464.2248999998],[3871779.9202000014,3664474.1059999987],[3871799.7906000018,3664481.8158000037],[3871829.1458999999,3664493.1542000026],[3871862.0993999988,3664504.8003000021],[3871864.4331,3664505.6187999994],[3871866.7668000013,3664506.438000001],[3871870.3495000005,3664507.6965000033],[3871882.6242000014,3664512.4412999973],[3871884.4092000015,3664513.1058000028],[3871886.7421999983,3664514.0658999979],[3871889.7760000005,3664515.3325999975],[3871909.9349999987,3664523.7721000016],[3871922.9998999983,3664532.4883999974],[3871930.7985000014,3664540.5139999986],[3871938.574000001,3664548.5405000001],[3871939.7107999995,3664550.6947000027],[3871948.6081000008,3664567.7309999987],[3871956.8707999997,3664594.9230000004],[3871958.2322999984,3664599.4257000014],[3871969.6807000004,3664637.1755999997],[3871981.1986999996,3664671.8329999968],[3871989.4134999998,3664696.5502000004],[3871990.6490999982,3664700.4400999993],[3872013.1187000014,3664771.1829999983],[3872020.7985999994,3664795.319600001],[3871825.3770999983,3664825.7465000004],[3871814.0474000014,3664827.5345000029],[3871700.3471999988,3664843.8412000015],[3871692.6777000017,3664844.9038000032],[3871676.5582999997,3664847.8440999985],[3871663.5502000004,3664850.2163999975],[3871634.8134000003,3664857.0812000036],[3871603.1079999991,3664867.2334000021],[3871592.2071000002,3664871.8655999973],[3871579.1488999985,3664877.4143000022],[3871549.3328000009,3664891.6138999984],[3871523.9277000017,3664907.0045000017],[3871494.5175999999,3664927.9566999972],[3871449.3218999989,3664966.814199999],[3871447.4572999999,3664968.4981999993],[3871403.0557000004,3665008.6934999973],[3871364.2195999995,3665043.8533999994],[3871363.2085999995,3665044.764200002],[3871302.3704000004,3665099.8413999975],[3871286.5540999994,3665114.1617000028],[3871276.6416999996,3665123.1330000013],[3871235.2844000012,3665159.8858999982],[3871230.4195000008,3665164.2079000026],[3871165.4824000001,3665221.9178000018],[3871161.7664999999,3665225.0265000015],[3871126.3502000012,3665254.2925999984],[3871103.9127000012,3665272.8530000001],[3871079.8352000006,3665290.4302999973],[3871066.0262999982,3665300.512500003],[3871028.5210000016,3665329.2889999971],[3871021.5483000018,3665334.2524999976],[3871004.2534999996,3665346.4456999972],[3870997.6209999993,3665350.8960999995],[3870963.0590999983,3665374.0918999985],[3870923.2996999994,3665398.1172999963],[3870904.1660999991,3665409.6775999963],[3870857.4167999998,3665435.1875],[3870835.7877000012,3665446.3783999979],[3870812.4998999983,3665458.4279000014],[3870775.2969000004,3665475.6733999997],[3870733.3000999987,3665492.9693000019],[3870684.6634000018,3665511.0499000028],[3870680.3808999993,3665512.4307999983],[3870679.8515000008,3665512.6036999971],[3870649.995000001,3665522.3751000017],[3870611.3308999985,3665536.1385999992],[3870614.1317000017,3665540.2126000002]]]},"properties":{"OBJECTID":17,"NoteType":0,"Name":"שכונה ט","Notes":null,"created_user":"LINKERR","created_date":1740486942000,"last_edited_user":"LINKERR","last_edited_date":1740489101000,"Shape_Length":5003.2504979672403,"Shape_Area":1377736.8251849129}},{"type":"Feature","id":18,"geometry":{"type":"Polygon","coordinates":[[[3873656.5383000001,3662313.7968000025],[3873656.4937000014,3662309.829400003],[3873651.8095000014,3662309.811999999],[3873411.5658,3662303.2263000011],[3873192.9321000017,3662297.6916000023],[3873066.3792999983,3662324.3854999989],[3873067.7567999996,3662333.9240000024],[3873068.7358999997,3662340.8310000002],[3873066.2239000015,3662366.2753000036],[3873058.6493000016,3662405.2126000002],[3873052.3453000002,3662419.4869000018],[3873051.7914000005,3662420.7422000021],[3873041.3231000006,3662408.235299997],[3873031.0009999983,3662403.9341000021],[3873013.9021999985,3662402.5441000015],[3872995.7380000018,3662398.4488999993],[3872992.9849999994,3662397.6286000013],[3872982.7028999999,3662394.5843999982],[3872961.378800001,3662386.063000001],[3872941.2835999988,3662389.5103999972],[3872914.1259000003,3662397.626500003],[3872894.6829999983,3662398.2915000021],[3872871.7569000013,3662396.3044999987],[3872853.3128999993,3662395.2722999975],[3872836.6121999994,3662396.9706000015],[3872810.1042999998,3662402.9512000009],[3872787.8729999997,3662399.5581],[3872772.7175999992,3662394.0888999999],[3872761.0824999996,3662390.815700002],[3872753.6129000001,3662388.9550999999],[3872747.9136000015,3662388.194600001],[3872729.0326999985,3662391.5759999976],[3872719.1499000005,3662391.5386999995],[3872710.1033999994,3662389.2259000018],[3872698.3819999993,3662387.3510999978],[3872682.1251000017,3662385.7507999986],[3872664.7358999997,3662387.2934999987],[3872653.7344999984,3662389.0841000006],[3872620.2923000008,3662399.8175999969],[3872618.5379999988,3662400.3972000033],[3872597.3541000001,3662404.4974000007],[3872531.8907000013,3662408.5222999975],[3872485.3533999994,3662419.4170000032],[3872468.3344999999,3662421.6182999983],[3872451.3115000017,3662425.005400002],[3872437.2776999995,3662431.7858999968],[3872436.5978999995,3662432.6975999996],[3872424.1053999998,3662434.5665000007],[3872292.5826999992,3662454.2457000017],[3872280.4829000011,3662450.4076000005],[3872263.8266999982,3662452.5393000022],[3872236.8189999983,3662457.8020000011],[3872217.6748999991,3662456.6252999976],[3872203.4792000018,3662457.004900001],[3872183.9607999995,3662453.3385000005],[3872165.4957000017,3662448.2789999992],[3872153.4545999989,3662444.0525999963],[3872137.8240999989,3662440.6819000021],[3872121.1510999985,3662438.1294],[3872108.2688999996,3662434.0524000004],[3872106.0287000015,3662433.3285999969],[3872104.3544000015,3662430.9504000023],[3872100.1730000004,3662424.6300000027],[3872097.620000001,3662417.128899999],[3872096.1981000006,3662412.9447999969],[3871940.7248999998,3662412.3489999995],[3871897.249400001,3662385.9305000007],[3871729.6900999993,3662334.9078999981],[3871640.6242999993,3662266.7054999992],[3871610.1297999993,3662264.3913000003],[3871551.3832999989,3662244.4635000005],[3871480.4464000016,3662229.9189999998],[3871464.3101999983,3662226.6099999994],[3871417.5832000002,3662198.8407000005],[3871401.2749999985,3662189.1495999992],[3871342.4963000007,3662177.9673999995],[3871242.376600001,3662153.4978],[3871164.4048999995,3662156.9628000036],[3871160.876600001,3662157.126000002],[3871164.0423999988,3662160.060800001],[3871165.3242000006,3662161.2634999976],[3871166.0918999985,3662161.9597000033],[3871164.677099999,3662162.0600999966],[3871068.0392000005,3662168.139700003],[3870987.3964999989,3662176.5819000006],[3870880.5067999996,3662211.1841000021],[3870805.0108999982,3662214.691399999],[3870709.2201999985,3662284.2063999996],[3870579.7300999984,3662157.6325000003],[3870517.1231000014,3662093.6022000015],[3870485.7406000011,3662050.5282000005],[3870443.4816999994,3662027.9416000023],[3870401.2228999995,3662014.826700002],[3870383.0078999996,3661977.6680999994],[3870353.8638000004,3661968.1963],[3870305.0476000011,3661880.0355999991],[3870247.2320000008,3661793.750500001],[3870179.6372000016,3661676.3489999995],[3870162.4644999988,3661578.8147],[3870081.8026000001,3661464.6705000028],[3870514.0460000001,3661468.0262999982],[3870513.615699999,3661464.5610999987],[3870520.8344999999,3661464.7314999998],[3870604.9021000005,3661466.6479000002],[3870645.0091999993,3661466.0429000035],[3870806.3942999989,3661326.8800999969],[3870847.6053000018,3661291.3430999964],[3871026.7408000007,3661136.8677000031],[3871083.4893000014,3661199.7885999978],[3871228.3330999985,3661360.3847000003],[3871198.2655000016,3661387.4209999964],[3871272.0923000015,3661469.8271000013],[3871289.3121999986,3661469.7999000028],[3871452.9574999996,3661468.4752999991],[3871682.8273999989,3661470.3385000005],[3871710.2413000017,3661471.6656000018],[3871812.9569000006,3661476.6155999973],[3871814.9503999986,3661476.7053999975],[3871815.927099999,3661480.8536000028],[3871841.3421999998,3661641.5755999982],[3871841.9123000018,3661645.191200003],[3871844.3046999983,3661645.8096000031],[3872159.1488000005,3661726.6709000021],[3872466.6662999988,3661802.2371999994],[3872731.4175000004,3661872.0930999964],[3872749.2861000001,3661876.8105000034],[3872851.7952000014,3661903.8593000025],[3872865.6449999996,3661907.5138999969],[3873046.6385000013,3661955.1765000001],[3873375.5240000002,3662056.2542999983],[3873505.9068999998,3662095.8918000013],[3873629.9682999998,3662136.010300003],[3873674.6840000004,3662150.4759000018],[3873656.5383000001,3662313.7968000025]]]},"properties":{"OBJECTID":18,"NoteType":0,"Name":"נחל בקע","Notes":null,"created_user":"LINKERR","created_date":1740486942000,"last_edited_user":"LINKERR","last_edited_date":1740489101000,"Shape_Length":8546.9062105881349,"Shape_Area":2159490.6515556159}},{"type":"Feature","id":19,"geometry":{"type":"Polygon","coordinates":[[[3873656.5383000001,3662313.7968000025],[3873656.9679000005,3662353],[3873654.3610000014,3662413.6652000025],[3873650.1995999999,3662556.6872000024],[3873649.3634000011,3662585.4333000034],[3873646.1491999999,3662652.8476999998],[3873642.8438999988,3662674.6379000023],[3873637.1295999996,3662687.8131000027],[3873622.0047000013,3662715.0662999973],[3873591.6224999987,3662764.9817999974],[3873590.6926000006,3662766.5868000016],[3873565.2837999985,3662810.3906999975],[3873564.0130999982,3662812.7342000008],[3873529.8706,3662874.6115999967],[3873516.6856000014,3662898.490199998],[3873492.3273999989,3662936.0428000018],[3873490.6006999984,3662938.6765000001],[3873472.1185000017,3662970.0851000026],[3873408.3255000003,3663078.6041999981],[3873386.934700001,3663115.943400003],[3873359.9948999994,3663162.9611999989],[3873313.9182000011,3663244.6145000011],[3873313.1187999994,3663245.996100001],[3873284.2769000009,3663294.9081000015],[3873244.2177999988,3663366.6868999973],[3873243.5007000007,3663367.7047000006],[3873231.1704999991,3663390.8835000023],[3873156.1994000003,3663531.758100003],[3873150.754999999,3663541.6476000026],[3873141.6136999987,3663558.3103],[3873130.8222999983,3663558.4224999994],[3873114.7289000005,3663558.2216000035],[3873084.5498999991,3663555.066399999],[3873046.8713999987,3663546.0944000036],[3873030.7906999998,3663540.8461999968],[3873009.8665000014,3663532.3162999973],[3872982.7164000012,3663519.427699998],[3872961.3187999986,3663508.7665000036],[3872940.6726000011,3663497.2555000037],[3872909.8240999989,3663480.1143999994],[3872875.3898999989,3663461.0024999976],[3872834.9747000001,3663438.5715000033],[3872801.1072999984,3663419.7739000022],[3872779.8278999999,3663405.8746000007],[3872760.7787999995,3663400.0820999965],[3872753.0901000015,3663396.6494000033],[3872727.6383000016,3663385.2873999998],[3872697.1081999987,3663371.1714999974],[3872659.1543999985,3663360.1673000008],[3872636.8592000008,3663350.0207000002],[3872614.2916000001,3663339.7506999969],[3872596.7410000004,3663331.7638000026],[3872575.2705000006,3663321.1696000025],[3872556.8555999994,3663311.2092000023],[3872539.2553999983,3663302.4883000031],[3872523.2949000001,3663294.1860999987],[3872506.5155000016,3663285.4698999971],[3872487.8374000005,3663275.873800002],[3872477.499400001,3663268.8720000014],[3872477.9563000016,3663269.5302999988],[3872475.253800001,3663267.7961999997],[3872469.3341999985,3663263.9958000034],[3872459.5340999998,3663257.7045999989],[3872445.9574999996,3663248.9888999984],[3872433.8363000005,3663241.2085999995],[3872425.693500001,3663234.1598000005],[3872418.6565000005,3663228.0700000003],[3872409.8000999987,3663220.4438000023],[3872409.1662000008,3663219.990699999],[3872394.0425999984,3663207.1587999985],[3872380.5346999988,3663195.0733999982],[3872370.3440999985,3663184.816399999],[3872366.9781999998,3663181.7283999994],[3872357.2664999999,3663172.8159999996],[3872356.4525999986,3663173.0860000029],[3872354.7452999987,3663171.1410000026],[3872310.4591000006,3663138.5213999972],[3872294.3214999996,3663126.9165000021],[3872261.5997000001,3663113.3726999983],[3872240.9622000009,3663107.9266000018],[3872221.507100001,3663102.7929999977],[3872176.7109000012,3663093.9566999972],[3872146.5225999989,3663093.4200000018],[3872107.7008999996,3663098.8364999965],[3872068.6303999983,3663105.4714000002],[3872059.8092,3663110.6352000013],[3872050.1532999985,3663116.2863000035],[3872003.5980999991,3663142.9741000012],[3871991.7833999991,3663149.7471000031],[3871960.6543999985,3663166.508100003],[3871954.1079999991,3663170.0332999974],[3871918.3940000013,3663192.1325000003],[3871916.4332999997,3663193.3461999968],[3871880.2795999981,3663214.1143999994],[3871859.7028999999,3663225.9340000004],[3871843.1618000008,3663234.3830000013],[3871843.1160000004,3663252.3583000004],[3871840.0276999995,3663253.3322999999],[3871791.3409999982,3663266.0601999983],[3871787.2115999982,3663267.300499998],[3871771.0936000012,3663272.0649000034],[3871756.8579999991,3663276.2840000018],[3871686.1862999983,3663291.050999999],[3871679.9919000007,3663291.6150999963],[3871615.4976000004,3663297.5995000005],[3871588.8649000004,3663298.9645000026],[3871557.6330000013,3663299.5830999985],[3871535.6262000017,3663298.1006999984],[3871512.8456999995,3663295.7014999986],[3871497.3194000013,3663294.0669],[3871427.4111000001,3663279.9056999981],[3871378.0791999996,3663271.9526000023],[3871345.4360999987,3663268.6674000025],[3871337.9386,3663267.5349999964],[3871335.4294000007,3663267.137500003],[3871334.4305000007,3663265.4896000028],[3871310.2327999994,3663205.1048000008],[3871302.7806999981,3663186.4180999994],[3871283.4543999992,3663138.0991000012],[3871273.1490999982,3663112.3430000022],[3871092.8823000006,3662661.7917999998],[3871089.8522000015,3662659.9483999982],[3871087.3104000017,3662658.4125000015],[3871087.5390000008,3662656.9575000033],[3871022.7307000011,3662551.8132999986],[3871020.7802999988,3662548.623499997],[3870933.1728000008,3662466.5675999969],[3870931.4730999991,3662464.9738000035],[3870849.3123999983,3662433.0436000004],[3870753.865699999,3662337.5969000012],[3870709.2201999985,3662284.2063999996],[3870758.2373000011,3662247.2503999993],[3870804.0298999995,3662214.7343000025],[3870880.5067999996,3662211.1841000021],[3870987.3964999989,3662176.5819000006],[3871068.0392000005,3662168.139700003],[3871164.677099999,3662162.0600999966],[3871166.0918999985,3662161.9597000033],[3871165.3242000006,3662161.2634999976],[3871164.0423999988,3662160.060800001],[3871160.876600001,3662157.126000002],[3871164.4048999995,3662156.9628000036],[3871242.376600001,3662153.4978],[3871342.4963000007,3662177.9673999995],[3871401.2749999985,3662189.1495999992],[3871417.5832000002,3662198.8407000005],[3871464.3101999983,3662226.6099999994],[3871480.4464000016,3662229.9189999998],[3871551.3832999989,3662244.4635000005],[3871610.1297999993,3662264.3913000003],[3871640.6242999993,3662266.7054999992],[3871729.6900999993,3662334.9078999981],[3871897.249400001,3662385.9305000007],[3871940.7248999998,3662412.3489999995],[3872096.1981000006,3662412.9447999969],[3872097.620000001,3662417.128899999],[3872100.1730000004,3662424.6300000027],[3872104.3544000015,3662430.9504000023],[3872106.0287000015,3662433.3285999969],[3872108.2688999996,3662434.0524000004],[3872121.1510999985,3662438.1294],[3872137.8240999989,3662440.6819000021],[3872153.4545999989,3662444.0525999963],[3872165.4957000017,3662448.2789999992],[3872183.9607999995,3662453.3385000005],[3872203.4792000018,3662457.004900001],[3872217.6748999991,3662456.6252999976],[3872236.8189999983,3662457.8020000011],[3872263.8266999982,3662452.5393000022],[3872280.4829000011,3662450.4076000005],[3872292.5826999992,3662454.2457000017],[3872424.1053999998,3662434.5665000007],[3872436.5978999995,3662432.6975999996],[3872437.2776999995,3662431.7858999968],[3872451.3115000017,3662425.005400002],[3872468.3344999999,3662421.6182999983],[3872485.3533999994,3662419.4170000032],[3872531.8907000013,3662408.5222999975],[3872597.3541000001,3662404.4974000007],[3872618.5379999988,3662400.3972000033],[3872620.2923000008,3662399.8175999969],[3872653.7344999984,3662389.0841000006],[3872664.7358999997,3662387.2934999987],[3872682.1251000017,3662385.7507999986],[3872698.3819999993,3662387.3510999978],[3872710.1033999994,3662389.2259000018],[3872719.1499000005,3662391.5386999995],[3872729.0326999985,3662391.5759999976],[3872747.9136000015,3662388.194600001],[3872753.6129000001,3662388.9550999999],[3872761.0824999996,3662390.815700002],[3872772.7175999992,3662394.0888999999],[3872787.8729999997,3662399.5581],[3872810.1042999998,3662402.9512000009],[3872836.6121999994,3662396.9706000015],[3872853.3128999993,3662395.2722999975],[3872871.7569000013,3662396.3044999987],[3872894.6829999983,3662398.2915000021],[3872914.1259000003,3662397.626500003],[3872941.2835999988,3662389.5103999972],[3872961.378800001,3662386.063000001],[3872982.7028999999,3662394.5843999982],[3872992.9849999994,3662397.6286000013],[3872995.7380000018,3662398.4488999993],[3873013.9021999985,3662402.5441000015],[3873031.0009999983,3662403.9341000021],[3873041.3231000006,3662408.235299997],[3873051.7914000005,3662420.7422000021],[3873052.3453000002,3662419.4869000018],[3873058.6493000016,3662405.2126000002],[3873066.2239000015,3662366.2753000036],[3873068.7358999997,3662340.8310000002],[3873067.7567999996,3662333.9240000024],[3873066.3792999983,3662324.3854999989],[3873192.9321000017,3662297.6916000023],[3873411.5658,3662303.2263000011],[3873651.8095000014,3662309.811999999],[3873656.4937000014,3662309.829400003],[3873656.5383000001,3662313.7968000025]]]},"properties":{"OBJECTID":19,"NoteType":0,"Name":"נווה נוי","Notes":null,"created_user":"LINKERR","created_date":1740486942000,"last_edited_user":"LINKERR","last_edited_date":1740489101000,"Shape_Length":7747.0260367899164,"Shape_Area":2368439.0673452229}},{"type":"Feature","id":20,"geometry":{"type":"Polygon","coordinates":[[[3873705.0879000016,3665383.3610000014],[3873705.624499999,3665330.1850999966],[3873705.8196999989,3665310.7798999995],[3873708.4913000017,3665264.1101000011],[3873710.1781000011,3665234.4650000036],[3873710.6429999992,3665187.2712000012],[3873711.1990999989,3665172.7591999993],[3873711.3401999995,3665169.0714000016],[3873710.7228999995,3665143.0238000005],[3873706.3838,3665105.7128000036],[3873700.3354999982,3665059.8929999992],[3873695.8845999986,3665040.2180999964],[3873690.6290000007,3665017.3000999987],[3873685.0445000008,3664999.385300003],[3873682.7052999996,3664991.8828999996],[3873673.5434999987,3664969.8198999986],[3873655.7287000008,3664930.1220000014],[3873640.4184000008,3664901.9641000032],[3873610.2641000003,3664846.4274000004],[3873599.4043000005,3664828.560999997],[3873575.1528000012,3664788.6639000028],[3873572.6678000018,3664784.369099997],[3873546.2305000015,3664741.0921000019],[3873537.7208000012,3664728.7668000013],[3873524.6823000014,3664709.8835000023],[3873522.309799999,3664706.4452000037],[3873500.8823000006,3664680.3800000027],[3873474.5601999983,3664650.5610999987],[3873431.0315999985,3664609.8884000033],[3873403.9118000008,3664587.5464999974],[3873354.1114999987,3664555.5157999992],[3873338.3286999986,3664545.3933999985],[3873293.6640000008,3664521.0971999988],[3873264.5995000005,3664506.5212000012],[3873236.3361000009,3664490.3404000029],[3873214.9701000005,3664476.1586000025],[3873668.4228999987,3663863.2819000036],[3873676.1473000012,3663866.4971999973],[3873712.2914000005,3663877.9262000024],[3873747.688000001,3663889.0716999993],[3873828.6873000003,3663920.1807999983],[3873903.9259000011,3663948.2854000032],[3873904.9054999985,3663948.6413000003],[3873905.8158,3663949.0213000029],[3873929.3627000004,3663960.6375999972],[3873929.9105999991,3663961.0503999963],[3873933.0813999996,3663963.4466999993],[3874011.8506999984,3664022.7612999976],[3874013.9523999989,3664023.3681000024],[3874015.0496000014,3664023.6894000024],[3874027.5542000011,3664039.1415000036],[3874048.7938000001,3664065.3794],[3874137.4987999983,3664195.2199999988],[3874254.2738999985,3664402.1687999964],[3874255.4015000015,3664403.7468999997],[3874272.4681000002,3664434.4094000012],[3874274.1539999992,3664436.7286000028],[3874286.3273999989,3664453.3762999997],[3874409.9028999992,3664570.7344999984],[3874466.3024000004,3664610.9346000031],[3874465.0703000017,3664612.4443999976],[3874451.7906999998,3664633.5336999968],[3874448.2837000005,3664640.0489000008],[3874444.9798999988,3664646.1305000037],[3874436.9439000003,3664661.1441999972],[3874402.7474999987,3664740.5758000016],[3874396.1020999998,3664756.0402000025],[3874377.4277000017,3664802.2735000029],[3874371.2404999994,3664819.7946000025],[3874353.7901000008,3664850.1212000027],[3874329.4250000007,3664892.5066],[3874320.3594000004,3664904.7678000033],[3874310.2373999991,3664918.4470999986],[3874302.9138999991,3664927.2859999985],[3874298.9648000002,3664932.0631999969],[3874295.4725000001,3664936.2884000018],[3874276.1081000008,3664959.7040999979],[3874258.4750000015,3664982.4673999995],[3874251.7883000001,3664989.4182000011],[3874238.0656999983,3665003.670599997],[3874220.7738999985,3665018.943400003],[3874208.3044000007,3665029.1032999977],[3874197.8610000014,3665037.7317000031],[3874190.5124000013,3665043.7168999985],[3874182.6022000015,3665050.2281000018],[3874150.3359999992,3665076.672799997],[3874146.0793999992,3665080.5075000003],[3874120.4763000011,3665103.5736000016],[3874112.6185000017,3665111.3994999975],[3874102.8022000007,3665121.1912999973],[3874074.9664999992,3665153.6067000031],[3874053.0131999999,3665184.7154999971],[3874003.3612000011,3665265.1965000033],[3874001.8885999992,3665265.1911000013],[3873985.2778000012,3665282.6741999984],[3873966.0201999992,3665298.7503999993],[3873943.1834999993,3665312.3941000029],[3873907.6730999984,3665328.1753000021],[3873863.0445000008,3665341.2348999977],[3873820.0062999986,3665350.6938999966],[3873771.2985999994,3665363.0306999981],[3873757.2195999995,3665366.5971999988],[3873707.9890000001,3665382.4324000031],[3873705.0879000016,3665383.3610000014]]]},"properties":{"OBJECTID":20,"NoteType":0,"Name":"מרכז העיר","Notes":null,"created_user":"LINKERR","created_date":1740486942000,"last_edited_user":"LINKERR","last_edited_date":1740489101000,"Shape_Length":4145.5842838182798,"Shape_Area":972495.5455012453}},{"type":"Feature","id":21,"geometry":{"type":"Polygon","coordinates":[[[3873702.7016000003,3666366.7471000031],[3873686.495099999,3666369.2457000017],[3873624.1807000004,3666366.5253000036],[3873596.8148999996,3666365.2961999997],[3873542.8082000017,3666362.8650000021],[3873530.1777999997,3666362.2902999967],[3873527.8517999984,3666362.1992999986],[3873525.502799999,3666362.1194000021],[3873447.4153000005,3666358.6818000004],[3873373.1088000014,3666356.1506000012],[3873369.8724000007,3666356.0446999967],[3873267.2347999997,3666354.8911999986],[3873124.4523999989,3666353.2845999971],[3873089.6629999988,3666352.9302000031],[3873054.239599999,3666353.1736000031],[3873040.2162999995,3666353.2624000013],[3873034.126699999,3666353.4518999979],[3873033.3150999993,3666353.4751000032],[3873031.7080000006,3666353.5234000012],[3873009.3467999995,3666354.3202999979],[3872941.3885000013,3666367.1371000037],[3872910.9770999998,3666374.4331],[3872866.7419999987,3666383.9547000006],[3872865.4437999986,3666384.2791000009],[3872864.6603000015,3666384.4755999967],[3872863.9712000005,3666384.6486999989],[3872846.5287000015,3666389.0446999967],[3872801.0601999983,3666400.502700001],[3872794.8836000003,3666402.0401000008],[3872790.5551000014,3666403.387500003],[3872783.8594000004,3666404.8461999968],[3872756.4605999999,3666410.8210999966],[3872732.2980000004,3666415.5209999979],[3872699.2884999998,3666421.5366000012],[3872679.7675999999,3666425.0935999975],[3872658.1074000001,3666427.8460000008],[3872637.7677999996,3666430.4316999987],[3872588.2840999998,3666434.1429999992],[3872552.6708000004,3666438.434799999],[3872549.9935000017,3666438.7665999979],[3872521.0529000014,3666443.060999997],[3872483.8194000013,3666445.9956],[3872477.4615000002,3666446.3008000031],[3872434.6327,3666448.3808000013],[3872383.7496000007,3666451.4175999984],[3872372.0509000011,3666451.4733000025],[3872349.2606999986,3666451.5798999965],[3872305.5379000008,3666449.3580000028],[3872292.4472000003,3666447.494099997],[3872268.9791000001,3666444.1570999995],[3872263.5819999985,3666443.1451999992],[3872245.3649000004,3666439.7324000001],[3872223.9846000001,3666434.387000002],[3872215.1079000011,3666432.1656000018],[3872187.8971000016,3666425.3620999977],[3872174.1537999995,3666422.360799998],[3872164.0208999999,3666420.1557999998],[3872115.4063000008,3666409.5815000013],[3872109.7567000017,3666408.2974999994],[3872109.1114000008,3666408.1495999992],[3872049.0951999985,3666394.5066],[3872000.5130999982,3666382.7167999968],[3871981.3836000003,3666378.8154999986],[3871928.6953000017,3666368.0544999987],[3871897.6574000008,3666360.7395000011],[3871890.3979999982,3666359.0296000019],[3871862.6983999982,3666353.6372999996],[3871840.8273000009,3666351.7100000009],[3871814.2025000006,3666352.4992000014],[3871804.4648999982,3666353.5539999977],[3871759.2424999997,3666358.3003999963],[3871738.4353,3666361.6406999975],[3871712.8062999994,3666365.7551999986],[3871673.9439999983,3666375.9513999969],[3871628.6218000017,3666388.624499999],[3871594.5014999993,3666398.1692000031],[3871530.0097999983,3666416.2061000019],[3871484.9765999988,3666423.6644999981],[3871480.0111999996,3666423.9694000036],[3871449.1239,3666425.8748999983],[3871448.8104999997,3666425.8620000035],[3871412.5621000007,3666424.428199999],[3871408.6821000017,3666424.0104999989],[3871384.8762000017,3666421.4438999966],[3871370.1394000016,3666418.5920000002],[3871350.3324000016,3666414.7796000019],[3871337.1409999989,3666411.7327999994],[3871327.061900001,3666409.4059000015],[3871290.804299999,3666395.9099000022],[3871277.8335000016,3666389.3180000037],[3871276.6675999984,3666388.7965999991],[3871275.5012000017,3666388.2054999992],[3871246.6105000004,3666373.7879000008],[3871235.8213,3666368.1911000013],[3871231.3531999998,3666365.8715000004],[3871244.0764999986,3666351.7466000021],[3871284.8594000004,3666313.0084000006],[3871311.9695000015,3666288.5195999965],[3871341.0931000002,3666262.2118000016],[3871389.6198000014,3666224.4550999999],[3871400.5502999984,3666217.0776999965],[3871427.8621999994,3666198.6436000019],[3871438.9246999994,3666191.1767000034],[3871485.2972000018,3666163.487999998],[3871498.5329000019,3666155.5996000022],[3871519.1653000005,3666144.9350999966],[3871548.8841999993,3666129.5828000009],[3871655.7694000006,3666074.2137999982],[3871668.2714000009,3666067.8835000023],[3871682.3863000013,3666060.7380999997],[3871731.8786000013,3666035.6809],[3871738.2818999998,3666032.5362000018],[3871785.9765999988,3666009.3876999989],[3871786.8706,3666008.9532999992],[3871843.3814999983,3665985.3074000031],[3871854.8900999986,3665979.8558000028],[3871873.8608999997,3665969.431599997],[3871896.3117999993,3665997.3589000031],[3871977.3106999993,3666018.6467000023],[3871977.3106999993,3666048.6335000023],[3872043.7582999989,3666047.6604000032],[3872044.2177999988,3666025.0456999987],[3872083.8372000009,3666026.7087000012],[3872133.1070999987,3666068.7617999986],[3872169.5370999984,3666096.4486000016],[3872168.8084999993,3666132.878700003],[3872187.0234999992,3666182.4235000014],[3872218.3533999994,3666206.4673999995],[3872432.9825999998,3666105.0050000027],[3872466.8062999994,3666113.2063999996],[3872496.5843000002,3666139.2974999994],[3872540.1845000014,3666151.190700002],[3872539.5892000012,3666140.9554999992],[3872539.6387999989,3666128.6965000033],[3872539.7338000014,3666105.1965000033],[3872538.5214999989,3666076.0749000013],[3872537.1290000007,3666042.6495999992],[3872536.7879999988,3666034.0515000001],[3872534.7171999998,3665984.8946999982],[3872532.1107000001,3665923.0551000014],[3872528.3202,3665867.7751000002],[3872528.121100001,3665864.8391999975],[3872521.9349999987,3665810.2892000005],[3872515.4177000001,3665768.4100999981],[3872500.6612000018,3665702.4500999972],[3872495.8546000011,3665682.5344000012],[3872489.3156999983,3665655.432099998],[3872457.0403000005,3665555.7145000026],[3872448.0837000012,3665535.4223999977],[3872446.2644999996,3665531.3052999973],[3872447.3872000016,3665531.1686000004],[3872462.8187000006,3665529.3131000027],[3872471.9473999999,3665528.7564999983],[3872522.2747000009,3665525.6823000014],[3872529.6314000003,3665525.2342000008],[3872618.561900001,3665518.4545999989],[3872655.6433000006,3665515.8951999992],[3872711.3568999991,3665512.0473000035],[3872752.5388000011,3665509.2035999969],[3872778.3104999997,3665507.9015000015],[3872820.8601999991,3665504.2462000027],[3872947.2170000002,3665495.5496999994],[3872949.7534999996,3665495.3359000012],[3872991.311900001,3665491.0882999972],[3873041.1629999988,3665491.1347000003],[3873057.4420999996,3665490.8194999993],[3873104.0839000009,3665489.9024000019],[3873127.6548999995,3665489.626699999],[3873156.7067999989,3665489.2890999988],[3873159.0553000011,3665489.2283999994],[3873161.3924999982,3665489.2370999977],[3873167.2718999982,3665489.1648999974],[3873170.7708999999,3665489.1273000017],[3873206.9338999987,3665488.7492000014],[3873239.5568000004,3665487.4512000009],[3873239.8007999994,3665487.4411000013],[3873242.5342000015,3665487.3324000016],[3873244.5333000012,3665487.0574999973],[3873272.5824999996,3665483.1215000004],[3873276.1391000003,3665482.3672000021],[3873356.2562000006,3665465.3623000011],[3873420.5053000003,3665451.7256999984],[3873425.8559000008,3665450.5901999995],[3873506.0562000014,3665434.4469000027],[3873601.7754999995,3665410.4455000013],[3873646.2611000016,3665399.2911999971],[3873705.0879000016,3665383.3610000014],[3873704.9301000014,3665388.1621000022],[3873702.7679000013,3665455.2096000016],[3873695.6501999982,3665611.3081],[3873685.8803000003,3665825.6535999998],[3873684.4699000008,3665856.4059000015],[3873682.3403999992,3665885.9566999972],[3873680.001600001,3665918.4072000012],[3873681.6810000017,3665970.2392999977],[3873681.8999999985,3665973.8922000006],[3873684.3803999983,3666015.1564000025],[3873687.7851000018,3666090.6338],[3873692.0207999982,3666168.889200002],[3873697.0443000011,3666242.6723000035],[3873701.5036999993,3666340.4760000035],[3873702.7016000003,3666366.7471000031]]]},"properties":{"OBJECTID":21,"NoteType":0,"Name":"שכונה ב","Notes":null,"created_user":"LINKERR","created_date":1740487974000,"last_edited_user":"LINKERR","last_edited_date":1740489101000,"Shape_Length":7034.1176725858813,"Shape_Area":1427372.7270822823}},{"type":"Feature","id":22,"geometry":{"type":"Polygon","coordinates":[[[3870081.8026000001,3661464.6705000028],[3870162.4644999988,3661578.8147],[3870179.6372000016,3661676.3489999995],[3870247.2320000008,3661793.750500001],[3870305.0476000011,3661880.0355999991],[3870353.8638000004,3661968.1963],[3870383.0078999996,3661977.6680999994],[3870401.2228999995,3662014.826700002],[3870443.4816999994,3662027.9416000023],[3870485.7406000011,3662050.5282000005],[3870517.1231000014,3662093.6022000015],[3870579.7300999984,3662157.6325000003],[3870709.2201999985,3662284.2063999996],[3870753.865699999,3662337.5969000012],[3870849.3123999983,3662433.0436000004],[3870931.4730999991,3662464.9738000035],[3870933.1728000008,3662466.5675999969],[3871020.7802999988,3662548.623499997],[3871022.7307000011,3662551.8132999986],[3871087.5390000008,3662656.9575000033],[3871087.3104000017,3662658.4125000015],[3871089.8522000015,3662659.9483999982],[3871092.8823000006,3662661.7917999998],[3871273.1490999982,3663112.3430000022],[3871283.4543999992,3663138.0991000012],[3871302.7806999981,3663186.4180999994],[3871310.2327999994,3663205.1048000008],[3871334.4305000007,3663265.4896000028],[3871335.4294000007,3663267.137500003],[3871337.9386,3663267.5349999964],[3871345.4360999987,3663268.6674000025],[3871378.0791999996,3663271.9526000023],[3871427.4111000001,3663279.9056999981],[3871497.3194000013,3663294.0669],[3871512.8456999995,3663295.7014999986],[3871535.6262000017,3663298.1006999984],[3871557.6330000013,3663299.5830999985],[3871588.8649000004,3663298.9645000026],[3871615.4976000004,3663297.5995000005],[3871679.9919000007,3663291.6150999963],[3871686.1862999983,3663291.050999999],[3871756.8579999991,3663276.2840000018],[3871771.0936000012,3663272.0649000034],[3871787.2115999982,3663267.300499998],[3871791.3409999982,3663266.0601999983],[3871840.0276999995,3663253.3322999999],[3871843.1160000004,3663252.3583000004],[3871843.1618000008,3663234.3830000013],[3871960.6543999985,3663166.508100003],[3872068.6303999983,3663105.4714000002],[3872146.5225999989,3663093.4200000018],[3872176.7109000012,3663093.9566999972],[3872226.3674000017,3663104.0754999965],[3872270.9710999988,3663117.2515999973],[3872300.3852000013,3663131.2770999968],[3872366.9781999998,3663181.7283999994],[3872395.7311999984,3663208.5916000009],[3872433.8363000005,3663241.2085999995],[3872487.8374000005,3663275.873800002],[3872506.5155000016,3663285.4698999971],[3872500.8372000009,3663296.1140000001],[3872475.9012999982,3663354.4746000022],[3872401.0936000012,3663323.1721000001],[3872173.4871999994,3663238.2839000002],[3872119.3709999993,3663216.0007999986],[3872067.9076000005,3663211.2258000001],[3872028.6468000002,3663219.1841000021],[3871976.122299999,3663238.2839000002],[3871914.5784000009,3663274.8919999972],[3871876.6715000011,3663309.8981999978],[3871877.6268999986,3663311.5372999981],[3871872.5916000009,3663343.5859000012],[3871869.8506999984,3663361.0380000025],[3871869.2927000001,3663364.5881000012],[3871867.1664999984,3663364.0283000022],[3871848.6634999998,3663363.5219999999],[3871832.4968999997,3663368.884300001],[3871788.8614999987,3663383.181599997],[3871788.495000001,3663384.1780000031],[3871772.0571000017,3663426.8881999999],[3871767.3726999983,3663439.0231999978],[3871757.5417999998,3663464.557599999],[3871767.5075999983,3663492.3527000025],[3871771.3913999982,3663503.2185999975],[3871785.6732000001,3663543.0766000003],[3871789.2752999999,3663553.1300999969],[3871788.4305000007,3663554.1354999989],[3871783.254900001,3663590.760300003],[3871782.3671999983,3663597.0860000029],[3871783.2602999993,3663601.550999999],[3871775.8055999987,3663638.566399999],[3871766.8801000006,3663662.5908000022],[3871757.1338,3663681.5044],[3871754.9646000005,3663714.1145000011],[3871753.2802000009,3663739.1532000005],[3871746.1055999994,3663846.550499998],[3871745.9932000004,3663848.3101999983],[3871744.3735999987,3663871.752700001],[3871740.6607999988,3663913.7858999968],[3871767.0425000004,3663975.3091999963],[3871766.7252999991,3663978.5483999997],[3871766.318,3663981.5304000005],[3871765.752799999,3663985.6014999971],[3871764.0232999995,3663998.1010999978],[3871554.7936999984,3664158.9799999967],[3871554.8931000009,3664160.4354000017],[3871561.5357000008,3664253.5301000029],[3871563.2782999985,3664259.2663000003],[3871565.5258000009,3664264.5591999963],[3871564.8563000001,3664311.0086999983],[3871566.8564000018,3664325.7761000022],[3871569.7300000004,3664328.9231000021],[3871621.2666000016,3664385.4021999985],[3871654.6788000017,3664426.1127000004],[3871639.4644999988,3664420.3470999971],[3871623.6671999991,3664413.9807000011],[3871608.2445,3664407.6623999998],[3871604.6972999983,3664406.2035000026],[3871603.1224000007,3664405.6111999974],[3871578.2140000015,3664395.8747999966],[3871575.6008000001,3664394.8544000015],[3871568.4123999998,3664392.0442999974],[3871567.2465999983,3664391.5820000023],[3871562.9294999987,3664389.8972000033],[3871543.8535999991,3664382.4843999967],[3871485.7697999999,3664360.6498999968],[3871468.2925000004,3664354.0812000036],[3871439.0309999995,3664342.8907999992],[3871389.7314000018,3664324.0384000018],[3871372.0920999981,3664317.2927000001],[3871363.2259000018,3664313.9016000032],[3871298.0067000017,3664288.4609000012],[3871281.0417999998,3664281.9033000022],[3871279.7721000016,3664281.4267000034],[3871261.9792000018,3664274.4531000033],[3871210.2056999989,3664256.0507000014],[3871156.5218000002,3664239.2023999989],[3871135.9415000007,3664233.7105000019],[3871098.695700001,3664223.7710999995],[3871050.4499000013,3664213.6388000026],[3871047.0800999999,3664212.9306999967],[3871044.7448999994,3664212.4752999991],[3871042.4107000008,3664211.9491999969],[3871036.3277000003,3664210.6928000003],[3871011.9693999998,3664206.7116999999],[3871008.2098999992,3664206.0979000032],[3871005.3136,3664205.6513999999],[3870980.811999999,3664202.1740000024],[3870978.684700001,3664201.8725999966],[3870953.1347000003,3664198.2493000031],[3870947.7633000016,3664197.6415999979],[3870893.7584000006,3664191.1938999966],[3870764.8154000007,3664177.1846999973],[3870713.4948000014,3664172.0028999969],[3870710.3409000002,3664171.6850999966],[3870705.8913000003,3664171.1627999991],[3870670.0245000012,3664166.8998999968],[3870631.6838000007,3664162.3452999964],[3870500.0221000016,3664147.4408999979],[3870452.4756000005,3664142.0392000005],[3870420.4173000008,3664138.0254999995],[3870415.8385999985,3664137.490699999],[3870360.2588,3664130.6008000001],[3870358.9624000005,3664130.4437000006],[3870357.305399999,3664130.2013000026],[3870354.2912000008,3664129.8373000026],[3870326.9050000012,3664126.5107999966],[3870313.8084999993,3664126.1547000036],[3870311.4754999988,3664124.9704999998],[3870309.1394000016,3664124.7380999997],[3870290.8986999989,3664122.9882000014],[3870190.8564000018,3664113.3941999972],[3870187.7371000014,3664113.1001999974],[3870137.8104999997,3664109.8951999992],[3870098.0890000015,3664108.2691000029],[3870029.7221000008,3664105.9877000004],[3870008.749499999,3664105.2930999994],[3869987.7919999994,3664104.5996000022],[3869967.6163000017,3664103.9321999997],[3869965.2787000015,3664103.8517000005],[3869962.9422000013,3664103.7608999982],[3869943.7795000002,3664103.115199998],[3869923.3497000001,3664102.4275000021],[3869886.1286999993,3664100.8343999982],[3869855.6497000009,3664099.5269000009],[3869842.5639999993,3664099.0857999995],[3869840.2272999994,3664099.0179999992],[3869837.8913999982,3664098.9384000003],[3869809.1984999999,3664097.9422999993],[3869806.8502000012,3664097.8506999984],[3869804.5142999999,3664097.7708000019],[3869788.0359999985,3664097.1922999993],[3869724.4048000015,3664094.9597000033],[3869713.5273000002,3664094.7751000002],[3869646.1015999988,3664093.6120000035],[3869615.8194999993,3664095.4042000026],[3869566.6438000016,3664100.1952000037],[3869486.4281000011,3664112.494099997],[3869478.6655000001,3664113.2731000036],[3869476.3277999982,3664113.4755000025],[3869473.990699999,3664113.688500002],[3869471.7822000012,3664113.9029000029],[3869469.4433000013,3664114.186999999],[3869467.1055000015,3664114.4003999978],[3869422.4560000002,3664121.0420000032],[3869370.6077000014,3664128.1004000008],[3869352.8363000005,3664130.7876000032],[3869351.2448999994,3664131.0278000012],[3869348.9081999995,3664131.382600002],[3869374.3539000005,3663983.3615000024],[3869351.5769999996,3663731.055399999],[3869348.8099999987,3663695.6547000036],[3869339.5223999992,3663576.8958000019],[3869334.4840999991,3663512.4645999968],[3869336.5879999995,3663500.8492999971],[3869336.7708999999,3663498.6774000004],[3869337.0029999986,3663496.3300999999],[3869337.9171000011,3663486.7176000029],[3869340.8658000007,3663474.1074000001],[3869344.6220999993,3663458.0486999974],[3869349.6823000014,3663437.381099999],[3869356.3949999996,3663412.3872999996],[3869364.1147000007,3663384.3801999986],[3869369.4954000004,3663368.0354000032],[3869377.8702999987,3663342.3903999999],[3869382.6281999983,3663327.2171000019],[3869382.9180000015,3663324.8693000004],[3869383.2668000013,3663322.5223999992],[3869384.9420999996,3663309.6137999967],[3869388.3009000011,3663299.6473999992],[3869394.3256999999,3663280.0051999986],[3869398.0166000016,3663265.6371999979],[3869399.0703999996,3663253.6067000031],[3869405.7771999985,3663230.2920999974],[3869410.4648999982,3663211.9716000035],[3869420.8757999986,3663182.5913999975],[3869427.6050999984,3663153.6287999973],[3869433.3260999992,3663131.2738000005],[3869437.7122999988,3663109.6406000033],[3869444.4056000002,3663083.5446000025],[3869449.4858999997,3663063.7453999966],[3869449.9160999991,3663061.3989000022],[3869450.3453000002,3663059.0517000034],[3869453.1655000001,3663043.5310000032],[3869458.5553000011,3663019.5421999991],[3869460.6264999993,3663012.7179000005],[3869461.0044,3663011.4750000015],[3869461.5720999986,3663009.5041000023],[3869466.5901999995,3662990.8787999973],[3869471.3233999982,3662972.9235000014],[3869475.7045000009,3662952.5354999974],[3869482.7265000008,3662932.1708000004],[3869487.4501000009,3662916.4795999974],[3869488.8982000016,3662910.8854999989],[3869489.7756000012,3662907.4491999969],[3870081.8026000001,3661464.6705000028]]]},"properties":{"OBJECTID":22,"NoteType":0,"Name":"נווה זאב","Notes":null,"created_user":"LINKERR","created_date":1740487974000,"last_edited_user":"LINKERR","last_edited_date":1740489101000,"Shape_Length":10790.969036110537,"Shape_Area":4103709.0846692519}},{"type":"Feature","id":23,"geometry":{"type":"Polygon","coordinates":[[[3877076.6788999997,3662031.9135000035],[3877306.0111000016,3662880.809299998],[3877218.9838000014,3662929.3827000037],[3877063.1442000009,3662975.9321999997],[3876893.1372999996,3663008.3144999966],[3876751.4648999982,3663002.2427999973],[3876618.8596000001,3663017.7053000033],[3876520.4175000004,3663059.1546000019],[3876367.5731999986,3663180.9118999988],[3876149.9644000009,3663349.2996999994],[3876006.1871999986,3663379.0913000032],[3875852.0476999991,3663370.0243000016],[3875580.8968000002,3663284.1960999966],[3875413.2932999991,3662461.9902999997],[3877076.6788999997,3662031.9135000035]]]},"properties":{"OBJECTID":23,"NoteType":0,"Name":"הפארק","Notes":null,"created_user":"LINKERR","created_date":1740488280000,"last_edited_user":"LINKERR","last_edited_date":1740489101000,"Shape_Length":5310.229816123041,"Shape_Area":1619719.7255079844}},{"type":"Feature","id":24,"geometry":{"type":"Polygon","coordinates":[[[3873723.8559999987,3662163.2655000016],[3874184.4164999984,3660452.2672000006],[3874409.8227999993,3660818.4641999975],[3874460.4200999998,3660952.0410000011],[3874484.7067999989,3661069.4267000034],[3874454.3484000005,3661393.2493000031],[3874387.5599999987,3661739.3347000033],[3874330.8909999989,3662117.8022999987],[3873723.8559999987,3662163.2655000016]]]},"properties":{"OBJECTID":24,"NoteType":0,"Name":"אזור תעשייה קריית יהודית","Notes":null,"created_user":"LINKERR","created_date":1740488280000,"last_edited_user":"LINKERR","last_edited_date":1740489101000,"Shape_Length":4133.7556368468413,"Shape_Area":735800.89567037695}},{"type":"Feature","id":25,"geometry":{"type":"Polygon","coordinates":[[[3877352.0157000013,3661937.2405000031],[3877076.6788999997,3662031.9135000035],[3875413.2932999991,3662461.9902999997],[3874491.6717999987,3662694.6191999987],[3874224.8502000012,3662689.6780999973],[3874330.8909999989,3662117.8022999987],[3874387.5599999987,3661739.3347000033],[3874454.3484000005,3661393.2493000031],[3874484.7067999989,3661069.4267000034],[3874460.4200999998,3660952.0410000011],[3874409.8227999993,3660818.4641999975],[3874184.4164999984,3660452.2672000006],[3874194.4134999998,3660418.1511000022],[3874229.6581999995,3660297.9126999974],[3874622.0351999998,3660302.9541999996],[3874883.0350000001,3660302.0882000029],[3875018.177099999,3660306.9992000014],[3875018.2041999996,3660299.3693000004],[3875018.2675999999,3660281.5260000005],[3875317.5280999988,3660285.5538000017],[3875317.3033000007,3660289.2136999965],[3875316.7608000003,3660298.0410000011],[3875315.7208999991,3660314.824000001],[3875537.7569000013,3660308.4606000036],[3875537.8449000008,3660304.5676999986],[3877068.8053000011,3660309.8594999984],[3877090.1537999995,3660311.1062999964],[3877083.5133999996,3660319.1846999973],[3877076.3953999989,3660327.8443000019],[3877060.1039000005,3660347.6644999981],[3877060.1017999984,3660347.6670999974],[3877025.5725000016,3660389.6744000018],[3876987.3528999984,3660416.9553000033],[3876987.3432999998,3660416.9622000009],[3876898.2214000002,3660480.5759999976],[3876910.3625000007,3660557.7656000033],[3876911.1990999989,3660563.0847000033],[3877057.2467,3661018.3769999966],[3877057.2798999995,3661018.4803000018],[3877352.0157000013,3661937.2405000031]]]},"properties":{"OBJECTID":25,"NoteType":0,"Name":"עמק שרה","Notes":null,"created_user":"LINKERR","created_date":1740488280000,"last_edited_user":"LINKERR","last_edited_date":1740489101000,"Shape_Length":10428.157620979917,"Shape_Area":5719584.0509881647}},{"type":"Feature","id":26,"geometry":{"type":"Polygon","coordinates":[[[3873668.4228999987,3663863.2818000019],[3873214.9701000005,3664476.1586000025],[3873201.6609999985,3664463.5672999993],[3873200.8920999989,3664462.8383999988],[3873196.2214000002,3664461.9382999986],[3873195.3773999996,3664462.8178000003],[3873187.8544000015,3664468.6589000002],[3873185.5093999989,3664470.5640999973],[3873183.9048999995,3664471.8145999983],[3873183.1656000018,3664472.3880999982],[3873170.6739000008,3664482.1687999964],[3873107.4127999991,3664516.5720999986],[3873081.9215999991,3664527.9248000011],[3873058.1755000018,3664534.9521000013],[3873046.4781999998,3664538.2903999984],[3873013.9037000015,3664548.8373999968],[3873000.9807999991,3664553.0217999965],[3872984.8867999986,3664557.1406999975],[3872980.1136000007,3664558.4506999999],[3872963.9976999983,3664562.639200002],[3872926.2133000009,3664573.946800001],[3872891.1860000007,3664582.0339000002],[3872880.6039000005,3664584.4768000022],[3872880.2175000012,3664584.5653000027],[3872811.9644999988,3664600.2945000008],[3872764.0047999993,3664611.3470000029],[3872762.8343000002,3664611.6464999989],[3872721.0606000014,3664620.9548000023],[3872651.7787000015,3664637.3198999986],[3872645.6554000005,3664638.7687999979],[3872623.7283999994,3664643.9547000006],[3872618.9488000013,3664645.0861999989],[3872611.8718000017,3664646.8922000006],[3872529.3574000001,3664667.7154000029],[3872521.435800001,3664669.8333000019],[3872483.1231999993,3664680.0790999979],[3872437.9122000001,3664692.1684999987],[3872436.5670000017,3664692.4566999972],[3872417.6330000013,3664696.8823999986],[3872416.4153000005,3664697.1661999971],[3872415.9015999995,3664697.2873999998],[3872410.3233999982,3664698.5922999978],[3872407.9717000015,3664699.1711999997],[3872405.6207999997,3664699.7487000003],[3872337.7274000011,3664717.9891000018],[3872257.7025000006,3664739.4869000018],[3872236.7010999992,3664744.6983999982],[3872211.6671999991,3664750.9118999988],[3872171.6783000007,3664760.8813000023],[3872155.5274999999,3664764.9068000019],[3872140.4629000016,3664768.6635999978],[3872133.1273000017,3664770.4921000004],[3872096.2030000016,3664779.5930000022],[3872081.8568000011,3664782.2335999981],[3872044.2146999985,3664789.1631999984],[3872022.3423999995,3664794.9039999992],[3872020.7985999994,3664795.319600001],[3872013.1187000014,3664771.1829999983],[3871990.6490999982,3664700.4400999993],[3871989.4134999998,3664696.5502000004],[3871981.1986999996,3664671.8329999968],[3871969.6807000004,3664637.1755999997],[3871958.2322999984,3664599.4257000014],[3871956.8707999997,3664594.9230000004],[3871948.6081000008,3664567.7309999987],[3871939.7107999995,3664550.6947000027],[3871938.574000001,3664548.5405000001],[3871930.7985000014,3664540.5139999986],[3871922.9998999983,3664532.4883999974],[3871909.9349999987,3664523.7721000016],[3871889.7760000005,3664515.3325999975],[3871886.7421999983,3664514.0658999979],[3871884.4092000015,3664513.1058000028],[3871882.6242000014,3664512.4412999973],[3871870.3495000005,3664507.6965000033],[3871866.7668000013,3664506.438000001],[3871864.4331,3664505.6187999994],[3871862.0993999988,3664504.8003000021],[3871829.1458999999,3664493.1542000026],[3871799.7906000018,3664481.8158000037],[3871779.9202000014,3664474.1059999987],[3871754.4354000017,3664464.2248999998],[3871723.3321000002,3664452.1649999991],[3871654.6788000017,3664426.1127000004],[3871621.2666000016,3664385.4021999985],[3871569.7300000004,3664328.9231000021],[3871566.8564000018,3664325.7761000022],[3871564.8563000001,3664311.0086999983],[3871565.5258000009,3664264.5591999963],[3871563.2782999985,3664259.2663000003],[3871561.5357000008,3664253.5301000029],[3871554.8931000009,3664160.4354000017],[3871554.7936999984,3664158.9799999967],[3871764.0232999995,3663998.1010999978],[3871765.752799999,3663985.6014999971],[3871766.318,3663981.5304000005],[3871766.7252999991,3663978.5483999997],[3871767.0425000004,3663975.3091999963],[3871740.6607999988,3663913.7858999968],[3871744.3735999987,3663871.752700001],[3871745.9932000004,3663848.3101999983],[3871746.1055999994,3663846.550499998],[3871753.2802000009,3663739.1532000005],[3871754.9646000005,3663714.1145000011],[3871757.1338,3663681.5044],[3871766.8801000006,3663662.5908000022],[3871775.8055999987,3663638.566399999],[3871783.2602999993,3663601.550999999],[3871782.3671999983,3663597.0860000029],[3871783.254900001,3663590.760300003],[3871788.4305000007,3663554.1354999989],[3871789.2752999999,3663553.1300999969],[3871785.6732000001,3663543.0766000003],[3871771.3913999982,3663503.2185999975],[3871767.5075999983,3663492.3527000025],[3871757.5417999998,3663464.557599999],[3871767.3726999983,3663439.0231999978],[3871772.0571000017,3663426.8881999999],[3871788.495000001,3663384.1780000031],[3871788.8614999987,3663383.181599997],[3871832.4968999997,3663368.884300001],[3871848.6634999998,3663363.5219999999],[3871867.1664999984,3663364.0283000022],[3871869.2927000001,3663364.5881000012],[3871869.8506999984,3663361.0380000025],[3871872.5916000009,3663343.5859000012],[3871877.6268999986,3663311.5372999981],[3871876.6715000011,3663309.8981999978],[3871914.5784000009,3663274.8919999972],[3871976.122299999,3663238.2839000002],[3872028.6468000002,3663219.1841000021],[3872067.9076000005,3663211.2258000001],[3872119.3709999993,3663216.0007999986],[3872173.4871999994,3663238.2839000002],[3872401.0936000012,3663323.1721000001],[3872475.9012999982,3663354.4746000022],[3872500.8372000009,3663296.1140000001],[3872506.5155000016,3663285.4698999971],[3872523.2949000001,3663294.1860999987],[3872539.2553999983,3663302.4883000031],[3872556.8555999994,3663311.2092000023],[3872575.2705000006,3663321.1696000025],[3872596.7410000004,3663331.7638000026],[3872614.2916000001,3663339.7506999969],[3872636.8592000008,3663350.0207000002],[3872659.1543999985,3663360.1673000008],[3872697.1081999987,3663371.1714999974],[3872727.6383000016,3663385.2873999998],[3872753.0901000015,3663396.6494000033],[3872760.7787999995,3663400.0820999965],[3872779.8278999999,3663405.8746000007],[3872801.1072999984,3663419.7739000022],[3872834.9747000001,3663438.5715000033],[3872875.3898999989,3663461.0024999976],[3872909.8240999989,3663480.1143999994],[3872940.6726000011,3663497.2555000037],[3872961.3187999986,3663508.7665000036],[3872982.7164000012,3663519.427699998],[3873009.8665000014,3663532.3162999973],[3873030.7906999998,3663540.8461999968],[3873046.8713999987,3663546.0944000036],[3873084.5498999991,3663555.066399999],[3873114.7289000005,3663558.2216000035],[3873130.8222999983,3663558.4224999994],[3873141.6136999987,3663558.3103],[3873140.3665999994,3663560.6064999998],[3873130.1557999998,3663579.2842999995],[3873109.4814999998,3663609.2182999998],[3873098.5874999985,3663622.9033000022],[3873102.8902000003,3663625.2330000028],[3873147.1660000011,3663649.2104000002],[3873160.1545999981,3663656.2342000008],[3873178.695700001,3663666.2823000029],[3873179.7921999991,3663666.7206000015],[3873182.1253999993,3663667.6922999993],[3873184.4589000009,3663668.5826999992],[3873205.2725000009,3663676.9496999979],[3873207.6191999987,3663677.9095999971],[3873209.9506999999,3663678.8694000021],[3873231.2199999988,3663687.3910999969],[3873267.6422999986,3663702.4824000001],[3873268.2237999998,3663702.7237000018],[3873277.9765999988,3663706.7863999978],[3873287.6372000016,3663710.7915000021],[3873289.6090000011,3663711.6090999991],[3873294.0767999999,3663713.4572999999],[3873360.6559999995,3663741.0751999989],[3873394.197900001,3663754.4104000032],[3873396.5326999985,3663755.368900001],[3873398.8662,3663756.2712000012],[3873403.811999999,3663758.2621999979],[3873471.2912999988,3663782.8056999967],[3873503.7146000005,3663795.7717999965],[3873515.0544999987,3663800.2879000008],[3873552.9589999989,3663815.4002000019],[3873566.2023999989,3663820.7313999981],[3873668.4228999987,3663863.2818000019]]]},"properties":{"OBJECTID":26,"NoteType":0,"Name":"העיר העתיקה","Notes":null,"created_user":"LINKERR","created_date":1740488280000,"last_edited_user":"LINKERR","last_edited_date":1740489101000,"Shape_Length":6051.1775578559018,"Shape_Area":2074807.4996385574}},{"type":"Feature","id":27,"geometry":{"type":"Polygon","coordinates":[[[3877306.0111000016,3662880.809299998],[3877528.8920999989,3663369.5790000036],[3877544.7038000003,3663556.1564999968],[3877560.5153999999,3663768.0326000005],[3877500.4310999997,3663973.5841000006],[3877405.5612000003,3664175.9732000008],[3877338.7958999984,3664298.6652000025],[3877418.2105999999,3664330.9274000004],[3877558.877700001,3664404.2358999997],[3877673.2776999995,3664400.9200000018],[3877805.9155000001,3664409.2098999992],[3877917.8286000006,3664376.0503999963],[3877989.9503000006,3664361.9576999992],[3878148.7087999992,3664384.686999999],[3878299.8328999989,3664416.6300000027],[3878365.3509999998,3664443.1081999987],[3878516.3258000016,3664437.360799998],[3878691.4624999985,3664410.7898000032],[3878729.1523999982,3664401.5901999995],[3878760.9860999994,3664400.2269999981],[3878763.4893000014,3664399.317900002],[3878787.6121000014,3664390.5565000027],[3878791.6447999999,3664386.9085000008],[3878816.5489999987,3664423.1108999997],[3878845.6092000008,3664491.3024000004],[3878846.2608999982,3664622.1984999999],[3878848.8964999989,3664759.9500999972],[3878826.1966000013,3664876.4399999976],[3878778.4631999992,3664875.9834000021],[3878689.3658000007,3664875.1305999979],[3878422.0491999984,3664854.235299997],[3878219.8685999997,3664801.815200001],[3878054.1004000008,3664791.5498000011],[3878036.6783000007,3664816.690700002],[3877830.5764999986,3665114.0978000015],[3877671.0670000017,3665185.0623999983],[3877589.3018999994,3665219.7405000031],[3877536.5780000016,3665235.5020999983],[3877493.5540000014,3665246.4111000001],[3877454.9061999992,3665253.6821999997],[3877403.6992999986,3665258.6679000035],[3877359.8707000017,3665264.1032000035],[3877354.1669999994,3665264.4704999998],[3877319.2879999988,3665266.7163000032],[3877237.6292999983,3665278.9409999996],[3877153.1803000011,3665298.1017000005],[3877121.2870999984,3665307.4351999983],[3877123.7723999992,3665340.0174999982],[3877130.2437000014,3665424.8603999987],[3877176.314100001,3665916.3025999963],[3877194.6565000005,3666137.8954000026],[3877197.8335999995,3666176.2775999978],[3877232.6317000017,3666176.5430999994],[3877416.3128000014,3666177.9428000003],[3877633.8751999997,3666179.5974000022],[3877633.883200001,3666183.2022999972],[3877634.6603999995,3666529.1237000003],[3877540.9593999982,3666691.9116000012],[3877533.2457000017,3666699.0498000011],[3877530.5214999989,3666700.0341000035],[3877521.6070000008,3666703.2551999986],[3877509.4615000002,3666701.0916000009],[3877492.5995999984,3666687.238499999],[3877430.2287000008,3666633.9931000024],[3877353.8531999998,3666579.7089999989],[3877283.3823999986,3666531.996299997],[3877222.7630999982,3666490.9531999975],[3877224.6090000011,3666508.3035999984],[3877222.3627999984,3666507.3964999989],[3877221.6572000012,3666498.3153000027],[3877221.4670000002,3666495.8487000018],[3877114.5857999995,3666431.9466999993],[3877085.9589999989,3666416.5939999968],[3877064.0320999995,3666403.376500003],[3877055.3892999999,3666398.5200999975],[3877048.6955000013,3666394.3747000024],[3877034.2338999994,3666385.4350000024],[3876999.5388000011,3666363.8122000024],[3876972.993999999,3666348.0777999982],[3876930.1149000004,3666317.5600000024],[3876895.6688000001,3666284.9109999985],[3876857.3238999993,3666247.6453000009],[3876830.9327999987,3666221.1643999964],[3876782.9015000015,3666172.9544999972],[3876751.8517000005,3666141.7972000018],[3876701.5460000001,3666089.4685000032],[3876693.9301999994,3666081.5615999997],[3876691.682,3666079.2176999971],[3876690.0269999988,3666077.5081999972],[3876640.3169,3666025.7335999981],[3876620.7817000002,3666003.940200001],[3876603.7318999991,3665986.7133999988],[3876551.8139999993,3665924.4307999983],[3876490.6607000008,3665849.2347000018],[3876475.0322999991,3665830.0155000016],[3876471.2430999987,3665834.6871000007],[3876452.4294999987,3665857.8866999969],[3876391.6792000011,3665934.3051000014],[3876314.6119000018,3666028.0561000034],[3876289.7479000017,3666057.7048999965],[3876263.4587000012,3666086.5978000015],[3876244.0951999985,3666106.3536000028],[3876219.8234999999,3666126.2316000015],[3876189.6420999989,3666148.805399999],[3876168.1491999999,3666162.5998999998],[3876163.9182000011,3666166.1784999967],[3876144.9191000015,3666178.9601999968],[3876122.7531000003,3666191.2841000035],[3876119.194600001,3666193.2916999981],[3876117.376600001,3666191.4182000011],[3876115.6099999994,3666195.299999997],[3876043.5306999981,3666235.4227000028],[3875798.2329000011,3666373.183799997],[3875707.7826000005,3666423.9795999974],[3875566.8159999996,3666504.2217999995],[3875512.313000001,3666536.9123999998],[3875443.5592,3666573.4397],[3875390.7771999985,3666604.3034000024],[3875345.9734999985,3666629.9233999997],[3875319.2419999987,3666644.121799998],[3875163.3542999998,3666732.1651000008],[3875158.8704999983,3666734.5675000027],[3875156.9261000007,3666735.6647000015],[3875154.5835999995,3666736.9011000022],[3875140.3570000008,3666744.6371000037],[3875080.0058000013,3666777.3061999977],[3874976.4019999988,3666836.3491000012],[3874974.2467,3666837.5756999999],[3874970.0126000009,3666802.3022999987],[3874940.4186999984,3666622.7520999983],[3874939.5938999988,3666617.7220999971],[3874954.5025000013,3666609.1322999969],[3874975.9638999999,3666594.9632999972],[3874995.8834999986,3666580.1318999976],[3875020.7846999988,3666558.2822000012],[3875039.8836999983,3666537.6462000012],[3875075.7245000005,3666495.493900001],[3875076.6020999998,3666494.4632999972],[3875087.6132000014,3666481.5262999982],[3875131.1834000014,3666428.5081999972],[3875139.1629000008,3666418.7989000008],[3875168.1633000001,3666384.2562000006],[3875170.1578000002,3666381.9144999981],[3875172.1182999983,3666379.5725999996],[3875204.7162000015,3666340.8438000008],[3875207.9019999988,3666337.0584999993],[3875227.3674999997,3666311.6534999982],[3875241.4446999989,3666289.9068000019],[3875251.1788000017,3666270.3872999996],[3875251.7085999995,3666269.3210000023],[3875260.4593000002,3666253.7911000028],[3875326.4930999987,3666122.4244000018],[3875328.738499999,3666117.8768000007],[3875382.6757999994,3666008.6265999973],[3875409.9774000011,3665954.631099999],[3875411.1552999988,3665952.2744999975],[3875412.071800001,3665950.4460000023],[3875487.4811999984,3665801.4993000031],[3875530.5949999988,3665713.9743999988],[3875531.8764999993,3665711.3839000016],[3875522.0625,3665708.0137000009],[3875492.9409000017,3665698.0324999988],[3875442.503899999,3665674.6608000025],[3875387.6114000008,3665649.2172000036],[3875378.511500001,3665645.0040000007],[3875368.5980000012,3665639.4610000029],[3875366.8997000009,3665640.4892999977],[3875364.7536999993,3665639.2248999998],[3875334.3680999987,3665613.5746000037],[3875299.7219999991,3665583.0702999979],[3875278.8447999991,3665565.0276999995],[3875258.4527999982,3665548.5732999966],[3875229.1099999994,3665511.9936000034],[3875208.3103,3665488.6446999982],[3875179.875500001,3665450.1533000022],[3875179.1187999994,3665449.1290000007],[3875165.0533999987,3665428.3395999968],[3875162.3555000015,3665424.3377000019],[3875099.9266999997,3665326.6921000034],[3875063.8289999999,3665241.2365999967],[3875057.3317999989,3665218.069600001],[3875034.5896999985,3665136.9799999967],[3875027.8962999992,3665113.1093000025],[3875009.9261999987,3665050.0672999993],[3874947.4463,3664941.2679999992],[3874945.6229999997,3664938.0907000005],[3874705.9670000002,3664725.8197999969],[3874702.3363000005,3664722.6045000032],[3874671.5370999984,3664695.3324000016],[3874661.2509000003,3664686.5209999979],[3874647.2267000005,3664674.5072999969],[3874645.3275000006,3664672.8791999966],[3874617.2952999994,3664597.6136000007],[3874603.7925000004,3664540.9547000006],[3874601.5958999991,3664531.260300003],[3874600.6059000008,3664526.8879999965],[3874598.4318999983,3664527.2788999975],[3874577.6327,3664534.0266000032],[3874557.9277000017,3664541.3765999973],[3874540.9699000008,3664549.0173999965],[3874512.6160999984,3664566.7392999977],[3874485.4943999983,3664589.9848999977],[3874468.8467999995,3664608.2661999986],[3874467.6279999986,3664609.5428000018],[3874466.3024000004,3664610.9346000031],[3874409.9028999992,3664570.7344999984],[3874286.3273999989,3664453.3762999997],[3874274.1539999992,3664436.7286000028],[3874272.4681000002,3664434.4094000012],[3874255.4015000015,3664403.7468999997],[3874254.2738999985,3664402.1687999964],[3874137.4987999983,3664195.2199999988],[3874048.7938000001,3664065.3794],[3874027.5542000011,3664039.1415000036],[3874015.0496000014,3664023.6894000024],[3874013.9523999989,3664023.3681000024],[3874011.8506999984,3664022.7612999976],[3873933.0813999996,3663963.4466999993],[3873929.9105999991,3663961.0503999963],[3873929.3627000004,3663960.6375999972],[3873905.8158,3663949.0213000029],[3873904.9054999985,3663948.6413000003],[3873903.9259000011,3663948.2854000032],[3873828.6873000003,3663920.1807999983],[3873747.688000001,3663889.0716999993],[3873712.2914000005,3663877.9262000024],[3873676.1473000012,3663866.4971999973],[3873668.4228999987,3663863.2818000019],[3873566.2023999989,3663820.7313999981],[3873552.9589999989,3663815.4002000019],[3873515.0544999987,3663800.2879000008],[3873503.7146000005,3663795.7717999965],[3873471.2912999988,3663782.8056999967],[3873403.811999999,3663758.2621999979],[3873398.8662,3663756.2712000012],[3873396.5326999985,3663755.368900001],[3873394.197900001,3663754.4104000032],[3873360.6559999995,3663741.0751999989],[3873294.0767999999,3663713.4572999999],[3873289.6090000011,3663711.6090999991],[3873287.6372000016,3663710.7915000021],[3873277.9765999988,3663706.7863999978],[3873268.2237999998,3663702.7237000018],[3873267.6422999986,3663702.4824000001],[3873231.2199999988,3663687.3910999969],[3873209.9506999999,3663678.8694000021],[3873207.6191999987,3663677.9095999971],[3873205.2725000009,3663676.9496999979],[3873184.4589000009,3663668.5826999992],[3873182.1253999993,3663667.6922999993],[3873179.7921999991,3663666.7206000015],[3873178.695700001,3663666.2823000029],[3873160.1545999981,3663656.2342000008],[3873147.1660000011,3663649.2104000002],[3873102.8902000003,3663625.2330000028],[3873098.5874999985,3663622.9033000022],[3873109.4814999998,3663609.2182999998],[3873130.1557999998,3663579.2842999995],[3873140.3665999994,3663560.6064999998],[3873141.6136999987,3663558.3103],[3873150.754999999,3663541.6476000026],[3873156.1994000003,3663531.758100003],[3873231.1704999991,3663390.8835000023],[3873243.5007000007,3663367.7047000006],[3873244.2177999988,3663366.6868999973],[3873284.2769000009,3663294.9081000015],[3873313.1187999994,3663245.996100001],[3873313.9182000011,3663244.6145000011],[3873359.9948999994,3663162.9611999989],[3873386.934700001,3663115.943400003],[3873408.3255000003,3663078.6041999981],[3873472.1185000017,3662970.0851000026],[3873490.6006999984,3662938.6765000001],[3873492.3273999989,3662936.0428000018],[3873516.6856000014,3662898.490199998],[3873529.8706,3662874.6115999967],[3873564.0130999982,3662812.7342000008],[3873565.2837999985,3662810.3906999975],[3873590.6926000006,3662766.5868000016],[3873591.6224999987,3662764.9817999974],[3873622.0047000013,3662715.0662999973],[3873637.1295999996,3662687.8131000027],[3873642.8438999988,3662674.6379000023],[3873646.1491999999,3662652.8476999998],[3873649.3634000011,3662585.4333000034],[3873650.1995999999,3662556.6872000024],[3873654.3610000014,3662413.6652000025],[3873656.9679000005,3662353],[3873656.5383000001,3662313.7968000025],[3873656.4937000014,3662309.829400003],[3873656.6462000012,3662306.4721999988],[3873657.1191999987,3662298.5486999974],[3873659.0639000013,3662265.3893000036],[3873659.5073999986,3662258.8633999974],[3873659.6576000005,3662256.5159000009],[3873659.7936999984,3662254.1684999987],[3873662.2622000016,3662218.1466000006],[3873669.6726999991,3662175.7699000016],[3873674.0766999982,3662153.5487999991],[3873674.6840000004,3662150.4759000018],[3873714.1123999991,3662163.2295999974],[3873723.8559999987,3662163.2655000016],[3874330.8909999989,3662117.8022999987],[3874224.8502000012,3662689.6780999973],[3874491.6717999987,3662694.6191999987],[3875413.2932999991,3662461.9902999997],[3875580.8968000002,3663284.1960999966],[3875852.0476999991,3663370.0243000016],[3876006.1871999986,3663379.0913000032],[3876149.9644000009,3663349.2996999994],[3876367.5731999986,3663180.9118999988],[3876520.4175000004,3663059.1546000019],[3876618.8596000001,3663017.7053000033],[3876751.4648999982,3663002.2427999973],[3876893.1372999996,3663008.3144999966],[3877063.1442000009,3662975.9321999997],[3877218.9838000014,3662929.3827000037],[3877306.0111000016,3662880.809299998]]]},"properties":{"OBJECTID":27,"NoteType":0,"Name":"אזור התעשייה","Notes":null,"created_user":"LINKERR","created_date":1740488280000,"last_edited_user":"LINKERR","last_edited_date":1740489101000,"Shape_Length":22134.530391903281,"Shape_Area":11451181.734783037}},{"type":"Feature","id":28,"geometry":{"type":"Polygon","coordinates":[[[3869845.8876000009,3668174.248800002],[3869449.1389000006,3668549.4755999967],[3868655.3940999992,3668979.5525000021],[3868045.0643999986,3667885.3862999976],[3868500.8698999994,3667081.6396000013],[3868708.7631999999,3667255.2172999978],[3868969.4879000001,3667501.063000001],[3869327.1779999994,3667829.4280999973],[3869606.6356000006,3667994.1640999988],[3869772.559799999,3668093.8003000021],[3869841.2820999995,3668168.5798999965],[3869845.8876000009,3668174.248800002]]]},"properties":{"OBJECTID":28,"NoteType":0,"Name":"כלניות","Notes":null,"created_user":"LINKERR","created_date":1740488618000,"last_edited_user":"LINKERR","last_edited_date":1740489101000,"Shape_Length":5367.2722239684899,"Shape_Area":1712061.1002781589}},{"type":"Feature","id":29,"geometry":{"type":"Polygon","coordinates":[[[3873432.5254999995,3670188.3885999992],[3872943.4827999994,3670133.889700003],[3871833.4092999995,3669587.9848000035],[3871491.3717,3669235.8276999965],[3871355.7708999999,3669094.1552999988],[3871163.5012999997,3669077.9641999975],[3870983.375,3669092.1313999966],[3870894.3238000013,3669130.5854000002],[3870499.6649999991,3669108.3225999996],[3870214.2963000014,3669205.4693000019],[3869813.5658,3669326.9028000012],[3869637.4873000011,3669638.5820999965],[3869285.3302000016,3669808.5888999999],[3869129.4906000011,3669764.0632999986],[3868981.7465999983,3669703.3466000035],[3868765.190200001,3669701.3227000013],[3868479.8214999996,3669557.6264000013],[3868237.9664999992,3669422.2787000015],[3867959.681499999,3669286.2985000014],[3867709.8574000001,3669153.4805999994],[3867640.2862000018,3669071.2600999996],[3867760.4547000006,3668960.5785000026],[3867899.5971999988,3668767.6763999984],[3867953.3568000011,3668596.9105999991],[3868165.2329999991,3668498.8783000037],[3868300.1768999994,3668342.7382000014],[3868655.3940999992,3668979.5525000021],[3869449.1389000006,3668549.4755999967],[3869845.8876000009,3668174.248800002],[3869922.9035999998,3668269.3091999963],[3869953.6867000014,3668330.9041000009],[3870197.7445,3668128.9099999964],[3870471.7980999984,3668233.3620000035],[3870580.0018999986,3668222.0450000018],[3870707.6973999999,3668249.5863000005],[3870903.5828999989,3668225.0707999989],[3870963.9930999987,3668227.4787999988],[3871124.7760999985,3668293.7101000026],[3871178.1876000017,3668367.1181000024],[3871282.7850000001,3668383.7939999998],[3871321.5513999984,3668405.6279999986],[3871349.4814999998,3668437.1827000007],[3871390.1220000014,3668531.6761000007],[3871420.2155000009,3668563.2383000031],[3871473.0051000006,3668584.0544999987],[3871516.1620000005,3668586.3853999972],[3871752.6026999988,3668552.6010000035],[3871789.2430000007,3668553.0165000036],[3871782.4217999987,3668561.126199998],[3871781.4796000011,3668581.1622999981],[3871813.5243000016,3668588.7792000026],[3871885.0450000018,3668592.7194999978],[3871981.7375000007,3668606.7339999974],[3872103.5877999999,3668623.3706],[3872210.1088999994,3668659.9685000032],[3872263.7556000017,3668667.5148999989],[3872314.7366000004,3668665.7954000011],[3872640.8874999993,3668538.1900999993],[3872678.2485000007,3668540.5390999988],[3872737.7338999994,3668555.5883999988],[3872798.2276000008,3668563.4496000037],[3872856.0135000013,3668564.185999997],[3872919.3313999996,3668566.3395000026],[3872953.3596000001,3668563.3778000027],[3872980.5566000007,3668564.2836999968],[3873040.0157000013,3668565.2096000016],[3873076.2437000014,3668566.2589000016],[3873116.4847999997,3668573.5402000025],[3873186.0069000013,3668590.0939000025],[3873233.6572000012,3668610.1687999964],[3873259.7338000014,3668578.6928000003],[3873277.6063000001,3668575.4588999972],[3873328.8836000003,3668591.7294000015],[3873375.1180999987,3668608.863499999],[3873411.2375999987,3668627.0816000029],[3873429.9781000018,3668639.3857000023],[3873449.7043000013,3668611.6316],[3873508.0676000006,3668539.0107000023],[3873523.2241999991,3668539.6074000001],[3873649.2751999982,3668577.568599999],[3873550.3167000003,3668737.7075999975],[3873481.6662999988,3668973.4504999965],[3873447.9886999987,3669315.4070999995],[3873458.3509999998,3669645.7062000036],[3873462.2369000018,3669966.9381999969],[3873455.4803000018,3670190.9466999993],[3873432.5254999995,3670188.3885999992]]]},"properties":{"OBJECTID":29,"NoteType":0,"Name":"רקפות","Notes":null,"created_user":"LINKERR","created_date":1740488971000,"last_edited_user":"LINKERR","last_edited_date":1740489101000,"Shape_Length":15763.91371758324,"Shape_Area":5947813.2473402303}}]}