{
"type": "FeatureCollection",
"name": "playgrounds",
"crs": { "type": "name", "properties": { "name": "urn:ogc:def:crs:OGC:1.3:CRS84" } },
"features": [
{ "type": "Feature", "properties": { "combined1": 1, "combined2": 0, "combined3": 0, "SpecialCom": 0, "Swing": 4, "slid": 0, "carrousel": 0, "spring": 2, "omega": 0, "roserose": 1, "other": null, "shadowing": "××©", "surface": "××©× ×¡×× ×××", "Name": "×¤××¨×§ ××××× ×©××××" }, "geometry": { "type": "Point", "coordinates": [ 34.793451090415658, 31.252543592204606 ] } },
{ "type": "Feature", "properties": { "combined1": 0, "combined2": 0, "combined3": 0, "SpecialCom": 1, "Swing": 4, "slid": 3, "carrousel": 1, "spring": 0, "omega": 0, "roserose": 0, "other": "××ª×§× ×××¤××¡ ×¤×¨×××, ××ª×§× ××××× ×¤×¨×¤×¨××", "shadowing": "××©", "surface": "××©× ×¡×× ×××", "Name": "××××× ××©×¨××" }, "geometry": { "type": "Point", "coordinates": [ 34.77602744187093, 31.254034909956655 ] } },
{ "type": "Feature", "properties": { "combined1": 1, "combined2": 0, "combined3": 0, "SpecialCom": 0, "Swing": 0, "slid": 1, "carrousel": 0, "spring": 1, "omega": 0, "roserose": 0, "other": "×××§×¡ ×¢××××", "shadowing": "××", "surface": "××©× ×¡×× ×××", "Name": "×§×××©× ××××" }, "geometry": { "type": "Point", "coordinates": [ 34.780868633393943, 31.253072643749164 ] } },
{ "type": "Feature", "properties": { "combined1": 0, "combined2": 1, "combined3": 0, "SpecialCom": 0, "Swing": 0, "slid": 0, "carrousel": 0, "spring": 1, "omega": 0, "roserose": 0, "other": null, "shadowing": "××", "surface": "××©×× ×××", "Name": "××¨×× ××§×¡××× - ×¡××¤×¨ ×¤××¨×" }, "geometry": { "type": "Point", "coordinates": [ 34.784828872442183, 31.251519691247204 ] } },
{ "type": "Feature", "properties": { "combined1": 1, "combined2": 0, "combined3": 0, "SpecialCom": 0, "Swing": 5, "slid": 0, "carrousel": 0, "spring": 1, "omega": 0, "roserose": 0, "other": "×××§×¡ ×¢××××", "shadowing": "××©", "surface": "××©× ×¡×× ×××", "Name": "××¨×× ××§×¡××× 14" }, "geometry": { "type": "Point", "coordinates": [ 34.783029170271227, 31.250325363246777 ] } },
{ "type": "Feature", "properties": { "combined1": 0, "combined2": 1, "combined3": 0, "SpecialCom": 0, "Swing": 1, "slid": 2, "carrousel": 0, "spring": 2, "omega": 0, "roserose": 0, "other": "× ×× ×× ×§× ××¦××¤××¨", "shadowing": "××©", "surface": "××©× ×¡×× ×××", "Name": "×××××" }, "geometry": { "type": "Point", "coordinates": [ 34.782076491894834, 31.249352755132403 ] } },
{ "type": "Feature", "properties": { "combined1": 0, "combined2": 1, "combined3": 1, "SpecialCom": 0, "Swing": 6, "slid": 7, "carrousel": 1, "spring": 1, "omega": 0, "roserose": 1, "other": "× ×× ×××ª-2 ×§× ××¦××¤××¨, 2 ××××¨××,2 ×¤×¢××××ª. ×§×¨××¡×× ×¡××××× ××¢××", "shadowing": "××©", "surface": "××©× ×¡×× ×××", "Name": "×©××× ××××¦××¨×" }, "geometry": { "type": "Point", "coordinates": [ 34.763719544348284, 31.244078823006138 ] } },
{ "type": "Feature", "properties": { "combined1": 1, "combined2": 0, "combined3": 0, "SpecialCom": 0, "Swing": 0, "slid": 1, "carrousel": 0, "spring": 0, "omega": 0, "roserose": 0, "other": null, "shadowing": "××", "surface": "××©×× ×××", "Name": "×¢×××ª" }, "geometry": { "type": "Point", "coordinates": [ 34.767276684823472, 31.245201843715183 ] } },
{ "type": "Feature", "properties": { "combined1": 0, "combined2": 0, "combined3": 1, "SpecialCom": 0, "Swing": 4, "slid": 3, "carrousel": 0, "spring": 0, "omega": 0, "roserose": 0, "other": "× ×× ×××ª- 1 ×§× ××¦××¤××¨, 1 ×¤×¢××××ª, 2 ××××¨××", "shadowing": "××©", "surface": "××©× ×¡×× ×××", "Name": "×××× ×× - ×§××¤×" }, "geometry": { "type": "Point", "coordinates": [ 34.76153324398306, 31.252812815066051 ] } },
{ "type": "Feature", "properties": { "combined1": 0, "combined2": 1, "combined3": 0, "SpecialCom": 0, "Swing": 0, "slid": 3, "carrousel": 0, "spring": 0, "omega": 0, "roserose": 0, "other": null, "shadowing": "××", "surface": "××©× ×¡×× ×××", "Name": "×©×××¨××" }, "geometry": { "type": "Point", "coordinates": [ 34.766351165747942, 31.246649008368379 ] } },
{ "type": "Feature", "properties": { "combined1": 1, "combined2": 0, "combined3": 0, "SpecialCom": 0, "Swing": 0, "slid": 0, "carrousel": 0, "spring": 1, "omega": 0, "roserose": 0, "other": null, "shadowing": "××©", "surface": "××©× ×¡×× ×××", "Name": "×©××× ×× ×" }, "geometry": { "type": "Point", "coordinates": [ 34.78544548374478, 31.234996419137925 ] } },
{ "type": "Feature", "properties": { "combined1": 1, "combined2": 0, "combined3": 0, "SpecialCom": 0, "Swing": 12, "slid": 0, "carrousel": 0, "spring": 2, "omega": 0, "roserose": 0, "other": "×××××¨ ×× ×× ××ª ×¡××¨×", "shadowing": "××", "surface": "××©×× ××××", "Name": "×××××× - ×©××××" }, "geometry": { "type": "Point", "coordinates": [ 34.781958860254989, 31.236967759483949 ] } },
{ "type": "Feature", "properties": { "combined1": 0, "combined2": 0, "combined3": 0, "SpecialCom": 0, "Swing": 1, "slid": 0, "carrousel": 0, "spring": 0, "omega": 0, "roserose": 0, "other": null, "shadowing": "××©", "surface": "××©× ×¡×× ×××", "Name": "×¨××\"× 52" }, "geometry": { "type": "Point", "coordinates": [ 34.788040445664144, 31.244598572661477 ] } },
{ "type": "Feature", "properties": { "combined1": 1, "combined2": 0, "combined3": 0, "SpecialCom": 0, "Swing": 1, "slid": 0, "carrousel": 1, "spring": 0, "omega": 0, "roserose": 0, "other": null, "shadowing": "××©", "surface": "××©× ×¡×× ×××", "Name": "××¨×××××ª ×××× ×" }, "geometry": { "type": "Point", "coordinates": [ 34.785341721043622, 31.237405960143452 ] } },
{ "type": "Feature", "properties": { "combined1": 0, "combined2": 0, "combined3": 0, "SpecialCom": 0, "Swing": 1, "slid": 0, "carrousel": 0, "spring": 1, "omega": 0, "roserose": 0, "other": "1- ××ª×§× ××§×¡××¨××\n\n", "shadowing": "××©", "surface": "××©× ×¡×× ×××", "Name": "××¨××¨ 29" }, "geometry": { "type": "Point", "coordinates": [ 34.769344595513829, 31.227762470151141 ] } },
{ "type": "Feature", "properties": { "combined1": 0, "combined2": 0, "combined3": 0, "SpecialCom": 0, "Swing": 1, "slid": 0, "carrousel": 0, "spring": 3, "omega": 0, "roserose": 1, "other": "1-××ª×§× ××§×¡××¨××", "shadowing": "××©", "surface": "××©× ×¡×× ×××", "Name": "××¨××¨ 17" }, "geometry": { "type": "Point", "coordinates": [ 34.769604536947817, 31.229093836226081 ] } },
{ "type": "Feature", "properties": { "combined1": 1, "combined2": 0, "combined3": 0, "SpecialCom": 0, "Swing": 1, "slid": 0, "carrousel": 0, "spring": 1, "omega": 0, "roserose": 0, "other": null, "shadowing": "××©", "surface": "××©× ×¡×× ×××", "Name": "××¡××× 706" }, "geometry": { "type": "Point", "coordinates": [ 34.768071919544148, 31.230282039875231 ] } },
{ "type": "Feature", "properties": { "combined1": 0, "combined2": 1, "combined3": 0, "SpecialCom": 0, "Swing": 0, "slid": 1, "carrousel": 1, "spring": 2, "omega": 0, "roserose": 0, "other": null, "shadowing": "××", "surface": "××©× ×¡×× ×××", "Name": "××¦×××ª ×××¨××¤×" }, "geometry": { "type": "Point", "coordinates": [ 34.78418586960597, 31.251659198122844 ] } },
{ "type": "Feature", "properties": { "combined1": 0, "combined2": 1, "combined3": 0, "SpecialCom": 0, "Swing": 0, "slid": 0, "carrousel": 0, "spring": 3, "omega": 0, "roserose": 0, "other": null, "shadowing": "××©", "surface": "××©×", "Name": "×§×¨× × ××¨" }, "geometry": { "type": "Point", "coordinates": [ 34.825873378555251, 31.27269401686625 ] } },
{ "type": "Feature", "properties": { "combined1": 1, "combined2": 0, "combined3": 0, "SpecialCom": 0, "Swing": 0, "slid": 0, "carrousel": 0, "spring": 0, "omega": 0, "roserose": 1, "other": null, "shadowing": "××", "surface": "××©×", "Name": "××©×¨×× ××××× 27" }, "geometry": { "type": "Point", "coordinates": [ 34.803901116537531, 31.284582013794061 ] } },
{ "type": "Feature", "properties": { "combined1": 3, "combined2": 0, "combined3": 0, "SpecialCom": 0, "Swing": 0, "slid": 0, "carrousel": 0, "spring": 0, "omega": 0, "roserose": 3, "other": "5\n3-××¤××¤××ª ×××\n3-×©×××× ××©×§×\n2-××ª×§× ×××¤××¡\n2-××¦×××ª ×××©×¨\n1-×¡×××", "shadowing": "××", "surface": "××©×× ××××", "Name": "×××× × ×××¨" }, "geometry": { "type": "Point", "coordinates": [ 34.825024567666134, 31.272668472041417 ] } },
{ "type": "Feature", "properties": { "combined1": 0, "combined2": 1, "combined3": 0, "SpecialCom": 0, "Swing": 0, "slid": 2, "carrousel": 0, "spring": 1, "omega": 0, "roserose": 0, "other": "×××ª ×××××ª", "shadowing": "××", "surface": "××©× ×¡×× ×××", "Name": "××¨×× ××¡××¨× ××¢×××" }, "geometry": { "type": "Point", "coordinates": [ 34.779905268948482, 31.251485530294897 ] } },
{ "type": "Feature", "properties": { "combined1": 1, "combined2": 0, "combined3": 0, "SpecialCom": 0, "Swing": 0, "slid": 0, "carrousel": 0, "spring": 0, "omega": 0, "roserose": 0, "other": null, "shadowing": "××", "surface": "××©×", "Name": "×¢××× × ×¨×§××¡" }, "geometry": { "type": "Point", "coordinates": [ 34.80457063023696, 31.282984230172545 ] } },
{ "type": "Feature", "properties": { "combined1": 0, "combined2": 0, "combined3": 1, "SpecialCom": 0, "Swing": 0, "slid": 0, "carrousel": 0, "spring": 0, "omega": 0, "roserose": 1, "other": "1-×××§×¡ ×××§×¡", "shadowing": "××", "surface": "××©×", "Name": "××©× ×¤×¨×××¡" }, "geometry": { "type": "Point", "coordinates": [ 34.800354841403845, 31.27969046453455 ] } },
{ "type": "Feature", "properties": { "combined1": 1, "combined2": 1, "combined3": 1, "SpecialCom": 0, "Swing": 6, "slid": 0, "carrousel": 1, "spring": 2, "omega": 0, "roserose": 0, "other": null, "shadowing": "××", "surface": "××©×× ×××", "Name": "×××××ª ×¢×××¦××¨" }, "geometry": { "type": "Point", "coordinates": [ 34.796652296931903, 31.281004688736346 ] } },
{ "type": "Feature", "properties": { "combined1": 2, "combined2": 0, "combined3": 0, "SpecialCom": 0, "Swing": 0, "slid": 0, "carrousel": 1, "spring": 1, "omega": 0, "roserose": 0, "other": null, "shadowing": "××", "surface": "××©×", "Name": "××××¢× -×××¨×× ××©××¤×" }, "geometry": { "type": "Point", "coordinates": [ 34.810874080864757, 31.269115474269896 ] } },
{ "type": "Feature", "properties": { "combined1": 0, "combined2": 1, "combined3": 0, "SpecialCom": 0, "Swing": 0, "slid": 0, "carrousel": 0, "spring": 1, "omega": 0, "roserose": 0, "other": "1\n×××§×¡ ××¤×¡", "shadowing": "××", "surface": "××©×× ××××", "Name": "×§××× ×¤××¨×" }, "geometry": { "type": "Point", "coordinates": [ 34.804747445708387, 31.285957472395648 ] } },
{ "type": "Feature", "properties": { "combined1": 0, "combined2": 1, "combined3": 0, "SpecialCom": 0, "Swing": 2, "slid": 0, "carrousel": 0, "spring": 0, "omega": 0, "roserose": 1, "other": null, "shadowing": "××©", "surface": "××©×", "Name": "×× ××¨× ×¢" }, "geometry": { "type": "Point", "coordinates": [ 34.802435677583787, 31.285859973888083 ] } },
{ "type": "Feature", "properties": { "combined1": 1, "combined2": 0, "combined3": 0, "SpecialCom": 0, "Swing": 1, "slid": 0, "carrousel": 0, "spring": 1, "omega": 0, "roserose": 0, "other": "1\n×¦××¢××", "shadowing": "××", "surface": "××©×", "Name": "×©××× ×× ×××¡×£" }, "geometry": { "type": "Point", "coordinates": [ 34.813610435803753, 31.270369692140108 ] } },
{ "type": "Feature", "properties": { "combined1": 1, "combined2": 0, "combined3": 0, "SpecialCom": 0, "Swing": 0, "slid": 0, "carrousel": 0, "spring": 3, "omega": 0, "roserose": 0, "other": null, "shadowing": "××", "surface": "××©×", "Name": "××¨× -××××©×¨" }, "geometry": { "type": "Point", "coordinates": [ 34.816303074837613, 31.273300937083789 ] } },
{ "type": "Feature", "properties": { "combined1": 0, "combined2": 0, "combined3": 1, "SpecialCom": 0, "Swing": 3, "slid": 0, "carrousel": 0, "spring": 0, "omega": 0, "roserose": 0, "other": "1-××××× ××¢× 6 ××××××", "shadowing": "××", "surface": "××©×", "Name": "××¢×§× ××× ××××××" }, "geometry": { "type": "Point", "coordinates": [ 34.819138840857143, 31.276174603494823 ] } },
{ "type": "Feature", "properties": { "combined1": 0, "combined2": 0, "combined3": 1, "SpecialCom": 0, "Swing": 0, "slid": 0, "carrousel": 0, "spring": 1, "omega": 0, "roserose": 0, "other": null, "shadowing": "××©", "surface": "××©×", "Name": "××× ×¤××§×¨× 47" }, "geometry": { "type": "Point", "coordinates": [ 34.80202331788319, 31.278446485099231 ] } },
{ "type": "Feature", "properties": { "combined1": 1, "combined2": 0, "combined3": 0, "SpecialCom": 0, "Swing": 0, "slid": 0, "carrousel": 0, "spring": 1, "omega": 0, "roserose": 0, "other": null, "shadowing": "××©", "surface": "××©×", "Name": "×¦×× ×¨×" }, "geometry": { "type": "Point", "coordinates": [ 34.817619833250554, 31.273475389167661 ] } },
{ "type": "Feature", "properties": { "combined1": 1, "combined2": 0, "combined3": 0, "SpecialCom": 0, "Swing": 0, "slid": 0, "carrousel": 0, "spring": 3, "omega": 0, "roserose": 0, "other": "\n", "shadowing": "××©", "surface": "××©×", "Name": "××××× ×©×××" }, "geometry": { "type": "Point", "coordinates": [ 34.824048301837344, 31.276707498224727 ] } },
{ "type": "Feature", "properties": { "combined1": 0, "combined2": 1, "combined3": 0, "SpecialCom": 0, "Swing": 0, "slid": 0, "carrousel": 0, "spring": 1, "omega": 0, "roserose": 0, "other": null, "shadowing": "××", "surface": "××©×", "Name": "×¤××××¨×" }, "geometry": { "type": "Point", "coordinates": [ 34.825609476070596, 31.275039964857086 ] } },
{ "type": "Feature", "properties": { "combined1": 1, "combined2": 0, "combined3": 0, "SpecialCom": 0, "Swing": 4, "slid": 0, "carrousel": 0, "spring": 4, "omega": 0, "roserose": 0, "other": "2\n××ª×\n×× ×¨×¥", "shadowing": "××©", "surface": "××©×", "Name": "×××¨×× ××××¨ ××× ××¢×× ×××××" }, "geometry": { "type": "Point", "coordinates": [ 34.822847106839539, 31.276807204972254 ] } },
{ "type": "Feature", "properties": { "combined1": 1, "combined2": 0, "combined3": 0, "SpecialCom": 0, "Swing": 0, "slid": 0, "carrousel": 0, "spring": 4, "omega": 0, "roserose": 0, "other": "2\n××× ××× \n×× ×¨×¥", "shadowing": "××©", "surface": "××©×", "Name": "××× ×××× ×××¨" }, "geometry": { "type": "Point", "coordinates": [ 34.823592636303083, 31.274157056767635 ] } },
{ "type": "Feature", "properties": { "combined1": 1, "combined2": 0, "combined3": 0, "SpecialCom": 0, "Swing": 0, "slid": 0, "carrousel": 0, "spring": 1, "omega": 0, "roserose": 0, "other": null, "shadowing": "××", "surface": "××©×", "Name": "×××× × ×××¨ -×§×¨× × ××¨" }, "geometry": { "type": "Point", "coordinates": [ 34.824383608859442, 31.272936707256754 ] } },
{ "type": "Feature", "properties": { "combined1": 2, "combined2": 0, "combined3": 0, "SpecialCom": 0, "Swing": 1, "slid": 0, "carrousel": 1, "spring": 0, "omega": 0, "roserose": 0, "other": null, "shadowing": "××©", "surface": "××©×", "Name": "×¤××¨×§ ××××¡" }, "geometry": { "type": "Point", "coordinates": [ 34.803617783462471, 31.272518240939437 ] } },
{ "type": "Feature", "properties": { "combined1": 0, "combined2": 2, "combined3": 0, "SpecialCom": 0, "Swing": 0, "slid": 0, "carrousel": 0, "spring": 0, "omega": 0, "roserose": 0, "other": null, "shadowing": "××", "surface": "××©×", "Name": "××××× 30" }, "geometry": { "type": "Point", "coordinates": [ 34.804333559107583, 31.285743844454679 ] } },
{ "type": "Feature", "properties": { "combined1": 0, "combined2": 0, "combined3": 1, "SpecialCom": 0, "Swing": 3, "slid": 2, "carrousel": 0, "spring": 0, "omega": 0, "roserose": 0, "other": "× ×× ××ª 2 ×××©×× ××××¨×× ××§× ××¦××¤××¨", "shadowing": "××©", "surface": "××©× ×¡×× ×××", "Name": "×× ××¨×××" }, "geometry": { "type": "Point", "coordinates": [ 34.782187285729378, 31.246920111002979 ] } },
{ "type": "Feature", "properties": { "combined1": 1, "combined2": 0, "combined3": 0, "SpecialCom": 0, "Swing": 1, "slid": 0, "carrousel": 0, "spring": 0, "omega": 0, "roserose": 0, "other": null, "shadowing": "××©", "surface": "××©× ×¡×× ×××", "Name": "××¤×¨×× ××§××" }, "geometry": { "type": "Point", "coordinates": [ 34.783252048689356, 31.239955664541778 ] } },
{ "type": "Feature", "properties": { "combined1": 6, "combined2": 0, "combined3": 0, "SpecialCom": 1, "Swing": 3, "slid": 0, "carrousel": 2, "spring": 5, "omega": 0, "roserose": 3, "other": "4 ×××¤× ××× ×××§××¨×× ×××", "shadowing": "××©", "surface": "××©× ×¡×× ×××", "Name": "×¨××\"× ×¤××× ×¢×¦××××ª" }, "geometry": { "type": "Point", "coordinates": [ 34.782756993443115, 31.244305492571904 ] } },
{ "type": "Feature", "properties": { "combined1": 1, "combined2": 0, "combined3": 0, "SpecialCom": 0, "Swing": 0, "slid": 0, "carrousel": 0, "spring": 1, "omega": 0, "roserose": 0, "other": null, "shadowing": "××", "surface": "××©×× ××××", "Name": "×¡×¨× ×× ×××××¨× ×××ª 9" }, "geometry": { "type": "Point", "coordinates": [ 34.778355225869987, 31.235409992957639 ] } },
{ "type": "Feature", "properties": { "combined1": 0, "combined2": 2, "combined3": 0, "SpecialCom": 0, "Swing": 0, "slid": 0, "carrousel": 0, "spring": 0, "omega": 0, "roserose": 0, "other": null, "shadowing": "××", "surface": "××©×× ×××", "Name": "×¤××¨×§ ×××©×¨" }, "geometry": { "type": "Point", "coordinates": [ 34.777597891406039, 31.235533954975384 ] } },
{ "type": "Feature", "properties": { "combined1": 1, "combined2": 0, "combined3": 0, "SpecialCom": 0, "Swing": 0, "slid": 0, "carrousel": 0, "spring": 0, "omega": 0, "roserose": 0, "other": null, "shadowing": "××", "surface": "××©×× ××××", "Name": "×× ×¨×× ×× 9" }, "geometry": { "type": "Point", "coordinates": [ 34.771893257763502, 31.24058103107723 ] } },
{ "type": "Feature", "properties": { "combined1": 0, "combined2": 1, "combined3": 0, "SpecialCom": 0, "Swing": 2, "slid": 0, "carrousel": 0, "spring": 3, "omega": 0, "roserose": 0, "other": null, "shadowing": "××", "surface": "××©×× ××××", "Name": "×.× ×¤×¨×¥" }, "geometry": { "type": "Point", "coordinates": [ 34.78001937985227, 31.240493901365475 ] } },
{ "type": "Feature", "properties": { "combined1": 0, "combined2": 0, "combined3": 0, "SpecialCom": 0, "Swing": 0, "slid": 0, "carrousel": 0, "spring": 1, "omega": 0, "roserose": 1, "other": null, "shadowing": "××", "surface": "××©×× ×××", "Name": "×××××××¨ ×××××¨×" }, "geometry": { "type": "Point", "coordinates": [ 34.774031961447399, 31.241263322737947 ] } },
{ "type": "Feature", "properties": { "combined1": 1, "combined2": 1, "combined3": 0, "SpecialCom": 0, "Swing": 0, "slid": 0, "carrousel": 0, "spring": 0, "omega": 0, "roserose": 0, "other": null, "shadowing": "××", "surface": "××©×× ×××", "Name": "×¤×××¨××¨× 29" }, "geometry": { "type": "Point", "coordinates": [ 34.773213051819461, 31.235537659101794 ] } },
{ "type": "Feature", "properties": { "combined1": 1, "combined2": 0, "combined3": 0, "SpecialCom": 0, "Swing": 0, "slid": 0, "carrousel": 0, "spring": 0, "omega": 0, "roserose": 1, "other": "1\n×××§×¡ ×¢××××", "shadowing": "××", "surface": "××©×× ×××", "Name": "×©××¤×× ××¨×©××" }, "geometry": { "type": "Point", "coordinates": [ 34.775321046748267, 31.238420400978423 ] } },
{ "type": "Feature", "properties": { "combined1": 0, "combined2": 2, "combined3": 0, "SpecialCom": 0, "Swing": 0, "slid": 0, "carrousel": 0, "spring": 0, "omega": 0, "roserose": 0, "other": null, "shadowing": "××", "surface": "××©×× ×××", "Name": "×©××¨' ×××××¨ 2" }, "geometry": { "type": "Point", "coordinates": [ 34.768261965065754, 31.236525718254661 ] } },
{ "type": "Feature", "properties": { "combined1": 1, "combined2": 0, "combined3": 0, "SpecialCom": 0, "Swing": 2, "slid": 0, "carrousel": 0, "spring": 0, "omega": 0, "roserose": 0, "other": null, "shadowing": "××", "surface": "××©×× ×××", "Name": "×¤×××¨××¨× 21" }, "geometry": { "type": "Point", "coordinates": [ 34.775049356773479, 31.235187993329781 ] } },
{ "type": "Feature", "properties": { "combined1": 0, "combined2": 2, "combined3": 0, "SpecialCom": 0, "Swing": 2, "slid": 0, "carrousel": 0, "spring": 2, "omega": 0, "roserose": 1, "other": null, "shadowing": "××", "surface": "××©×× ×××", "Name": "×¤×××× - ×©××¤××" }, "geometry": { "type": "Point", "coordinates": [ 34.774995409008284, 31.237371776916358 ] } },
{ "type": "Feature", "properties": { "combined1": 1, "combined2": 0, "combined3": 0, "SpecialCom": 0, "Swing": 0, "slid": 0, "carrousel": 0, "spring": 1, "omega": 0, "roserose": 0, "other": null, "shadowing": "××", "surface": "××©×× ××××", "Name": "×'× ×××× - ××©××" }, "geometry": { "type": "Point", "coordinates": [ 34.775992489843105, 31.242126240328425 ] } },
{ "type": "Feature", "properties": { "combined1": 2, "combined2": 0, "combined3": 0, "SpecialCom": 0, "Swing": 2, "slid": 0, "carrousel": 1, "spring": 1, "omega": 0, "roserose": 1, "other": null, "shadowing": "××", "surface": "××©×× ××××", "Name": "×§××¤× ××¡" }, "geometry": { "type": "Point", "coordinates": [ 34.780698952247285, 31.237830201520623 ] } },
{ "type": "Feature", "properties": { "combined1": 1, "combined2": 0, "combined3": 0, "SpecialCom": 0, "Swing": 0, "slid": 0, "carrousel": 0, "spring": 1, "omega": 0, "roserose": 2, "other": null, "shadowing": "××©", "surface": "××©× ×¡×× ×××", "Name": "×× ×§××¨ ×¤×× ×ª ××" }, "geometry": { "type": "Point", "coordinates": [ 34.771526346863247, 31.230948855517138 ] } },
{ "type": "Feature", "properties": { "combined1": 0, "combined2": 0, "combined3": 0, "SpecialCom": 0, "Swing": 2, "slid": 0, "carrousel": 0, "spring": 1, "omega": 0, "roserose": 0, "other": "2\n×¡×§××× ××××§× \n××©×× ××¨×××", "shadowing": "××©", "surface": "××©× ×¡×× ×××", "Name": "××¡××× 35 708" }, "geometry": { "type": "Point", "coordinates": [ 34.767219759986986, 31.227693684544267 ] } },
{ "type": "Feature", "properties": { "combined1": 0, "combined2": 1, "combined3": 0, "SpecialCom": 0, "Swing": 4, "slid": 2, "carrousel": 0, "spring": 1, "omega": 0, "roserose": 0, "other": "× ×¢× ××¢ ×§×¤××¥  × 3 ××©×ª××©××", "shadowing": "××©", "surface": "××©× ×¡×× ×××", "Name": "×§×¤×¨××¡××" }, "geometry": { "type": "Point", "coordinates": [ 34.780518389360694, 31.254159585505001 ] } },
{ "type": "Feature", "properties": { "combined1": 0, "combined2": 0, "combined3": 1, "SpecialCom": 0, "Swing": 0, "slid": 0, "carrousel": 1, "spring": 1, "omega": 0, "roserose": 0, "other": null, "shadowing": "××", "surface": "××©×× ×××", "Name": "×××¨××ª ××©×¨×× 60" }, "geometry": { "type": "Point", "coordinates": [ 34.763447206814639, 31.236475809454145 ] } },
{ "type": "Feature", "properties": { "combined1": 0, "combined2": 0, "combined3": 0, "SpecialCom": 0, "Swing": 0, "slid": 0, "carrousel": 0, "spring": 0, "omega": 0, "roserose": 0, "other": "5\n××¤××¤××ª\n2*××ª×\n××§×××××ª \n×××¢××ª", "shadowing": "××", "surface": "××©×× ××××", "Name": "×××¨××ª ××©×¨×× 6" }, "geometry": { "type": "Point", "coordinates": [ 34.763893782875805, 31.237177067688208 ] } },
{ "type": "Feature", "properties": { "combined1": 0, "combined2": 1, "combined3": 0, "SpecialCom": 0, "Swing": 3, "slid": 0, "carrousel": 0, "spring": 6, "omega": 0, "roserose": 1, "other": "1-× ×× ××ª ×¡××¨×", "shadowing": "××", "surface": "××©×× ×××", "Name": "×¤××¨×§ ×× ××¨××" }, "geometry": { "type": "Point", "coordinates": [ 34.764097965035155, 31.237763602028814 ] } },
{ "type": "Feature", "properties": { "combined1": 1, "combined2": 0, "combined3": 1, "SpecialCom": 0, "Swing": 2, "slid": 0, "carrousel": 0, "spring": 1, "omega": 0, "roserose": 1, "other": "1\n×¡×××××\n\n*××© ×× ×××§ ×¢× ×××!", "shadowing": "××", "surface": "××©×× ××××", "Name": "×¤××¨×§ ××××¡×¨××¨\n×× ×¨×× ×× 39" }, "geometry": { "type": "Point", "coordinates": [ 34.770523201594614, 31.239420771223138 ] } },
{ "type": "Feature", "properties": { "combined1": 1, "combined2": 0, "combined3": 0, "SpecialCom": 0, "Swing": 0, "slid": 0, "carrousel": 0, "spring": 0, "omega": 0, "roserose": 0, "other": "3\n3- ×¤××¨×××ª", "shadowing": "××©", "surface": "××©×× ××××", "Name": "×××¢×× ××××× ×¨" }, "geometry": { "type": "Point", "coordinates": [ 34.805190489638925, 31.285925603951259 ] } },
{ "type": "Feature", "properties": { "combined1": 1, "combined2": 0, "combined3": 0, "SpecialCom": 0, "Swing": 0, "slid": 0, "carrousel": 0, "spring": 4, "omega": 0, "roserose": 0, "other": "2\n×× ×¨×¥\n××× ××", "shadowing": "××©", "surface": "××©×", "Name": "×××¨×× ××××¨ 4" }, "geometry": { "type": "Point", "coordinates": [ 34.822559226290259, 31.27597249132954 ] } },
{ "type": "Feature", "properties": { "combined1": 0, "combined2": 1, "combined3": 0, "SpecialCom": 0, "Swing": 0, "slid": 0, "carrousel": 0, "spring": 2, "omega": 0, "roserose": 0, "other": null, "shadowing": "××©", "surface": "××©×× ××××", "Name": "××¨××¡×× - ×¨××× ××××" }, "geometry": { "type": "Point", "coordinates": [ 34.766821638584027, 31.237044859948394 ] } },
{ "type": "Feature", "properties": { "combined1": 1, "combined2": 0, "combined3": 0, "SpecialCom": 0, "Swing": 1, "slid": 1, "carrousel": 0, "spring": 0, "omega": 0, "roserose": 1, "other": null, "shadowing": null, "surface": "××©×× ××××", "Name": "××××× ×©××× ×" }, "geometry": { "type": "Point", "coordinates": [ 34.778033974462915, 31.239090692251764 ] } },
{ "type": "Feature", "properties": { "combined1": 1, "combined2": 0, "combined3": 0, "SpecialCom": 0, "Swing": 0, "slid": 0, "carrousel": 0, "spring": 0, "omega": 0, "roserose": 0, "other": null, "shadowing": "××", "surface": "××©×× ×××", "Name": "×××¦×¢ ××¡×£" }, "geometry": { "type": "Point", "coordinates": [ 34.780740348906107, 31.23732893961034 ] } },
{ "type": "Feature", "properties": { "combined1": 0, "combined2": 1, "combined3": 0, "SpecialCom": 0, "Swing": 0, "slid": 0, "carrousel": 0, "spring": 3, "omega": 0, "roserose": 0, "other": null, "shadowing": "××", "surface": "××©×× ××××", "Name": "×× ××¨××× 6" }, "geometry": { "type": "Point", "coordinates": [ 34.765541013305615, 31.235039640713918 ] } },
{ "type": "Feature", "properties": { "combined1": 0, "combined2": 1, "combined3": 0, "SpecialCom": 0, "Swing": 2, "slid": 0, "carrousel": 0, "spring": 3, "omega": 0, "roserose": 0, "other": null, "shadowing": "××", "surface": "××©×× ×××", "Name": "××¨ × ××¡×" }, "geometry": { "type": "Point", "coordinates": [ 34.764787128724741, 31.239615936225398 ] } },
{ "type": "Feature", "properties": { "combined1": 0, "combined2": 0, "combined3": 1, "SpecialCom": 0, "Swing": 2, "slid": 0, "carrousel": 0, "spring": 1, "omega": 0, "roserose": 0, "other": "2\n* ××××¨ ×¤××¡×××§ ×¢× ×¦× ×¤×ª×× cozy cocoon\n* ××ª×§× ×××¤××¡ ××ª××¨× \n", "shadowing": "××", "surface": "××©×× ××××", "Name": "×××××§××" }, "geometry": { "type": "Point", "coordinates": [ 34.76728470932688, 31.239963068325736 ] } },
{ "type": "Feature", "properties": { "combined1": 1, "combined2": 0, "combined3": 0, "SpecialCom": 0, "Swing": 0, "slid": 0, "carrousel": 0, "spring": 0, "omega": 0, "roserose": 0, "other": "1 ×§××¨ ×××¤××¡ + ×¦×× ××¨ ×××¤××¡+ 3 ×¤×××¨×××ª+4 ××××ª", "shadowing": "××©", "surface": "××©× ×¡×× ×××", "Name": "××××××ª -×¦××¨" }, "geometry": { "type": "Point", "coordinates": [ 34.794645586924702, 31.230847470352877 ] } },
{ "type": "Feature", "properties": { "combined1": 0, "combined2": 0, "combined3": 1, "SpecialCom": 0, "Swing": 0, "slid": 0, "carrousel": 0, "spring": 1, "omega": 0, "roserose": 1, "other": null, "shadowing": "××©", "surface": "××©× ×¡×× ×××", "Name": "××¦× ×¦××¢×× × ×¡×ª××× ××ª" }, "geometry": { "type": "Point", "coordinates": [ 34.779474974689585, 31.229470199227677 ] } },
{ "type": "Feature", "properties": { "combined1": 1, "combined2": 0, "combined3": 0, "SpecialCom": 0, "Swing": 0, "slid": 0, "carrousel": 0, "spring": 0, "omega": 0, "roserose": 0, "other": null, "shadowing": "××", "surface": "××©× ×¡×× ×××", "Name": "×××¨× 10" }, "geometry": { "type": "Point", "coordinates": [ 34.784587527853851, 31.231821792341872 ] } },
{ "type": "Feature", "properties": { "combined1": 0, "combined2": 1, "combined3": 0, "SpecialCom": 0, "Swing": 0, "slid": 0, "carrousel": 0, "spring": 0, "omega": 0, "roserose": 0, "other": null, "shadowing": "××", "surface": "××©× ×¡×× ×××", "Name": "××××× ××ª 57" }, "geometry": { "type": "Point", "coordinates": [ 34.78200046816994, 31.23218517811031 ] } },
{ "type": "Feature", "properties": { "combined1": 1, "combined2": 1, "combined3": 0, "SpecialCom": 0, "Swing": 1, "slid": 0, "carrousel": 0, "spring": 0, "omega": 0, "roserose": 1, "other": null, "shadowing": "××©", "surface": "××©× ×¡×× ×××", "Name": "××× ××ª 28" }, "geometry": { "type": "Point", "coordinates": [ 34.781379800259558, 31.232606423497266 ] } },
{ "type": "Feature", "properties": { "combined1": 1, "combined2": 0, "combined3": 0, "SpecialCom": 0, "Swing": 1, "slid": 0, "carrousel": 0, "spring": 0, "omega": 0, "roserose": 0, "other": null, "shadowing": "××©", "surface": "××©× ×¡×× ×××", "Name": "××¨×¦××ª" }, "geometry": { "type": "Point", "coordinates": [ 34.789134090272732, 31.232666714133853 ] } },
{ "type": "Feature", "properties": { "combined1": 0, "combined2": 1, "combined3": 0, "SpecialCom": 0, "Swing": 1, "slid": 0, "carrousel": 0, "spring": 0, "omega": 0, "roserose": 1, "other": null, "shadowing": "××", "surface": "××©× ×¡×× ×××", "Name": "××× ××ª55" }, "geometry": { "type": "Point", "coordinates": [ 34.777650394969164, 31.231664313046807 ] } },
{ "type": "Feature", "properties": { "combined1": 1, "combined2": 0, "combined3": 0, "SpecialCom": 0, "Swing": 0, "slid": 0, "carrousel": 0, "spring": 0, "omega": 0, "roserose": 0, "other": null, "shadowing": "××", "surface": "××©× ×¡×× ×××", "Name": "×××¨× -××¨×××" }, "geometry": { "type": "Point", "coordinates": [ 34.784839508836967, 31.231065333047123 ] } },
{ "type": "Feature", "properties": { "combined1": 0, "combined2": 0, "combined3": 0, "SpecialCom": 0, "Swing": 0, "slid": 0, "carrousel": 0, "spring": 0, "omega": 0, "roserose": 0, "other": null, "shadowing": null, "surface": null, "Name": "××¨×¥ ×××× 44" }, "geometry": { "type": "Point", "coordinates": [ 34.764602306316171, 31.23494468290977 ] } },
{ "type": "Feature", "properties": { "combined1": 0, "combined2": 1, "combined3": 0, "SpecialCom": 0, "Swing": 0, "slid": 0, "carrousel": 0, "spring": 1, "omega": 0, "roserose": 1, "other": null, "shadowing": "××", "surface": "××©×× ××××", "Name": "×××¨××ª ××©×¨××" }, "geometry": { "type": "Point", "coordinates": [ 34.764498330390161, 31.235988068801955 ] } },
{ "type": "Feature", "properties": { "combined1": 1, "combined2": 0, "combined3": 0, "SpecialCom": 0, "Swing": 0, "slid": 0, "carrousel": 0, "spring": 2, "omega": 0, "roserose": 0, "other": null, "shadowing": "××©", "surface": "××©× ×¡×× ×××", "Name": "××¡×××" }, "geometry": { "type": "Point", "coordinates": [ 34.791505124970094, 31.231151861616112 ] } },
{ "type": "Feature", "properties": { "combined1": 0, "combined2": 0, "combined3": 0, "SpecialCom": 0, "Swing": 3, "slid": 0, "carrousel": 0, "spring": 3, "omega": 0, "roserose": 0, "other": "2\n××ª×§× ××××§××¤××¨\n×¡×××××", "shadowing": "××©", "surface": "××©×", "Name": "××¨ ×××§×¨ ×¢××××" }, "geometry": { "type": "Point", "coordinates": [ 34.810355955845807, 31.274610403001219 ] } },
{ "type": "Feature", "properties": { "combined1": 1, "combined2": 0, "combined3": 0, "SpecialCom": 0, "Swing": 0, "slid": 0, "carrousel": 0, "spring": 0, "omega": 0, "roserose": 0, "other": null, "shadowing": "××", "surface": "××©×", "Name": "××¨ ×× ×¢×" }, "geometry": { "type": "Point", "coordinates": [ 34.81424866225403, 31.274522937880516 ] } },
{ "type": "Feature", "properties": { "combined1": 0, "combined2": 0, "combined3": 0, "SpecialCom": 0, "Swing": 0, "slid": 0, "carrousel": 0, "spring": 2, "omega": 0, "roserose": 0, "other": null, "shadowing": "××", "surface": "××©×", "Name": "×××¡×£ ×× ××× 23" }, "geometry": { "type": "Point", "coordinates": [ 34.801861556357998, 31.273539706960527 ] } },
{ "type": "Feature", "properties": { "combined1": 0, "combined2": 1, "combined3": 0, "SpecialCom": 0, "Swing": 0, "slid": 0, "carrousel": 0, "spring": 1, "omega": 0, "roserose": 0, "other": null, "shadowing": "××", "surface": "××©×", "Name": "××©×¢×× ××¡" }, "geometry": { "type": "Point", "coordinates": [ 34.802205661993305, 31.273306928432568 ] } },
{ "type": "Feature", "properties": { "combined1": 1, "combined2": 0, "combined3": 0, "SpecialCom": 0, "Swing": 0, "slid": 0, "carrousel": 0, "spring": 0, "omega": 0, "roserose": 0, "other": null, "shadowing": "××", "surface": "××©×", "Name": "× ××× ×××××" }, "geometry": { "type": "Point", "coordinates": [ 34.800581444959562, 31.275048874389174 ] } },
{ "type": "Feature", "properties": { "combined1": 1, "combined2": 0, "combined3": 0, "SpecialCom": 0, "Swing": 0, "slid": 0, "carrousel": 0, "spring": 1, "omega": 0, "roserose": 0, "other": null, "shadowing": "××", "surface": "××©×× ××××", "Name": "××¢×§× ×××" }, "geometry": { "type": "Point", "coordinates": [ 34.816490987871433, 31.275239918509776 ] } },
{ "type": "Feature", "properties": { "combined1": 0, "combined2": 1, "combined3": 0, "SpecialCom": 0, "Swing": 0, "slid": 0, "carrousel": 0, "spring": 3, "omega": 0, "roserose": 0, "other": null, "shadowing": "××©", "surface": "××©×", "Name": "×××¡×£ ×ª×§××¢" }, "geometry": { "type": "Point", "coordinates": [ 34.819806021004567, 31.276989835717082 ] } },
{ "type": "Feature", "properties": { "combined1": 1, "combined2": 0, "combined3": 0, "SpecialCom": 0, "Swing": 0, "slid": 0, "carrousel": 0, "spring": 1, "omega": 0, "roserose": 0, "other": "1", "shadowing": "××", "surface": "××©×", "Name": "×××¨×× ××××¨ -×¤××××¨×" }, "geometry": { "type": "Point", "coordinates": [ 34.824255868895349, 31.275851753171285 ] } },
{ "type": "Feature", "properties": { "combined1": 1, "combined2": 0, "combined3": 0, "SpecialCom": 0, "Swing": 0, "slid": 0, "carrousel": 0, "spring": 6, "omega": 0, "roserose": 0, "other": "2 \n××ª×§× ×¤×¨××××\n××ª×§× ×××¤××¡ ××ª××ª", "shadowing": "××©", "surface": "××©×", "Name": "××¨ ×××§×¨ ×ª××ª××" }, "geometry": { "type": "Point", "coordinates": [ 34.810372884020381, 31.274882491153146 ] } },
{ "type": "Feature", "properties": { "combined1": 1, "combined2": 0, "combined3": 0, "SpecialCom": 0, "Swing": 0, "slid": 0, "carrousel": 0, "spring": 2, "omega": 0, "roserose": 0, "other": "2\n××ª×§× ××××§××¤××¨\n××ª×§× ××× ×××", "shadowing": "××©", "surface": "××©× ×¡×× ×××", "Name": "××××× ××××" }, "geometry": { "type": "Point", "coordinates": [ 34.813549999932036, 31.27250917533885 ] } },
{ "type": "Feature", "properties": { "combined1": 1, "combined2": 0, "combined3": 0, "SpecialCom": 0, "Swing": 0, "slid": 1, "carrousel": 0, "spring": 2, "omega": 0, "roserose": 0, "other": null, "shadowing": "××", "surface": "××©× ×¡×× ×××", "Name": "×××××××¨ ×××" }, "geometry": { "type": "Point", "coordinates": [ 34.775573090851886, 31.24804163333566 ] } },
{ "type": "Feature", "properties": { "combined1": 0, "combined2": 1, "combined3": 0, "SpecialCom": 0, "Swing": 0, "slid": 0, "carrousel": 0, "spring": 1, "omega": 0, "roserose": 0, "other": "×¢×× ××¨× ××¢××××", "shadowing": "××©", "surface": "××©× ×¡×× ×××", "Name": "×××× ×××××" }, "geometry": { "type": "Point", "coordinates": [ 34.777039518953728, 31.243602933945358 ] } },
{ "type": "Feature", "properties": { "combined1": 0, "combined2": 1, "combined3": 0, "SpecialCom": 0, "Swing": 5, "slid": 2, "carrousel": 0, "spring": 0, "omega": 0, "roserose": 0, "other": "××¦××× 2 ×××©×× ××××¨××,2 ×××©×× ×¤×¢××××ª,×××©× ×§× ××¦××¤××¨", "shadowing": "××", "surface": "××©× ×¡×× ×××", "Name": "×¢×× ×××" }, "geometry": { "type": "Point", "coordinates": [ 34.770317037026913, 31.247975885894824 ] } },
{ "type": "Feature", "properties": { "combined1": 0, "combined2": 0, "combined3": 1, "SpecialCom": 0, "Swing": 2, "slid": 4, "carrousel": 0, "spring": 0, "omega": 0, "roserose": 0, "other": "××¦××× ×¢× ×××©× ××××¨×× ××××©× ×§× ××¦××¤××¨", "shadowing": "××©", "surface": "××©× ×¡×× ×××", "Name": "×©×¢×¨ ××××" }, "geometry": { "type": "Point", "coordinates": [ 34.769632797133156, 31.245379655707747 ] } },
{ "type": "Feature", "properties": { "combined1": 0, "combined2": 1, "combined3": 0, "SpecialCom": 0, "Swing": 0, "slid": 2, "carrousel": 0, "spring": 0, "omega": 0, "roserose": 0, "other": null, "shadowing": "××", "surface": "××©× ×¡×× ×××", "Name": "×©×××" }, "geometry": { "type": "Point", "coordinates": [ 34.77089440740496, 31.245902716226261 ] } },
{ "type": "Feature", "properties": { "combined1": 0, "combined2": 1, "combined3": 0, "SpecialCom": 0, "Swing": 3, "slid": 2, "carrousel": 0, "spring": 0, "omega": 0, "roserose": 0, "other": "×××¨×× ×××××,×××©× ×§× ××¦××¤××¨,×××©××§ ××¡×ª×××,×××××ª ×¢× ×§×¤××¦×", "shadowing": "××©", "surface": "××©× ×¡×× ×××", "Name": "×× ×©×××©× ×××© ×××¨××" }, "geometry": { "type": "Point", "coordinates": [ 34.776768689907414, 31.247054689025806 ] } },
{ "type": "Feature", "properties": { "combined1": 0, "combined2": 0, "combined3": 0, "SpecialCom": 0, "Swing": 3, "slid": 0, "carrousel": 0, "spring": 0, "omega": 0, "roserose": 0, "other": "× ×× ××ª ×¤×¢××××ª × 2 × ×× ×××ª ×××©× ×§× ××¦××¤××¨", "shadowing": "××©", "surface": "××©× ×¡×× ×××", "Name": "×©×××©× ×××© ××¢×¨××" }, "geometry": { "type": "Point", "coordinates": [ 34.777096682053077, 31.246999701849941 ] } },
{ "type": "Feature", "properties": { "combined1": 1, "combined2": 0, "combined3": 0, "SpecialCom": 0, "Swing": 1, "slid": 0, "carrousel": 0, "spring": 1, "omega": 0, "roserose": 0, "other": null, "shadowing": "××©", "surface": "××©× ×¡×× ×××", "Name": "×¤×©××©" }, "geometry": { "type": "Point", "coordinates": [ 34.763825082216485, 31.229861229208087 ] } },
{ "type": "Feature", "properties": { "combined1": 1, "combined2": 1, "combined3": 0, "SpecialCom": 0, "Swing": 1, "slid": 0, "carrousel": 0, "spring": 0, "omega": 0, "roserose": 1, "other": "1- × ×× ××ª ×¡××¡ ××××", "shadowing": "××©", "surface": "××©× ×¡×× ×××", "Name": "×¦××§××ª" }, "geometry": { "type": "Point", "coordinates": [ 34.763970664287768, 31.232002237165336 ] } },
{ "type": "Feature", "properties": { "combined1": 1, "combined2": 0, "combined3": 0, "SpecialCom": 0, "Swing": 0, "slid": 0, "carrousel": 0, "spring": 0, "omega": 0, "roserose": 0, "other": null, "shadowing": "××©", "surface": "××©×× ××××", "Name": "×××" }, "geometry": { "type": "Point", "coordinates": [ 34.761528093574611, 31.230756593895464 ] } },
{ "type": "Feature", "properties": { "combined1": 0, "combined2": 0, "combined3": 1, "SpecialCom": 0, "Swing": 2, "slid": 0, "carrousel": 0, "spring": 1, "omega": 0, "roserose": 0, "other": null, "shadowing": "××©", "surface": "××©× ×¡×× ×××", "Name": "××©× ×××× ×××©" }, "geometry": { "type": "Point", "coordinates": [ 34.773376872995556, 31.219865522299028 ] } },
{ "type": "Feature", "properties": { "combined1": 0, "combined2": 0, "combined3": 0, "SpecialCom": 0, "Swing": 1, "slid": 0, "carrousel": 1, "spring": 1, "omega": 0, "roserose": 0, "other": "1", "shadowing": "××©", "surface": "××©×× ××××", "Name": "××©× ×××× 55 ××§××" }, "geometry": { "type": "Point", "coordinates": [ 34.776350997386444, 31.22288696737872 ] } },
{ "type": "Feature", "properties": { "combined1": 0, "combined2": 1, "combined3": 0, "SpecialCom": 0, "Swing": 2, "slid": 0, "carrousel": 0, "spring": 0, "omega": 0, "roserose": 1, "other": null, "shadowing": "××©", "surface": "××©× ×¡×× ×××", "Name": "×¤××¨×§ ×¦× ×× ×× ×©×× ×" }, "geometry": { "type": "Point", "coordinates": [ 34.778010517934874, 31.223965191250183 ] } },
{ "type": "Feature", "properties": { "combined1": 1, "combined2": 1, "combined3": 1, "SpecialCom": 0, "Swing": 3, "slid": 0, "carrousel": 0, "spring": 2, "omega": 0, "roserose": 1, "other": null, "shadowing": "××©", "surface": "××©× ×¡×× ×××", "Name": "×× ×¤×¨×××©- ×××× ×× ××××" }, "geometry": { "type": "Point", "coordinates": [ 34.774145521386089, 31.222201967782709 ] } },
{ "type": "Feature", "properties": { "combined1": 0, "combined2": 0, "combined3": 1, "SpecialCom": 0, "Swing": 1, "slid": 4, "carrousel": 0, "spring": 0, "omega": 0, "roserose": 0, "other": "× ×× ×× ×§× ××¦××¤××¨", "shadowing": "××©", "surface": "××©× ×¡×× ×××", "Name": "××©× ××× ×¡×§×" }, "geometry": { "type": "Point", "coordinates": [ 34.761188079516145, 31.245545086828134 ] } },
{ "type": "Feature", "properties": { "combined1": 0, "combined2": 0, "combined3": 1, "SpecialCom": 0, "Swing": 4, "slid": 2, "carrousel": 0, "spring": 1, "omega": 0, "roserose": 1, "other": "×¢×× ××¨× ××¢××××, × ×× ×××ª- 1 ×§× ××¦××¤××¨, 2 ××××¨××, 1 ×¤×¢××××ª", "shadowing": "××©", "surface": "××©× ×¡×× ×××", "Name": "××× ××" }, "geometry": { "type": "Point", "coordinates": [ 34.766401430997703, 31.266744773592706 ] } },
{ "type": "Feature", "properties": { "combined1": 0, "combined2": 0, "combined3": 0, "SpecialCom": 1, "Swing": 0, "slid": 0, "carrousel": 0, "spring": 0, "omega": 0, "roserose": 1, "other": "××©××× ××§×¡××¨××, ×¢×× ××¨× ××¢××××, ×××§×¡ ×¢××××", "shadowing": "××©", "surface": "××©× ×¡×× ×××", "Name": "×××¨×× ×¡×× ××ª×× ×" }, "geometry": { "type": "Point", "coordinates": [ 34.761625289908103, 31.266492223429644 ] } },
{ "type": "Feature", "properties": { "combined1": 0, "combined2": 1, "combined3": 0, "SpecialCom": 0, "Swing": 1, "slid": 2, "carrousel": 0, "spring": 2, "omega": 0, "roserose": 0, "other": "× ×× ××-×××©× ×§× ××¦××¤××¨", "shadowing": "××©", "surface": "××©× ×¡×× ×××", "Name": "×¤×¨××¤×¡××¨ ××× ××× ××§" }, "geometry": { "type": "Point", "coordinates": [ 34.759000960486325, 31.258781284329054 ] } },
{ "type": "Feature", "properties": { "combined1": 0, "combined2": 0, "combined3": 0, "SpecialCom": 0, "Swing": 2, "slid": 0, "carrousel": 0, "spring": 0, "omega": 0, "roserose": 0, "other": "2 - ×§× ××¦××¤××¨", "shadowing": "××©", "surface": "××©× ×¡×× ×××", "Name": "×××× ××¢× ×××× × ×× ×××ª" }, "geometry": { "type": "Point", "coordinates": [ 34.762449244918116, 31.268758831763243 ] } },
{ "type": "Feature", "properties": { "combined1": 1, "combined2": 1, "combined3": 0, "SpecialCom": 0, "Swing": 3, "slid": 3, "carrousel": 0, "spring": 1, "omega": 0, "roserose": 0, "other": "××©××× ×¡×¤×× ×", "shadowing": "××©", "surface": "××©× ×¡×× ×××", "Name": "×××× ××¢× ×××× ×¡×¤×× ×" }, "geometry": { "type": "Point", "coordinates": [ 34.762689648276641, 31.268738778357751 ] } },
{ "type": "Feature", "properties": { "combined1": 0, "combined2": 1, "combined3": 0, "SpecialCom": 0, "Swing": 3, "slid": 1, "carrousel": 0, "spring": 0, "omega": 0, "roserose": 0, "other": "× ×× ×× ×§× ××¦××¤××¨ × 2 ×××©×× ××××¨××", "shadowing": "××©", "surface": "××©× ×¡×× ×××", "Name": "×××× ××¢× ×××× ××××¨××" }, "geometry": { "type": "Point", "coordinates": [ 34.762816170273631, 31.2690118459346 ] } },
{ "type": "Feature", "properties": { "combined1": 2, "combined2": 0, "combined3": 0, "SpecialCom": 0, "Swing": 3, "slid": 1, "carrousel": 1, "spring": 1, "omega": 1, "roserose": 0, "other": "××©××× ×××¤××¡, ×××ª ×××××ª", "shadowing": "××©", "surface": "××©× ×¡×× ×××", "Name": "×©××× ×××××× ××××× ××××" }, "geometry": { "type": "Point", "coordinates": [ 34.758141176274016, 31.26670340141553 ] } },
{ "type": "Feature", "properties": { "combined1": 1, "combined2": 0, "combined3": 0, "SpecialCom": 0, "Swing": 0, "slid": 0, "carrousel": 0, "spring": 1, "omega": 0, "roserose": 1, "other": null, "shadowing": "××©", "surface": "××©× ×¡×× ×××", "Name": "×©×¦\"×¤ ×××××¦××¨× -××¨××× ××§××£ ×× 49" }, "geometry": { "type": "Point", "coordinates": [ 34.776846799656873, 31.268183583274421 ] } },
{ "type": "Feature", "properties": { "combined1": 1, "combined2": 0, "combined3": 0, "SpecialCom": 0, "Swing": 2, "slid": 0, "carrousel": 0, "spring": 1, "omega": 0, "roserose": 0, "other": null, "shadowing": "××©", "surface": "××©× ×¡×× ×××", "Name": "×©×¦\"×¤ ×××¦×¢ ××¨××© ××¡' ××ª×¨ 50" }, "geometry": { "type": "Point", "coordinates": [ 34.784201637259478, 31.265970402691778 ] } },
{ "type": "Feature", "properties": { "combined1": 1, "combined2": 0, "combined3": 0, "SpecialCom": 0, "Swing": 0, "slid": 0, "carrousel": 0, "spring": 0, "omega": 0, "roserose": 0, "other": null, "shadowing": "××©", "surface": "××©× ×¡×× ×××", "Name": "×©×¦\"×¤ ××§×¦×× 28 ××¡' ××ª×¨ 47" }, "geometry": { "type": "Point", "coordinates": [ 34.77712690458084, 31.269820893754684 ] } },
{ "type": "Feature", "properties": { "combined1": 1, "combined2": 0, "combined3": 0, "SpecialCom": 0, "Swing": 3, "slid": 0, "carrousel": 0, "spring": 0, "omega": 0, "roserose": 0, "other": null, "shadowing": "××©", "surface": "××©× ×¡×× ×××", "Name": "×©×¦\"×¤ ×××¦×¢ ××¨× ××¡' ××ª×¨ 265" }, "geometry": { "type": "Point", "coordinates": [ 34.782208390861079, 31.265125217032789 ] } },
{ "type": "Feature", "properties": { "combined1": 1, "combined2": 0, "combined3": 0, "SpecialCom": 0, "Swing": 2, "slid": 0, "carrousel": 0, "spring": 0, "omega": 0, "roserose": 0, "other": null, "shadowing": "××©", "surface": "××©× ×¡×× ×××", "Name": "×©×¦\"×¤ ×××××¡×× ××¡' ××ª×¨ 55" }, "geometry": { "type": "Point", "coordinates": [ 34.777884663615382, 31.259348176638738 ] } },
{ "type": "Feature", "properties": { "combined1": 1, "combined2": 0, "combined3": 0, "SpecialCom": 0, "Swing": 1, "slid": 0, "carrousel": 0, "spring": 1, "omega": 0, "roserose": 1, "other": null, "shadowing": "××©", "surface": "××©× ×¡×× ×××", "Name": "×©×¦\"×¤ ×××¢×× ××©××¤× ××¡' ××ª×¨ 59" }, "geometry": { "type": "Point", "coordinates": [ 34.778808953079924, 31.26225341001517 ] } },
{ "type": "Feature", "properties": { "combined1": 1, "combined2": 0, "combined3": 0, "SpecialCom": 0, "Swing": 2, "slid": 0, "carrousel": 0, "spring": 0, "omega": 0, "roserose": 0, "other": null, "shadowing": "××©", "surface": "××©× ×¡×× ×××", "Name": "×©×¦\"×¤ ×©×××¨ ××©××¤× / ×× × ×× ××¡' ××ª×¨ 58." }, "geometry": { "type": "Point", "coordinates": [ 34.775878408604534, 31.263498294526631 ] } },
{ "type": "Feature", "properties": { "combined1": 1, "combined2": 0, "combined3": 0, "SpecialCom": 0, "Swing": 3, "slid": 0, "carrousel": 0, "spring": 0, "omega": 0, "roserose": 0, "other": null, "shadowing": "××©", "surface": "××©× ×¡×× ×××", "Name": "×©×¦\"×¤ ×××¦×¢ × ××©×× ×× ×××× ××¡' ××ª×¨ 54" }, "geometry": { "type": "Point", "coordinates": [ 34.78110701359553, 31.259243494196838 ] } },
{ "type": "Feature", "properties": { "combined1": 1, "combined2": 0, "combined3": 0, "SpecialCom": 0, "Swing": 1, "slid": 0, "carrousel": 0, "spring": 1, "omega": 0, "roserose": 1, "other": null, "shadowing": "××©", "surface": "××©× ×¡×× ×××", "Name": "×©×¦\"×¤ ×¨×××¨× ×©×××× 5 ××¡' ××ª×¨ 41" }, "geometry": { "type": "Point", "coordinates": [ 34.771257082475891, 31.265459533769871 ] } },
{ "type": "Feature", "properties": { "combined1": 1, "combined2": 0, "combined3": 0, "SpecialCom": 0, "Swing": 2, "slid": 0, "carrousel": 0, "spring": 0, "omega": 0, "roserose": 0, "other": null, "shadowing": "××©", "surface": "××©× ×¡×× ×××", "Name": "×©×¦\"×¤ ××××× × 3-5 ××¡' ××ª×¨ 46" }, "geometry": { "type": "Point", "coordinates": [ 34.778696451477877, 31.266950914751089 ] } },
{ "type": "Feature", "properties": { "combined1": 1, "combined2": 0, "combined3": 0, "SpecialCom": 0, "Swing": 4, "slid": 0, "carrousel": 0, "spring": 1, "omega": 0, "roserose": 0, "other": null, "shadowing": "××©", "surface": "××©× ×¡×× ×××", "Name": "×©×¦\"×¤ ××××× × 7 ×× ××¡' 45" }, "geometry": { "type": "Point", "coordinates": [ 34.777915837786665, 31.267367185132301 ] } },
{ "type": "Feature", "properties": { "combined1": 1, "combined2": 0, "combined3": 0, "SpecialCom": 0, "Swing": 2, "slid": 0, "carrousel": 0, "spring": 0, "omega": 0, "roserose": 1, "other": "×§××¨ ×××¤××¡ 1", "shadowing": "××", "surface": "××©× ×¡×× ×××", "Name": "×©×¦\"×¤ × ×× ××¡' ××ª×¨ 53" }, "geometry": { "type": "Point", "coordinates": [ 34.787147421463864, 31.262992698992843 ] } },
{ "type": "Feature", "properties": { "combined1": 1, "combined2": 0, "combined3": 0, "SpecialCom": 0, "Swing": 3, "slid": 0, "carrousel": 0, "spring": 2, "omega": 0, "roserose": 2, "other": null, "shadowing": "××©", "surface": "××©× ×¡×× ×××", "Name": "×©×¦\"×¤ ××©× ×©×¨×ª (××××¨ ××©× ×¡× ×) ××¡' ××ª×¨ 32" }, "geometry": { "type": "Point", "coordinates": [ 34.76748404168395, 31.258117024693661 ] } },
{ "type": "Feature", "properties": { "combined1": 1, "combined2": 0, "combined3": 0, "SpecialCom": 0, "Swing": 0, "slid": 0, "carrousel": 0, "spring": 0, "omega": 0, "roserose": 0, "other": null, "shadowing": "××", "surface": "××©×× ×××", "Name": "×©×¦\"×¤ ××××× ××××¨ ××§×× ××¡' ××ª×¨ 34" }, "geometry": { "type": "Point", "coordinates": [ 34.764089561088227, 31.261308363978635 ] } },
{ "type": "Feature", "properties": { "combined1": 1, "combined2": 0, "combined3": 0, "SpecialCom": 0, "Swing": 5, "slid": 0, "carrousel": 0, "spring": 0, "omega": 0, "roserose": 0, "other": null, "shadowing": "××©", "surface": "××©× ×¡×× ×××", "Name": "×©×¦\"×¤ ×× ×××¡×£ ××¡' ××ª×¨ 33" }, "geometry": { "type": "Point", "coordinates": [ 34.764272827065106, 31.256086602319662 ] } },
{ "type": "Feature", "properties": { "combined1": 1, "combined2": 0, "combined3": 0, "SpecialCom": 0, "Swing": 1, "slid": 0, "carrousel": 0, "spring": 0, "omega": 0, "roserose": 0, "other": null, "shadowing": "××©", "surface": "××©× ×¡×× ×××", "Name": "×©×¦\"×¤ ×¨××× ××× ××¨× / ×××¨×× ×× ××¡' ××ª×¨ 27" }, "geometry": { "type": "Point", "coordinates": [ 34.768756394413856, 31.254329764674022 ] } },
{ "type": "Feature", "properties": { "combined1": 1, "combined2": 0, "combined3": 0, "SpecialCom": 0, "Swing": 2, "slid": 0, "carrousel": 0, "spring": 0, "omega": 0, "roserose": 0, "other": null, "shadowing": "××©", "surface": "××©× ×¡×× ×××", "Name": "×©×¦\"×¤ ××××\"× 35 ×××© ××× ×× ××× ×× ××¡' ××ª×¨ 26" }, "geometry": { "type": "Point", "coordinates": [ 34.769448698829002, 31.253201295847884 ] } },
{ "type": "Feature", "properties": { "combined1": 1, "combined2": 0, "combined3": 0, "SpecialCom": 0, "Swing": 0, "slid": 0, "carrousel": 0, "spring": 1, "omega": 0, "roserose": 0, "other": null, "shadowing": "××", "surface": "××©×× ××××", "Name": "×©×¦\"×¤ ××××\"× 59 ××¡' ××ª×¨ 28" }, "geometry": { "type": "Point", "coordinates": [ 34.767838808801592, 31.253551395960788 ] } },
{ "type": "Feature", "properties": { "combined1": 1, "combined2": 0, "combined3": 0, "SpecialCom": 0, "Swing": 3, "slid": 0, "carrousel": 0, "spring": 1, "omega": 0, "roserose": 0, "other": null, "shadowing": "××©", "surface": "××©× ×¡×× ×××", "Name": "×©×¦\"×¤ ××¨×ª××¨ ×¨××¤×× ××¨×¦× ×§××¢× ××¡ ××ª×¨ 35" }, "geometry": { "type": "Point", "coordinates": [ 34.768437864562785, 31.264575995306039 ] } },
{ "type": "Feature", "properties": { "combined1": 1, "combined2": 0, "combined3": 0, "SpecialCom": 0, "Swing": 12, "slid": 0, "carrousel": 1, "spring": 4, "omega": 0, "roserose": 1, "other": "2 ×§×¨××¡×× ×××××, 1 ×¤×¨××××ª ×××××, 4 ×¢×¨×¡×××, 1 ××ª×§× ×××¤××¡.", "shadowing": "××©", "surface": "××©× ×¡×× ×××", "Name": "××¤××¨×§ ××××¡××¨×× ×©×× 1 ××¡' ××ª×¨ 39" }, "geometry": { "type": "Point", "coordinates": [ 34.773324324264195, 31.260040840628339 ] } },
{ "type": "Feature", "properties": { "combined1": 2, "combined2": 0, "combined3": 0, "SpecialCom": 0, "Swing": 0, "slid": 0, "carrousel": 1, "spring": 1, "omega": 0, "roserose": 0, "other": "2 ××ª×§× × ×××©×, 1 ××ª×§× ×§××¨, 1 ×§×¨××¡××ª ×¢××××, 1 ×§×¨××¡××ª ×©×××× ××©", "shadowing": "××©", "surface": "××©× ×¡×× ×××", "Name": "××¤××¨×§ ××××¡××¨×× ×©×× 2 (×¤×¢××××ª) ××¡' ××ª×¨ 40" }, "geometry": { "type": "Point", "coordinates": [ 34.773349246456569, 31.259446738333722 ] } },
{ "type": "Feature", "properties": { "combined1": 1, "combined2": 0, "combined3": 0, "SpecialCom": 0, "Swing": 2, "slid": 0, "carrousel": 0, "spring": 0, "omega": 0, "roserose": 1, "other": null, "shadowing": "××©", "surface": "××©× ×¡×× ×××", "Name": "×©×¦\"×¤ ××××¨ ×©××¨××ª ××¡' ××ª×¨ 29" }, "geometry": { "type": "Point", "coordinates": [ 34.765141493221492, 31.254431752375094 ] } },
{ "type": "Feature", "properties": { "combined1": 1, "combined2": 0, "combined3": 0, "SpecialCom": 0, "Swing": 3, "slid": 0, "carrousel": 0, "spring": 2, "omega": 0, "roserose": 0, "other": null, "shadowing": "××©", "surface": "××©× ×¡×× ×××", "Name": "×©×¦\"×¤ ××××× ××× × ××¡' ××ª×¨ 37" }, "geometry": { "type": "Point", "coordinates": [ 34.770143826973076, 31.261770526920774 ] } },
{ "type": "Feature", "properties": { "combined1": 1, "combined2": 0, "combined3": 0, "SpecialCom": 0, "Swing": 0, "slid": 0, "carrousel": 0, "spring": 1, "omega": 0, "roserose": 0, "other": null, "shadowing": "××", "surface": "××©× ×¡×× ×××", "Name": "×©×¦\"×¤ ×××¤×¡× ××¨× ×§××§ ××¡' ××ª×¨ 38" }, "geometry": { "type": "Point", "coordinates": [ 34.771719337687827, 31.258088156942058 ] } },
{ "type": "Feature", "properties": { "combined1": 1, "combined2": 1, "combined3": 0, "SpecialCom": 0, "Swing": 1, "slid": 0, "carrousel": 0, "spring": 1, "omega": 0, "roserose": 1, "other": "××©××× 1 -  ××ª×§× ×××× ×××¤××¨ \n× ×× ×× ×§× ××¦××¤××¨", "shadowing": "××©", "surface": "××©×× ××××", "Name": "×¤××¨×§ × ×× ×××¨ ×©××¢  - ×§××" }, "geometry": { "type": "Point", "coordinates": [ 34.806038474540919, 31.234348103629433 ] } },
{ "type": "Feature", "properties": { "combined1": 2, "combined2": 0, "combined3": 0, "SpecialCom": 0, "Swing": 0, "slid": 3, "carrousel": 0, "spring": 0, "omega": 0, "roserose": 0, "other": "1", "shadowing": "××©", "surface": "××©×× ××××", "Name": "××¦××§ ×©××¤×¨" }, "geometry": { "type": "Point", "coordinates": [ 34.799254278910588, 31.271052541136438 ] } },
{ "type": "Feature", "properties": { "combined1": 0, "combined2": 0, "combined3": 31, "SpecialCom": 0, "Swing": 0, "slid": 3, "carrousel": 0, "spring": 0, "omega": 0, "roserose": 0, "other": null, "shadowing": "××©", "surface": "××©× ×¡×× ×××", "Name": "×× ×¡××§××" }, "geometry": { "type": "Point", "coordinates": [ 34.801221867779255, 31.265689284410815 ] } },
{ "type": "Feature", "properties": { "combined1": 0, "combined2": 1, "combined3": 0, "SpecialCom": 0, "Swing": 2, "slid": 2, "carrousel": 0, "spring": 2, "omega": 0, "roserose": 0, "other": "3 - ××¡××× ×¤××¨×××ª 3*3\n×××× ×××××", "shadowing": "××©", "surface": "××©× ×¡×× ×××", "Name": "×× ×¡××××" }, "geometry": { "type": "Point", "coordinates": [ 34.798688826799086, 31.26666634631313 ] } },
{ "type": "Feature", "properties": { "combined1": 1, "combined2": 0, "combined3": 0, "SpecialCom": 0, "Swing": 0, "slid": 1, "carrousel": 0, "spring": 2, "omega": 0, "roserose": 0, "other": null, "shadowing": "××©", "surface": "××©× ×¡×× ×××", "Name": "××××¡×× 6" }, "geometry": { "type": "Point", "coordinates": [ 34.791040351018395, 31.267617966133081 ] } },
{ "type": "Feature", "properties": { "combined1": 1, "combined2": 1, "combined3": 0, "SpecialCom": 0, "Swing": 4, "slid": 3, "carrousel": 0, "spring": 0, "omega": 0, "roserose": 0, "other": null, "shadowing": "××©", "surface": "××©× ×¡×× ×××", "Name": "××¨ ××××¨× 23" }, "geometry": { "type": "Point", "coordinates": [ 34.792235420307861, 31.261658104670929 ] } },
{ "type": "Feature", "properties": { "combined1": 1, "combined2": 1, "combined3": 0, "SpecialCom": 0, "Swing": 3, "slid": 2, "carrousel": 0, "spring": 0, "omega": 0, "roserose": 1, "other": null, "shadowing": "××©", "surface": "××©× ×¡×× ×××", "Name": "××¢×§× ×××× × ××¢×× ××ª ×¡×××× ×××" }, "geometry": { "type": "Point", "coordinates": [ 34.797589509453829, 31.263457028709258 ] } },
{ "type": "Feature", "properties": { "combined1": 1, "combined2": 0, "combined3": 0, "SpecialCom": 0, "Swing": 1, "slid": 0, "carrousel": 0, "spring": 0, "omega": 0, "roserose": 1, "other": "× ×ª×× ××ª ×¡××¨×", "shadowing": "××©", "surface": "××©× ×¡×× ×××", "Name": "×× ×××××" }, "geometry": { "type": "Point", "coordinates": [ 34.790182981760026, 31.270542961536787 ] } },
{ "type": "Feature", "properties": { "combined1": 1, "combined2": 0, "combined3": 0, "SpecialCom": 0, "Swing": 0, "slid": 1, "carrousel": 0, "spring": 0, "omega": 0, "roserose": 0, "other": null, "shadowing": "××", "surface": "××©× ×¡×× ×××", "Name": "×× ××× ×ª×" }, "geometry": { "type": "Point", "coordinates": [ 34.797010942467033, 31.271308138098941 ] } },
{ "type": "Feature", "properties": { "combined1": 0, "combined2": 1, "combined3": 0, "SpecialCom": 0, "Swing": 0, "slid": 2, "carrousel": 0, "spring": 1, "omega": 0, "roserose": 0, "other": null, "shadowing": "××©", "surface": "××©× ×¡×× ×××", "Name": "×××©××¨" }, "geometry": { "type": "Point", "coordinates": [ 34.797629006859133, 31.265728298654548 ] } },
{ "type": "Feature", "properties": { "combined1": 0, "combined2": 0, "combined3": 0, "SpecialCom": 1, "Swing": 2, "slid": 0, "carrousel": 0, "spring": 0, "omega": 0, "roserose": 0, "other": "××©××× ×¡×¤××¨× ×××¤××¡", "shadowing": "××", "surface": "××©× ×¡×× ×××", "Name": "×ª×××× 54" }, "geometry": { "type": "Point", "coordinates": [ 34.786635732425466, 31.269326107556207 ] } },
{ "type": "Feature", "properties": { "combined1": 1, "combined2": 0, "combined3": 0, "SpecialCom": 0, "Swing": 0, "slid": 0, "carrousel": 0, "spring": 2, "omega": 0, "roserose": 0, "other": null, "shadowing": "××", "surface": "××©×× ×××", "Name": "×× ××¤××" }, "geometry": { "type": "Point", "coordinates": [ 34.791734919014758, 31.266153574268124 ] } },
{ "type": "Feature", "properties": { "combined1": 0, "combined2": 2, "combined3": 0, "SpecialCom": 0, "Swing": 0, "slid": 2, "carrousel": 0, "spring": 0, "omega": 0, "roserose": 0, "other": null, "shadowing": "××", "surface": "××©× ×¡×× ×××", "Name": "× ××××××" }, "geometry": { "type": "Point", "coordinates": [ 34.793701730869081, 31.266875008111406 ] } },
{ "type": "Feature", "properties": { "combined1": 1, "combined2": 0, "combined3": 0, "SpecialCom": 0, "Swing": 2, "slid": 1, "carrousel": 0, "spring": 1, "omega": 0, "roserose": 0, "other": "1 - ×§××× ×§××§×× ××¤××¡×××§", "shadowing": "××©", "surface": "××©× ×¡×× ×××", "Name": "××××¨ ×××××ª" }, "geometry": { "type": "Point", "coordinates": [ 34.794179436549911, 31.261885725683179 ] } },
{ "type": "Feature", "properties": { "combined1": 3, "combined2": 0, "combined3": 0, "SpecialCom": 0, "Swing": 6, "slid": 3, "carrousel": 0, "spring": 2, "omega": 0, "roserose": 0, "other": null, "shadowing": "××©", "surface": "××©× ×¡×× ×××", "Name": "×× ××¢×¤××××" }, "geometry": { "type": "Point", "coordinates": [ 34.806584190352794, 31.249748040905203 ] } },
{ "type": "Feature", "properties": { "combined1": 1, "combined2": 1, "combined3": 1, "SpecialCom": 0, "Swing": 7, "slid": 6, "carrousel": 0, "spring": 2, "omega": 0, "roserose": 10, "other": null, "shadowing": "××©", "surface": "××©× ×¡×× ×××", "Name": "××× ×××× 55" }, "geometry": { "type": "Point", "coordinates": [ 34.803756356629989, 31.257430850616085 ] } },
{ "type": "Feature", "properties": { "combined1": 0, "combined2": 0, "combined3": 0, "SpecialCom": 0, "Swing": 20, "slid": 0, "carrousel": 1, "spring": 0, "omega": 1, "roserose": 1, "other": "2", "shadowing": "××©", "surface": "××©×× ××××", "Name": "×¤××¨×§ ××¨××××" }, "geometry": { "type": "Point", "coordinates": [ 34.810788010678181, 31.25965064282066 ] } },
{ "type": "Feature", "properties": { "combined1": 1, "combined2": 0, "combined3": 0, "SpecialCom": 0, "Swing": 1, "slid": 2, "carrousel": 0, "spring": 0, "omega": 0, "roserose": 1, "other": null, "shadowing": "××©", "surface": "××©× ×¡×× ×××", "Name": "××¨×× ××" }, "geometry": { "type": "Point", "coordinates": [ 34.791091332391105, 31.254259432520779 ] } },
{ "type": "Feature", "properties": { "combined1": 1, "combined2": 0, "combined3": 0, "SpecialCom": 0, "Swing": 2, "slid": 1, "carrousel": 0, "spring": 1, "omega": 0, "roserose": 0, "other": null, "shadowing": "××", "surface": "××©× ×¡×× ×××", "Name": "××××¨ ×§×¤××" }, "geometry": { "type": "Point", "coordinates": [ 34.791424567250701, 31.249269085785858 ] } },
{ "type": "Feature", "properties": { "combined1": 1, "combined2": 0, "combined3": 0, "SpecialCom": 0, "Swing": 0, "slid": 2, "carrousel": 0, "spring": 0, "omega": 0, "roserose": 0, "other": null, "shadowing": "××", "surface": "××©× ×¡×× ×××", "Name": "×¡×¢××× ××××" }, "geometry": { "type": "Point", "coordinates": [ 34.789038051546711, 31.25728531518833 ] } },
{ "type": "Feature", "properties": { "combined1": 0, "combined2": 0, "combined3": 0, "SpecialCom": 0, "Swing": 3, "slid": 0, "carrousel": 0, "spring": 0, "omega": 0, "roserose": 0, "other": "××ª×§× ×××¤××¡,", "shadowing": "××©", "surface": "××©× ×¡×× ×××", "Name": "×¤××¨×§ ×¨××©×× ×× × ×¢×\"×ª" }, "geometry": { "type": "Point", "coordinates": [ 34.797411556510774, 31.248693595386428 ] } },
{ "type": "Feature", "properties": { "combined1": 1, "combined2": 1, "combined3": 0, "SpecialCom": 0, "Swing": 3, "slid": 0, "carrousel": 0, "spring": 1, "omega": 0, "roserose": 0, "other": null, "shadowing": "××©", "surface": "××©× ×¡×× ×××", "Name": "×××¨×× 17" }, "geometry": { "type": "Point", "coordinates": [ 34.784733744672792, 31.247800833625437 ] } },
{ "type": "Feature", "properties": { "combined1": 1, "combined2": 0, "combined3": 0, "SpecialCom": 0, "Swing": 2, "slid": 1, "carrousel": 0, "spring": 0, "omega": 0, "roserose": 0, "other": null, "shadowing": "××©", "surface": "××©× ×¡×× ×××", "Name": "×× ×¨××©×× ×× ××× ×××ª ××©×¤×" }, "geometry": { "type": "Point", "coordinates": [ 34.796365169886535, 31.247335115567171 ] } },
{ "type": "Feature", "properties": { "combined1": 1, "combined2": 0, "combined3": 0, "SpecialCom": 0, "Swing": 1, "slid": 2, "carrousel": 0, "spring": 0, "omega": 0, "roserose": 0, "other": null, "shadowing": "××", "surface": "××©× ×¡×× ×××", "Name": "×§×¤×× ××\"×" }, "geometry": { "type": "Point", "coordinates": [ 34.791040877998398, 31.248627994550564 ] } },
{ "type": "Feature", "properties": { "combined1": 1, "combined2": 0, "combined3": 0, "SpecialCom": 0, "Swing": 1, "slid": 0, "carrousel": 0, "spring": 1, "omega": 0, "roserose": 1, "other": null, "shadowing": "××©", "surface": "××©× ×¡×× ×××", "Name": "×¡××§××××" }, "geometry": { "type": "Point", "coordinates": [ 34.788602291512561, 31.246395300237293 ] } },
{ "type": "Feature", "properties": { "combined1": 1, "combined2": 0, "combined3": 0, "SpecialCom": 0, "Swing": 0, "slid": 0, "carrousel": 0, "spring": 1, "omega": 0, "roserose": 1, "other": null, "shadowing": "××©", "surface": "××©×× ××××", "Name": "×× ××¤×" }, "geometry": { "type": "Point", "coordinates": [ 34.78734850249657, 31.249043493187358 ] } },
{ "type": "Feature", "properties": { "combined1": 1, "combined2": 0, "combined3": 0, "SpecialCom": 0, "Swing": 0, "slid": 0, "carrousel": 0, "spring": 0, "omega": 0, "roserose": 0, "other": "×§××¨×ª ×©××× ××©×§×", "shadowing": "××©", "surface": "××©× ×¡×× ×××", "Name": "× ×©×¨" }, "geometry": { "type": "Point", "coordinates": [ 34.766486414426971, 31.226107498616887 ] } },
{ "type": "Feature", "properties": { "combined1": 0, "combined2": 0, "combined3": 0, "SpecialCom": 0, "Swing": 0, "slid": 0, "carrousel": 0, "spring": 0, "omega": 0, "roserose": 0, "other": null, "shadowing": null, "surface": null, "Name": "×× ×©××£ ×¤×× ×ª ×××××ª ×¢××××" }, "geometry": { "type": "Point", "coordinates": [ 34.765311004669087, 31.228079346299229 ] } },
{ "type": "Feature", "properties": { "combined1": 0, "combined2": 0, "combined3": 0, "SpecialCom": 1, "Swing": 0, "slid": 0, "carrousel": 0, "spring": 0, "omega": 0, "roserose": 1, "other": null, "shadowing": "××©", "surface": "××©× ×¡×× ×××", "Name": "×××××ª" }, "geometry": { "type": "Point", "coordinates": [ 34.763113471529074, 31.227690017397499 ] } },
{ "type": "Feature", "properties": { "combined1": 0, "combined2": 0, "combined3": 0, "SpecialCom": 1, "Swing": 0, "slid": 0, "carrousel": 0, "spring": 0, "omega": 0, "roserose": 0, "other": null, "shadowing": null, "surface": "××©× ×¡×× ×××", "Name": "×× ×©××£" }, "geometry": { "type": "Point", "coordinates": [ 34.765141993229321, 31.229592621391348 ] } },
{ "type": "Feature", "properties": { "combined1": 1, "combined2": 0, "combined3": 0, "SpecialCom": 0, "Swing": 0, "slid": 1, "carrousel": 0, "spring": 0, "omega": 0, "roserose": 0, "other": null, "shadowing": "××", "surface": "××©×× ××××", "Name": "××¨×¤\"×" }, "geometry": { "type": "Point", "coordinates": [ 34.797714501749269, 31.260953521588643 ] } },
{ "type": "Feature", "properties": { "combined1": 1, "combined2": 0, "combined3": 0, "SpecialCom": 0, "Swing": 2, "slid": 0, "carrousel": 0, "spring": 0, "omega": 0, "roserose": 0, "other": null, "shadowing": "××©", "surface": "××©× ×¡×× ×××", "Name": "×¤××¨×§ ××× ××× ×× × ×¡× ×©" }, "geometry": { "type": "Point", "coordinates": [ 34.808785866440509, 31.257532977607838 ] } },
{ "type": "Feature", "properties": { "combined1": 0, "combined2": 0, "combined3": 0, "SpecialCom": 0, "Swing": 0, "slid": 0, "carrousel": 0, "spring": 0, "omega": 0, "roserose": 0, "other": null, "shadowing": "××©", "surface": "××©×× ××××", "Name": "×¤××¨×§ × ×× ×××¨ ×©××¢  - ××××" }, "geometry": { "type": "Point", "coordinates": [ 34.819774954086519, 31.237833885799049 ] } },
{ "type": "Feature", "properties": { "combined1": 1, "combined2": 0, "combined3": 0, "SpecialCom": 0, "Swing": 0, "slid": 0, "carrousel": 0, "spring": 0, "omega": 0, "roserose": 1, "other": null, "shadowing": "××©", "surface": "××©× ×¡×× ×××", "Name": "×¢××" }, "geometry": { "type": "Point", "coordinates": [ 34.764179191846715, 31.224021374975287 ] } },
{ "type": "Feature", "properties": { "combined1": 1, "combined2": 0, "combined3": 0, "SpecialCom": 0, "Swing": 1, "slid": 0, "carrousel": 0, "spring": 1, "omega": 0, "roserose": 0, "other": null, "shadowing": "××©", "surface": "××©× ×¡×× ×××", "Name": "×¦××¢×× ×- ×××××× ××× ××¨× 14" }, "geometry": { "type": "Point", "coordinates": [ 34.779133673580013, 31.231950806260777 ] } },
{ "type": "Feature", "properties": { "combined1": 1, "combined2": 0, "combined3": 0, "SpecialCom": 0, "Swing": 1, "slid": 1, "carrousel": 0, "spring": 0, "omega": 0, "roserose": 0, "other": "× ×× ×× ×§× ××¦××¤××¨", "shadowing": "××©", "surface": "××©×× ××××", "Name": "×× ××¨××" }, "geometry": { "type": "Point", "coordinates": [ 34.779505534466281, 31.243018206297986 ] } },
{ "type": "Feature", "properties": { "combined1": 1, "combined2": 0, "combined3": 0, "SpecialCom": 0, "Swing": 1, "slid": 0, "carrousel": 1, "spring": 0, "omega": 0, "roserose": 0, "other": null, "shadowing": "××©", "surface": "××©× ×¡×× ×××", "Name": "×¢×× × ×©×¨" }, "geometry": { "type": "Point", "coordinates": [ 34.765034533008986, 31.226405826619246 ] } },
{ "type": "Feature", "properties": { "combined1": 0, "combined2": 0, "combined3": 0, "SpecialCom": 0, "Swing": 0, "slid": 0, "carrousel": 0, "spring": 0, "omega": 0, "roserose": 0, "other": null, "shadowing": null, "surface": null, "Name": "×× ×©××£ ×¤×× ×ª ×××××ª ×ª××ª××" }, "geometry": { "type": "Point", "coordinates": [ 34.765394622074517, 31.227850579112523 ] } },
{ "type": "Feature", "properties": { "combined1": 0, "combined2": 0, "combined3": 0, "SpecialCom": 0, "Swing": 1, "slid": 0, "carrousel": 1, "spring": 0, "omega": 0, "roserose": 0, "other": "××©×× ×©××× ××©×§×", "shadowing": "××©", "surface": "××©× ×¡×× ×××", "Name": "××¤×¨×× ××¨××" }, "geometry": { "type": "Point", "coordinates": [ 34.765566019534589, 31.230807034227496 ] } },
{ "type": "Feature", "properties": { "combined1": 0, "combined2": 1, "combined3": 0, "SpecialCom": 0, "Swing": 0, "slid": 2, "carrousel": 0, "spring": 0, "omega": 0, "roserose": 1, "other": null, "shadowing": "××©", "surface": "××©× ×¡×× ×××", "Name": "××××× ×¤×¢××××ª" }, "geometry": { "type": "Point", "coordinates": [ 34.75790631923401, 31.266657395088224 ] } },
{ "type": "Feature", "properties": { "combined1": 0, "combined2": 0, "combined3": 0, "SpecialCom": 1, "Swing": 3, "slid": 2, "carrousel": 0, "spring": 0, "omega": 0, "roserose": 2, "other": "×¤××¨××××ª ××××× ,×¡×§×, × ×× ×× ×§×¨×× ××ª,× ×× ××ª ×¡××¡ ×××,××ª×§× ×¡××", "shadowing": "××©", "surface": "××©× ×¡×× ×××", "Name": "××¨××¦×§×  ××§×¡××¨××" }, "geometry": { "type": "Point", "coordinates": [ 34.759687295694356, 31.259740905713539 ] } },
{ "type": "Feature", "properties": { "combined1": 1, "combined2": 0, "combined3": 0, "SpecialCom": 0, "Swing": 0, "slid": 0, "carrousel": 0, "spring": 0, "omega": 0, "roserose": 0, "other": "2 ×¡×××××", "shadowing": null, "surface": "××©×× ××××", "Name": "××××¢× ××× ××¤×¢× ××¤××¡" }, "geometry": { "type": "Point", "coordinates": [ 34.810827577441103, 31.269585370315298 ] } },
{ "type": "Feature", "properties": { "combined1": 1, "combined2": 0, "combined3": 0, "SpecialCom": 0, "Swing": 4, "slid": 0, "carrousel": 0, "spring": 2, "omega": 0, "roserose": 0, "other": null, "shadowing": "××©", "surface": "××©× ×¡×× ×××", "Name": "×©×¦\"×¤ ×¨×××ª ××××× ××¡' ××ª×¨ 57" }, "geometry": { "type": "Point", "coordinates": [ 34.775551014761085, 31.261122393367184 ] } },
{ "type": "Feature", "properties": { "combined1": 0, "combined2": 1, "combined3": 0, "SpecialCom": 0, "Swing": 0, "slid": 0, "carrousel": 0, "spring": 0, "omega": 0, "roserose": 0, "other": null, "shadowing": null, "surface": "××©×", "Name": "× ××× ×××××× 17" }, "geometry": { "type": "Point", "coordinates": [ 34.803176492356044, 31.278884430464313 ] } },
{ "type": "Feature", "properties": { "combined1": 1, "combined2": 0, "combined3": 0, "SpecialCom": 0, "Swing": 1, "slid": 0, "carrousel": 0, "spring": 0, "omega": 0, "roserose": 0, "other": null, "shadowing": "××©", "surface": "××©× ×¡×× ×××", "Name": "×©×¦\"×¤ ×××××¦××¨× ××§××£ 2 ××¡' ××ª×¨ 267 (×©×× ××××¨××)" }, "geometry": { "type": "Point", "coordinates": [ 34.778844477971859, 31.268936109522201 ] } },
{ "type": "Feature", "properties": { "combined1": 1, "combined2": 0, "combined3": 0, "SpecialCom": 0, "Swing": 1, "slid": 0, "carrousel": 0, "spring": 0, "omega": 0, "roserose": 0, "other": null, "shadowing": "××©", "surface": "××©× ×¡×× ×××", "Name": "×©×¦\"×¤ ×××××¦××¨× ××§××£ 1 ××¡' ××ª×¨ 249 (×©×× ×¤×¢××××ª)" }, "geometry": { "type": "Point", "coordinates": [ 34.779012858166496, 31.268868657294167 ] } },
{ "type": "Feature", "properties": { "combined1": 0, "combined2": 0, "combined3": 0, "SpecialCom": 0, "Swing": 0, "slid": 0, "carrousel": 0, "spring": 0, "omega": 0, "roserose": 0, "other": "×¤×× × ××©××§ ×××× ××¨×§×××¨, ×¤× × ××©××§ ×§×¡××××¤××, ××××ª ×××¤××¤×××", "shadowing": "××", "surface": "××©× ×¡×× ×××", "Name": "×¤××¨×§ ××©× ×××× ××¢×¨×× ××¡' ××ª×¨ 43." }, "geometry": { "type": "Point", "coordinates": [ 34.7733845580183, 31.265213028030391 ] } },
{ "type": "Feature", "properties": { "combined1": 1, "combined2": 0, "combined3": 0, "SpecialCom": 0, "Swing": 0, "slid": 0, "carrousel": 0, "spring": 1, "omega": 0, "roserose": 1, "other": null, "shadowing": "××©", "surface": "××©× ×¡×× ×××", "Name": "×¤××¨×§ ××©× ×××× ××¨××× ××¡' ××ª×¨ 42." }, "geometry": { "type": "Point", "coordinates": [ 34.773772638808751, 31.265215493252583 ] } },
{ "type": "Feature", "properties": { "combined1": 1, "combined2": 0, "combined3": 0, "SpecialCom": 0, "Swing": 1, "slid": 0, "carrousel": 0, "spring": 2, "omega": 0, "roserose": 0, "other": null, "shadowing": "××©", "surface": "××©× ×¡×× ×××", "Name": "×©×¦\"×¤ ××©× ×××× ×××¨×× ××¡' ××ª×¨ 44." }, "geometry": { "type": "Point", "coordinates": [ 34.775447054766133, 31.265816220453381 ] } },
{ "type": "Feature", "properties": { "combined1": 0, "combined2": 0, "combined3": 3, "SpecialCom": 0, "Swing": 0, "slid": 0, "carrousel": 0, "spring": 2, "omega": 0, "roserose": 0, "other": null, "shadowing": "××©", "surface": "××©×", "Name": "×¤×××§×¡ ×©×¤××¨×" }, "geometry": { "type": "Point", "coordinates": [ 34.800627064691732, 31.281767375146121 ] } },
{ "type": "Feature", "properties": { "combined1": 0, "combined2": 0, "combined3": 1, "SpecialCom": 0, "Swing": 0, "slid": 0, "carrousel": 1, "spring": 1, "omega": 0, "roserose": 0, "other": null, "shadowing": null, "surface": "××©×", "Name": "×©××©×× ×¢×××¦××¨ -×¨××× ×©××¨×××" }, "geometry": { "type": "Point", "coordinates": [ 34.797986356062154, 31.281874928414325 ] } },
{ "type": "Feature", "properties": { "combined1": 0, "combined2": 2, "combined3": 0, "SpecialCom": 0, "Swing": 0, "slid": 0, "carrousel": 1, "spring": 3, "omega": 0, "roserose": 1, "other": null, "shadowing": "××©", "surface": "××©×", "Name": "××©× ×§×××¨× -× ××× ×¡× ×" }, "geometry": { "type": "Point", "coordinates": [ 34.800028180228743, 31.28410642410676 ] } },
{ "type": "Feature", "properties": { "combined1": 0, "combined2": 0, "combined3": 1, "SpecialCom": 0, "Swing": 0, "slid": 0, "carrousel": 0, "spring": 2, "omega": 0, "roserose": 1, "other": "4", "shadowing": null, "surface": "××©×", "Name": "×××× ×©××©× ×" }, "geometry": { "type": "Point", "coordinates": [ 34.797498490208525, 31.283969912177614 ] } },
{ "type": "Feature", "properties": { "combined1": 0, "combined2": 0, "combined3": 0, "SpecialCom": 0, "Swing": 0, "slid": 0, "carrousel": 0, "spring": 0, "omega": 0, "roserose": 0, "other": "2", "shadowing": null, "surface": null, "Name": "×××× ×©××©× × ×¨×¤××" }, "geometry": { "type": "Point", "coordinates": [ 34.796675074897436, 31.284703236961015 ] } },
{ "type": "Feature", "properties": { "combined1": 0, "combined2": 0, "combined3": 0, "SpecialCom": 0, "Swing": 0, "slid": 0, "carrousel": 0, "spring": 0, "omega": 0, "roserose": 0, "other": "7", "shadowing": null, "surface": "××©×× ×××", "Name": "×¢×××¦××¨ ×©××©× × ×××××ª" }, "geometry": { "type": "Point", "coordinates": [ 34.796627698051829, 31.282611462731317 ] } },
{ "type": "Feature", "properties": { "combined1": 1, "combined2": 0, "combined3": 0, "SpecialCom": 0, "Swing": 0, "slid": 0, "carrousel": 0, "spring": 0, "omega": 0, "roserose": 0, "other": null, "shadowing": "××", "surface": "××©×", "Name": "× ××× ×©×¨×× ×¢××××" }, "geometry": { "type": "Point", "coordinates": [ 34.806257345958954, 31.283518277661877 ] } },
{ "type": "Feature", "properties": { "combined1": 1, "combined2": 0, "combined3": 0, "SpecialCom": 0, "Swing": 0, "slid": 0, "carrousel": 0, "spring": 0, "omega": 0, "roserose": 0, "other": null, "shadowing": null, "surface": "××©×× ××××", "Name": "× ××× ×©×¨×× 1" }, "geometry": { "type": "Point", "coordinates": [ 34.805288162347203, 31.281173671821659 ] } },
{ "type": "Feature", "properties": { "combined1": 1, "combined2": 0, "combined3": 0, "SpecialCom": 0, "Swing": 1, "slid": 0, "carrousel": 0, "spring": 0, "omega": 0, "roserose": 1, "other": null, "shadowing": "××©", "surface": "××©×", "Name": "× ××× ×××××× ×¢××××" }, "geometry": { "type": "Point", "coordinates": [ 34.803975349521373, 31.280014593839443 ] } },
{ "type": "Feature", "properties": { "combined1": 0, "combined2": 0, "combined3": 1, "SpecialCom": 0, "Swing": 0, "slid": 0, "carrousel": 0, "spring": 3, "omega": 0, "roserose": 0, "other": null, "shadowing": "××©", "surface": "××©×", "Name": "× ××× ×××××× ×××¦×¢×" }, "geometry": { "type": "Point", "coordinates": [ 34.803257303335883, 31.280148526773303 ] } },
{ "type": "Feature", "properties": { "combined1": 1, "combined2": 0, "combined3": 0, "SpecialCom": 0, "Swing": 0, "slid": 0, "carrousel": 0, "spring": 2, "omega": 0, "roserose": 1, "other": null, "shadowing": "××©", "surface": "××©×", "Name": "× ××× ×××××× ×ª××ª××" }, "geometry": { "type": "Point", "coordinates": [ 34.803099914294805, 31.280441071077529 ] } },
{ "type": "Feature", "properties": { "combined1": 1, "combined2": 0, "combined3": 0, "SpecialCom": 0, "Swing": 1, "slid": 0, "carrousel": 0, "spring": 2, "omega": 0, "roserose": 0, "other": null, "shadowing": "××©", "surface": "××©×", "Name": "××¦××§ ××××¢× -××¢×§× ××¨×©" }, "geometry": { "type": "Point", "coordinates": [ 34.80952538270536, 31.266232374234846 ] } },
{ "type": "Feature", "properties": { "combined1": 1, "combined2": 1, "combined3": 0, "SpecialCom": 0, "Swing": 1, "slid": 0, "carrousel": 0, "spring": 1, "omega": 0, "roserose": 0, "other": "2", "shadowing": null, "surface": "××©× ×¡×× ×××", "Name": "×¤××¨×§ ×¤×¢×××" }, "geometry": { "type": "Point", "coordinates": [ 34.791514669497218, 31.235181362971467 ] } },
{ "type": "Feature", "properties": { "combined1": 1, "combined2": 0, "combined3": 0, "SpecialCom": 0, "Swing": 0, "slid": 0, "carrousel": 0, "spring": 0, "omega": 0, "roserose": 1, "other": null, "shadowing": null, "surface": "××©× ×¡×× ×××", "Name": "×¤×¨××©×× ×××©" }, "geometry": { "type": "Point", "coordinates": [ 34.773241254872929, 31.239839196626697 ] } },
{ "type": "Feature", "properties": { "combined1": 0, "combined2": 0, "combined3": 0, "SpecialCom": 0, "Swing": 0, "slid": 0, "carrousel": 0, "spring": 0, "omega": 0, "roserose": 0, "other": "2", "shadowing": null, "surface": "××©×× ×××", "Name": "×¤×¨××©××" }, "geometry": { "type": "Point", "coordinates": [ 34.773130294462682, 31.239810189026926 ] } },
{ "type": "Feature", "properties": { "combined1": 1, "combined2": 0, "combined3": 0, "SpecialCom": 0, "Swing": 1, "slid": 2, "carrousel": 0, "spring": 0, "omega": 0, "roserose": 0, "other": "× ×× ××¢1", "shadowing": "××©", "surface": "××©×", "Name": "×©××¢×× × 14 ×§××××ª" }, "geometry": { "type": "Point", "coordinates": [ 34.795948205140434, 31.254609516791323 ] } },
{ "type": "Feature", "properties": { "combined1": 1, "combined2": 0, "combined3": 0, "SpecialCom": 0, "Swing": 3, "slid": 2, "carrousel": 1, "spring": 0, "omega": 0, "roserose": 1, "other": null, "shadowing": "××©", "surface": "××©× ×¡×× ×××", "Name": "×©× ××¡××¤×¨×× -××× ×©××××" }, "geometry": { "type": "Point", "coordinates": [ 34.792002195442315, 31.256253989959617 ] } },
{ "type": "Feature", "properties": { "combined1": 0, "combined2": 2, "combined3": 0, "SpecialCom": 0, "Swing": 0, "slid": 0, "carrousel": 1, "spring": 2, "omega": 0, "roserose": 0, "other": null, "shadowing": "××©", "surface": "××©×", "Name": "×©×¨×× ×××¨××¡××" }, "geometry": { "type": "Point", "coordinates": [ 34.797683887803522, 31.277033895958734 ] } },
{ "type": "Feature", "properties": { "combined1": 1, "combined2": 0, "combined3": 0, "SpecialCom": 0, "Swing": 3, "slid": 1, "carrousel": 0, "spring": 0, "omega": 0, "roserose": 0, "other": "1", "shadowing": "××©", "surface": "××©×× ××××", "Name": "××§×" }, "geometry": { "type": "Point", "coordinates": [ 34.798580189528799, 31.27761934171944 ] } },
{ "type": "Feature", "properties": { "combined1": 1, "combined2": 0, "combined3": 0, "SpecialCom": 0, "Swing": 0, "slid": 0, "carrousel": 0, "spring": 0, "omega": 0, "roserose": 0, "other": null, "shadowing": null, "surface": "××©×", "Name": "××©×¨×× ××××× 22" }, "geometry": { "type": "Point", "coordinates": [ 34.803552535717664, 31.284614936490708 ] } },
{ "type": "Feature", "properties": { "combined1": 0, "combined2": 1, "combined3": 0, "SpecialCom": 0, "Swing": 0, "slid": 0, "carrousel": 0, "spring": 0, "omega": 0, "roserose": 0, "other": null, "shadowing": null, "surface": "××©×", "Name": "××©×¨×× ××××× 13" }, "geometry": { "type": "Point", "coordinates": [ 34.804003928575348, 31.283330734353875 ] } },
{ "type": "Feature", "properties": { "combined1": 1, "combined2": 0, "combined3": 0, "SpecialCom": 0, "Swing": 0, "slid": 0, "carrousel": 0, "spring": 0, "omega": 0, "roserose": 0, "other": null, "shadowing": null, "surface": "××©×", "Name": "××©×¨×× ××××× 21" }, "geometry": { "type": "Point", "coordinates": [ 34.80438517927341, 31.284574352178044 ] } },
{ "type": "Feature", "properties": { "combined1": 0, "combined2": 1, "combined3": 0, "SpecialCom": 0, "Swing": 0, "slid": 0, "carrousel": 0, "spring": 1, "omega": 0, "roserose": 0, "other": null, "shadowing": null, "surface": "××©×× ××××", "Name": "×× ××× ××××× 12" }, "geometry": { "type": "Point", "coordinates": [ 34.805087917645878, 31.284468559040381 ] } },
{ "type": "Feature", "properties": { "combined1": 1, "combined2": 0, "combined3": 0, "SpecialCom": 0, "Swing": 0, "slid": 0, "carrousel": 0, "spring": 0, "omega": 0, "roserose": 1, "other": "1", "shadowing": null, "surface": "××©×× ×××", "Name": "××©×¨×× ××××× 35" }, "geometry": { "type": "Point", "coordinates": [ 34.803776191349023, 31.285768332216019 ] } },
{ "type": "Feature", "properties": { "combined1": 1, "combined2": 0, "combined3": 0, "SpecialCom": 0, "Swing": 0, "slid": 0, "carrousel": 0, "spring": 0, "omega": 0, "roserose": 0, "other": null, "shadowing": "××", "surface": "××©×", "Name": "××× ××©×××" }, "geometry": { "type": "Point", "coordinates": [ 34.803011673092861, 31.285696744088025 ] } },
{ "type": "Feature", "properties": { "combined1": 1, "combined2": 0, "combined3": 0, "SpecialCom": 0, "Swing": 0, "slid": 1, "carrousel": 0, "spring": 0, "omega": 0, "roserose": 1, "other": null, "shadowing": null, "surface": "××©×× ××××", "Name": "××¨×××× 2" }, "geometry": { "type": "Point", "coordinates": [ 34.811280425438618, 31.259180747789578 ] } },
{ "type": "Feature", "properties": { "combined1": 0, "combined2": 0, "combined3": 1, "SpecialCom": 0, "Swing": 3, "slid": 0, "carrousel": 0, "spring": 0, "omega": 0, "roserose": 0, "other": null, "shadowing": "××©", "surface": "××©×", "Name": "×××××× ×××¨- ××¨××" }, "geometry": { "type": "Point", "coordinates": [ 34.813238674138404, 31.267792805207542 ] } },
{ "type": "Feature", "properties": { "combined1": 0, "combined2": 0, "combined3": 0, "SpecialCom": 0, "Swing": 0, "slid": 0, "carrousel": 0, "spring": 0, "omega": 2, "roserose": 0, "other": "×××××× ×¤××¨×§×, ×××ª×× ×× ×××¦×¢×ª ××××¨", "shadowing": "××", "surface": "××©×× ×××", "Name": "×¤××¨×§ ×××××× ×©×× ×××××" }, "geometry": { "type": "Point", "coordinates": [ 34.762990771501521, 31.261784520446614 ] } },
{ "type": "Feature", "properties": { "combined1": 1, "combined2": 0, "combined3": 0, "SpecialCom": 0, "Swing": 1, "slid": 0, "carrousel": 0, "spring": 1, "omega": 0, "roserose": 0, "other": null, "shadowing": "××©", "surface": "××©×× ××××", "Name": "××¨××¦×§× 17 -1" }, "geometry": { "type": "Point", "coordinates": [ 34.760838176844267, 31.260135651088856 ] } },
{ "type": "Feature", "properties": { "combined1": 0, "combined2": 0, "combined3": 0, "SpecialCom": 0, "Swing": 0, "slid": 0, "carrousel": 0, "spring": 0, "omega": 0, "roserose": 0, "other": null, "shadowing": null, "surface": null, "Name": null }, "geometry": { "type": "Point", "coordinates": [ 34.777647431405704, 31.231652527019765 ] } },
{ "type": "Feature", "properties": { "combined1": 1, "combined2": 0, "combined3": 0, "SpecialCom": 0, "Swing": 3, "slid": 0, "carrousel": 0, "spring": 0, "omega": 0, "roserose": 0, "other": null, "shadowing": "××©", "surface": "××©× ×¡×× ×××", "Name": "×©×¦\"×¤ ×××¦×¢ × ××©×× 48 ××¡' ××ª×¨ 248" }, "geometry": { "type": "Point", "coordinates": [ 34.786995462899519, 31.259879229372693 ] } },
{ "type": "Feature", "properties": { "combined1": 1, "combined2": 0, "combined3": 0, "SpecialCom": 0, "Swing": 1, "slid": 0, "carrousel": 0, "spring": 1, "omega": 0, "roserose": 0, "other": null, "shadowing": "××©", "surface": "××©× ×¡×× ×××", "Name": "×©×¤×¨××¨" }, "geometry": { "type": "Point", "coordinates": [ 34.800698390602662, 31.248433437249506 ] } },
{ "type": "Feature", "properties": { "combined1": 1, "combined2": 0, "combined3": 0, "SpecialCom": 0, "Swing": 1, "slid": 0, "carrousel": 0, "spring": 1, "omega": 0, "roserose": 0, "other": null, "shadowing": null, "surface": "××©× ×¡×× ×××", "Name": "××©× ×§×××¨× -× ××× ×¡× × ×¤×¢××××ª" }, "geometry": { "type": "Point", "coordinates": [ 34.800086065505539, 31.284171247278056 ] } },
{ "type": "Feature", "properties": { "combined1": 0, "combined2": 0, "combined3": 0, "SpecialCom": 1, "Swing": 2, "slid": 0, "carrousel": 0, "spring": 1, "omega": 0, "roserose": 1, "other": "×¡×¤×¡× ××¨××©. ×§× ××¦××¤××¨, ××¡××× ×××¤× ×××, × ×¢× ××¢ ×§×¤××¦×× ××©×××©", "shadowing": "××©", "surface": "××©× ×¡×× ×××", "Name": "×©×¦\"×¤ ×××××" }, "geometry": { "type": "Point", "coordinates": [ 34.773922448738077, 31.243861556578974 ] } },
{ "type": "Feature", "properties": { "combined1": 1, "combined2": 0, "combined3": 0, "SpecialCom": 0, "Swing": 5, "slid": 0, "carrousel": 0, "spring": 1, "omega": 0, "roserose": 0, "other": null, "shadowing": "××©", "surface": "××©× ×¡×× ×××", "Name": "×©×¦\"×¤ ×¨×\"×§ ××¡' ××ª×¨ 256" }, "geometry": { "type": "Point", "coordinates": [ 34.771105399119094, 31.256833939766423 ] } },
{ "type": "Feature", "properties": { "combined1": 0, "combined2": 0, "combined3": 0, "SpecialCom": 0, "Swing": 2, "slid": 0, "carrousel": 0, "spring": 0, "omega": 0, "roserose": 1, "other": "12", "shadowing": "××©", "surface": "××©×× ××××", "Name": null }, "geometry": { "type": "Point", "coordinates": [ 34.785058855291936, 31.252955774962466 ] } },
{ "type": "Feature", "properties": { "combined1": 0, "combined2": 0, "combined3": 0, "SpecialCom": 0, "Swing": 0, "slid": 0, "carrousel": 0, "spring": 0, "omega": 0, "roserose": 0, "other": null, "shadowing": null, "surface": null, "Name": null }, "geometry": { "type": "Point", "coordinates": [ 34.78156290826972, 31.236907914490882 ] } },
{ "type": "Feature", "properties": { "combined1": 1, "combined2": 0, "combined3": 0, "SpecialCom": 0, "Swing": 1, "slid": 0, "carrousel": 0, "spring": 1, "omega": 0, "roserose": 0, "other": null, "shadowing": "××©", "surface": "××©× ×¡×× ×××", "Name": "×¤××× ×× ××××" }, "geometry": { "type": "Point", "coordinates": [ 34.772340117007069, 31.222442125898482 ] } },
{ "type": "Feature", "properties": { "combined1": 1, "combined2": 0, "combined3": 0, "SpecialCom": 0, "Swing": 1, "slid": 0, "carrousel": 0, "spring": 2, "omega": 0, "roserose": 0, "other": null, "shadowing": "××©", "surface": "××©× ×¡×× ×××", "Name": "×¤××¨×§ ××¦× ×× ×× ×©×× ×" }, "geometry": { "type": "Point", "coordinates": [ 34.778645455356965, 31.223226767940222 ] } },
{ "type": "Feature", "properties": { "combined1": 0, "combined2": 0, "combined3": 0, "SpecialCom": 0, "Swing": 0, "slid": 0, "carrousel": 0, "spring": 0, "omega": 0, "roserose": 0, "other": null, "shadowing": null, "surface": null, "Name": null }, "geometry": { "type": "Point", "coordinates": [ 34.800919032488324, 31.282863270051017 ] } },
{ "type": "Feature", "properties": { "combined1": 1, "combined2": 0, "combined3": 0, "SpecialCom": 0, "Swing": 1, "slid": 0, "carrousel": 0, "spring": 1, "omega": 0, "roserose": 1, "other": null, "shadowing": "××©", "surface": "××©× ×¡×× ×××", "Name": "×¤××¨×§ ××¦× ×× ×× ×©×× ×" }, "geometry": { "type": "Point", "coordinates": [ 34.779442772373613, 31.223763936513581 ] } },
{ "type": "Feature", "properties": { "combined1": 0, "combined2": 0, "combined3": 0, "SpecialCom": 0, "Swing": 0, "slid": 0, "carrousel": 0, "spring": 0, "omega": 0, "roserose": 0, "other": null, "shadowing": null, "surface": null, "Name": null }, "geometry": { "type": "Point", "coordinates": [ 34.800604757642347, 31.274958655567801 ] } },
{ "type": "Feature", "properties": { "combined1": 0, "combined2": 0, "combined3": 0, "SpecialCom": 0, "Swing": 0, "slid": 0, "carrousel": 0, "spring": 0, "omega": 0, "roserose": 0, "other": null, "shadowing": null, "surface": null, "Name": null }, "geometry": { "type": "Point", "coordinates": [ 34.800604107109478, 31.275111376135758 ] } },
{ "type": "Feature", "properties": { "combined1": 1, "combined2": 0, "combined3": 0, "SpecialCom": 0, "Swing": 2, "slid": 0, "carrousel": 0, "spring": 0, "omega": 0, "roserose": 1, "other": null, "shadowing": "××©", "surface": "××©× ×¡×× ×××", "Name": "×©×¦\"×¤ ××××× × ××¡' ××ª×¨ 304" }, "geometry": { "type": "Point", "coordinates": [ 34.778902469565175, 31.266782032265162 ] } },
{ "type": "Feature", "properties": { "combined1": 1, "combined2": 0, "combined3": 0, "SpecialCom": 0, "Swing": 5, "slid": 0, "carrousel": 0, "spring": 2, "omega": 0, "roserose": 0, "other": "×××ª ×¤××¨×× 1, ××ª×§× ×¡××××× 1, ××××¨× ××××× 1", "shadowing": "××©", "surface": "××©× ×¡×× ×××", "Name": "×©×¦\"×¤ ×¤× ×× ××¡' ××ª×¨ 291." }, "geometry": { "type": "Point", "coordinates": [ 34.777348098274175, 31.264013557144338 ] } },
{ "type": "Feature", "properties": { "combined1": 1, "combined2": 0, "combined3": 0, "SpecialCom": 0, "Swing": 0, "slid": 0, "carrousel": 0, "spring": 0, "omega": 0, "roserose": 0, "other": null, "shadowing": "××©", "surface": "××©× ×¡×× ×××", "Name": "×©×¦\"×¤ ×¨×××ª ××¨×× ××¡' ××ª×¨ 327" }, "geometry": { "type": "Point", "coordinates": [ 34.774620775423294, 31.263251592880774 ] } },
{ "type": "Feature", "properties": { "combined1": 0, "combined2": 0, "combined3": 0, "SpecialCom": 1, "Swing": 2, "slid": 3, "carrousel": 1, "spring": 0, "omega": 0, "roserose": 0, "other": "×§× ××¦××¤××¨, ×§××¨×ª ×©××× ××©×§× ×¢× ×§×¤××¦××, ××ª×§× ××§×××××, ××ª×§×", "shadowing": "××©", "surface": "××©× ×¡×× ×××", "Name": "×××××¢" }, "geometry": { "type": "Point", "coordinates": [ 34.7722524163526, 31.252545377830511 ] } },
{ "type": "Feature", "properties": { "combined1": 0, "combined2": 0, "combined3": 1, "SpecialCom": 0, "Swing": 4, "slid": 2, "carrousel": 1, "spring": 2, "omega": 0, "roserose": 0, "other": "× ×¢× ××¢ ×-3,× ×¢× ××¢ ×¦×××ª,× ×¢× ××¢ ×××¦×,×××ª ×××××ª,××××¨× ×××××,×§×", "shadowing": "××©", "surface": null, "Name": "×©××¨××ª ××¨××©×××" }, "geometry": { "type": "Point", "coordinates": [ 34.776560327814572, 31.245207619840663 ] } },
{ "type": "Feature", "properties": { "combined1": 0, "combined2": 0, "combined3": 0, "SpecialCom": 0, "Swing": 0, "slid": 0, "carrousel": 0, "spring": 0, "omega": 0, "roserose": 0, "other": "2 × ×× ×××ª ×× ××××", "shadowing": "××©", "surface": "××©×× ××××", "Name": "××××××" }, "geometry": { "type": "Point", "coordinates": [ 34.772008895158592, 31.251735606728811 ] } },
{ "type": "Feature", "properties": { "combined1": 0, "combined2": 0, "combined3": 0, "SpecialCom": 0, "Swing": 0, "slid": 0, "carrousel": 0, "spring": 0, "omega": 0, "roserose": 0, "other": null, "shadowing": null, "surface": null, "Name": null }, "geometry": { "type": "Point", "coordinates": [ 34.776565925998113, 31.24519809361372 ] } },
{ "type": "Feature", "properties": { "combined1": 0, "combined2": 1, "combined3": 0, "SpecialCom": 0, "Swing": 2, "slid": 2, "carrousel": 0, "spring": 0, "omega": 0, "roserose": 0, "other": "××¦×××ª × ×× ×× ×¢× ×××©× ×¤×¢××××ª ××××©× ×§× ××¦××¤××¨", "shadowing": "××", "surface": "××©× ×¡×× ×××", "Name": "×¢×× ××× ××ª×× ×" }, "geometry": { "type": "Point", "coordinates": [ 34.77008868052409, 31.248283329461376 ] } },
{ "type": "Feature", "properties": { "combined1": 1, "combined2": 0, "combined3": 0, "SpecialCom": 0, "Swing": 4, "slid": 0, "carrousel": 1, "spring": 2, "omega": 0, "roserose": 0, "other": "×××ª ×××××ª, × ×¢× ××¢ ×§×¤××¦×× ××ª××ª ×¢××× ,×××©× × ×¢× ××¢ ×××¦×,× ×¢× ×", "shadowing": "××©", "surface": null, "Name": "×©××¨××ª ××¨××©×××" }, "geometry": { "type": "Point", "coordinates": [ 34.776565925998113, 31.24519809361372 ] } },
{ "type": "Feature", "properties": { "combined1": 0, "combined2": 1, "combined3": 0, "SpecialCom": 1, "Swing": 5, "slid": 4, "carrousel": 0, "spring": 0, "omega": 0, "roserose": 0, "other": "× ×× ×××ª -2 ××××¨××,2 ×¤×¢××××ª,×××©× ×§× ××¦××¤××¨.  3 ××©×¤×× ×¡×", "shadowing": "××©", "surface": "××©×× ××××", "Name": "×¢××¤×¨× ×××" }, "geometry": { "type": "Point", "coordinates": [ 34.759427860623816, 31.27269436921911 ] } },
{ "type": "Feature", "properties": { "combined1": 0, "combined2": 0, "combined3": 3, "SpecialCom": 0, "Swing": 5, "slid": 4, "carrousel": 0, "spring": 1, "omega": 0, "roserose": 0, "other": "×××§×¡ ×¢××××, × ×× ×××ª -2 ××××¨××,2×¤×¢××××ª,1 ×§× ××¦××¤××¨", "shadowing": "××©", "surface": "××©× ×¡×× ×××", "Name": "××¨×× ××§×¡××× ×××©" }, "geometry": { "type": "Point", "coordinates": [ 34.78338857920005, 31.249928477213729 ] } },
{ "type": "Feature", "properties": { "combined1": 1, "combined2": 0, "combined3": 0, "SpecialCom": 0, "Swing": 1, "slid": 0, "carrousel": 0, "spring": 0, "omega": 0, "roserose": 0, "other": null, "shadowing": "××©", "surface": "××©× ×¡×× ×××", "Name": "×©×¦\"×¤ ××¨××× ××¡' ××ª×¨ 258" }, "geometry": { "type": "Point", "coordinates": [ 34.783898120330448, 31.262181658492462 ] } },
{ "type": "Feature", "properties": { "combined1": 1, "combined2": 0, "combined3": 0, "SpecialCom": 0, "Swing": 4, "slid": 0, "carrousel": 0, "spring": 1, "omega": 0, "roserose": 0, "other": "1 ×§×¨××¡××ª ×¢××××, 1 ××ª×§× ×¡×××××, 1 ×××ª ×¤××¨××.", "shadowing": "××©", "surface": "××©× ×¡×× ×××", "Name": "×©×¦\"×¤ ×××¦×¢ ×¢×××× ××¡' ××ª×¨ 290" }, "geometry": { "type": "Point", "coordinates": [ 34.780264375403029, 31.259117655503406 ] } },
{ "type": "Feature", "properties": { "combined1": 0, "combined2": 0, "combined3": 1, "SpecialCom": 0, "Swing": 5, "slid": 2, "carrousel": 0, "spring": 0, "omega": 0, "roserose": 0, "other": "×¤×¨××××ª ×××¤××¡ ×××××, × ×× ×××ª- 2××××¨××,2×¤×¢××××ª,1×§× ××¦××¤××¨", "shadowing": "××©", "surface": "××©×", "Name": "×©×¦×¤ ××©×××©××" }, "geometry": { "type": "Point", "coordinates": [ 34.7545178322802, 31.275987366574991 ] } },
{ "type": "Feature", "properties": { "combined1": 0, "combined2": 0, "combined3": 1, "SpecialCom": 1, "Swing": 0, "slid": 2, "carrousel": 0, "spring": 0, "omega": 0, "roserose": 1, "other": "××× × ×××¤××¡,×××× ×××¤××¡,××ª×§× ×××¤××¡,×¢×× ××¨× ××××× ×¢×××", "shadowing": "××©", "surface": "××©×× ××××", "Name": "×¢×× ×××¨" }, "geometry": { "type": "Point", "coordinates": [ 34.751642296576151, 31.267073932132355 ] } },
{ "type": "Feature", "properties": { "combined1": 0, "combined2": 0, "combined3": 1, "SpecialCom": 0, "Swing": 0, "slid": 3, "carrousel": 0, "spring": 0, "omega": 0, "roserose": 1, "other": "××× × ×××¤××¡,×¤×¨××××ª ×××××,×××× ×××¤××¡×¢×× ××¨× ××©×××©×,××ª×§×", "shadowing": "××©", "surface": "××©×× ××××", "Name": "×¤××× ×× ×××¨×××" }, "geometry": { "type": "Point", "coordinates": [ 34.748244031946953, 31.270099650709096 ] } },
{ "type": "Feature", "properties": { "combined1": 0, "combined2": 0, "combined3": 0, "SpecialCom": 0, "Swing": 0, "slid": 2, "carrousel": 0, "spring": 0, "omega": 0, "roserose": 0, "other": "××× × ×××¤××¡, ×××× ×××¤××¡", "shadowing": "××©", "surface": "××©×× ××××", "Name": "××¨×× ×× ×¤××¨×" }, "geometry": { "type": "Point", "coordinates": [ 34.750657538933027, 31.272283289426923 ] } },
{ "type": "Feature", "properties": { "combined1": 1, "combined2": 1, "combined3": 0, "SpecialCom": 0, "Swing": 2, "slid": 2, "carrousel": 1, "spring": 1, "omega": 0, "roserose": 1, "other": "× ×× ×××ª-1 ××××¨××,1 ×§× ××¦××¤××¨.", "shadowing": "××©", "surface": "××©×", "Name": "×¤×¢××××ª ××× ×××ª" }, "geometry": { "type": "Point", "coordinates": [ 34.753962391490276, 31.271669710141918 ] } },
{ "type": "Feature", "properties": { "combined1": 1, "combined2": 0, "combined3": 0, "SpecialCom": 0, "Swing": 1, "slid": 0, "carrousel": 0, "spring": 0, "omega": 0, "roserose": 0, "other": null, "shadowing": "××©", "surface": "××©× ×¡×× ×××", "Name": "×©×¦\"×¤ ×××¦×¢ ×§×× ××¡' ××ª×¨ 357" }, "geometry": { "type": "Point", "coordinates": [ 34.783664732291868, 31.265008646288535 ] } },
{ "type": "Feature", "properties": { "combined1": 1, "combined2": 0, "combined3": 0, "SpecialCom": 1, "Swing": 0, "slid": 3, "carrousel": 0, "spring": 0, "omega": 0, "roserose": 0, "other": null, "shadowing": "××©", "surface": "××©×× ××××", "Name": "×××¨× ×××©×××¨" }, "geometry": { "type": "Point", "coordinates": [ 34.751313138495249, 31.269535414250342 ] } },
{ "type": "Feature", "properties": { "combined1": 0, "combined2": 0, "combined3": 1, "SpecialCom": 0, "Swing": 5, "slid": 2, "carrousel": 0, "spring": 0, "omega": 0, "roserose": 1, "other": "××ª×§× ×××¤××¡ ×××××,× ×× ××ª ×¡××¡ ×××,×¢×× ××¨× ××©××××,× ×× ×××ª 2×", "shadowing": "××©", "surface": "××©×× ××××", "Name": "×¤×××¨× ××©×¨" }, "geometry": { "type": "Point", "coordinates": [ 34.75480633884407, 31.268287725349484 ] } },
{ "type": "Feature", "properties": { "combined1": 0, "combined2": 0, "combined3": 0, "SpecialCom": 0, "Swing": 12, "slid": 0, "carrousel": 0, "spring": 0, "omega": 0, "roserose": 0, "other": "× ×× ×××ª-2× ×××©××, 2 ×§× ××¦××¤××¨,4××××¨××,4×¤×¢××××ª", "shadowing": "××©", "surface": "××©× ×¡×× ×××", "Name": "× ×¢×× ×©××¨ × ×× ×××ª" }, "geometry": { "type": "Point", "coordinates": [ 34.754490081175597, 31.273023386956488 ] } },
{ "type": "Feature", "properties": { "combined1": 1, "combined2": 0, "combined3": 0, "SpecialCom": 2, "Swing": 0, "slid": 0, "carrousel": 4, "spring": 0, "omega": 1, "roserose": 2, "other": "×¢×××× ×× × ×ª×§×× ×××××§×, ×¡×¤××××¨, ×¢×× ××¨× ××ª×××,×§×¨××¡××ª ×ª××", "shadowing": "××©", "surface": "××©× ×¡×× ×××", "Name": "××× ×××ª ×××××ª" }, "geometry": { "type": "Point", "coordinates": [ 34.755031487611483, 31.272365475116228 ] } },
{ "type": "Feature", "properties": { "combined1": 0, "combined2": 0, "combined3": 0, "SpecialCom": 0, "Swing": 14, "slid": 0, "carrousel": 1, "spring": 0, "omega": 0, "roserose": 0, "other": "×§×¨××¡××ª ×××××,× ×× ××ª ×× ××××,× ×× ××ª ×¡××¡ ×××,4××××¨×× 4 ×¤×¢×××", "shadowing": "××©", "surface": "××©×× ××××", "Name": "×¤××¨×§ ×¡××××××ª ××ª×× ××¡×¤×¨ 1" }, "geometry": { "type": "Point", "coordinates": [ 34.754507314581588, 31.258110171737119 ] } },
{ "type": "Feature", "properties": { "combined1": 0, "combined2": 0, "combined3": 1, "SpecialCom": 0, "Swing": 0, "slid": 2, "carrousel": 1, "spring": 0, "omega": 0, "roserose": 2, "other": "××× ×××ª ×¤××¨××× ××¢×¥, ×¢×× ××¨× × 4, ×¢×× ××¨× 4 ×××©××× ×ª×××××", "shadowing": "××©", "surface": "××©× ×¡×× ×××", "Name": "×¤××¨×§ ×¡××××××ª ××ª×× 4" }, "geometry": { "type": "Point", "coordinates": [ 34.755233400458927, 31.25759011495224 ] } },
{ "type": "Feature", "properties": { "combined1": 0, "combined2": 0, "combined3": 0, "SpecialCom": 0, "Swing": 0, "slid": 0, "carrousel": 0, "spring": 2, "omega": 0, "roserose": 0, "other": null, "shadowing": "××©", "surface": "××©×× ××××", "Name": "××¨××× 1" }, "geometry": { "type": "Point", "coordinates": [ 34.753737597760832, 31.259041706351891 ] } },
{ "type": "Feature", "properties": { "combined1": 0, "combined2": 2, "combined3": 0, "SpecialCom": 0, "Swing": 0, "slid": 1, "carrousel": 0, "spring": 0, "omega": 0, "roserose": 2, "other": "×¢×× ××¨× ××©×××©× ××©×ª××©××, ×¢×× ××¨× ××¢××××, ××ª×§× ×××¤××¡", "shadowing": "××©", "surface": "××©×× ××××", "Name": "×¤××¨×§ ×¡××××××ª ××ª×× 2" }, "geometry": { "type": "Point", "coordinates": [ 34.754802811046211, 31.257889281043337 ] } },
{ "type": "Feature", "properties": { "combined1": 0, "combined2": 0, "combined3": 0, "SpecialCom": 0, "Swing": 0, "slid": 0, "carrousel": 0, "spring": 0, "omega": 0, "roserose": 0, "other": "×××ª×§× ××¢×¥  ×××¤××¡ ×××××", "shadowing": "××©", "surface": "××©×× ××××", "Name": "×¤××¨×§ ×¡××××××ª ××ª×× 5" }, "geometry": { "type": "Point", "coordinates": [ 34.755443708022625, 31.257466762430031 ] } },
{ "type": "Feature", "properties": { "combined1": 0, "combined2": 0, "combined3": 0, "SpecialCom": 0, "Swing": 0, "slid": 0, "carrousel": 0, "spring": 0, "omega": 0, "roserose": 1, "other": "×¨×××ª ××¤×ª×¢××ª, ×××ª ×××××ª,", "shadowing": "××©", "surface": "××©×× ××××", "Name": "××¨××× ××ª×× 3" }, "geometry": { "type": "Point", "coordinates": [ 34.753900609831526, 31.258934895601488 ] } },
{ "type": "Feature", "properties": { "combined1": 1, "combined2": 0, "combined3": 0, "SpecialCom": 0, "Swing": 0, "slid": 1, "carrousel": 1, "spring": 0, "omega": 0, "roserose": 0, "other": "××ª×§× ×¢×¥ ×¢× ×§×¤××¦××, ××ª×§× ×××× ×¡××¨×ª ×¢×¥, ×§×¨××¡×× ××× ××©×ª, ××", "shadowing": "××©", "surface": "××©× ×¡×× ×××", "Name": "×¤××¨×§ ×¡××××××ª ××ª×× 3" }, "geometry": { "type": "Point", "coordinates": [ 34.755111895257244, 31.257731673976807 ] } },
{ "type": "Feature", "properties": { "combined1": 0, "combined2": 1, "combined3": 0, "SpecialCom": 0, "Swing": 0, "slid": 1, "carrousel": 0, "spring": 0, "omega": 0, "roserose": 0, "other": null, "shadowing": "××©", "surface": "××©×× ××××", "Name": "××¨××× ×©××  2" }, "geometry": { "type": "Point", "coordinates": [ 34.753805874989219, 31.258995413020688 ] } },
{ "type": "Feature", "properties": { "combined1": 1, "combined2": 0, "combined3": 0, "SpecialCom": 0, "Swing": 1, "slid": 1, "carrousel": 0, "spring": 0, "omega": 0, "roserose": 0, "other": "×××©× ×§× ××¦××¤××¨", "shadowing": "××©", "surface": "××©×× ××××", "Name": "××¨××× 9" }, "geometry": { "type": "Point", "coordinates": [ 34.753036135450351, 31.258236021676161 ] } },
{ "type": "Feature", "properties": { "combined1": 0, "combined2": 0, "combined3": 0, "SpecialCom": 0, "Swing": 0, "slid": 0, "carrousel": 0, "spring": 0, "omega": 0, "roserose": 0, "other": null, "shadowing": null, "surface": null, "Name": null }, "geometry": { "type": "Point", "coordinates": [ 34.821664533597001, 31.272811161335174 ] } },
{ "type": "Feature", "properties": { "combined1": 1, "combined2": 0, "combined3": 0, "SpecialCom": 0, "Swing": 1, "slid": 1, "carrousel": 0, "spring": 0, "omega": 0, "roserose": 0, "other": "××¦×××ª × ×× ×× ×§× ××¦××¤××¨, ××ª×§× ××©××× ×¤××", "shadowing": "××©", "surface": "××©× ×¡×× ×××", "Name": "×©×¦\"×¤ ×××ª ×©××" }, "geometry": { "type": "Point", "coordinates": [ 34.767819521860375, 31.249199567347766 ] } },
{ "type": "Feature", "properties": { "combined1": 0, "combined2": 0, "combined3": 1, "SpecialCom": 0, "Swing": 4, "slid": 4, "carrousel": 0, "spring": 0, "omega": 0, "roserose": 1, "other": "×¢×× ××¨× × 3 ,× ×× ×××ª-1 ×§× ××¦××¤××¨,1 ××××¨××, 1 ×¤×¢××××ª,××©××× ××¢", "shadowing": "××©", "surface": "××©× ×¡×× ×××", "Name": "××××¨×××" }, "geometry": { "type": "Point", "coordinates": [ 34.764122140719174, 31.250791141904475 ] } },
{ "type": "Feature", "properties": { "combined1": 0, "combined2": 1, "combined3": 0, "SpecialCom": 0, "Swing": 2, "slid": 1, "carrousel": 0, "spring": 1, "omega": 0, "roserose": 0, "other": "× ×× ×××ª- 1 ×§× ×¦××¤××¨, 1 ××××¨×× . ××©××× ××××¨×", "shadowing": "××©", "surface": "××©× ×¡×× ×××", "Name": "×¢××" }, "geometry": { "type": "Point", "coordinates": [ 34.76709528956841, 31.251756998681664 ] } },
{ "type": "Feature", "properties": { "combined1": 0, "combined2": 1, "combined3": 0, "SpecialCom": 1, "Swing": 3, "slid": 1, "carrousel": 0, "spring": 0, "omega": 0, "roserose": 0, "other": "3 × ×× ×××ª ×¢×¨×¡× ×××××, ××©××× ×¢×¥ ×©××× ××©×§×, ×¢××× ×××¤××¡", "shadowing": "××", "surface": "××©× ×¡×× ×××", "Name": "×××¨×©×ª × ×××ª ×××" }, "geometry": { "type": "Point", "coordinates": [ 34.76250680425315, 31.249333542023813 ] } },
{ "type": "Feature", "properties": { "combined1": 1, "combined2": 0, "combined3": 0, "SpecialCom": 0, "Swing": 4, "slid": 0, "carrousel": 0, "spring": 0, "omega": 0, "roserose": 0, "other": null, "shadowing": "××©", "surface": "××©× ×¡×× ×××", "Name": "×©×¦\"×¤ ××¨× ××¨×¦×× ××¡' ××ª×¨ 295" }, "geometry": { "type": "Point", "coordinates": [ 34.768624202838524, 31.26023129648263 ] } },
{ "type": "Feature", "properties": { "combined1": 1, "combined2": 0, "combined3": 0, "SpecialCom": 0, "Swing": 2, "slid": 0, "carrousel": 0, "spring": 0, "omega": 0, "roserose": 0, "other": null, "shadowing": "××©", "surface": "××©× ×¡×× ×××", "Name": "×©×¦\"×¤ ×××× ×× ××× (××¨×× ××¡××¨×) ××¡' ××ª×¨ 294" }, "geometry": { "type": "Point", "coordinates": [ 34.761638969974335, 31.256710321889571 ] } },
{ "type": "Feature", "properties": { "combined1": 1, "combined2": 0, "combined3": 0, "SpecialCom": 0, "Swing": 3, "slid": 0, "carrousel": 0, "spring": 1, "omega": 0, "roserose": 0, "other": null, "shadowing": "××©", "surface": "××©× ×¡×× ×××", "Name": "×©×¦\"×¤ ×¨×××ª ×¨×\"× ××¡' ××ª×¨ 293" }, "geometry": { "type": "Point", "coordinates": [ 34.77086104628453, 31.258875097866088 ] } },
{ "type": "Feature", "properties": { "combined1": 1, "combined2": 1, "combined3": 0, "SpecialCom": 0, "Swing": 2, "slid": 0, "carrousel": 0, "spring": 1, "omega": 0, "roserose": 2, "other": "××× × ××× ×", "shadowing": "××©", "surface": "××©× ×¡×× ×××", "Name": "×× ×× ×× ××¨××× 297" }, "geometry": { "type": "Point", "coordinates": [ 34.783158603777565, 31.228717794060774 ] } },
{ "type": "Feature", "properties": { "combined1": 1, "combined2": 0, "combined3": 0, "SpecialCom": 0, "Swing": 1, "slid": 0, "carrousel": 0, "spring": 0, "omega": 0, "roserose": 0, "other": null, "shadowing": "××©", "surface": "××©× ×¡×× ×××", "Name": "×©×¦\"×¤ ××¨×× ××××¦'×× ××¡' ××ª×¨ 296" }, "geometry": { "type": "Point", "coordinates": [ 34.766624351194935, 31.262589310568032 ] } },
{ "type": "Feature", "properties": { "combined1": 1, "combined2": 1, "combined3": 0, "SpecialCom": 0, "Swing": 0, "slid": 4, "carrousel": 0, "spring": 0, "omega": 0, "roserose": 0, "other": null, "shadowing": "××©", "surface": "××©× ×¡×× ×××", "Name": "×¤××¨×§ ××¢×¤××××" }, "geometry": { "type": "Point", "coordinates": [ 34.806309657647688, 31.249504249338489 ] } },
{ "type": "Feature", "properties": { "combined1": 1, "combined2": 0, "combined3": 0, "SpecialCom": 0, "Swing": 0, "slid": 0, "carrousel": 0, "spring": 1, "omega": 0, "roserose": 0, "other": null, "shadowing": "××©", "surface": "××©×× ××××", "Name": "××× 299" }, "geometry": { "type": "Point", "coordinates": [ 34.781273787445556, 31.23042019743237 ] } },
{ "type": "Feature", "properties": { "combined1": 1, "combined2": 0, "combined3": 0, "SpecialCom": 0, "Swing": 1, "slid": 2, "carrousel": 0, "spring": 0, "omega": 0, "roserose": 0, "other": null, "shadowing": "××©", "surface": "××©× ×¡×× ×××", "Name": "×¦×× ××¨×××× ×¤×" }, "geometry": { "type": "Point", "coordinates": [ 34.804216709556215, 31.247867314706912 ] } },
{ "type": "Feature", "properties": { "combined1": 1, "combined2": 0, "combined3": 0, "SpecialCom": 0, "Swing": 1, "slid": 0, "carrousel": 0, "spring": 0, "omega": 0, "roserose": 0, "other": "×××¤", "shadowing": "××©", "surface": "××©×× ××××", "Name": "×¤×× ×¨×§×¤×ª 298" }, "geometry": { "type": "Point", "coordinates": [ 34.796036065814889, 31.228364019347051 ] } },
{ "type": "Feature", "properties": { "combined1": 1, "combined2": 0, "combined3": 0, "SpecialCom": 0, "Swing": 1, "slid": 0, "carrousel": 0, "spring": 0, "omega": 0, "roserose": 0, "other": "××× ×××¤× ×××-××ª×§× ××××©× ×¢×××-××ª×§× ×¤× × ×¤×¢××××ª", "shadowing": "××©", "surface": "××©× ×¡×× ×××", "Name": "××¡××× 914 ×××¨××¡ ×× ×× × ×¨×§××¡" }, "geometry": { "type": "Point", "coordinates": [ 34.797228412511792, 31.229622176849475 ] } },
{ "type": "Feature", "properties": { "combined1": 1, "combined2": 0, "combined3": 0, "SpecialCom": 0, "Swing": 1, "slid": 1, "carrousel": 0, "spring": 1, "omega": 0, "roserose": 0, "other": "× ×× ×× ×××©× ×§× ××¦××¤××¨", "shadowing": "××©", "surface": "××©×", "Name": "×¢×××ª××ª" }, "geometry": { "type": "Point", "coordinates": [ 34.756960945573226, 31.261121167643722 ] } },
{ "type": "Feature", "properties": { "combined1": 0, "combined2": 0, "combined3": 0, "SpecialCom": 0, "Swing": 6, "slid": 0, "carrousel": 0, "spring": 0, "omega": 0, "roserose": 0, "other": "2×××©×  ×§× ××¦××¤××¨, 2 ×××©× ××××¨××, 2 ×××©× ×¤×¢××××ª", "shadowing": "××©", "surface": "××©× ×¡×× ×××", "Name": "××××× × ×× ×××ª" }, "geometry": { "type": "Point", "coordinates": [ 34.758028636996826, 31.26652146163671 ] } },
{ "type": "Feature", "properties": { "combined1": 1, "combined2": 0, "combined3": 0, "SpecialCom": 0, "Swing": 0, "slid": 0, "carrousel": 0, "spring": 1, "omega": 0, "roserose": 0, "other": "××ª×§× × ×¢× ××¢ ×××× ×¤×¨×", "shadowing": "××©", "surface": "××©× ×¡×× ×××", "Name": "×××¨×× ×¡×× ××ª×× ×" }, "geometry": { "type": "Point", "coordinates": [ 34.761613021897297, 31.266377558600539 ] } },
{ "type": "Feature", "properties": { "combined1": 1, "combined2": 0, "combined3": 0, "SpecialCom": 0, "Swing": 0, "slid": 0, "carrousel": 1, "spring": 0, "omega": 0, "roserose": 0, "other": "×§×¨××¡×× ××¢××××", "shadowing": "××©", "surface": "××©× ×¡×× ×××", "Name": "××¨××× ××" }, "geometry": { "type": "Point", "coordinates": [ 34.769848722039157, 31.269931461879402 ] } },
{ "type": "Feature", "properties": { "combined1": 0, "combined2": 0, "combined3": 1, "SpecialCom": 0, "Swing": 5, "slid": 3, "carrousel": 0, "spring": 0, "omega": 0, "roserose": 1, "other": "× ×× ×××ª 2 ××××¨××, 2 ×¤×¢××××ª, 1 ×§× ××¦××¤××¨", "shadowing": "××©", "surface": "××©× ×¡×× ×××", "Name": "×× × ×¨×××× ×" }, "geometry": { "type": "Point", "coordinates": [ 34.770026855118481, 31.269859282504878 ] } },
{ "type": "Feature", "properties": { "combined1": 0, "combined2": 0, "combined3": 0, "SpecialCom": 1, "Swing": 0, "slid": 3, "carrousel": 0, "spring": 0, "omega": 0, "roserose": 0, "other": "××©××× ××××× ××× ××", "shadowing": "××", "surface": "××©× ×¡×× ×××", "Name": "×¤××¨×§ ×××××× ××× ××" }, "geometry": { "type": "Point", "coordinates": [ 34.760792992212629, 31.261379247049302 ] } },
{ "type": "Feature", "properties": { "combined1": 1, "combined2": 1, "combined3": 0, "SpecialCom": 0, "Swing": 3, "slid": 3, "carrousel": 2, "spring": 2, "omega": 0, "roserose": 0, "other": "2", "shadowing": "××©", "surface": "××©× ×¡×× ×××", "Name": "×¨××¨156" }, "geometry": { "type": "Point", "coordinates": [ 34.798520114485989, 31.270469727837426 ] } },
{ "type": "Feature", "properties": { "combined1": 0, "combined2": 0, "combined3": 0, "SpecialCom": 0, "Swing": 1, "slid": 0, "carrousel": 0, "spring": 0, "omega": 0, "roserose": 1, "other": "×××× ×¢×¥ ×©××× ××©×§× ×¢×××× ×××¨×××", "shadowing": "××©", "surface": "××©×× ××××", "Name": "×¤××¨×§ ××¨×× ×©×× 3" }, "geometry": { "type": "Point", "coordinates": [ 34.783040027001555, 31.235843714868256 ] } },
{ "type": "Feature", "properties": { "combined1": 0, "combined2": 0, "combined3": 0, "SpecialCom": 0, "Swing": 0, "slid": 0, "carrousel": 0, "spring": 0, "omega": 0, "roserose": 0, "other": "×§××¨××ª ×©××× ××©×§×", "shadowing": "××", "surface": "××©×", "Name": "×¤××¨×§ ××¨×× ×©××5" }, "geometry": { "type": "Point", "coordinates": [ 34.782632338229284, 31.236343500849308 ] } },
{ "type": "Feature", "properties": { "combined1": 1, "combined2": 1, "combined3": 0, "SpecialCom": 0, "Swing": 3, "slid": 2, "carrousel": 0, "spring": 0, "omega": 0, "roserose": 0, "other": null, "shadowing": "××", "surface": "××©× ×¡×× ×××", "Name": "×©××¨××§" }, "geometry": { "type": "Point", "coordinates": [ 34.789293280851076, 31.253764768211497 ] } },
{ "type": "Feature", "properties": { "combined1": 1, "combined2": 0, "combined3": 0, "SpecialCom": 0, "Swing": 1, "slid": 0, "carrousel": 0, "spring": 0, "omega": 0, "roserose": 0, "other": null, "shadowing": "××©", "surface": "××©× ×¡×× ×××", "Name": "×¨××× 52" }, "geometry": { "type": "Point", "coordinates": [ 34.789080911419752, 31.243976778514661 ] } },
{ "type": "Feature", "properties": { "combined1": 0, "combined2": 0, "combined3": 0, "SpecialCom": 0, "Swing": 0, "slid": 1, "carrousel": 0, "spring": 0, "omega": 0, "roserose": 0, "other": "××¡××× ×××©×××× ××¢×¥", "shadowing": "××", "surface": "××©× ×¡×× ×××", "Name": "×¤××¨×§ ××¨×× ×©×× 1" }, "geometry": { "type": "Point", "coordinates": [ 34.782332597390138, 31.236299564106989 ] } },
{ "type": "Feature", "properties": { "combined1": 0, "combined2": 0, "combined3": 0, "SpecialCom": 0, "Swing": 2, "slid": 0, "carrousel": 0, "spring": 0, "omega": 0, "roserose": 0, "other": "×¢×¨×¡×", "shadowing": "××©", "surface": "××©× ×¡×× ×××", "Name": "×¤××¨×§ ××¨×× ×©×× 2" }, "geometry": { "type": "Point", "coordinates": [ 34.783158600221107, 31.23666021745947 ] } },
{ "type": "Feature", "properties": { "combined1": 0, "combined2": 0, "combined3": 0, "SpecialCom": 1, "Swing": 0, "slid": 1, "carrousel": 0, "spring": 0, "omega": 0, "roserose": 0, "other": null, "shadowing": "××", "surface": "××©× ×¡×× ×××", "Name": "×¤××¨×§ ××¨××  ×©×× 6" }, "geometry": { "type": "Point", "coordinates": [ 34.782454495169468, 31.23636678005251 ] } },
{ "type": "Feature", "properties": { "combined1": 0, "combined2": 0, "combined3": 0, "SpecialCom": 0, "Swing": 0, "slid": 0, "carrousel": 0, "spring": 0, "omega": 0, "roserose": 0, "other": null, "shadowing": null, "surface": null, "Name": null }, "geometry": { "type": "Point", "coordinates": [ 34.798843649702306, 31.282686398509913 ] } },
{ "type": "Feature", "properties": { "combined1": 1, "combined2": 0, "combined3": 0, "SpecialCom": 0, "Swing": 1, "slid": 0, "carrousel": 0, "spring": 1, "omega": 0, "roserose": 0, "other": null, "shadowing": null, "surface": null, "Name": "×¤×××§×¡ ×©×¤××¨× ×©×× ×¤×¢××××ª" }, "geometry": { "type": "Point", "coordinates": [ 34.800144188652638, 31.282123993421141 ] } },
{ "type": "Feature", "properties": { "combined1": 0, "combined2": 0, "combined3": 0, "SpecialCom": 0, "Swing": 1, "slid": 0, "carrousel": 0, "spring": 0, "omega": 0, "roserose": 0, "other": null, "shadowing": "××©", "surface": "××©× ×¡×× ×××", "Name": "× ×©×¨ ××ª×× × ×× ×××ª" }, "geometry": { "type": "Point", "coordinates": [ 34.766234099327775, 31.225879641105475 ] } },
{ "type": "Feature", "properties": { "combined1": 0, "combined2": 0, "combined3": 0, "SpecialCom": 0, "Swing": 0, "slid": 0, "carrousel": 0, "spring": 0, "omega": 0, "roserose": 0, "other": "×××¨×× ×××××", "shadowing": "××", "surface": "××©×", "Name": "×¤××¨×§ ××¨×× ×©×× 4" }, "geometry": { "type": "Point", "coordinates": [ 34.782882155313416, 31.236372955497082 ] } },
{ "type": "Feature", "properties": { "combined1": 0, "combined2": 0, "combined3": 0, "SpecialCom": 0, "Swing": 1, "slid": 0, "carrousel": 0, "spring": 0, "omega": 0, "roserose": 0, "other": null, "shadowing": "××©", "surface": "××©× ×¡×× ×××", "Name": "×©××× ×× × × ×× ×××ª" }, "geometry": { "type": "Point", "coordinates": [ 34.785670651051568, 31.235069601762163 ] } },
{ "type": "Feature", "properties": { "combined1": 0, "combined2": 0, "combined3": 0, "SpecialCom": 0, "Swing": 0, "slid": 0, "carrousel": 0, "spring": 0, "omega": 0, "roserose": 0, "other": null, "shadowing": null, "surface": null, "Name": null }, "geometry": { "type": "Point", "coordinates": [ 34.78812329019636, 31.255712936524439 ] } },
{ "type": "Feature", "properties": { "combined1": 1, "combined2": 1, "combined3": 1, "SpecialCom": 1, "Swing": 0, "slid": 0, "carrousel": 0, "spring": 1, "omega": 1, "roserose": 1, "other": "××ª×§× ×§××£ -××ª×§× ×××-×¢×××× ×××¨×××-2-", "shadowing": "××©", "surface": "××©×× ××××", "Name": "×¤××¨×§ ×××× ×©×× 1" }, "geometry": { "type": "Point", "coordinates": [ 34.773328916601443, 31.233859536797382 ] } },
{ "type": "Feature", "properties": { "combined1": 1, "combined2": 0, "combined3": 0, "SpecialCom": 0, "Swing": 2, "slid": 0, "carrousel": 1, "spring": 2, "omega": 0, "roserose": 1, "other": "××ª×§× ×××¤××¡ ×××××-×¨×©×ª ×××¤××¡ ×¢× ×××¨×××", "shadowing": "××©", "surface": "××©×× ××××", "Name": "××©×¨×× ×©×××" }, "geometry": { "type": "Point", "coordinates": [ 34.766722383705599, 31.233207238517075 ] } },
{ "type": "Feature", "properties": { "combined1": 1, "combined2": 0, "combined3": 0, "SpecialCom": 0, "Swing": 0, "slid": 0, "carrousel": 0, "spring": 1, "omega": 0, "roserose": 1, "other": null, "shadowing": "××©", "surface": "××©×× ××××", "Name": "×××¡×£ ×××¨× ×× ××× ××× ××" }, "geometry": { "type": "Point", "coordinates": [ 34.769647385210554, 31.232444000573338 ] } },
{ "type": "Feature", "properties": { "combined1": 0, "combined2": 0, "combined3": 0, "SpecialCom": 0, "Swing": 1, "slid": 0, "carrousel": 0, "spring": 0, "omega": 0, "roserose": 0, "other": null, "shadowing": "××©", "surface": "××©×× ××××", "Name": "×©×¦×¤ 945 ×©×× × ×× ×××ª × ×× ×¡×¢×¨" }, "geometry": { "type": "Point", "coordinates": [ 34.823917810473624, 31.228105899027714 ] } },
{ "type": "Feature", "properties": { "combined1": 1, "combined2": 0, "combined3": 0, "SpecialCom": 0, "Swing": 0, "slid": 0, "carrousel": 0, "spring": 0, "omega": 0, "roserose": 0, "other": null, "shadowing": "××©", "surface": "××©×× ××××", "Name": "×©×¦×¤ 945 ×©×× ××©××× × ×× ×¡×¢×¨" }, "geometry": { "type": "Point", "coordinates": [ 34.823584809791328, 31.228047642217231 ] } },
{ "type": "Feature", "properties": { "combined1": 0, "combined2": 0, "combined3": 0, "SpecialCom": 0, "Swing": 0, "slid": 0, "carrousel": 0, "spring": 0, "omega": 0, "roserose": 0, "other": "×¢×¨×¡× 2-××¦×××ª ×¨× × ×× ×××ª", "shadowing": "××©", "surface": "××©×× ××××", "Name": "×¤××¨×§ ×××× ×©×× 2" }, "geometry": { "type": "Point", "coordinates": [ 34.772562790459013, 31.233780604724679 ] } },
{ "type": "Feature", "properties": { "combined1": 1, "combined2": 1, "combined3": 1, "SpecialCom": 0, "Swing": 0, "slid": 1, "carrousel": 0, "spring": 0, "omega": 0, "roserose": 2, "other": "××ª×§× ××××©×-××ª×§× 2 ×¡××××× ×× ××¢××××-", "shadowing": "××©", "surface": "××©×× ××××", "Name": "×¤××¨×§ ×××× ×©×× 3" }, "geometry": { "type": "Point", "coordinates": [ 34.772797496984971, 31.233466401115152 ] } },
{ "type": "Feature", "properties": { "combined1": 1, "combined2": 1, "combined3": 1, "SpecialCom": 0, "Swing": 2, "slid": 2, "carrousel": 0, "spring": 2, "omega": 0, "roserose": 1, "other": "×§××¨××ª ×©××× ××©×§×-×¨×©×ª ×××¤××¡-××¡×××ª ××××××ª-××¢××¨ ×××¨××××2-×©×", "shadowing": "××©", "surface": "××©×× ××××", "Name": "×¤××¨×§ ×××× ×©×× 4" }, "geometry": { "type": "Point", "coordinates": [ 34.770244409546457, 31.235490932478488 ] } },
{ "type": "Feature", "properties": { "combined1": 0, "combined2": 0, "combined3": 0, "SpecialCom": 0, "Swing": 0, "slid": 0, "carrousel": 0, "spring": 0, "omega": 1, "roserose": 0, "other": null, "shadowing": "××", "surface": "××©×× ××××", "Name": "×¤××¨×§ ×××× ×©×× 5 ×××××" }, "geometry": { "type": "Point", "coordinates": [ 34.772670531993512, 31.234515945796439 ] } },
{ "type": "Feature", "properties": { "combined1": 1, "combined2": 0, "combined3": 0, "SpecialCom": 0, "Swing": 0, "slid": 0, "carrousel": 0, "spring": 1, "omega": 0, "roserose": 1, "other": null, "shadowing": "××©", "surface": "××©×× ××××", "Name": "×××¡×£ ×××¨× ××× ×××ª ××× ×¡×ª" }, "geometry": { "type": "Point", "coordinates": [ 34.771420856766426, 31.2332899603947 ] } },
{ "type": "Feature", "properties": { "combined1": 0, "combined2": 0, "combined3": 0, "SpecialCom": 0, "Swing": 2, "slid": 0, "carrousel": 0, "spring": 0, "omega": 0, "roserose": 0, "other": "×§× ××¦××¤××¨1", "shadowing": "××©", "surface": "××©×× ××××", "Name": "×©×¦×¤ 370 × ×× ××× ×¤×× ×ª × ×× ×¤×¨×¡" }, "geometry": { "type": "Point", "coordinates": [ 34.820249181756218, 31.228858611194564 ] } },
{ "type": "Feature", "properties": { "combined1": 0, "combined2": 0, "combined3": 0, "SpecialCom": 0, "Swing": 2, "slid": 0, "carrousel": 0, "spring": 1, "omega": 0, "roserose": 1, "other": "×××¨× × ×¢× ××¢ ×§×¤××¥-×¨×©×ª ×××¤××¡-×××ª ×××××ª", "shadowing": "××©", "surface": "××©×× ××××", "Name": "×©×¦×¤ 922" }, "geometry": { "type": "Point", "coordinates": [ 34.817165204222491, 31.230596138107451 ] } },
{ "type": "Feature", "properties": { "combined1": 1, "combined2": 0, "combined3": 0, "SpecialCom": 0, "Swing": 0, "slid": 0, "carrousel": 0, "spring": 0, "omega": 0, "roserose": 0, "other": "×××¤× ××× ×××§××¨×× ×××-×××× ×¢×¥-×× ××¨×ª ×××××-×§××¨×ª ×©××× ××©×§×", "shadowing": "××©", "surface": "××©×× ××××", "Name": "×××¡×£ ×××¨×1" }, "geometry": { "type": "Point", "coordinates": [ 34.768636107510062, 31.232536029239849 ] } },
{ "type": "Feature", "properties": { "combined1": 1, "combined2": 0, "combined3": 0, "SpecialCom": 0, "Swing": 2, "slid": 1, "carrousel": 1, "spring": 0, "omega": 0, "roserose": 0, "other": null, "shadowing": "××©", "surface": "××©×× ××××", "Name": "×× ×¦××××¨× 369 × ×× ×§××¨××" }, "geometry": { "type": "Point", "coordinates": [ 34.818288236215182, 31.230322703522415 ] } },
{ "type": "Feature", "properties": { "combined1": 0, "combined2": 0, "combined3": 0, "SpecialCom": 0, "Swing": 0, "slid": 1, "carrousel": 0, "spring": 0, "omega": 0, "roserose": 0, "other": null, "shadowing": "××", "surface": "××©× ×¡×× ×××", "Name": "×©×¦×¤ ××××××¨× × ×× ×××" }, "geometry": { "type": "Point", "coordinates": [ 34.821925032662094, 31.231975348731037 ] } },
{ "type": "Feature", "properties": { "combined1": 2, "combined2": 0, "combined3": 0, "SpecialCom": 0, "Swing": 1, "slid": 1, "carrousel": 1, "spring": 0, "omega": 0, "roserose": 0, "other": null, "shadowing": "××©", "surface": "××©×× ××××", "Name": "×©×¦×¤ 915 × ×× ×¦××××¨" }, "geometry": { "type": "Point", "coordinates": [ 34.815961070917311, 31.234401047588886 ] } },
{ "type": "Feature", "properties": { "combined1": 0, "combined2": 0, "combined3": 0, "SpecialCom": 0, "Swing": 1, "slid": 0, "carrousel": 0, "spring": 0, "omega": 0, "roserose": 0, "other": "× ×× ××ª ×¨×©×ª", "shadowing": "××©", "surface": "××©×× ××××", "Name": "×©×¦×¤ 917 × ×× ×××¨ ×¤×× ×ª × ×× ×§××¨××" }, "geometry": { "type": "Point", "coordinates": [ 34.818238991809466, 31.231506162924745 ] } },
{ "type": "Feature", "properties": { "combined1": 0, "combined2": 0, "combined3": 0, "SpecialCom": 0, "Swing": 1, "slid": 1, "carrousel": 0, "spring": 0, "omega": 0, "roserose": 0, "other": "× ×× ×× ××× ××× ××ª-×××¤××¡ ×¤×¨××××ª ×××××", "shadowing": "××©", "surface": "××©×× ××××", "Name": "×©×¦×¤ 916 × ×× ××©××¨" }, "geometry": { "type": "Point", "coordinates": [ 34.817452323612443, 31.233737379107218 ] } },
{ "type": "Feature", "properties": { "combined1": 1, "combined2": 0, "combined3": 0, "SpecialCom": 0, "Swing": 1, "slid": 0, "carrousel": 0, "spring": 0, "omega": 0, "roserose": 0, "other": "×××ª ×¢×¥ ×¢× ××× ×××¢××¨×ª ×××-××× ×©×¤××¨×¤×¨××ª ×§××-××ª×§× ×××¢××¨×ª ×", "shadowing": "××©", "surface": "××©×× ×××", "Name": "×©×¦×¤ 931 × ×× ×§××¨××  ×¤×× ×ª × ×× ×××" }, "geometry": { "type": "Point", "coordinates": [ 34.8211848320475, 31.230970896374185 ] } },
{ "type": "Feature", "properties": { "combined1": 2, "combined2": 0, "combined3": 0, "SpecialCom": 0, "Swing": 0, "slid": 5, "carrousel": 0, "spring": 0, "omega": 0, "roserose": 0, "other": "×××© ××ª×§× × ×××¤××¡, ×¤× × ××©××§, ××ª×§× ××¢××¨ ×××××, ××©××§× ×¨××¦×¤×", "shadowing": "××©", "surface": "××©× ×¡×× ×××", "Name": "××× ××¢ ×××¦×× ×" }, "geometry": { "type": "Point", "coordinates": [ 34.763240722820704, 31.262306898586896 ] } },
{ "type": "Feature", "properties": { "combined1": 1, "combined2": 0, "combined3": 0, "SpecialCom": 0, "Swing": 1, "slid": 0, "carrousel": 0, "spring": 2, "omega": 0, "roserose": 0, "other": "××©××× ×××××ª, × ×× ×× ×××©× ×§× ××¦××¤××¨", "shadowing": "××©", "surface": "××©× ×¡×× ×××", "Name": "××¨××¦×§× ×××××ª" }, "geometry": { "type": "Point", "coordinates": [ 34.759820658519736, 31.259727470554232 ] } },
{ "type": "Feature", "properties": { "combined1": 0, "combined2": 1, "combined3": 0, "SpecialCom": 0, "Swing": 1, "slid": 0, "carrousel": 0, "spring": 1, "omega": 0, "roserose": 0, "other": "× ×× ×× ×××©× ×§× ××¦××¤××¨", "shadowing": "××©", "surface": "××©× ×¡×× ×××", "Name": "××¨××¦×§× ×¤×¢××××ª" }, "geometry": { "type": "Point", "coordinates": [ 34.760081178835584, 31.258965953335217 ] } },
{ "type": "Feature", "properties": { "combined1": 2, "combined2": 0, "combined3": 1, "SpecialCom": 1, "Swing": 8, "slid": 0, "carrousel": 2, "spring": 0, "omega": 0, "roserose": 0, "other": "×¤×¨××××ª ×××¤××¡ ×××××,××ª×§× × ×¢× ××¢, ××ª×§× ×××××§××,×§× ××¦××¤××¨", "shadowing": "××©", "surface": "××©× ×¡×× ×××", "Name": "×¤××¨×§ ×××××× ×©×× ××××" }, "geometry": { "type": "Point", "coordinates": [ 34.762276075360383, 31.261860928093594 ] } },
{ "type": "Feature", "properties": { "combined1": 2, "combined2": 0, "combined3": 0, "SpecialCom": 0, "Swing": 2, "slid": 0, "carrousel": 0, "spring": 0, "omega": 0, "roserose": 0, "other": "2", "shadowing": "××©", "surface": "××©×", "Name": "×¤××¨×§ ×¨×××ª. ××ª×× 1" }, "geometry": { "type": "Point", "coordinates": [ 34.803900257612568, 31.277901500975283 ] } },
{ "type": "Feature", "properties": { "combined1": 2, "combined2": 2, "combined3": 0, "SpecialCom": 0, "Swing": 0, "slid": 0, "carrousel": 0, "spring": 0, "omega": 0, "roserose": 0, "other": "1", "shadowing": "××©", "surface": "××©×", "Name": "×¤××¨×§ ×¨×××ª.××ª××1" }, "geometry": { "type": "Point", "coordinates": [ 34.804335910521857, 31.277901903879318 ] } },
{ "type": "Feature", "properties": { "combined1": 0, "combined2": 0, "combined3": 0, "SpecialCom": 0, "Swing": 0, "slid": 2, "carrousel": 0, "spring": 0, "omega": 0, "roserose": 0, "other": null, "shadowing": "××©", "surface": "××©×× ××××", "Name": "×¤××¨×§ ×¨×××ª ××ª××2" }, "geometry": { "type": "Point", "coordinates": [ 34.805178526932067, 31.278381781027058 ] } },
{ "type": "Feature", "properties": { "combined1": 0, "combined2": 0, "combined3": 0, "SpecialCom": 0, "Swing": 0, "slid": 0, "carrousel": 0, "spring": 0, "omega": 0, "roserose": 0, "other": null, "shadowing": null, "surface": null, "Name": null }, "geometry": { "type": "Point", "coordinates": [ 34.806730936513802, 31.27895357698355 ] } },
{ "type": "Feature", "properties": { "combined1": 1, "combined2": 0, "combined3": 0, "SpecialCom": 0, "Swing": 1, "slid": 0, "carrousel": 3, "spring": 3, "omega": 0, "roserose": 0, "other": "5", "shadowing": null, "surface": null, "Name": null }, "geometry": { "type": "Point", "coordinates": [ 34.804501768144746, 31.278102867750825 ] } },
{ "type": "Feature", "properties": { "combined1": 0, "combined2": 0, "combined3": 0, "SpecialCom": 0, "Swing": 0, "slid": 0, "carrousel": 0, "spring": 0, "omega": 0, "roserose": 0, "other": null, "shadowing": null, "surface": null, "Name": null }, "geometry": { "type": "Point", "coordinates": [ 34.804591017723119, 31.278022012230426 ] } },
{ "type": "Feature", "properties": { "combined1": 0, "combined2": 0, "combined3": 0, "SpecialCom": 0, "Swing": 0, "slid": 0, "carrousel": 0, "spring": 0, "omega": 0, "roserose": 0, "other": null, "shadowing": null, "surface": null, "Name": null }, "geometry": { "type": "Point", "coordinates": [ 34.805847021201892, 31.279041516418737 ] } },
{ "type": "Feature", "properties": { "combined1": 0, "combined2": 0, "combined3": 0, "SpecialCom": 0, "Swing": 0, "slid": 0, "carrousel": 0, "spring": 0, "omega": 0, "roserose": 0, "other": null, "shadowing": null, "surface": null, "Name": null }, "geometry": { "type": "Point", "coordinates": [ 34.804768210609538, 31.27817051314975 ] } }
]
}
