{"type":"FeatureCollection","name":"population-grid","features":[{"type":"Feature","properties":{"X":34.74987432183697,"Y":31.213697124010345,"מספר_פוליגון":1,"גיל0_4":null,"גיל5_9":null,"גיל10_18":null,"גיל19_30":null,"גיל31_44":null,"גיל45_64":null,"גיל65_75":null,"גיל76פלוס":null,"Shape_Length":800.0,"Shape_Area":40000.0},"geometry":{"type":"MultiPolygon","coordinates":[[[[34.74883257974864,31.212794182523957],[34.748823931985385,31.214597966601904],[34.75092270243268,31.214605382119455],[34.75093131035811,31.212801597516844],[34.74883257974864,31.212794182523957]]]]}},{"type":"Feature","properties":{"X":34.75197307270588,"Y":31.213704522081233,"מספר_פוליגון":2,"גיל0_4":null,"גיל5_9":null,"גיל10_18":null,"גיל19_30":null,"גיל31_44":null,"גיל45_64":null,"גיל65_75":null,"גיל76פלוס":null,"Shape_Length":800.0000000055879,"Shape_Area":40000.00000055879},"geometry":{"type":"MultiPolygon","coordinates":[[[[34.75093131035811,31.212801597516844],[34.75092270243268,31.214605382119455],[34.753021473654876,31.2146127633963],[34.75303004174244,31.212808978271475],[34.75093131035811,31.212801597516844]]]]}},{"type":"Feature","properties":{"X":34.75407182434787,"Y":31.213711885912627,"מספר_פוליגון":3,"גיל0_4":null,"גיל5_9":null,"גיל10_18":null,"גיל19_30":null,"גיל31_44":null,"גיל45_64":null,"גיל65_75":null,"גיל76פלוס":null,"Shape_Length":800.0000000055879,"Shape_Area":40000.00000055879},"geometry":{"type":"MultiPolygon","coordinates":[[[[34.75303004174244,31.212808978271475],[34.753021473654876,31.2146127633963],[34.755120245648385,31.21462011043244],[34.755128773898015,31.21281632478778],[34.75303004174244,31.212808978271475]]]]}},{"type":"Feature","properties":{"X":34.75617057675932,"Y":31.213719215504486,"מספר_פוליגון":4,"גיל0_4":null,"גיל5_9":null,"גיל10_18":null,"גיל19_30":null,"גיל31_44":null,"גיל45_64":null,"גיל65_75":null,"גיל76פלוס":null,"Shape_Length":800.0000000018626,"Shape_Area":40000.000000186265},"geometry":{"type":"MultiPolygon","coordinates":[[[[34.755128773898015,31.21281632478778],[34.755120245648385,31.21462011043244],[34.757219018409586,31.214627423227792],[34.75722750682122,31.21282363706576],[34.755128773898015,31.21281632478778]]]]}},{"type":"Feature","properties":{"X":34.75826932993667,"Y":31.21372651085677,"מספר_פוליגון":5,"גיל0_4":null,"גיל5_9":null,"גיל10_18":null,"גיל19_30":null,"גיל31_44":null,"גיל45_64":null,"גיל65_75":null,"גיל76פלוס":null,"Shape_Length":800.0000000055879,"Shape_Area":40000.00000055879},"geometry":{"type":"MultiPolygon","coordinates":[[[[34.75722750682122,31.21282363706576],[34.757219018409586,31.214627423227792],[34.75931779193495,31.214634701782337],[34.759326240508514,31.212830915105343],[34.75722750682122,31.21282363706576]]]]}},{"type":"Feature","properties":{"X":34.76036808387634,"Y":31.21373377196943,"מספר_פוליגון":6,"גיל0_4":null,"גיל5_9":null,"גיל10_18":null,"גיל19_30":null,"גיל31_44":null,"גיל45_64":null,"גיל65_75":null,"גיל76פלוס":null,"Shape_Length":800.0000000018626,"Shape_Area":40000.000000186265},"geometry":{"type":"MultiPolygon","coordinates":[[[[34.759326240508514,31.212830915105343],[34.75931779193495,31.214634701782337],[34.76141656622084,31.214641946096013],[34.76142497495629,31.21283815890647],[34.759326240508514,31.212830915105343]]]]}},{"type":"Feature","properties":{"X":34.76246683857473,"Y":31.213740998842432,"מספר_פוליגון":7,"גיל0_4":null,"גיל5_9":null,"גיל10_18":null,"גיל19_30":null,"גיל31_44":null,"גיל45_64":null,"גיל65_75":null,"גיל76פלוס":null,"Shape_Length":800.0000000055879,"Shape_Area":40000.00000055879},"geometry":{"type":"MultiPolygon","coordinates":[[[[34.76142497495629,31.21283815890647],[34.76141656622084,31.214641946096013],[34.76351534126372,31.214649156168807],[34.76352371016099,31.212845368469132],[34.76142497495629,31.21283815890647]]]]}},{"type":"Feature","properties":{"X":34.7645655940283,"Y":31.213748191475716,"מספר_פוליגון":8,"גיל0_4":null,"גיל5_9":null,"גיל10_18":null,"גיל19_30":null,"גיל31_44":null,"גיל45_64":null,"גיל65_75":null,"גיל76פלוס":null,"Shape_Length":800.0000000055879,"Shape_Area":40000.00000055879},"geometry":{"type":"MultiPolygon","coordinates":[[[[34.76352371016099,31.212845368469132],[34.76351534126372,31.214649156168807],[34.76561411705999,31.21465633200064],[34.765622446119025,31.212852543793254],[34.76352371016099,31.212845368469132]]]]}},{"type":"Feature","properties":{"X":34.76666435023341,"Y":31.213755349869245,"מספר_פוליגון":9,"גיל0_4":null,"גיל5_9":null,"גיל10_18":null,"גיל19_30":null,"גיל31_44":null,"גיל45_64":null,"גיל65_75":null,"גיל76פלוס":null,"Shape_Length":800.0,"Shape_Area":40000.0},"geometry":{"type":"MultiPolygon","coordinates":[[[[34.765622446119025,31.212852543793254],[34.76561411705999,31.21465633200064],[34.76771289360603,31.214663473591507],[34.76772118282677,31.212859684878833],[34.765622446119025,31.212852543793254]]]]}},{"type":"Feature","properties":{"X":34.768763107186516,"Y":31.21376247402299,"מספר_פוליגון":10,"גיל0_4":null,"גיל5_9":null,"גיל10_18":null,"גיל19_30":null,"גיל31_44":null,"גיל45_64":null,"גיל65_75":null,"גיל76פלוס":null,"Shape_Length":800.0000000055879,"Shape_Area":40000.00000055879},"geometry":{"type":"MultiPolygon","coordinates":[[[[34.76772118282677,31.212859684878833],[34.76771289360603,31.214663473591507],[34.76981167089834,31.214670580941345],[34.76981992028072,31.212866791725784],[34.76772118282677,31.212859684878833]]]]}},{"type":"Feature","properties":{"X":34.77086186488403,"Y":31.21376956393689,"מספר_פוליגון":11,"גיל0_4":null,"גיל5_9":null,"גיל10_18":null,"גיל19_30":null,"גיל31_44":null,"גיל45_64":null,"גיל65_75":null,"גיל76פלוס":null,"Shape_Length":800.0000000018626,"Shape_Area":40000.000000186265},"geometry":{"type":"MultiPolygon","coordinates":[[[[34.76981992028072,31.212866791725784],[34.76981167089834,31.214670580941345],[34.771910448933255,31.2146776540501],[34.771918658477226,31.212873864334078],[34.76981992028072,31.212866791725784]]]]}},{"type":"Feature","properties":{"X":34.77296062332237,"Y":31.213776619610908,"מספר_פוליגון":12,"גיל0_4":null,"גיל5_9":null,"גיל10_18":null,"גיל19_30":null,"גיל31_44":null,"גיל45_64":null,"גיל65_75":null,"גיל76פלוס":null,"Shape_Length":800.0000000055879,"Shape_Area":40000.00000055879},"geometry":{"type":"MultiPolygon","coordinates":[[[[34.771918658477226,31.212873864334078],[34.771910448933255,31.2146776540501],[34.77400922770726,31.214684692917732],[34.774017397412756,31.212880902703706],[34.771918658477226,31.212873864334078]]]]}},{"type":"Feature","properties":{"X":34.77505938249794,"Y":31.213783641045,"מספר_פוליגון":13,"גיל0_4":null,"גיל5_9":null,"גיל10_18":null,"גיל19_30":null,"גיל31_44":null,"גיל45_64":null,"גיל65_75":null,"גיל76פלוס":null,"Shape_Length":800.0000000018626,"Shape_Area":40000.000000186265},"geometry":{"type":"MultiPolygon","coordinates":[[[[34.774017397412756,31.212880902703706],[34.77400922770726,31.214684692917732],[34.77610800721671,31.214691697544218],[34.776116137083676,31.212887906834563],[34.774017397412756,31.212880902703706]]]]}},{"type":"Feature","properties":{"X":34.777158142407174,"Y":31.213790628239135,"מספר_פוליגון":14,"גיל0_4":null,"גיל5_9":null,"גיל10_18":null,"גיל19_30":null,"גיל31_44":null,"גיל45_64":null,"גיל65_75":null,"גיל76פלוס":null,"Shape_Length":800.0000000055879,"Shape_Area":40000.00000055879},"geometry":{"type":"MultiPolygon","coordinates":[[[[34.776116137083676,31.212887906834563],[34.77610800721671,31.214691697544218],[34.77820678745809,31.214698667929504],[34.77821487748646,31.212894876726658],[34.776116137083676,31.212887906834563]]]]}},{"type":"Feature","properties":{"X":34.779256903046495,"Y":31.21379758119326,"מספר_פוליגון":15,"גיל0_4":null,"גיל5_9":null,"גיל10_18":null,"גיל19_30":null,"גיל31_44":null,"גיל45_64":null,"גיל65_75":null,"גיל76פלוס":null,"Shape_Length":800.0000000055879,"Shape_Area":40000.00000055879},"geometry":{"type":"MultiPolygon","coordinates":[[[[34.77821487748646,31.212894876726658],[34.77820678745809,31.214698667929504],[34.78030556842777,31.21470560407356],[34.78031361861749,31.212901812379936],[34.77821487748646,31.212894876726658]]]]}},{"type":"Feature","properties":{"X":34.7813556644123,"Y":31.213804499907344,"מספר_פוליגון":16,"גיל0_4":null,"גיל5_9":null,"גיל10_18":null,"גיל19_30":null,"גיל31_44":null,"גיל45_64":null,"גיל65_75":null,"גיל76פלוס":null,"Shape_Length":800.0,"Shape_Area":40000.0},"geometry":{"type":"MultiPolygon","coordinates":[[[[34.78031361861749,31.212901812379936],[34.78030556842777,31.21470560407356],[34.78240435012215,31.214712505976333],[34.78241236047318,31.212908713794334],[34.78031361861749,31.212901812379936]]]]}},{"type":"Feature","properties":{"X":34.78345442650102,"Y":31.213811384381337,"מספר_פוליגון":17,"גיל0_4":null,"גיל5_9":null,"גיל10_18":null,"גיל19_30":null,"גיל31_44":null,"גיל45_64":null,"גיל65_75":null,"גיל76פלוס":null,"Shape_Length":800.0000000055879,"Shape_Area":40000.00000055879},"geometry":{"type":"MultiPolygon","coordinates":[[[[34.78241236047318,31.212908713794334],[34.78240435012215,31.214712505976333],[34.78450313253772,31.214719373637774],[34.784511103049994,31.212915580969856],[34.78241236047318,31.212908713794334]]]]}},{"type":"Feature","properties":{"X":34.78555318930906,"Y":31.213818234615193,"מספר_פוליגון":18,"גיל0_4":null,"גיל5_9":null,"גיל10_18":null,"גיל19_30":null,"גיל31_44":null,"גיל45_64":null,"גיל65_75":null,"גיל76פלוס":null,"Shape_Length":800.0000000018626,"Shape_Area":40000.000000186265},"geometry":{"type":"MultiPolygon","coordinates":[[[[34.784511103049994,31.212915580969856],[34.78450313253772,31.214719373637774],[34.78660191567082,31.214726207057847],[34.78660984634427,31.21292241390641],[34.784511103049994,31.212915580969856]]]]}},{"type":"Feature","properties":{"X":34.78765195283286,"Y":31.213825050608882,"מספר_פוליגון":19,"גיל0_4":null,"גיל5_9":null,"גיל10_18":null,"גיל19_30":null,"גיל31_44":null,"גיל45_64":null,"גיל65_75":null,"גיל76פלוס":null,"Shape_Length":800.0000000055879,"Shape_Area":40000.00000055879},"geometry":{"type":"MultiPolygon","coordinates":[[[[34.78660984634427,31.21292241390641],[34.78660191567082,31.214726207057847],[34.788700699517946,31.214733006236532],[34.78870859035251,31.212929212604003],[34.78660984634427,31.21292241390641]]]]}},{"type":"Feature","properties":{"X":34.78975071706882,"Y":31.213831832362363,"מספר_פוליגון":20,"גיל0_4":null,"גיל5_9":null,"גיל10_18":null,"גיל19_30":null,"גיל31_44":null,"גיל45_64":null,"גיל65_75":null,"גיל76פלוס":null,"Shape_Length":800.0000000018626,"Shape_Area":40000.000000186265},"geometry":{"type":"MultiPolygon","coordinates":[[[[34.78870859035251,31.212929212604003],[34.788700699517946,31.214733006236532],[34.79079948407543,31.21473977117376],[34.79080733507107,31.21293597706254],[34.78870859035251,31.212929212604003]]]]}},{"type":"Feature","properties":{"X":34.79184948201336,"Y":31.213838579875585,"מספר_פוליגון":21,"גיל0_4":null,"גיל5_9":null,"גיל10_18":null,"גיל19_30":null,"גיל31_44":null,"גיל45_64":null,"גיל65_75":null,"גיל76פלוס":null,"Shape_Length":800.0000000055879,"Shape_Area":40000.00000055879},"geometry":{"type":"MultiPolygon","coordinates":[[[[34.79080733507107,31.21293597706254],[34.79079948407543,31.21473977117376],[34.79289826933975,31.2147465018695],[34.79290608049642,31.21294270728202],[34.79080733507107,31.21293597706254]]]]}},{"type":"Feature","properties":{"X":34.79394824766292,"Y":31.213845293148516,"מספר_פוליגון":22,"גיל0_4":null,"גיל5_9":null,"גיל10_18":null,"גיל19_30":null,"גיל31_44":null,"גיל45_64":null,"גיל65_75":null,"גיל76פלוס":null,"Shape_Length":800.0000000055879,"Shape_Area":40000.00000055879},"geometry":{"type":"MultiPolygon","coordinates":[[[[34.79290608049642,31.21294270728202],[34.79289826933975,31.2147465018695],[34.79499705530732,31.214753198323713],[34.79500482662494,31.212949403262392],[34.79290608049642,31.21294270728202]]]]}},{"type":"Feature","properties":{"X":34.79604701401388,"Y":31.213851972181118,"מספר_פוליגון":23,"גיל0_4":null,"גיל5_9":null,"גיל10_18":null,"גיל19_30":null,"גיל31_44":null,"גיל45_64":null,"גיל65_75":null,"גיל76פלוס":null,"Shape_Length":800.0,"Shape_Area":40000.0},"geometry":{"type":"MultiPolygon","coordinates":[[[[34.79500482662494,31.212949403262392],[34.79499705530732,31.214753198323713],[34.7970958419745,31.214759860536375],[34.797103573453036,31.21295606500363],[34.79500482662494,31.212949403262392]]]]}},{"type":"Feature","properties":{"X":34.79814578106267,"Y":31.213858616973344,"מספר_פוליגון":24,"גיל0_4":null,"גיל5_9":null,"גיל10_18":null,"גיל19_30":null,"גיל31_44":null,"גיל45_64":null,"גיל65_75":null,"גיל76פלוס":null,"Shape_Length":800.0000000055879,"Shape_Area":40000.00000055879},"geometry":{"type":"MultiPolygon","coordinates":[[[[34.797103573453036,31.21295606500363],[34.7970958419745,31.214759860536375],[34.79919462933779,31.214766488507426],[34.799202320977194,31.21296269250567],[34.797103573453036,31.21295606500363]]]]}},{"type":"Feature","properties":{"X":34.80024454880573,"Y":31.213865227525154,"מספר_פוליגון":25,"גיל0_4":null,"גיל5_9":null,"גיל10_18":null,"גיל19_30":null,"גיל31_44":null,"גיל45_64":null,"גיל65_75":null,"גיל76פלוס":null,"Shape_Length":800.0000000018626,"Shape_Area":40000.000000186265},"geometry":{"type":"MultiPolygon","coordinates":[[[[34.799202320977194,31.21296269250567],[34.79919462933779,31.214766488507426],[34.80129341739355,31.21477308223682],[34.80130106919374,31.212969285768494],[34.799202320977194,31.21296269250567]]]]}},{"type":"Feature","properties":{"X":34.80234331723946,"Y":31.213871803836525,"מספר_פוליגון":26,"גיל0_4":null,"גיל5_9":null,"גיל10_18":null,"גיל19_30":null,"גיל31_44":null,"גיל45_64":null,"גיל65_75":null,"גיל76פלוס":null,"Shape_Length":800.0000000055879,"Shape_Area":40000.00000055879},"geometry":{"type":"MultiPolygon","coordinates":[[[[34.80130106919374,31.212969285768494],[34.80129341739355,31.21477308223682],[34.803392206138234,31.214779641724537],[34.803399818099166,31.21297584479205],[34.80130106919374,31.212969285768494]]]]}},{"type":"Feature","properties":{"X":34.80444208636028,"Y":31.21387834590739,"מספר_פוליגון":27,"גיל0_4":null,"גיל5_9":null,"גיל10_18":null,"גיל19_30":null,"גיל31_44":null,"גיל45_64":null,"גיל65_75":null,"גיל76פלוס":null,"Shape_Length":800.0000000018626,"Shape_Area":40000.000000186265},"geometry":{"type":"MultiPolygon","coordinates":[[[[34.803399818099166,31.21297584479205],[34.803392206138234,31.214779641724537],[34.80549099556822,31.21478616697053],[34.805498567689845,31.21298236957629],[34.803399818099166,31.21297584479205]]]]}},{"type":"Feature","properties":{"X":34.8065408561646,"Y":31.213884853737724,"מספר_פוליגון":28,"גיל0_4":null,"גיל5_9":null,"גיל10_18":null,"גיל19_30":null,"גיל31_44":null,"גיל45_64":null,"גיל65_75":null,"גיל76פלוס":null,"Shape_Length":800.0000000055879,"Shape_Area":40000.00000055879},"geometry":{"type":"MultiPolygon","coordinates":[[[[34.805498567689845,31.21298236957629],[34.80549099556822,31.21478616697053],[34.80758978567997,31.21479265797476],[34.80759731796223,31.21298886012119],[34.805498567689845,31.21298236957629]]]]}},{"type":"Feature","properties":{"X":34.80863962664886,"Y":31.213891327327495,"מספר_פוליגון":29,"גיל0_4":null,"גיל5_9":null,"גיל10_18":null,"גיל19_30":null,"גיל31_44":null,"גיל45_64":null,"גיל65_75":null,"גיל76פלוס":null,"Shape_Length":800.0000000055879,"Shape_Area":40000.00000055879},"geometry":{"type":"MultiPolygon","coordinates":[[[[34.80759731796223,31.21298886012119],[34.80758978567997,31.21479265797476],[34.80968857646988,31.214799114737193],[34.80969606891273,31.212995316426717],[34.80759731796223,31.21298886012119]]]]}},{"type":"Feature","properties":{"X":34.81073839780945,"Y":31.213897766676645,"מספר_פוליגון":30,"גיל0_4":null,"גיל5_9":null,"גיל10_18":null,"גיל19_30":null,"גיל31_44":2.0,"גיל45_64":1.0,"גיל65_75":null,"גיל76פלוס":null,"Shape_Length":800.0,"Shape_Area":40000.0},"geometry":{"type":"MultiPolygon","coordinates":[[[[34.80969606891273,31.212995316426717],[34.80968857646988,31.214799114737193],[34.811787367934336,31.21480553725778],[34.81179482053771,31.21300173849282],[34.80969606891273,31.212995316426717]]]]}},{"type":"Feature","properties":{"X":34.812837169642805,"Y":31.21390417178516,"מספר_פוליגון":31,"גיל0_4":null,"גיל5_9":null,"גיל10_18":null,"גיל19_30":null,"גיל31_44":null,"גיל45_64":null,"גיל65_75":null,"גיל76פלוס":null,"Shape_Length":800.0000000055879,"Shape_Area":40000.00000055879},"geometry":{"type":"MultiPolygon","coordinates":[[[[34.81179482053771,31.21300173849282],[34.811787367934336,31.21480553725778],[34.81388616006982,31.214811925536484],[34.81389357283367,31.213008126319462],[34.81179482053771,31.21300173849282]]]]}},{"type":"Feature","properties":{"X":34.81493594214533,"Y":31.213910542652997,"מספר_פוליגון":32,"גיל0_4":null,"גיל5_9":null,"גיל10_18":null,"גיל19_30":null,"גיל31_44":null,"גיל45_64":null,"גיל65_75":null,"גיל76פלוס":null,"Shape_Length":800.0000000018626,"Shape_Area":40000.000000186265},"geometry":{"type":"MultiPolygon","coordinates":[[[[34.81389357283367,31.213008126319462],[34.81388616006982,31.214811925536484],[34.8159849528727,31.214818279573286],[34.81599232579696,31.213014479906594],[34.81389357283367,31.213008126319462]]]]}},{"type":"Feature","properties":{"X":34.81703471531346,"Y":31.2139168792801,"מספר_פוליגון":33,"גיל0_4":null,"גיל5_9":null,"גיל10_18":null,"גיל19_30":null,"גיל31_44":null,"גיל45_64":null,"גיל65_75":null,"גיל76פלוס":null,"Shape_Length":800.0000000055879,"Shape_Area":40000.00000055879},"geometry":{"type":"MultiPolygon","coordinates":[[[[34.81599232579696,31.213014479906594],[34.8159849528727,31.214818279573286],[34.818083746339404,31.214824599368114],[34.81809107942405,31.2130207992542],[34.81599232579696,31.213014479906594]]]]}},{"type":"Feature","properties":{"X":34.8191334891436,"Y":31.21392318166644,"מספר_פוליגון":34,"גיל0_4":null,"גיל5_9":null,"גיל10_18":null,"גיל19_30":null,"גיל31_44":null,"גיל45_64":null,"גיל65_75":null,"גיל76פלוס":null,"Shape_Length":800.0,"Shape_Area":40000.0},"geometry":{"type":"MultiPolygon","coordinates":[[[[34.81809107942405,31.2130207992542],[34.818083746339404,31.214824599368114],[34.82018254046634,31.214830884920946],[34.82018983371132,31.213027084362242],[34.81809107942405,31.2130207992542]]]]}},{"type":"Feature","properties":{"X":34.82123226363217,"Y":31.213929449811985,"מספר_פוליגון":35,"גיל0_4":null,"גיל5_9":null,"גיל10_18":null,"גיל19_30":null,"גיל31_44":null,"גיל45_64":null,"גיל65_75":null,"גיל76פלוס":null,"Shape_Length":800.0000000055879,"Shape_Area":40000.00000055879},"geometry":{"type":"MultiPolygon","coordinates":[[[[34.82018983371132,31.213027084362242],[34.82018254046634,31.214830884920946],[34.82228133524999,31.214837136231765],[34.82228858865522,31.213033335230662],[34.82018983371132,31.213027084362242]]]]}},{"type":"Feature","properties":{"X":34.8233310387756,"Y":31.21393568371669,"מספר_פוליגון":36,"גיל0_4":null,"גיל5_9":null,"גיל10_18":null,"גיל19_30":null,"גיל31_44":null,"גיל45_64":null,"גיל65_75":null,"גיל76פלוס":null,"Shape_Length":800.0000000074506,"Shape_Area":40000.00000074506},"geometry":{"type":"MultiPolygon","coordinates":[[[[34.82228858865522,31.213033335230662],[34.82228133524999,31.214837136231765],[34.824380130686706,31.214843353300513],[34.82438734425216,31.213039551859435],[34.82228858865522,31.213033335230662]]]]}},{"type":"Feature","properties":{"X":34.8254298145703,"Y":31.21394188338052,"מספר_פוליגון":37,"גיל0_4":null,"גיל5_9":null,"גיל10_18":null,"גיל19_30":null,"גיל31_44":null,"גיל45_64":null,"גיל65_75":null,"גיל76פלוס":null,"Shape_Length":800.0,"Shape_Area":40000.0},"geometry":{"type":"MultiPolygon","coordinates":[[[[34.82438734425216,31.213039551859435],[34.824380130686706,31.214843353300513],[34.82647892677289,31.214849536127147],[34.826486100498514,31.213045734248514],[34.82438734425216,31.213039551859435]]]]}},{"type":"Feature","properties":{"X":34.82752859101267,"Y":31.21394804880344,"מספר_פוליגון":38,"גיל0_4":null,"גיל5_9":null,"גיל10_18":null,"גיל19_30":null,"גיל31_44":null,"גיל45_64":null,"גיל65_75":null,"גיל76פלוס":null,"Shape_Length":800.0000000055879,"Shape_Area":40000.00000055879},"geometry":{"type":"MultiPolygon","coordinates":[[[[34.826486100498514,31.213045734248514],[34.82647892677289,31.214849536127147],[34.82857772350503,31.21485568471164],[34.828584857390766,31.21305188239787],[34.826486100498514,31.213045734248514]]]]}},{"type":"Feature","properties":{"X":34.749865693679546,"Y":31.21550090810768,"מספר_פוליגון":39,"גיל0_4":null,"גיל5_9":null,"גיל10_18":null,"גיל19_30":null,"גיל31_44":null,"גיל45_64":null,"גיל65_75":null,"גיל76פלוס":null,"Shape_Length":799.9999999962747,"Shape_Area":39999.99999962747},"geometry":{"type":"MultiPolygon","coordinates":[[[[34.748823931985385,31.214597966601904],[34.74881528344367,31.21640175017132],[34.75091409373236,31.21640916621352],[34.75092270243268,31.214605382119455],[34.748823931985385,31.214597966601904]]]]}},{"type":"Feature","properties":{"X":34.7519644843881,"Y":31.21550830670201,"מספר_פוליגון":40,"גיל0_4":null,"גיל5_9":null,"גיל10_18":null,"גיל19_30":null,"גיל31_44":null,"גיל45_64":null,"גיל65_75":null,"גיל76פלוס":null,"Shape_Length":800.0000000018626,"Shape_Area":40000.000000186265},"geometry":{"type":"MultiPolygon","coordinates":[[[[34.75092270243268,31.214605382119455],[34.75091409373236,31.21640916621352],[34.75301290479602,31.216416548012617],[34.753021473654876,31.2146127633963],[34.75092270243268,31.214605382119455]]]]}},{"type":"Feature","properties":{"X":34.75406327586977,"Y":31.215515671054433,"מספר_פוליגון":41,"גיל0_4":null,"גיל5_9":null,"גיל10_18":null,"גיל19_30":null,"גיל31_44":null,"גיל45_64":null,"גיל65_75":null,"גיל76פלוס":null,"Shape_Length":800.0000000018626,"Shape_Area":40000.000000186265},"geometry":{"type":"MultiPolygon","coordinates":[[[[34.753021473654876,31.2146127633963],[34.75301290479602,31.216416548012617],[34.75511171663104,31.216423895568568],[34.755120245648385,31.21462011043244],[34.753021473654876,31.2146127633963]]]]}},{"type":"Feature","properties":{"X":34.75616206812098,"Y":31.21552300116491,"מספר_פוליגון":42,"גיל0_4":null,"גיל5_9":null,"גיל10_18":null,"גיל19_30":null,"גיל31_44":null,"גיל45_64":null,"גיל65_75":null,"גיל76פלוס":null,"Shape_Length":799.9999999981374,"Shape_Area":39999.999999813735},"geometry":{"type":"MultiPolygon","coordinates":[[[[34.755120245648385,31.21462011043244],[34.75511171663104,31.216423895568568],[34.75721052923383,31.21643120888134],[34.757219018409586,31.214627423227792],[34.755120245648385,31.21462011043244]]]]}},{"type":"Feature","properties":{"X":34.75826086113815,"Y":31.215530297033386,"מספר_פוליגון":43,"גיל0_4":null,"גיל5_9":null,"גיל10_18":null,"גיל19_30":null,"גיל31_44":null,"גיל45_64":null,"גיל65_75":null,"גיל76פלוס":null,"Shape_Length":800.0000000018626,"Shape_Area":40000.000000186265},"geometry":{"type":"MultiPolygon","coordinates":[[[[34.757219018409586,31.214627423227792],[34.75721052923383,31.21643120888134],[34.75930934260084,31.216438487950875],[34.75931779193495,31.214634701782337],[34.757219018409586,31.214627423227792]]]]}},{"type":"Feature","properties":{"X":34.760359654917686,"Y":31.21553755865982,"מספר_פוליגון":44,"גיל0_4":null,"גיל5_9":null,"גיל10_18":null,"גיל19_30":null,"גיל31_44":null,"גיל45_64":null,"גיל65_75":null,"גיל76פלוס":null,"Shape_Length":799.9999999981374,"Shape_Area":39999.999999813735},"geometry":{"type":"MultiPolygon","coordinates":[[[[34.75931779193495,31.214634701782337],[34.75930934260084,31.216438487950875],[34.76140815672843,31.216445732777128],[34.76141656622084,31.214641946096013],[34.75931779193495,31.214634701782337]]]]}},{"type":"Feature","properties":{"X":34.76245844945602,"Y":31.215544786044163,"מספר_פוליגון":45,"גיל0_4":null,"גיל5_9":null,"גיל10_18":null,"גיל19_30":null,"גיל31_44":null,"גיל45_64":null,"גיל65_75":null,"גיל76פלוס":null,"Shape_Length":800.0000000018626,"Shape_Area":40000.000000186265},"geometry":{"type":"MultiPolygon","coordinates":[[[[34.76141656622084,31.214641946096013],[34.76140815672843,31.216445732777128],[34.76350697161306,31.216452943360053],[34.76351534126372,31.214649156168807],[34.76141656622084,31.214641946096013]]]]}},{"type":"Feature","properties":{"X":34.764557244749575,"Y":31.215551979186376,"מספר_פוליגון":46,"גיל0_4":null,"גיל5_9":null,"גיל10_18":null,"גיל19_30":null,"גיל31_44":null,"גיל45_64":null,"גיל65_75":null,"גיל76פלוס":null,"Shape_Length":800.0000000018626,"Shape_Area":40000.000000186265},"geometry":{"type":"MultiPolygon","coordinates":[[[[34.76351534126372,31.214649156168807],[34.76350697161306,31.216452943360053],[34.76560578725116,31.216460119699637],[34.76561411705999,31.21465633200064],[34.76351534126372,31.214649156168807]]]]}},{"type":"Feature","properties":{"X":34.76665604079474,"Y":31.215559138086427,"מספר_פוליגון":47,"גיל0_4":null,"גיל5_9":null,"גיל10_18":null,"גיל19_30":null,"גיל31_44":null,"גיל45_64":null,"גיל65_75":null,"גיל76פלוס":null,"Shape_Length":799.9999999962747,"Shape_Area":39999.99999962747},"geometry":{"type":"MultiPolygon","coordinates":[[[[34.76561411705999,31.21465633200064],[34.76560578725116,31.216460119699637],[34.76770460363908,31.2164672617958],[34.76771289360603,31.214663473591507],[34.76561411705999,31.21465633200064]]]]}},{"type":"Feature","properties":{"X":34.76875483758796,"Y":31.215566262744254,"מספר_פוליגון":48,"גיל0_4":null,"גיל5_9":null,"גיל10_18":null,"גיל19_30":null,"גיל31_44":null,"גיל45_64":null,"גיל65_75":null,"גיל76פלוס":null,"Shape_Length":800.0000000018626,"Shape_Area":40000.000000186265},"geometry":{"type":"MultiPolygon","coordinates":[[[[34.76771289360603,31.214663473591507],[34.76770460363908,31.2164672617958],[34.769803420773314,31.216474369648516],[34.76981167089834,31.214670580941345],[34.76771289360603,31.214663473591507]]]]}},{"type":"Feature","properties":{"X":34.77085363512565,"Y":31.215573353159833,"מספר_פוליגון":49,"גיל0_4":null,"גיל5_9":null,"גיל10_18":null,"גיל19_30":null,"גיל31_44":null,"גיל45_64":null,"גיל65_75":null,"גיל76פלוס":null,"Shape_Length":799.9999999981374,"Shape_Area":39999.999999813735},"geometry":{"type":"MultiPolygon","coordinates":[[[[34.76981167089834,31.214670580941345],[34.769803420773314,31.216474369648516],[34.771902238650235,31.216481443257752],[34.771910448933255,31.2146776540501],[34.76981167089834,31.214670580941345]]]]}},{"type":"Feature","properties":{"X":34.772952433404214,"Y":31.215580409333104,"מספר_פוליגון":50,"גיל0_4":null,"גיל5_9":null,"גיל10_18":null,"גיל19_30":null,"גיל31_44":null,"גיל45_64":null,"גיל65_75":null,"גיל76פלוס":null,"Shape_Length":800.0000000018626,"Shape_Area":40000.000000186265},"geometry":{"type":"MultiPolygon","coordinates":[[[[34.771910448933255,31.2146776540501],[34.771902238650235,31.216481443257752],[34.7740010572663,31.216488482623447],[34.77400922770726,31.214684692917732],[34.771910448933255,31.2146776540501]]]]}},{"type":"Feature","properties":{"X":34.775051232420076,"Y":31.21558743126404,"מספר_פוליגון":51,"גיל0_4":null,"גיל5_9":null,"גיל10_18":null,"גיל19_30":null,"גיל31_44":null,"גיל45_64":null,"גיל65_75":null,"גיל76פלוס":null,"Shape_Length":799.9999999981374,"Shape_Area":39999.999999813735},"geometry":{"type":"MultiPolygon","coordinates":[[[[34.77400922770726,31.214684692917732],[34.7740010572663,31.216488482623447],[34.77609987661786,31.21649548774557],[34.77610800721671,31.214691697544218],[34.77400922770726,31.214684692917732]]]]}},{"type":"Feature","properties":{"X":34.77715003216966,"Y":31.21559441895259,"מספר_פוליגון":52,"גיל0_4":null,"גיל5_9":null,"גיל10_18":null,"גיל19_30":null,"גיל31_44":null,"גיל45_64":null,"גיל65_75":null,"גיל76פלוס":null,"Shape_Length":800.0000000018626,"Shape_Area":40000.000000186265},"geometry":{"type":"MultiPolygon","coordinates":[[[[34.77610800721671,31.214691697544218],[34.77609987661786,31.21649548774557],[34.77819869670141,31.21650245862406],[34.77820678745809,31.214698667929504],[34.77610800721671,31.214691697544218]]]]}},{"type":"Feature","properties":{"X":34.77924883264938,"Y":31.215601372398712,"מספר_פוליגון":53,"גיל0_4":null,"גיל5_9":null,"גיל10_18":null,"גיל19_30":null,"גיל31_44":null,"גיל45_64":null,"גיל65_75":null,"גיל76פלוס":null,"Shape_Length":800.0000000018626,"Shape_Area":40000.000000186265},"geometry":{"type":"MultiPolygon","coordinates":[[[[34.77820678745809,31.214698667929504],[34.77819869670141,31.21650245862406],[34.78029751751332,31.216509395258903],[34.78030556842777,31.21470560407356],[34.77820678745809,31.214698667929504]]]]}},{"type":"Feature","properties":{"X":34.781347633855646,"Y":31.21560829160238,"מספר_פוליגון":54,"גיל0_4":null,"גיל5_9":null,"גיל10_18":null,"גיל19_30":null,"גיל31_44":null,"גיל45_64":null,"גיל65_75":null,"גיל76פלוס":null,"Shape_Length":799.9999999962747,"Shape_Area":39999.99999962747},"geometry":{"type":"MultiPolygon","coordinates":[[[[34.78030556842777,31.21470560407356],[34.78029751751332,31.216509395258903],[34.78239633904999,31.216516297650042],[34.78240435012215,31.214712505976333],[34.78030556842777,31.21470560407356]]]]}},{"type":"Feature","properties":{"X":34.783446435784874,"Y":31.21561517656353,"מספר_פוליגון":55,"גיל0_4":null,"גיל5_9":null,"גיל10_18":null,"גיל19_30":null,"גיל31_44":null,"גיל45_64":null,"גיל65_75":null,"גיל76פלוס":null,"Shape_Length":800.0000000018626,"Shape_Area":40000.000000186265},"geometry":{"type":"MultiPolygon","coordinates":[[[[34.78240435012215,31.214712505976333],[34.78239633904999,31.216516297650042],[34.78449516130789,31.21652316579744],[34.78450313253772,31.214719373637774],[34.78240435012215,31.214712505976333]]]]}},{"type":"Feature","properties":{"X":34.78554523843349,"Y":31.215622027282134,"מספר_פוליגון":56,"גיל0_4":null,"גיל5_9":null,"גיל10_18":null,"גיל19_30":null,"גיל31_44":null,"גיל45_64":null,"גיל65_75":null,"גיל76פלוס":null,"Shape_Length":799.9999999981374,"Shape_Area":39999.999999813735},"geometry":{"type":"MultiPolygon","coordinates":[[[[34.78450313253772,31.214719373637774],[34.78449516130789,31.21652316579744],[34.78659398428339,31.21652999970106],[34.78660191567082,31.214726207057847],[34.78450313253772,31.214719373637774]]]]}},{"type":"Feature","properties":{"X":34.78764404179792,"Y":31.215628843758143,"מספר_פוליגון":57,"גיל0_4":null,"גיל5_9":null,"גיל10_18":null,"גיל19_30":null,"גיל31_44":null,"גיל45_64":null,"גיל65_75":null,"גיל76פלוס":null,"Shape_Length":800.0000000018626,"Shape_Area":40000.000000186265},"geometry":{"type":"MultiPolygon","coordinates":[[[[34.78660191567082,31.214726207057847],[34.78659398428339,31.21652999970106],[34.78869280797295,31.216536799360846],[34.788700699517946,31.214733006236532],[34.78660191567082,31.214726207057847]]]]}},{"type":"Feature","properties":{"X":34.789742845874564,"Y":31.215635625991517,"מספר_פוליגון":58,"גיל0_4":null,"גיל5_9":null,"גיל10_18":null,"גיל19_30":null,"גיל31_44":null,"גיל45_64":null,"גיל65_75":null,"גיל76פלוס":null,"Shape_Length":799.9999999981374,"Shape_Area":39999.999999813735},"geometry":{"type":"MultiPolygon","coordinates":[[[[34.788700699517946,31.214733006236532],[34.78869280797295,31.216536799360846],[34.79079163237295,31.21654356477679],[34.79079948407543,31.21473977117376],[34.788700699517946,31.214733006236532]]]]}},{"type":"Feature","properties":{"X":34.791841650659855,"Y":31.215642373982224,"מספר_פוליגון":59,"גיל0_4":null,"גיל5_9":null,"גיל10_18":null,"גיל19_30":null,"גיל31_44":null,"גיל45_64":null,"גיל65_75":null,"גיל76פלוס":null,"Shape_Length":800.0000000018626,"Shape_Area":40000.000000186265},"geometry":{"type":"MultiPolygon","coordinates":[[[[34.79079948407543,31.21473977117376],[34.79079163237295,31.21654356477679],[34.79289045747985,31.216550295948814],[34.79289826933975,31.2147465018695],[34.79079948407543,31.21473977117376]]]]}},{"type":"Feature","properties":{"X":34.7939404561502,"Y":31.21564908773022,"מספר_פוליגון":60,"גיל0_4":null,"גיל5_9":null,"גיל10_18":null,"גיל19_30":null,"גיל31_44":null,"גיל45_64":null,"גיל65_75":null,"גיל76פלוס":null,"Shape_Length":800.0000000018626,"Shape_Area":40000.000000186265},"geometry":{"type":"MultiPolygon","coordinates":[[[[34.79289826933975,31.2147465018695],[34.79289045747985,31.216550295948814],[34.79498928329003,31.216556992876885],[34.79499705530732,31.214753198323713],[34.79289826933975,31.2147465018695]]]]}},{"type":"Feature","properties":{"X":34.796039262342006,"Y":31.21565576723546,"מספר_פוליגון":61,"גיל0_4":null,"גיל5_9":null,"גיל10_18":null,"גיל19_30":null,"גיל31_44":null,"גיל45_64":null,"גיל65_75":null,"גיל76פלוס":null,"Shape_Length":799.9999999962747,"Shape_Area":39999.99999962747},"geometry":{"type":"MultiPolygon","coordinates":[[[[34.79499705530732,31.214753198323713],[34.79498928329003,31.216556992876885],[34.797088109799894,31.216563655560986],[34.7970958419745,31.214759860536375],[34.79499705530732,31.214753198323713]]]]}},{"type":"Feature","properties":{"X":34.79813806923172,"Y":31.215662412497913,"מספר_פוליגון":62,"גיל0_4":null,"גיל5_9":null,"גיל10_18":null,"גיל19_30":null,"גיל31_44":null,"גיל45_64":null,"גיל65_75":null,"גיל76פלוס":null,"Shape_Length":800.0000000018626,"Shape_Area":40000.000000186265},"geometry":{"type":"MultiPolygon","coordinates":[[[[34.7970958419745,31.214759860536375],[34.797088109799894,31.216563655560986],[34.79918693700592,31.216570284001044],[34.79919462933779,31.214766488507426],[34.7970958419745,31.214759860536375]]]]}},{"type":"Feature","properties":{"X":34.80023687681573,"Y":31.21566902351753,"מספר_פוליגון":63,"גיל0_4":null,"גיל5_9":null,"גיל10_18":null,"גיל19_30":null,"גיל31_44":null,"גיל45_64":null,"גיל65_75":null,"גיל76פלוס":null,"Shape_Length":799.9999999981374,"Shape_Area":39999.999999813735},"geometry":{"type":"MultiPolygon","coordinates":[[[[34.79919462933779,31.214766488507426],[34.79918693700592,31.216570284001044],[34.80128576490446,31.216576878197046],[34.80129341739355,31.21477308223682],[34.79919462933779,31.214766488507426]]]]}},{"type":"Feature","properties":{"X":34.802335685090476,"Y":31.215675600294272,"מספר_פוליגון":64,"גיל0_4":null,"גיל5_9":null,"גיל10_18":null,"גיל19_30":null,"גיל31_44":null,"גיל45_64":null,"גיל65_75":null,"גיל76פלוס":null,"Shape_Length":800.0000000018626,"Shape_Area":40000.000000186265},"geometry":{"type":"MultiPolygon","coordinates":[[[[34.80129341739355,31.21477308223682],[34.80128576490446,31.216576878197046],[34.80338459349198,31.216583438148948],[34.803392206138234,31.214779641724537],[34.80129341739355,31.21477308223682]]]]}},{"type":"Feature","properties":{"X":34.804434494052366,"Y":31.215682142828104,"מספר_פוליגון":65,"גיל0_4":null,"גיל5_9":null,"גיל10_18":null,"גיל19_30":null,"גיל31_44":null,"גיל45_64":null,"גיל65_75":null,"גיל76פלוס":null,"Shape_Length":799.9999999981374,"Shape_Area":39999.999999813735},"geometry":{"type":"MultiPolygon","coordinates":[[[[34.803392206138234,31.214779641724537],[34.80338459349198,31.216583438148948],[34.80548342276486,31.216589963856705],[34.80549099556822,31.21478616697053],[34.803392206138234,31.214779641724537]]]]}},{"type":"Feature","properties":{"X":34.80653330369781,"Y":31.215688651119,"מספר_פוליגון":66,"גיל0_4":null,"גיל5_9":null,"גיל10_18":null,"גיל19_30":null,"גיל31_44":null,"גיל45_64":null,"גיל65_75":null,"גיל76פלוס":null,"Shape_Length":800.0000000018626,"Shape_Area":40000.000000186265},"geometry":{"type":"MultiPolygon","coordinates":[[[[34.80549099556822,31.21478616697053],[34.80548342276486,31.216589963856705],[34.80758225271956,31.216596455320275],[34.80758978567997,31.21479265797476],[34.80549099556822,31.21478616697053]]]]}},{"type":"Feature","properties":{"X":34.80863211402325,"Y":31.21569512516689,"מספר_פוליגון":67,"גיל0_4":null,"גיל5_9":null,"גיל10_18":null,"גיל19_30":null,"גיל31_44":null,"גיל45_64":null,"גיל65_75":null,"גיל76פלוס":null,"Shape_Length":800.0000000018626,"Shape_Area":40000.000000186265},"geometry":{"type":"MultiPolygon","coordinates":[[[[34.80758978567997,31.21479265797476],[34.80758225271956,31.216596455320275],[34.80968108335245,31.21660291253963],[34.80968857646988,31.214799114737193],[34.80758978567997,31.21479265797476]]]]}},{"type":"Feature","properties":{"X":34.81073092502507,"Y":31.215701564971756,"מספר_פוליגון":68,"גיל0_4":null,"גיל5_9":null,"גיל10_18":null,"גיל19_30":null,"גיל31_44":null,"גיל45_64":null,"גיל65_75":null,"גיל76פלוס":null,"Shape_Length":799.9999999962747,"Shape_Area":39999.99999962747},"geometry":{"type":"MultiPolygon","coordinates":[[[[34.80968857646988,31.214799114737193],[34.80968108335245,31.21660291253963],[34.81177991465997,31.21660933551473],[34.811787367934336,31.21480553725778],[34.80968857646988,31.214799114737193]]]]}},{"type":"Feature","properties":{"X":34.8128297366997,"Y":31.215707970533558,"מספר_פוליגון":69,"גיל0_4":null,"גיל5_9":null,"גיל10_18":null,"גיל19_30":null,"גיל31_44":null,"גיל45_64":null,"גיל65_75":null,"גיל76פלוס":null,"Shape_Length":800.0000000018626,"Shape_Area":40000.000000186265},"geometry":{"type":"MultiPolygon","coordinates":[[[[34.811787367934336,31.21480553725778],[34.81177991465997,31.21660933551473],[34.81387874663856,31.216615724245518],[34.81388616006982,31.214811925536484],[34.811787367934336,31.21480553725778]]]]}},{"type":"Feature","properties":{"X":34.814928549043564,"Y":31.21571434185226,"מספר_פוליגון":70,"גיל0_4":null,"גיל5_9":null,"גיל10_18":null,"גיל19_30":null,"גיל31_44":null,"גיל45_64":null,"גיל65_75":null,"גיל76פלוס":null,"Shape_Length":799.9999999981374,"Shape_Area":39999.999999813735},"geometry":{"type":"MultiPolygon","coordinates":[[[[34.81388616006982,31.214811925536484],[34.81387874663856,31.216615724245518],[34.81597757928459,31.216622078731973],[34.8159849528727,31.214818279573286],[34.81388616006982,31.214811925536484]]]]}},{"type":"Feature","properties":{"X":34.817027362053075,"Y":31.21572067892781,"מספר_פוליגון":71,"גיל0_4":null,"גיל5_9":null,"גיל10_18":null,"גיל19_30":null,"גיל31_44":null,"גיל45_64":null,"גיל65_75":null,"גיל76פלוס":null,"Shape_Length":800.0000000018626,"Shape_Area":40000.000000186265},"geometry":{"type":"MultiPolygon","coordinates":[[[[34.8159849528727,31.214818279573286],[34.81597757928459,31.216622078731973],[34.818076412594515,31.216628398974056],[34.818083746339404,31.214824599368114],[34.8159849528727,31.214818279573286]]]]}},{"type":"Feature","properties":{"X":34.819126175724655,"Y":31.215726981760184,"מספר_פוליגון":72,"גיל0_4":null,"גיל5_9":null,"גיל10_18":null,"גיל19_30":null,"גיל31_44":null,"גיל45_64":null,"גיל65_75":null,"גיל76פלוס":null,"Shape_Length":799.9999999962747,"Shape_Area":39999.99999962747},"geometry":{"type":"MultiPolygon","coordinates":[[[[34.818083746339404,31.214824599368114],[34.818076412594515,31.216628398974056],[34.82017524656472,31.216634684971726],[34.82018254046634,31.214830884920946],[34.818083746339404,31.214824599368114]]]]}},{"type":"Feature","properties":{"X":34.82122499005472,"Y":31.21573325034935,"מספר_פוליגון":73,"גיל0_4":null,"גיל5_9":null,"גיל10_18":null,"גיל19_30":null,"גיל31_44":null,"גיל45_64":null,"גיל65_75":null,"גיל76פלוס":null,"Shape_Length":800.0000000018626,"Shape_Area":40000.000000186265},"geometry":{"type":"MultiPolygon","coordinates":[[[[34.82018254046634,31.214830884920946],[34.82017524656472,31.216634684971726],[34.82227408119166,31.216640936724932],[34.82228133524999,31.214837136231765],[34.82018254046634,31.214830884920946]]]]}},{"type":"Feature","properties":{"X":34.823323805039706,"Y":31.215739484695245,"מספר_פוליגון":74,"גיל0_4":null,"גיל5_9":null,"גיל10_18":null,"גיל19_30":null,"גיל31_44":null,"גיל45_64":null,"גיל65_75":null,"גיל76פלוס":null,"Shape_Length":800.0000000037253,"Shape_Area":40000.00000037253},"geometry":{"type":"MultiPolygon","coordinates":[[[[34.82228133524999,31.214837136231765],[34.82227408119166,31.216640936724932],[34.82437291647175,31.21664715423367],[34.824380130686706,31.214843353300513],[34.82228133524999,31.214837136231765]]]]}},{"type":"Feature","properties":{"X":34.825422620675994,"Y":31.21574568479785,"מספר_פוליגון":75,"גיל0_4":null,"גיל5_9":null,"גיל10_18":null,"גיל19_30":null,"גיל31_44":null,"גיל45_64":null,"גיל65_75":null,"גיל76פלוס":null,"Shape_Length":799.9999999962747,"Shape_Area":39999.99999962747},"geometry":{"type":"MultiPolygon","coordinates":[[[[34.824380130686706,31.214843353300513],[34.82437291647175,31.21664715423367],[34.82647175240135,31.216653337497878],[34.82647892677289,31.214849536127147],[34.824380130686706,31.214843353300513]]]]}},{"type":"Feature","properties":{"X":34.82752143696001,"Y":31.21575185065712,"מספר_פוליגון":76,"גיל0_4":null,"גיל5_9":null,"גיל10_18":null,"גיל19_30":null,"גיל31_44":null,"גיל45_64":null,"גיל65_75":null,"גיל76פלוס":null,"Shape_Length":800.0000000018626,"Shape_Area":40000.000000186265},"geometry":{"type":"MultiPolygon","coordinates":[[[[34.82647892677289,31.214849536127147],[34.82647175240135,31.216653337497878],[34.82857058897695,31.216659486517518],[34.82857772350503,31.21485568471164],[34.82647892677289,31.214849536127147]]]]}},{"type":"Feature","properties":{"X":34.74985706474541,"Y":31.217304691696462,"מספר_פוליגון":77,"גיל0_4":null,"גיל5_9":null,"גיל10_18":null,"גיל19_30":null,"גיל31_44":null,"גיל45_64":null,"גיל65_75":null,"גיל76פלוס":null,"Shape_Length":800.0,"Shape_Area":40000.0},"geometry":{"type":"MultiPolygon","coordinates":[[[[34.74881528344367,31.21640175017132],[34.748806634123405,31.21820553323216],[34.75090548425709,31.218212949799053],[34.75091409373236,31.21640916621352],[34.74881528344367,31.21640175017132]]]]}},{"type":"Feature","properties":{"X":34.75195589529718,"Y":31.21731209081426,"מספר_פוליגון":78,"גיל0_4":null,"גיל5_9":null,"גיל10_18":null,"גיל19_30":null,"גיל31_44":null,"גיל45_64":null,"גיל65_75":null,"גיל76פלוס":null,"Shape_Length":800.0000000055879,"Shape_Area":40000.00000055879},"geometry":{"type":"MultiPolygon","coordinates":[[[[34.75091409373236,31.21640916621352],[34.75090548425709,31.218212949799053],[34.7530043351658,31.218220332120435],[34.75301290479602,31.216416548012617],[34.75091409373236,31.21640916621352]]]]}},{"type":"Feature","properties":{"X":34.75405472662213,"Y":31.21731945568774,"מספר_פוליגון":79,"גיל0_4":null,"גיל5_9":null,"גיל10_18":null,"גיל19_30":null,"גיל31_44":null,"גיל45_64":null,"גיל65_75":null,"גיל76פלוס":null,"Shape_Length":800.0000000055879,"Shape_Area":40000.00000055879},"geometry":{"type":"MultiPolygon","coordinates":[[[[34.75301290479602,31.216416548012617],[34.7530043351658,31.218220332120435],[34.755103186845936,31.21822768019622],[34.75511171663104,31.216423895568568],[34.75301290479602,31.216416548012617]]]]}},{"type":"Feature","properties":{"X":34.756153558716676,"Y":31.21732678631684,"מספר_פוליגון":80,"גיל0_4":null,"גיל5_9":null,"גיל10_18":null,"גיל19_30":null,"גיל31_44":null,"גיל45_64":null,"גיל65_75":null,"גיל76פלוס":null,"Shape_Length":800.0000000018626,"Shape_Area":40000.000000186265},"geometry":{"type":"MultiPolygon","coordinates":[[[[34.75511171663104,31.216423895568568],[34.755103186845936,31.21822768019622],[34.75720203929387,31.21823499402642],[34.75721052923383,31.21643120888134],[34.75511171663104,31.216423895568568]]]]}},{"type":"Feature","properties":{"X":34.758252391577244,"Y":31.217334082701527,"מספר_פוליגון":81,"גיל0_4":null,"גיל5_9":null,"גיל10_18":null,"גיל19_30":null,"גיל31_44":null,"גיל45_64":null,"גיל65_75":null,"גיל76פלוס":null,"Shape_Length":800.0000000055879,"Shape_Area":40000.00000055879},"geometry":{"type":"MultiPolygon","coordinates":[[[[34.75721052923383,31.21643120888134],[34.75720203929387,31.21823499402642],[34.759300892506104,31.218242273610944],[34.75930934260084,31.216438487950875],[34.75721052923383,31.21643120888134]]]]}},{"type":"Feature","properties":{"X":34.760351225200246,"Y":31.217341344841746,"מספר_פוליגון":82,"גיל0_4":null,"גיל5_9":null,"גיל10_18":null,"גיל19_30":null,"גיל31_44":null,"גיל45_64":null,"גיל65_75":null,"גיל76פלוס":null,"Shape_Length":800.0000000018626,"Shape_Area":40000.000000186265},"geometry":{"type":"MultiPolygon","coordinates":[[[[34.75930934260084,31.216438487950875],[34.759300892506104,31.218242273610944],[34.76139974647898,31.218249518949793],[34.76140815672843,31.216445732777128],[34.75930934260084,31.216438487950875]]]]}},{"type":"Feature","properties":{"X":34.76245005958209,"Y":31.21734857273746,"מספר_פוליגון":83,"גיל0_4":null,"גיל5_9":null,"גיל10_18":null,"גיל19_30":null,"גיל31_44":null,"גיל45_64":null,"גיל65_75":null,"גיל76פלוס":null,"Shape_Length":800.0000000055879,"Shape_Area":40000.00000055879},"geometry":{"type":"MultiPolygon","coordinates":[[[[34.76140815672843,31.216445732777128],[34.76139974647898,31.218249518949793],[34.763498601208966,31.218256730042892],[34.76350697161306,31.216452943360053],[34.76140815672843,31.216445732777128]]]]}},{"type":"Feature","properties":{"X":34.764548894719226,"Y":31.217355766388632,"מספר_פוליגון":84,"גיל0_4":null,"גיל5_9":null,"גיל10_18":null,"גיל19_30":null,"גיל31_44":null,"גיל45_64":null,"גיל65_75":null,"גיל76פלוס":null,"Shape_Length":800.0000000055879,"Shape_Area":40000.00000055879},"geometry":{"type":"MultiPolygon","coordinates":[[[[34.76350697161306,31.216452943360053],[34.763498601208966,31.218256730042892],[34.76559745669246,31.21826390689022],[34.76560578725116,31.216460119699637],[34.76350697161306,31.216452943360053]]]]}},{"type":"Feature","properties":{"X":34.766647730608035,"Y":31.21736292579521,"מספר_פוליגון":85,"גיל0_4":null,"גיל5_9":null,"גיל10_18":null,"גיל19_30":null,"גיל31_44":null,"גיל45_64":null,"גיל65_75":null,"גיל76פלוס":null,"Shape_Length":800.0,"Shape_Area":40000.0},"geometry":{"type":"MultiPolygon","coordinates":[[[[34.76560578725116,31.216460119699637],[34.76559745669246,31.21826390689022],[34.76769631292584,31.218271049491708],[34.76770460363908,31.2164672617958],[34.76560578725116,31.216460119699637]]]]}},{"type":"Feature","properties":{"X":34.768746567244946,"Y":31.217370050957157,"מספר_פוליגון":86,"גיל0_4":null,"גיל5_9":null,"גיל10_18":null,"גיל19_30":null,"גיל31_44":null,"גיל45_64":null,"גיל65_75":null,"גיל76פלוס":null,"Shape_Length":800.0000000055879,"Shape_Area":40000.00000055879},"geometry":{"type":"MultiPolygon","coordinates":[[[[34.76770460363908,31.2164672617958],[34.76769631292584,31.218271049491708],[34.769795169905606,31.21827815784735],[34.769803420773314,31.216474369648516],[34.76770460363908,31.2164672617958]]]]}},{"type":"Feature","properties":{"X":34.77084540462638,"Y":31.21737714187442,"מספר_פוליגון":87,"גיל0_4":null,"גיל5_9":null,"גיל10_18":null,"גיל19_30":null,"גיל31_44":null,"גיל45_64":null,"גיל65_75":null,"גיל76פלוס":null,"Shape_Length":800.0000000018626,"Shape_Area":40000.000000186265},"geometry":{"type":"MultiPolygon","coordinates":[[[[34.769803420773314,31.216474369648516],[34.769795169905606,31.21827815784735],[34.77189402762809,31.21828523195706],[34.771902238650235,31.216481443257752],[34.769803420773314,31.216474369648516]]]]}},{"type":"Feature","properties":{"X":34.772944242748764,"Y":31.21738419854697,"מספר_פוליגון":88,"גיל0_4":null,"גיל5_9":null,"גיל10_18":null,"גיל19_30":null,"גיל31_44":null,"גיל45_64":null,"גיל65_75":null,"גיל76פלוס":null,"Shape_Length":800.0000000055879,"Shape_Area":40000.00000055879},"geometry":{"type":"MultiPolygon","coordinates":[[[[34.771902238650235,31.216481443257752],[34.77189402762809,31.21828523195706],[34.773992886089786,31.218292271820822],[34.7740010572663,31.216488482623447],[34.771902238650235,31.216481443257752]]]]}},{"type":"Feature","properties":{"X":34.775043081608494,"Y":31.217391220974758,"מספר_פוליגון":89,"גיל0_4":null,"גיל5_9":null,"גיל10_18":null,"גיל19_30":null,"גיל31_44":null,"גיל45_64":null,"גיל65_75":null,"גיל76פלוס":null,"Shape_Length":800.0000000018626,"Shape_Area":40000.000000186265},"geometry":{"type":"MultiPolygon","coordinates":[[[[34.7740010572663,31.216488482623447],[34.773992886089786,31.218292271820822],[34.776091745287054,31.218299277438604],[34.77609987661786,31.21649548774557],[34.7740010572663,31.216488482623447]]]]}},{"type":"Feature","properties":{"X":34.777141921202,"Y":31.21739820915775,"מספר_פוליגון":90,"גיל0_4":null,"גיל5_9":null,"גיל10_18":null,"גיל19_30":null,"גיל31_44":null,"גיל45_64":null,"גיל65_75":null,"גיל76פלוס":null,"Shape_Length":800.0000000055879,"Shape_Area":40000.00000055879},"geometry":{"type":"MultiPolygon","coordinates":[[[[34.77609987661786,31.21649548774557],[34.776091745287054,31.218299277438604],[34.77819060521635,31.21830624881034],[34.77819869670141,31.21650245862406],[34.77609987661786,31.21649548774557]]]]}},{"type":"Feature","properties":{"X":34.77924076152571,"Y":31.217405163095894,"מספר_פוליגון":91,"גיל0_4":null,"גיל5_9":null,"גיל10_18":null,"גיל19_30":null,"גיל31_44":null,"גיל45_64":null,"גיל65_75":null,"גיל76פלוס":null,"Shape_Length":800.0000000055879,"Shape_Area":40000.00000055879},"geometry":{"type":"MultiPolygon","coordinates":[[[[34.77819869670141,31.21650245862406],[34.77819060521635,31.21830624881034],[34.780289465874084,31.21831318593599],[34.78029751751332,31.216509395258903],[34.77819869670141,31.21650245862406]]]]}},{"type":"Feature","properties":{"X":34.78133960257601,"Y":31.21741208278915,"מספר_פוליגון":92,"גיל0_4":null,"גיל5_9":null,"גיל10_18":null,"גיל19_30":null,"גיל31_44":null,"גיל45_64":null,"גיל65_75":null,"גיל76פלוס":null,"Shape_Length":800.0,"Shape_Area":40000.0},"geometry":{"type":"MultiPolygon","coordinates":[[[[34.78029751751332,31.216509395258903],[34.780289465874084,31.21831318593599],[34.78238832725661,31.218320088815528],[34.78239633904999,31.216516297650042],[34.78029751751332,31.216509395258903]]]]}},{"type":"Feature","properties":{"X":34.78343844434934,"Y":31.217418968237478,"מספר_פוליגון":93,"גיל0_4":null,"גיל5_9":null,"גיל10_18":null,"גיל19_30":null,"גיל31_44":null,"גיל45_64":null,"גיל65_75":null,"גיל76פלוס":null,"Shape_Length":800.0000000055879,"Shape_Area":40000.00000055879},"geometry":{"type":"MultiPolygon","coordinates":[[[[34.78239633904999,31.216516297650042],[34.78238832725661,31.218320088815528],[34.78448718936043,31.21832695744891],[34.78449516130789,31.21652316579744],[34.78239633904999,31.216516297650042]]]]}},{"type":"Feature","properties":{"X":34.78553728684212,"Y":31.217425819440837,"מספר_פוליגון":94,"גיל0_4":null,"גיל5_9":null,"גיל10_18":null,"גיל19_30":null,"גיל31_44":null,"גיל45_64":null,"גיל65_75":null,"גיל76פלוס":null,"Shape_Length":800.0000000018626,"Shape_Area":40000.000000186265},"geometry":{"type":"MultiPolygon","coordinates":[[[[34.78449516130789,31.21652316579744],[34.78448718936043,31.21832695744891],[34.786586052181924,31.21833379183608],[34.78659398428339,31.21652999970106],[34.78449516130789,31.21652316579744]]]]}},{"type":"Feature","properties":{"X":34.78763613005076,"Y":31.217432636399188,"מספר_פוליגון":95,"גיל0_4":null,"גיל5_9":null,"גיל10_18":null,"גיל19_30":null,"גיל31_44":null,"גיל45_64":null,"גיל65_75":null,"גיל76פלוס":null,"Shape_Length":800.0000000055879,"Shape_Area":40000.00000055879},"geometry":{"type":"MultiPolygon","coordinates":[[[[34.78659398428339,31.21652999970106],[34.786586052181924,31.21833379183608],[34.78868491571752,31.218340591977004],[34.78869280797295,31.216536799360846],[34.78659398428339,31.21652999970106]]]]}},{"type":"Feature","properties":{"X":34.789734973971676,"Y":31.217439419112477,"מספר_פוליגון":96,"גיל0_4":null,"גיל5_9":null,"גיל10_18":null,"גיל19_30":null,"גיל31_44":null,"גיל45_64":null,"גיל65_75":null,"גיל76פלוס":null,"Shape_Length":800.0000000018626,"Shape_Area":40000.000000186265},"geometry":{"type":"MultiPolygon","coordinates":[[[[34.78869280797295,31.216536799360846],[34.78868491571752,31.218340591977004],[34.79078377996361,31.218347357871643],[34.79079163237295,31.21654356477679],[34.78869280797295,31.216536799360846]]]]}},{"type":"Feature","properties":{"X":34.79183381860128,"Y":31.217446167580686,"מספר_פוליגון":97,"גיל0_4":null,"גיל5_9":null,"גיל10_18":null,"גיל19_30":null,"גיל31_44":null,"גיל45_64":null,"גיל65_75":null,"גיל76פלוס":null,"Shape_Length":800.0000000055879,"Shape_Area":40000.00000055879},"geometry":{"type":"MultiPolygon","coordinates":[[[[34.79079163237295,31.21654356477679],[34.79078377996361,31.218347357871643],[34.792882644916645,31.218354089519973],[34.79289045747985,31.216550295948814],[34.79079163237295,31.21654356477679]]]]}},{"type":"Feature","properties":{"X":34.79393266393601,"Y":31.217452881803773,"מספר_פוליגון":98,"גיל0_4":null,"גיל5_9":null,"גיל10_18":null,"גיל19_30":null,"גיל31_44":null,"גיל45_64":null,"גיל65_75":null,"גיל76פלוס":null,"Shape_Length":800.0000000055879,"Shape_Area":40000.00000055879},"geometry":{"type":"MultiPolygon","coordinates":[[[[34.79289045747985,31.216550295948814],[34.792882644916645,31.218354089519973],[34.794981510573045,31.218360786921927],[34.79498928329003,31.216556992876885],[34.79289045747985,31.216550295948814]]]]}},{"type":"Feature","properties":{"X":34.79603150997225,"Y":31.21745956178167,"מספר_פוליגון":99,"גיל0_4":null,"גיל5_9":null,"גיל10_18":null,"גיל19_30":null,"גיל31_44":null,"גיל45_64":null,"גיל65_75":null,"גיל76פלוס":null,"Shape_Length":800.0,"Shape_Area":40000.0},"geometry":{"type":"MultiPolygon","coordinates":[[[[34.79498928329003,31.216556992876885],[34.794981510573045,31.218360786921927],[34.79708037692916,31.218367450077466],[34.797088109799894,31.216563655560986],[34.79498928329003,31.216556992876885]]]]}},{"type":"Feature","properties":{"X":34.798130356706444,"Y":31.217466207514356,"מספר_פוליגון":100,"גיל0_4":null,"גיל5_9":null,"גיל10_18":null,"גיל19_30":null,"גיל31_44":null,"גיל45_64":null,"גיל65_75":null,"גיל76פלוס":null,"Shape_Length":800.0000000055879,"Shape_Area":40000.00000055879},"geometry":{"type":"MultiPolygon","coordinates":[[[[34.797088109799894,31.216563655560986],[34.79708037692916,31.218367450077466],[34.799179243981484,31.21837407898658],[34.79918693700592,31.216570284001044],[34.797088109799894,31.216563655560986]]]]}},{"type":"Feature","properties":{"X":34.80022920413501,"Y":31.217472819001802,"מספר_פוליגון":101,"גיל0_4":null,"גיל5_9":null,"גיל10_18":null,"גיל19_30":null,"גיל31_44":null,"גיל45_64":null,"גיל65_75":null,"גיל76פלוס":null,"Shape_Length":800.0000000018626,"Shape_Area":40000.000000186265},"geometry":{"type":"MultiPolygon","coordinates":[[[[34.79918693700592,31.216570284001044],[34.799179243981484,31.21837407898658],[34.801278111726404,31.218380673649204],[34.80128576490446,31.216576878197046],[34.79918693700592,31.216570284001044]]]]}},{"type":"Feature","properties":{"X":34.802328052254346,"Y":31.21747939624394,"מספר_פוליגון":102,"גיל0_4":null,"גיל5_9":null,"גיל10_18":null,"גיל19_30":null,"גיל31_44":null,"גיל45_64":null,"גיל65_75":null,"גיל76פלוס":null,"Shape_Length":800.0000000055879,"Shape_Area":40000.00000055879},"geometry":{"type":"MultiPolygon","coordinates":[[[[34.80128576490446,31.216576878197046],[34.801278111726404,31.218380673649204],[34.80337698016034,31.218387234065297],[34.80338459349198,31.216583438148948],[34.80128576490446,31.216576878197046]]]]}},{"type":"Feature","properties":{"X":34.804426901060886,"Y":31.21748593924076,"מספר_פוליגון":103,"גיל0_4":null,"גיל5_9":null,"גיל10_18":null,"גיל19_30":null,"גיל31_44":null,"גיל45_64":null,"גיל65_75":null,"גיל76פלוס":null,"Shape_Length":800.0000000018626,"Shape_Area":40000.000000186265},"geometry":{"type":"MultiPolygon","coordinates":[[[[34.80338459349198,31.216583438148948],[34.80337698016034,31.218387234065297],[34.8054758492797,31.218393760234836],[34.80548342276486,31.216589963856705],[34.80338459349198,31.216583438148948]]]]}},{"type":"Feature","properties":{"X":34.80652575055104,"Y":31.21749244799221,"מספר_פוליגון":104,"גיל0_4":null,"גיל5_9":null,"גיל10_18":null,"גיל19_30":null,"גיל31_44":null,"גיל45_64":null,"גיל65_75":null,"גיל76פלוס":null,"Shape_Length":800.0000000055879,"Shape_Area":40000.00000055879},"geometry":{"type":"MultiPolygon","coordinates":[[[[34.80548342276486,31.216589963856705],[34.8054758492797,31.218393760234836],[34.80757471908092,31.218400252157767],[34.80758225271956,31.216596455320275],[34.80548342276486,31.216589963856705]]]]}},{"type":"Feature","properties":{"X":34.80862460072124,"Y":31.217498922498255,"מספר_פוליגון":105,"גיל0_4":null,"גיל5_9":null,"גיל10_18":null,"גיל19_30":null,"גיל31_44":null,"גיל45_64":null,"גיל65_75":null,"גיל76פלוס":null,"Shape_Length":800.0000000055879,"Shape_Area":40000.00000055879},"geometry":{"type":"MultiPolygon","coordinates":[[[[34.80758225271956,31.216596455320275],[34.80757471908092,31.218400252157767],[34.80967358956041,31.218406709834056],[34.80968108335245,31.21660291253963],[34.80758225271956,31.216596455320275]]]]}},{"type":"Feature","properties":{"X":34.81072345156786,"Y":31.217505362758846,"מספר_פוליגון":106,"גיל0_4":null,"גיל5_9":null,"גיל10_18":null,"גיל19_30":null,"גיל31_44":null,"גיל45_64":null,"גיל65_75":null,"גיל76פלוס":null,"Shape_Length":800.0,"Shape_Area":40000.0},"geometry":{"type":"MultiPolygon","coordinates":[[[[34.80968108335245,31.21660291253963],[34.80967358956041,31.218406709834056],[34.81177246071456,31.21841313326367],[34.81177991465997,31.21660933551473],[34.80968108335245,31.21660291253963]]]]}},{"type":"Feature","properties":{"X":34.812822303087366,"Y":31.217511768773957,"מספר_פוליגון":107,"גיל0_4":null,"גיל5_9":null,"גיל10_18":null,"גיל19_30":null,"גיל31_44":null,"גיל45_64":null,"גיל65_75":null,"גיל76פלוס":null,"Shape_Length":800.0000000055879,"Shape_Area":40000.00000055879},"geometry":{"type":"MultiPolygon","coordinates":[[[[34.81177991465997,31.21660933551473],[34.81177246071456,31.21841313326367],[34.81387133253982,31.218419522446563],[34.81387874663856,31.216615724245518],[34.81177991465997,31.21660933551473]]]]}},{"type":"Feature","properties":{"X":34.81492115527615,"Y":31.21751814054354,"מספר_פוליגון":108,"גיל0_4":null,"גיל5_9":null,"גיל10_18":null,"גיל19_30":null,"גיל31_44":null,"גיל45_64":null,"גיל65_75":null,"גיל76פלוס":null,"Shape_Length":800.0000000018626,"Shape_Area":40000.000000186265},"geometry":{"type":"MultiPolygon","coordinates":[[[[34.81387874663856,31.216615724245518],[34.81387133253982,31.218419522446563],[34.815970205032606,31.218425877382703],[34.81597757928459,31.216622078731973],[34.81387874663856,31.216615724245518]]]]}},{"type":"Feature","properties":{"X":34.81702000813064,"Y":31.21752447806756,"מספר_פוליגון":109,"גיל0_4":null,"גיל5_9":null,"גיל10_18":null,"גיל19_30":null,"גיל31_44":null,"גיל45_64":null,"גיל65_75":null,"גיל76פלוס":null,"Shape_Length":800.0000000055879,"Shape_Area":40000.00000055879},"geometry":{"type":"MultiPolygon","coordinates":[[[[34.81597757928459,31.216622078731973],[34.815970205032606,31.218425877382703],[34.81806907818932,31.21843219807204],[34.818076412594515,31.216628398974056],[34.81597757928459,31.216622078731973]]]]}},{"type":"Feature","properties":{"X":34.81911886164724,"Y":31.21753078134598,"מספר_פוליגון":110,"גיל0_4":null,"גיל5_9":null,"גיל10_18":null,"גיל19_30":null,"גיל31_44":null,"גיל45_64":null,"גיל65_75":null,"גיל76פלוס":null,"Shape_Length":800.0,"Shape_Area":40000.0},"geometry":{"type":"MultiPolygon","coordinates":[[[[34.818076412594515,31.216628398974056],[34.81806907818932,31.21843219807204],[34.82016795200637,31.21843848451456],[34.82017524656472,31.216634684971726],[34.818076412594515,31.216628398974056]]]]}},{"type":"Feature","properties":{"X":34.82121771582238,"Y":31.217537050378766,"מספר_פוליגון":111,"גיל0_4":null,"גיל5_9":null,"גיל10_18":null,"גיל19_30":null,"גיל31_44":null,"גיל45_64":null,"גיל65_75":null,"גיל76פלוס":null,"Shape_Length":800.0000000055879,"Shape_Area":40000.00000055879},"geometry":{"type":"MultiPolygon","coordinates":[[[[34.82017524656472,31.216634684971726],[34.82016795200637,31.21843848451456],[34.82226682648021,31.21844473671021],[34.82227408119166,31.216640936724932],[34.82017524656472,31.216634684971726]]]]}},{"type":"Feature","properties":{"X":34.82331657065249,"Y":31.217543285165878,"מספר_פוליגון":112,"גיל0_4":null,"גיל5_9":null,"גיל10_18":null,"גיל19_30":null,"גיל31_44":null,"גיל45_64":null,"גיל65_75":null,"גיל76פלוס":null,"Shape_Length":800.0000000074506,"Shape_Area":40000.00000074506},"geometry":{"type":"MultiPolygon","coordinates":[[[[34.82227408119166,31.216640936724932],[34.82226682648021,31.21844473671021],[34.824365701607256,31.218450954658927],[34.82437291647175,31.21664715423367],[34.82227408119166,31.216640936724932]]]]}},{"type":"Feature","properties":{"X":34.82541542613395,"Y":31.217549485707266,"מספר_פוליגון":113,"גיל0_4":null,"גיל5_9":null,"גיל10_18":null,"גיל19_30":null,"גיל31_44":null,"גיל45_64":null,"גיל65_75":null,"גיל76פלוס":null,"Shape_Length":800.0,"Shape_Area":40000.0},"geometry":{"type":"MultiPolygon","coordinates":[[[[34.82437291647175,31.21664715423367],[34.824365701607256,31.218450954658927],[34.82646457738385,31.218457138360716],[34.82647175240135,31.216653337497878],[34.82437291647175,31.21664715423367]]]]}},{"type":"Feature","properties":{"X":34.8275142822632,"Y":31.217555652002904,"מספר_פוליגון":114,"גיל0_4":null,"גיל5_9":null,"גיל10_18":null,"גיל19_30":null,"גיל31_44":null,"גיל45_64":null,"גיל65_75":null,"גיל76פלוס":null,"Shape_Length":800.0000000055879,"Shape_Area":40000.00000055879},"geometry":{"type":"MultiPolygon","coordinates":[[[[34.82647175240135,31.216653337497878],[34.82646457738385,31.218457138360716],[34.828563453806495,31.21846328781553],[34.82857058897695,31.216659486517518],[34.82647175240135,31.216653337497878]]]]}},{"type":"Feature","properties":{"X":34.749848435034515,"Y":31.21910847477668,"מספר_פוליגון":115,"גיל0_4":null,"גיל5_9":null,"גיל10_18":null,"גיל19_30":null,"גיל31_44":null,"גיל45_64":null,"גיל65_75":null,"גיל76פלוס":null,"Shape_Length":799.9999999888241,"Shape_Area":39999.99999888241},"geometry":{"type":"MultiPolygon","coordinates":[[[[34.748806634123405,31.21820553323216],[34.74879798402458,31.220009315784402],[34.75089687400682,31.220016732875983],[34.75090548425709,31.218212949799053],[34.748806634123405,31.21820553323216]]]]}},{"type":"Feature","properties":{"X":34.75194730543307,"Y":31.21911587441797,"מספר_פוליגון":116,"גיל0_4":null,"גיל5_9":null,"גיל10_18":null,"גיל19_30":null,"גיל31_44":null,"גיל45_64":null,"גיל65_75":null,"גיל76פלוס":null,"Shape_Length":799.9999999944121,"Shape_Area":39999.99999944121},"geometry":{"type":"MultiPolygon","coordinates":[[[[34.75090548425709,31.218212949799053],[34.75089687400682,31.220016732875983],[34.75299576476416,31.22002411571964],[34.7530043351658,31.218220332120435],[34.75090548425709,31.218212949799053]]]]}},{"type":"Feature","properties":{"X":34.75404617660489,"Y":31.21912323981251,"מספר_פוליגון":117,"גיל0_4":null,"גיל5_9":null,"גיל10_18":null,"גיל19_30":null,"גיל31_44":null,"גיל45_64":null,"גיל65_75":null,"גיל76פלוס":null,"Shape_Length":799.9999999944121,"Shape_Area":39999.99999944121},"geometry":{"type":"MultiPolygon","coordinates":[[[[34.7530043351658,31.218220332120435],[34.75299576476416,31.22002411571964],[34.755094656292975,31.22003146431529],[34.755103186845936,31.21822768019622],[34.7530043351658,31.218220332120435]]]]}},{"type":"Feature","properties":{"X":34.75614504854636,"Y":31.219130570960257,"מספר_פוליגון":118,"גיל0_4":null,"גיל5_9":null,"גיל10_18":null,"גיל19_30":null,"גיל31_44":null,"גיל45_64":null,"גיל65_75":null,"גיל76פלוס":null,"Shape_Length":799.9999999906868,"Shape_Area":39999.99999906868},"geometry":{"type":"MultiPolygon","coordinates":[[[[34.755103186845936,31.21822768019622],[34.755094656292975,31.22003146431529],[34.757193548589676,31.220038778662936],[34.75720203929387,31.21823499402642],[34.755103186845936,31.21822768019622]]]]}},{"type":"Feature","properties":{"X":34.7582439212539,"Y":31.219137867861164,"מספר_פוליגון":119,"גיל0_4":null,"גיל5_9":null,"גיל10_18":null,"גיל19_30":null,"גיל31_44":null,"גיל45_64":null,"גיל65_75":null,"גיל76פלוס":null,"Shape_Length":799.9999999944121,"Shape_Area":39999.99999944121},"geometry":{"type":"MultiPolygon","coordinates":[[[[34.75720203929387,31.21823499402642],[34.757193548589676,31.220038778662936],[34.7592924416507,31.22004605876249],[34.759300892506104,31.218242273610944],[34.75720203929387,31.21823499402642]]]]}},{"type":"Feature","properties":{"X":34.76034279472394,"Y":31.219145130515194,"מספר_פוליגון":120,"גיל0_4":null,"גיל5_9":null,"גיל10_18":null,"גיל19_30":null,"גיל31_44":null,"גיל45_64":null,"גיל65_75":null,"גיל76פלוס":null,"Shape_Length":799.9999999906868,"Shape_Area":39999.99999906868},"geometry":{"type":"MultiPolygon","coordinates":[[[[34.759300892506104,31.218242273610944],[34.7592924416507,31.22004605876249],[34.76139133547244,31.220053304613945],[34.76139974647898,31.218249518949793],[34.759300892506104,31.218242273610944]]]]}},{"type":"Feature","properties":{"X":34.76244166895289,"Y":31.2191523589223,"מספר_פוליגון":121,"גיל0_4":null,"גיל5_9":null,"גיל10_18":null,"גיל19_30":null,"גיל31_44":null,"גיל45_64":null,"גיל65_75":null,"גיל76פלוס":null,"Shape_Length":799.9999999944121,"Shape_Area":39999.99999944121},"geometry":{"type":"MultiPolygon","coordinates":[[[[34.76139974647898,31.218249518949793],[34.76139133547244,31.220053304613945],[34.76349023005134,31.220060516217238],[34.763498601208966,31.218256730042892],[34.76139974647898,31.218249518949793]]]]}},{"type":"Feature","properties":{"X":34.764540543937194,"Y":31.219159553082445,"מספר_פוליגון":122,"גיל0_4":null,"גיל5_9":null,"גיל10_18":null,"גיל19_30":null,"גיל31_44":null,"גיל45_64":null,"גיל65_75":null,"גיל76פלוס":null,"Shape_Length":799.9999999944121,"Shape_Area":39999.99999944121},"geometry":{"type":"MultiPolygon","coordinates":[[[[34.763498601208966,31.218256730042892],[34.76349023005134,31.220060516217238],[34.76558912538384,31.22006769357232],[34.76559745669246,31.21826390689022],[34.763498601208966,31.218256730042892]]]]}},{"type":"Feature","properties":{"X":34.76663941967322,"Y":31.219166712995584,"מספר_פוליגון":123,"גיל0_4":null,"גיל5_9":null,"גיל10_18":null,"גיל19_30":null,"גיל31_44":null,"גיל45_64":null,"גיל65_75":null,"גיל76פלוס":null,"Shape_Length":799.9999999888241,"Shape_Area":39999.99999888241},"geometry":{"type":"MultiPolygon","coordinates":[[[[34.76559745669246,31.21826390689022],[34.76558912538384,31.22006769357232],[34.76768802146627,31.22007483667919],[34.76769631292584,31.218271049491708],[34.76559745669246,31.21826390689022]]]]}},{"type":"Feature","properties":{"X":34.7687382961574,"Y":31.21917383866166,"מספר_פוליגון":124,"גיל0_4":null,"גיל5_9":null,"גיל10_18":null,"גיל19_30":null,"גיל31_44":null,"גיל45_64":null,"גיל65_75":null,"גיל76פלוס":null,"Shape_Length":799.9999999944121,"Shape_Area":39999.99999944121},"geometry":{"type":"MultiPolygon","coordinates":[[[[34.76769631292584,31.218271049491708],[34.76768802146627,31.22007483667919],[34.76978691829513,31.220081945537725],[34.769795169905606,31.21827815784735],[34.76769631292584,31.218271049491708]]]]}},{"type":"Feature","properties":{"X":34.77083717338618,"Y":31.219180930080633,"מספר_פוליגון":125,"גיל0_4":null,"גיל5_9":null,"גיל10_18":null,"גיל19_30":null,"גיל31_44":null,"גיל45_64":null,"גיל65_75":null,"גיל76פלוס":null,"Shape_Length":799.9999999906868,"Shape_Area":39999.99999906868},"geometry":{"type":"MultiPolygon","coordinates":[[[[34.769795169905606,31.21827815784735],[34.76978691829513,31.220081945537725],[34.77188581586678,31.220089020147956],[34.77189402762809,31.21828523195706],[34.769795169905606,31.21827815784735]]]]}},{"type":"Feature","properties":{"X":34.77293605135595,"Y":31.219187987252468,"מספר_פוליגון":126,"גיל0_4":3.0,"גיל5_9":5.0,"גיל10_18":4.0,"גיל19_30":6.0,"גיל31_44":7.0,"גיל45_64":10.0,"גיל65_75":5.0,"גיל76פלוס":9.0,"Shape_Length":799.9999999944121,"Shape_Area":39999.99999944121},"geometry":{"type":"MultiPolygon","coordinates":[[[[34.77189402762809,31.21828523195706],[34.77188581586678,31.220089020147956],[34.77398471417769,31.220096060509825],[34.773992886089786,31.218292271820822],[34.77189402762809,31.21828523195706]]]]}},{"type":"Feature","properties":{"X":34.775034930063136,"Y":31.219195010177135,"מספר_פוליגון":127,"גיל0_4":1.0,"גיל5_9":1.0,"גיל10_18":3.0,"גיל19_30":2.0,"גיל31_44":4.0,"גיל45_64":3.0,"גיל65_75":4.0,"גיל76פלוס":5.0,"Shape_Length":799.9999999906868,"Shape_Area":39999.99999906868},"geometry":{"type":"MultiPolygon","coordinates":[[[[34.773992886089786,31.218292271820822],[34.77398471417769,31.220096060509825],[34.77608361322425,31.220103066623267],[34.776091745287054,31.218299277438604],[34.773992886089786,31.218292271820822]]]]}},{"type":"Feature","properties":{"X":34.77713380950415,"Y":31.219201998854576,"מספר_פוליגון":128,"גיל0_4":null,"גיל5_9":null,"גיל10_18":null,"גיל19_30":null,"גיל31_44":null,"גיל45_64":null,"גיל65_75":null,"גיל76פלוס":null,"Shape_Length":799.9999999944121,"Shape_Area":39999.99999944121},"geometry":{"type":"MultiPolygon","coordinates":[[[[34.776091745287054,31.218299277438604],[34.77608361322425,31.220103066623267],[34.778182513002875,31.22011003848823],[34.77819060521635,31.21830624881034],[34.776091745287054,31.218299277438604]]]]}},{"type":"Feature","properties":{"X":34.77923268967543,"Y":31.219208953284756,"מספר_פוליגון":129,"גיל0_4":null,"גיל5_9":null,"גיל10_18":null,"גיל19_30":null,"גיל31_44":null,"גיל45_64":null,"גיל65_75":null,"גיל76פלוס":null,"Shape_Length":799.9999999944121,"Shape_Area":39999.99999944121},"geometry":{"type":"MultiPolygon","coordinates":[[[[34.77819060521635,31.21830624881034],[34.778182513002875,31.22011003848823],[34.78028141350998,31.22011697610473],[34.780289465874084,31.21831318593599],[34.77819060521635,31.21830624881034]]]]}},{"type":"Feature","properties":{"X":34.78133157057336,"Y":31.219215873467633,"מספר_פוליגון":130,"גיל0_4":null,"גיל5_9":null,"גיל10_18":null,"גיל19_30":null,"גיל31_44":null,"גיל45_64":null,"גיל65_75":null,"גיל76פלוס":null,"Shape_Length":799.9999999888241,"Shape_Area":39999.99999888241},"geometry":{"type":"MultiPolygon","coordinates":[[[[34.780289465874084,31.21831318593599],[34.78028141350998,31.22011697610473],[34.78238031474197,31.220123879472677],[34.78238832725661,31.218320088815528],[34.780289465874084,31.21831318593599]]]]}},{"type":"Feature","properties":{"X":34.78343045219437,"Y":31.219222759403152,"מספר_פוליגון":131,"גיל0_4":null,"גיל5_9":null,"גיל10_18":null,"גיל19_30":null,"גיל31_44":null,"גיל45_64":null,"גיל65_75":null,"גיל76פלוס":null,"Shape_Length":799.9999999944121,"Shape_Area":39999.99999944121},"geometry":{"type":"MultiPolygon","coordinates":[[[[34.78238832725661,31.218320088815528],[34.78238031474197,31.220123879472677],[34.784479216695296,31.220130748592037],[34.78448718936043,31.21832695744891],[34.78238832725661,31.218320088815528]]]]}},{"type":"Feature","properties":{"X":34.785529334534885,"Y":31.219229611091283,"מספר_פוליגון":132,"גיל0_4":null,"גיל5_9":null,"גיל10_18":null,"גיל19_30":null,"גיל31_44":null,"גיל45_64":null,"גיל65_75":null,"גיל76פלוס":null,"Shape_Length":799.9999999906868,"Shape_Area":39999.99999906868},"geometry":{"type":"MultiPolygon","coordinates":[[[[34.78448718936043,31.21832695744891],[34.784479216695296,31.220130748592037],[34.78657811936635,31.22013758346278],[34.786586052181924,31.21833379183608],[34.78448718936043,31.21832695744891]]]]}},{"type":"Feature","properties":{"X":34.78762821759132,"Y":31.21923642853199,"מספר_פוליגון":133,"גיל0_4":null,"גיל5_9":null,"גיל10_18":null,"גיל19_30":null,"גיל31_44":null,"גיל45_64":null,"גיל65_75":null,"גיל76פלוס":null,"Shape_Length":799.9999999944121,"Shape_Area":39999.99999944121},"geometry":{"type":"MultiPolygon","coordinates":[[[[34.786586052181924,31.21833379183608],[34.78657811936635,31.22013758346278],[34.788677022751564,31.220144384084865],[34.78868491571752,31.218340591977004],[34.786586052181924,31.21833379183608]]]]}},{"type":"Feature","properties":{"X":34.78972710136008,"Y":31.219243211725225,"מספר_פוליגון":134,"גיל0_4":null,"גיל5_9":null,"גיל10_18":null,"גיל19_30":null,"גיל31_44":null,"גיל45_64":null,"גיל65_75":null,"גיל76פלוס":null,"Shape_Length":799.9999999906868,"Shape_Area":39999.99999906868},"geometry":{"type":"MultiPolygon","coordinates":[[[[34.78868491571752,31.218340591977004],[34.788677022751564,31.220144384084865],[34.79077592684733,31.220151150458253],[34.79078377996361,31.218347357871643],[34.78868491571752,31.218340591977004]]]]}},{"type":"Feature","properties":{"X":34.7918259858376,"Y":31.219249960670947,"מספר_פוליגון":135,"גיל0_4":null,"גיל5_9":null,"גיל10_18":null,"גיל19_30":null,"גיל31_44":null,"גיל45_64":null,"גיל65_75":null,"גיל76פלוס":null,"Shape_Length":799.9999999944121,"Shape_Area":39999.99999944121},"geometry":{"type":"MultiPolygon","coordinates":[[[[34.79078377996361,31.218347357871643],[34.79077592684733,31.220151150458253],[34.7928748316501,31.22015788258288],[34.792882644916645,31.218354089519973],[34.79078377996361,31.218347357871643]]]]}},{"type":"Feature","properties":{"X":34.793924871020295,"Y":31.219256675369124,"מספר_פוליגון":136,"גיל0_4":null,"גיל5_9":null,"גיל10_18":null,"גיל19_30":null,"גיל31_44":null,"גיל45_64":null,"גיל65_75":null,"גיל76פלוס":null,"Shape_Length":799.9999999944121,"Shape_Area":39999.99999944121},"geometry":{"type":"MultiPolygon","coordinates":[[[[34.792882644916645,31.218354089519973],[34.7928748316501,31.22015788258288],[34.794973737156276,31.22016458045873],[34.794981510573045,31.218360786921927],[34.792882644916645,31.218354089519973]]]]}},{"type":"Feature","properties":{"X":34.796023756904546,"Y":31.219263355819702,"מספר_פוליגון":137,"גיל0_4":null,"גיל5_9":null,"גיל10_18":null,"גיל19_30":null,"גיל31_44":null,"גיל45_64":null,"גיל65_75":null,"גיל76פלוס":null,"Shape_Length":799.9999999888241,"Shape_Area":39999.99999888241},"geometry":{"type":"MultiPolygon","coordinates":[[[[34.794981510573045,31.218360786921927],[34.794973737156276,31.22016458045873],[34.79707264336224,31.22017124408576],[34.79708037692916,31.218367450077466],[34.794981510573045,31.218360786921927]]]]}},{"type":"Feature","properties":{"X":34.798122643486806,"Y":31.21927000202265,"מספר_פוליגון":138,"גיל0_4":null,"גיל5_9":null,"גיל10_18":null,"גיל19_30":null,"גיל31_44":null,"גיל45_64":null,"גיל65_75":null,"גיל76פלוס":null,"Shape_Length":799.9999999944121,"Shape_Area":39999.99999944121},"geometry":{"type":"MultiPolygon","coordinates":[[[[34.79708037692916,31.218367450077466],[34.79707264336224,31.22017124408576],[34.79917155026447,31.22017787346391],[34.799179243981484,31.21837407898658],[34.79708037692916,31.218367450077466]]]]}},{"type":"Feature","properties":{"X":34.800221530763494,"Y":31.219276613977932,"מספר_פוליגון":139,"גיל0_4":null,"גיל5_9":null,"גיל10_18":null,"גיל19_30":null,"גיל31_44":null,"גיל45_64":null,"גיל65_75":null,"גיל76פלוס":null,"Shape_Length":799.9999999906868,"Shape_Area":39999.99999906868},"geometry":{"type":"MultiPolygon","coordinates":[[[[34.799179243981484,31.21837407898658],[34.79917155026447,31.22017787346391],[34.801270457859324,31.22018446859317],[34.801278111726404,31.218380673649204],[34.799179243981484,31.21837407898658]]]]}},{"type":"Feature","properties":{"X":34.80232041873103,"Y":31.219283191685506,"מספר_פוליגון":140,"גיל0_4":null,"גיל5_9":null,"גיל10_18":null,"גיל19_30":null,"גיל31_44":null,"גיל45_64":null,"גיל65_75":null,"גיל76פלוס":null,"Shape_Length":799.9999999944121,"Shape_Area":39999.99999944121},"geometry":{"type":"MultiPolygon","coordinates":[[[[34.801278111726404,31.218380673649204],[34.801270457859324,31.22018446859317],[34.803369366143265,31.22019102947349],[34.80337698016034,31.218387234065297],[34.801278111726404,31.218380673649204]]]]}},{"type":"Feature","properties":{"X":34.80441930738579,"Y":31.219289735145324,"מספר_פוליגון":141,"גיל0_4":null,"גיל5_9":null,"גיל10_18":null,"גיל19_30":null,"גיל31_44":null,"גיל45_64":null,"גיל65_75":null,"גיל76פלוס":null,"Shape_Length":799.9999999906868,"Shape_Area":39999.99999906868},"geometry":{"type":"MultiPolygon","coordinates":[[[[34.80337698016034,31.218387234065297],[34.803369366143265,31.22019102947349],[34.80546827511269,31.22019755610482],[34.8054758492797,31.218393760234836],[34.80337698016034,31.218387234065297]]]]}},{"type":"Feature","properties":{"X":34.80651819672424,"Y":31.219296244357352,"מספר_פוליגון":142,"גיל0_4":null,"גיל5_9":null,"גיל10_18":null,"גיל19_30":null,"גיל31_44":null,"גיל45_64":null,"גיל65_75":null,"גיל76פלוס":null,"Shape_Length":799.9999999944121,"Shape_Area":39999.99999944121},"geometry":{"type":"MultiPolygon","coordinates":[[[[34.8054758492797,31.218393760234836],[34.80546827511269,31.22019755610482],[34.80756718476402,31.22020404848712],[34.80757471908092,31.218400252157767],[34.8054758492797,31.218393760234836]]]]}},{"type":"Feature","properties":{"X":34.80861708674278,"Y":31.21930271932156,"מספר_פוליגון":143,"גיל0_4":null,"גיל5_9":null,"גיל10_18":null,"גיל19_30":null,"גיל31_44":null,"גיל45_64":null,"גיל65_75":null,"גיל76פלוס":null,"Shape_Length":799.9999999944121,"Shape_Area":39999.99999944121},"geometry":{"type":"MultiPolygon","coordinates":[[[[34.80757471908092,31.218400252157767],[34.80756718476402,31.22020404848712],[34.80966609509369,31.220210506620386],[34.80967358956041,31.218406709834056],[34.80757471908092,31.218400252157767]]]]}},{"type":"Feature","properties":{"X":34.8107159774378,"Y":31.21930916003789,"מספר_פוליגון":144,"גיל0_4":null,"גיל5_9":null,"גיל10_18":null,"גיל19_30":null,"גיל31_44":null,"גיל45_64":null,"גיל65_75":null,"גיל76פלוס":null,"Shape_Length":799.9999999888241,"Shape_Area":39999.99999888241},"geometry":{"type":"MultiPolygon","coordinates":[[[[34.80967358956041,31.218406709834056],[34.80966609509369,31.220210506620386],[34.811765006098035,31.220216930504527],[34.81177246071456,31.21841313326367],[34.80967358956041,31.218406709834056]]]]}},{"type":"Feature","properties":{"X":34.812814868805745,"Y":31.21931556650632,"מספר_פוליגון":145,"גיל0_4":null,"גיל5_9":null,"גיל10_18":null,"גיל19_30":null,"גיל31_44":null,"גיל45_64":null,"גיל65_75":null,"גיל76פלוס":null,"Shape_Length":799.9999999944121,"Shape_Area":39999.99999944121},"geometry":{"type":"MultiPolygon","coordinates":[[[[34.81177246071456,31.21841313326367],[34.811765006098035,31.220216930504527],[34.81386391777358,31.220223320139528],[34.81387133253982,31.218419522446563],[34.81177246071456,31.21841313326367]]]]}},{"type":"Feature","properties":{"X":34.81491376084304,"Y":31.21932193872681,"מספר_פוליגון":146,"גיל0_4":null,"גיל5_9":null,"גיל10_18":null,"גיל19_30":1.0,"גיל31_44":null,"גיל45_64":null,"גיל65_75":null,"גיל76פלוס":null,"Shape_Length":799.9999999906868,"Shape_Area":39999.99999906868},"geometry":{"type":"MultiPolygon","coordinates":[[[[34.81387133253982,31.218419522446563],[34.81386391777358,31.220223320139528],[34.81596283011669,31.22022967552537],[34.815970205032606,31.218425877382703],[34.81387133253982,31.218419522446563]]]]}},{"type":"Feature","properties":{"X":34.81701265354608,"Y":31.219328276699315,"מספר_פוליגון":147,"גיל0_4":null,"גיל5_9":null,"גיל10_18":null,"גיל19_30":null,"גיל31_44":null,"גיל45_64":null,"גיל65_75":null,"גיל76פלוס":null,"Shape_Length":799.9999999944121,"Shape_Area":39999.99999944121},"geometry":{"type":"MultiPolygon","coordinates":[[[[34.815970205032606,31.218425877382703],[34.81596283011669,31.22022967552537],[34.818061743123785,31.220235996662005],[34.81806907818932,31.21843219807204],[34.815970205032606,31.218425877382703]]]]}},{"type":"Feature","properties":{"X":34.81911154691129,"Y":31.2193345804238,"מספר_פוליגון":148,"גיל0_4":null,"גיל5_9":null,"גיל10_18":null,"גיל19_30":null,"גיל31_44":null,"גיל45_64":null,"גיל65_75":null,"גיל76פלוס":null,"Shape_Length":799.9999999888241,"Shape_Area":39999.99999888241},"geometry":{"type":"MultiPolygon","coordinates":[[[[34.81806907818932,31.21843219807204],[34.818061743123785,31.220235996662005],[34.82016065679125,31.22024228354937],[34.82016795200637,31.21843848451456],[34.81806907818932,31.21843219807204]]]]}},{"type":"Feature","properties":{"X":34.82121044093508,"Y":31.21934084990023,"מספר_פוליגון":149,"גיל0_4":null,"גיל5_9":null,"גיל10_18":null,"גיל19_30":null,"גיל31_44":null,"גיל45_64":null,"גיל65_75":null,"גיל76פלוס":null,"Shape_Length":799.9999999944121,"Shape_Area":39999.99999944121},"geometry":{"type":"MultiPolygon","coordinates":[[[[34.82016795200637,31.21843848451456],[34.82016065679125,31.22024228354937],[34.822259571115566,31.220248536187455],[34.82226682648021,31.21844473671021],[34.82016795200637,31.21843848451456]]]]}},{"type":"Feature","properties":{"X":34.82330933561389,"Y":31.21934708512856,"מספר_פוליגון":150,"גיל0_4":null,"גיל5_9":null,"גיל10_18":null,"גיל19_30":null,"גיל31_44":null,"גיל45_64":null,"גיל65_75":null,"גיל76פלוס":null,"Shape_Length":799.9999999962747,"Shape_Area":39999.99999962747},"geometry":{"type":"MultiPolygon","coordinates":[[[[34.82226682648021,31.21844473671021],[34.822259571115566,31.220248536187455],[34.824358486093146,31.220254754576207],[34.824365701607256,31.218450954658927],[34.82226682648021,31.21844473671021]]]]}},{"type":"Feature","properties":{"X":34.82540823094413,"Y":31.219353286108753,"מספר_פוליגון":151,"גיל0_4":null,"גיל5_9":null,"גיל10_18":null,"גיל19_30":null,"גיל31_44":null,"גיל45_64":null,"גיל65_75":null,"גיל76פלוס":null,"Shape_Length":799.9999999888241,"Shape_Area":39999.99999888241},"geometry":{"type":"MultiPolygon","coordinates":[[[[34.824365701607256,31.218450954658927],[34.824358486093146,31.220254754576207],[34.82645740172031,31.220260938715597],[34.82646457738385,31.218457138360716],[34.824365701607256,31.218450954658927]]]]}},{"type":"Feature","properties":{"X":34.82750712692218,"Y":31.21935945284078,"מספר_פוליגון":152,"גיל0_4":null,"גיל5_9":null,"גיל10_18":null,"גיל19_30":null,"גיל31_44":null,"גיל45_64":null,"גיל65_75":null,"גיל76פלוס":null,"Shape_Length":799.9999999944121,"Shape_Area":39999.99999944121},"geometry":{"type":"MultiPolygon","coordinates":[[[[34.82646457738385,31.218457138360716],[34.82645740172031,31.220260938715597],[34.82855631799361,31.220267088605603],[34.828563453806495,31.21846328781553],[34.82646457738385,31.218457138360716]]]]}},{"type":"Feature","properties":{"X":34.74983980454679,"Y":31.220912257348303,"מספר_פוליגון":153,"גיל0_4":null,"גיל5_9":null,"גיל10_18":null,"גיל19_30":null,"גיל31_44":null,"גיל45_64":null,"גיל65_75":null,"גיל76פלוס":null,"Shape_Length":799.9999999962747,"Shape_Area":39999.99999962747},"geometry":{"type":"MultiPolygon","coordinates":[[[[34.74879798402458,31.220009315784402],[34.7487893331471,31.221813097828065],[34.75088826298148,31.221820515444364],[34.75089687400682,31.220016732875983],[34.74879798402458,31.220009315784402]]]]}},{"type":"Feature","properties":{"X":34.75193871479573,"Y":31.220919657513107,"מספר_פוליגון":154,"גיל0_4":null,"גיל5_9":null,"גיל10_18":null,"גיל19_30":null,"גיל31_44":null,"גיל45_64":null,"גיל65_75":null,"גיל76פלוס":null,"Shape_Length":800.0000000018626,"Shape_Area":40000.000000186265},"geometry":{"type":"MultiPolygon","coordinates":[[[[34.75089687400682,31.220016732875983],[34.75088826298148,31.221820515444364],[34.75298719359103,31.22182789881033],[34.75299576476416,31.22002411571964],[34.75089687400682,31.220016732875983]]]]}},{"type":"Feature","properties":{"X":34.754037625817986,"Y":31.220927023428736,"מספר_פוליגון":155,"גיל0_4":null,"גיל5_9":null,"גיל10_18":null,"גיל19_30":null,"גיל31_44":null,"גיל45_64":null,"גיל65_75":null,"גיל76פלוס":null,"Shape_Length":800.0000000018626,"Shape_Area":40000.000000186265},"geometry":{"type":"MultiPolygon","coordinates":[[[[34.75299576476416,31.22002411571964],[34.75298719359103,31.22182789881033],[34.755086124972124,31.221835247925874],[34.755094656292975,31.22003146431529],[34.75299576476416,31.22002411571964]]]]}},{"type":"Feature","properties":{"X":34.75613653760996,"Y":31.22093435509515,"מספר_פוליגון":156,"גיל0_4":null,"גיל5_9":null,"גיל10_18":null,"גיל19_30":null,"גיל31_44":null,"גיל45_64":null,"גיל65_75":null,"גיל76פלוס":null,"Shape_Length":799.9999999981374,"Shape_Area":39999.999999813735},"geometry":{"type":"MultiPolygon","coordinates":[[[[34.755094656292975,31.22003146431529],[34.755086124972124,31.221835247925874],[34.75718505712115,31.221842562790982],[34.757193548589676,31.220038778662936],[34.755094656292975,31.22003146431529]]]]}},{"type":"Feature","properties":{"X":34.758235450168065,"Y":31.220941652512305,"מספר_פוליגון":157,"גיל0_4":null,"גיל5_9":null,"גיל10_18":null,"גיל19_30":null,"גיל31_44":null,"גיל45_64":null,"גיל65_75":null,"גיל76פלוס":null,"Shape_Length":800.0000000018626,"Shape_Area":40000.000000186265},"geometry":{"type":"MultiPolygon","coordinates":[[[[34.757193548589676,31.220038778662936],[34.75718505712115,31.221842562790982],[34.75928399003456,31.221849843405586],[34.7592924416507,31.22004605876249],[34.757193548589676,31.220038778662936]]]]}},{"type":"Feature","properties":{"X":34.760334363488724,"Y":31.220948915680165,"מספר_פוליגון":158,"גיל0_4":null,"גיל5_9":null,"גיל10_18":null,"גיל19_30":null,"גיל31_44":null,"גיל45_64":null,"גיל65_75":null,"גיל76פלוס":null,"Shape_Length":799.9999999981374,"Shape_Area":39999.999999813735},"geometry":{"type":"MultiPolygon","coordinates":[[[[34.7592924416507,31.22004605876249],[34.75928399003456,31.221849843405586],[34.76138292370876,31.221857089769653],[34.76139133547244,31.220053304613945],[34.7592924416507,31.22004605876249]]]]}},{"type":"Feature","properties":{"X":34.76243327756837,"Y":31.220956144598677,"מספר_פוליגון":159,"גיל0_4":null,"גיל5_9":null,"גיל10_18":null,"גיל19_30":null,"גיל31_44":null,"גיל45_64":null,"גיל65_75":null,"גיל76פלוס":null,"Shape_Length":800.0000000018626,"Shape_Area":40000.000000186265},"geometry":{"type":"MultiPolygon","coordinates":[[[[34.76139133547244,31.220053304613945],[34.76138292370876,31.221857089769653],[34.763481858140175,31.221864301883166],[34.76349023005134,31.220060516217238],[34.76139133547244,31.220053304613945]]]]}},{"type":"Feature","properties":{"X":34.7645321924034,"Y":31.220963339267815,"מספר_פוליגון":160,"גיל0_4":null,"גיל5_9":null,"גיל10_18":null,"גיל19_30":null,"גיל31_44":null,"גיל45_64":null,"גיל65_75":null,"גיל76פלוס":null,"Shape_Length":800.0000000018626,"Shape_Area":40000.000000186265},"geometry":{"type":"MultiPolygon","coordinates":[[[[34.76349023005134,31.220060516217238],[34.763481858140175,31.221864301883166],[34.765580793325235,31.22187147974604],[34.76558912538384,31.22006769357232],[34.76349023005134,31.220060516217238]]]]}},{"type":"Feature","properties":{"X":34.76663110799023,"Y":31.220970499687525,"מספר_פוליגון":161,"גיל0_4":null,"גיל5_9":null,"גיל10_18":null,"גיל19_30":null,"גיל31_44":null,"גיל45_64":null,"גיל65_75":null,"גיל76פלוס":null,"Shape_Length":799.9999999962747,"Shape_Area":39999.99999962747},"geometry":{"type":"MultiPolygon","coordinates":[[[[34.76558912538384,31.22006769357232],[34.765580793325235,31.22187147974604],[34.76767972926029,31.22187862335826],[34.76768802146627,31.22007483667919],[34.76558912538384,31.22006769357232]]]]}},{"type":"Feature","properties":{"X":34.76873002432528,"Y":31.220977625857742,"מספר_פוליגון":162,"גיל0_4":null,"גיל5_9":null,"גיל10_18":null,"גיל19_30":null,"גיל31_44":null,"גיל45_64":null,"גיל65_75":null,"גיל76פלוס":null,"Shape_Length":800.0000000018626,"Shape_Area":40000.000000186265},"geometry":{"type":"MultiPolygon","coordinates":[[[[34.76768802146627,31.22007483667919],[34.76767972926029,31.22187862335826],[34.769778665941836,31.22188573271975],[34.76978691829513,31.220081945537725],[34.76768802146627,31.22007483667919]]]]}},{"type":"Feature","properties":{"X":34.77082894140498,"Y":31.220984717778453,"מספר_פוליגון":163,"גיל0_4":2.0,"גיל5_9":2.0,"גיל10_18":3.0,"גיל19_30":3.0,"גיל31_44":4.0,"גיל45_64":7.0,"גיל65_75":4.0,"גיל76פלוס":6.0,"Shape_Length":799.9999999981374,"Shape_Area":39999.999999813735},"geometry":{"type":"MultiPolygon","coordinates":[[[[34.76978691829513,31.220081945537725],[34.769778665941836,31.22188573271975],[34.77187760336624,31.221892807830525],[34.77188581586678,31.220089020147956],[34.76978691829513,31.220081945537725]]]]}},{"type":"Feature","properties":{"X":34.772927859225724,"Y":31.220991775449605,"מספר_פוליגון":164,"גיל0_4":7.0,"גיל5_9":11.0,"גיל10_18":7.0,"גיל19_30":8.0,"גיל31_44":22.0,"גיל45_64":31.0,"גיל65_75":20.0,"גיל76פלוס":32.0,"Shape_Length":800.0000000018626,"Shape_Area":40000.000000186265},"geometry":{"type":"MultiPolygon","coordinates":[[[[34.77188581586678,31.220089020147956],[34.77187760336624,31.221892807830525],[34.773976541529954,31.221899848690477],[34.77398471417769,31.220096060509825],[34.77188581586678,31.220089020147956]]]]}},{"type":"Feature","properties":{"X":34.77502677778394,"Y":31.220998798871157,"מספר_פוליגון":165,"גיל0_4":13.0,"גיל5_9":9.0,"גיל10_18":17.0,"גיל19_30":24.0,"גיל31_44":37.0,"גיל45_64":58.0,"גיל65_75":23.0,"גיל76פלוס":41.0,"Shape_Length":799.9999999981374,"Shape_Area":39999.999999813735},"geometry":{"type":"MultiPolygon","coordinates":[[[[34.77398471417769,31.220096060509825],[34.773976541529954,31.221899848690477],[34.77607548042936,31.221906855299597],[34.77608361322425,31.220103066623267],[34.77398471417769,31.220096060509825]]]]}},{"type":"Feature","properties":{"X":34.77712569707606,"Y":31.221005788043072,"מספר_פוליגון":166,"גיל0_4":1.0,"גיל5_9":1.0,"גיל10_18":2.0,"גיל19_30":13.0,"גיל31_44":6.0,"גיל45_64":16.0,"גיל65_75":9.0,"גיל76פלוס":1.0,"Shape_Length":800.0000000018626,"Shape_Area":40000.000000186265},"geometry":{"type":"MultiPolygon","coordinates":[[[[34.77608361322425,31.220103066623267],[34.77607548042936,31.221906855299597],[34.77817442006091,31.221913827657858],[34.778182513002875,31.22011003848823],[34.77608361322425,31.220103066623267]]]]}},{"type":"Feature","properties":{"X":34.779224617098485,"Y":31.221012742965303,"מספר_פוליגון":167,"גיל0_4":null,"גיל5_9":null,"גיל10_18":null,"גיל19_30":null,"גיל31_44":null,"גיל45_64":null,"גיל65_75":null,"גיל76פלוס":null,"Shape_Length":800.0000000018626,"Shape_Area":40000.000000186265},"geometry":{"type":"MultiPolygon","coordinates":[[[[34.778182513002875,31.22011003848823],[34.77817442006091,31.221913827657858],[34.78027336042099,31.221920765765187],[34.78028141350998,31.22011697610473],[34.778182513002875,31.22011003848823]]]]}},{"type":"Feature","properties":{"X":34.78132353784762,"Y":31.221019663637808,"מספר_פוליגון":168,"גיל0_4":null,"גיל5_9":null,"גיל10_18":null,"גיל19_30":null,"גיל31_44":null,"גיל45_64":null,"גיל65_75":null,"גיל76פלוס":null,"Shape_Length":799.9999999962747,"Shape_Area":39999.99999962747},"geometry":{"type":"MultiPolygon","coordinates":[[[[34.78028141350998,31.22011697610473],[34.78027336042099,31.221920765765187],[34.782372301506015,31.221927669621575],[34.78238031474197,31.220123879472677],[34.78028141350998,31.22011697610473]]]]}},{"type":"Feature","properties":{"X":34.783422459319894,"Y":31.221026550060543,"מספר_פוליגון":169,"גיל0_4":null,"גיל5_9":null,"גיל10_18":null,"גיל19_30":null,"גיל31_44":null,"גיל45_64":null,"גיל65_75":null,"גיל76פלוס":null,"Shape_Length":800.0000000018626,"Shape_Area":40000.000000186265},"geometry":{"type":"MultiPolygon","coordinates":[[[[34.78238031474197,31.220123879472677],[34.782372301506015,31.221927669621575],[34.784471243312424,31.221934539226947],[34.784479216695296,31.220130748592037],[34.78238031474197,31.220123879472677]]]]}},{"type":"Feature","properties":{"X":34.78552138151173,"Y":31.221033402233473,"מספר_פוליגון":170,"גיל0_4":null,"גיל5_9":null,"גיל10_18":null,"גיל19_30":null,"גיל31_44":null,"גיל45_64":null,"גיל65_75":null,"גיל76פלוס":null,"Shape_Length":799.9999999981374,"Shape_Area":39999.999999813735},"geometry":{"type":"MultiPolygon","coordinates":[[[[34.784479216695296,31.220130748592037],[34.784471243312424,31.221934539226947],[34.786570185836624,31.22194137458128],[34.78657811936635,31.22013758346278],[34.784479216695296,31.220130748592037]]]]}},{"type":"Feature","properties":{"X":34.78762030441954,"Y":31.221040220156553,"מספר_פוליגון":171,"גיל0_4":null,"גיל5_9":null,"גיל10_18":null,"גיל19_30":null,"גיל31_44":null,"גיל45_64":null,"גיל65_75":null,"גיל76פלוס":null,"Shape_Length":800.0000000018626,"Shape_Area":40000.000000186265},"geometry":{"type":"MultiPolygon","coordinates":[[[[34.78657811936635,31.22013758346278],[34.786570185836624,31.22194137458128],[34.788669129075046,31.22194817568452],[34.788677022751564,31.220144384084865],[34.78657811936635,31.22013758346278]]]]}},{"type":"Feature","properties":{"X":34.789719228039736,"Y":31.22104700382974,"מספר_פוליגון":172,"גיל0_4":null,"גיל5_9":null,"גיל10_18":null,"גיל19_30":null,"גיל31_44":null,"גיל45_64":null,"גיל65_75":null,"גיל76פלוס":null,"Shape_Length":799.9999999981374,"Shape_Area":39999.999999813735},"geometry":{"type":"MultiPolygon","coordinates":[[[[34.788677022751564,31.220144384084865],[34.788669129075046,31.22194817568452],[34.790768073024076,31.221954942536662],[34.79077592684733,31.220151150458253],[34.788677022751564,31.220144384084865]]]]}},{"type":"Feature","properties":{"X":34.79181815236875,"Y":31.221053753252995,"מספר_פוליגון":173,"גיל0_4":null,"גיל5_9":null,"גיל10_18":null,"גיל19_30":null,"גיל31_44":null,"גיל45_64":null,"גיל65_75":null,"גיל76פלוס":null,"Shape_Length":800.0000000018626,"Shape_Area":40000.000000186265},"geometry":{"type":"MultiPolygon","coordinates":[[[[34.79077592684733,31.220151150458253],[34.790768073024076,31.221954942536662],[34.79286701768016,31.221961675137617],[34.7928748316501,31.22015788258288],[34.79077592684733,31.220151150458253]]]]}},{"type":"Feature","properties":{"X":34.79391707740298,"Y":31.22106046842628,"מספר_פוליגון":174,"גיל0_4":null,"גיל5_9":null,"גיל10_18":null,"גיל19_30":null,"גיל31_44":null,"גיל45_64":null,"גיל65_75":null,"גיל76פלוס":null,"Shape_Length":800.0000000018626,"Shape_Area":40000.000000186265},"geometry":{"type":"MultiPolygon","coordinates":[[[[34.7928748316501,31.22015788258288],[34.79286701768016,31.221961675137617],[34.794965963039694,31.22196837348739],[34.794973737156276,31.22016458045873],[34.7928748316501,31.22015788258288]]]]}},{"type":"Feature","properties":{"X":34.79601600313884,"Y":31.221067149349565,"מספר_פוליגון":175,"גיל0_4":null,"גיל5_9":null,"גיל10_18":null,"גיל19_30":null,"גיל31_44":null,"גיל45_64":null,"גיל65_75":null,"גיל76פלוס":null,"Shape_Length":799.9999999962747,"Shape_Area":39999.99999962747},"geometry":{"type":"MultiPolygon","coordinates":[[[[34.794973737156276,31.22016458045873],[34.794965963039694,31.22196837348739],[34.797064909099085,31.221975037585896],[34.79707264336224,31.22017124408576],[34.794973737156276,31.22016458045873]]]]}},{"type":"Feature","properties":{"X":34.798114929572755,"Y":31.221073796022793,"מספר_פוליגון":176,"גיל0_4":null,"גיל5_9":null,"גיל10_18":null,"גיל19_30":null,"גיל31_44":null,"גיל45_64":null,"גיל65_75":null,"גיל76פלוס":null,"Shape_Length":800.0000000018626,"Shape_Area":40000.000000186265},"geometry":{"type":"MultiPolygon","coordinates":[[[[34.79707264336224,31.22017124408576],[34.797064909099085,31.221975037585896],[34.799163855854786,31.221981667433134],[34.79917155026447,31.22017787346391],[34.79707264336224,31.22017124408576]]]]}},{"type":"Feature","properties":{"X":34.800213856701156,"Y":31.22108040844593,"מספר_פוליגון":177,"גיל0_4":null,"גיל5_9":null,"גיל10_18":null,"גיל19_30":null,"גיל31_44":null,"גיל45_64":null,"גיל65_75":null,"גיל76פלוס":null,"Shape_Length":799.9999999981374,"Shape_Area":39999.999999813735},"geometry":{"type":"MultiPolygon","coordinates":[[[[34.79917155026447,31.22017787346391],[34.799163855854786,31.221981667433134],[34.80126280330318,31.22198826302905],[34.801270457859324,31.22018446859317],[34.79917155026447,31.22017787346391]]]]}},{"type":"Feature","properties":{"X":34.802312784520446,"Y":31.22108698661894,"מספר_פוליגון":178,"גיל0_4":null,"גיל5_9":null,"גיל10_18":null,"גיל19_30":1.0,"גיל31_44":null,"גיל45_64":null,"גיל65_75":null,"גיל76פלוס":null,"Shape_Length":800.0000000018626,"Shape_Area":40000.000000186265},"geometry":{"type":"MultiPolygon","coordinates":[[[[34.801270457859324,31.22018446859317],[34.80126280330318,31.22198826302905],[34.80336175144072,31.2219948243736],[34.803369366143265,31.22019102947349],[34.801270457859324,31.22018446859317]]]]}},{"type":"Feature","properties":{"X":34.80441171302704,"Y":31.221093530541776,"מספר_פוליגון":179,"גיל0_4":null,"גיל5_9":null,"גיל10_18":null,"גיל19_30":null,"גיל31_44":null,"גיל45_64":null,"גיל65_75":null,"גיל76פלוס":null,"Shape_Length":799.9999999981374,"Shape_Area":39999.999999813735},"geometry":{"type":"MultiPolygon","coordinates":[[[[34.803369366143265,31.22019102947349],[34.80336175144072,31.2219948243736],[34.80546070026377,31.222001351466734],[34.80546827511269,31.22019755610482],[34.803369366143265,31.22019102947349]]]]}},{"type":"Feature","properties":{"X":34.806510642217354,"Y":31.221100040214402,"מספר_פוליגון":180,"גיל0_4":null,"גיל5_9":null,"גיל10_18":null,"גיל19_30":null,"גיל31_44":null,"גיל45_64":null,"גיל65_75":null,"גיל76פלוס":null,"Shape_Length":800.0000000018626,"Shape_Area":40000.000000186265},"geometry":{"type":"MultiPolygon","coordinates":[[[[34.80546827511269,31.22019755610482],[34.80546070026377,31.222001351466734],[34.80755964976881,31.22200784430845],[34.80756718476402,31.22020404848712],[34.80546827511269,31.22019755610482]]]]}},{"type":"Feature","properties":{"X":34.80860957208781,"Y":31.221106515636784,"מספר_פוליגון":181,"גיל0_4":null,"גיל5_9":null,"גיל10_18":null,"גיל19_30":null,"גיל31_44":null,"גיל45_64":null,"גיל65_75":null,"גיל76פלוס":null,"Shape_Length":800.0000000018626,"Shape_Area":40000.000000186265},"geometry":{"type":"MultiPolygon","coordinates":[[[[34.80756718476402,31.22020404848712],[34.80755964976881,31.22200784430845],[34.80965859995221,31.222014302898664],[34.80966609509369,31.220210506620386],[34.80756718476402,31.22020404848712]]]]}},{"type":"Feature","properties":{"X":34.81070850263482,"Y":31.22111295680888,"מספר_פוליגון":182,"גיל0_4":null,"גיל5_9":null,"גיל10_18":null,"גיל19_30":null,"גיל31_44":null,"גיל45_64":null,"גיל65_75":null,"גיל76פלוס":null,"Shape_Length":799.9999999962747,"Shape_Area":39999.99999962747},"geometry":{"type":"MultiPolygon","coordinates":[[[[34.80966609509369,31.220210506620386],[34.80965859995221,31.222014302898664],[34.81175755081037,31.222020727237368],[34.811765006098035,31.220216930504527],[34.80966609509369,31.220210506620386]]]]}},{"type":"Feature","properties":{"X":34.8128074338548,"Y":31.22111936373065,"מספר_פוליגון":183,"גיל0_4":null,"גיל5_9":null,"גיל10_18":null,"גיל19_30":null,"גיל31_44":null,"גיל45_64":null,"גיל65_75":null,"גיל76פלוס":null,"Shape_Length":800.0000000018626,"Shape_Area":40000.000000186265},"geometry":{"type":"MultiPolygon","coordinates":[[[[34.811765006098035,31.220216930504527],[34.81175755081037,31.222020727237368],[34.81385650233978,31.22202711732453],[34.81386391777358,31.220223320139528],[34.811765006098035,31.220216930504527]]]]}},{"type":"Feature","properties":{"X":34.81490636574417,"Y":31.221125736402065,"מספר_פוליגון":184,"גיל0_4":null,"גיל5_9":null,"גיל10_18":null,"גיל19_30":null,"גיל31_44":null,"גיל45_64":null,"גיל65_75":null,"גיל76פלוס":null,"Shape_Length":799.9999999981374,"Shape_Area":39999.999999813735},"geometry":{"type":"MultiPolygon","coordinates":[[[[34.81386391777358,31.220223320139528],[34.81385650233978,31.22202711732453],[34.81595545453677,31.222033473160085],[34.81596283011669,31.22022967552537],[34.81386391777358,31.220223320139528]]]]}},{"type":"Feature","properties":{"X":34.81700529829934,"Y":31.22113207482307,"מספר_פוליגון":185,"גיל0_4":null,"גיל5_9":null,"גיל10_18":null,"גיל19_30":null,"גיל31_44":null,"גיל45_64":null,"גיל65_75":null,"גיל76פלוס":null,"Shape_Length":800.0000000018626,"Shape_Area":40000.000000186265},"geometry":{"type":"MultiPolygon","coordinates":[[[[34.81596283011669,31.22022967552537],[34.81595545453677,31.222033473160085],[34.81805440739784,31.22203979474399],[34.818061743123785,31.220235996662005],[34.81596283011669,31.22022967552537]]]]}},{"type":"Feature","properties":{"X":34.81910423151674,"Y":31.22113837899363,"מספר_פוליגון":186,"גיל0_4":null,"גיל5_9":null,"גיל10_18":null,"גיל19_30":null,"גיל31_44":null,"גיל45_64":null,"גיל65_75":null,"גיל76פלוס":null,"Shape_Length":799.9999999962747,"Shape_Area":39999.99999962747},"geometry":{"type":"MultiPolygon","coordinates":[[[[34.818061743123785,31.220235996662005],[34.81805440739784,31.22203979474399],[34.82015336091932,31.22204608207624],[34.82016065679125,31.22024228354937],[34.818061743123785,31.220235996662005]]]]}},{"type":"Feature","properties":{"X":34.821203165392774,"Y":31.221144648913718,"מספר_פוליגון":187,"גיל0_4":null,"גיל5_9":null,"גיל10_18":null,"גיל19_30":null,"גיל31_44":null,"גיל45_64":null,"גיל65_75":null,"גיל76פלוס":null,"Shape_Length":800.0000000018626,"Shape_Area":40000.000000186265},"geometry":{"type":"MultiPolygon","coordinates":[[[[34.82016065679125,31.22024228354937],[34.82015336091932,31.22204608207624],[34.8222523150977,31.22205233515677],[34.822259571115566,31.220248536187455],[34.82016065679125,31.22024228354937]]]]}},{"type":"Feature","properties":{"X":34.823302099923886,"Y":31.221150884583288,"מספר_פוליגון":188,"גיל0_4":null,"גיל5_9":null,"גיל10_18":null,"גיל19_30":null,"גיל31_44":null,"גיל45_64":null,"גיל65_75":null,"גיל76פלוס":null,"Shape_Length":800.0000000037253,"Shape_Area":40000.00000037253},"geometry":{"type":"MultiPolygon","coordinates":[[[[34.822259571115566,31.220248536187455],[34.8222523150977,31.22205233515677],[34.82435126992938,31.22205855398558],[34.824358486093146,31.220254754576207],[34.822259571115566,31.220248536187455]]]]}},{"type":"Feature","properties":{"X":34.82540103510645,"Y":31.22115708600231,"מספר_פוליגון":189,"גיל0_4":null,"גיל5_9":null,"גיל10_18":null,"גיל19_30":null,"גיל31_44":null,"גיל45_64":null,"גיל65_75":null,"גיל76פלוס":null,"Shape_Length":799.9999999962747,"Shape_Area":39999.99999962747},"geometry":{"type":"MultiPolygon","coordinates":[[[[34.824358486093146,31.220254754576207],[34.82435126992938,31.22205855398558],[34.82645022541074,31.222064738562587],[34.82645740172031,31.220260938715597],[34.824358486093146,31.220254754576207]]]]}},{"type":"Feature","properties":{"X":34.8274999709369,"Y":31.22116325317074,"מספר_פוליגון":190,"גיל0_4":null,"גיל5_9":null,"גיל10_18":null,"גיל19_30":null,"גיל31_44":null,"גיל45_64":null,"גיל65_75":null,"גיל76פלוס":null,"Shape_Length":800.0000000018626,"Shape_Area":40000.000000186265},"geometry":{"type":"MultiPolygon","coordinates":[[[[34.82645740172031,31.220260938715597],[34.82645022541074,31.222064738562587],[34.82854918153823,31.222070888887757],[34.82855631799361,31.220267088605603],[34.82645740172031,31.220260938715597]]]]}},{"type":"Feature","properties":{"X":34.74983117328217,"Y":31.22271603941136,"מספר_פוליגון":191,"גיל0_4":null,"גיל5_9":null,"גיל10_18":null,"גיל19_30":null,"גיל31_44":null,"גיל45_64":null,"גיל65_75":null,"גיל76פלוס":null,"Shape_Length":800.0,"Shape_Area":40000.0},"geometry":{"type":"MultiPolygon","coordinates":[[[[34.7487893331471,31.221813097828065],[34.748780681490906,31.22361687936314],[34.75087965118104,31.223624297504195],[34.75088826298148,31.221820515444364],[34.7487893331471,31.221813097828065]]]]}},{"type":"Feature","properties":{"X":34.75193012338508,"Y":31.22272344009969,"מספר_פוליגון":192,"גיל0_4":null,"גיל5_9":null,"גיל10_18":null,"גיל19_30":null,"גיל31_44":null,"גיל45_64":null,"גיל65_75":null,"גיל76פלוס":null,"Shape_Length":800.0000000055879,"Shape_Area":40000.00000055879},"geometry":{"type":"MultiPolygon","coordinates":[[[[34.75088826298148,31.221820515444364],[34.75087965118104,31.223624297504195],[34.75297862164636,31.223631681392487],[34.75298719359103,31.22182789881033],[34.75088826298148,31.221820515444364]]]]}},{"type":"Feature","properties":{"X":34.75402907426136,"Y":31.222730806536426,"מספר_פוליגון":193,"גיל0_4":null,"גיל5_9":null,"גיל10_18":null,"גיל19_30":null,"גיל31_44":null,"גיל45_64":null,"גיל65_75":null,"גיל76פלוס":null,"Shape_Length":800.0000000055879,"Shape_Area":40000.00000055879},"geometry":{"type":"MultiPolygon","coordinates":[[[[34.75298719359103,31.22182789881033],[34.75297862164636,31.223631681392487],[34.7550775928833,31.22363903102791],[34.755086124972124,31.221835247925874],[34.75298719359103,31.22182789881033]]]]}},{"type":"Feature","properties":{"X":34.75612802590742,"Y":31.22273813872152,"מספר_פוליגון":194,"גיל0_4":null,"גיל5_9":null,"גיל10_18":null,"גיל19_30":null,"גיל31_44":null,"גיל45_64":null,"גיל65_75":null,"גיל76פלוס":null,"Shape_Length":800.0000000018626,"Shape_Area":40000.000000186265},"geometry":{"type":"MultiPolygon","coordinates":[[[[34.755086124972124,31.221835247925874],[34.7550775928833,31.22363903102791],[34.75717656488825,31.223646346410508],[34.75718505712115,31.221842562790982],[34.755086124972124,31.221835247925874]]]]}},{"type":"Feature","properties":{"X":34.75822697831968,"Y":31.22274543665495,"מספר_פוליגון":195,"גיל0_4":null,"גיל5_9":null,"גיל10_18":null,"גיל19_30":null,"גיל31_44":null,"גיל45_64":null,"גיל65_75":null,"גיל76פלוס":null,"Shape_Length":800.0000000055879,"Shape_Area":40000.00000055879},"geometry":{"type":"MultiPolygon","coordinates":[[[[34.75718505712115,31.221842562790982],[34.75717656488825,31.223646346410508],[34.759275537657636,31.223653627540177],[34.75928399003456,31.221849843405586],[34.75718505712115,31.221842562790982]]]]}},{"type":"Feature","properties":{"X":34.76032593149455,"Y":31.222752700336667,"מספר_פוליגון":196,"גיל0_4":null,"גיל5_9":null,"גיל10_18":null,"גיל19_30":null,"גיל31_44":null,"גיל45_64":null,"גיל65_75":null,"גיל76פלוס":null,"Shape_Length":800.0000000018626,"Shape_Area":40000.000000186265},"geometry":{"type":"MultiPolygon","coordinates":[[[[34.75928399003456,31.221849843405586],[34.759275537657636,31.223653627540177],[34.76137451118787,31.223660874416893],[34.76138292370876,31.221857089769653],[34.75928399003456,31.221849843405586]]]]}},{"type":"Feature","properties":{"X":34.76242488542845,"Y":31.222759929766603,"מספר_פוליגון":197,"גיל0_4":null,"גיל5_9":null,"גיל10_18":null,"גיל19_30":null,"גיל31_44":null,"גיל45_64":null,"גיל65_75":null,"גיל76פלוס":null,"Shape_Length":800.0000000055879,"Shape_Area":40000.00000055879},"geometry":{"type":"MultiPolygon","coordinates":[[[[34.76138292370876,31.221857089769653],[34.76137451118787,31.223660874416893],[34.76347348547538,31.22366808704063],[34.763481858140175,31.221864301883166],[34.76138292370876,31.221857089769653]]]]}},{"type":"Feature","properties":{"X":34.76452384011781,"Y":31.22276712494475,"מספר_פוליגון":198,"גיל0_4":2.0,"גיל5_9":1.0,"גיל10_18":1.0,"גיל19_30":1.0,"גיל31_44":2.0,"גיל45_64":2.0,"גיל65_75":null,"גיל76פלוס":null,"Shape_Length":800.0000000055879,"Shape_Area":40000.00000055879},"geometry":{"type":"MultiPolygon","coordinates":[[[[34.763481858140175,31.221864301883166],[34.76347348547538,31.22366808704063],[34.76557246051658,31.223675265411302],[34.765580793325235,31.22187147974604],[34.763481858140175,31.221864301883166]]]]}},{"type":"Feature","properties":{"X":34.76662279555902,"Y":31.222774285871036,"מספר_פוליגון":199,"גיל0_4":null,"גיל5_9":null,"גיל10_18":null,"גיל19_30":null,"גיל31_44":null,"גיל45_64":null,"גיל65_75":null,"גיל76פלוס":null,"Shape_Length":800.0,"Shape_Area":40000.0},"geometry":{"type":"MultiPolygon","coordinates":[[[[34.765580793325235,31.22187147974604],[34.76557246051658,31.223675265411302],[34.76767143630785,31.22368240952891],[34.76767972926029,31.22187862335826],[34.765580793325235,31.22187147974604]]]]}},{"type":"Feature","properties":{"X":34.768721751748515,"Y":31.222781412545427,"מספר_פוליגון":200,"גיל0_4":null,"גיל5_9":null,"גיל10_18":null,"גיל19_30":null,"גיל31_44":null,"גיל45_64":null,"גיל65_75":null,"גיל76פלוס":null,"Shape_Length":800.0000000055879,"Shape_Area":40000.00000055879},"geometry":{"type":"MultiPolygon","coordinates":[[[[34.76767972926029,31.22187862335826],[34.76767143630785,31.22368240952891],[34.76977041284569,31.223689519393382],[34.769778665941836,31.22188573271975],[34.76767972926029,31.22187862335826]]]]}},{"type":"Feature","properties":{"X":34.77082070868271,"Y":31.222788504967895,"מספר_פוליגון":201,"גיל0_4":null,"גיל5_9":null,"גיל10_18":1.0,"גיל19_30":null,"גיל31_44":null,"גיל45_64":1.0,"גיל65_75":null,"גיל76פלוס":3.0,"Shape_Length":800.0000000018626,"Shape_Area":40000.000000186265},"geometry":{"type":"MultiPolygon","coordinates":[[[[34.769778665941836,31.22188573271975],[34.76977041284569,31.223689519393382],[34.771869390126405,31.22369659500466],[34.77187760336624,31.221892807830525],[34.769778665941836,31.22188573271975]]]]}},{"type":"Feature","properties":{"X":34.77291966635802,"Y":31.222795563138376,"מספר_פוליגון":202,"גיל0_4":4.0,"גיל5_9":5.0,"גיל10_18":15.0,"גיל19_30":16.0,"גיל31_44":30.0,"גיל45_64":52.0,"גיל65_75":31.0,"גיל76פלוס":18.0,"Shape_Length":800.0000000055879,"Shape_Area":40000.00000055879},"geometry":{"type":"MultiPolygon","coordinates":[[[[34.77187760336624,31.221892807830525],[34.771869390126405,31.22369659500466],[34.77396836814651,31.223703636362764],[34.773976541529954,31.221899848690477],[34.77187760336624,31.221892807830525]]]]}},{"type":"Feature","properties":{"X":34.775018624770865,"Y":31.222802587056837,"מספר_פוליגון":203,"גיל0_4":7.0,"גיל5_9":12.0,"גיל10_18":15.0,"גיל19_30":41.0,"גיל31_44":24.0,"גיל45_64":76.0,"גיל65_75":20.0,"גיל76פלוס":21.0,"Shape_Length":800.0000000018626,"Shape_Area":40000.000000186265},"geometry":{"type":"MultiPolygon","coordinates":[[[[34.773976541529954,31.221899848690477],[34.77396836814651,31.223703636362764],[34.77606734690235,31.2237106434676],[34.77607548042936,31.221906855299597],[34.773976541529954,31.221899848690477]]]]}},{"type":"Feature","properties":{"X":34.77711758391766,"Y":31.22280957672324,"מספר_פוליגון":204,"גיל0_4":9.0,"גיל5_9":30.0,"גיל10_18":16.0,"גיל19_30":43.0,"גיל31_44":56.0,"גיל45_64":74.0,"גיל65_75":37.0,"גיל76פלוס":21.0,"Shape_Length":800.0000000055879,"Shape_Area":40000.00000055879},"geometry":{"type":"MultiPolygon","coordinates":[[[[34.77607548042936,31.221906855299597],[34.77606734690235,31.2237106434676],[34.7781663263904,31.223717616319142],[34.77817442006091,31.221913827657858],[34.77607548042936,31.221906855299597]]]]}},{"type":"Feature","properties":{"X":34.779216543794824,"Y":31.222816532137543,"מספר_פוליגון":205,"גיל0_4":1.0,"גיל5_9":4.0,"גיל10_18":3.0,"גיל19_30":9.0,"גיל31_44":15.0,"גיל45_64":22.0,"גיל65_75":9.0,"גיל76פלוס":7.0,"Shape_Length":800.0000000055879,"Shape_Area":40000.00000055879},"geometry":{"type":"MultiPolygon","coordinates":[[[[34.77817442006091,31.221913827657858],[34.7781663263904,31.223717616319142],[34.780265306607056,31.223724554917347],[34.78027336042099,31.221920765765187],[34.77817442006091,31.221913827657858]]]]}},{"type":"Feature","properties":{"X":34.78131550439875,"Y":31.2228234532997,"מספר_פוליגון":206,"גיל0_4":2.0,"גיל5_9":3.0,"גיל10_18":3.0,"גיל19_30":7.0,"גיל31_44":7.0,"גיל45_64":10.0,"גיל65_75":6.0,"גיל76פלוס":2.0,"Shape_Length":800.0,"Shape_Area":40000.0},"geometry":{"type":"MultiPolygon","coordinates":[[[[34.78027336042099,31.221920765765187],[34.780265306607056,31.223724554917347],[34.78236428754868,31.223731459262165],[34.782372301506015,31.221927669621575],[34.78027336042099,31.221920765765187]]]]}},{"type":"Feature","properties":{"X":34.78341446572586,"Y":31.222830340209672,"מספר_פוליגון":207,"גיל0_4":null,"גיל5_9":null,"גיל10_18":null,"גיל19_30":null,"גיל31_44":null,"גיל45_64":null,"גיל65_75":null,"גיל76פלוס":null,"Shape_Length":800.0000000055879,"Shape_Area":40000.00000055879},"geometry":{"type":"MultiPolygon","coordinates":[[[[34.782372301506015,31.221927669621575],[34.78236428754868,31.223731459262165],[34.78446326921178,31.22373832935357],[34.784471243312424,31.221934539226947],[34.782372301506015,31.221927669621575]]]]}},{"type":"Feature","properties":{"X":34.78551342777261,"Y":31.222837192867416,"מספר_פוליגון":208,"גיל0_4":null,"גיל5_9":null,"גיל10_18":null,"גיל19_30":null,"גיל31_44":null,"גיל45_64":null,"גיל65_75":null,"גיל76פלוס":null,"Shape_Length":800.0000000018626,"Shape_Area":40000.000000186265},"geometry":{"type":"MultiPolygon","coordinates":[[[[34.784471243312424,31.221934539226947],[34.78446326921178,31.22373832935357],[34.78656225159269,31.223745165191513],[34.786570185836624,31.22194137458128],[34.784471243312424,31.221934539226947]]]]}},{"type":"Feature","properties":{"X":34.78761239053537,"Y":31.222844011272883,"מספר_פוליגון":209,"גיל0_4":null,"גיל5_9":null,"גיל10_18":null,"גיל19_30":null,"גיל31_44":null,"גיל45_64":null,"גיל65_75":null,"גיל76פלוס":null,"Shape_Length":800.0000000055879,"Shape_Area":40000.00000055879},"geometry":{"type":"MultiPolygon","coordinates":[[[[34.786570185836624,31.22194137458128],[34.78656225159269,31.223745165191513],[34.7886612346879,31.223751966775957],[34.788669129075046,31.22194817568452],[34.786570185836624,31.22194137458128]]]]}},{"type":"Feature","properties":{"X":34.78971135401059,"Y":31.222850795426044,"מספר_פוליגון":210,"גיל0_4":null,"גיל5_9":null,"גיל10_18":null,"גיל19_30":null,"גיל31_44":null,"גיל45_64":null,"גיל65_75":null,"גיל76פלוס":null,"Shape_Length":800.0000000018626,"Shape_Area":40000.000000186265},"geometry":{"type":"MultiPolygon","coordinates":[[[[34.788669129075046,31.22194817568452],[34.7886612346879,31.223751966775957],[34.79076021849378,31.22375873410686],[34.790768073024076,31.221954942536662],[34.788669129075046,31.22194817568452]]]]}},{"type":"Feature","properties":{"X":34.79181031819467,"Y":31.222857545326857,"מספר_פוליגון":211,"גיל0_4":null,"גיל5_9":null,"גיל10_18":null,"גיל19_30":null,"גיל31_44":null,"גיל45_64":null,"גיל65_75":null,"גיל76פלוס":null,"Shape_Length":800.0000000055879,"Shape_Area":40000.00000055879},"geometry":{"type":"MultiPolygon","coordinates":[[[[34.790768073024076,31.221954942536662],[34.79076021849378,31.22375873410686],[34.792859203006756,31.223765467184176],[34.79286701768016,31.221961675137617],[34.790768073024076,31.221954942536662]]]]}},{"type":"Feature","properties":{"X":34.79390928308404,"Y":31.222864260975275,"מספר_פוליגון":212,"גיל0_4":null,"גיל5_9":null,"גיל10_18":null,"גיל19_30":null,"גיל31_44":null,"גיל45_64":null,"גיל65_75":null,"גיל76פלוס":null,"Shape_Length":800.0000000055879,"Shape_Area":40000.00000055879},"geometry":{"type":"MultiPolygon","coordinates":[[[[34.79286701768016,31.221961675137617],[34.792859203006756,31.223765467184176],[34.794958188223255,31.22377216600786],[34.794965963039694,31.22196837348739],[34.79286701768016,31.221961675137617]]]]}},{"type":"Feature","properties":{"X":34.79600824867508,"Y":31.22287094237127,"מספר_פוליגון":213,"גיל0_4":null,"גיל5_9":null,"גיל10_18":null,"גיל19_30":null,"גיל31_44":null,"גיל45_64":null,"גיל65_75":null,"גיל76פלוס":null,"Shape_Length":800.0,"Shape_Area":40000.0},"geometry":{"type":"MultiPolygon","coordinates":[[[[34.794965963039694,31.22196837348739],[34.794958188223255,31.22377216600786],[34.797057174139645,31.223778830577874],[34.797064909099085,31.221975037585896],[34.794965963039694,31.22196837348739]]]]}},{"type":"Feature","properties":{"X":34.79810721496423,"Y":31.22287758951479,"מספר_פוליגון":214,"גיל0_4":null,"גיל5_9":null,"גיל10_18":null,"גיל19_30":null,"גיל31_44":null,"גיל45_64":null,"גיל65_75":null,"גיל76פלוס":null,"Shape_Length":800.0000000055879,"Shape_Area":40000.00000055879},"geometry":{"type":"MultiPolygon","coordinates":[[[[34.797064909099085,31.221975037585896],[34.797057174139645,31.223778830577874],[34.79915616075241,31.223785460894227],[34.799163855854786,31.221981667433134],[34.797064909099085,31.221975037585896]]]]}},{"type":"Feature","properties":{"X":34.80020618194792,"Y":31.222884202405798,"מספר_פוליגון":215,"גיל0_4":null,"גיל5_9":null,"גיל10_18":null,"גיל19_30":null,"גיל31_44":null,"גיל45_64":null,"גיל65_75":null,"גיל76פלוס":null,"Shape_Length":800.0000000018626,"Shape_Area":40000.000000186265},"geometry":{"type":"MultiPolygon","coordinates":[[[[34.799163855854786,31.221981667433134],[34.79915616075241,31.223785460894227],[34.80125514805791,31.223792056956793],[34.80126280330318,31.22198826302905],[34.799163855854786,31.221981667433134]]]]}},{"type":"Feature","properties":{"X":34.80230514962256,"Y":31.22289078104426,"מספר_פוליגון":216,"גיל0_4":null,"גיל5_9":null,"גיל10_18":null,"גיל19_30":null,"גיל31_44":null,"גיל45_64":null,"גיל65_75":null,"גיל76פלוס":null,"Shape_Length":800.0000000055879,"Shape_Area":40000.00000055879},"geometry":{"type":"MultiPolygon","coordinates":[[[[34.80126280330318,31.22198826302905],[34.80125514805791,31.223792056956793],[34.80335413605261,31.22379861876559],[34.80336175144072,31.2219948243736],[34.80126280330318,31.22198826302905]]]]}},{"type":"Feature","properties":{"X":34.804404117984554,"Y":31.222897325430136,"מספר_פוליגון":217,"גיל0_4":null,"גיל5_9":null,"גיל10_18":null,"גיל19_30":null,"גיל31_44":null,"גיל45_64":null,"גיל65_75":null,"גיל76פלוס":null,"Shape_Length":800.0000000018626,"Shape_Area":40000.000000186265},"geometry":{"type":"MultiPolygon","coordinates":[[[[34.80336175144072,31.2219948243736],[34.80335413605261,31.22379861876559],[34.8054531247329,31.223805146320572],[34.80546070026377,31.222001351466734],[34.80336175144072,31.2219948243736]]]]}},{"type":"Feature","properties":{"X":34.80650308703032,"Y":31.222903835563375,"מספר_פוליגון":218,"גיל0_4":null,"גיל5_9":null,"גיל10_18":null,"גיל19_30":null,"גיל31_44":null,"גיל45_64":null,"גיל65_75":null,"גיל76פלוס":null,"Shape_Length":800.0000000055879,"Shape_Area":40000.00000055879},"geometry":{"type":"MultiPolygon","coordinates":[[[[34.80546070026377,31.222001351466734],[34.8054531247329,31.223805146320572],[34.807552114095216,31.22381163962168],[34.80755964976881,31.22200784430845],[34.80546070026377,31.222001351466734]]]]}},{"type":"Feature","properties":{"X":34.80860205675629,"Y":31.22291031144395,"מספר_פוליגון":219,"גיל0_4":null,"גיל5_9":null,"גיל10_18":null,"גיל19_30":null,"גיל31_44":null,"גיל45_64":null,"גיל65_75":1.0,"גיל76פלוס":null,"Shape_Length":800.0000000055879,"Shape_Area":40000.00000055879},"geometry":{"type":"MultiPolygon","coordinates":[[[[34.80755964976881,31.22200784430845],[34.807552114095216,31.22381163962168],[34.80965110413596,31.223818098668897],[34.80965859995221,31.222014302898664],[34.80755964976881,31.22200784430845]]]]}},{"type":"Feature","properties":{"X":34.810701027158856,"Y":31.222916753071818,"מספר_פוליגון":220,"גיל0_4":null,"גיל5_9":null,"גיל10_18":null,"גיל19_30":null,"גיל31_44":null,"גיל45_64":null,"גיל65_75":null,"גיל76פלוס":null,"Shape_Length":800.0,"Shape_Area":40000.0},"geometry":{"type":"MultiPolygon","coordinates":[[[[34.80965859995221,31.222014302898664],[34.80965110413596,31.223818098668897],[34.81175009485151,31.22382452346218],[34.81175755081037,31.222020727237368],[34.80965859995221,31.222014302898664]]]]}},{"type":"Feature","properties":{"X":34.81279999823445,"Y":31.22292316044695,"מספר_פוליגון":221,"גיל0_4":null,"גיל5_9":null,"גיל10_18":null,"גיל19_30":null,"גיל31_44":null,"גיל45_64":null,"גיל65_75":null,"גיל76פלוס":null,"Shape_Length":800.0000000055879,"Shape_Area":40000.00000055879},"geometry":{"type":"MultiPolygon","coordinates":[[[[34.81175755081037,31.222020727237368],[34.81175009485151,31.22382452346218],[34.813849086238335,31.22383091400147],[34.81385650233978,31.22202711732453],[34.81175755081037,31.222020727237368]]]]}},{"type":"Feature","properties":{"X":34.8148989699795,"Y":31.222929533569292,"מספר_פוליגון":222,"גיל0_4":null,"גיל5_9":null,"גיל10_18":null,"גיל19_30":null,"גיל31_44":null,"גיל45_64":null,"גיל65_75":null,"גיל76פלוס":null,"Shape_Length":800.0000000018626,"Shape_Area":40000.000000186265},"geometry":{"type":"MultiPolygon","coordinates":[[[[34.81385650233978,31.22202711732453],[34.813849086238335,31.22383091400147],[34.815948078292834,31.223837270286765],[34.81595545453677,31.222033473160085],[34.81385650233978,31.22202711732453]]]]}},{"type":"Feature","properties":{"X":34.8169979423904,"Y":31.222935872438814,"מספר_פוליגון":223,"גיל0_4":null,"גיל5_9":null,"גיל10_18":null,"גיל19_30":1.0,"גיל31_44":null,"גיל45_64":null,"גיל65_75":null,"גיל76פלוס":null,"Shape_Length":800.0000000055879,"Shape_Area":40000.00000055879},"geometry":{"type":"MultiPolygon","coordinates":[[[[34.81595545453677,31.222033473160085],[34.815948078292834,31.223837270286765],[34.81804707101142,31.223843592317998],[34.81805440739784,31.22203979474399],[34.81595545453677,31.222033473160085]]]]}},{"type":"Feature","properties":{"X":34.81909691546356,"Y":31.22294217705548,"מספר_פוליגון":224,"גיל0_4":null,"גיל5_9":null,"גיל10_18":null,"גיל19_30":null,"גיל31_44":null,"גיל45_64":null,"גיל65_75":null,"גיל76פלוס":null,"Shape_Length":800.0,"Shape_Area":40000.0},"geometry":{"type":"MultiPolygon","coordinates":[[[[34.81805440739784,31.22203979474399],[34.81804707101142,31.223843592317998],[34.820146064390514,31.223849880095134],[34.82015336091932,31.22204608207624],[34.81805440739784,31.22203979474399]]]]}},{"type":"Feature","properties":{"X":34.821195889195415,"Y":31.222948447419245,"מספר_פוליגון":225,"גיל0_4":null,"גיל5_9":null,"גיל10_18":null,"גיל19_30":null,"גיל31_44":null,"גיל45_64":null,"גיל65_75":null,"גיל76פלוס":null,"Shape_Length":800.0000000055879,"Shape_Area":40000.00000055879},"geometry":{"type":"MultiPolygon","coordinates":[[[[34.82015336091932,31.22204608207624],[34.820146064390514,31.223849880095134],[34.82224505842653,31.223856133618135],[34.8222523150977,31.22205233515677],[34.82015336091932,31.22204608207624]]]]}},{"type":"Feature","properties":{"X":34.8232948635824,"Y":31.222954683530077,"מספר_פוליגון":226,"גיל0_4":null,"גיל5_9":null,"גיל10_18":null,"גיל19_30":null,"גיל31_44":null,"גיל45_64":null,"גיל65_75":null,"גיל76פלוס":null,"Shape_Length":800.0000000074506,"Shape_Area":40000.00000074506},"geometry":{"type":"MultiPolygon","coordinates":[[[[34.8222523150977,31.22205233515677],[34.82224505842653,31.223856133618135],[34.82434405311592,31.22386235288699],[34.82435126992938,31.22205855398558],[34.8222523150977,31.22205233515677]]]]}},{"type":"Feature","properties":{"X":34.8253938386209,"Y":31.22296088538793,"מספר_פוליגון":227,"גיל0_4":null,"גיל5_9":null,"גיל10_18":null,"גיל19_30":null,"גיל31_44":null,"גיל45_64":null,"גיל65_75":null,"גיל76פלוס":null,"Shape_Length":800.0,"Shape_Area":40000.0},"geometry":{"type":"MultiPolygon","coordinates":[[[[34.82435126992938,31.22205855398558],[34.82434405311592,31.22386235288699],[34.82644304845502,31.22386853790163],[34.82645022541074,31.222064738562587],[34.82435126992938,31.22205855398558]]]]}},{"type":"Feature","properties":{"X":34.82749281430732,"Y":31.222967052992782,"מספר_פוליגון":228,"גיל0_4":null,"גיל5_9":null,"גיל10_18":null,"גיל19_30":null,"גיל31_44":null,"גיל45_64":null,"גיל65_75":null,"גיל76פלוס":null,"Shape_Length":800.0000000055879,"Shape_Area":40000.00000055879},"geometry":{"type":"MultiPolygon","coordinates":[[[[34.82645022541074,31.222064738562587],[34.82644304845502,31.22386853790163],[34.828542044440304,31.223874688662036],[34.82854918153823,31.222070888887757],[34.82645022541074,31.222064738562587]]]]}},{"type":"Feature","properties":{"X":34.74982254124062,"Y":31.224519820965813,"מספר_פוליגון":229,"גיל0_4":null,"גיל5_9":null,"גיל10_18":null,"גיל19_30":null,"גיל31_44":null,"גיל45_64":null,"גיל65_75":null,"גיל76פלוס":null,"Shape_Length":799.9999999962747,"Shape_Area":39999.99999962747},"geometry":{"type":"MultiPolygon","coordinates":[[[[34.748780681490906,31.22361687936314],[34.74877202905595,31.225420660389567],[34.75087103860538,31.225428079055376],[34.75087965118104,31.223624297504195],[34.748780681490906,31.22361687936314]]]]}},{"type":"Feature","properties":{"X":34.75192153120107,"Y":31.224527222177684,"מספר_פוליגון":230,"גיל0_4":null,"גיל5_9":null,"גיל10_18":null,"גיל19_30":null,"גיל31_44":null,"גיל45_64":null,"גיל65_75":null,"גיל76פלוס":null,"Shape_Length":800.0000000018626,"Shape_Area":40000.000000186265},"geometry":{"type":"MultiPolygon","coordinates":[[[[34.75087965118104,31.223624297504195],[34.75087103860538,31.225428079055376],[34.7529700489301,31.225435463466003],[34.75297862164636,31.223631681392487],[34.75087965118104,31.223624297504195]]]]}},{"type":"Feature","properties":{"X":34.75402052193496,"Y":31.224534589135548,"מספר_פוליגון":231,"גיל0_4":null,"גיל5_9":null,"גיל10_18":null,"גיל19_30":null,"גיל31_44":null,"גיל45_64":null,"גיל65_75":null,"גיל76פלוס":null,"Shape_Length":800.0000000018626,"Shape_Area":40000.000000186265},"geometry":{"type":"MultiPolygon","coordinates":[[[[34.75297862164636,31.223631681392487],[34.7529700489301,31.225435463466003],[34.75506906002648,31.225442813621378],[34.7550775928833,31.22363903102791],[34.75297862164636,31.223631681392487]]]]}},{"type":"Feature","properties":{"X":34.75611951343869,"Y":31.224541921839354,"מספר_פוליגון":232,"גיל0_4":null,"גיל5_9":null,"גיל10_18":null,"גיל19_30":null,"גיל31_44":null,"גיל45_64":null,"גיל65_75":null,"גיל76פלוס":null,"Shape_Length":799.9999999981374,"Shape_Area":39999.999999813735},"geometry":{"type":"MultiPolygon","coordinates":[[[[34.7550775928833,31.22363903102791],[34.75506906002648,31.225442813621378],[34.757168071890916,31.22545012952147],[34.75717656488825,31.223646346410508],[34.7550775928833,31.22363903102791]]]]}},{"type":"Feature","properties":{"X":34.75821850570867,"Y":31.224549220289067,"מספר_פוליגון":233,"גיל0_4":null,"גיל5_9":null,"גיל10_18":null,"גיל19_30":null,"גיל31_44":null,"גיל45_64":null,"גיל65_75":null,"גיל76פלוס":null,"Shape_Length":800.0000000018626,"Shape_Area":40000.000000186265},"geometry":{"type":"MultiPolygon","coordinates":[[[[34.75717656488825,31.223646346410508],[34.757168071890916,31.22545012952147],[34.75926708451986,31.225457411166225],[34.759275537657636,31.223653627540177],[34.75717656488825,31.223646346410508]]]]}},{"type":"Feature","properties":{"X":34.76031749874134,"Y":31.224556484484644,"מספר_פוליגון":234,"גיל0_4":null,"גיל5_9":null,"גיל10_18":null,"גיל19_30":null,"גיל31_44":null,"גיל45_64":null,"גיל65_75":null,"גיל76פלוס":null,"Shape_Length":799.9999999981374,"Shape_Area":39999.999999813735},"geometry":{"type":"MultiPolygon","coordinates":[[[[34.759275537657636,31.223653627540177],[34.75926708451986,31.225457411166225],[34.761366097909715,31.2254646585556],[34.76137451118787,31.223660874416893],[34.759275537657636,31.223653627540177]]]]}},{"type":"Feature","properties":{"X":34.76241649253309,"Y":31.224563714426033,"מספר_פוליגון":235,"גיל0_4":null,"גיל5_9":null,"גיל10_18":null,"גיל19_30":null,"גיל31_44":null,"גיל45_64":null,"גיל65_75":null,"גיל76פלוס":null,"Shape_Length":800.0000000018626,"Shape_Area":40000.000000186265},"geometry":{"type":"MultiPolygon","coordinates":[[[[34.76137451118787,31.223660874416893],[34.761366097909715,31.2254646585556],[34.76346511205689,31.225471871689574],[34.76347348547538,31.22366808704063],[34.76137451118787,31.223660874416893]]]]}},{"type":"Feature","properties":{"X":34.76451548708036,"Y":31.224570910113197,"מספר_פוליגון":236,"גיל0_4":5.0,"גיל5_9":8.0,"גיל10_18":31.0,"גיל19_30":41.0,"גיל31_44":18.0,"גיל45_64":61.0,"גיל65_75":10.0,"גיל76פלוס":1.0,"Shape_Length":800.0000000018626,"Shape_Area":40000.000000186265},"geometry":{"type":"MultiPolygon","coordinates":[[[[34.76347348547538,31.22366808704063],[34.76346511205689,31.225471871689574],[34.76556412695783,31.22547905056806],[34.76557246051658,31.223675265411302],[34.76347348547538,31.22366808704063]]]]}},{"type":"Feature","properties":{"X":34.76661448237954,"Y":31.22457807154609,"מספר_פוליגון":237,"גיל0_4":1.0,"גיל5_9":1.0,"גיל10_18":6.0,"גיל19_30":12.0,"גיל31_44":2.0,"גיל45_64":10.0,"גיל65_75":1.0,"גיל76פלוס":null,"Shape_Length":799.9999999962747,"Shape_Area":39999.99999962747},"geometry":{"type":"MultiPolygon","coordinates":[[[[34.76557246051658,31.223675265411302],[34.76556412695783,31.22547905056806],[34.767663142608896,31.225486195191092],[34.76767143630785,31.22368240952891],[34.76557246051658,31.223675265411302]]]]}},{"type":"Feature","properties":{"X":34.76871347842706,"Y":31.22458519872468,"מספר_פוליגון":238,"גיל0_4":null,"גיל5_9":null,"גיל10_18":null,"גיל19_30":null,"גיל31_44":null,"גיל45_64":null,"גיל65_75":null,"גיל76פלוס":null,"Shape_Length":800.0000000018626,"Shape_Area":40000.000000186265},"geometry":{"type":"MultiPolygon","coordinates":[[[[34.76767143630785,31.22368240952891],[34.767663142608896,31.225486195191092],[34.76976215900657,31.225493305558537],[34.76977041284569,31.223689519393382],[34.76767143630785,31.22368240952891]]]]}},{"type":"Feature","properties":{"X":34.77081247521934,"Y":31.224592291648914,"מספר_פוליגון":239,"גיל0_4":null,"גיל5_9":null,"גיל10_18":null,"גיל19_30":null,"גיל31_44":null,"גיל45_64":null,"גיל65_75":null,"גיל76פלוס":null,"Shape_Length":799.9999999981374,"Shape_Area":39999.999999813735},"geometry":{"type":"MultiPolygon","coordinates":[[[[34.76977041284569,31.223689519393382],[34.76976215900657,31.225493305558537],[34.77186117614722,31.2255003816704],[34.771869390126405,31.22369659500466],[34.76977041284569,31.223689519393382]]]]}},{"type":"Feature","properties":{"X":34.772911472752796,"Y":31.224599350318744,"מספר_פוליגון":240,"גיל0_4":1.0,"גיל5_9":1.0,"גיל10_18":1.0,"גיל19_30":6.0,"גיל31_44":2.0,"גיל45_64":8.0,"גיל65_75":1.0,"גיל76פלוס":2.0,"Shape_Length":800.0000000018626,"Shape_Area":40000.000000186265},"geometry":{"type":"MultiPolygon","coordinates":[[[[34.771869390126405,31.22369659500466],[34.77186117614722,31.2255003816704],[34.77396019402728,31.225507423526643],[34.77396836814651,31.223703636362764],[34.771869390126405,31.22369659500466]]]]}},{"type":"Feature","properties":{"X":34.77501047102384,"Y":31.224606374734137,"מספר_פוליגון":241,"גיל0_4":4.0,"גיל5_9":11.0,"גיל10_18":16.0,"גיל19_30":32.0,"גיל31_44":26.0,"גיל45_64":53.0,"גיל65_75":23.0,"גיל76פלוס":8.0,"Shape_Length":799.9999999981374,"Shape_Area":39999.999999813735},"geometry":{"type":"MultiPolygon","coordinates":[[[[34.77396836814651,31.223703636362764],[34.77396019402728,31.225507423526643],[34.776059212643155,31.22551443112719],[34.77606734690235,31.2237106434676],[34.77396836814651,31.223703636362764]]]]}},{"type":"Feature","properties":{"X":34.77710947002889,"Y":31.22461336489505,"מספר_פוליגון":242,"גיל0_4":3.0,"גיל5_9":6.0,"גיל10_18":4.0,"גיל19_30":10.0,"גיל31_44":12.0,"גיל45_64":16.0,"גיל65_75":13.0,"גיל76פלוס":10.0,"Shape_Length":800.0000000018626,"Shape_Area":40000.000000186265},"geometry":{"type":"MultiPolygon","coordinates":[[[[34.77606734690235,31.2237106434676],[34.776059212643155,31.22551443112719],[34.778158231991284,31.22552140447204],[34.7781663263904,31.223717616319142],[34.77606734690235,31.2237106434676]]]]}},{"type":"Feature","properties":{"X":34.77920846976437,"Y":31.224620320801435,"מספר_פוליגון":243,"גיל0_4":13.0,"גיל5_9":28.0,"גיל10_18":21.0,"גיל19_30":41.0,"גיל31_44":75.0,"גיל45_64":120.0,"גיל65_75":65.0,"גיל76פלוס":57.0,"Shape_Length":800.0000000018626,"Shape_Area":40000.000000186265},"geometry":{"type":"MultiPolygon","coordinates":[[[[34.7781663263904,31.223717616319142],[34.778158231991284,31.22552140447204],[34.78025725206809,31.225528343561145],[34.780265306607056,31.223724554917347],[34.7781663263904,31.223717616319142]]]]}},{"type":"Feature","properties":{"X":34.78130747022667,"Y":31.224627242453263,"מספר_פוליגון":244,"גיל0_4":7.0,"גיל5_9":9.0,"גיל10_18":10.0,"גיל19_30":23.0,"גיל31_44":35.0,"גיל45_64":51.0,"גיל65_75":20.0,"גיל76פלוס":24.0,"Shape_Length":799.9999999962747,"Shape_Area":39999.99999962747},"geometry":{"type":"MultiPolygon","coordinates":[[[[34.780265306607056,31.223724554917347],[34.78025725206809,31.225528343561145],[34.782356272869926,31.22553524839442],[34.78236428754868,31.223731459262165],[34.780265306607056,31.223724554917347]]]]}},{"type":"Feature","properties":{"X":34.78340647141222,"Y":31.224634129850482,"מספר_פוליגון":245,"גיל0_4":null,"גיל5_9":null,"גיל10_18":null,"גיל19_30":null,"גיל31_44":null,"גיל45_64":null,"גיל65_75":null,"גיל76פלוס":null,"Shape_Length":800.0000000018626,"Shape_Area":40000.000000186265},"geometry":{"type":"MultiPolygon","coordinates":[[[[34.78236428754868,31.223731459262165],[34.782356272869926,31.22553524839442],[34.78445529439326,31.22554211897187],[34.78446326921178,31.22373832935357],[34.78236428754868,31.223731459262165]]]]}},{"type":"Feature","properties":{"X":34.78550547331745,"Y":31.224640982993055,"מספר_פוליגון":246,"גיל0_4":null,"גיל5_9":null,"גיל10_18":null,"גיל19_30":null,"גיל31_44":null,"גיל45_64":null,"גיל65_75":null,"גיל76פלוס":null,"Shape_Length":799.9999999981374,"Shape_Area":39999.999999813735},"geometry":{"type":"MultiPolygon","coordinates":[[[[34.78446326921178,31.22373832935357],[34.78445529439326,31.22554211897187],[34.78655431663451,31.225548955293462],[34.78656225159269,31.223745165191513],[34.78446326921178,31.22373832935357]]]]}},{"type":"Feature","properties":{"X":34.78760447593877,"Y":31.22464780188094,"מספר_פוליגון":247,"גיל0_4":null,"גיל5_9":null,"גיל10_18":null,"גיל19_30":null,"גיל31_44":null,"גיל45_64":null,"גיל65_75":null,"גיל76פלוס":null,"Shape_Length":800.0000000018626,"Shape_Area":40000.000000186265},"geometry":{"type":"MultiPolygon","coordinates":[[[[34.78656225159269,31.223745165191513],[34.78655431663451,31.225548955293462],[34.78865333959007,31.22555575735908],[34.7886612346879,31.223751966775957],[34.78656225159269,31.223745165191513]]]]}},{"type":"Feature","properties":{"X":34.789703479272575,"Y":31.224654586514095,"מספר_פוליגון":248,"גיל0_4":null,"גיל5_9":null,"גיל10_18":null,"גיל19_30":null,"גיל31_44":null,"גיל45_64":null,"גיל65_75":null,"גיל76פלוס":null,"Shape_Length":799.9999999981374,"Shape_Area":39999.999999813735},"geometry":{"type":"MultiPolygon","coordinates":[[[[34.7886612346879,31.223751966775957],[34.78865333959007,31.22555575735908],[34.79075236325637,31.22556252516878],[34.79076021849378,31.22375873410686],[34.7886612346879,31.223751966775957]]]]}},{"type":"Feature","properties":{"X":34.79180248331532,"Y":31.224661336892478,"מספר_פוליגון":249,"גיל0_4":null,"גיל5_9":null,"גיל10_18":null,"גיל19_30":null,"גיל31_44":null,"גיל45_64":null,"גיל65_75":null,"גיל76פלוס":null,"Shape_Length":800.0000000018626,"Shape_Area":40000.000000186265},"geometry":{"type":"MultiPolygon","coordinates":[[[[34.79076021849378,31.22375873410686],[34.79075236325637,31.22556252516878],[34.79285138762983,31.22556925872246],[34.792859203006756,31.223765467184176],[34.79076021849378,31.22375873410686]]]]}},{"type":"Feature","properties":{"X":34.7939014880634,"Y":31.224668053016046,"מספר_פוליגון":250,"גיל0_4":null,"גיל5_9":null,"גיל10_18":null,"גיל19_30":null,"גיל31_44":null,"גיל45_64":null,"גיל65_75":null,"גיל76פלוס":null,"Shape_Length":800.0000000018626,"Shape_Area":40000.000000186265},"geometry":{"type":"MultiPolygon","coordinates":[[[[34.792859203006756,31.223765467184176],[34.79285138762983,31.22556925872246],[34.79495041270687,31.225575958020098],[34.794958188223255,31.22377216600786],[34.792859203006756,31.223765467184176]]]]}},{"type":"Feature","properties":{"X":34.79600049351321,"Y":31.224674734884772,"מספר_פוליגון":251,"גיל0_4":null,"גיל5_9":null,"גיל10_18":null,"גיל19_30":null,"גיל31_44":null,"גיל45_64":null,"גיל65_75":null,"גיל76פלוס":null,"Shape_Length":799.9999999962747,"Shape_Area":39999.99999962747},"geometry":{"type":"MultiPolygon","coordinates":[[[[34.794958188223255,31.22377216600786],[34.79495041270687,31.225575958020098],[34.797049438483846,31.225582623061644],[34.797057174139645,31.223778830577874],[34.794958188223255,31.22377216600786]]]]}},{"type":"Feature","properties":{"X":34.798099499661184,"Y":31.224681382498606,"מספר_פוליגון":252,"גיל0_4":null,"גיל5_9":null,"גיל10_18":null,"גיל19_30":null,"גיל31_44":null,"גיל45_64":null,"גיל65_75":null,"גיל76פלוס":null,"Shape_Length":800.0000000018626,"Shape_Area":40000.000000186265},"geometry":{"type":"MultiPolygon","coordinates":[[[[34.797057174139645,31.223778830577874],[34.797049438483846,31.225582623061644],[34.79914846495727,31.22558925384709],[34.79915616075241,31.223785460894227],[34.797057174139645,31.223778830577874]]]]}},{"type":"Feature","properties":{"X":34.800198506503754,"Y":31.224687995857497,"מספר_פוליגון":253,"גיל0_4":null,"גיל5_9":null,"גיל10_18":null,"גיל19_30":null,"גיל31_44":null,"גיל45_64":null,"גיל65_75":null,"גיל76פלוס":null,"Shape_Length":799.9999999981374,"Shape_Area":39999.999999813735},"geometry":{"type":"MultiPolygon","coordinates":[[[[34.79915616075241,31.223785460894227],[34.79914846495727,31.22558925384709],[34.80124749212347,31.225595850376354],[34.80125514805791,31.223792056956793],[34.79915616075241,31.223785460894227]]]]}},{"type":"Feature","properties":{"X":34.80229751403731,"Y":31.224694574961433,"מספר_פוליגון":254,"גיל0_4":null,"גיל5_9":null,"גיל10_18":null,"גיל19_30":null,"גיל31_44":null,"גיל45_64":null,"גיל65_75":null,"גיל76פלוס":null,"Shape_Length":800.0000000018626,"Shape_Area":40000.000000186265},"geometry":{"type":"MultiPolygon","coordinates":[[[[34.80125514805791,31.223792056956793],[34.80124749212347,31.225595850376354],[34.80334651997893,31.22560241264942],[34.80335413605261,31.22379861876559],[34.80125514805791,31.223792056956793]]]]}},{"type":"Feature","properties":{"X":34.8043965222583,"Y":31.22470111981036,"מספר_פוליגון":255,"גיל0_4":null,"גיל5_9":null,"גיל10_18":null,"גיל19_30":null,"גיל31_44":null,"גיל45_64":null,"גיל65_75":null,"גיל76פלוס":null,"Shape_Length":799.9999999981374,"Shape_Area":39999.999999813735},"geometry":{"type":"MultiPolygon","coordinates":[[[[34.80335413605261,31.22379861876559],[34.80334651997893,31.22560241264942],[34.805445548520034,31.225608940666252],[34.8054531247329,31.223805146320572],[34.80335413605261,31.22379861876559]]]]}},{"type":"Feature","properties":{"X":34.80649553116311,"Y":31.224707630404236,"מספר_פוליגון":256,"גיל0_4":null,"גיל5_9":null,"גיל10_18":null,"גיל19_30":null,"גיל31_44":null,"גיל45_64":null,"גיל65_75":null,"גיל76פלוס":null,"Shape_Length":800.0000000018626,"Shape_Area":40000.000000186265},"geometry":{"type":"MultiPolygon","coordinates":[[[[34.8054531247329,31.223805146320572],[34.805445548520034,31.225608940666252],[34.8075445777432,31.225615434426793],[34.807552114095216,31.22381163962168],[34.8054531247329,31.223805146320572]]]]}},{"type":"Feature","properties":{"X":34.80859454074817,"Y":31.224714106743022,"מספר_פוליגון":257,"גיל0_4":null,"גיל5_9":null,"גיל10_18":null,"גיל19_30":null,"גיל31_44":1.0,"גיל45_64":null,"גיל65_75":null,"גיל76פלוס":null,"Shape_Length":800.0000000018626,"Shape_Area":40000.000000186265},"geometry":{"type":"MultiPolygon","coordinates":[[[[34.807552114095216,31.22381163962168],[34.8075445777432,31.225615434426793],[34.809643607644865,31.225621893931017],[34.80965110413596,31.223818098668897],[34.807552114095216,31.22381163962168]]]]}},{"type":"Feature","properties":{"X":34.81069355100988,"Y":31.224720548826685,"מספר_פוליגון":258,"גיל0_4":2.0,"גיל5_9":1.0,"גיל10_18":null,"גיל19_30":1.0,"גיל31_44":null,"גיל45_64":null,"גיל65_75":null,"גיל76פלוס":null,"Shape_Length":799.9999999962747,"Shape_Area":39999.99999962747},"geometry":{"type":"MultiPolygon","coordinates":[[[[34.80965110413596,31.223818098668897],[34.809643607644865,31.225621893931017],[34.81174263822138,31.22562831917887],[34.81175009485151,31.22382452346218],[34.80965110413596,31.223818098668897]]]]}},{"type":"Feature","properties":{"X":34.812792561944676,"Y":31.224726956655182,"מספר_פוליגון":259,"גיל0_4":null,"גיל5_9":null,"גיל10_18":null,"גיל19_30":null,"גיל31_44":null,"גיל45_64":null,"גיל65_75":null,"גיל76פלוס":null,"Shape_Length":800.0000000018626,"Shape_Area":40000.000000186265},"geometry":{"type":"MultiPolygon","coordinates":[[[[34.81175009485151,31.22382452346218],[34.81174263822138,31.22562831917887],[34.81384166946923,31.225634710170336],[34.813849086238335,31.22383091400147],[34.81175009485151,31.22382452346218]]]]}},{"type":"Feature","properties":{"X":34.81489157354897,"Y":31.22473333022848,"מספר_פוליגון":260,"גיל0_4":null,"גיל5_9":null,"גיל10_18":null,"גיל19_30":null,"גיל31_44":null,"גיל45_64":null,"גיל65_75":null,"גיל76פלוס":null,"Shape_Length":799.9999999981374,"Shape_Area":39999.999999813735},"geometry":{"type":"MultiPolygon","coordinates":[[[[34.813849086238335,31.22383091400147],[34.81384166946923,31.225634710170336],[34.81594070138479,31.22564106690538],[34.815948078292834,31.223837270286765],[34.813849086238335,31.22383091400147]]]]}},{"type":"Feature","properties":{"X":34.81699058581918,"Y":31.224739669546533,"מספר_פוליגון":261,"גיל0_4":null,"גיל5_9":null,"גיל10_18":null,"גיל19_30":null,"גיל31_44":null,"גיל45_64":null,"גיל65_75":null,"גיל76פלוס":null,"Shape_Length":800.0000000018626,"Shape_Area":40000.000000186265},"geometry":{"type":"MultiPolygon","coordinates":[[[[34.815948078292834,31.223837270286765],[34.81594070138479,31.22564106690538],[34.81803973396452,31.22564738938393],[34.81804707101142,31.223843592317998],[34.815948078292834,31.223837270286765]]]]}},{"type":"Feature","properties":{"X":34.81908959875169,"Y":31.224745974609313,"מספר_פוליגון":262,"גיל0_4":null,"גיל5_9":null,"גיל10_18":null,"גיל19_30":null,"גיל31_44":null,"גיל45_64":null,"גיל65_75":null,"גיל76פלוס":null,"Shape_Length":799.9999999962747,"Shape_Area":39999.99999962747},"geometry":{"type":"MultiPolygon","coordinates":[[[[34.81804707101142,31.223843592317998],[34.81803973396452,31.22564738938393],[34.82013876720478,31.22565367760599],[34.820146064390514,31.223849880095134],[34.81804707101142,31.223843592317998]]]]}},{"type":"Feature","properties":{"X":34.82118861234295,"Y":31.224752245416774,"מספר_פוליגון":263,"גיל0_4":null,"גיל5_9":null,"גיל10_18":null,"גיל19_30":null,"גיל31_44":null,"גיל45_64":null,"גיל65_75":null,"גיל76פלוס":null,"Shape_Length":800.0000000018626,"Shape_Area":40000.000000186265},"geometry":{"type":"MultiPolygon","coordinates":[[[[34.820146064390514,31.223849880095134],[34.82013876720478,31.22565367760599],[34.82223780110204,31.225659931571485],[34.82224505842653,31.223856133618135],[34.820146064390514,31.223849880095134]]]]}},{"type":"Feature","properties":{"X":34.8232876265894,"Y":31.224758481968877,"מספר_פוליגון":264,"גיל0_4":null,"גיל5_9":null,"גיל10_18":null,"גיל19_30":null,"גיל31_44":null,"גיל45_64":null,"גיל65_75":null,"גיל76פלוס":null,"Shape_Length":800.0000000037253,"Shape_Area":40000.00000037253},"geometry":{"type":"MultiPolygon","coordinates":[[[[34.82224505842653,31.223856133618135],[34.82223780110204,31.225659931571485],[34.8243368356527,31.22566615128039],[34.82434405311592,31.22386235288699],[34.82224505842653,31.223856133618135]]]]}},{"type":"Feature","properties":{"X":34.8253866414874,"Y":31.224764684265587,"מספר_פוליגון":265,"גיל0_4":null,"גיל5_9":null,"גיל10_18":null,"גיל19_30":null,"גיל31_44":null,"גיל45_64":null,"גיל65_75":null,"גיל76פלוס":null,"Shape_Length":799.9999999962747,"Shape_Area":39999.99999962747},"geometry":{"type":"MultiPolygon","coordinates":[[[[34.82434405311592,31.22386235288699],[34.8243368356527,31.22566615128039],[34.82643587085314,31.225672336732693],[34.82644304845502,31.22386853790163],[34.82434405311592,31.22386235288699]]]]}},{"type":"Feature","properties":{"X":34.82748565703339,"Y":31.224770852306868,"מספר_פוליגון":266,"גיל0_4":null,"גיל5_9":null,"גיל10_18":null,"גיל19_30":null,"גיל31_44":null,"גיל45_64":null,"גיל65_75":null,"גיל76פלוס":null,"Shape_Length":800.0000000018626,"Shape_Area":40000.000000186265},"geometry":{"type":"MultiPolygon","coordinates":[[[[34.82644304845502,31.22386853790163],[34.82643587085314,31.225672336732693],[34.828534906699815,31.225678487928327],[34.828542044440304,31.223874688662036],[34.82644304845502,31.22386853790163]]]]}},{"type":"Feature","properties":{"X":34.74981390842205,"Y":31.22632360201162,"מספר_פוליגון":267,"גיל0_4":null,"גיל5_9":null,"גיל10_18":null,"גיל19_30":null,"גיל31_44":null,"גיל45_64":null,"גיל65_75":null,"גיל76פלוס":null,"Shape_Length":799.9999999925494,"Shape_Area":39999.99999925494},"geometry":{"type":"MultiPolygon","coordinates":[[[[34.74877202905595,31.225420660389567],[34.74876337584216,31.22722444090733],[34.7508624252545,31.227231860097927],[34.75087103860538,31.225428079055376],[34.74877202905595,31.225420660389567]]]]}},{"type":"Feature","properties":{"X":34.751912938243635,"Y":31.22633100374706,"מספר_פוליגון":268,"גיל0_4":null,"גיל5_9":null,"גיל10_18":null,"גיל19_30":null,"גיל31_44":null,"גיל45_64":null,"גיל65_75":null,"גיל76פלוס":null,"Shape_Length":799.9999999981374,"Shape_Area":39999.999999813735},"geometry":{"type":"MultiPolygon","coordinates":[[[[34.75087103860538,31.225428079055376],[34.7508624252545,31.227231860097927],[34.75296147544217,31.227239245030916],[34.7529700489301,31.225435463466003],[34.75087103860538,31.225428079055376]]]]}},{"type":"Feature","properties":{"X":34.75401196883872,"Y":31.22633837122607,"מספר_פוליגון":269,"גיל0_4":null,"גיל5_9":null,"גיל10_18":null,"גיל19_30":null,"גיל31_44":null,"גיל45_64":null,"גיל65_75":null,"גיל76פלוס":null,"Shape_Length":799.9999999981374,"Shape_Area":39999.999999813735},"geometry":{"type":"MultiPolygon","coordinates":[[[[34.7529700489301,31.225435463466003],[34.75296147544217,31.227239245030916],[34.755060526401564,31.22724659570623],[34.75506906002648,31.225442813621378],[34.7529700489301,31.225435463466003]]]]}},{"type":"Feature","properties":{"X":34.756111000203695,"Y":31.2263457044486,"מספר_פוליגון":270,"גיל0_4":null,"גיל5_9":null,"גיל10_18":null,"גיל19_30":null,"גיל31_44":null,"גיל45_64":null,"גיל65_75":null,"גיל76פלוס":null,"Shape_Length":799.9999999944121,"Shape_Area":39999.99999944121},"geometry":{"type":"MultiPolygon","coordinates":[[[[34.75506906002648,31.225442813621378],[34.755060526401564,31.22724659570623],[34.75715957812909,31.227253912123835],[34.757168071890916,31.22545012952147],[34.75506906002648,31.225442813621378]]]]}},{"type":"Feature","properties":{"X":34.75821003233499,"Y":31.22635300341462,"מספר_פוליגון":271,"גיל0_4":null,"גיל5_9":null,"גיל10_18":null,"גיל19_30":null,"גיל31_44":null,"גיל45_64":null,"גיל65_75":null,"גיל76פלוס":null,"Shape_Length":799.9999999981374,"Shape_Area":39999.999999813735},"geometry":{"type":"MultiPolygon","coordinates":[[[[34.757168071890916,31.22545012952147],[34.75715957812909,31.227253912123835],[34.75925863062117,31.2272611942837],[34.75926708451986,31.225457411166225],[34.757168071890916,31.22545012952147]]]]}},{"type":"Feature","properties":{"X":34.76030906522903,"Y":31.226360268124076,"מספר_פוליגון":272,"גיל0_4":null,"גיל5_9":null,"גיל10_18":null,"גיל19_30":null,"גיל31_44":null,"גיל45_64":null,"גיל65_75":null,"גיל76פלוס":null,"Shape_Length":799.9999999944121,"Shape_Area":39999.99999944121},"geometry":{"type":"MultiPolygon","coordinates":[[[[34.75926708451986,31.225457411166225],[34.75925863062117,31.2272611942837],[34.76135768387422,31.227268442185764],[34.761366097909715,31.2254646585556],[34.75926708451986,31.225457411166225]]]]}},{"type":"Feature","properties":{"X":34.76240809888222,"Y":31.22636749857693,"מספר_פוליגון":273,"גיל0_4":3.0,"גיל5_9":10.0,"גיל10_18":11.0,"גיל19_30":16.0,"גיל31_44":8.0,"גיל45_64":25.0,"גיל65_75":7.0,"גיל76פלוס":2.0,"Shape_Length":799.9999999981374,"Shape_Area":39999.999999813735},"geometry":{"type":"MultiPolygon","coordinates":[[[[34.761366097909715,31.2254646585556],[34.76135768387422,31.227268442185764],[34.76345673788467,31.22727565583],[34.76346511205689,31.225471871689574],[34.761366097909715,31.2254646585556]]]]}},{"type":"Feature","properties":{"X":34.76450713329098,"Y":31.226374694773142,"מספר_פוליגון":274,"גיל0_4":8.0,"גיל5_9":9.0,"גיל10_18":27.0,"גיל19_30":49.0,"גיל31_44":18.0,"גיל45_64":64.0,"גיל65_75":16.0,"גיל76פלוס":4.0,"Shape_Length":799.9999999981374,"Shape_Area":39999.999999813735},"geometry":{"type":"MultiPolygon","coordinates":[[[[34.76346511205689,31.225471871689574],[34.76345673788467,31.22727565583],[34.76555579264893,31.22728283521635],[34.76556412695783,31.22547905056806],[34.76346511205689,31.225471871689574]]]]}},{"type":"Feature","properties":{"X":34.76660616845171,"Y":31.226381856712663,"מספר_פוליגון":275,"גיל0_4":4.0,"גיל5_9":8.0,"גיל10_18":25.0,"גיל19_30":29.0,"גיל31_44":12.0,"גיל45_64":38.0,"גיל65_75":8.0,"גיל76פלוס":2.0,"Shape_Length":799.9999999925494,"Shape_Area":39999.99999925494},"geometry":{"type":"MultiPolygon","coordinates":[[[[34.76556412695783,31.22547905056806],[34.76555579264893,31.22728283521635],[34.76765484816337,31.227289980344764],[34.767663142608896,31.225486195191092],[34.76556412695783,31.22547905056806]]]]}},{"type":"Feature","properties":{"X":34.76870520436084,"Y":31.226388984395452,"מספר_פוליגון":276,"גיל0_4":3.0,"גיל5_9":7.0,"גיל10_18":18.0,"גיל19_30":14.0,"גיל31_44":12.0,"גיל45_64":23.0,"גיל65_75":5.0,"גיל76פלוס":null,"Shape_Length":799.9999999981374,"Shape_Area":39999.999999813735},"geometry":{"type":"MultiPolygon","coordinates":[[[[34.767663142608896,31.225486195191092],[34.76765484816337,31.227289980344764],[34.76975390442447,31.22729709121523],[34.76976215900657,31.225493305558537],[34.767663142608896,31.225486195191092]]]]}},{"type":"Feature","properties":{"X":34.770804241014794,"Y":31.22639607782147,"מספר_פוליגון":277,"גיל0_4":null,"גיל5_9":null,"גיל10_18":null,"גיל19_30":null,"גיל31_44":null,"גיל45_64":null,"גיל65_75":null,"גיל76פלוס":null,"Shape_Length":799.9999999944121,"Shape_Area":39999.99999944121},"geometry":{"type":"MultiPolygon","coordinates":[[[[34.76976215900657,31.225493305558537],[34.76975390442447,31.22729709121523],[34.771852961428614,31.227304167827672],[34.77186117614722,31.2255003816704],[34.76976215900657,31.225493305558537]]]]}},{"type":"Feature","properties":{"X":34.77290327840998,"Y":31.226403136990676,"מספר_פוליגון":278,"גיל0_4":null,"גיל5_9":null,"גיל10_18":null,"גיל19_30":null,"גיל31_44":null,"גיל45_64":null,"גיל65_75":null,"גיל76פלוס":null,"Shape_Length":799.9999999981374,"Shape_Area":39999.999999813735},"geometry":{"type":"MultiPolygon","coordinates":[[[[34.77186117614722,31.2255003816704],[34.771852961428614,31.227304167827672],[34.77395201917225,31.227311210182076],[34.77396019402728,31.225507423526643],[34.77186117614722,31.2255003816704]]]]}},{"type":"Feature","properties":{"X":34.77500231654281,"Y":31.226410161903022,"מספר_פוליגון":279,"גיל0_4":null,"גיל5_9":null,"גיל10_18":null,"גיל19_30":null,"גיל31_44":null,"גיל45_64":null,"גיל65_75":null,"גיל76פלוס":null,"Shape_Length":799.9999999944121,"Shape_Area":39999.99999944121},"geometry":{"type":"MultiPolygon","coordinates":[[[[34.77396019402728,31.225507423526643],[34.77395201917225,31.227311210182076],[34.77605107765173,31.22731821827838],[34.776059212643155,31.22551443112719],[34.77396019402728,31.225507423526643]]]]}},{"type":"Feature","properties":{"X":34.777101355409705,"Y":31.226417152558465,"מספר_פוליגון":280,"גיל0_4":null,"גיל5_9":null,"גיל10_18":5.0,"גיל19_30":5.0,"גיל31_44":2.0,"גיל45_64":4.0,"גיל65_75":1.0,"גיל76פלוס":2.0,"Shape_Length":799.9999999981374,"Shape_Area":39999.999999813735},"geometry":{"type":"MultiPolygon","coordinates":[[[[34.776059212643155,31.22551443112719],[34.77605107765173,31.22731821827838],[34.77815013686353,31.227325192116552],[34.778158231991284,31.22552140447204],[34.776059212643155,31.22551443112719]]]]}},{"type":"Feature","properties":{"X":34.77920039500708,"Y":31.22642410895695,"מספר_פוליגון":281,"גיל0_4":4.0,"גיל5_9":6.0,"גיל10_18":6.0,"גיל19_30":16.0,"גיל31_44":18.0,"גיל45_64":23.0,"גיל65_75":16.0,"גיל76פלוס":15.0,"Shape_Length":799.9999999981374,"Shape_Area":39999.999999813735},"geometry":{"type":"MultiPolygon","coordinates":[[[[34.778158231991284,31.22552140447204],[34.77815013686353,31.227325192116552],[34.78024919680406,31.227332131696542],[34.78025725206809,31.225528343561145],[34.778158231991284,31.22552140447204]]]]}},{"type":"Feature","properties":{"X":34.781299435331334,"Y":31.22643103109846,"מספר_פוליגון":282,"גיל0_4":null,"גיל5_9":7.0,"גיל10_18":7.0,"גיל19_30":5.0,"גיל31_44":7.0,"גיל45_64":7.0,"גיל65_75":3.0,"גיל76פלוס":5.0,"Shape_Length":799.9999999925494,"Shape_Area":39999.99999925494},"geometry":{"type":"MultiPolygon","coordinates":[[[[34.78025725206809,31.225528343561145],[34.78024919680406,31.227332131696542],[34.78234825746967,31.22733903701832],[34.782356272869926,31.22553524839442],[34.78025725206809,31.225528343561145]]]]}},{"type":"Feature","properties":{"X":34.78339847637891,"Y":31.22643791898295,"מספר_פוליגון":283,"גיל0_4":null,"גיל5_9":null,"גיל10_18":null,"גיל19_30":null,"גיל31_44":null,"גיל45_64":null,"גיל65_75":null,"גיל76פלוס":null,"Shape_Length":799.9999999981374,"Shape_Area":39999.999999813735},"geometry":{"type":"MultiPolygon","coordinates":[[[[34.782356272869926,31.22553524839442],[34.78234825746967,31.22733903701832],[34.78444731885686,31.227345908081823],[34.78445529439326,31.22554211897187],[34.782356272869926,31.22553524839442]]]]}},{"type":"Feature","properties":{"X":34.785497518146215,"Y":31.226444772610368,"מספר_פוליגון":284,"גיל0_4":null,"גיל5_9":null,"גיל10_18":null,"גיל19_30":null,"גיל31_44":null,"גיל45_64":null,"גיל65_75":null,"גיל76פלוס":null,"Shape_Length":799.9999999944121,"Shape_Area":39999.99999944121},"geometry":{"type":"MultiPolygon","coordinates":[[[[34.78445529439326,31.22554211897187],[34.78444731885686,31.227345908081823],[34.786546380962,31.22735274488705],[34.78655431663451,31.225548955293462],[34.78445529439326,31.22554211897187]]]]}},{"type":"Feature","properties":{"X":34.78759656062965,"Y":31.226451591980688,"מספר_פוליגון":285,"גיל0_4":null,"גיל5_9":null,"גיל10_18":null,"גיל19_30":null,"גיל31_44":null,"גיל45_64":null,"גיל65_75":null,"גיל76פלוס":null,"Shape_Length":799.9999999981374,"Shape_Area":39999.999999813735},"geometry":{"type":"MultiPolygon","coordinates":[[[[34.78655431663451,31.225548955293462],[34.786546380962,31.22735274488705],[34.788645443781526,31.227359547433917],[34.78865333959007,31.22555575735908],[34.78655431663451,31.225548955293462]]]]}},{"type":"Feature","properties":{"X":34.789695603825656,"Y":31.226458377093845,"מספר_פוליגון":286,"גיל0_4":null,"גיל5_9":null,"גיל10_18":null,"גיל19_30":null,"גיל31_44":null,"גיל45_64":null,"גיל65_75":null,"גיל76פלוס":null,"Shape_Length":799.9999999944121,"Shape_Area":39999.99999944121},"geometry":{"type":"MultiPolygon","coordinates":[[[[34.78865333959007,31.22555575735908],[34.788645443781526,31.227359547433917],[34.79074450731183,31.2273663157224],[34.79075236325637,31.22556252516878],[34.78865333959007,31.22555575735908]]]]}},{"type":"Feature","properties":{"X":34.791794647730626,"Y":31.22646512794981,"מספר_פוליגון":287,"גיל0_4":null,"גיל5_9":null,"גיל10_18":null,"גיל19_30":null,"גיל31_44":null,"גיל45_64":null,"גיל65_75":null,"גיל76פלוס":null,"Shape_Length":799.9999999981374,"Shape_Area":39999.999999813735},"geometry":{"type":"MultiPolygon","coordinates":[[[[34.79075236325637,31.22556252516878],[34.79074450731183,31.2273663157224],[34.792843571549355,31.227373049752472],[34.79285138762983,31.22556925872246],[34.79075236325637,31.22556252516878]]]]}},{"type":"Feature","properties":{"X":34.79389369234101,"Y":31.226471844548563,"מספר_פוליגון":288,"גיל0_4":null,"גיל5_9":null,"גיל10_18":null,"גיל19_30":null,"גיל31_44":null,"גיל45_64":null,"גיל65_75":null,"גיל76פלוס":null,"Shape_Length":799.9999999981374,"Shape_Area":39999.999999813735},"geometry":{"type":"MultiPolygon","coordinates":[[[[34.79285138762983,31.22556925872246],[34.792843571549355,31.227373049752472],[34.79494263649051,31.22737974952408],[34.79495041270687,31.225575958020098],[34.79285138762983,31.22556925872246]]]]}},{"type":"Feature","properties":{"X":34.795992737653165,"Y":31.22647852689003,"מספר_פוליגון":289,"גיל0_4":null,"גיל5_9":null,"גיל10_18":null,"גיל19_30":null,"גיל31_44":null,"גיל45_64":null,"גיל65_75":null,"גיל76פלוס":null,"Shape_Length":799.9999999925494,"Shape_Area":39999.99999925494},"geometry":{"type":"MultiPolygon","coordinates":[[[[34.79495041270687,31.225575958020098],[34.79494263649051,31.22737974952408],[34.797041702131665,31.227386415037188],[34.797049438483846,31.225582623061644],[34.79495041270687,31.225575958020098]]]]}},{"type":"Feature","properties":{"X":34.79809178366355,"Y":31.22648517497419,"מספר_פוליגון":290,"גיל0_4":null,"גיל5_9":null,"גיל10_18":null,"גיל19_30":null,"גיל31_44":null,"גיל45_64":null,"גיל65_75":null,"גיל76פלוס":null,"Shape_Length":799.9999999981374,"Shape_Area":39999.999999813735},"geometry":{"type":"MultiPolygon","coordinates":[[[[34.797049438483846,31.225582623061644],[34.797041702131665,31.227386415037188],[34.79914076846931,31.227393046291727],[34.79914846495727,31.22558925384709],[34.797049438483846,31.225582623061644]]]]}},{"type":"Feature","properties":{"X":34.80019083036858,"Y":31.226491788801006,"מספר_פוליגון":291,"גיל0_4":null,"גיל5_9":null,"גיל10_18":null,"גיל19_30":null,"גיל31_44":null,"גיל45_64":null,"גיל65_75":null,"גיל76פלוס":null,"Shape_Length":799.9999999944121,"Shape_Area":39999.99999944121},"geometry":{"type":"MultiPolygon","coordinates":[[[[34.79914846495727,31.22558925384709],[34.79914076846931,31.227393046291727],[34.8012398354998,31.227399643287704],[34.80124749212347,31.225595850376354],[34.79914846495727,31.22558925384709]]]]}},{"type":"Feature","properties":{"X":34.802289877764665,"Y":31.22649836837042,"מספר_פוליגון":292,"גיל0_4":null,"גיל5_9":null,"גיל10_18":null,"גיל19_30":null,"גיל31_44":null,"גיל45_64":null,"גיל65_75":null,"גיל76פלוס":null,"Shape_Length":799.9999999981374,"Shape_Area":39999.999999813735},"geometry":{"type":"MultiPolygon","coordinates":[[[[34.80124749212347,31.225595850376354],[34.8012398354998,31.227399643287704],[34.803338903219604,31.227406206025055],[34.80334651997893,31.22560241264942],[34.80124749212347,31.225595850376354]]]]}},{"type":"Feature","properties":{"X":34.80438892584821,"Y":31.226504913682415,"מספר_פוליגון":293,"גיל0_4":null,"גיל5_9":null,"גיל10_18":null,"גיל19_30":null,"גיל31_44":null,"גיל45_64":null,"גיל65_75":null,"גיל76פלוס":null,"Shape_Length":799.9999999944121,"Shape_Area":39999.99999944121},"geometry":{"type":"MultiPolygon","coordinates":[[[[34.80334651997893,31.22560241264942],[34.803338903219604,31.227406206025055],[34.80543797162509,31.227412734503748],[34.805445548520034,31.225608940666252],[34.80334651997893,31.22560241264942]]]]}},{"type":"Feature","properties":{"X":34.80648797461564,"Y":31.226511424736945,"מספר_פוליגון":294,"גיל0_4":null,"גיל5_9":null,"גיל10_18":null,"גיל19_30":null,"גיל31_44":null,"גיל45_64":null,"גיל65_75":null,"גיל76פלוס":null,"Shape_Length":799.9999999981374,"Shape_Area":39999.999999813735},"geometry":{"type":"MultiPolygon","coordinates":[[[[34.805445548520034,31.225608940666252],[34.80543797162509,31.227412734503748],[34.80753704071272,31.227419228723747],[34.8075445777432,31.225615434426793],[34.805445548520034,31.225608940666252]]]]}},{"type":"Feature","properties":{"X":34.808587024063385,"Y":31.226517901533967,"מספר_פוליגון":295,"גיל0_4":null,"גיל5_9":null,"גיל10_18":null,"גיל19_30":null,"גיל31_44":null,"גיל45_64":null,"גיל65_75":null,"גיל76פלוס":null,"Shape_Length":799.9999999981374,"Shape_Area":39999.999999813735},"geometry":{"type":"MultiPolygon","coordinates":[[[[34.8075445777432,31.225615434426793],[34.80753704071272,31.227419228723747],[34.809636110478856,31.227425688684978],[34.809643607644865,31.225621893931017],[34.8075445777432,31.225615434426793]]]]}},{"type":"Feature","properties":{"X":34.81068607418782,"Y":31.226524344073436,"מספר_פוליגון":296,"גיל0_4":null,"גיל5_9":null,"גיל10_18":null,"גיל19_30":null,"גיל31_44":null,"גיל45_64":null,"גיל65_75":null,"גיל76פלוס":1.0,"Shape_Length":799.9999999925494,"Shape_Area":39999.99999925494},"geometry":{"type":"MultiPolygon","coordinates":[[[[34.809643607644865,31.225621893931017],[34.809636110478856,31.227425688684978],[34.81173518091993,31.227432114387454],[34.81174263822138,31.22562831917887],[34.809643607644865,31.225621893931017]]]]}},{"type":"Feature","properties":{"X":34.812785124985396,"Y":31.226530752355327,"מספר_פוליגון":297,"גיל0_4":null,"גיל5_9":null,"גיל10_18":null,"גיל19_30":null,"גיל31_44":null,"גיל45_64":null,"גיל65_75":null,"גיל76פלוס":null,"Shape_Length":799.9999999981374,"Shape_Area":39999.999999813735},"geometry":{"type":"MultiPolygon","coordinates":[[[[34.81174263822138,31.22562831917887],[34.81173518091993,31.227432114387454],[34.81383425203239,31.22743850583111],[34.81384166946923,31.225634710170336],[34.81174263822138,31.22562831917887]]]]}},{"type":"Feature","properties":{"X":34.81488417645252,"Y":31.226537126379593,"מספר_פוליגון":298,"גיל0_4":null,"גיל5_9":null,"גיל10_18":null,"גיל19_30":null,"גיל31_44":null,"גיל45_64":null,"גיל65_75":null,"גיל76פלוס":null,"Shape_Length":799.9999999944121,"Shape_Area":39999.99999944121},"geometry":{"type":"MultiPolygon","coordinates":[[[[34.81384166946923,31.225634710170336],[34.81383425203239,31.22743850583111],[34.81593332381262,31.227444863015904],[34.81594070138479,31.22564106690538],[34.81384166946923,31.225634710170336]]]]}},{"type":"Feature","properties":{"X":34.816983228585606,"Y":31.2265434661462,"מספר_פוליגון":299,"גיל0_4":null,"גיל5_9":null,"גיל10_18":null,"גיל19_30":null,"גיל31_44":null,"גיל45_64":null,"גיל65_75":null,"גיל76פלוס":null,"Shape_Length":799.9999999981374,"Shape_Area":39999.999999813735},"geometry":{"type":"MultiPolygon","coordinates":[[[[34.81594070138479,31.22564106690538],[34.81593332381262,31.227444863015904],[34.81803239625705,31.227451185941817],[34.81803973396452,31.22564738938393],[34.81594070138479,31.22564106690538]]]]}},{"type":"Feature","properties":{"X":34.81908228138107,"Y":31.2265497716551,"מספר_פוליגון":300,"גיל0_4":null,"גיל5_9":null,"גיל10_18":null,"גיל19_30":null,"גיל31_44":null,"גיל45_64":null,"גיל65_75":null,"גיל76פלוס":null,"Shape_Length":799.9999999925494,"Shape_Area":39999.99999925494},"geometry":{"type":"MultiPolygon","coordinates":[[[[34.81803973396452,31.22564738938393],[34.81803239625705,31.227451185941817],[34.820131469362074,31.227457474608794],[34.82013876720478,31.22565367760599],[34.81803973396452,31.22564738938393]]]]}},{"type":"Feature","properties":{"X":34.82118133483533,"Y":31.226556042906267,"מספר_פוליגון":301,"גיל0_4":1.0,"גיל5_9":null,"גיל10_18":null,"גיל19_30":1.0,"גיל31_44":2.0,"גיל45_64":null,"גיל65_75":null,"גיל76פלוס":null,"Shape_Length":799.9999999981374,"Shape_Area":39999.999999813735},"geometry":{"type":"MultiPolygon","coordinates":[[[[34.82013876720478,31.22565367760599],[34.820131469362074,31.227457474608794],[34.82223054312415,31.2274637290168],[34.82223780110204,31.225659931571485],[34.82013876720478,31.22565367760599]]]]}},{"type":"Feature","properties":{"X":34.823280388944816,"Y":31.22656227989966,"מספר_פוליגון":302,"גיל0_4":null,"גיל5_9":null,"גיל10_18":null,"גיל19_30":null,"גיל31_44":null,"גיל45_64":null,"גיל65_75":null,"גיל76פלוס":null,"Shape_Length":800.0,"Shape_Area":40000.0},"geometry":{"type":"MultiPolygon","coordinates":[[[[34.82223780110204,31.225659931571485],[34.82223054312415,31.2274637290168],[34.82432961753968,31.227469949165798],[34.8243368356527,31.22566615128039],[34.82223780110204,31.225659931571485]]]]}},{"type":"Feature","properties":{"X":34.82537944370591,"Y":31.226568482635248,"מספר_פוליגון":303,"גיל0_4":1.0,"גיל5_9":null,"גיל10_18":null,"גיל19_30":2.0,"גיל31_44":null,"גיל45_64":null,"גיל65_75":null,"גיל76פלוס":null,"Shape_Length":799.9999999925494,"Shape_Area":39999.99999925494},"geometry":{"type":"MultiPolygon","coordinates":[[[[34.8243368356527,31.22566615128039],[34.82432961753968,31.227469949165798],[34.82642869260503,31.22747613505576],[34.82643587085314,31.225672336732693],[34.8243368356527,31.22566615128039]]]]}},{"type":"Feature","properties":{"X":34.827478499115045,"Y":31.226574651112983,"מספר_פוליגון":304,"גיל0_4":null,"גיל5_9":null,"גיל10_18":null,"גיל19_30":null,"גיל31_44":null,"גיל45_64":null,"גיל65_75":null,"גיל76פלוס":null,"Shape_Length":799.9999999981374,"Shape_Area":39999.999999813735},"geometry":{"type":"MultiPolygon","coordinates":[[[[34.82643587085314,31.225672336732693],[34.82642869260503,31.22747613505576],[34.82852776831668,31.227482286686634],[34.828534906699815,31.225678487928327],[34.82643587085314,31.225672336732693]]]]}},{"type":"Feature","properties":{"X":34.7498052748264,"Y":31.228127382548788,"מספר_פוליגון":305,"גיל0_4":null,"גיל5_9":null,"גיל10_18":null,"גיל19_30":null,"גיל31_44":null,"גיל45_64":null,"גיל65_75":null,"גיל76פלוס":null,"Shape_Length":799.9999999962747,"Shape_Area":39999.99999962747},"geometry":{"type":"MultiPolygon","coordinates":[[[[34.74876337584216,31.22722444090733],[34.74875472184948,31.229028220916458],[34.750853811128295,31.229035640631857],[34.7508624252545,31.227231860097927],[34.74876337584216,31.22722444090733]]]]}},{"type":"Feature","properties":{"X":34.751904344512695,"Y":31.228134784807807,"מספר_פוליגון":306,"גיל0_4":null,"גיל5_9":null,"גיל10_18":null,"גיל19_30":null,"גיל31_44":null,"גיל45_64":null,"גיל65_75":null,"גיל76פלוס":null,"Shape_Length":800.0000000018626,"Shape_Area":40000.000000186265},"geometry":{"type":"MultiPolygon","coordinates":[[[[34.7508624252545,31.227231860097927],[34.750853811128295,31.229035640631857],[34.75295290118251,31.229043026087226],[34.75296147544217,31.227239245030916],[34.7508624252545,31.227231860097927]]]]}},{"type":"Feature","properties":{"X":34.75400341497256,"Y":31.228142152807983,"מספר_פוליגון":307,"גיל0_4":null,"גיל5_9":null,"גיל10_18":null,"גיל19_30":null,"גיל31_44":null,"גיל45_64":null,"גיל65_75":null,"גיל76פלוס":null,"Shape_Length":800.0000000018626,"Shape_Area":40000.000000186265},"geometry":{"type":"MultiPolygon","coordinates":[[[[34.75296147544217,31.227239245030916],[34.75295290118251,31.229043026087226],[34.75505199200851,31.229050377282498],[34.755060526401564,31.22724659570623],[34.75296147544217,31.227239245030916]]]]}},{"type":"Feature","properties":{"X":34.75610248620237,"Y":31.228149486549256,"מספר_פוליגון":308,"גיל0_4":null,"גיל5_9":null,"גיל10_18":null,"גיל19_30":null,"גיל31_44":null,"גיל45_64":null,"גיל65_75":null,"גיל76פלוס":null,"Shape_Length":799.9999999981374,"Shape_Area":39999.999999813735},"geometry":{"type":"MultiPolygon","coordinates":[[[[34.755060526401564,31.22724659570623],[34.75505199200851,31.229050377282498],[34.757151083602686,31.229057694217644],[34.75715957812909,31.227253912123835],[34.755060526401564,31.22724659570623]]]]}},{"type":"Feature","properties":{"X":34.75820155819858,"Y":31.2281567860316,"מספר_פוליגון":309,"גיל0_4":null,"גיל5_9":null,"גיל10_18":null,"גיל19_30":null,"גיל31_44":null,"גיל45_64":null,"גיל65_75":null,"גיל76פלוס":null,"Shape_Length":800.0000000018626,"Shape_Area":40000.000000186265},"geometry":{"type":"MultiPolygon","coordinates":[[[[34.75715957812909,31.227253912123835],[34.757151083602686,31.229057694217644],[34.759250175961505,31.22906497689263],[34.75925863062117,31.2272611942837],[34.75715957812909,31.227253912123835]]]]}},{"type":"Feature","properties":{"X":34.76030063095757,"Y":31.22816405125496,"מספר_פוליגון":310,"גיל0_4":null,"גיל5_9":null,"גיל10_18":null,"גיל19_30":null,"גיל31_44":null,"גיל45_64":null,"גיל65_75":null,"גיל76פלוס":null,"Shape_Length":799.9999999981374,"Shape_Area":39999.999999813735},"geometry":{"type":"MultiPolygon","coordinates":[[[[34.75925863062117,31.2272611942837],[34.759250175961505,31.22906497689263],[34.76134926908135,31.22907222530741],[34.76135768387422,31.227268442185764],[34.75925863062117,31.2272611942837]]]]}},{"type":"Feature","properties":{"X":34.762399704475776,"Y":31.2281712822193,"מספר_פוליגון":311,"גיל0_4":6.0,"גיל5_9":3.0,"גיל10_18":7.0,"גיל19_30":13.0,"גיל31_44":8.0,"גיל45_64":22.0,"גיל65_75":3.0,"גיל76פלוס":1.0,"Shape_Length":800.0000000018626,"Shape_Area":40000.000000186265},"geometry":{"type":"MultiPolygon","coordinates":[[[[34.76135768387422,31.227268442185764],[34.76134926908135,31.22907222530741],[34.76344836295864,31.229079439461906],[34.76345673788467,31.22727565583],[34.76135768387422,31.227268442185764]]]]}},{"type":"Feature","properties":{"X":34.76449877874962,"Y":31.228178478924576,"מספר_פוליגון":312,"גיל0_4":4.0,"גיל5_9":14.0,"גיל10_18":29.0,"גיל19_30":63.0,"גיל31_44":13.0,"גיל45_64":65.0,"גיל65_75":15.0,"גיל76פלוס":3.0,"Shape_Length":800.0000000018626,"Shape_Area":40000.000000186265},"geometry":{"type":"MultiPolygon","coordinates":[[[[34.76345673788467,31.22727565583],[34.76344836295864,31.229079439461906],[34.7655474575898,31.229086619356114],[34.76555579264893,31.22728283521635],[34.76345673788467,31.22727565583]]]]}},{"type":"Feature","properties":{"X":34.76659785377549,"Y":31.228185641370747,"מספר_פוליגון":313,"גיל0_4":11.0,"גיל5_9":13.0,"גיל10_18":25.0,"גיל19_30":57.0,"גיל31_44":29.0,"גיל45_64":55.0,"גיל65_75":15.0,"גיל76פלוס":5.0,"Shape_Length":799.9999999962747,"Shape_Area":39999.99999962747},"geometry":{"type":"MultiPolygon","coordinates":[[[[34.76555579264893,31.22728283521635],[34.7655474575898,31.229086619356114],[34.7676465529712,31.229093764989994],[34.76765484816337,31.227289980344764],[34.76555579264893,31.22728283521635]]]]}},{"type":"Feature","properties":{"X":34.76869692954981,"Y":31.22819276955776,"מספר_פוליגון":314,"גיל0_4":10.0,"גיל5_9":11.0,"גיל10_18":24.0,"גיל19_30":48.0,"גיל31_44":20.0,"גיל45_64":46.0,"גיל65_75":14.0,"גיל76פלוס":1.0,"Shape_Length":800.0000000018626,"Shape_Area":40000.000000186265},"geometry":{"type":"MultiPolygon","coordinates":[[[[34.76765484816337,31.227289980344764],[34.7676465529712,31.229093764989994],[34.769745649099335,31.229100876363454],[34.76975390442447,31.22729709121523],[34.76765484816337,31.227289980344764]]]]}},{"type":"Feature","properties":{"X":34.77079600606902,"Y":31.228199863485585,"מספר_פוליגון":315,"גיל0_4":5.0,"גיל5_9":16.0,"גיל10_18":17.0,"גיל19_30":30.0,"גיל31_44":17.0,"גיל45_64":28.0,"גיל65_75":8.0,"גיל76פלוס":1.0,"Shape_Length":799.9999999981374,"Shape_Area":39999.999999813735},"geometry":{"type":"MultiPolygon","coordinates":[[[[34.76975390442447,31.22729709121523],[34.769745649099335,31.229100876363454],[34.771844745970554,31.229107953476532],[34.771852961428614,31.227304167827672],[34.76975390442447,31.22729709121523]]]]}},{"type":"Feature","properties":{"X":34.77289508332951,"Y":31.228206923154172,"מספר_פוליגון":316,"גיל0_4":null,"גיל5_9":null,"גיל10_18":null,"גיל19_30":null,"גיל31_44":null,"גיל45_64":null,"גיל65_75":null,"גיל76פלוס":null,"Shape_Length":800.0000000018626,"Shape_Area":40000.000000186265},"geometry":{"type":"MultiPolygon","coordinates":[[[[34.771852961428614,31.227304167827672],[34.771844745970554,31.229107953476532],[34.77394384358132,31.229114996329102],[34.77395201917225,31.227311210182076],[34.771852961428614,31.227304167827672]]]]}},{"type":"Feature","properties":{"X":34.77499416132771,"Y":31.228213948563486,"מספר_פוליגון":317,"גיל0_4":null,"גיל5_9":null,"גיל10_18":null,"גיל19_30":null,"גיל31_44":null,"גיל45_64":null,"גיל65_75":null,"גיל76פלוס":null,"Shape_Length":799.9999999981374,"Shape_Area":39999.999999813735},"geometry":{"type":"MultiPolygon","coordinates":[[[[34.77395201917225,31.227311210182076],[34.77394384358132,31.229114996329102],[34.77604294192799,31.22912200492117],[34.77605107765173,31.22731821827838],[34.77395201917225,31.227311210182076]]]]}},{"type":"Feature","properties":{"X":34.77709324006003,"Y":31.22822093971347,"מספר_פוליגון":318,"גיל0_4":null,"גיל5_9":null,"גיל10_18":null,"גיל19_30":null,"גיל31_44":null,"גיל45_64":null,"גיל65_75":null,"גיל76פלוס":null,"Shape_Length":800.0000000018626,"Shape_Area":40000.000000186265},"geometry":{"type":"MultiPolygon","coordinates":[[[[34.77605107765173,31.22731821827838],[34.77604294192799,31.22912200492117],[34.77814204100707,31.229128979252682],[34.77815013686353,31.227325192116552],[34.77605107765173,31.22731821827838]]]]}},{"type":"Feature","properties":{"X":34.779192319522906,"Y":31.22822789660409,"מספר_פוליגון":319,"גיל0_4":14.0,"גיל5_9":19.0,"גיל10_18":19.0,"גיל19_30":20.0,"גיל31_44":28.0,"גיל45_64":35.0,"גיל65_75":17.0,"גיל76פלוס":10.0,"Shape_Length":800.0000000018626,"Shape_Area":40000.000000186265},"geometry":{"type":"MultiPolygon","coordinates":[[[[34.77815013686353,31.227325192116552],[34.77814204100707,31.229128979252682],[34.78024114081489,31.229135919323607],[34.78024919680406,31.227332131696542],[34.77815013686353,31.227325192116552]]]]}},{"type":"Feature","properties":{"X":34.78129139971271,"Y":31.228234819235304,"מספר_פוליגון":320,"גיל0_4":2.0,"גיל5_9":5.0,"גיל10_18":9.0,"גיל19_30":2.0,"גיל31_44":10.0,"גיל45_64":10.0,"גיל65_75":3.0,"גיל76פלוס":null,"Shape_Length":799.9999999962747,"Shape_Area":39999.99999962747},"geometry":{"type":"MultiPolygon","coordinates":[[[[34.78024919680406,31.227332131696542],[34.78024114081489,31.229135919323607],[34.78234024134787,31.229142825133874],[34.78234825746967,31.22733903701832],[34.78024919680406,31.227332131696542]]]]}},{"type":"Feature","properties":{"X":34.78339048062587,"Y":31.22824170760708,"מספר_פוליגון":321,"גיל0_4":1.0,"גיל5_9":4.0,"גיל10_18":10.0,"גיל19_30":6.0,"גיל31_44":7.0,"גיל45_64":9.0,"גיל65_75":1.0,"גיל76פלוס":1.0,"Shape_Length":800.0000000018626,"Shape_Area":40000.000000186265},"geometry":{"type":"MultiPolygon","coordinates":[[[[34.78234825746967,31.22733903701832],[34.78234024134787,31.229142825133874],[34.7844393426025,31.22914969668347],[34.78444731885686,31.227345908081823],[34.78234825746967,31.22733903701832]]]]}},{"type":"Feature","properties":{"X":34.785489562258824,"Y":31.22824856171937,"מספר_פוליגון":322,"גיל0_4":3.0,"גיל5_9":17.0,"גיל10_18":24.0,"גיל19_30":28.0,"גיל31_44":17.0,"גיל45_64":44.0,"גיל65_75":10.0,"גיל76פלוס":1.0,"Shape_Length":799.9999999981374,"Shape_Area":39999.999999813735},"geometry":{"type":"MultiPolygon","coordinates":[[[[34.78444731885686,31.227345908081823],[34.7844393426025,31.22914969668347],[34.78653844457511,31.229156533972347],[34.786546380962,31.22735274488705],[34.78444731885686,31.227345908081823]]]]}},{"type":"Feature","properties":{"X":34.787588644607986,"Y":31.228255381572122,"מספר_פוליגון":323,"גיל0_4":14.0,"גיל5_9":18.0,"גיל10_18":23.0,"גיל19_30":38.0,"גיל31_44":30.0,"גיל45_64":43.0,"גיל65_75":19.0,"גיל76פלוס":8.0,"Shape_Length":800.0000000018626,"Shape_Area":40000.000000186265},"geometry":{"type":"MultiPolygon","coordinates":[[[[34.786546380962,31.22735274488705],[34.78653844457511,31.229156533972347],[34.78863754726217,31.229163337000468],[34.788645443781526,31.227359547433917],[34.786546380962,31.22735274488705]]]]}},{"type":"Feature","properties":{"X":34.78968772766975,"Y":31.22826216716531,"מספר_פוליגון":324,"גיל0_4":7.0,"גיל5_9":25.0,"גיל10_18":25.0,"גיל19_30":23.0,"גיל31_44":35.0,"גיל45_64":35.0,"גיל65_75":12.0,"גיל76פלוס":14.0,"Shape_Length":799.9999999981374,"Shape_Area":39999.999999813735},"geometry":{"type":"MultiPolygon","coordinates":[[[[34.788645443781526,31.227359547433917],[34.78863754726217,31.229163337000468],[34.790736650660065,31.229170105767786],[34.79074450731183,31.2273663157224],[34.788645443781526,31.227359547433917]]]]}},{"type":"Feature","properties":{"X":34.79178681144056,"Y":31.228268918498884,"מספר_פוליגון":325,"גיל0_4":5.0,"גיל5_9":18.0,"גיל10_18":26.0,"גיל19_30":24.0,"גיל31_44":35.0,"גיל45_64":41.0,"גיל65_75":16.0,"גיל76פלוס":11.0,"Shape_Length":800.0000000018626,"Shape_Area":40000.000000186265},"geometry":{"type":"MultiPolygon","coordinates":[[[[34.79074450731183,31.2273663157224],[34.790736650660065,31.229170105767786],[34.79283575476524,31.22917684027425],[34.792843571549355,31.227373049752472],[34.79074450731183,31.2273663157224]]]]}},{"type":"Feature","properties":{"X":34.79388589591681,"Y":31.228275635572817,"מספר_פוליגון":326,"גיל0_4":12.0,"גיל5_9":28.0,"גיל10_18":49.0,"גיל19_30":41.0,"גיל31_44":40.0,"גיל45_64":68.0,"גיל65_75":21.0,"גיל76פלוס":5.0,"Shape_Length":800.0000000018626,"Shape_Area":40000.000000186265},"geometry":{"type":"MultiPolygon","coordinates":[[[[34.792843571549355,31.227373049752472],[34.79283575476524,31.22917684027425],[34.794934859574106,31.229183540519827],[34.79494263649051,31.22737974952408],[34.792843571549355,31.227373049752472]]]]}},{"type":"Feature","properties":{"X":34.79598498109492,"Y":31.22828231838706,"מספר_פוליגון":327,"גיל0_4":12.0,"גיל5_9":30.0,"גיל10_18":28.0,"גיל19_30":24.0,"גיל31_44":51.0,"גיל45_64":31.0,"גיל65_75":19.0,"גיל76פלוס":11.0,"Shape_Length":799.9999999962747,"Shape_Area":39999.99999962747},"geometry":{"type":"MultiPolygon","coordinates":[[[[34.79494263649051,31.22737974952408],[34.794934859574106,31.229183540519827],[34.79703396508303,31.229190206504498],[34.797041702131665,31.227386415037188],[34.79494263649051,31.22737974952408]]]]}},{"type":"Feature","properties":{"X":34.79808406697128,"Y":31.228288966941562,"מספר_פוליגון":328,"גיל0_4":null,"גיל5_9":null,"גיל10_18":null,"גיל19_30":null,"גיל31_44":null,"גיל45_64":null,"גיל65_75":null,"גיל76פלוס":null,"Shape_Length":800.0000000018626,"Shape_Area":40000.000000186265},"geometry":{"type":"MultiPolygon","coordinates":[[[[34.797041702131665,31.227386415037188],[34.79703396508303,31.229190206504498],[34.79913307128849,31.2291968382282],[34.79914076846931,31.227393046291727],[34.797041702131665,31.227386415037188]]]]}},{"type":"Feature","properties":{"X":34.800183153542356,"Y":31.228295581236303,"מספר_פוליגון":329,"גיל0_4":null,"גיל5_9":null,"גיל10_18":null,"גיל19_30":null,"גיל31_44":null,"גיל45_64":null,"גיל65_75":null,"גיל76פלוס":null,"Shape_Length":799.9999999981374,"Shape_Area":39999.999999813735},"geometry":{"type":"MultiPolygon","coordinates":[[[[34.79914076846931,31.227393046291727],[34.79913307128849,31.2291968382282],[34.80123217818684,31.229203435690884],[34.8012398354998,31.227399643287704],[34.79914076846931,31.227393046291727]]]]}},{"type":"Feature","properties":{"X":34.80228224080454,"Y":31.228302161271237,"מספר_פוליגון":330,"גיל0_4":null,"גיל5_9":null,"גיל10_18":null,"גיל19_30":null,"גיל31_44":null,"גיל45_64":null,"גיל65_75":null,"גיל76פלוס":null,"Shape_Length":800.0000000018626,"Shape_Area":40000.000000186265},"geometry":{"type":"MultiPolygon","coordinates":[[[[34.8012398354998,31.227399643287704],[34.80123217818684,31.229203435690884],[34.80333128577456,31.229209998892536],[34.803338903219604,31.227406206025055],[34.8012398354998,31.227399643287704]]]]}},{"type":"Feature","properties":{"X":34.80438132875424,"Y":31.228308707046313,"מספר_פוליגון":331,"גיל0_4":null,"גיל5_9":null,"גיל10_18":null,"גיל19_30":null,"גיל31_44":null,"גיל45_64":null,"גיל65_75":null,"גיל76פלוס":null,"Shape_Length":799.9999999981374,"Shape_Area":39999.999999813735},"geometry":{"type":"MultiPolygon","coordinates":[[[[34.803338903219604,31.227406206025055],[34.80333128577456,31.229209998892536],[34.80543039404804,31.229216527833113],[34.80543797162509,31.227412734503748],[34.803338903219604,31.227406206025055]]]]}},{"type":"Feature","properties":{"X":34.806480417387874,"Y":31.228315218561498,"מספר_פוליגון":332,"גיל0_4":null,"גיל5_9":null,"גיל10_18":null,"גיל19_30":null,"גיל31_44":null,"גיל45_64":null,"גיל65_75":1.0,"גיל76פלוס":null,"Shape_Length":800.0000000018626,"Shape_Area":40000.000000186265},"geometry":{"type":"MultiPolygon","coordinates":[[[[34.80543797162509,31.227412734503748],[34.80543039404804,31.229216527833113],[34.807529503003686,31.229223022512574],[34.80753704071272,31.227419228723747],[34.80543797162509,31.227412734503748]]]]}},{"type":"Feature","properties":{"X":34.808579506701875,"Y":31.228321695816767,"מספר_פוליגון":333,"גיל0_4":null,"גיל5_9":null,"גיל10_18":null,"גיל19_30":null,"גיל31_44":null,"גיל45_64":null,"גיל65_75":null,"גיל76פלוס":null,"Shape_Length":800.0000000018626,"Shape_Area":40000.000000186265},"geometry":{"type":"MultiPolygon","coordinates":[[[[34.80753704071272,31.227419228723747],[34.807529503003686,31.229223022512574],[34.80962861263791,31.229229482930844],[34.809636110478856,31.227425688684978],[34.80753704071272,31.227419228723747]]]]}},{"type":"Feature","properties":{"X":34.81067859669264,"Y":31.22832813881207,"מספר_פוליגון":334,"גיל0_4":null,"גיל5_9":null,"גיל10_18":null,"גיל19_30":null,"גיל31_44":null,"גיל45_64":null,"גיל65_75":null,"גיל76פלוס":null,"Shape_Length":799.9999999962747,"Shape_Area":39999.99999962747},"geometry":{"type":"MultiPolygon","coordinates":[[[[34.809636110478856,31.227425688684978],[34.80962861263791,31.229229482930844],[34.811727722947126,31.229235909087958],[34.81173518091993,31.227432114387454],[34.809636110478856,31.227425688684978]]]]}},{"type":"Feature","properties":{"X":34.81277768735657,"Y":31.228334547547362,"מספר_פוליגון":335,"גיל0_4":null,"גיל5_9":null,"גיל10_18":null,"גיל19_30":null,"גיל31_44":null,"גיל45_64":null,"גיל65_75":null,"גיל76פלוס":null,"Shape_Length":800.0000000018626,"Shape_Area":40000.000000186265},"geometry":{"type":"MultiPolygon","coordinates":[[[[34.81173518091993,31.227432114387454],[34.811727722947126,31.229235909087958],[34.81382683392778,31.229242300983806],[34.81383425203239,31.22743850583111],[34.81173518091993,31.227432114387454]]]]}},{"type":"Feature","properties":{"X":34.81487677869011,"Y":31.228340922022614,"מספר_פוליגון":336,"גיל0_4":41.0,"גיל5_9":47.0,"גיל10_18":12.0,"גיל19_30":25.0,"גיל31_44":80.0,"גיל45_64":23.0,"גיל65_75":7.0,"גיל76פלוס":2.0,"Shape_Length":799.9999999981374,"Shape_Area":39999.999999813735},"geometry":{"type":"MultiPolygon","coordinates":[[[[34.81383425203239,31.22743850583111],[34.81382683392778,31.229242300983806],[34.81592594557625,31.229248658618392],[34.81593332381262,31.227444863015904],[34.81383425203239,31.22743850583111]]]]}},{"type":"Feature","properties":{"X":34.816975870689674,"Y":31.22834726223779,"מספר_פוליגון":337,"גיל0_4":49.0,"גיל5_9":52.0,"גיל10_18":19.0,"גיל19_30":52.0,"גיל31_44":84.0,"גיל45_64":36.0,"גיל65_75":3.0,"גיל76פלוס":1.0,"Shape_Length":800.0000000018626,"Shape_Area":40000.000000186265},"geometry":{"type":"MultiPolygon","coordinates":[[[[34.81593332381262,31.227444863015904],[34.81592594557625,31.229248658618392],[34.818025057888974,31.229254981991645],[34.81803239625705,31.227451185941817],[34.81593332381262,31.227444863015904]]]]}},{"type":"Feature","properties":{"X":34.81907496335166,"Y":31.22835356819284,"מספר_פוליגון":338,"גיל0_4":38.0,"גיל5_9":32.0,"גיל10_18":11.0,"גיל19_30":17.0,"גיל31_44":61.0,"גיל45_64":6.0,"גיל65_75":2.0,"גיל76פלוס":null,"Shape_Length":799.9999999962747,"Shape_Area":39999.99999962747},"geometry":{"type":"MultiPolygon","coordinates":[[[[34.81803239625705,31.227451185941817],[34.818025057888974,31.229254981991645],[34.82012417086235,31.229261271103574],[34.820131469362074,31.227457474608794],[34.81803239625705,31.227451185941817]]]]}},{"type":"Feature","properties":{"X":34.8211740566725,"Y":31.228359839887737,"מספר_פוליגון":339,"גיל0_4":74.0,"גיל5_9":98.0,"גיל10_18":37.0,"גיל19_30":58.0,"גיל31_44":168.0,"גיל45_64":51.0,"גיל65_75":6.0,"גיל76פלוס":2.0,"Shape_Length":800.0000000018626,"Shape_Area":40000.000000186265},"geometry":{"type":"MultiPolygon","coordinates":[[[[34.820131469362074,31.227457474608794],[34.82012417086235,31.229261271103574],[34.822223284492836,31.229267525954103],[34.82223054312415,31.2274637290168],[34.820131469362074,31.227457474608794]]]]}},{"type":"Feature","properties":{"X":34.82327315064861,"Y":31.22836607732244,"מספר_פוליגון":340,"גיל0_4":49.0,"גיל5_9":73.0,"גיל10_18":32.0,"גיל19_30":40.0,"גיל31_44":92.0,"גיל45_64":35.0,"גיל65_75":6.0,"גיל76פלוס":2.0,"Shape_Length":800.0000000037253,"Shape_Area":40000.00000037253},"geometry":{"type":"MultiPolygon","coordinates":[[[[34.82223054312415,31.2274637290168],[34.822223284492836,31.229267525954103],[34.8243223987768,31.229273746543203],[34.82432961753968,31.227469949165798],[34.82223054312415,31.2274637290168]]]]}},{"type":"Feature","properties":{"X":34.825372245276384,"Y":31.22837228049691,"מספר_פוליגון":341,"גיל0_4":2.0,"גיל5_9":5.0,"גיל10_18":1.0,"גיל19_30":1.0,"גיל31_44":6.0,"גיל45_64":1.0,"גיל65_75":null,"גיל76פלוס":null,"Shape_Length":799.9999999962747,"Shape_Area":39999.99999962747},"geometry":{"type":"MultiPolygon","coordinates":[[[[34.82432961753968,31.227469949165798],[34.8243223987768,31.229273746543203],[34.82642151371064,31.22927993287084],[34.82642869260503,31.22747613505576],[34.82432961753968,31.227469949165798]]]]}},{"type":"Feature","properties":{"X":34.82747134055225,"Y":31.22837844941111,"מספר_פוליגון":342,"גיל0_4":null,"גיל5_9":null,"גיל10_18":null,"גיל19_30":null,"גיל31_44":null,"גיל45_64":null,"גיל65_75":null,"גיל76פלוס":null,"Shape_Length":800.0000000018626,"Shape_Area":40000.000000186265},"geometry":{"type":"MultiPolygon","coordinates":[[[[34.82642869260503,31.22747613505576],[34.82642151371064,31.22927993287084],[34.82852062929084,31.22928608493698],[34.82852776831668,31.227482286686634],[34.82642869260503,31.22747613505576]]]]}},{"type":"Feature","properties":{"X":34.74979664045362,"Y":31.229931162577316,"מספר_פוליגון":343,"גיל0_4":null,"גיל5_9":null,"גיל10_18":null,"גיל19_30":null,"גיל31_44":null,"גיל45_64":null,"גיל65_75":null,"גיל76פלוס":null,"Shape_Length":800.0,"Shape_Area":40000.0},"geometry":{"type":"MultiPolygon","coordinates":[[[[34.74875472184948,31.229028220916458],[34.74874606707783,31.230832000416918],[34.75084519622673,31.230839420657155],[34.750853811128295,31.229035640631857],[34.74875472184948,31.229028220916458]]]]}},{"type":"Feature","properties":{"X":34.75189575000822,"Y":31.22993856535993,"מספר_פוליגון":344,"גיל0_4":null,"גיל5_9":null,"גיל10_18":null,"גיל19_30":null,"גיל31_44":null,"גיל45_64":null,"גיל65_75":null,"גיל76פלוס":null,"Shape_Length":800.0000000055879,"Shape_Area":40000.00000055879},"geometry":{"type":"MultiPolygon","coordinates":[[[[34.750853811128295,31.229035640631857],[34.75084519622673,31.230839420657155],[34.752944326151066,31.230846806634904],[34.75295290118251,31.229043026087226],[34.750853811128295,31.229035640631857]]]]}},{"type":"Feature","properties":{"X":34.753994860336434,"Y":31.229945933881286,"מספר_פוליגון":345,"גיל0_4":null,"גיל5_9":null,"גיל10_18":null,"גיל19_30":null,"גיל31_44":null,"גיל45_64":null,"גיל65_75":null,"גיל76פלוס":null,"Shape_Length":800.0000000055879,"Shape_Area":40000.00000055879},"geometry":{"type":"MultiPolygon","coordinates":[[[[34.75295290118251,31.229043026087226],[34.752944326151066,31.230846806634904],[34.75504345684726,31.230854158350166],[34.75505199200851,31.229050377282498],[34.75295290118251,31.229043026087226]]]]}},{"type":"Feature","properties":{"X":34.75609397143469,"Y":31.22995326814133,"מספר_פוליגון":346,"גיל0_4":null,"גיל5_9":null,"גיל10_18":null,"גיל19_30":null,"גיל31_44":null,"גיל45_64":null,"גיל65_75":null,"גיל76פלוס":null,"Shape_Length":800.0000000018626,"Shape_Area":40000.000000186265},"geometry":{"type":"MultiPolygon","coordinates":[[[[34.75505199200851,31.229050377282498],[34.75504345684726,31.230854158350166],[34.757142588311694,31.23086147580289],[34.757151083602686,31.229057694217644],[34.75505199200851,31.229050377282498]]]]}},{"type":"Feature","properties":{"X":34.75819308329937,"Y":31.229960568140015,"מספר_פוליגון":347,"גיל0_4":null,"גיל5_9":null,"גיל10_18":null,"גיל19_30":null,"גיל31_44":null,"גיל45_64":null,"גיל65_75":null,"גיל76פלוס":null,"Shape_Length":800.0000000055879,"Shape_Area":40000.00000055879},"geometry":{"type":"MultiPolygon","coordinates":[[[[34.757151083602686,31.229057694217644],[34.757142588311694,31.23086147580289],[34.759241720540814,31.230868758993008],[34.759250175961505,31.22906497689263],[34.757151083602686,31.229057694217644]]]]}},{"type":"Feature","properties":{"X":34.76029219592691,"Y":31.229967833877303,"מספר_פוליגון":348,"גיל0_4":null,"גיל5_9":1.0,"גיל10_18":2.0,"גיל19_30":2.0,"גיל31_44":2.0,"גיל45_64":2.0,"גיל65_75":null,"גיל76פלוס":null,"Shape_Length":800.0000000018626,"Shape_Area":40000.000000186265},"geometry":{"type":"MultiPolygon","coordinates":[[[[34.759250175961505,31.22906497689263],[34.759241720540814,31.230868758993008],[34.76134085353102,31.230876007920504],[34.76134926908135,31.22907222530741],[34.759250175961505,31.22906497689263]]]]}},{"type":"Feature","properties":{"X":34.76239130931371,"Y":31.22997506535315,"מספר_פוליגון":349,"גיל0_4":2.0,"גיל5_9":6.0,"גיל10_18":4.0,"גיל19_30":12.0,"גיל31_44":7.0,"גיל45_64":9.0,"גיל65_75":null,"גיל76פלוס":null,"Shape_Length":800.0000000055879,"Shape_Area":40000.00000055879},"geometry":{"type":"MultiPolygon","coordinates":[[[[34.76134926908135,31.22907222530741],[34.76134085353102,31.230876007920504],[34.763439987278744,31.23088322258531],[34.76344836295864,31.229079439461906],[34.76134926908135,31.22907222530741]]]]}},{"type":"Feature","properties":{"X":34.764490423456216,"Y":31.229982262567507,"מספר_פוליגון":350,"גיל0_4":4.0,"גיל5_9":14.0,"גיל10_18":32.0,"גיל19_30":41.0,"גיל31_44":13.0,"גיל45_64":59.0,"גיל65_75":7.0,"גיל76פלוס":4.0,"Shape_Length":800.0000000055879,"Shape_Area":40000.00000055879},"geometry":{"type":"MultiPolygon","coordinates":[[[[34.76344836295864,31.229079439461906],[34.763439987278744,31.23088322258531],[34.76553912178039,31.230890402987402],[34.7655474575898,31.229086619356114],[34.76344836295864,31.229079439461906]]]]}},{"type":"Feature","properties":{"X":34.76658953835081,"Y":31.229989425520344,"מספר_פוליגון":351,"גיל0_4":4.0,"גיל5_9":7.0,"גיל10_18":26.0,"גיל19_30":66.0,"גיל31_44":12.0,"גיל45_64":74.0,"גיל65_75":14.0,"גיל76פלוס":4.0,"Shape_Length":800.0,"Shape_Area":40000.0},"geometry":{"type":"MultiPolygon","coordinates":[[[[34.7655474575898,31.229086619356114],[34.76553912178039,31.230890402987402],[34.76763825703234,31.23089754912673],[34.7676465529712,31.229093764989994],[34.7655474575898,31.229086619356114]]]]}},{"type":"Feature","properties":{"X":34.768688653993905,"Y":31.229996554211606,"מספר_פוליגון":352,"גיל0_4":11.0,"גיל5_9":22.0,"גיל10_18":66.0,"גיל19_30":65.0,"גיל31_44":24.0,"גיל45_64":94.0,"גיל65_75":7.0,"גיל76פלוס":2.0,"Shape_Length":800.0000000055879,"Shape_Area":40000.00000055879},"geometry":{"type":"MultiPolygon","coordinates":[[[[34.7676465529712,31.229093764989994],[34.76763825703234,31.23089754912673],[34.76973739303108,31.230904661003244],[34.769745649099335,31.229100876363454],[34.7676465529712,31.229093764989994]]]]}},{"type":"Feature","properties":{"X":34.77078777038195,"Y":31.230003648641254,"מספר_פוליגון":353,"גיל0_4":3.0,"גיל5_9":11.0,"גיל10_18":47.0,"גיל19_30":64.0,"גיל31_44":26.0,"גיל45_64":77.0,"גיל65_75":20.0,"גיל76פלוס":3.0,"Shape_Length":800.0000000018626,"Shape_Area":40000.000000186265},"geometry":{"type":"MultiPolygon","coordinates":[[[[34.769745649099335,31.229100876363454],[34.76973739303108,31.230904661003244],[34.77183652977297,31.230911738616918],[34.771844745970554,31.229107953476532],[34.769745649099335,31.229100876363454]]]]}},{"type":"Feature","properties":{"X":34.77288688751134,"Y":31.230010708809242,"מספר_פוליגון":354,"גיל0_4":null,"גיל5_9":2.0,"גיל10_18":3.0,"גיל19_30":15.0,"גיל31_44":5.0,"גיל45_64":21.0,"גיל65_75":7.0,"גיל76פלוס":1.0,"Shape_Length":800.0000000055879,"Shape_Area":40000.00000055879},"geometry":{"type":"MultiPolygon","coordinates":[[[[34.771844745970554,31.229107953476532],[34.77183652977297,31.230911738616918],[34.773935667254456,31.230918781967702],[34.77394384358132,31.229114996329102],[34.771844745970554,31.229107953476532]]]]}},{"type":"Feature","properties":{"X":34.7749860053785,"Y":31.23001773471553,"מספר_פוליגון":355,"גיל0_4":null,"גיל5_9":null,"גיל10_18":null,"גיל19_30":null,"גיל31_44":null,"גיל45_64":null,"גיל65_75":null,"גיל76פלוס":null,"Shape_Length":800.0000000018626,"Shape_Area":40000.000000186265},"geometry":{"type":"MultiPolygon","coordinates":[[[[34.77394384358132,31.229114996329102],[34.773935667254456,31.230918781967702],[34.776034805471916,31.230925791055554],[34.77604294192799,31.22912200492117],[34.77394384358132,31.229114996329102]]]]}},{"type":"Feature","properties":{"X":34.77708512397984,"Y":31.230024726360085,"מספר_פוליגון":356,"גיל0_4":5.0,"גיל5_9":10.0,"גיל10_18":9.0,"גיל19_30":21.0,"גיל31_44":13.0,"גיל45_64":25.0,"גיל65_75":5.0,"גיל76פלוס":2.0,"Shape_Length":800.0000000055879,"Shape_Area":40000.00000055879},"geometry":{"type":"MultiPolygon","coordinates":[[[[34.77604294192799,31.22912200492117],[34.776034805471916,31.230925791055554],[34.77813394442181,31.230932765880418],[34.77814204100707,31.229128979252682],[34.77604294192799,31.22912200492117]]]]}},{"type":"Feature","properties":{"X":34.779184243311775,"Y":31.230031683742844,"מספר_פוליגון":357,"גיל0_4":8.0,"גיל5_9":17.0,"גיל10_18":12.0,"גיל19_30":29.0,"גיל31_44":26.0,"גיל45_64":41.0,"גיל65_75":27.0,"גיל76פלוס":17.0,"Shape_Length":800.0000000055879,"Shape_Area":40000.00000055879},"geometry":{"type":"MultiPolygon","coordinates":[[[[34.77814204100707,31.229128979252682],[34.77813394442181,31.230932765880418],[34.780233084100544,31.23093970644229],[34.78024114081489,31.229135919323607],[34.77814204100707,31.229128979252682]]]]}},{"type":"Feature","properties":{"X":34.781283363370704,"Y":31.23003860686379,"מספר_פוליגון":358,"גיל0_4":10.0,"גיל5_9":15.0,"גיל10_18":25.0,"גיל19_30":34.0,"גיל31_44":26.0,"גיל45_64":43.0,"גיל65_75":26.0,"גיל76פלוס":12.0,"Shape_Length":800.0,"Shape_Area":40000.0},"geometry":{"type":"MultiPolygon","coordinates":[[[[34.78024114081489,31.229135919323607],[34.780233084100544,31.23093970644229],[34.78233222450448,31.23094661274107],[34.78234024134787,31.229142825133874],[34.78024114081489,31.229135919323607]]]]}},{"type":"Feature","properties":{"X":34.78338248415305,"Y":31.230045495722873,"מספר_פוליגון":359,"גיל0_4":10.0,"גיל5_9":19.0,"גיל10_18":33.0,"גיל19_30":48.0,"גיל31_44":43.0,"גיל45_64":64.0,"גיל65_75":32.0,"גיל76פלוס":9.0,"Shape_Length":800.0000000055879,"Shape_Area":40000.00000055879},"geometry":{"type":"MultiPolygon","coordinates":[[[[34.78234024134787,31.229142825133874],[34.78233222450448,31.23094661274107],[34.78443136563011,31.230953484776773],[34.7844393426025,31.22914969668347],[34.78234024134787,31.229142825133874]]]]}},{"type":"Feature","properties":{"X":34.78548160565526,"Y":31.23005235032004,"מספר_פוליגון":360,"גיל0_4":21.0,"גיל5_9":44.0,"גיל10_18":56.0,"גיל19_30":86.0,"גיל31_44":76.0,"גיל45_64":116.0,"גיל65_75":51.0,"גיל76פלוס":24.0,"Shape_Length":800.0000000018626,"Shape_Area":40000.000000186265},"geometry":{"type":"MultiPolygon","coordinates":[[[[34.7844393426025,31.22914969668347],[34.78443136563011,31.230953484776773],[34.786530507473785,31.230960322549322],[34.78653844457511,31.229156533972347],[34.7844393426025,31.22914969668347]]]]}},{"type":"Feature","properties":{"X":34.7875807278737,"Y":31.23005917065526,"מספר_פוליגון":361,"גיל0_4":6.0,"גיל5_9":15.0,"גיל10_18":19.0,"גיל19_30":34.0,"גיל31_44":29.0,"גיל45_64":40.0,"גיל65_75":18.0,"גיל76פלוס":21.0,"Shape_Length":800.0000000055879,"Shape_Area":40000.00000055879},"geometry":{"type":"MultiPolygon","coordinates":[[[[34.78653844457511,31.229156533972347],[34.786530507473785,31.230960322549322],[34.78862965003198,31.230967126058694],[34.78863754726217,31.229163337000468],[34.78653844457511,31.229156533972347]]]]}},{"type":"Feature","properties":{"X":34.78967985080482,"Y":31.230065956728488,"מספר_פוליגון":362,"גיל0_4":5.0,"גיל5_9":11.0,"גיל10_18":11.0,"גיל19_30":20.0,"גיל31_44":19.0,"גיל45_64":28.0,"גיל65_75":10.0,"גיל76פלוס":2.0,"Shape_Length":800.0000000018626,"Shape_Area":40000.000000186265},"geometry":{"type":"MultiPolygon","coordinates":[[[[34.78863754726217,31.229163337000468],[34.78862965003198,31.230967126058694],[34.79072879330104,31.23097389530485],[34.790736650660065,31.229170105767786],[34.78863754726217,31.229163337000468]]]]}},{"type":"Feature","properties":{"X":34.791778974445045,"Y":31.230072708539694,"מספר_פוליגון":363,"גיל0_4":4.0,"גיל5_9":17.0,"גיל10_18":15.0,"גיל19_30":24.0,"גיל31_44":22.0,"גיל45_64":21.0,"גיל65_75":14.0,"גיל76פלוס":12.0,"Shape_Length":800.0000000055879,"Shape_Area":40000.00000055879},"geometry":{"type":"MultiPolygon","coordinates":[[[[34.790736650660065,31.229170105767786],[34.79072879330104,31.23097389530485],[34.792827937277465,31.230980630287753],[34.79283575476524,31.22917684027425],[34.790736650660065,31.229170105767786]]]]}},{"type":"Feature","properties":{"X":34.793878098790756,"Y":31.230079426088825,"מספר_פוליגון":364,"גיל0_4":12.0,"גיל5_9":29.0,"גיל10_18":28.0,"גיל19_30":32.0,"גיל31_44":36.0,"גיל45_64":40.0,"גיל65_75":14.0,"גיל76פלוס":13.0,"Shape_Length":800.0000000055879,"Shape_Area":40000.00000055879},"geometry":{"type":"MultiPolygon","coordinates":[[[[34.79283575476524,31.22917684027425],[34.792827937277465,31.230980630287753],[34.7949270819576,31.230987331007324],[34.794934859574106,31.229183540519827],[34.79283575476524,31.22917684027425]]]]}},{"type":"Feature","properties":{"X":34.79597722383838,"Y":31.230086109375844,"מספר_פוליגון":365,"גיל0_4":7.0,"גיל5_9":13.0,"גיל10_18":17.0,"גיל19_30":23.0,"גיל31_44":26.0,"גיל45_64":43.0,"גיל65_75":24.0,"גיל76פלוס":13.0,"Shape_Length":800.0,"Shape_Area":40000.0},"geometry":{"type":"MultiPolygon","coordinates":[[[[34.794934859574106,31.229183540519827],[34.7949270819576,31.230987331007324],[34.79702622733787,31.23099399746356],[34.79703396508303,31.229190206504498],[34.794934859574106,31.229183540519827]]]]}},{"type":"Feature","properties":{"X":34.79807634958432,"Y":31.23009275840072,"מספר_פוליגון":366,"גיל0_4":3.0,"גיל5_9":7.0,"גיל10_18":2.0,"גיל19_30":2.0,"גיל31_44":9.0,"גיל45_64":4.0,"גיל65_75":3.0,"גיל76פלוס":null,"Shape_Length":800.0000000055879,"Shape_Area":40000.00000055879},"geometry":{"type":"MultiPolygon","coordinates":[[[[34.79703396508303,31.229190206504498],[34.79702622733787,31.23099399746356],[34.799125373414725,31.23100062965642],[34.79913307128849,31.2291968382282],[34.79703396508303,31.229190206504498]]]]}},{"type":"Feature","properties":{"X":34.800175476025025,"Y":31.230099373163405,"מספר_פוליגון":367,"גיל0_4":12.0,"גיל5_9":11.0,"גיל10_18":11.0,"גיל19_30":28.0,"גיל31_44":26.0,"גיל45_64":27.0,"גיל65_75":10.0,"גיל76פלוס":4.0,"Shape_Length":800.0000000018626,"Shape_Area":40000.000000186265},"geometry":{"type":"MultiPolygon","coordinates":[[[[34.79913307128849,31.2291968382282],[34.799125373414725,31.23100062965642],[34.801224520184554,31.23100722758586],[34.80123217818684,31.229203435690884],[34.79913307128849,31.2291968382282]]]]}},{"type":"Feature","properties":{"X":34.80227460315688,"Y":31.230105953663855,"מספר_פוליגון":368,"גיל0_4":null,"גיל5_9":null,"גיל10_18":null,"גיל19_30":null,"גיל31_44":null,"גיל45_64":null,"גיל65_75":null,"גיל76פלוס":null,"Shape_Length":800.0000000055879,"Shape_Area":40000.00000055879},"geometry":{"type":"MultiPolygon","coordinates":[[[[34.80123217818684,31.229203435690884],[34.801224520184554,31.23100722758586],[34.80332366764378,31.23101379125183],[34.80333128577456,31.229209998892536],[34.80123217818684,31.229203435690884]]]]}},{"type":"Feature","properties":{"X":34.80437373097633,"Y":31.230112499902038,"מספר_פוליגון":369,"גיל0_4":null,"גיל5_9":null,"גיל10_18":null,"גיל19_30":null,"גיל31_44":null,"גיל45_64":null,"גיל65_75":null,"גיל76פלוס":null,"Shape_Length":800.0000000018626,"Shape_Area":40000.000000186265},"geometry":{"type":"MultiPolygon","coordinates":[[[[34.80333128577456,31.229209998892536],[34.80332366764378,31.23101379125183],[34.805422815788795,31.231020320654316],[34.80543039404804,31.229216527833113],[34.80333128577456,31.229209998892536]]]]}},{"type":"Feature","properties":{"X":34.806472859479754,"Y":31.230119011877914,"מספר_פוליגון":370,"גיל0_4":null,"גיל5_9":null,"גיל10_18":null,"גיל19_30":null,"גיל31_44":null,"גיל45_64":null,"גיל65_75":null,"גיל76פלוס":null,"Shape_Length":800.0000000055879,"Shape_Area":40000.00000055879},"geometry":{"type":"MultiPolygon","coordinates":[[[[34.80543039404804,31.229216527833113],[34.805422815788795,31.231020320654316],[34.807521964616065,31.231026815793246],[34.807529503003686,31.229223022512574],[34.80543039404804,31.229216527833113]]]]}},{"type":"Feature","properties":{"X":34.8085719886636,"Y":31.23012548959144,"מספר_פוליגון":371,"גיל0_4":null,"גיל5_9":null,"גיל10_18":null,"גיל19_30":null,"גיל31_44":null,"גיל45_64":null,"גיל65_75":null,"גיל76פלוס":null,"Shape_Length":800.0000000055879,"Shape_Area":40000.00000055879},"geometry":{"type":"MultiPolygon","coordinates":[[[[34.807529503003686,31.229223022512574],[34.807521964616065,31.231026815793246],[34.809621114121974,31.231033276668594],[34.80962861263791,31.229229482930844],[34.807529503003686,31.229223022512574]]]]}},{"type":"Feature","properties":{"X":34.810671118524255,"Y":31.23013193304259,"מספר_פוליגון":372,"גיל0_4":null,"גיל5_9":null,"גיל10_18":null,"גיל19_30":null,"גיל31_44":null,"גיל45_64":null,"גיל65_75":null,"גיל76פלוס":null,"Shape_Length":800.0,"Shape_Area":40000.0},"geometry":{"type":"MultiPolygon","coordinates":[[[[34.80962861263791,31.229229482930844],[34.809621114121974,31.231033276668594],[34.811720264302906,31.23103970328033],[34.811727722947126,31.229235909087958],[34.80962861263791,31.229229482930844]]]]}},{"type":"Feature","properties":{"X":34.81277024905815,"Y":31.2301383422313,"מספר_פוליגון":373,"גיל0_4":null,"גיל5_9":null,"גיל10_18":null,"גיל19_30":null,"גיל31_44":null,"גיל45_64":null,"גיל65_75":null,"גיל76פלוס":null,"Shape_Length":800.0000000055879,"Shape_Area":40000.00000055879},"geometry":{"type":"MultiPolygon","coordinates":[[[[34.811727722947126,31.229235909087958],[34.811720264302906,31.23103970328033],[34.81381941515532,31.2310460956284],[34.81382683392778,31.229242300983806],[34.811727722947126,31.229235909087958]]]]}},{"type":"Feature","properties":{"X":34.8148693802617,"Y":31.23014471715756,"מספר_פוליגון":374,"גיל0_4":1.0,"גיל5_9":2.0,"גיל10_18":1.0,"גיל19_30":2.0,"גיל31_44":2.0,"גיל45_64":2.0,"גיל65_75":null,"גיל76פלוס":null,"Shape_Length":800.0000000018626,"Shape_Area":40000.000000186265},"geometry":{"type":"MultiPolygon","coordinates":[[[[34.81382683392778,31.229242300983806],[34.81381941515532,31.2310460956284],[34.81591856667562,31.23105245371278],[34.81592594557625,31.229248658618392],[34.81382683392778,31.229242300983806]]]]}},{"type":"Feature","properties":{"X":34.81696851213131,"Y":31.230151057821313,"מספר_פוליגון":375,"גיל0_4":53.0,"גיל5_9":68.0,"גיל10_18":25.0,"גיל19_30":44.0,"גיל31_44":119.0,"גיל45_64":38.0,"גיל65_75":10.0,"גיל76פלוס":4.0,"Shape_Length":800.0000000055879,"Shape_Area":40000.00000055879},"geometry":{"type":"MultiPolygon","coordinates":[[[[34.81592594557625,31.229248658618392],[34.81591856667562,31.23105245371278],[34.81801771886025,31.231058777533416],[34.818025057888974,31.229254981991645],[34.81592594557625,31.229248658618392]]]]}},{"type":"Feature","properties":{"X":34.819067644663406,"Y":31.230157364222528,"מספר_פוליגון":376,"גיל0_4":33.0,"גיל5_9":46.0,"גיל10_18":6.0,"גיל19_30":24.0,"גיל31_44":70.0,"גיל45_64":19.0,"גיל65_75":10.0,"גיל76פלוס":3.0,"Shape_Length":800.0,"Shape_Area":40000.0},"geometry":{"type":"MultiPolygon","coordinates":[[[[34.818025057888974,31.229254981991645],[34.81801771886025,31.231058777533416],[34.82011687170554,31.231065067090306],[34.82012417086235,31.229261271103574],[34.818025057888974,31.229254981991645]]]]}},{"type":"Feature","properties":{"X":34.821166777854394,"Y":31.23016363636117,"מספר_פוליגון":377,"גיל0_4":57.0,"גיל5_9":70.0,"גיל10_18":27.0,"גיל19_30":47.0,"גיל31_44":135.0,"גיל45_64":50.0,"גיל65_75":19.0,"גיל76פלוס":3.0,"Shape_Length":800.0000000055879,"Shape_Area":40000.00000055879},"geometry":{"type":"MultiPolygon","coordinates":[[[[34.82012417086235,31.229261271103574],[34.82011687170554,31.231065067090306],[34.82221602520799,31.23107132238337],[34.822223284492836,31.229267525954103],[34.82012417086235,31.229261271103574]]]]}},{"type":"Feature","properties":{"X":34.82326591170072,"Y":31.230169874237202,"מספר_פוליגון":378,"גיל0_4":54.0,"גיל5_9":39.0,"גיל10_18":12.0,"גיל19_30":29.0,"גיל31_44":79.0,"גיל45_64":22.0,"גיל65_75":7.0,"גיל76פלוס":1.0,"Shape_Length":800.0000000074506,"Shape_Area":40000.00000074506},"geometry":{"type":"MultiPolygon","coordinates":[[[[34.822223284492836,31.229267525954103],[34.82221602520799,31.23107132238337],[34.82431517936401,31.231077543412603],[34.8243223987768,31.229273746543203],[34.822223284492836,31.229267525954103]]]]}},{"type":"Feature","properties":{"X":34.82536504619877,"Y":31.230176077850572,"מספר_פוליגון":379,"גיל0_4":2.0,"גיל5_9":3.0,"גיל10_18":null,"גיל19_30":2.0,"גיל31_44":4.0,"גיל45_64":null,"גיל65_75":null,"גיל76פלוס":null,"Shape_Length":800.0,"Shape_Area":40000.0},"geometry":{"type":"MultiPolygon","coordinates":[[[[34.8243223987768,31.229273746543203],[34.82431517936401,31.231077543412603],[34.82641433416994,31.231083730177925],[34.82642151371064,31.22927993287084],[34.8243223987768,31.229273746543203]]]]}},{"type":"Feature","properties":{"X":34.82746418134494,"Y":31.23018224720125,"מספר_פוליגון":380,"גיל0_4":null,"גיל5_9":null,"גיל10_18":null,"גיל19_30":null,"גיל31_44":null,"גיל45_64":null,"גיל65_75":null,"גיל76פלוס":null,"Shape_Length":800.0000000055879,"Shape_Area":40000.00000055879},"geometry":{"type":"MultiPolygon","coordinates":[[[[34.82642151371064,31.22927993287084],[34.82641433416994,31.231083730177925],[34.828513489622274,31.23108988267934],[34.82852062929084,31.22928608493698],[34.82642151371064,31.22927993287084]]]]}},{"type":"Feature","properties":{"X":34.74978800530365,"Y":31.23173494209715,"מספר_פוליגון":381,"גיל0_4":null,"גיל5_9":null,"גיל10_18":null,"גיל19_30":null,"גיל31_44":null,"גיל45_64":null,"גיל65_75":null,"גיל76פלוס":null,"Shape_Length":799.9999999962747,"Shape_Area":39999.99999962747},"geometry":{"type":"MultiPolygon","coordinates":[[[[34.74874606707783,31.230832000416918],[34.748737411527195,31.232635779408675],[34.75083658054973,31.232643200173733],[34.75084519622673,31.230839420657155],[34.74874606707783,31.230832000416918]]]]}},{"type":"Feature","properties":{"X":34.751887154730134,"Y":31.2317423454034,"מספר_פוליגון":382,"גיל0_4":null,"גיל5_9":null,"גיל10_18":null,"גיל19_30":null,"גיל31_44":null,"גיל45_64":null,"גיל65_75":null,"גיל76פלוס":null,"Shape_Length":800.0000000018626,"Shape_Area":40000.000000186265},"geometry":{"type":"MultiPolygon","coordinates":[[[[34.75084519622673,31.230839420657155],[34.75083658054973,31.232643200173733],[34.75293575034779,31.23265058667392],[34.752944326151066,31.230846806634904],[34.75084519622673,31.230839420657155]]]]}},{"type":"Feature","properties":{"X":34.7539863049303,"Y":31.231749714445954,"מספר_פוליגון":383,"גיל0_4":null,"גיל5_9":null,"גיל10_18":null,"גיל19_30":null,"גיל31_44":null,"גיל45_64":null,"גיל65_75":null,"גיל76פלוס":null,"Shape_Length":800.0000000018626,"Shape_Area":40000.000000186265},"geometry":{"type":"MultiPolygon","coordinates":[[[[34.752944326151066,31.230846806634904],[34.75293575034779,31.23265058667392],[34.755034920917744,31.232657938909185],[34.75504345684726,31.230854158350166],[34.752944326151066,31.230846806634904]]]]}},{"type":"Feature","properties":{"X":34.756085455900546,"Y":31.23175704922478,"מספר_פוליגון":384,"גיל0_4":null,"גיל5_9":null,"גיל10_18":null,"גיל19_30":null,"גיל31_44":null,"גיל45_64":null,"גיל65_75":null,"גיל76פלוס":null,"Shape_Length":799.9999999981374,"Shape_Area":39999.999999813735},"geometry":{"type":"MultiPolygon","coordinates":[[[[34.75504345684726,31.230854158350166],[34.755034920917744,31.232657938909185],[34.75713409225601,31.232665256879464],[34.757142588311694,31.23086147580289],[34.75504345684726,31.230854158350166]]]]}},{"type":"Feature","properties":{"X":34.758184607637304,"Y":31.231764349739834,"מספר_פוליגון":385,"גיל0_4":null,"גיל5_9":null,"גיל10_18":null,"גיל19_30":null,"גיל31_44":null,"גיל45_64":null,"גיל65_75":null,"גיל76פלוס":null,"Shape_Length":800.0000000018626,"Shape_Area":40000.000000186265},"geometry":{"type":"MultiPolygon","coordinates":[[[[34.757142588311694,31.23086147580289],[34.75713409225601,31.232665256879464],[34.75923326435903,31.232672540584748],[34.759241720540814,31.230868758993008],[34.757142588311694,31.23086147580289]]]]}},{"type":"Feature","properties":{"X":34.760283760136964,"Y":31.231771615991065,"מספר_פוליגון":386,"גיל0_4":1.0,"גיל5_9":5.0,"גיל10_18":7.0,"גיל19_30":14.0,"גיל31_44":7.0,"גיל45_64":20.0,"גיל65_75":4.0,"גיל76פלוס":null,"Shape_Length":799.9999999981374,"Shape_Area":39999.999999813735},"geometry":{"type":"MultiPolygon","coordinates":[[[[34.759241720540814,31.230868758993008],[34.75923326435903,31.232672540584748],[34.76133243722318,31.232679790024974],[34.76134085353102,31.230876007920504],[34.759241720540814,31.230868758993008]]]]}},{"type":"Feature","properties":{"X":34.76238291339597,"Y":31.231778847978436,"מספר_פוליגון":387,"גיל0_4":10.0,"גיל5_9":39.0,"גיל10_18":50.0,"גיל19_30":40.0,"גיל31_44":53.0,"גיל45_64":59.0,"גיל65_75":3.0,"גיל76פלוס":2.0,"Shape_Length":800.0000000018626,"Shape_Area":40000.000000186265},"geometry":{"type":"MultiPolygon","coordinates":[[[[34.76134085353102,31.230876007920504],[34.76133243722318,31.232679790024974],[34.763431610844926,31.23268700520011],[34.763439987278744,31.23088322258531],[34.76134085353102,31.230876007920504]]]]}},{"type":"Feature","properties":{"X":34.76448206741071,"Y":31.231786045701902,"מספר_פוליגון":388,"גיל0_4":12.0,"גיל5_9":7.0,"גיל10_18":25.0,"גיל19_30":47.0,"גיל31_44":8.0,"גיל45_64":42.0,"גיל65_75":3.0,"גיל76פלוס":2.0,"Shape_Length":800.0000000018626,"Shape_Area":40000.000000186265},"geometry":{"type":"MultiPolygon","coordinates":[[[[34.763439987278744,31.23088322258531],[34.763431610844926,31.23268700520011],[34.76553078522065,31.232694186110102],[34.76553912178039,31.230890402987402],[34.763439987278744,31.23088322258531]]]]}},{"type":"Feature","properties":{"X":34.76658122217761,"Y":31.231793209161417,"מספר_פוליגון":389,"גיל0_4":7.0,"גיל5_9":18.0,"גיל10_18":29.0,"גיל19_30":21.0,"גיל31_44":29.0,"גיל45_64":35.0,"גיל65_75":2.0,"גיל76פלוס":null,"Shape_Length":799.9999999962747,"Shape_Area":39999.99999962747},"geometry":{"type":"MultiPolygon","coordinates":[[[[34.76553912178039,31.230890402987402],[34.76553078522065,31.232694186110102],[34.76762996034673,31.232701332754914],[34.76763825703234,31.23089754912673],[34.76553912178039,31.230890402987402]]]]}},{"type":"Feature","properties":{"X":34.76868037769307,"Y":31.231800338356944,"מספר_פוליגון":390,"גיל0_4":45.0,"גיל5_9":96.0,"גיל10_18":100.0,"גיל19_30":86.0,"גיל31_44":136.0,"גיל45_64":142.0,"גיל65_75":32.0,"גיל76פלוס":6.0,"Shape_Length":800.0000000018626,"Shape_Area":40000.000000186265},"geometry":{"type":"MultiPolygon","coordinates":[[[[34.76763825703234,31.23089754912673],[34.76762996034673,31.232701332754914],[34.76972913621965,31.2327084451345],[34.76973739303108,31.230904661003244],[34.76763825703234,31.23089754912673]]]]}},{"type":"Feature","properties":{"X":34.770779533953544,"Y":31.231807433288438,"מספר_פוליגון":391,"גיל0_4":35.0,"גיל5_9":71.0,"גיל10_18":71.0,"גיל19_30":60.0,"גיל31_44":90.0,"גיל45_64":90.0,"גיל65_75":25.0,"גיל76פלוס":6.0,"Shape_Length":799.9999999981374,"Shape_Area":39999.999999813735},"geometry":{"type":"MultiPolygon","coordinates":[[[[34.76973739303108,31.230904661003244],[34.76972913621965,31.2327084451345],[34.7718283128358,31.232715523248803],[34.77183652977297,31.230911738616918],[34.76973739303108,31.230904661003244]]]]}},{"type":"Feature","properties":{"X":34.772878690955416,"Y":31.23181449395584,"מספר_פוליגון":392,"גיל0_4":2.0,"גיל5_9":1.0,"גיל10_18":1.0,"גיל19_30":5.0,"גיל31_44":5.0,"גיל45_64":9.0,"גיל65_75":1.0,"גיל76פלוס":null,"Shape_Length":800.0000000018626,"Shape_Area":40000.000000186265},"geometry":{"type":"MultiPolygon","coordinates":[[[[34.77183652977297,31.230911738616918],[34.7718283128358,31.232715523248803],[34.77392749019159,31.232722567097802],[34.773935667254456,31.230918781967702],[34.77183652977297,31.230911738616918]]]]}},{"type":"Feature","properties":{"X":34.774977848695116,"Y":31.23182152035913,"מספר_פוליגון":393,"גיל0_4":null,"גיל5_9":null,"גיל10_18":null,"גיל19_30":null,"גיל31_44":null,"גיל45_64":null,"גיל65_75":null,"גיל76פלוס":null,"Shape_Length":799.9999999981374,"Shape_Area":39999.999999813735},"geometry":{"type":"MultiPolygon","coordinates":[[[[34.773935667254456,31.230918781967702],[34.77392749019159,31.232722567097802],[34.77602666828343,31.232729576681464],[34.776034805471916,31.230925791055554],[34.773935667254456,31.230918781967702]]]]}},{"type":"Feature","properties":{"X":34.77707700716904,"Y":31.231828512498264,"מספר_פוליגון":394,"גיל0_4":7.0,"גיל5_9":12.0,"גיל10_18":29.0,"גיל19_30":37.0,"גיל31_44":25.0,"גיל45_64":53.0,"גיל65_75":16.0,"גיל76פלוס":10.0,"Shape_Length":800.0000000018626,"Shape_Area":40000.000000186265},"geometry":{"type":"MultiPolygon","coordinates":[[[[34.776034805471916,31.230925791055554],[34.77602666828343,31.232729576681464],[34.77812584710774,31.232736551999693],[34.77813394442181,31.230932765880418],[34.776034805471916,31.230925791055554]]]]}},{"type":"Feature","properties":{"X":34.77917616637363,"Y":31.23183547037319,"מספר_פוליגון":395,"גיל0_4":11.0,"גיל5_9":16.0,"גיל10_18":31.0,"גיל19_30":30.0,"גיל31_44":39.0,"גיל45_64":52.0,"גיל65_75":30.0,"גיל76פלוס":25.0,"Shape_Length":800.0000000018626,"Shape_Area":40000.000000186265},"geometry":{"type":"MultiPolygon","coordinates":[[[[34.77813394442181,31.230932765880418],[34.77812584710774,31.232736551999693],[34.78022502666096,31.232743493052517],[34.780233084100544,31.23093970644229],[34.77813394442181,31.230932765880418]]]]}},{"type":"Feature","properties":{"X":34.78127532630528,"Y":31.23184239398388,"מספר_פוליגון":396,"גיל0_4":10.0,"גיל5_9":20.0,"גיל10_18":14.0,"גיל19_30":50.0,"גיל31_44":44.0,"גיל45_64":55.0,"גיל65_75":38.0,"גיל76פלוס":14.0,"Shape_Length":799.9999999962747,"Shape_Area":39999.99999962747},"geometry":{"type":"MultiPolygon","coordinates":[[[[34.780233084100544,31.23093970644229],[34.78022502666096,31.232743493052517],[34.782324206939414,31.232750399839844],[34.78233222450448,31.23094661274107],[34.780233084100544,31.23093970644229]]]]}},{"type":"Feature","properties":{"X":34.7833744869604,"Y":31.231849283330284,"מספר_פוליגון":397,"גיל0_4":6.0,"גיל5_9":10.0,"גיל10_18":34.0,"גיל19_30":36.0,"גיל31_44":25.0,"גיל45_64":56.0,"גיל65_75":13.0,"גיל76פלוס":5.0,"Shape_Length":800.0000000018626,"Shape_Area":40000.000000186265},"geometry":{"type":"MultiPolygon","coordinates":[[[[34.78233222450448,31.23094661274107],[34.782324206939414,31.232750399839844],[34.78442338793965,31.232757272361674],[34.78443136563011,31.230953484776773],[34.78233222450448,31.23094661274107]]]]}},{"type":"Feature","properties":{"X":34.78547364833542,"Y":31.231856138412354,"מספר_פוליגון":398,"גיל0_4":10.0,"גיל5_9":17.0,"גיל10_18":40.0,"גיל19_30":56.0,"גיל31_44":33.0,"גיל45_64":77.0,"גיל65_75":23.0,"גיל76פלוס":3.0,"Shape_Length":799.9999999981374,"Shape_Area":39999.999999813735},"geometry":{"type":"MultiPolygon","coordinates":[[[[34.78443136563011,31.230953484776773],[34.78442338793965,31.232757272361674],[34.78652256965797,31.232764110617907],[34.786530507473785,31.230960322549322],[34.78443136563011,31.230953484776773]]]]}},{"type":"Feature","properties":{"X":34.78757281042676,"Y":31.231862959230053,"מספר_פוליגון":399,"גיל0_4":10.0,"גיל5_9":25.0,"גיל10_18":17.0,"גיל19_30":39.0,"גיל31_44":44.0,"גיל45_64":54.0,"גיל65_75":45.0,"גיל76פלוס":14.0,"Shape_Length":800.0000000018626,"Shape_Area":40000.000000186265},"geometry":{"type":"MultiPolygon","coordinates":[[[[34.786530507473785,31.230960322549322],[34.78652256965797,31.232764110617907],[34.78862175209088,31.232770914608576],[34.78862965003198,31.230967126058694],[34.786530507473785,31.230960322549322]]]]}},{"type":"Feature","properties":{"X":34.78967197323081,"Y":31.231869745783346,"מספר_פוליגון":400,"גיל0_4":5.0,"גיל5_9":12.0,"גיל10_18":10.0,"גיל19_30":24.0,"גיל31_44":27.0,"גיל45_64":38.0,"גיל65_75":16.0,"גיל76פלוס":7.0,"Shape_Length":799.9999999981374,"Shape_Area":39999.999999813735},"geometry":{"type":"MultiPolygon","coordinates":[[[[34.78862965003198,31.230967126058694],[34.78862175209088,31.232770914608576],[34.79072093523471,31.232777684333584],[34.79072879330104,31.23097389530485],[34.78862965003198,31.230967126058694]]]]}},{"type":"Feature","properties":{"X":34.79177113674401,"Y":31.2318764980722,"מספר_פוליגון":401,"גיל0_4":6.0,"גיל5_9":10.0,"גיל10_18":25.0,"גיל19_30":23.0,"גיל31_44":21.0,"גיל45_64":35.0,"גיל65_75":11.0,"גיל76פלוס":15.0,"Shape_Length":800.0000000018626,"Shape_Area":40000.000000186265},"geometry":{"type":"MultiPolygon","coordinates":[[[[34.79072879330104,31.23097389530485],[34.79072093523471,31.232777684333584],[34.79282011908594,31.23278441979292],[34.792827937277465,31.230980630287753],[34.79072879330104,31.23097389530485]]]]}},{"type":"Feature","properties":{"X":34.79387030096279,"Y":31.231883216096545,"מספר_פוליגון":402,"גיל0_4":5.0,"גיל5_9":13.0,"גיל10_18":13.0,"גיל19_30":15.0,"גיל31_44":25.0,"גיל45_64":34.0,"גיל65_75":22.0,"גיל76פלוס":10.0,"Shape_Length":800.0000000018626,"Shape_Area":40000.000000186265},"geometry":{"type":"MultiPolygon","coordinates":[[[[34.792827937277465,31.230980630287753],[34.79282011908594,31.23278441979292],[34.79491930364095,31.232791120986516],[34.7949270819576,31.230987331007324],[34.792827937277465,31.230980630287753]]]]}},{"type":"Feature","properties":{"X":34.7959694658835,"Y":31.231889899856363,"מספר_פוליגון":403,"גיל0_4":3.0,"גיל5_9":6.0,"גיל10_18":4.0,"גיל19_30":2.0,"גיל31_44":13.0,"גיל45_64":3.0,"גיל65_75":9.0,"גיל76פלוס":6.0,"Shape_Length":799.9999999962747,"Shape_Area":39999.99999962747},"geometry":{"type":"MultiPolygon","coordinates":[[[[34.7949270819576,31.230987331007324],[34.79491930364095,31.232791120986516],[34.79701848889614,31.23279778791434],[34.79702622733787,31.23099399746356],[34.7949270819576,31.230987331007324]]]]}},{"type":"Feature","properties":{"X":34.79806863150261,"Y":31.231896549351614,"מספר_פוליגון":404,"גיל0_4":18.0,"גיל5_9":16.0,"גיל10_18":10.0,"גיל19_30":19.0,"גיל31_44":33.0,"גיל45_64":34.0,"גיל65_75":10.0,"גיל76פלוס":5.0,"Shape_Length":800.0000000018626,"Shape_Area":40000.000000186265},"geometry":{"type":"MultiPolygon","coordinates":[[[[34.79702622733787,31.23099399746356],[34.79701848889614,31.23279778791434],[34.79911767484799,31.232804420576382],[34.799125373414725,31.23100062965642],[34.79702622733787,31.23099399746356]]]]}},{"type":"Feature","properties":{"X":34.80016779781653,"Y":31.23190316458226,"מספר_פוליגון":405,"גיל0_4":11.0,"גיל5_9":6.0,"גיל10_18":1.0,"גיל19_30":19.0,"גיל31_44":17.0,"גיל45_64":16.0,"גיל65_75":6.0,"גיל76פלוס":2.0,"Shape_Length":799.9999999981374,"Shape_Area":39999.999999813735},"geometry":{"type":"MultiPolygon","coordinates":[[[[34.799125373414725,31.23100062965642],[34.79911767484799,31.232804420576382],[34.80121686149285,31.232811018972573],[34.801224520184554,31.23100722758586],[34.799125373414725,31.23100062965642]]]]}},{"type":"Feature","properties":{"X":34.80226696482166,"Y":31.231909745548254,"מספר_פוליגון":406,"גיל0_4":null,"גיל5_9":null,"גיל10_18":null,"גיל19_30":null,"גיל31_44":null,"גיל45_64":null,"גיל65_75":null,"גיל76פלוס":null,"Shape_Length":800.0000000018626,"Shape_Area":40000.000000186265},"geometry":{"type":"MultiPolygon","coordinates":[[[[34.801224520184554,31.23100722758586],[34.80121686149285,31.232811018972573],[34.803316048827185,31.232817583102893],[34.80332366764378,31.23101379125183],[34.801224520184554,31.23100722758586]]]]}},{"type":"Feature","properties":{"X":34.804366132514424,"Y":31.23191629224956,"מספר_פוליגון":407,"גיל0_4":null,"גיל5_9":null,"גיל10_18":null,"גיל19_30":null,"גיל31_44":null,"גיל45_64":null,"גיל65_75":null,"גיל76פלוס":null,"Shape_Length":799.9999999981374,"Shape_Area":39999.999999813735},"geometry":{"type":"MultiPolygon","coordinates":[[[[34.80332366764378,31.23101379125183],[34.803316048827185,31.232817583102893],[34.80541523684735,31.23282411296729],[34.805422815788795,31.231020320654316],[34.80332366764378,31.23101379125183]]]]}},{"type":"Feature","properties":{"X":34.806465300891226,"Y":31.231922804686143,"מספר_פוליגון":408,"גיל0_4":null,"גיל5_9":null,"גיל10_18":null,"גיל19_30":null,"גיל31_44":null,"גיל45_64":null,"גיל65_75":null,"גיל76פלוס":null,"Shape_Length":800.0000000018626,"Shape_Area":40000.000000186265},"geometry":{"type":"MultiPolygon","coordinates":[[[[34.805422815788795,31.231020320654316],[34.80541523684735,31.23282411296729],[34.80751442554982,31.23283060856571],[34.807521964616065,31.231026815793246],[34.805422815788795,31.231020320654316]]]]}},{"type":"Feature","properties":{"X":34.80856446994851,"Y":31.23192928285795,"מספר_פוליגון":409,"גיל0_4":null,"גיל5_9":null,"גיל10_18":null,"גיל19_30":null,"גיל31_44":null,"גיל45_64":null,"גיל65_75":null,"גיל76פלוס":null,"Shape_Length":800.0000000018626,"Shape_Area":40000.000000186265},"geometry":{"type":"MultiPolygon","coordinates":[[[[34.807521964616065,31.231026815793246],[34.80751442554982,31.23283060856571],[34.809613614930974,31.232837069898135],[34.809621114121974,31.231033276668594],[34.807521964616065,31.231026815793246]]]]}},{"type":"Feature","properties":{"X":34.810663639682645,"Y":31.231935726764952,"מספר_פוליגון":410,"גיל0_4":null,"גיל5_9":null,"גיל10_18":null,"גיל19_30":null,"גיל31_44":null,"גיל45_64":null,"גיל65_75":null,"גיל76פלוס":null,"Shape_Length":799.9999999962747,"Shape_Area":39999.99999962747},"geometry":{"type":"MultiPolygon","coordinates":[[[[34.809621114121974,31.231033276668594],[34.809613614930974,31.232837069898135],[34.81171280498721,31.23284349696451],[34.811720264302906,31.23103970328033],[34.809621114121974,31.231033276668594]]]]}},{"type":"Feature","properties":{"X":34.81276281009007,"Y":31.231942136407113,"מספר_פוליגון":411,"גיל0_4":null,"גיל5_9":null,"גיל10_18":null,"גיל19_30":null,"גיל31_44":null,"גיל45_64":null,"גיל65_75":null,"גיל76פלוס":null,"Shape_Length":800.0000000018626,"Shape_Area":40000.000000186265},"geometry":{"type":"MultiPolygon","coordinates":[[[[34.811720264302906,31.23103970328033],[34.81171280498721,31.23284349696451],[34.813811995715,31.232849889764832],[34.81381941515532,31.2310460956284],[34.811720264302906,31.23103970328033]]]]}},{"type":"Feature","properties":{"X":34.814861981167205,"Y":31.23194851178439,"מספר_פוליגון":412,"גיל0_4":37.0,"גיל5_9":27.0,"גיל10_18":9.0,"גיל19_30":26.0,"גיל31_44":49.0,"גיל45_64":16.0,"גיל65_75":5.0,"גיל76פלוס":3.0,"Shape_Length":799.9999999981374,"Shape_Area":39999.999999813735},"geometry":{"type":"MultiPolygon","coordinates":[[[[34.81381941515532,31.2310460956284],[34.813811995715,31.232849889764832],[34.8159111871107,31.232856248299015],[34.81591856667562,31.23105245371278],[34.81381941515532,31.2310460956284]]]]}},{"type":"Feature","properties":{"X":34.816961152910466,"Y":31.231954852896738,"מספר_פוליגון":413,"גיל0_4":117.0,"גיל5_9":146.0,"גיל10_18":64.0,"גיל19_30":88.0,"גיל31_44":223.0,"גיל45_64":79.0,"גיל65_75":15.0,"גיל76פלוס":5.0,"Shape_Length":800.0000000018626,"Shape_Area":40000.000000186265},"geometry":{"type":"MultiPolygon","coordinates":[[[[34.81591856667562,31.23105245371278],[34.8159111871107,31.232856248299015],[34.81801037917079,31.232862572567072],[34.81801771886025,31.231058777533416],[34.81591856667562,31.23105245371278]]]]}},{"type":"Feature","properties":{"X":34.81906032531626,"Y":31.23196115974413,"מספר_פוליגון":414,"גיל0_4":33.0,"גיל5_9":39.0,"גיל10_18":12.0,"גיל19_30":21.0,"גיל31_44":63.0,"גיל45_64":16.0,"גיל65_75":5.0,"גיל76פלוס":3.0,"Shape_Length":799.9999999962747,"Shape_Area":39999.99999962747},"geometry":{"type":"MultiPolygon","coordinates":[[[[34.81801771886025,31.231058777533416],[34.81801037917079,31.232862572567072],[34.8201095718916,31.23286886256893],[34.82011687170554,31.231065067090306],[34.81801771886025,31.231058777533416]]]]}},{"type":"Feature","properties":{"X":34.821159498380986,"Y":31.231967432326535,"מספר_פוליגון":415,"גיל0_4":20.0,"גיל5_9":18.0,"גיל10_18":12.0,"גיל19_30":9.0,"גיל31_44":21.0,"גיל45_64":4.0,"גיל65_75":2.0,"גיל76פלוס":1.0,"Shape_Length":800.0000000018626,"Shape_Area":40000.000000186265},"geometry":{"type":"MultiPolygon","coordinates":[[[[34.82011687170554,31.231065067090306],[34.8201095718916,31.23286886256893],[34.82220876526962,31.232875118304545],[34.82221602520799,31.23107132238337],[34.82011687170554,31.231065067090306]]]]}},{"type":"Feature","properties":{"X":34.82325867210111,"Y":31.231973670643907,"מספר_פוליגון":416,"גיל0_4":48.0,"גיל5_9":57.0,"גיל10_18":27.0,"גיל19_30":46.0,"גיל31_44":81.0,"גיל45_64":29.0,"גיל65_75":19.0,"גיל76פלוס":5.0,"Shape_Length":800.0000000037253,"Shape_Area":40000.00000037253},"geometry":{"type":"MultiPolygon","coordinates":[[[[34.82221602520799,31.23107132238337],[34.82220876526962,31.232875118304545],[34.82430795930126,31.23288133977389],[34.82431517936401,31.231077543412603],[34.82221602520799,31.23107132238337]]]]}},{"type":"Feature","properties":{"X":34.825357846473004,"Y":31.231979874696197,"מספר_פוליגון":417,"גיל0_4":14.0,"גיל5_9":7.0,"גיל10_18":1.0,"גיל19_30":10.0,"גיל31_44":22.0,"גיל45_64":21.0,"גיל65_75":4.0,"גיל76פלוס":null,"Shape_Length":799.9999999962747,"Shape_Area":39999.99999962747},"geometry":{"type":"MultiPolygon","coordinates":[[[[34.82431517936401,31.231077543412603],[34.82430795930126,31.23288133977389],[34.82640715398286,31.232887526976953],[34.82641433416994,31.231083730177925],[34.82431517936401,31.231077543412603]]]]}},{"type":"Feature","properties":{"X":34.82745702149307,"Y":31.231986044483385,"מספר_פוליגון":418,"גיל0_4":3.0,"גיל5_9":2.0,"גיל10_18":2.0,"גיל19_30":2.0,"גיל31_44":7.0,"גיל45_64":4.0,"גיל65_75":1.0,"גיל76פלוס":null,"Shape_Length":800.0000000018626,"Shape_Area":40000.000000186265},"geometry":{"type":"MultiPolygon","coordinates":[[[[34.82641433416994,31.231083730177925],[34.82640715398286,31.232887526976953],[34.82850634931092,31.232893679913662],[34.828513489622274,31.23108988267934],[34.82641433416994,31.231083730177925]]]]}},{"type":"Feature","properties":{"X":34.74977936937641,"Y":31.233538721108303,"מספר_פוליגון":419,"גיל0_4":null,"גיל5_9":null,"גיל10_18":null,"גיל19_30":null,"גיל31_44":null,"גיל45_64":null,"גיל65_75":null,"גיל76פלוס":null,"Shape_Length":800.0,"Shape_Area":40000.0},"geometry":{"type":"MultiPolygon","coordinates":[[[[34.748737411527195,31.232635779408675],[34.74872875519746,31.234439557891733],[34.75082796409724,31.23444697918165],[34.75083658054973,31.232643200173733],[34.748737411527195,31.232635779408675]]]]}},{"type":"Feature","properties":{"X":34.75187855867838,"Y":31.2335461249382,"מספר_פוליגון":420,"גיל0_4":null,"גיל5_9":null,"גיל10_18":null,"גיל19_30":null,"גיל31_44":null,"גיל45_64":null,"גיל65_75":null,"גיל76פלוס":null,"Shape_Length":800.0000000055879,"Shape_Area":40000.00000055879},"geometry":{"type":"MultiPolygon","coordinates":[[[[34.75083658054973,31.232643200173733],[34.75082796409724,31.23444697918165],[34.752927173772584,31.23445436620428],[34.75293575034779,31.23265058667392],[34.75083658054973,31.232643200173733]]]]}},{"type":"Feature","properties":{"X":34.75397774875408,"Y":31.233553494501976,"מספר_פוליגון":421,"גיל0_4":null,"גיל5_9":null,"גיל10_18":null,"גיל19_30":null,"גיל31_44":null,"גיל45_64":null,"גיל65_75":null,"גיל76פלוס":null,"Shape_Length":800.0000000055879,"Shape_Area":40000.00000055879},"geometry":{"type":"MultiPolygon","coordinates":[[[[34.75293575034779,31.23265058667392],[34.752927173772584,31.23445436620428],[34.75502638421991,31.23446171895956],[34.755034920917744,31.232657938909185],[34.75293575034779,31.23265058667392]]]]}},{"type":"Feature","properties":{"X":34.75607693959992,"Y":31.2335608297996,"מספר_פוליגון":422,"גיל0_4":null,"גיל5_9":null,"גיל10_18":null,"גיל19_30":null,"גיל31_44":null,"גיל45_64":null,"גיל65_75":null,"גיל76פלוס":null,"Shape_Length":800.0000000018626,"Shape_Area":40000.000000186265},"geometry":{"type":"MultiPolygon","coordinates":[[[[34.755034920917744,31.232657938909185],[34.75502638421991,31.23446171895956],[34.75712559543559,31.23446903744746],[34.75713409225601,31.232665256879464],[34.755034920917744,31.232657938909185]]]]}},{"type":"Feature","properties":{"X":34.758176131212316,"Y":31.23356813083104,"מספר_פוליגון":423,"גיל0_4":null,"גיל5_9":null,"גיל10_18":null,"גיל19_30":null,"גיל31_44":null,"גיל45_64":null,"גיל65_75":null,"גיל76פלוס":null,"Shape_Length":800.0000000055879,"Shape_Area":40000.00000055879},"geometry":{"type":"MultiPolygon","coordinates":[[[[34.75713409225601,31.232665256879464],[34.75712559543559,31.23446903744746],[34.759224807416096,31.23447632166791],[34.75923326435903,31.232672540584748],[34.75713409225601,31.232665256879464]]]]}},{"type":"Feature","properties":{"X":34.7602753235877,"Y":31.23357539759623,"מספר_פוליגון":424,"גיל0_4":null,"גיל5_9":null,"גיל10_18":null,"גיל19_30":null,"גיל31_44":null,"גיל45_64":null,"גיל65_75":null,"גיל76פלוס":null,"Shape_Length":800.0000000018626,"Shape_Area":40000.000000186265},"geometry":{"type":"MultiPolygon","coordinates":[[[[34.75923326435903,31.232672540584748],[34.759224807416096,31.23447632166791],[34.76132402015779,31.234483571620903],[34.76133243722318,31.232679790024974],[34.75923326435903,31.232672540584748]]]]}},{"type":"Feature","properties":{"X":34.76237451672246,"Y":31.23358263009514,"מספר_פוליגון":425,"גיל0_4":4.0,"גיל5_9":6.0,"גיל10_18":9.0,"גיל19_30":19.0,"גיל31_44":3.0,"גיל45_64":17.0,"גיל65_75":6.0,"גיל76פלוס":1.0,"Shape_Length":800.0000000055879,"Shape_Area":40000.00000055879},"geometry":{"type":"MultiPolygon","coordinates":[[[[34.76133243722318,31.232679790024974],[34.76132402015779,31.234483571620903],[34.763423233657136,31.234490787306367],[34.763431610844926,31.23268700520011],[34.76133243722318,31.232679790024974]]]]}},{"type":"Feature","properties":{"X":34.764473710613046,"Y":31.233589828327727,"מספר_פוליגון":426,"גיל0_4":3.0,"גיל5_9":2.0,"גיל10_18":8.0,"גיל19_30":12.0,"גיל31_44":2.0,"גיל45_64":18.0,"גיל65_75":1.0,"גיל76פלוס":5.0,"Shape_Length":800.0000000055879,"Shape_Area":40000.00000055879},"geometry":{"type":"MultiPolygon","coordinates":[[[[34.763431610844926,31.23268700520011],[34.763423233657136,31.234490787306367],[34.765522447910506,31.23449796872426],[34.76553078522065,31.232694186110102],[34.763431610844926,31.23268700520011]]]]}},{"type":"Feature","properties":{"X":34.76657290525583,"Y":31.23359699229395,"מספר_פוליגון":427,"גיל0_4":100.0,"גיל5_9":171.0,"גיל10_18":161.0,"גיל19_30":209.0,"גיל31_44":274.0,"גיל45_64":282.0,"גיל65_75":47.0,"גיל76פלוס":20.0,"Shape_Length":800.0,"Shape_Area":40000.0},"geometry":{"type":"MultiPolygon","coordinates":[[[[34.76553078522065,31.232694186110102],[34.765522447910506,31.23449796872426],[34.767621662914316,31.23450511587458],[34.76762996034673,31.232701332754914],[34.76553078522065,31.232694186110102]]]]}},{"type":"Feature","properties":{"X":34.76867210064725,"Y":31.233604121993757,"מספר_פוליגון":428,"גיל0_4":51.0,"גיל5_9":109.0,"גיל10_18":94.0,"גיל19_30":85.0,"גיל31_44":157.0,"גיל45_64":135.0,"גיל65_75":40.0,"גיל76פלוס":16.0,"Shape_Length":800.0000000055879,"Shape_Area":40000.00000055879},"geometry":{"type":"MultiPolygon","coordinates":[[[[34.76762996034673,31.232701332754914],[34.767621662914316,31.23450511587458],[34.76972087866502,31.23451222875723],[34.76972913621965,31.2327084451345],[34.76762996034673,31.232701332754914]]]]}},{"type":"Feature","properties":{"X":34.77077129678372,"Y":31.233611217427107,"מספר_פוליגון":429,"גיל0_4":104.0,"גיל5_9":174.0,"גיל10_18":157.0,"גיל19_30":138.0,"גיל31_44":260.0,"גיל45_64":252.0,"גיל65_75":85.0,"גיל76פלוס":40.0,"Shape_Length":800.0000000018626,"Shape_Area":40000.000000186265},"geometry":{"type":"MultiPolygon","coordinates":[[[[34.76972913621965,31.2327084451345],[34.76972087866502,31.23451222875723],[34.77182009515898,31.234519307372206],[34.7718283128358,31.232715523248803],[34.76972913621965,31.2327084451345]]]]}},{"type":"Feature","properties":{"X":34.77287049366167,"Y":31.233618278593955,"מספר_פוליגון":430,"גיל0_4":7.0,"גיל5_9":23.0,"גיל10_18":10.0,"גיל19_30":4.0,"גיל31_44":30.0,"גיל45_64":11.0,"גיל65_75":12.0,"גיל76פלוס":1.0,"Shape_Length":800.0000000055879,"Shape_Area":40000.00000055879},"geometry":{"type":"MultiPolygon","coordinates":[[[[34.7718283128358,31.232715523248803],[34.77182009515898,31.234519307372206],[34.77391931239268,31.234526351719445],[34.77392749019159,31.232722567097802],[34.7718283128358,31.232715523248803]]]]}},{"type":"Feature","properties":{"X":34.774969691277484,"Y":31.23362530549426,"מספר_פוליגון":431,"גיל0_4":null,"גיל5_9":null,"גיל10_18":null,"גיל19_30":null,"גיל31_44":null,"גיל45_64":null,"גיל65_75":null,"גיל76פלוס":null,"Shape_Length":800.0000000018626,"Shape_Area":40000.000000186265},"geometry":{"type":"MultiPolygon","coordinates":[[[[34.77392749019159,31.232722567097802],[34.77391931239268,31.234526351719445],[34.77601853036245,31.23453336179891],[34.77602666828343,31.232729576681464],[34.77392749019159,31.232722567097802]]]]}},{"type":"Feature","properties":{"X":34.77706888962759,"Y":31.233632298128,"מספר_פוליגון":432,"גיל0_4":null,"גיל5_9":null,"גיל10_18":1.0,"גיל19_30":1.0,"גיל31_44":1.0,"גיל45_64":4.0,"גיל65_75":1.0,"גיל76פלוס":null,"Shape_Length":800.0000000055879,"Shape_Area":40000.00000055879},"geometry":{"type":"MultiPolygon","coordinates":[[[[34.77602666828343,31.232729576681464],[34.77601853036245,31.23453336179891],[34.778117749064776,31.234540337610564],[34.77812584710774,31.232736551999693],[34.77602666828343,31.232729576681464]]]]}},{"type":"Feature","properties":{"X":34.779168088708424,"Y":31.233639256495113,"מספר_פוליגון":433,"גיל0_4":2.0,"גיל5_9":8.0,"גיל10_18":13.0,"גיל19_30":26.0,"גיל31_44":16.0,"גיל45_64":24.0,"גיל65_75":15.0,"גיל76פלוס":null,"Shape_Length":800.0000000055879,"Shape_Area":40000.00000055879},"geometry":{"type":"MultiPolygon","coordinates":[[[[34.77812584710774,31.232736551999693],[34.778117749064776,31.234540337610564],[34.78021696849605,31.234547279154352],[34.78022502666096,31.232743493052517],[34.77812584710774,31.232736551999693]]]]}},{"type":"Feature","properties":{"X":34.78126728851636,"Y":31.23364618059556,"מספר_פוליגון":434,"גיל0_4":4.0,"גיל5_9":7.0,"גיל10_18":12.0,"גיל19_30":27.0,"גיל31_44":28.0,"גיל45_64":35.0,"גיל65_75":18.0,"גיל76פלוס":4.0,"Shape_Length":800.0,"Shape_Area":40000.0},"geometry":{"type":"MultiPolygon","coordinates":[[[[34.78022502666096,31.232743493052517],[34.78021696849605,31.234547279154352],[34.78231618865266,31.234554186430255],[34.782324206939414,31.232750399839844],[34.78022502666096,31.232743493052517]]]]}},{"type":"Feature","properties":{"X":34.78336648904784,"Y":31.233653070429302,"מספר_פוליגון":435,"גיל0_4":58.0,"גיל5_9":86.0,"גיל10_18":87.0,"גיל19_30":133.0,"גיל31_44":175.0,"גיל45_64":169.0,"גיל65_75":78.0,"גיל76פלוס":27.0,"Shape_Length":800.0000000055879,"Shape_Area":40000.00000055879},"geometry":{"type":"MultiPolygon","coordinates":[[[[34.782324206939414,31.232750399839844],[34.78231618865266,31.234554186430255],[34.78441540953105,31.234561059438196],[34.78442338793965,31.232757272361674],[34.782324206939414,31.232750399839844]]]]}},{"type":"Feature","properties":{"X":34.78546569029928,"Y":31.233659925996285,"מספר_פוליגון":436,"גיל0_4":46.0,"גיל5_9":85.0,"גיל10_18":70.0,"גיל19_30":74.0,"גיל31_44":138.0,"גיל45_64":127.0,"גיל65_75":47.0,"גיל76פלוס":18.0,"Shape_Length":800.0000000018626,"Shape_Area":40000.000000186265},"geometry":{"type":"MultiPolygon","coordinates":[[[[34.78442338793965,31.232757272361674],[34.78441540953105,31.234561059438196],[34.78651463112762,31.234567898178174],[34.78652256965797,31.232764110617907],[34.78442338793965,31.232757272361674]]]]}},{"type":"Feature","properties":{"X":34.78756489226708,"Y":31.233666747296496,"מספר_פוליגון":437,"גיל0_4":3.0,"גיל5_9":5.0,"גיל10_18":2.0,"גיל19_30":8.0,"גיל31_44":9.0,"גיל45_64":21.0,"גיל65_75":7.0,"גיל76פלוס":3.0,"Shape_Length":800.0000000055879,"Shape_Area":40000.00000055879},"geometry":{"type":"MultiPolygon","coordinates":[[[[34.78652256965797,31.232764110617907],[34.78651463112762,31.234567898178174],[34.78861385343881,31.234574702650125],[34.78862175209088,31.232770914608576],[34.78652256965797,31.232764110617907]]]]}},{"type":"Feature","properties":{"X":34.78966409494765,"Y":31.233673534329874,"מספר_פוליגון":438,"גיל0_4":8.0,"גיל5_9":9.0,"גיל10_18":12.0,"גיל19_30":14.0,"גיל31_44":25.0,"גיל45_64":18.0,"גיל65_75":16.0,"גיל76פלוס":7.0,"Shape_Length":800.0000000018626,"Shape_Area":40000.000000186265},"geometry":{"type":"MultiPolygon","coordinates":[[[[34.78862175209088,31.232770914608576],[34.78861385343881,31.234574702650125],[34.790713076460996,31.234581472854014],[34.79072093523471,31.232777684333584],[34.78862175209088,31.232770914608576]]]]}},{"type":"Feature","properties":{"X":34.79176329833743,"Y":31.233680287096373,"מספר_פוליגון":439,"גיל0_4":8.0,"גיל5_9":12.0,"גיל10_18":20.0,"גיל19_30":28.0,"גיל31_44":23.0,"גיל45_64":30.0,"גיל65_75":14.0,"גיל76פלוס":16.0,"Shape_Length":800.0000000055879,"Shape_Area":40000.00000055879},"geometry":{"type":"MultiPolygon","coordinates":[[[[34.79072093523471,31.232777684333584],[34.790713076460996,31.234581472854014],[34.792812300190626,31.23458820878978],[34.79282011908594,31.23278441979292],[34.79072093523471,31.232777684333584]]]]}},{"type":"Feature","properties":{"X":34.79386250243284,"Y":31.23368700559596,"מספר_פוליגון":440,"גיל0_4":5.0,"גיל5_9":6.0,"גיל10_18":10.0,"גיל19_30":18.0,"גיל31_44":15.0,"גיל45_64":12.0,"גיל65_75":6.0,"גיל76פלוס":5.0,"Shape_Length":800.0000000055879,"Shape_Area":40000.00000055879},"geometry":{"type":"MultiPolygon","coordinates":[[[[34.79282011908594,31.23278441979292],[34.792812300190626,31.23458820878978],[34.79491152462411,31.234594910457417],[34.79491930364095,31.232791120986516],[34.79282011908594,31.23278441979292]]]]}},{"type":"Feature","properties":{"X":34.795961707230255,"Y":31.2336936898286,"מספר_פוליגון":441,"גיל0_4":null,"גיל5_9":null,"גיל10_18":null,"גיל19_30":null,"גיל31_44":null,"גיל45_64":null,"גיל65_75":null,"גיל76פלוס":null,"Shape_Length":800.0,"Shape_Area":40000.0},"geometry":{"type":"MultiPolygon","coordinates":[[[[34.79491930364095,31.232791120986516],[34.79491152462411,31.234594910457417],[34.79701074975782,31.234601577856875],[34.79701848889614,31.23279778791434],[34.79491930364095,31.232791120986516]]]]}},{"type":"Feature","properties":{"X":34.798060912726115,"Y":31.233700339794257,"מספר_פוליגון":442,"גיל0_4":null,"גיל5_9":null,"גיל10_18":null,"גיל19_30":null,"גיל31_44":null,"גיל45_64":null,"גיל65_75":null,"גיל76פלוס":null,"Shape_Length":800.0000000055879,"Shape_Area":40000.00000055879},"geometry":{"type":"MultiPolygon","coordinates":[[[[34.79701848889614,31.23279778791434],[34.79701074975782,31.234601577856875],[34.79910997558824,31.23460821098811],[34.79911767484799,31.232804420576382],[34.79701848889614,31.23279778791434]]]]}},{"type":"Feature","properties":{"X":34.80016011891682,"Y":31.233706955492877,"מספר_פוליגון":443,"גיל0_4":null,"גיל5_9":null,"גיל10_18":null,"גיל19_30":null,"גיל31_44":null,"גיל45_64":null,"גיל65_75":null,"גיל76פלוס":null,"Shape_Length":800.0000000018626,"Shape_Area":40000.000000186265},"geometry":{"type":"MultiPolygon","coordinates":[[[[34.79911767484799,31.232804420576382],[34.79910997558824,31.23460821098811],[34.801209202111714,31.23461480985108],[34.80121686149285,31.232811018972573],[34.79911767484799,31.232804420576382]]]]}},{"type":"Feature","properties":{"X":34.8022593257988,"Y":31.233713536924427,"מספר_פוליגון":444,"גיל0_4":null,"גיל5_9":null,"גיל10_18":null,"גיל19_30":null,"גיל31_44":null,"גיל45_64":null,"גיל65_75":null,"גיל76פלוס":null,"Shape_Length":800.0000000055879,"Shape_Area":40000.00000055879},"geometry":{"type":"MultiPolygon","coordinates":[[[[34.80121686149285,31.232811018972573],[34.801209202111714,31.23461480985108],[34.80330842932472,31.23462137444574],[34.803316048827185,31.232817583102893],[34.80121686149285,31.232811018972573]]]]}},{"type":"Feature","properties":{"X":34.80435853336848,"Y":31.23372008408887,"מספר_פוליגון":445,"גיל0_4":null,"גיל5_9":null,"גיל10_18":null,"גיל19_30":null,"גיל31_44":null,"גיל45_64":null,"גיל65_75":null,"גיל76פלוס":null,"Shape_Length":800.0000000018626,"Shape_Area":40000.000000186265},"geometry":{"type":"MultiPolygon","coordinates":[[[[34.803316048827185,31.232817583102893],[34.80330842932472,31.23462137444574],[34.80540765722362,31.234627904772044],[34.80541523684735,31.23282411296729],[34.803316048827185,31.232817583102893]]]]}},{"type":"Feature","properties":{"X":34.806457741622246,"Y":31.233726596986166,"מספר_פוליגון":446,"גיל0_4":null,"גיל5_9":null,"גיל10_18":null,"גיל19_30":null,"גיל31_44":null,"גיל45_64":null,"גיל65_75":null,"גיל76פלוס":null,"Shape_Length":800.0000000055879,"Shape_Area":40000.00000055879},"geometry":{"type":"MultiPolygon","coordinates":[[[[34.80541523684735,31.23282411296729],[34.80540765722362,31.234627904772044],[34.80750688580487,31.234634400830004],[34.80751442554982,31.23283060856571],[34.80541523684735,31.23282411296729]]]]}},{"type":"Feature","properties":{"X":34.808556950556536,"Y":31.233733075616275,"מספר_פוליגון":447,"גיל0_4":null,"גיל5_9":null,"גיל10_18":null,"גיל19_30":null,"גיל31_44":null,"גיל45_64":null,"גיל65_75":null,"גיל76פלוס":null,"Shape_Length":800.0000000055879,"Shape_Area":40000.00000055879},"geometry":{"type":"MultiPolygon","coordinates":[[[[34.80751442554982,31.23283060856571],[34.80750688580487,31.234634400830004],[34.809606115064874,31.234640862619518],[34.809613614930974,31.232837069898135],[34.80751442554982,31.23283060856571]]]]}},{"type":"Feature","properties":{"X":34.81065616016774,"Y":31.233739519979157,"מספר_פוליגון":448,"גיל0_4":null,"גיל5_9":null,"גיל10_18":null,"גיל19_30":null,"גיל31_44":null,"גיל45_64":null,"גיל65_75":null,"גיל76פלוס":null,"Shape_Length":800.0,"Shape_Area":40000.0},"geometry":{"type":"MultiPolygon","coordinates":[[[[34.809613614930974,31.232837069898135],[34.809606115064874,31.234640862619518],[34.811705345,31.234647290140586],[34.81171280498721,31.23284349696451],[34.809613614930974,31.232837069898135]]]]}},{"type":"Feature","properties":{"X":34.81275537045229,"Y":31.233745930074768,"מספר_פוליגון":449,"גיל0_4":null,"גיל5_9":null,"גיל10_18":null,"גיל19_30":null,"גיל31_44":null,"גיל45_64":null,"גיל65_75":null,"גיל76פלוס":null,"Shape_Length":800.0000000055879,"Shape_Area":40000.00000055879},"geometry":{"type":"MultiPolygon","coordinates":[[[[34.81171280498721,31.23284349696451],[34.811705345,31.234647290140586],[34.81380457560673,31.234653683393145],[34.813811995715,31.232849889764832],[34.81171280498721,31.23284349696451]]]]}},{"type":"Feature","properties":{"X":34.81485458140661,"Y":31.233752305903092,"מספר_פוליגון":450,"גיל0_4":20.0,"גיל5_9":30.0,"גיל10_18":9.0,"גיל19_30":14.0,"גיל31_44":44.0,"גיל45_64":8.0,"גיל65_75":7.0,"גיל76פלוס":2.0,"Shape_Length":800.0000000018626,"Shape_Area":40000.000000186265},"geometry":{"type":"MultiPolygon","coordinates":[[[[34.813811995715,31.232849889764832],[34.81380457560673,31.234653683393145],[34.81590380688143,31.234660042377183],[34.8159111871107,31.232856248299015],[34.813811995715,31.232849889764832]]]]}},{"type":"Feature","properties":{"X":34.81695379302709,"Y":31.233758647464057,"מספר_פוליגון":451,"גיל0_4":25.0,"גיל5_9":21.0,"גיל10_18":5.0,"גיל19_30":16.0,"גיל31_44":36.0,"גיל45_64":7.0,"גיל65_75":2.0,"גיל76פלוס":2.0,"Shape_Length":800.0000000055879,"Shape_Area":40000.00000055879},"geometry":{"type":"MultiPolygon","coordinates":[[[[34.8159111871107,31.232856248299015],[34.81590380688143,31.234660042377183],[34.818003038820564,31.234666367092625],[34.81801037917079,31.232862572567072],[34.8159111871107,31.232856248299015]]]]}},{"type":"Feature","properties":{"X":34.81905300531016,"Y":31.233764954757643,"מספר_פוליגון":452,"גיל0_4":8.0,"גיל5_9":5.0,"גיל10_18":2.0,"גיל19_30":6.0,"גיל31_44":16.0,"גיל45_64":3.0,"גיל65_75":1.0,"גיל76פלוס":null,"Shape_Length":800.0,"Shape_Area":40000.0},"geometry":{"type":"MultiPolygon","coordinates":[[[[34.81801037917079,31.232862572567072],[34.818003038820564,31.234666367092625],[34.820102271420474,31.23467265753947],[34.8201095718916,31.23286886256893],[34.81801037917079,31.232862572567072]]]]}},{"type":"Feature","properties":{"X":34.82115221825222,"Y":31.233771227783826,"מספר_פוליגון":453,"גיל0_4":3.0,"גיל5_9":5.0,"גיל10_18":1.0,"גיל19_30":1.0,"גיל31_44":4.0,"גיל45_64":1.0,"גיל65_75":null,"גיל76פלוס":null,"Shape_Length":800.0000000055879,"Shape_Area":40000.00000055879},"geometry":{"type":"MultiPolygon","coordinates":[[[[34.8201095718916,31.23286886256893],[34.820102271420474,31.23467265753947],[34.82220150467766,31.23467891371766],[34.82220876526962,31.232875118304545],[34.8201095718916,31.23286886256893]]]]}},{"type":"Feature","properties":{"X":34.82325143184972,"Y":31.233777466542545,"מספר_פוליגון":454,"גיל0_4":null,"גיל5_9":null,"גיל10_18":null,"גיל19_30":null,"גיל31_44":null,"גיל45_64":null,"גיל65_75":null,"גיל76פלוס":null,"Shape_Length":800.0000000074506,"Shape_Area":40000.00000074506},"geometry":{"type":"MultiPolygon","coordinates":[[[[34.82220876526962,31.232875118304545],[34.82220150467766,31.23467891371766],[34.82430073858849,31.234685135627164],[34.82430795930126,31.23288133977389],[34.82220876526962,31.232875118304545]]]]}},{"type":"Feature","properties":{"X":34.82535064609904,"Y":31.233783671033766,"מספר_פוליגון":455,"גיל0_4":null,"גיל5_9":null,"גיל10_18":null,"גיל19_30":null,"גיל31_44":null,"גיל45_64":null,"גיל65_75":null,"גיל76פלוס":null,"Shape_Length":800.0,"Shape_Area":40000.0},"geometry":{"type":"MultiPolygon","coordinates":[[[[34.82430795930126,31.23288133977389],[34.82430073858849,31.234685135627164],[34.826399973149364,31.234691323267942],[34.82640715398286,31.232887526976953],[34.82430795930126,31.23288133977389]]]]}},{"type":"Feature","properties":{"X":34.8274498609966,"Y":31.233789841257472,"מספר_פוליגון":456,"גיל0_4":null,"גיל5_9":null,"גיל10_18":null,"גיל19_30":null,"גיל31_44":null,"גיל45_64":null,"גיל65_75":null,"גיל76פלוס":null,"Shape_Length":800.0000000055879,"Shape_Area":40000.00000055879},"geometry":{"type":"MultiPolygon","coordinates":[[[[34.82640715398286,31.232887526976953],[34.826399973149364,31.234691323267942],[34.828499208356725,31.23469747663998],[34.82850634931092,31.232893679913662],[34.82640715398286,31.232887526976953]]]]}},{"type":"Feature","properties":{"X":34.74977073267187,"Y":31.235342499610734,"מספר_פוליגון":457,"גיל0_4":null,"גיל5_9":null,"גיל10_18":null,"גיל19_30":null,"גיל31_44":null,"גיל45_64":null,"גיל65_75":null,"גיל76פלוס":null,"Shape_Length":799.9999999888241,"Shape_Area":39999.99999888241},"geometry":{"type":"MultiPolygon","coordinates":[[[[34.74872875519746,31.234439557891733],[34.74872009808859,31.23624333586602],[34.75081934686919,31.236250757680818],[34.75082796409724,31.23444697918165],[34.74872875519746,31.234439557891733]]]]}},{"type":"Feature","properties":{"X":34.75186996185289,"Y":31.235349903964288,"מספר_פוליגון":458,"גיל0_4":null,"גיל5_9":null,"גיל10_18":null,"גיל19_30":null,"גיל31_44":null,"גיל45_64":null,"גיל65_75":null,"גיל76פלוס":null,"Shape_Length":799.9999999944121,"Shape_Area":39999.99999944121},"geometry":{"type":"MultiPolygon","coordinates":[[[[34.75082796409724,31.23444697918165],[34.75081934686919,31.236250757680818],[34.752918596425424,31.236258145225893],[34.752927173772584,31.23445436620428],[34.75082796409724,31.23444697918165]]]]}},{"type":"Feature","properties":{"X":34.75396919180771,"Y":31.235357274049306,"מספר_פוליגון":459,"גיל0_4":null,"גיל5_9":null,"גיל10_18":null,"גיל19_30":null,"גיל31_44":null,"גיל45_64":null,"גיל65_75":null,"גיל76פלוס":null,"Shape_Length":799.9999999944121,"Shape_Area":39999.99999944121},"geometry":{"type":"MultiPolygon","coordinates":[[[[34.752927173772584,31.23445436620428],[34.752918596425424,31.236258145225893],[34.7550178467537,31.236265498501215],[34.75502638421991,31.23446171895956],[34.752927173772584,31.23445436620428]]]]}},{"type":"Feature","properties":{"X":34.75606842253272,"Y":31.235364609865762,"מספר_פוליגון":460,"גיל0_4":null,"גיל5_9":null,"גיל10_18":null,"גיל19_30":null,"גיל31_44":null,"גיל45_64":null,"גיל65_75":null,"גיל76פלוס":null,"Shape_Length":799.9999999906868,"Shape_Area":39999.99999906868},"geometry":{"type":"MultiPolygon","coordinates":[[[[34.75502638421991,31.23446171895956],[34.7550178467537,31.236265498501215],[34.7571170978504,31.23627281750673],[34.75712559543559,31.23446903744746],[34.75502638421991,31.23446171895956]]]]}},{"type":"Feature","properties":{"X":34.75816765402436,"Y":31.23537191141359,"מספר_פוליגון":461,"גיל0_4":null,"גיל5_9":null,"גיל10_18":null,"גיל19_30":null,"גיל31_44":null,"גיל45_64":null,"גיל65_75":null,"גיל76פלוס":null,"Shape_Length":799.9999999944121,"Shape_Area":39999.99999944121},"geometry":{"type":"MultiPolygon","coordinates":[[[[34.75712559543559,31.23446903744746],[34.7571170978504,31.23627281750673],[34.759216349711956,31.236280102242386],[34.759224807416096,31.23447632166791],[34.75712559543559,31.23446903744746]]]]}},{"type":"Feature","properties":{"X":34.760266886279034,"Y":31.23537917869276,"מספר_פוליגון":462,"גיל0_4":null,"גיל5_9":null,"גיל10_18":null,"גיל19_30":null,"גיל31_44":null,"גיל45_64":null,"גיל65_75":null,"גיל76פלוס":null,"Shape_Length":799.9999999906868,"Shape_Area":39999.99999906868},"geometry":{"type":"MultiPolygon","coordinates":[[[[34.759224807416096,31.23447632166791],[34.759216349711956,31.236280102242386],[34.76131560233477,31.23628735270815],[34.76132402015779,31.234483571620903],[34.759224807416096,31.23447632166791]]]]}},{"type":"Feature","properties":{"X":34.76236611929316,"Y":31.235386411703235,"מספר_פוליגון":463,"גיל0_4":8.0,"גיל5_9":12.0,"גיל10_18":28.0,"גיל19_30":54.0,"גיל31_44":7.0,"גיל45_64":50.0,"גיל65_75":7.0,"גיל76פלוס":2.0,"Shape_Length":799.9999999944121,"Shape_Area":39999.99999944121},"geometry":{"type":"MultiPolygon","coordinates":[[[[34.76132402015779,31.234483571620903],[34.76131560233477,31.23628735270815],[34.7634148557153,31.236294568903975],[34.763423233657136,31.234490787306367],[34.76132402015779,31.234483571620903]]]]}},{"type":"Feature","properties":{"X":34.76446535306315,"Y":31.235393610444966,"מספר_פוליגון":464,"גיל0_4":6.0,"גיל5_9":11.0,"גיל10_18":36.0,"גיל19_30":79.0,"גיל31_44":20.0,"גיל45_64":74.0,"גיל65_75":22.0,"גיל76פלוס":5.0,"Shape_Length":799.9999999944121,"Shape_Area":39999.99999944121},"geometry":{"type":"MultiPolygon","coordinates":[[[[34.763423233657136,31.234490787306367],[34.7634148557153,31.236294568903975],[34.76551410984991,31.236301750829824],[34.765522447910506,31.23449796872426],[34.763423233657136,31.234490787306367]]]]}},{"type":"Feature","properties":{"X":34.766564587585414,"Y":31.235400774917906,"מספר_פוליגון":465,"גיל0_4":46.0,"גיל5_9":66.0,"גיל10_18":80.0,"גיל19_30":122.0,"גיל31_44":151.0,"גיל45_64":143.0,"גיל65_75":81.0,"גיל76פלוס":62.0,"Shape_Length":799.9999999888241,"Shape_Area":39999.99999888241},"geometry":{"type":"MultiPolygon","coordinates":[[[[34.765522447910506,31.23449796872426],[34.76551410984991,31.236301750829824],[34.76761336473501,31.236308898485646],[34.767621662914316,31.23450511587458],[34.765522447910506,31.23449796872426]]]]}},{"type":"Feature","properties":{"X":34.76866382285637,"Y":31.235407905122013,"מספר_פוליגון":466,"גיל0_4":8.0,"גיל5_9":19.0,"גיל10_18":35.0,"גיל19_30":31.0,"גיל31_44":33.0,"גיל45_64":47.0,"גיל65_75":16.0,"גיל76פלוס":3.0,"Shape_Length":799.9999999944121,"Shape_Area":39999.99999944121},"geometry":{"type":"MultiPolygon","coordinates":[[[[34.767621662914316,31.23450511587458],[34.76761336473501,31.236308898485646],[34.76971262036708,31.2363160118714],[34.76972087866502,31.23451222875723],[34.767621662914316,31.23450511587458]]]]}},{"type":"Feature","properties":{"X":34.77076305887244,"Y":31.235415001057238,"מספר_פוליגון":467,"גיל0_4":17.0,"גיל5_9":32.0,"גיל10_18":42.0,"גיל19_30":59.0,"גיל31_44":67.0,"גיל45_64":124.0,"גיל65_75":53.0,"גיל76פלוס":46.0,"Shape_Length":799.9999999906868,"Shape_Area":39999.99999906868},"geometry":{"type":"MultiPolygon","coordinates":[[[[34.76972087866502,31.23451222875723],[34.76971262036708,31.2363160118714],[34.77181187674247,31.23632309098705],[34.77182009515898,31.234519307372206],[34.76972087866502,31.23451222875723]]]]}},{"type":"Feature","properties":{"X":34.772862295630034,"Y":31.23542206272355,"מספר_פוליגון":468,"גיל0_4":19.0,"גיל5_9":34.0,"גיל10_18":45.0,"גיל19_30":79.0,"גיל31_44":71.0,"גיל45_64":125.0,"גיל65_75":57.0,"גיל76פלוס":38.0,"Shape_Length":799.9999999944121,"Shape_Area":39999.99999944121},"geometry":{"type":"MultiPolygon","coordinates":[[[[34.77182009515898,31.234519307372206],[34.77181187674247,31.23632309098705],[34.773911133857645,31.236330135832542],[34.77391931239268,31.234526351719445],[34.77182009515898,31.234519307372206]]]]}},{"type":"Feature","properties":{"X":34.77496153312556,"Y":31.23542909012091,"מספר_פוליגון":469,"גיל0_4":36.0,"גיל5_9":56.0,"גיל10_18":59.0,"גיל19_30":103.0,"גיל31_44":109.0,"גיל45_64":172.0,"גיל65_75":92.0,"גיל76פלוס":61.0,"Shape_Length":799.9999999906868,"Shape_Area":39999.99999906868},"geometry":{"type":"MultiPolygon","coordinates":[[[[34.77391931239268,31.234526351719445],[34.773911133857645,31.236330135832542],[34.77601039170896,31.236337146407845],[34.77601853036245,31.23453336179891],[34.77391931239268,31.234526351719445]]]]}},{"type":"Feature","properties":{"X":34.777060771355444,"Y":31.23543608324926,"מספר_פוליגון":470,"גיל0_4":19.0,"גיל5_9":33.0,"גיל10_18":54.0,"גיל19_30":75.0,"גיל31_44":71.0,"גיל45_64":130.0,"גיל65_75":52.0,"גיל76פלוס":26.0,"Shape_Length":799.9999999944121,"Shape_Area":39999.99999944121},"geometry":{"type":"MultiPolygon","coordinates":[[[[34.77601853036245,31.23453336179891],[34.77601039170896,31.236337146407845],[34.77810965029288,31.23634412271291],[34.778117749064776,31.234540337610564],[34.77601853036245,31.23453336179891]]]]}},{"type":"Feature","properties":{"X":34.77916001031609,"Y":31.235443042108574,"מספר_פוליגון":471,"גיל0_4":28.0,"גיל5_9":45.0,"גיל10_18":57.0,"גיל19_30":66.0,"גיל31_44":105.0,"גיל45_64":114.0,"גיל65_75":46.0,"גיל76פלוס":35.0,"Shape_Length":799.9999999944121,"Shape_Area":39999.99999944121},"geometry":{"type":"MultiPolygon","coordinates":[[[[34.778117749064776,31.234540337610564],[34.77810965029288,31.23634412271291],[34.78020890960581,31.236351064747705],[34.78021696849605,31.234547279154352],[34.778117749064776,31.234540337610564]]]]}},{"type":"Feature","properties":{"X":34.78125925000391,"Y":31.23544996669879,"מספר_פוליגון":472,"גיל0_4":12.0,"גיל5_9":35.0,"גיל10_18":47.0,"גיל19_30":71.0,"גיל31_44":93.0,"גיל45_64":140.0,"גיל65_75":64.0,"גיל76פלוס":44.0,"Shape_Length":799.9999999888241,"Shape_Area":39999.99999888241},"geometry":{"type":"MultiPolygon","coordinates":[[[[34.78021696849605,31.234547279154352],[34.78020890960581,31.236351064747705],[34.78230816964411,31.236357972512163],[34.78231618865266,31.234554186430255],[34.78021696849605,31.234547279154352]]]]}},{"type":"Feature","properties":{"X":34.78335849041533,"Y":31.235456857019887,"מספר_פוליגון":473,"גיל0_4":24.0,"גיל5_9":38.0,"גיל10_18":32.0,"גיל19_30":42.0,"גיל31_44":70.0,"גיל45_64":76.0,"גיל65_75":28.0,"גיל76פלוס":17.0,"Shape_Length":799.9999999944121,"Shape_Area":39999.99999944121},"geometry":{"type":"MultiPolygon","coordinates":[[[[34.78231618865266,31.234554186430255],[34.78230816964411,31.236357972512163],[34.784407430404286,31.23636484600627],[34.78441540953105,31.234561059438196],[34.78231618865266,31.234554186430255]]]]}},{"type":"Feature","properties":{"X":34.785457731546764,"Y":31.23546371307182,"מספר_פוליגון":474,"גיל0_4":18.0,"גיל5_9":35.0,"גיל10_18":58.0,"גיל19_30":74.0,"גיל31_44":92.0,"גיל45_64":110.0,"גיל65_75":42.0,"גיל76פלוס":28.0,"Shape_Length":799.9999999906868,"Shape_Area":39999.99999906868},"geometry":{"type":"MultiPolygon","coordinates":[[[[34.78441540953105,31.234561059438196],[34.784407430404286,31.23636484600627],[34.78650669188267,31.236371685229976],[34.78651463112762,31.234567898178174],[34.78441540953105,31.234561059438196]]]]}},{"type":"Feature","properties":{"X":34.787556973394615,"Y":31.235470534854546,"מספר_פוליגון":475,"גיל0_4":23.0,"גיל5_9":27.0,"גיל10_18":51.0,"גיל19_30":44.0,"גיל31_44":47.0,"גיל45_64":61.0,"גיל65_75":32.0,"גיל76פלוס":12.0,"Shape_Length":799.9999999944121,"Shape_Area":39999.99999944121},"geometry":{"type":"MultiPolygon","coordinates":[[[[34.78651463112762,31.234567898178174],[34.78650669188267,31.236371685229976],[34.788605954075734,31.236378490183228],[34.78861385343881,31.234574702650125],[34.78651463112762,31.234567898178174]]]]}},{"type":"Feature","properties":{"X":34.789656215955304,"Y":31.235477322368016,"מספר_פוליגון":476,"גיל0_4":null,"גיל5_9":null,"גיל10_18":null,"גיל19_30":null,"גיל31_44":null,"גיל45_64":null,"גיל65_75":1.0,"גיל76פלוס":null,"Shape_Length":799.9999999906868,"Shape_Area":39999.99999906868},"geometry":{"type":"MultiPolygon","coordinates":[[[[34.78861385343881,31.234574702650125],[34.788605954075734,31.236378490183228],[34.79070521697986,31.23638526086602],[34.790713076460996,31.234581472854014],[34.78861385343881,31.234574702650125]]]]}},{"type":"Feature","properties":{"X":34.79175545922525,"Y":31.23548407561219,"מספר_פוליגון":477,"גיל0_4":null,"גיל5_9":null,"גיל10_18":null,"גיל19_30":null,"גיל31_44":null,"גיל45_64":null,"גיל65_75":null,"גיל76פלוס":null,"Shape_Length":799.9999999944121,"Shape_Area":39999.99999944121},"geometry":{"type":"MultiPolygon","coordinates":[[[[34.790713076460996,31.234581472854014],[34.79070521697986,31.23638526086602],[34.79280448059147,31.23639199727827],[34.792812300190626,31.23458820878978],[34.790713076460996,31.234581472854014]]]]}},{"type":"Feature","properties":{"X":34.793854703200864,"Y":31.23549079458704,"מספר_פוליגון":478,"גיל0_4":null,"גיל5_9":null,"גיל10_18":null,"גיל19_30":null,"גיל31_44":null,"גיל45_64":null,"גיל65_75":null,"גיל76פלוס":null,"Shape_Length":799.9999999944121,"Shape_Area":39999.99999944121},"geometry":{"type":"MultiPolygon","coordinates":[[[[34.792812300190626,31.23458820878978],[34.79280448059147,31.23639199727827],[34.794903744907,31.236398699419944],[34.79491152462411,31.234594910457417],[34.792812300190626,31.23458820878978]]]]}},{"type":"Feature","properties":{"X":34.79595394787856,"Y":31.23549747929252,"מספר_פוליגון":479,"גיל0_4":null,"גיל5_9":null,"גיל10_18":null,"גיל19_30":null,"גיל31_44":null,"גיל45_64":null,"גיל65_75":null,"גיל76פלוס":null,"Shape_Length":799.9999999888241,"Shape_Area":39999.99999888241},"geometry":{"type":"MultiPolygon","coordinates":[[[[34.79491152462411,31.234594910457417],[34.794903744907,31.236398699419944],[34.79700300992282,31.236405367291038],[34.79701074975782,31.234601577856875],[34.79491152462411,31.234594910457417]]]]}},{"type":"Feature","properties":{"X":34.798053193254745,"Y":31.235504129728593,"מספר_פוליגון":480,"גיל0_4":null,"גיל5_9":null,"גיל10_18":null,"גיל19_30":null,"גיל31_44":null,"גיל45_64":null,"גיל65_75":null,"גיל76פלוס":null,"Shape_Length":799.9999999944121,"Shape_Area":39999.99999944121},"geometry":{"type":"MultiPolygon","coordinates":[[[[34.79701074975782,31.234601577856875],[34.79700300992282,31.236405367291038],[34.79910227563538,31.23641200089149],[34.79910997558824,31.23460821098811],[34.79701074975782,31.234601577856875]]]]}},{"type":"Feature","properties":{"X":34.80015243932584,"Y":31.235510745895215,"מספר_פוליגון":481,"גיל0_4":null,"גיל5_9":null,"גיל10_18":null,"גיל19_30":null,"גיל31_44":null,"גיל45_64":1.0,"גיל65_75":1.0,"גיל76פלוס":2.0,"Shape_Length":799.9999999906868,"Shape_Area":39999.99999906868},"geometry":{"type":"MultiPolygon","coordinates":[[[[34.79910997558824,31.23460821098811],[34.79910227563538,31.23641200089149],[34.801201542041056,31.236418600221246],[34.801209202111714,31.23461480985108],[34.79910997558824,31.23460821098811]]]]}},{"type":"Feature","properties":{"X":34.80225168608826,"Y":31.23551732779234,"מספר_פוליגון":482,"גיל0_4":null,"גיל5_9":null,"גיל10_18":null,"גיל19_30":null,"גיל31_44":null,"גיל45_64":null,"גיל65_75":null,"גיל76פלוס":null,"Shape_Length":799.9999999944121,"Shape_Area":39999.99999944121},"geometry":{"type":"MultiPolygon","coordinates":[[[[34.801209202111714,31.23461480985108],[34.801201542041056,31.236418600221246],[34.80330080913633,31.236425165280274],[34.80330842932472,31.23462137444574],[34.801209202111714,31.23461480985108]]]]}},{"type":"Feature","properties":{"X":34.80435093353843,"Y":31.235523875419933,"מספר_פוליגון":483,"גיל0_4":null,"גיל5_9":null,"גיל10_18":null,"גיל19_30":null,"גיל31_44":null,"גיל45_64":null,"גיל65_75":null,"גיל76פלוס":null,"Shape_Length":799.9999999906868,"Shape_Area":39999.99999906868},"geometry":{"type":"MultiPolygon","coordinates":[[[[34.80330842932472,31.23462137444574],[34.80330080913633,31.236425165280274],[34.80540007691755,31.23643169606856],[34.80540765722362,31.234627904772044],[34.80330842932472,31.23462137444574]]]]}},{"type":"Feature","properties":{"X":34.80645018167275,"Y":31.23553038877796,"מספר_פוליגון":484,"גיל0_4":null,"גיל5_9":null,"גיל10_18":null,"גיל19_30":null,"גיל31_44":null,"גיל45_64":null,"גיל65_75":null,"גיל76פלוס":null,"Shape_Length":799.9999999944121,"Shape_Area":39999.99999944121},"geometry":{"type":"MultiPolygon","coordinates":[[[[34.80540765722362,31.234627904772044],[34.80540007691755,31.23643169606856],[34.80749934538118,31.23643819258603],[34.80750688580487,31.234634400830004],[34.80540765722362,31.234627904772044]]]]}},{"type":"Feature","properties":{"X":34.80854943048763,"Y":31.23553686786639,"מספר_פוליגון":485,"גיל0_4":null,"גיל5_9":null,"גיל10_18":null,"גיל19_30":null,"גיל31_44":null,"גיל45_64":null,"גיל65_75":null,"גיל76פלוס":null,"Shape_Length":799.9999999944121,"Shape_Area":39999.99999944121},"geometry":{"type":"MultiPolygon","coordinates":[[[[34.80750688580487,31.234634400830004],[34.80749934538118,31.23643819258603],[34.809598614523594,31.236444654832663],[34.809606115064874,31.234640862619518],[34.80750688580487,31.234634400830004]]]]}},{"type":"Feature","properties":{"X":34.81064867997949,"Y":31.23554331268516,"מספר_פוליגון":486,"גיל0_4":null,"גיל5_9":null,"גיל10_18":null,"גיל19_30":null,"גיל31_44":null,"גיל45_64":null,"גיל65_75":null,"גיל76פלוס":null,"Shape_Length":799.9999999888241,"Shape_Area":39999.99999888241},"geometry":{"type":"MultiPolygon","coordinates":[[[[34.809606115064874,31.234640862619518],[34.809598614523594,31.236444654832663],[34.811697884341214,31.236451082808408],[34.811705345,31.234647290140586],[34.809606115064874,31.234640862619518]]]]}},{"type":"Feature","properties":{"X":34.812747930144745,"Y":31.235549723234243,"מספר_פוליגון":487,"גיל0_4":null,"גיל5_9":null,"גיל10_18":null,"גיל19_30":null,"גיל31_44":null,"גיל45_64":null,"גיל65_75":null,"גיל76פלוס":null,"Shape_Length":799.9999999944121,"Shape_Area":39999.99999944121},"geometry":{"type":"MultiPolygon","coordinates":[[[[34.811705345,31.234647290140586],[34.811697884341214,31.236451082808408],[34.813797154830475,31.236457476513262],[34.81380457560673,31.234653683393145],[34.811705345,31.234647290140586]]]]}},{"type":"Feature","properties":{"X":34.81484718097982,"Y":31.235556099513616,"מספר_פוליגון":488,"גיל0_4":null,"גיל5_9":null,"גיל10_18":null,"גיל19_30":null,"גיל31_44":null,"גיל45_64":null,"גיל65_75":null,"גיל76פלוס":null,"Shape_Length":799.9999999906868,"Shape_Area":39999.99999906868},"geometry":{"type":"MultiPolygon","coordinates":[[[[34.81380457560673,31.234653683393145],[34.813797154830475,31.236457476513262],[34.81589642598775,31.236463835947127],[34.81590380688143,31.234660042377183],[34.81380457560673,31.234653683393145]]]]}},{"type":"Feature","properties":{"X":34.816946432481124,"Y":31.235562441523225,"מספר_פוליגון":489,"גיל0_4":6.0,"גיל5_9":6.0,"גיל10_18":2.0,"גיל19_30":1.0,"גיל31_44":6.0,"גיל45_64":4.0,"גיל65_75":2.0,"גיל76פלוס":null,"Shape_Length":799.9999999944121,"Shape_Area":39999.99999944121},"geometry":{"type":"MultiPolygon","coordinates":[[[[34.81590380688143,31.234660042377183],[34.81589642598775,31.236463835947127],[34.81799569780952,31.236470161109995],[34.818003038820564,31.234666367092625],[34.81590380688143,31.234660042377183]]]]}},{"type":"Feature","properties":{"X":34.81904568464505,"Y":31.235568749263027,"מספר_פוליגון":490,"גיל0_4":2.0,"גיל5_9":null,"גיל10_18":null,"גיל19_30":4.0,"גיל31_44":1.0,"גיל45_64":2.0,"גיל65_75":null,"גיל76פלוס":null,"Shape_Length":799.9999999888241,"Shape_Area":39999.99999888241},"geometry":{"type":"MultiPolygon","coordinates":[[[[34.818003038820564,31.234666367092625],[34.81799569780952,31.236470161109995],[34.820094970292125,31.236476452001853],[34.820102271420474,31.23467265753947],[34.818003038820564,31.234666367092625]]]]}},{"type":"Feature","properties":{"X":34.821144937468034,"Y":31.235575022733002,"מספר_פוליגון":491,"גיל0_4":null,"גיל5_9":null,"גיל10_18":null,"גיל19_30":null,"גיל31_44":null,"גיל45_64":null,"גיל65_75":null,"גיל76פלוס":null,"Shape_Length":799.9999999944121,"Shape_Area":39999.99999944121},"geometry":{"type":"MultiPolygon","coordinates":[[[[34.820102271420474,31.23467265753947],[34.820094970292125,31.236476452001853],[34.822194243432044,31.236482708622646],[34.82220150467766,31.23467891371766],[34.820102271420474,31.23467265753947]]]]}},{"type":"Feature","properties":{"X":34.823244190946504,"Y":31.235581261933092,"מספר_פוליגון":492,"גיל0_4":null,"גיל5_9":null,"גיל10_18":null,"גיל19_30":null,"גיל31_44":null,"גיל45_64":null,"גיל65_75":null,"גיל76פלוס":null,"Shape_Length":799.9999999962747,"Shape_Area":39999.99999962747},"geometry":{"type":"MultiPolygon","coordinates":[[[[34.82220150467766,31.23467891371766],[34.822194243432044,31.236482708622646],[34.82429351722568,31.236488930972314],[34.82430073858849,31.234685135627164],[34.82220150467766,31.23467891371766]]]]}},{"type":"Feature","properties":{"X":34.82534344507684,"Y":31.23558746686326,"מספר_פוליגון":493,"גיל0_4":null,"גיל5_9":null,"גיל10_18":null,"גיל19_30":null,"גיל31_44":null,"גיל45_64":null,"גיל65_75":null,"גיל76פלוס":null,"Shape_Length":799.9999999888241,"Shape_Area":39999.99999888241},"geometry":{"type":"MultiPolygon","coordinates":[[[[34.82430073858849,31.234685135627164],[34.82429351722568,31.236488930972314],[34.82639279166938,31.236495119050844],[34.826399973149364,31.234691323267942],[34.82430073858849,31.234685135627164]]]]}},{"type":"Feature","properties":{"X":34.82744269985547,"Y":31.235593637523493,"מספר_פוליגון":494,"גיל0_4":null,"גיל5_9":null,"גיל10_18":null,"גיל19_30":null,"גיל31_44":null,"גיל45_64":null,"גיל65_75":null,"גיל76פלוס":null,"Shape_Length":799.9999999944121,"Shape_Area":39999.99999944121},"geometry":{"type":"MultiPolygon","coordinates":[[[[34.826399973149364,31.234691323267942],[34.82639279166938,31.236495119050844],[34.828492066759644,31.23650127285819],[34.828499208356725,31.23469747663998],[34.826399973149364,31.234691323267942]]]]}},{"type":"Feature","properties":{"X":34.74976209518996,"Y":31.237146277604424,"מספר_פוליגון":495,"גיל0_4":null,"גיל5_9":null,"גיל10_18":null,"גיל19_30":null,"גיל31_44":null,"גיל45_64":null,"גיל65_75":null,"גיל76פלוס":null,"Shape_Length":799.9999999962747,"Shape_Area":39999.99999962747},"geometry":{"type":"MultiPolygon","coordinates":[[[[34.74872009808859,31.23624333586602],[34.74871144020053,31.238047113331575],[34.75081072886553,31.23805453567127],[34.75081934686919,31.236250757680818],[34.74872009808859,31.23624333586602]]]]}},{"type":"Feature","properties":{"X":34.75186136425361,"Y":31.237153682481658,"מספר_פוליגון":496,"גיל0_4":null,"גיל5_9":null,"גיל10_18":null,"גיל19_30":null,"גיל31_44":null,"גיל45_64":null,"גיל65_75":null,"גיל76פלוס":null,"Shape_Length":800.0000000018626,"Shape_Area":40000.000000186265},"geometry":{"type":"MultiPolygon","coordinates":[[[[34.75081934686919,31.236250757680818],[34.75081072886553,31.23805453567127],[34.75291001830624,31.238061923738833],[34.752918596425424,31.236258145225893],[34.75081934686919,31.236250757680818]]]]}},{"type":"Feature","properties":{"X":34.75396063409112,"Y":31.237161053087945,"מספר_פוליגון":497,"גיל0_4":null,"גיל5_9":null,"גיל10_18":null,"גיל19_30":null,"גיל31_44":null,"גיל45_64":null,"גיל65_75":null,"גיל76פלוס":null,"Shape_Length":800.0000000018626,"Shape_Area":40000.000000186265},"geometry":{"type":"MultiPolygon","coordinates":[[[[34.752918596425424,31.236258145225893],[34.75291001830624,31.238061923738833],[34.755009308519035,31.23806927753423],[34.7550178467537,31.236265498501215],[34.752918596425424,31.236258145225893]]]]}},{"type":"Feature","properties":{"X":34.7560599046989,"Y":31.237168389423235,"מספר_פוליגון":498,"גיל0_4":null,"גיל5_9":null,"גיל10_18":null,"גיל19_30":null,"גיל31_44":null,"גיל45_64":null,"גיל65_75":null,"גיל76פלוס":null,"Shape_Length":799.9999999981374,"Shape_Area":39999.999999813735},"geometry":{"type":"MultiPolygon","coordinates":[[[[34.7550178467537,31.236265498501215],[34.755009308519035,31.23806927753423],[34.75710859950032,31.238076597057354],[34.7571170978504,31.23627281750673],[34.7550178467537,31.236265498501215]]]]}},{"type":"Feature","properties":{"X":34.75815917607337,"Y":31.23717569148749,"מספר_פוליגון":499,"גיל0_4":null,"גיל5_9":null,"גיל10_18":null,"גיל19_30":null,"גיל31_44":null,"גיל45_64":null,"גיל65_75":null,"גיל76פלוס":null,"Shape_Length":800.0000000018626,"Shape_Area":40000.000000186265},"geometry":{"type":"MultiPolygon","coordinates":[[[[34.7571170978504,31.23627281750673],[34.75710859950032,31.238076597057354],[34.75920789124655,31.23808388230824],[34.759216349711956,31.236280102242386],[34.7571170978504,31.23627281750673]]]]}},{"type":"Feature","properties":{"X":34.76025844821093,"Y":31.237182959280663,"מספר_פוליגון":500,"גיל0_4":null,"גיל5_9":null,"גיל10_18":null,"גיל19_30":null,"גיל31_44":null,"גיל45_64":null,"גיל65_75":null,"גיל76פלוס":null,"Shape_Length":799.9999999981374,"Shape_Area":39999.999999813735},"geometry":{"type":"MultiPolygon","coordinates":[[[[34.759216349711956,31.236280102242386],[34.75920789124655,31.23808388230824],[34.76130718375406,31.238091133286805],[34.76131560233477,31.23628735270815],[34.759216349711956,31.236280102242386]]]]}},{"type":"Feature","properties":{"X":34.76235772110799,"Y":31.237190192802714,"מספר_פוליגון":501,"גיל0_4":4.0,"גיל5_9":17.0,"גיל10_18":24.0,"גיל19_30":42.0,"גיל31_44":20.0,"גיל45_64":37.0,"גיל65_75":8.0,"גיל76פלוס":2.0,"Shape_Length":800.0000000018626,"Shape_Area":40000.000000186265},"geometry":{"type":"MultiPolygon","coordinates":[[[[34.76131560233477,31.23628735270815],[34.76130718375406,31.238091133286805],[34.76340647701936,31.238098349993003],[34.7634148557153,31.236294568903975],[34.76131560233477,31.23628735270815]]]]}},{"type":"Feature","properties":{"X":34.76445699476099,"Y":31.2371973920536,"מספר_פוליגון":502,"גיל0_4":9.0,"גיל5_9":9.0,"גיל10_18":18.0,"גיל19_30":46.0,"גיל31_44":19.0,"גיל45_64":43.0,"גיל65_75":9.0,"גיל76פלוס":1.0,"Shape_Length":800.0000000018626,"Shape_Area":40000.000000186265},"geometry":{"type":"MultiPolygon","coordinates":[[[[34.7634148557153,31.236294568903975],[34.76340647701936,31.238098349993003],[34.765505771038804,31.238105532426804],[34.76551410984991,31.236301750829824],[34.7634148557153,31.236294568903975]]]]}},{"type":"Feature","properties":{"X":34.766556269166315,"Y":31.237204557033277,"מספר_פוליגון":503,"גיל0_4":14.0,"גיל5_9":29.0,"גיל10_18":28.0,"גיל19_30":39.0,"גיל31_44":59.0,"גיל45_64":87.0,"גיל65_75":45.0,"גיל76פלוס":26.0,"Shape_Length":799.9999999962747,"Shape_Area":39999.99999962747},"geometry":{"type":"MultiPolygon","coordinates":[[[[34.76551410984991,31.236301750829824],[34.765505771038804,31.238105532426804],[34.7676050658088,31.23811268058817],[34.76761336473501,31.236308898485646],[34.76551410984991,31.236301750829824]]]]}},{"type":"Feature","properties":{"X":34.76865554432039,"Y":31.237211687741706,"מספר_פוליגון":504,"גיל0_4":17.0,"גיל5_9":35.0,"גיל10_18":46.0,"גיל19_30":57.0,"גיל31_44":69.0,"גיל45_64":94.0,"גיל65_75":27.0,"גיל76פלוס":24.0,"Shape_Length":800.0000000018626,"Shape_Area":40000.000000186265},"geometry":{"type":"MultiPolygon","coordinates":[[[[34.76761336473501,31.236308898485646],[34.7676050658088,31.23811268058817],[34.76970436132582,31.23811979447704],[34.76971262036708,31.2363160118714],[34.76761336473501,31.236308898485646]]]]}},{"type":"Feature","properties":{"X":34.77075482021963,"Y":31.237218784178832,"מספר_פוליגון":505,"גיל0_4":54.0,"גיל5_9":113.0,"גיל10_18":140.0,"גיל19_30":192.0,"גיל31_44":189.0,"גיל45_64":303.0,"גיל65_75":136.0,"גיל76פלוס":107.0,"Shape_Length":799.9999999981374,"Shape_Area":39999.999999813735},"geometry":{"type":"MultiPolygon","coordinates":[[[[34.76971262036708,31.2363160118714],[34.76970436132582,31.23811979447704],[34.77180365758622,31.23812687409339],[34.77181187674247,31.23632309098705],[34.76971262036708,31.2363160118714]]]]}},{"type":"Feature","properties":{"X":34.772854096860456,"Y":31.23722584634462,"מספר_פוליגון":506,"גיל0_4":30.0,"גיל5_9":56.0,"גיל10_18":56.0,"גיל19_30":92.0,"גיל31_44":121.0,"גיל45_64":139.0,"גיל65_75":93.0,"גיל76פלוס":56.0,"Shape_Length":800.0000000018626,"Shape_Area":40000.000000186265},"geometry":{"type":"MultiPolygon","coordinates":[[[[34.77181187674247,31.23632309098705],[34.77180365758622,31.23812687409339],[34.77390295458644,31.238133919437146],[34.773911133857645,31.236330135832542],[34.77181187674247,31.23632309098705]]]]}},{"type":"Feature","properties":{"X":34.77495337423929,"Y":31.23723287423904,"מספר_פוליגון":507,"גיל0_4":16.0,"גיל5_9":21.0,"גיל10_18":30.0,"גיל19_30":65.0,"גיל31_44":59.0,"גיל45_64":106.0,"גיל65_75":61.0,"גיל76פלוס":55.0,"Shape_Length":799.9999999981374,"Shape_Area":39999.999999813735},"geometry":{"type":"MultiPolygon","coordinates":[[[[34.773911133857645,31.236330135832542],[34.77390295458644,31.238133919437146],[34.77600225232288,31.2381409305083],[34.77601039170896,31.236337146407845],[34.773911133857645,31.236330135832542]]]]}},{"type":"Feature","properties":{"X":34.777052652352516,"Y":31.237239867862037,"מספר_פוליגון":508,"גיל0_4":26.0,"גיל5_9":60.0,"גיל10_18":43.0,"גיל19_30":102.0,"גיל31_44":114.0,"גיל45_64":163.0,"גיל65_75":93.0,"גיל76פלוס":79.0,"Shape_Length":800.0000000018626,"Shape_Area":40000.000000186265},"geometry":{"type":"MultiPolygon","coordinates":[[[[34.77601039170896,31.236337146407845],[34.77600225232288,31.2381409305083],[34.778101550791995,31.2381479073068],[34.77810965029288,31.23634412271291],[34.77601039170896,31.236337146407845]]]]}},{"type":"Feature","properties":{"X":34.77915193119659,"Y":31.237246827213557,"מספר_פוליגון":509,"גיל0_4":26.0,"גיל5_9":31.0,"גיל10_18":43.0,"גיל19_30":106.0,"גיל31_44":103.0,"גיל45_64":183.0,"גיל65_75":108.0,"גיל76פלוס":66.0,"Shape_Length":800.0000000018626,"Shape_Area":40000.000000186265},"geometry":{"type":"MultiPolygon","coordinates":[[[[34.77810965029288,31.23634412271291],[34.778101550791995,31.2381479073068],[34.780200849990145,31.238154849832597],[34.78020890960581,31.236351064747705],[34.77810965029288,31.23634412271291]]]]}},{"type":"Feature","properties":{"X":34.78125121076788,"Y":31.237253752293572,"מספר_פוליגון":510,"גיל0_4":17.0,"גיל5_9":25.0,"גיל10_18":22.0,"גיל19_30":30.0,"גיל31_44":33.0,"גיל45_64":47.0,"גיל65_75":41.0,"גיל76פלוס":31.0,"Shape_Length":799.9999999962747,"Shape_Area":39999.99999962747},"geometry":{"type":"MultiPolygon","coordinates":[[[[34.78020890960581,31.236351064747705],[34.780200849990145,31.238154849832597],[34.78230014991374,31.238161758085656],[34.78230816964411,31.236357972512163],[34.78020890960581,31.236351064747705]]]]}},{"type":"Feature","properties":{"X":34.783350491062805,"Y":31.23726064310205,"מספר_פוליגון":511,"גיל0_4":19.0,"גיל5_9":28.0,"גיל10_18":22.0,"גיל19_30":34.0,"גיל31_44":50.0,"גיל45_64":49.0,"גיל65_75":26.0,"גיל76פלוס":24.0,"Shape_Length":800.0000000018626,"Shape_Area":40000.000000186265},"geometry":{"type":"MultiPolygon","coordinates":[[[[34.78230816964411,31.236357972512163],[34.78230014991374,31.238161758085656],[34.78439945055926,31.238168632065936],[34.784407430404286,31.23636484600627],[34.78230816964411,31.236357972512163]]]]}},{"type":"Feature","properties":{"X":34.785449772077826,"Y":31.237267499638932,"מספר_פוליגון":512,"גיל0_4":6.0,"גיל5_9":5.0,"גיל10_18":5.0,"גיל19_30":19.0,"גיל31_44":26.0,"גיל45_64":34.0,"גיל65_75":29.0,"גיל76פלוס":7.0,"Shape_Length":799.9999999981374,"Shape_Area":39999.999999813735},"geometry":{"type":"MultiPolygon","coordinates":[[[[34.784407430404286,31.23636484600627],[34.78439945055926,31.238168632065936],[34.78649875192306,31.2381754717734],[34.78650669188267,31.236371685229976],[34.784407430404286,31.23636484600627]]]]}},{"type":"Feature","properties":{"X":34.78754905380932,"Y":31.23727432190419,"מספר_פוליגון":513,"גיל0_4":5.0,"גיל5_9":4.0,"גיל10_18":1.0,"גיל19_30":10.0,"גיל31_44":14.0,"גיל45_64":22.0,"גיל65_75":16.0,"גיל76פלוס":12.0,"Shape_Length":800.0000000018626,"Shape_Area":40000.000000186265},"geometry":{"type":"MultiPolygon","coordinates":[[[[34.78650669188267,31.236371685229976],[34.78649875192306,31.2381754717734],[34.78859805400159,31.238182277207983],[34.788605954075734,31.236378490183228],[34.78650669188267,31.236371685229976]]]]}},{"type":"Feature","properties":{"X":34.789648336253705,"Y":31.237281109897776,"מספר_פוליגון":514,"גיל0_4":3.0,"גיל5_9":4.0,"גיל10_18":2.0,"גיל19_30":2.0,"גיל31_44":5.0,"גיל45_64":17.0,"גיל65_75":5.0,"גיל76פלוס":8.0,"Shape_Length":799.9999999981374,"Shape_Area":39999.999999813735},"geometry":{"type":"MultiPolygon","coordinates":[[[[34.788605954075734,31.236378490183228],[34.78859805400159,31.238182277207983],[34.79069735679121,31.238189048369676],[34.79070521697986,31.23638526086602],[34.788605954075734,31.236378490183228]]]]}},{"type":"Feature","properties":{"X":34.791747619407396,"Y":31.237287863619652,"מספר_פוליגון":515,"גיל0_4":null,"גיל5_9":null,"גיל10_18":null,"גיל19_30":null,"גיל31_44":null,"גיל45_64":3.0,"גיל65_75":2.0,"גיל76פלוס":6.0,"Shape_Length":800.0000000018626,"Shape_Area":40000.000000186265},"geometry":{"type":"MultiPolygon","coordinates":[[[[34.79070521697986,31.23638526086602],[34.79069735679121,31.238189048369676],[34.792796660288424,31.238195785258434],[34.79280448059147,31.23639199727827],[34.79070521697986,31.23638526086602]]]]}},{"type":"Feature","properties":{"X":34.79384690326682,"Y":31.237294583069783,"מספר_פוליגון":516,"גיל0_4":null,"גיל5_9":1.0,"גיל10_18":2.0,"גיל19_30":null,"גיל31_44":1.0,"גיל45_64":1.0,"גיל65_75":null,"גיל76פלוס":null,"Shape_Length":800.0000000018626,"Shape_Area":40000.000000186265},"geometry":{"type":"MultiPolygon","coordinates":[[[[34.79280448059147,31.23639199727827],[34.792796660288424,31.238195785258434],[34.794895964489584,31.238202487874194],[34.794903744907,31.236398699419944],[34.79280448059147,31.23639199727827]]]]}},{"type":"Feature","properties":{"X":34.79594618782837,"Y":31.237301268248117,"מספר_פוליגון":517,"גיל0_4":null,"גיל5_9":null,"גיל10_18":null,"גיל19_30":null,"גיל31_44":null,"גיל45_64":null,"גיל65_75":null,"גיל76פלוס":null,"Shape_Length":799.9999999962747,"Shape_Area":39999.99999962747},"geometry":{"type":"MultiPolygon","coordinates":[[[[34.794903744907,31.236398699419944],[34.794895964489584,31.238202487874194],[34.796995269391076,31.23820915621693],[34.79700300992282,31.236405367291038],[34.794903744907,31.236398699419944]]]]}},{"type":"Feature","properties":{"X":34.79804547308847,"Y":31.237307919154613,"מספר_פוליגון":518,"גיל0_4":null,"גיל5_9":null,"גיל10_18":null,"גיל19_30":null,"גיל31_44":null,"גיל45_64":null,"גיל65_75":null,"גיל76פלוס":null,"Shape_Length":800.0000000018626,"Shape_Area":40000.000000186265},"geometry":{"type":"MultiPolygon","coordinates":[[[[34.79700300992282,31.236405367291038],[34.796995269391076,31.23820915621693],[34.799094574989375,31.2382157902866],[34.79910227563538,31.23641200089149],[34.79700300992282,31.236405367291038]]]]}},{"type":"Feature","properties":{"X":34.80014475904353,"Y":31.237314535789245,"מספר_פוליגון":519,"גיל0_4":null,"גיל5_9":null,"גיל10_18":null,"גיל19_30":null,"גיל31_44":null,"גיל45_64":null,"גיל65_75":null,"גיל76פלוס":null,"Shape_Length":799.9999999981374,"Shape_Area":39999.999999813735},"geometry":{"type":"MultiPolygon","coordinates":[[[[34.79910227563538,31.23641200089149],[34.799094574989375,31.2382157902866],[34.80119388128087,31.238222390083163],[34.801201542041056,31.236418600221246],[34.79910227563538,31.23641200089149]]]]}},{"type":"Feature","properties":{"X":34.80224404568998,"Y":31.23732111815197,"מספר_פוליגון":520,"גיל0_4":null,"גיל5_9":null,"גיל10_18":null,"גיל19_30":null,"גיל31_44":null,"גיל45_64":null,"גיל65_75":null,"גיל76פלוס":null,"Shape_Length":800.0000000018626,"Shape_Area":40000.000000186265},"geometry":{"type":"MultiPolygon","coordinates":[[[[34.801201542041056,31.236418600221246],[34.80119388128087,31.238222390083163],[34.803293188261975,31.238228955606587],[34.80330080913633,31.236425165280274],[34.801201542041056,31.236418600221246]]]]}},{"type":"Feature","properties":{"X":34.80434333302423,"Y":31.237327666242738,"מספר_פוליגון":521,"גיל0_4":null,"גיל5_9":null,"גיל10_18":null,"גיל19_30":null,"גיל31_44":null,"גיל45_64":null,"גיל65_75":null,"גיל76פלוס":null,"Shape_Length":799.9999999981374,"Shape_Area":39999.999999813735},"geometry":{"type":"MultiPolygon","coordinates":[[[[34.80330080913633,31.236425165280274],[34.803293188261975,31.238228955606587],[34.8053924959291,31.238235486856826],[34.80540007691755,31.23643169606856],[34.80330080913633,31.236425165280274]]]]}},{"type":"Feature","properties":{"X":34.80644262104268,"Y":31.237334180061524,"מספר_פוליגון":522,"גיל0_4":null,"גיל5_9":null,"גיל10_18":null,"גיל19_30":null,"גיל31_44":null,"גיל45_64":null,"גיל65_75":null,"גיל76פלוס":null,"Shape_Length":800.0000000018626,"Shape_Area":40000.000000186265},"geometry":{"type":"MultiPolygon","coordinates":[[[[34.80540007691755,31.23643169606856],[34.8053924959291,31.238235486856826],[34.80749180427868,31.23824198383385],[34.80749934538118,31.23643819258603],[34.80540007691755,31.23643169606856]]]]}},{"type":"Feature","properties":{"X":34.80854190974175,"Y":31.237340659608282,"מספר_פוליגון":523,"גיל0_4":null,"גיל5_9":null,"גיל10_18":null,"גיל19_30":null,"גיל31_44":null,"גיל45_64":null,"גיל65_75":null,"גיל76פלוס":null,"Shape_Length":800.0000000018626,"Shape_Area":40000.000000186265},"geometry":{"type":"MultiPolygon","coordinates":[[[[34.80749934538118,31.23643819258603],[34.80749180427868,31.23824198383385],[34.80959111330712,31.238248446537614],[34.809598614523594,31.236444654832663],[34.80749934538118,31.23643819258603]]]]}},{"type":"Feature","properties":{"X":34.81064119911785,"Y":31.237347104882968,"מספר_פוליגון":524,"גיל0_4":null,"גיל5_9":null,"גיל10_18":null,"גיל19_30":null,"גיל31_44":null,"גיל45_64":null,"גיל65_75":null,"גיל76פלוס":null,"Shape_Length":799.9999999962747,"Shape_Area":39999.99999962747},"geometry":{"type":"MultiPolygon","coordinates":[[[[34.809598614523594,31.236444654832663],[34.80959111330712,31.238248446537614],[34.81169042301079,31.238254874968064],[34.811697884341214,31.236451082808408],[34.809598614523594,31.236444654832663]]]]}},{"type":"Feature","properties":{"X":34.812740489167396,"Y":31.237353515885538,"מספר_פוליגון":525,"גיל0_4":null,"גיל5_9":null,"גיל10_18":null,"גיל19_30":null,"גיל31_44":null,"גיל45_64":null,"גיל65_75":null,"גיל76פלוס":null,"Shape_Length":800.0000000018626,"Shape_Area":40000.000000186265},"geometry":{"type":"MultiPolygon","coordinates":[[[[34.811697884341214,31.236451082808408],[34.81169042301079,31.238254874968064],[34.81378973338617,31.23826126912519],[34.813797154830475,31.236457476513262],[34.811697884341214,31.236451082808408]]]]}},{"type":"Feature","properties":{"X":34.81483977988681,"Y":31.237359892615977,"מספר_פוליגון":526,"גיל0_4":null,"גיל5_9":null,"גיל10_18":null,"גיל19_30":null,"גיל31_44":null,"גיל45_64":null,"גיל65_75":null,"גיל76פלוס":null,"Shape_Length":799.9999999981374,"Shape_Area":39999.999999813735},"geometry":{"type":"MultiPolygon","coordinates":[[[[34.813797154830475,31.236457476513262],[34.81378973338617,31.23826126912519],[34.81588904442962,31.238267629008924],[34.81589642598775,31.236463835947127],[34.813797154830475,31.236457476513262]]]]}},{"type":"Feature","properties":{"X":34.8169390712725,"Y":31.237366235074234,"מספר_פוליגון":527,"גיל0_4":null,"גיל5_9":null,"גיל10_18":null,"גיל19_30":null,"גיל31_44":null,"גיל45_64":null,"גיל65_75":null,"גיל76פלוס":null,"Shape_Length":800.0000000018626,"Shape_Area":40000.000000186265},"geometry":{"type":"MultiPolygon","coordinates":[[[[34.81589642598775,31.236463835947127],[34.81588904442962,31.238267629008924],[34.81798835613761,31.23827395461926],[34.81799569780952,31.236470161109995],[34.81589642598775,31.236463835947127]]]]}},{"type":"Feature","properties":{"X":34.819038363320885,"Y":31.23737254326027,"מספר_פוליגון":528,"גיל0_4":null,"גיל5_9":null,"גיל10_18":null,"גיל19_30":null,"גיל31_44":null,"גיל45_64":null,"גיל65_75":null,"גיל76פלוס":null,"Shape_Length":799.9999999962747,"Shape_Area":39999.99999962747},"geometry":{"type":"MultiPolygon","coordinates":[[[[34.81799569780952,31.236470161109995],[34.81798835613761,31.23827395461926],[34.820087668506496,31.238280245956133],[34.820094970292125,31.236476452001853],[34.81799569780952,31.236470161109995]]]]}},{"type":"Feature","properties":{"X":34.82113765602838,"Y":31.237378817174047,"מספר_פוליגון":529,"גיל0_4":null,"גיל5_9":null,"גיל10_18":null,"גיל19_30":null,"גיל31_44":null,"גיל45_64":null,"גיל65_75":null,"גיל76פלוס":null,"Shape_Length":800.0000000018626,"Shape_Area":40000.000000186265},"geometry":{"type":"MultiPolygon","coordinates":[[[[34.820094970292125,31.236476452001853],[34.820087668506496,31.238280245956133],[34.822186981532724,31.238286503019513],[34.822194243432044,31.236482708622646],[34.820094970292125,31.236476452001853]]]]}},{"type":"Feature","properties":{"X":34.8232369493914,"Y":31.23738505681553,"מספר_פוליגון":530,"גיל0_4":null,"גיל5_9":null,"גיל10_18":null,"גיל19_30":null,"גיל31_44":null,"גיל45_64":null,"גיל65_75":null,"גיל76פלוס":null,"Shape_Length":800.0000000037253,"Shape_Area":40000.00000037253},"geometry":{"type":"MultiPolygon","coordinates":[[[[34.822194243432044,31.236482708622646],[34.822186981532724,31.238286503019513],[34.824286295212744,31.23829272580937],[34.82429351722568,31.236488930972314],[34.822194243432044,31.236482708622646]]]]}},{"type":"Feature","properties":{"X":34.82533624340635,"Y":31.23739126218467,"מספר_פוליגון":531,"גיל0_4":null,"גיל5_9":null,"גיל10_18":null,"גיל19_30":null,"גיל31_44":null,"גיל45_64":null,"גיל65_75":null,"גיל76פלוס":null,"Shape_Length":799.9999999962747,"Shape_Area":39999.99999962747},"geometry":{"type":"MultiPolygon","coordinates":[[[[34.82429351722568,31.236488930972314],[34.824286295212744,31.23829272580937],[34.82638560954287,31.238298914325675],[34.82639279166938,31.236495119050844],[34.82429351722568,31.236488930972314]]]]}},{"type":"Feature","properties":{"X":34.82743553806963,"Y":31.237397433281448,"מספר_פוליגון":532,"גיל0_4":null,"גיל5_9":null,"גיל10_18":null,"גיל19_30":null,"גיל31_44":null,"גיל45_64":null,"גיל65_75":null,"גיל76פלוס":null,"Shape_Length":800.0000000018626,"Shape_Area":40000.000000186265},"geometry":{"type":"MultiPolygon","coordinates":[[[[34.82639279166938,31.236495119050844],[34.82638560954287,31.238298914325675],[34.82848492451961,31.238305068568355],[34.828492066759644,31.23650127285819],[34.82639279166938,31.236495119050844]]]]}},{"type":"Feature","properties":{"X":34.74975345693059,"Y":31.238950055089397,"מספר_פוליגון":533,"גיל0_4":null,"גיל5_9":null,"גיל10_18":null,"גיל19_30":null,"גיל31_44":null,"גיל45_64":null,"גיל65_75":null,"גיל76פלוס":null,"Shape_Length":800.0,"Shape_Area":40000.0},"geometry":{"type":"MultiPolygon","coordinates":[[[[34.74871144020053,31.238047113331575],[34.748702781533204,31.239850890288402],[34.7508021100862,31.239858313153025],[34.75081072886553,31.23805453567127],[34.74871144020053,31.238047113331575]]]]}},{"type":"Feature","properties":{"X":34.75185276588047,"Y":31.238957460490337,"מספר_פוליגון":534,"גיל0_4":null,"גיל5_9":null,"גיל10_18":null,"גיל19_30":null,"גיל31_44":null,"גיל45_64":null,"גיל65_75":null,"גיל76פלוס":null,"Shape_Length":800.0000000055879,"Shape_Area":40000.00000055879},"geometry":{"type":"MultiPolygon","coordinates":[[[[34.75081072886553,31.23805453567127],[34.7508021100862,31.239858313153025],[34.75290143941497,31.239865701743085],[34.75291001830624,31.238061923738833],[34.75081072886553,31.23805453567127]]]]}},{"type":"Feature","properties":{"X":34.75395207560428,"Y":31.2389648316179,"מספר_פוליגון":535,"גיל0_4":null,"גיל5_9":null,"גיל10_18":null,"גיל19_30":null,"גיל31_44":null,"גיל45_64":null,"גיל65_75":null,"גיל76פלוס":null,"Shape_Length":800.0000000055879,"Shape_Area":40000.00000055879},"geometry":{"type":"MultiPolygon","coordinates":[[[[34.75291001830624,31.238061923738833],[34.75290143941497,31.239865701743085],[34.755000769515874,31.239873056058528],[34.755009308519035,31.23806927753423],[34.75291001830624,31.238061923738833]]]]}},{"type":"Feature","properties":{"X":34.756051386098406,"Y":31.238972168472053,"מספר_פוליגון":536,"גיל0_4":null,"גיל5_9":null,"גיל10_18":null,"גיל19_30":null,"גיל31_44":null,"גיל45_64":null,"גיל65_75":null,"גיל76פלוס":null,"Shape_Length":800.0000000018626,"Shape_Area":40000.000000186265},"geometry":{"type":"MultiPolygon","coordinates":[[[[34.755009308519035,31.23806927753423],[34.755000769515874,31.239873056058528],[34.75710010038534,31.239880376099325],[34.75710859950032,31.238076597057354],[34.755009308519035,31.23806927753423]]]]}},{"type":"Feature","properties":{"X":34.75815069735928,"Y":31.238979471052755,"מספר_פוליגון":537,"גיל0_4":null,"גיל5_9":null,"גיל10_18":null,"גיל19_30":null,"גיל31_44":null,"גיל45_64":null,"גיל65_75":null,"גיל76פלוס":null,"Shape_Length":800.0000000055879,"Shape_Area":40000.00000055879},"geometry":{"type":"MultiPolygon","coordinates":[[[[34.75710859950032,31.238076597057354],[34.75710010038534,31.239880376099325],[34.75919943201979,31.239887661865453],[34.75920789124655,31.23808388230824],[34.75710859950032,31.238076597057354]]]]}},{"type":"Feature","properties":{"X":34.760250009383306,"Y":31.238986739359948,"מספר_פוליגון":538,"גיל0_4":null,"גיל5_9":null,"גיל10_18":null,"גיל19_30":null,"גיל31_44":null,"גיל45_64":null,"גיל65_75":null,"גיל76פלוס":null,"Shape_Length":800.0000000018626,"Shape_Area":40000.000000186265},"geometry":{"type":"MultiPolygon","coordinates":[[[[34.75920789124655,31.23808388230824],[34.75919943201979,31.239887661865453],[34.76129876441561,31.23989491335683],[34.76130718375406,31.238091133286805],[34.75920789124655,31.23808388230824]]]]}},{"type":"Feature","properties":{"X":34.7623493221669,"Y":31.238993973393598,"מספר_פוליגון":539,"גיל0_4":19.0,"גיל5_9":41.0,"גיל10_18":44.0,"גיל19_30":45.0,"גיל31_44":55.0,"גיל45_64":91.0,"גיל65_75":30.0,"גיל76פלוס":9.0,"Shape_Length":800.0000000055879,"Shape_Area":40000.00000055879},"geometry":{"type":"MultiPolygon","coordinates":[[[[34.76130718375406,31.238091133286805],[34.76129876441561,31.23989491335683],[34.76339809756926,31.23990213057344],[34.76340647701936,31.238098349993003],[34.76130718375406,31.238091133286805]]]]}},{"type":"Feature","properties":{"X":34.76444863570648,"Y":31.239001173153657,"מספר_פוליגון":540,"גיל0_4":66.0,"גיל5_9":104.0,"גיל10_18":108.0,"גיל19_30":116.0,"גיל31_44":182.0,"גיל45_64":201.0,"גיל65_75":46.0,"גיל76פלוס":29.0,"Shape_Length":800.0000000055879,"Shape_Area":40000.00000055879},"geometry":{"type":"MultiPolygon","coordinates":[[[[34.76340647701936,31.238098349993003],[34.76339809756926,31.23990213057344],[34.76549743147712,31.239909313515213],[34.765505771038804,31.238105532426804],[34.76340647701936,31.238098349993003]]]]}},{"type":"Feature","properties":{"X":34.76654794999846,"Y":31.23900833864009,"מספר_פוליגון":541,"גיל0_4":70.0,"גיל5_9":93.0,"גיל10_18":112.0,"גיל19_30":165.0,"גיל31_44":186.0,"גיל45_64":258.0,"גיל65_75":100.0,"גיל76פלוס":52.0,"Shape_Length":800.0,"Shape_Area":40000.0},"geometry":{"type":"MultiPolygon","coordinates":[[[[34.765505771038804,31.238105532426804],[34.76549743147712,31.239909313515213],[34.7675967661356,31.23991646218212],[34.7676050658088,31.23811268058817],[34.765505771038804,31.238105532426804]]]]}},{"type":"Feature","properties":{"X":34.768647265039235,"Y":31.239015469852855,"מספר_פוליגון":542,"גיל0_4":47.0,"גיל5_9":101.0,"גיל10_18":115.0,"גיל19_30":177.0,"גיל31_44":190.0,"גיל45_64":269.0,"גיל65_75":115.0,"גיל76פלוס":73.0,"Shape_Length":800.0000000055879,"Shape_Area":40000.00000055879},"geometry":{"type":"MultiPolygon","coordinates":[[[[34.7676050658088,31.23811268058817],[34.7675967661356,31.23991646218212],[34.76969610154114,31.239923576574125],[34.76970436132582,31.23811979447704],[34.7676050658088,31.23811268058817]]]]}},{"type":"Feature","properties":{"X":34.770746580825254,"Y":31.239022566791903,"מספר_פוליגון":543,"גיל0_4":64.0,"גיל5_9":90.0,"גיל10_18":109.0,"גיל19_30":172.0,"גיל31_44":218.0,"גיל45_64":300.0,"גיל65_75":125.0,"גיל76פלוס":84.0,"Shape_Length":800.0000000018626,"Shape_Area":40000.000000186265},"geometry":{"type":"MultiPolygon","coordinates":[[[[34.76970436132582,31.23811979447704],[34.76969610154114,31.239923576574125],[34.771795437690145,31.239930656691186],[34.77180365758622,31.23812687409339],[34.76970436132582,31.23811979447704]]]]}},{"type":"Feature","properties":{"X":34.7728458973529,"Y":31.23902962945719,"מספר_פוליגון":544,"גיל0_4":31.0,"גיל5_9":60.0,"גיל10_18":55.0,"גיל19_30":133.0,"גיל31_44":127.0,"גיל45_64":204.0,"גיל65_75":104.0,"גיל76פלוס":60.0,"Shape_Length":800.0000000055879,"Shape_Area":40000.00000055879},"geometry":{"type":"MultiPolygon","coordinates":[[[[34.77180365758622,31.23812687409339],[34.771795437690145,31.239930656691186],[34.77389477457901,31.239937702533243],[34.77390295458644,31.238133919437146],[34.77180365758622,31.23812687409339]]]]}},{"type":"Feature","properties":{"X":34.774945214618604,"Y":31.239036657848683,"מספר_פוליגון":545,"גיל0_4":31.0,"גיל5_9":51.0,"גיל10_18":44.0,"גיל19_30":96.0,"גיל31_44":99.0,"גיל45_64":159.0,"גיל65_75":68.0,"גיל76פלוס":54.0,"Shape_Length":800.0000000018626,"Shape_Area":40000.000000186265},"geometry":{"type":"MultiPolygon","coordinates":[[[[34.77390295458644,31.238133919437146],[34.77389477457901,31.239937702533243],[34.77599411220416,31.239944714100265],[34.77600225232288,31.2381409305083],[34.77390295458644,31.238133919437146]]]]}},{"type":"Feature","properties":{"X":34.77704453261878,"Y":31.23904365196633,"מספר_פוליגון":546,"גיל0_4":49.0,"גיל5_9":49.0,"גיל10_18":62.0,"גיל19_30":167.0,"גיל31_44":163.0,"גיל45_64":229.0,"גיל65_75":148.0,"גיל76פלוס":112.0,"Shape_Length":800.0000000055879,"Shape_Area":40000.00000055879},"geometry":{"type":"MultiPolygon","coordinates":[[[[34.77600225232288,31.2381409305083],[34.77599411220416,31.239944714100265],[34.77809345056203,31.23995169139222],[34.778101550791995,31.2381479073068],[34.77600225232288,31.2381409305083]]]]}},{"type":"Feature","properties":{"X":34.779143851349836,"Y":31.239050611810082,"מספר_פוליגון":547,"גיל0_4":18.0,"גיל5_9":33.0,"גיל10_18":30.0,"גיל19_30":92.0,"גיל31_44":102.0,"גיל45_64":156.0,"גיל65_75":106.0,"גיל76פלוס":56.0,"Shape_Length":800.0000000055879,"Shape_Area":40000.00000055879},"geometry":{"type":"MultiPolygon","coordinates":[[[[34.778101550791995,31.2381479073068],[34.77809345056203,31.23995169139222],[34.78019278964901,31.23995863440905],[34.780200849990145,31.238154849832597],[34.778101550791995,31.2381479073068]]]]}},{"type":"Feature","properties":{"X":34.781243170808175,"Y":31.239057537379924,"מספר_פוליגון":548,"גיל0_4":4.0,"גיל5_9":13.0,"גיל10_18":35.0,"גיל19_30":69.0,"גיל31_44":50.0,"גיל45_64":85.0,"גיל65_75":29.0,"גיל76פלוס":24.0,"Shape_Length":800.0,"Shape_Area":40000.0},"geometry":{"type":"MultiPolygon","coordinates":[[[[34.780200849990145,31.238154849832597],[34.78019278964901,31.23995863440905],[34.78229212946148,31.239965543150714],[34.78230014991374,31.238161758085656],[34.780200849990145,31.238154849832597]]]]}},{"type":"Feature","properties":{"X":34.78334249099023,"Y":31.239064428675793,"מספר_פוליגון":549,"גיל0_4":13.0,"גיל5_9":14.0,"גיל10_18":12.0,"גיל19_30":29.0,"גיל31_44":40.0,"גיל45_64":49.0,"גיל65_75":28.0,"גיל76פלוס":22.0,"Shape_Length":800.0000000055879,"Shape_Area":40000.00000055879},"geometry":{"type":"MultiPolygon","coordinates":[[[[34.78230014991374,31.238161758085656],[34.78229212946148,31.239965543150714],[34.78439146999594,31.239972417617185],[34.78439945055926,31.238168632065936],[34.78230014991374,31.238161758085656]]]]}},{"type":"Feature","properties":{"X":34.78544181189242,"Y":31.239071285697648,"מספר_פוליגון":550,"גיל0_4":12.0,"גיל5_9":7.0,"גיל10_18":7.0,"גיל19_30":24.0,"גיל31_44":26.0,"גיל45_64":42.0,"גיל65_75":21.0,"גיל76פלוס":10.0,"Shape_Length":800.0000000018626,"Shape_Area":40000.000000186265},"geometry":{"type":"MultiPolygon","coordinates":[[[[34.78439945055926,31.238168632065936],[34.78439146999594,31.239972417617185],[34.786490811248726,31.23997925780841],[34.78649875192306,31.2381754717734],[34.78439945055926,31.238168632065936]]]]}},{"type":"Feature","properties":{"X":34.78754113351113,"Y":31.239078108445458,"מספר_פוליגון":551,"גיל0_4":3.0,"גיל5_9":5.0,"גיל10_18":5.0,"גיל19_30":10.0,"גיל31_44":22.0,"גיל45_64":29.0,"גיל65_75":11.0,"גיל76פלוס":10.0,"Shape_Length":800.0000000055879,"Shape_Area":40000.00000055879},"geometry":{"type":"MultiPolygon","coordinates":[[[[34.78649875192306,31.2381754717734],[34.786490811248726,31.23997925780841],[34.78859015321632,31.239986063724366],[34.78859805400159,31.238182277207983],[34.78649875192306,31.2381754717734]]]]}},{"type":"Feature","properties":{"X":34.789640455842786,"Y":31.239084896919177,"מספר_פוליגון":552,"גיל0_4":null,"גיל5_9":2.0,"גיל10_18":1.0,"גיל19_30":6.0,"גיל31_44":17.0,"גיל45_64":20.0,"גיל65_75":8.0,"גיל76פלוס":20.0,"Shape_Length":800.0000000018626,"Shape_Area":40000.000000186265},"geometry":{"type":"MultiPolygon","coordinates":[[[[34.78859805400159,31.238182277207983],[34.78859015321632,31.239986063724366],[34.79068949589506,31.239992835364994],[34.79069735679121,31.238189048369676],[34.78859805400159,31.238182277207983]]]]}},{"type":"Feature","properties":{"X":34.79173977888382,"Y":31.239091651118773,"מספר_פוליגון":553,"גיל0_4":3.0,"גיל5_9":5.0,"גיל10_18":4.0,"גיל19_30":14.0,"גיל31_44":13.0,"גיל45_64":8.0,"גיל65_75":4.0,"גיל76פלוס":7.0,"Shape_Length":800.0000000055879,"Shape_Area":40000.00000055879},"geometry":{"type":"MultiPolygon","coordinates":[[[[34.79069735679121,31.238189048369676],[34.79068949589506,31.239992835364994],[34.79278883928142,31.23999957273024],[34.792796660288424,31.238195785258434],[34.79069735679121,31.238189048369676]]]]}},{"type":"Feature","properties":{"X":34.793839102630635,"Y":31.23909837104419,"מספר_פוליגון":554,"גיל0_4":null,"גיל5_9":1.0,"גיל10_18":2.0,"גיל19_30":null,"גיל31_44":1.0,"גיל45_64":3.0,"גיל65_75":1.0,"גיל76פלוס":2.0,"Shape_Length":800.0000000055879,"Shape_Area":40000.00000055879},"geometry":{"type":"MultiPolygon","coordinates":[[[[34.792796660288424,31.238195785258434],[34.79278883928142,31.23999957273024],[34.794888183371796,31.240006275820082],[34.794895964489584,31.238202487874194],[34.792796660288424,31.238195785258434]]]]}},{"type":"Feature","properties":{"X":34.79593842707963,"Y":31.23910505669539,"מספר_פוליגון":555,"גיל0_4":null,"גיל5_9":null,"גיל10_18":null,"גיל19_30":null,"גיל31_44":null,"גיל45_64":null,"גיל65_75":null,"גיל76פלוס":null,"Shape_Length":800.0,"Shape_Area":40000.0},"geometry":{"type":"MultiPolygon","coordinates":[[[[34.794895964489584,31.238202487874194],[34.794888183371796,31.240006275820082],[34.796987528162546,31.240012944634486],[34.796995269391076,31.23820915621693],[34.794895964489584,31.238202487874194]]]]}},{"type":"Feature","properties":{"X":34.79803775222723,"Y":31.239111708072343,"מספר_פוליגון":556,"גיל0_4":null,"גיל5_9":null,"גיל10_18":null,"גיל19_30":null,"גיל31_44":null,"גיל45_64":null,"גיל65_75":null,"גיל76פלוס":null,"Shape_Length":800.0000000055879,"Shape_Area":40000.00000055879},"geometry":{"type":"MultiPolygon","coordinates":[[[[34.796995269391076,31.23820915621693],[34.796987528162546,31.240012944634486],[34.79908687365018,31.240019579173424],[34.799094574989375,31.2382157902866],[34.796995269391076,31.23820915621693]]]]}},{"type":"Feature","properties":{"X":34.80013707806985,"Y":31.23911832517501,"מספר_פוליגון":557,"גיל0_4":null,"גיל5_9":null,"גיל10_18":null,"גיל19_30":null,"גיל31_44":null,"גיל45_64":null,"גיל65_75":null,"גיל76פלוס":null,"Shape_Length":800.0000000018626,"Shape_Area":40000.000000186265},"geometry":{"type":"MultiPolygon","coordinates":[[[[34.799094574989375,31.2382157902866],[34.79908687365018,31.240019579173424],[34.80118621983105,31.240026179436803],[34.80119388128087,31.238222390083163],[34.799094574989375,31.2382157902866]]]]}},{"type":"Feature","properties":{"X":34.80223640460391,"Y":31.239124908003344,"מספר_פוליגון":558,"גיל0_4":null,"גיל5_9":null,"גיל10_18":null,"גיל19_30":null,"גיל31_44":null,"גיל45_64":null,"גיל65_75":null,"גיל76פלוס":null,"Shape_Length":800.0000000055879,"Shape_Area":40000.00000055879},"geometry":{"type":"MultiPolygon","coordinates":[[[[34.80119388128087,31.238222390083163],[34.80118621983105,31.240026179436803],[34.803285566701604,31.24003274542464],[34.803293188261975,31.238228955606587],[34.80119388128087,31.238222390083163]]]]}},{"type":"Feature","properties":{"X":34.804335731825816,"Y":31.239131456557303,"מספר_פוליגון":559,"גיל0_4":null,"גיל5_9":null,"גיל10_18":null,"גיל19_30":null,"גיל31_44":null,"גיל45_64":null,"גיל65_75":null,"גיל76פלוס":null,"Shape_Length":800.0000000018626,"Shape_Area":40000.000000186265},"geometry":{"type":"MultiPolygon","coordinates":[[[[34.803293188261975,31.238228955606587],[34.803285566701604,31.24003274542464],[34.80538491425823,31.240039277136866],[34.8053924959291,31.238235486856826],[34.803293188261975,31.238228955606587]]]]}},{"type":"Feature","properties":{"X":34.80643505973198,"Y":31.23913797083685,"מספר_פוליגון":560,"גיל0_4":null,"גיל5_9":null,"גיל10_18":null,"גיל19_30":null,"גיל31_44":null,"גיל45_64":null,"גיל65_75":null,"גיל76פלוס":null,"Shape_Length":800.0000000055879,"Shape_Area":40000.00000055879},"geometry":{"type":"MultiPolygon","coordinates":[[[[34.8053924959291,31.238235486856826],[34.80538491425823,31.240039277136866],[34.807484262497354,31.24004577457345],[34.80749180427868,31.23824198383385],[34.8053924959291,31.238235486856826]]]]}},{"type":"Feature","properties":{"X":34.80853438831883,"Y":31.239144450841955,"מספר_פוליגון":561,"גיל0_4":null,"גיל5_9":null,"גיל10_18":null,"גיל19_30":null,"גיל31_44":null,"גיל45_64":null,"גיל65_75":null,"גיל76פלוס":null,"Shape_Length":800.0000000055879,"Shape_Area":40000.00000055879},"geometry":{"type":"MultiPolygon","coordinates":[[[[34.80749180427868,31.23824198383385],[34.807484262497354,31.24004577457345],[34.80958361141538,31.24005223773435],[34.80959111330712,31.238248446537614],[34.80749180427868,31.23824198383385]]]]}},{"type":"Feature","properties":{"X":34.81063371758275,"Y":31.239150896572575,"מספר_פוליגון":562,"גיל0_4":null,"גיל5_9":null,"גיל10_18":null,"גיל19_30":null,"גיל31_44":null,"גיל45_64":null,"גיל65_75":null,"גיל76פלוס":null,"Shape_Length":800.0,"Shape_Area":40000.0},"geometry":{"type":"MultiPolygon","coordinates":[[[[34.80959111330712,31.238248446537614],[34.80958361141538,31.24005223773435],[34.81168296100869,31.240058666619525],[34.81169042301079,31.238254874968064],[34.80959111330712,31.238248446537614]]]]}},{"type":"Feature","properties":{"X":34.81273304752018,"Y":31.23915730802866,"מספר_פוליגון":563,"גיל0_4":null,"גיל5_9":null,"גיל10_18":null,"גיל19_30":null,"גיל31_44":null,"גיל45_64":null,"גיל65_75":null,"גיל76פלוס":null,"Shape_Length":800.0000000055879,"Shape_Area":40000.00000055879},"geometry":{"type":"MultiPolygon","coordinates":[[[[34.81169042301079,31.238254874968064],[34.81168296100869,31.240058666619525],[34.813782311273776,31.240065061228954],[34.81378973338617,31.23826126912519],[34.81169042301079,31.238254874968064]]]]}},{"type":"Feature","properties":{"X":34.814832378127534,"Y":31.239163685210176,"מספר_פוליגון":564,"גיל0_4":null,"גיל5_9":null,"גיל10_18":null,"גיל19_30":null,"גיל31_44":null,"גיל45_64":null,"גיל65_75":null,"גיל76פלוס":null,"Shape_Length":800.0000000018626,"Shape_Area":40000.000000186265},"geometry":{"type":"MultiPolygon","coordinates":[[[[34.81378973338617,31.23826126912519],[34.813782311273776,31.240065061228954],[34.81588166220699,31.24007142156258],[34.81588904442962,31.238267629008924],[34.81378973338617,31.23826126912519]]]]}},{"type":"Feature","properties":{"X":34.8169317094012,"Y":31.2391700281171,"מספר_פוליגון":565,"גיל0_4":null,"גיל5_9":null,"גיל10_18":null,"גיל19_30":null,"גיל31_44":null,"גיל45_64":null,"גיל65_75":null,"גיל76פלוס":null,"Shape_Length":800.0000000055879,"Shape_Area":40000.00000055879},"geometry":{"type":"MultiPolygon","coordinates":[[[[34.81588904442962,31.238267629008924],[34.81588166220699,31.24007142156258],[34.81798101380479,31.240077747620372],[34.81798835613761,31.23827395461926],[34.81588904442962,31.238267629008924]]]]}},{"type":"Feature","properties":{"X":34.81903104133761,"Y":31.23917633674938,"מספר_פוליגון":566,"גיל0_4":null,"גיל5_9":null,"גיל10_18":null,"גיל19_30":null,"גיל31_44":null,"גיל45_64":null,"גיל65_75":null,"גיל76פלוס":null,"Shape_Length":800.0,"Shape_Area":40000.0},"geometry":{"type":"MultiPolygon","coordinates":[[[[34.81798835613761,31.23827395461926],[34.81798101380479,31.240077747620372],[34.820080366063515,31.240084039402294],[34.820087668506496,31.238280245956133],[34.81798835613761,31.23827395461926]]]]}},{"type":"Feature","properties":{"X":34.821130373933194,"Y":31.239182611106983,"מספר_פוליגון":567,"גיל0_4":null,"גיל5_9":null,"גיל10_18":null,"גיל19_30":null,"גיל31_44":null,"גיל45_64":null,"גיל65_75":null,"גיל76פלוס":null,"Shape_Length":800.0000000055879,"Shape_Area":40000.00000055879},"geometry":{"type":"MultiPolygon","coordinates":[[[[34.820087668506496,31.238280245956133],[34.820080366063515,31.240084039402294],[34.822179718979676,31.2400902969083],[34.822186981532724,31.238286503019513],[34.820087668506496,31.238280245956133]]]]}},{"type":"Feature","properties":{"X":34.82322970718436,"Y":31.23918885118987,"מספר_פוליגון":568,"גיל0_4":null,"גיל5_9":null,"גיל10_18":null,"גיל19_30":null,"גיל31_44":null,"גיל45_64":null,"גיל65_75":null,"גיל76פלוס":null,"Shape_Length":800.0000000074506,"Shape_Area":40000.00000074506},"geometry":{"type":"MultiPolygon","coordinates":[[[[34.822186981532724,31.238286503019513],[34.822179718979676,31.2400902969083],[34.824279072549636,31.24009652013835],[34.824286295212744,31.23829272580937],[34.822186981532724,31.238286503019513]]]]}},{"type":"Feature","properties":{"X":34.8253290410875,"Y":31.239195056998003,"מספר_פוליגון":569,"גיל0_4":null,"גיל5_9":null,"גיל10_18":null,"גיל19_30":null,"גיל31_44":null,"גיל45_64":null,"גיל65_75":null,"גיל76פלוס":null,"Shape_Length":800.0,"Shape_Area":40000.0},"geometry":{"type":"MultiPolygon","coordinates":[[[[34.824286295212744,31.23829272580937],[34.824279072549636,31.24009652013835],[34.82637842676978,31.240102709092426],[34.82638560954287,31.238298914325675],[34.824286295212744,31.23829272580937]]]]}},{"type":"Feature","properties":{"X":34.82742837563902,"Y":31.239201228531346,"מספר_פוליגון":570,"גיל0_4":null,"גיל5_9":null,"גיל10_18":null,"גיל19_30":null,"גיל31_44":null,"גיל45_64":null,"גיל65_75":null,"גיל76פלוס":null,"Shape_Length":800.0000000055879,"Shape_Area":40000.00000055879},"geometry":{"type":"MultiPolygon","coordinates":[[[[34.82638560954287,31.238298914325675],[34.82637842676978,31.240102709092426],[34.82847778163659,31.240108863770466],[34.82848492451961,31.238305068568355],[34.82638560954287,31.238298914325675]]]]}},{"type":"Feature","properties":{"X":34.74974481789373,"Y":31.240753832065607,"מספר_פוליגון":571,"גיל0_4":null,"גיל5_9":null,"גיל10_18":null,"גיל19_30":null,"גיל31_44":null,"גיל45_64":null,"גיל65_75":null,"גיל76פלוס":null,"Shape_Length":799.9999999962747,"Shape_Area":39999.99999962747},"geometry":{"type":"MultiPolygon","coordinates":[[[[34.748702781533204,31.239850890288402],[34.74869412208656,31.241654666736444],[34.75079349053114,31.241662090125995],[34.7508021100862,31.239858313153025],[34.748702781533204,31.239850890288402]]]]}},{"type":"Feature","properties":{"X":34.751844166733434,"Y":31.24076123799027,"מספר_פוליגון":572,"גיל0_4":null,"גיל5_9":null,"גיל10_18":null,"גיל19_30":null,"גיל31_44":null,"גיל45_64":null,"גיל65_75":null,"גיל76פלוס":null,"Shape_Length":800.0000000018626,"Shape_Area":40000.000000186265},"geometry":{"type":"MultiPolygon","coordinates":[[[[34.7508021100862,31.239858313153025],[34.75079349053114,31.241662090125995],[34.75289285975154,31.241669479238567],[34.75290143941497,31.239865701743085],[34.7508021100862,31.239858313153025]]]]}},{"type":"Feature","properties":{"X":34.75394351634711,"Y":31.240768609639137,"מספר_פוליגון":573,"גיל0_4":null,"גיל5_9":null,"גיל10_18":null,"גיל19_30":null,"גיל31_44":null,"גיל45_64":null,"גיל65_75":null,"גיל76פלוס":null,"Shape_Length":800.0000000018626,"Shape_Area":40000.000000186265},"geometry":{"type":"MultiPolygon","coordinates":[[[[34.75290143941497,31.239865701743085],[34.75289285975154,31.241669479238567],[34.75499222974415,31.241676834074127],[34.755000769515874,31.239873056058528],[34.75290143941497,31.239865701743085]]]]}},{"type":"Feature","properties":{"X":34.75604286673117,"Y":31.240775947012168,"מספר_פוליגון":574,"גיל0_4":null,"גיל5_9":null,"גיל10_18":null,"גיל19_30":null,"גיל31_44":null,"גיל45_64":null,"גיל65_75":null,"גיל76פלוס":null,"Shape_Length":799.9999999981374,"Shape_Area":39999.999999813735},"geometry":{"type":"MultiPolygon","coordinates":[[[[34.755000769515874,31.239873056058528],[34.75499222974415,31.241676834074127],[34.757091600505376,31.24168415463261],[34.75710010038534,31.239880376099325],[34.755000769515874,31.239873056058528]]]]}},{"type":"Feature","properties":{"X":34.75814221788203,"Y":31.240783250109324,"מספר_פוליגון":575,"גיל0_4":null,"גיל5_9":null,"גיל10_18":null,"גיל19_30":null,"גיל31_44":null,"גיל45_64":null,"גיל65_75":null,"גיל76פלוס":null,"Shape_Length":800.0000000018626,"Shape_Area":40000.000000186265},"geometry":{"type":"MultiPolygon","coordinates":[[[[34.75710010038534,31.239880376099325],[34.757091600505376,31.24168415463261],[34.75919097203165,31.241691440913975],[34.75919943201979,31.239887661865453],[34.75710010038534,31.239880376099325]]]]}},{"type":"Feature","properties":{"X":34.76024156979611,"Y":31.24079051893056,"מספר_פוליגון":576,"גיל0_4":null,"גיל5_9":null,"גיל10_18":null,"גיל19_30":null,"גיל31_44":null,"גיל45_64":null,"גיל65_75":null,"גיל76פלוס":null,"Shape_Length":799.9999999981374,"Shape_Area":39999.999999813735},"geometry":{"type":"MultiPolygon","coordinates":[[[[34.75919943201979,31.239887661865453],[34.75919097203165,31.241691440913975],[34.761290344319356,31.241698692918188],[34.76129876441561,31.23989491335683],[34.75919943201979,31.239887661865453]]]]}},{"type":"Feature","properties":{"X":34.76234092246982,"Y":31.24079775347583,"מספר_פוליגון":577,"גיל0_4":2.0,"גיל5_9":11.0,"גיל10_18":8.0,"גיל19_30":9.0,"גיל31_44":17.0,"גיל45_64":18.0,"גיל65_75":11.0,"גיל76פלוס":6.0,"Shape_Length":800.0000000018626,"Shape_Area":40000.000000186265},"geometry":{"type":"MultiPolygon","coordinates":[[[[34.76129876441561,31.23989491335683],[34.761290344319356,31.241698692918188],[34.763389717364944,31.24170591064521],[34.76339809756926,31.23990213057344],[34.76129876441561,31.23989491335683]]]]}},{"type":"Feature","properties":{"X":34.76444027589959,"Y":31.24080495374509,"מספר_פוליגון":578,"גיל0_4":55.0,"גיל5_9":61.0,"גיל10_18":99.0,"גיל19_30":143.0,"גיל31_44":162.0,"גיל45_64":199.0,"גיל65_75":94.0,"גיל76פלוס":44.0,"Shape_Length":800.0000000018626,"Shape_Area":40000.000000186265},"geometry":{"type":"MultiPolygon","coordinates":[[[[34.76339809756926,31.23990213057344],[34.763389717364944,31.24170591064521],[34.76548909116482,31.241713094094962],[34.76549743147712,31.239909313515213],[34.76339809756926,31.23990213057344]]]]}},{"type":"Feature","properties":{"X":34.76653963008179,"Y":31.2408121197383,"מספר_פוליגון":579,"גיל0_4":38.0,"גיל5_9":67.0,"גיל10_18":62.0,"גיל19_30":80.0,"גיל31_44":115.0,"גיל45_64":133.0,"גיל65_75":59.0,"גיל76פלוס":33.0,"Shape_Length":799.9999999962747,"Shape_Area":39999.99999962747},"geometry":{"type":"MultiPolygon","coordinates":[[[[34.76549743147712,31.239909313515213],[34.76548909116482,31.241713094094962],[34.76758846571534,31.24172024326746],[34.7675967661356,31.23991646218212],[34.76549743147712,31.239909313515213]]]]}},{"type":"Feature","properties":{"X":34.76863898501286,"Y":31.24081925145542,"מספר_פוליגון":580,"גיל0_4":16.0,"גיל5_9":31.0,"גיל10_18":36.0,"גיל19_30":52.0,"גיל31_44":70.0,"גיל45_64":79.0,"גיל65_75":28.0,"גיל76פלוס":16.0,"Shape_Length":800.0000000018626,"Shape_Area":40000.000000186265},"geometry":{"type":"MultiPolygon","coordinates":[[[[34.7675967661356,31.23991646218212],[34.76758846571534,31.24172024326746],[34.769687841013,31.24172735816262],[34.76969610154114,31.239923576574125],[34.7675967661356,31.23991646218212]]]]}},{"type":"Feature","properties":{"X":34.77073834068922,"Y":31.240826348896398,"מספר_פוליגון":581,"גיל0_4":2.0,"גיל5_9":7.0,"גיל10_18":17.0,"גיל19_30":9.0,"גיל31_44":10.0,"גיל45_64":18.0,"גיל65_75":5.0,"גיל76פלוס":1.0,"Shape_Length":799.9999999981374,"Shape_Area":39999.999999813735},"geometry":{"type":"MultiPolygon","coordinates":[[[[34.76969610154114,31.239923576574125],[34.769687841013,31.24172735816262],[34.77178721705418,31.2417344387804],[34.771795437690145,31.239930656691186],[34.76969610154114,31.239923576574125]]]]}},{"type":"Feature","properties":{"X":34.77283769710728,"Y":31.240833412061207,"מספר_פוליגון":582,"גיל0_4":5.0,"גיל5_9":19.0,"גיל10_18":37.0,"גיל19_30":53.0,"גיל31_44":58.0,"גיל45_64":79.0,"גיל65_75":39.0,"גיל76פלוס":22.0,"Shape_Length":800.0000000018626,"Shape_Area":40000.000000186265},"geometry":{"type":"MultiPolygon","coordinates":[[[[34.771795437690145,31.239930656691186],[34.77178721705418,31.2417344387804],[34.77388659383529,31.241741485120773],[34.77389477457901,31.239937702533243],[34.771795437690145,31.239930656691186]]]]}},{"type":"Feature","properties":{"X":34.774937054263454,"Y":31.24084044094979,"מספר_פוליגון":583,"גיל0_4":49.0,"גיל5_9":49.0,"גיל10_18":60.0,"גיל19_30":117.0,"גיל31_44":116.0,"גיל45_64":212.0,"גיל65_75":105.0,"גיל76פלוס":73.0,"Shape_Length":799.9999999981374,"Shape_Area":39999.999999813735},"geometry":{"type":"MultiPolygon","coordinates":[[[[34.77389477457901,31.239937702533243],[34.77388659383529,31.241741485120773],[34.77598597135273,31.241748497183696],[34.77599411220416,31.239944714100265],[34.77389477457901,31.239937702533243]]]]}},{"type":"Feature","properties":{"X":34.77703641215415,"Y":31.24084743556211,"מספר_פוליגון":584,"גיל0_4":54.0,"גיל5_9":77.0,"גיל10_18":74.0,"גיל19_30":157.0,"גיל31_44":210.0,"גיל45_64":277.0,"גיל65_75":147.0,"גיל76פלוס":120.0,"Shape_Length":800.0000000018626,"Shape_Area":40000.000000186265},"geometry":{"type":"MultiPolygon","coordinates":[[[[34.77599411220416,31.239944714100265],[34.77598597135273,31.241748497183696],[34.778085349602954,31.241755474969114],[34.77809345056203,31.23995169139222],[34.77599411220416,31.239944714100265]]]]}},{"type":"Feature","properties":{"X":34.7791357707758,"Y":31.240854395898126,"מספר_פוליגון":585,"גיל0_4":10.0,"גיל5_9":21.0,"גיל10_18":33.0,"גיל19_30":33.0,"גיל31_44":33.0,"גיל45_64":54.0,"גיל65_75":36.0,"גיל76פלוס":18.0,"Shape_Length":800.0000000018626,"Shape_Area":40000.000000186265},"geometry":{"type":"MultiPolygon","coordinates":[[[[34.77809345056203,31.23995169139222],[34.778085349602954,31.241755474969114],[34.78018472858235,31.241762418477002],[34.78019278964901,31.23995863440905],[34.77809345056203,31.23995169139222]]]]}},{"type":"Feature","properties":{"X":34.78123513012478,"Y":31.240861321957798,"מספר_פוליגון":586,"גיל0_4":10.0,"גיל5_9":23.0,"גיל10_18":20.0,"גיל19_30":24.0,"גיל31_44":30.0,"גיל45_64":53.0,"גיל65_75":22.0,"גיל76פלוס":19.0,"Shape_Length":799.9999999962747,"Shape_Area":39999.99999962747},"geometry":{"type":"MultiPolygon","coordinates":[[[[34.78019278964901,31.23995863440905],[34.78018472858235,31.241762418477002],[34.78228410828729,31.241769327707296],[34.78229212946148,31.239965543150714],[34.78019278964901,31.23995863440905]]]]}},{"type":"Feature","properties":{"X":34.78333449019753,"Y":31.240868213741077,"מספר_פוליגון":587,"גיל0_4":1.0,"גיל5_9":3.0,"גיל10_18":4.0,"גיל19_30":12.0,"גיל31_44":12.0,"גיל45_64":36.0,"גיל65_75":27.0,"גיל76פלוס":13.0,"Shape_Length":800.0000000018626,"Shape_Area":40000.000000186265},"geometry":{"type":"MultiPolygon","coordinates":[[[[34.78229212946148,31.239965543150714],[34.78228410828729,31.241769327707296],[34.78438348871426,31.24177620265998],[34.78439146999594,31.239972417617185],[34.78229212946148,31.239965543150714]]]]}},{"type":"Feature","properties":{"X":34.78543385099046,"Y":31.240875071247928,"מספר_פוליגון":588,"גיל0_4":8.0,"גיל5_9":7.0,"גיל10_18":10.0,"גיל19_30":13.0,"גיל31_44":29.0,"גיל45_64":35.0,"גיל65_75":15.0,"גיל76פלוס":10.0,"Shape_Length":799.9999999981374,"Shape_Area":39999.999999813735},"geometry":{"type":"MultiPolygon","coordinates":[[[[34.78439146999594,31.239972417617185],[34.78438348871426,31.24177620265998],[34.78648286985963,31.241783043334994],[34.786490811248726,31.23997925780841],[34.78439146999594,31.239972417617185]]]]}},{"type":"Feature","properties":{"X":34.78753321249998,"Y":31.240881894478314,"מספר_פוליגון":589,"גיל0_4":23.0,"גיל5_9":19.0,"גיל10_18":23.0,"גיל19_30":65.0,"גיל31_44":59.0,"גיל45_64":135.0,"גיל65_75":77.0,"גיל76פלוס":111.0,"Shape_Length":800.0000000018626,"Shape_Area":40000.000000186265},"geometry":{"type":"MultiPolygon","coordinates":[[[[34.786490811248726,31.23997925780841],[34.78648286985963,31.241783043334994],[34.78858225171985,31.241789849732296],[34.78859015321632,31.239986063724366],[34.786490811248726,31.23997925780841]]]]}},{"type":"Feature","properties":{"X":34.78963257472251,"Y":31.24088868343218,"מספר_פוליגון":590,"גיל0_4":8.0,"גיל5_9":8.0,"גיל10_18":1.0,"גיל19_30":4.0,"גיל31_44":14.0,"גיל45_64":4.0,"גיל65_75":8.0,"גיל76פלוס":2.0,"Shape_Length":799.9999999981374,"Shape_Area":39999.999999813735},"geometry":{"type":"MultiPolygon","coordinates":[[[[34.78859015321632,31.239986063724366],[34.78858225171985,31.241789849732296],[34.79068163429128,31.24179662185188],[34.79068949589506,31.239992835364994],[34.78859015321632,31.239986063724366]]]]}},{"type":"Feature","properties":{"X":34.79173193765447,"Y":31.240895438109494,"מספר_פוליגון":591,"גיל0_4":3.0,"גיל5_9":7.0,"גיל10_18":2.0,"גיל19_30":9.0,"גיל31_44":9.0,"גיל45_64":17.0,"גיל65_75":12.0,"גיל76פלוס":3.0,"Shape_Length":800.0000000018626,"Shape_Area":40000.000000186265},"geometry":{"type":"MultiPolygon","coordinates":[[[[34.79068949589506,31.239992835364994],[34.79068163429128,31.24179662185188],[34.7927810175704,31.241803359693645],[34.79278883928142,31.23999957273024],[34.79068949589506,31.239992835364994]]]]}},{"type":"Feature","properties":{"X":34.793831301292265,"Y":31.24090215851022,"מספר_פוליגון":592,"גיל0_4":1.0,"גיל5_9":null,"גיל10_18":3.0,"גיל19_30":6.0,"גיל31_44":4.0,"גיל45_64":6.0,"גיל65_75":5.0,"גיל76פלוס":4.0,"Shape_Length":800.0000000018626,"Shape_Area":40000.000000186265},"geometry":{"type":"MultiPolygon","coordinates":[[[[34.79278883928142,31.23999957273024],[34.7927810175704,31.241803359693645],[34.79488040155357,31.241810063257603],[34.794888183371796,31.240006275820082],[34.79278883928142,31.23999957273024]]]]}},{"type":"Feature","properties":{"X":34.795930665632284,"Y":31.24090884463432,"מספר_פוליגון":593,"גיל0_4":null,"גיל5_9":null,"גיל10_18":null,"גיל19_30":null,"גיל31_44":null,"גיל45_64":null,"גיל65_75":null,"גיל76פלוס":null,"Shape_Length":799.9999999962747,"Shape_Area":39999.99999962747},"geometry":{"type":"MultiPolygon","coordinates":[[[[34.794888183371796,31.240006275820082],[34.79488040155357,31.241810063257603],[34.796979786237195,31.241816732543697],[34.796987528162546,31.240012944634486],[34.794888183371796,31.240006275820082]]]]}},{"type":"Feature","properties":{"X":34.79803003067097,"Y":31.24091549648174,"מספר_פוליגון":594,"גיל0_4":null,"גיל5_9":null,"גיל10_18":null,"גיל19_30":null,"גיל31_44":null,"גיל45_64":null,"גיל65_75":null,"גיל76פלוס":null,"Shape_Length":800.0000000018626,"Shape_Area":40000.000000186265},"geometry":{"type":"MultiPolygon","coordinates":[[[[34.796987528162546,31.240012944634486],[34.796979786237195,31.241816732543697],[34.79907917161775,31.24182336755188],[34.79908687365018,31.240019579173424],[34.796987528162546,31.240012944634486]]]]}},{"type":"Feature","properties":{"X":34.800129396404735,"Y":31.240922114052452,"מספר_פוליגון":595,"גיל0_4":null,"גיל5_9":null,"גיל10_18":null,"גיל19_30":null,"גיל31_44":null,"גיל45_64":null,"גיל65_75":null,"גיל76פלוס":null,"Shape_Length":799.9999999981374,"Shape_Area":39999.999999813735},"geometry":{"type":"MultiPolygon","coordinates":[[[[34.79908687365018,31.240019579173424],[34.79907917161775,31.24182336755188],[34.80117855769157,31.24182996828213],[34.80118621983105,31.240026179436803],[34.79908687365018,31.240019579173424]]]]}},{"type":"Feature","properties":{"X":34.80222876282999,"Y":31.240928697346416,"מספר_פוליגון":596,"גיל0_4":null,"גיל5_9":null,"גיל10_18":null,"גיל19_30":null,"גיל31_44":null,"גיל45_64":null,"גיל65_75":null,"גיל76פלוס":null,"Shape_Length":800.0000000018626,"Shape_Area":40000.000000186265},"geometry":{"type":"MultiPolygon","coordinates":[[[[34.80118621983105,31.240026179436803],[34.80117855769157,31.24182996828213],[34.803277944455154,31.24183653473438],[34.803285566701604,31.24003274542464],[34.80118621983105,31.240026179436803]]]]}},{"type":"Feature","properties":{"X":34.804328129943144,"Y":31.24093524636358,"מספר_פוליגון":597,"גיל0_4":null,"גיל5_9":null,"גיל10_18":null,"גיל19_30":null,"גיל31_44":null,"גיל45_64":null,"גיל65_75":null,"גיל76פלוס":null,"Shape_Length":799.9999999981374,"Shape_Area":39999.999999813735},"geometry":{"type":"MultiPolygon","coordinates":[[[[34.803285566701604,31.24003274542464],[34.803277944455154,31.24183653473438],[34.80537733190484,31.241843066908597],[34.80538491425823,31.240039277136866],[34.803285566701604,31.24003274542464]]]]}},{"type":"Feature","properties":{"X":34.80642749774062,"Y":31.24094176110392,"מספר_פוליגון":598,"גיל0_4":null,"גיל5_9":null,"גיל10_18":null,"גיל19_30":null,"גיל31_44":null,"גיל45_64":null,"גיל65_75":null,"גיל76פלוס":null,"Shape_Length":800.0000000018626,"Shape_Area":40000.000000186265},"geometry":{"type":"MultiPolygon","coordinates":[[[[34.80538491425823,31.240039277136866],[34.80537733190484,31.241843066908597],[34.807476720037094,31.24184956480477],[34.807484262497354,31.24004577457345],[34.80538491425823,31.240039277136866]]]]}},{"type":"Feature","properties":{"X":34.80852686621883,"Y":31.240948241567384,"מספר_פוליגון":599,"גיל0_4":null,"גיל5_9":null,"גיל10_18":null,"גיל19_30":null,"גיל31_44":null,"גיל45_64":null,"גיל65_75":null,"גיל76פלוס":null,"Shape_Length":800.0000000018626,"Shape_Area":40000.000000186265},"geometry":{"type":"MultiPolygon","coordinates":[[[[34.807484262497354,31.24004577457345],[34.807476720037094,31.24184956480477],[34.809576108848304,31.24185602842282],[34.80958361141538,31.24005223773435],[34.807484262497354,31.24004577457345]]]]}},{"type":"Feature","properties":{"X":34.81062623537416,"Y":31.24095468775395,"מספר_פוליגון":600,"גיל0_4":null,"גיל5_9":null,"גיל10_18":null,"גיל19_30":null,"גיל31_44":null,"גיל45_64":null,"גיל65_75":null,"גיל76פלוס":null,"Shape_Length":799.9999999962747,"Shape_Area":39999.99999962747},"geometry":{"type":"MultiPolygon","coordinates":[[[[34.80958361141538,31.24005223773435],[34.809576108848304,31.24185602842282],[34.81167549833486,31.24186245776275],[34.81168296100869,31.240058666619525],[34.80958361141538,31.24005223773435]]]]}},{"type":"Feature","properties":{"X":34.81272560520305,"Y":31.240961099663554,"מספר_פוליגון":601,"גיל0_4":null,"גיל5_9":null,"גיל10_18":null,"גיל19_30":null,"גיל31_44":null,"גיל45_64":null,"גיל65_75":null,"גיל76פלוס":null,"Shape_Length":800.0000000018626,"Shape_Area":40000.000000186265},"geometry":{"type":"MultiPolygon","coordinates":[[[[34.81168296100869,31.240058666619525],[34.81167549833486,31.24186245776275],[34.813774888493235,31.241868852824503],[34.813782311273776,31.240065061228954],[34.81168296100869,31.240058666619525]]]]}},{"type":"Feature","properties":{"X":34.81482497570192,"Y":31.24096747729618,"מספר_פוליגון":602,"גיל0_4":null,"גיל5_9":null,"גיל10_18":null,"גיל19_30":null,"גיל31_44":null,"גיל45_64":null,"גיל65_75":null,"גיל76פלוס":null,"Shape_Length":799.9999999981374,"Shape_Area":39999.999999813735},"geometry":{"type":"MultiPolygon","coordinates":[[[[34.813782311273776,31.240065061228954],[34.813774888493235,31.241868852824503],[34.81587427931979,31.24187521360802],[34.81588166220699,31.24007142156258],[34.813782311273776,31.240065061228954]]]]}},{"type":"Feature","properties":{"X":34.81692434686716,"Y":31.24097382065179,"מספר_פוליגון":603,"גיל0_4":null,"גיל5_9":null,"גיל10_18":null,"גיל19_30":null,"גיל31_44":null,"גיל45_64":null,"גיל65_75":null,"גיל76פלוס":null,"Shape_Length":800.0000000018626,"Shape_Area":40000.000000186265},"geometry":{"type":"MultiPolygon","coordinates":[[[[34.81588166220699,31.24007142156258],[34.81587427931979,31.24187521360802],[34.81797367081097,31.241881540113276],[34.81798101380479,31.240077747620372],[34.81588166220699,31.24007142156258]]]]}},{"type":"Feature","properties":{"X":34.819023718695206,"Y":31.240980129730332,"מספר_פוליגון":604,"גיל0_4":null,"גיל5_9":null,"גיל10_18":null,"גיל19_30":null,"גיל31_44":null,"גיל45_64":null,"גיל65_75":null,"גיל76פלוס":null,"Shape_Length":799.9999999962747,"Shape_Area":39999.99999962747},"geometry":{"type":"MultiPolygon","coordinates":[[[[34.81798101380479,31.240077747620372],[34.81797367081097,31.241881540113276],[34.820073062963154,31.241887832340268],[34.820080366063515,31.240084039402294],[34.81798101380479,31.240077747620372]]]]}},{"type":"Feature","properties":{"X":34.82112309118245,"Y":31.24098640453177,"מספר_פוליגון":605,"גיל0_4":null,"גיל5_9":null,"גיל10_18":null,"גיל19_30":null,"גיל31_44":null,"גיל45_64":null,"גיל65_75":null,"גיל76פלוס":null,"Shape_Length":800.0000000018626,"Shape_Area":40000.000000186265},"geometry":{"type":"MultiPolygon","coordinates":[[[[34.820080366063515,31.240084039402294],[34.820073062963154,31.241887832340268],[34.8221724557728,31.24189409028891],[34.822179718979676,31.2400902969083],[34.820080366063515,31.240084039402294]]]]}},{"type":"Feature","properties":{"X":34.82322246432534,"Y":31.24099264505608,"מספר_פוליגון":606,"גיל0_4":null,"גיל5_9":null,"גיל10_18":null,"גיל19_30":null,"גיל31_44":null,"גיל45_64":null,"גיל65_75":null,"גיל76פלוס":null,"Shape_Length":800.0000000037253,"Shape_Area":40000.00000037253},"geometry":{"type":"MultiPolygon","coordinates":[[[[34.822179718979676,31.2400902969083],[34.8221724557728,31.24189409028891],[34.82427184923633,31.241900313959178],[34.824279072549636,31.24009652013835],[34.822179718979676,31.2400902969083]]]]}},{"type":"Feature","properties":{"X":34.825321838120246,"Y":31.240998851303218,"מספר_פוליגון":607,"גיל0_4":null,"גיל5_9":null,"גיל10_18":null,"גיל19_30":null,"גיל31_44":null,"גיל45_64":null,"גיל65_75":null,"גיל76פלוס":null,"Shape_Length":799.9999999962747,"Shape_Area":39999.99999962747},"geometry":{"type":"MultiPolygon","coordinates":[[[[34.824279072549636,31.24009652013835],[34.82427184923633,31.241900313959178],[34.826371243350074,31.24190650335106],[34.82637842676978,31.240102709092426],[34.824279072549636,31.24009652013835]]]]}},{"type":"Feature","properties":{"X":34.8274212125636,"Y":31.241005023273143,"מספר_פוליגון":608,"גיל0_4":null,"גיל5_9":null,"גיל10_18":null,"גיל19_30":null,"גיל31_44":null,"גיל45_64":null,"גיל65_75":null,"גיל76פלוס":null,"Shape_Length":800.0000000018626,"Shape_Area":40000.000000186265},"geometry":{"type":"MultiPolygon","coordinates":[[[[34.82637842676978,31.240102709092426],[34.826371243350074,31.24190650335106],[34.82847063811052,31.241912658464486],[34.82847778163659,31.240108863770466],[34.82637842676978,31.240102709092426]]]]}},{"type":"Feature","properties":{"X":34.74973617807931,"Y":31.242557608533055,"מספר_פוליגון":609,"גיל0_4":null,"גיל5_9":null,"גיל10_18":null,"גיל19_30":null,"גיל31_44":null,"גיל45_64":null,"גיל65_75":null,"גיל76פלוס":null,"Shape_Length":800.0,"Shape_Area":40000.0},"geometry":{"type":"MultiPolygon","coordinates":[[[[34.74869412208656,31.241654666736444],[34.748685461860525,31.2434584426757],[34.75078487020026,31.243465866590213],[34.75079349053114,31.241662090125995],[34.74869412208656,31.241654666736444]]]]}},{"type":"Feature","properties":{"X":34.75183556681241,"Y":31.24256501498145,"מספר_פוליגון":610,"גיל0_4":null,"גיל5_9":null,"גיל10_18":null,"גיל19_30":null,"גיל31_44":null,"גיל45_64":null,"גיל65_75":null,"גיל76פלוס":null,"Shape_Length":800.0000000055879,"Shape_Area":40000.00000055879},"geometry":{"type":"MultiPolygon","coordinates":[[[[34.75079349053114,31.241662090125995],[34.75078487020026,31.243465866590213],[34.75288427931591,31.24347325622532],[34.75289285975154,31.241669479238567],[34.75079349053114,31.241662090125995]]]]}},{"type":"Feature","properties":{"X":34.753934956319554,"Y":31.24257238715164,"מספר_פוליגון":611,"גיל0_4":null,"גיל5_9":null,"גיל10_18":null,"גיל19_30":null,"גיל31_44":null,"גיל45_64":null,"גיל65_75":null,"גיל76פלוס":null,"Shape_Length":800.0000000055879,"Shape_Area":40000.00000055879},"geometry":{"type":"MultiPolygon","coordinates":[[[[34.75289285975154,31.241669479238567],[34.75288427931591,31.24347325622532],[34.754983689203804,31.24348061158099],[34.75499222974415,31.241676834074127],[34.75289285975154,31.241669479238567]]]]}},{"type":"Feature","properties":{"X":34.756034346597126,"Y":31.242579725043566,"מספר_פוליגון":612,"גיל0_4":null,"גיל5_9":null,"גיל10_18":null,"גיל19_30":null,"גיל31_44":null,"גיל45_64":null,"גיל65_75":null,"גיל76פלוס":null,"Shape_Length":800.0000000018626,"Shape_Area":40000.000000186265},"geometry":{"type":"MultiPolygon","coordinates":[[[[34.75499222974415,31.241676834074127],[34.754983689203804,31.24348061158099],[34.757083099860374,31.24348793265717],[34.757091600505376,31.24168415463261],[34.75499222974415,31.241676834074127]]]]}},{"type":"Feature","properties":{"X":34.758133737641565,"Y":31.2425870286572,"מספר_פוליגון":613,"גיל0_4":null,"גיל5_9":null,"גיל10_18":null,"גיל19_30":null,"גיל31_44":null,"גיל45_64":null,"גיל65_75":null,"גיל76פלוס":null,"Shape_Length":800.0000000055879,"Shape_Area":40000.00000055879},"geometry":{"type":"MultiPolygon","coordinates":[[[[34.757091600505376,31.24168415463261],[34.757083099860374,31.24348793265717],[34.759182511282056,31.243495219453813],[34.75919097203165,31.241691440913975],[34.757091600505376,31.24168415463261]]]]}},{"type":"Feature","properties":{"X":34.76023312944929,"Y":31.242594297992497,"מספר_פוליגון":614,"גיל0_4":1.0,"גיל5_9":3.0,"גיל10_18":9.0,"גיל19_30":12.0,"גיל31_44":6.0,"גיל45_64":21.0,"גיל65_75":12.0,"גיל76פלוס":8.0,"Shape_Length":800.0000000018626,"Shape_Area":40000.000000186265},"geometry":{"type":"MultiPolygon","coordinates":[[[[34.75919097203165,31.241691440913975],[34.759182511282056,31.243495219453813],[34.76128192346523,31.24350247197087],[34.761290344319356,31.241698692918188],[34.75919097203165,31.241691440913975]]]]}},{"type":"Feature","properties":{"X":34.7623325220167,"Y":31.2426015330494,"מספר_פוליגון":615,"גיל0_4":3.0,"גיל5_9":null,"גיל10_18":1.0,"גיל19_30":11.0,"גיל31_44":11.0,"גיל45_64":23.0,"גיל65_75":27.0,"גיל76פלוס":2.0,"Shape_Length":800.0000000055879,"Shape_Area":40000.00000055879},"geometry":{"type":"MultiPolygon","coordinates":[[[[34.761290344319356,31.241698692918188],[34.76128192346523,31.24350247197087],[34.763381336406354,31.243509690208334],[34.763389717364944,31.24170591064521],[34.761290344319356,31.241698692918188]]]]}},{"type":"Feature","properties":{"X":34.764431915340225,"Y":31.242608733827883,"מספר_פוליגון":616,"גיל0_4":7.0,"גיל5_9":16.0,"גיל10_18":23.0,"גיל19_30":50.0,"גיל31_44":27.0,"גיל45_64":56.0,"גיל65_75":24.0,"גיל76פלוס":9.0,"Shape_Length":800.0000000055879,"Shape_Area":40000.00000055879},"geometry":{"type":"MultiPolygon","coordinates":[[[[34.763389717364944,31.24170591064521],[34.763381336406354,31.243509690208334],[34.765480750101815,31.243516874166115],[34.76548909116482,31.241713094094962],[34.763389717364944,31.24170591064521]]]]}},{"type":"Feature","properties":{"X":34.76653130941625,"Y":31.242615900327888,"מספר_פוליגון":617,"גיל0_4":9.0,"גיל5_9":23.0,"גיל10_18":40.0,"גיל19_30":39.0,"גיל31_44":46.0,"גיל45_64":55.0,"גיל65_75":49.0,"גיל76פלוס":10.0,"Shape_Length":800.0,"Shape_Area":40000.0},"geometry":{"type":"MultiPolygon","coordinates":[[[[34.76548909116482,31.241713094094962],[34.765480750101815,31.243516874166115],[34.76758016454799,31.2435240238442],[34.76758846571534,31.24172024326746],[34.76548909116482,31.241713094094962]]]]}},{"type":"Feature","properties":{"X":34.7686307042412,"Y":31.24262303254937,"מספר_פוליגון":618,"גיל0_4":null,"גיל5_9":null,"גיל10_18":null,"גיל19_30":null,"גיל31_44":null,"גיל45_64":null,"גיל65_75":null,"גיל76פלוס":null,"Shape_Length":800.0000000055879,"Shape_Area":40000.00000055879},"geometry":{"type":"MultiPolygon","coordinates":[[[[34.76758846571534,31.24172024326746],[34.76758016454799,31.2435240238442],[34.76967957974136,31.243531139242517],[34.769687841013,31.24172735816262],[34.76758846571534,31.24172024326746]]]]}},{"type":"Feature","properties":{"X":34.7707300998115,"Y":31.242630130492316,"מספר_פוליגון":619,"גיל0_4":null,"גיל5_9":null,"גיל10_18":null,"גיל19_30":null,"גיל31_44":null,"גיל45_64":null,"גיל65_75":null,"גיל76פלוס":null,"Shape_Length":800.0000000018626,"Shape_Area":40000.000000186265},"geometry":{"type":"MultiPolygon","coordinates":[[[[34.769687841013,31.24172735816262],[34.76967957974136,31.243531139242517],[34.77177899567828,31.24353822036106],[34.77178721705418,31.2417344387804],[34.769687841013,31.24172735816262]]]]}},{"type":"Feature","properties":{"X":34.772829496123556,"Y":31.242637194156657,"מספר_פוליגון":620,"גיל0_4":null,"גיל5_9":null,"גיל10_18":null,"גיל19_30":null,"גיל31_44":null,"גיל45_64":null,"גיל65_75":null,"גיל76פלוס":null,"Shape_Length":800.0000000055879,"Shape_Area":40000.00000055879},"geometry":{"type":"MultiPolygon","coordinates":[[[[34.77178721705418,31.2417344387804],[34.77177899567828,31.24353822036106],[34.77387841235522,31.24354526719976],[34.77388659383529,31.241741485120773],[34.77178721705418,31.2417344387804]]]]}},{"type":"Feature","properties":{"X":34.77492889317379,"Y":31.242644223542346,"מספר_פוליגון":621,"גיל0_4":1.0,"גיל5_9":3.0,"גיל10_18":null,"גיל19_30":5.0,"גיל31_44":4.0,"גיל45_64":10.0,"גיל65_75":6.0,"גיל76פלוס":1.0,"Shape_Length":800.0000000018626,"Shape_Area":40000.000000186265},"geometry":{"type":"MultiPolygon","coordinates":[[[[34.77388659383529,31.241741485120773],[34.77387841235522,31.24354526719976],[34.77597782976855,31.243552279758603],[34.77598597135273,31.241748497183696],[34.77388659383529,31.241741485120773]]]]}},{"type":"Feature","properties":{"X":34.77702829095859,"Y":31.24265121864936,"מספר_פוליגון":622,"גיל0_4":13.0,"גיל5_9":26.0,"גיל10_18":41.0,"גיל19_30":56.0,"גיל31_44":58.0,"גיל45_64":96.0,"גיל65_75":49.0,"גיל76פלוס":25.0,"Shape_Length":800.0000000055879,"Shape_Area":40000.00000055879},"geometry":{"type":"MultiPolygon","coordinates":[[[[34.77598597135273,31.241748497183696],[34.77597782976855,31.243552279758603],[34.77807724791471,31.243559258037497],[34.778085349602954,31.241755474969114],[34.77598597135273,31.241748497183696]]]]}},{"type":"Feature","properties":{"X":34.7791276894744,"Y":31.242658179477655,"מספר_פוליגון":623,"גיל0_4":6.0,"גיל5_9":17.0,"גיל10_18":15.0,"גיל19_30":11.0,"גיל31_44":27.0,"גיל45_64":28.0,"גיל65_75":38.0,"גיל76פלוס":17.0,"Shape_Length":800.0000000055879,"Shape_Area":40000.00000055879},"geometry":{"type":"MultiPolygon","coordinates":[[[[34.778085349602954,31.241755474969114],[34.77807724791471,31.243559258037497],[34.78017666679009,31.243566202036455],[34.78018472858235,31.241762418477002],[34.778085349602954,31.241755474969114]]]]}},{"type":"Feature","properties":{"X":34.78122708871761,"Y":31.24266510602717,"מספר_פוליגון":624,"גיל0_4":6.0,"גיל5_9":16.0,"גיל10_18":29.0,"גיל19_30":28.0,"גיל31_44":40.0,"גיל45_64":53.0,"גיל65_75":27.0,"גיל76פלוס":23.0,"Shape_Length":800.0,"Shape_Area":40000.0},"geometry":{"type":"MultiPolygon","coordinates":[[[[34.78018472858235,31.241762418477002],[34.78017666679009,31.243566202036455],[34.782276086391086,31.24357311175539],[34.78228410828729,31.241769327707296],[34.78018472858235,31.241762418477002]]]]}},{"type":"Feature","properties":{"X":34.783326488684644,"Y":31.242671998297887,"מספר_פוליגון":625,"גיל0_4":27.0,"גיל5_9":30.0,"גיל10_18":35.0,"גיל19_30":58.0,"גיל31_44":123.0,"גיל45_64":101.0,"גיל65_75":42.0,"גיל76פלוס":54.0,"Shape_Length":800.0000000055879,"Shape_Area":40000.00000055879},"geometry":{"type":"MultiPolygon","coordinates":[[[[34.78228410828729,31.241769327707296],[34.782276086391086,31.24357311175539],[34.78437550671418,31.2435799871943],[34.78438348871426,31.24177620265998],[34.78228410828729,31.241769327707296]]]]}},{"type":"Feature","properties":{"X":34.78542588937191,"Y":31.242678856289743,"מספר_פוליגון":626,"גיל0_4":null,"גיל5_9":1.0,"גיל10_18":1.0,"גיל19_30":1.0,"גיל31_44":1.0,"גיל45_64":1.0,"גיל65_75":4.0,"גיל76פלוס":3.0,"Shape_Length":800.0000000018626,"Shape_Area":40000.000000186265},"geometry":{"type":"MultiPolygon","coordinates":[[[[34.78438348871426,31.24177620265998],[34.78437550671418,31.2435799871943],[34.78647492775571,31.24358682835313],[34.78648286985963,31.241783043334994],[34.78438348871426,31.24177620265998]]]]}},{"type":"Feature","properties":{"X":34.787525290775825,"Y":31.242685680002715,"מספר_פוליגון":627,"גיל0_4":8.0,"גיל5_9":20.0,"גיל10_18":8.0,"גיל19_30":9.0,"גיל31_44":35.0,"גיל45_64":30.0,"גיל65_75":20.0,"גיל76פלוס":13.0,"Shape_Length":800.0000000055879,"Shape_Area":40000.00000055879},"geometry":{"type":"MultiPolygon","coordinates":[[[[34.78648286985963,31.241783043334994],[34.78647492775571,31.24358682835313],[34.788574349512146,31.243593635231818],[34.78858225171985,31.241789849732296],[34.78648286985963,31.241783043334994]]]]}},{"type":"Feature","properties":{"X":34.789624692892815,"Y":31.242692469436754,"מספר_פוליגון":628,"גיל0_4":4.0,"גיל5_9":3.0,"גיל10_18":5.0,"גיל19_30":13.0,"גיל31_44":21.0,"גיל45_64":15.0,"גיל65_75":8.0,"גיל76פלוס":2.0,"Shape_Length":800.0000000018626,"Shape_Area":40000.000000186265},"geometry":{"type":"MultiPolygon","coordinates":[[[[34.78858225171985,31.241789849732296],[34.788574349512146,31.243593635231818],[34.79067377197987,31.243600407830353],[34.79068163429128,31.24179662185188],[34.78858225171985,31.241789849732296]]]]}},{"type":"Feature","properties":{"X":34.791724095719275,"Y":31.24269922459182,"מספר_פוליגון":629,"גיל0_4":null,"גיל5_9":4.0,"גיל10_18":3.0,"גיל19_30":9.0,"גיל31_44":23.0,"גיל45_64":18.0,"גיל65_75":4.0,"גיל76פלוס":6.0,"Shape_Length":800.0000000055879,"Shape_Area":40000.00000055879},"geometry":{"type":"MultiPolygon","coordinates":[[[[34.79068163429128,31.24179662185188],[34.79067377197987,31.243600407830353],[34.79277319515531,31.243607146148673],[34.7927810175704,31.241803359693645],[34.79068163429128,31.24179662185188]]]]}},{"type":"Feature","properties":{"X":34.79382349925163,"Y":31.242705945467875,"מספר_פוליגון":630,"גיל0_4":null,"גיל5_9":null,"גיל10_18":null,"גיל19_30":null,"גיל31_44":null,"גיל45_64":1.0,"גיל65_75":null,"גיל76פלוס":1.0,"Shape_Length":800.0000000055879,"Shape_Area":40000.00000055879},"geometry":{"type":"MultiPolygon","coordinates":[[[[34.7927810175704,31.241803359693645],[34.79277319515531,31.243607146148673],[34.79487261903487,31.24361385018675],[34.79488040155357,31.241810063257603],[34.7927810175704,31.241803359693645]]]]}},{"type":"Feature","properties":{"X":34.79592290348627,"Y":31.242712632064876,"מספר_פוליגון":631,"גיל0_4":null,"גיל5_9":null,"גיל10_18":null,"גיל19_30":null,"גיל31_44":1.0,"גיל45_64":null,"גיל65_75":null,"גיל76פלוס":null,"Shape_Length":800.0,"Shape_Area":40000.0},"geometry":{"type":"MultiPolygon","coordinates":[[[[34.79488040155357,31.241810063257603],[34.79487261903487,31.24361385018675],[34.796972043614936,31.243620519944546],[34.796979786237195,31.241816732543697],[34.79488040155357,31.241810063257603]]]]}},{"type":"Feature","properties":{"X":34.79802230841964,"Y":31.242719284382783,"מספר_פוליגון":632,"גיל0_4":null,"גיל5_9":null,"גיל10_18":null,"גיל19_30":null,"גיל31_44":null,"גיל45_64":null,"גיל65_75":null,"גיל76פלוס":null,"Shape_Length":800.0000000055879,"Shape_Area":40000.00000055879},"geometry":{"type":"MultiPolygon","coordinates":[[[[34.796979786237195,31.241816732543697],[34.796972043614936,31.243620519944546],[34.79907146889198,31.243627155422015],[34.79907917161775,31.24182336755188],[34.796979786237195,31.241816732543697]]]]}},{"type":"Feature","properties":{"X":34.80012171404813,"Y":31.24272590242156,"מספר_פוליגון":633,"גיל0_4":null,"גיל5_9":null,"גיל10_18":null,"גיל19_30":null,"גיל31_44":null,"גיל45_64":null,"גיל65_75":null,"גיל76פלוס":null,"Shape_Length":800.0000000018626,"Shape_Area":40000.000000186265},"geometry":{"type":"MultiPolygon","coordinates":[[[[34.79907917161775,31.24182336755188],[34.79907146889198,31.243627155422015],[34.80117089486237,31.243633756619104],[34.80117855769157,31.24182996828213],[34.79907917161775,31.24182336755188]]]]}},{"type":"Feature","properties":{"X":34.80222112036817,"Y":31.242732486181172,"מספר_פוליגון":634,"גיל0_4":null,"גיל5_9":null,"גיל10_18":null,"גיל19_30":null,"גיל31_44":null,"גיל45_64":1.0,"גיל65_75":1.0,"גיל76פלוס":null,"Shape_Length":800.0000000055879,"Shape_Area":40000.00000055879},"geometry":{"type":"MultiPolygon","coordinates":[[[[34.80117855769157,31.24182996828213],[34.80117089486237,31.243633756619104],[34.80327032152255,31.243640323535807],[34.803277944455154,31.24183653473438],[34.80117855769157,31.24182996828213]]]]}},{"type":"Feature","properties":{"X":34.80432052737617,"Y":31.24273903566156,"מספר_פוליגון":635,"גיל0_4":null,"גיל5_9":null,"גיל10_18":null,"גיל19_30":1.0,"גיל31_44":null,"גיל45_64":null,"גיל65_75":null,"גיל76פלוס":null,"Shape_Length":800.0000000018626,"Shape_Area":40000.000000186265},"geometry":{"type":"MultiPolygon","coordinates":[[[[34.803277944455154,31.24183653473438],[34.80327032152255,31.243640323535807],[34.805369748868905,31.243646856172045],[34.80537733190484,31.241843066908597],[34.803277944455154,31.24183653473438]]]]}},{"type":"Feature","properties":{"X":34.80641993506853,"Y":31.242745550862704,"מספר_פוליגון":636,"גיל0_4":null,"גיל5_9":null,"גיל10_18":null,"גיל19_30":null,"גיל31_44":null,"גיל45_64":null,"גיל65_75":null,"גיל76פלוס":null,"Shape_Length":800.0000000055879,"Shape_Area":40000.00000055879},"geometry":{"type":"MultiPolygon","coordinates":[[[[34.80537733190484,31.241843066908597],[34.805369748868905,31.243646856172045],[34.80746917689789,31.243653354527826],[34.807476720037094,31.24184956480477],[34.80537733190484,31.241843066908597]]]]}},{"type":"Feature","properties":{"X":34.80851934344168,"Y":31.24275203178456,"מספר_פוליגון":637,"גיל0_4":null,"גיל5_9":null,"גיל10_18":null,"גיל19_30":null,"גיל31_44":null,"גיל45_64":null,"גיל65_75":null,"גיל76פלוס":null,"Shape_Length":800.0000000055879,"Shape_Area":40000.00000055879},"geometry":{"type":"MultiPolygon","coordinates":[[[[34.807476720037094,31.24184956480477],[34.80746917689789,31.243653354527826],[34.80956860560586,31.243659818603053],[34.809576108848304,31.24185602842282],[34.807476720037094,31.24184956480477]]]]}},{"type":"Feature","properties":{"X":34.81061875249201,"Y":31.242758478427078,"מספר_פוליגון":638,"גיל0_4":null,"גיל5_9":null,"גיל10_18":null,"גיל19_30":null,"גיל31_44":null,"גיל45_64":null,"גיל65_75":null,"גיל76פלוס":null,"Shape_Length":800.0,"Shape_Area":40000.0},"geometry":{"type":"MultiPolygon","coordinates":[[[[34.809576108848304,31.24185602842282],[34.80956860560586,31.243659818603053],[34.811668034989246,31.24366624839774],[34.81167549833486,31.24186245776275],[34.809576108848304,31.24185602842282]]]]}},{"type":"Feature","properties":{"X":34.81271816221596,"Y":31.242764890790227,"מספר_פוליגון":639,"גיל0_4":null,"גיל5_9":null,"גיל10_18":null,"גיל19_30":null,"גיל31_44":null,"גיל45_64":null,"גיל65_75":null,"גיל76פלוס":null,"Shape_Length":800.0000000055879,"Shape_Area":40000.00000055879},"geometry":{"type":"MultiPolygon","coordinates":[[[[34.81167549833486,31.24186245776275],[34.811668034989246,31.24366624839774],[34.81376746504449,31.243672643911818],[34.813774888493235,31.241868852824503],[34.81167549833486,31.24186245776275]]]]}},{"type":"Feature","properties":{"X":34.81481757260992,"Y":31.242771268873973,"מספר_פוליגון":640,"גיל0_4":null,"גיל5_9":null,"גיל10_18":null,"גיל19_30":null,"גיל31_44":null,"גיל45_64":null,"גיל65_75":null,"גיל76פלוס":null,"Shape_Length":800.0000000018626,"Shape_Area":40000.000000186265},"geometry":{"type":"MultiPolygon","coordinates":[[[[34.813774888493235,31.241868852824503],[34.81376746504449,31.243672643911818],[34.815866895767975,31.243679005145257],[34.81587427931979,31.24187521360802],[34.813774888493235,31.241868852824503]]]]}},{"type":"Feature","properties":{"X":34.816916983670325,"Y":31.24277761267828,"מספר_פוליגון":641,"גיל0_4":1.0,"גיל5_9":3.0,"גיל10_18":null,"גיל19_30":2.0,"גיל31_44":3.0,"גיל45_64":1.0,"גיל65_75":2.0,"גיל76פלוס":null,"Shape_Length":800.0000000055879,"Shape_Area":40000.00000055879},"geometry":{"type":"MultiPolygon","coordinates":[[[[34.81587427931979,31.24187521360802],[34.815866895767975,31.243679005145257],[34.81796632715614,31.243685332098025],[34.81797367081097,31.241881540113276],[34.81587427931979,31.24187521360802]]]]}},{"type":"Feature","properties":{"X":34.81901639539357,"Y":31.24278392220311,"מספר_פוליגון":642,"גיל0_4":null,"גיל5_9":null,"גיל10_18":null,"גיל19_30":null,"גיל31_44":null,"גיל45_64":null,"גיל65_75":null,"גיל76פלוס":null,"Shape_Length":800.0,"Shape_Area":40000.0},"geometry":{"type":"MultiPolygon","coordinates":[[[[34.81797367081097,31.241881540113276],[34.81796632715614,31.243685332098025],[34.82006575920535,31.24369162477007],[34.820073062963154,31.241887832340268],[34.81797367081097,31.241881540113276]]]]}},{"type":"Feature","properties":{"X":34.821115807776074,"Y":31.242790197448407,"מספר_פוליגון":643,"גיל0_4":null,"גיל5_9":null,"גיל10_18":null,"גיל19_30":null,"גיל31_44":null,"גיל45_64":null,"גיל65_75":null,"גיל76פלוס":null,"Shape_Length":800.0000000055879,"Shape_Area":40000.00000055879},"geometry":{"type":"MultiPolygon","coordinates":[[[[34.820073062963154,31.241887832340268],[34.82006575920535,31.24369162477007],[34.82216519191209,31.24369788316137],[34.8221724557728,31.24189409028891],[34.820073062963154,31.241887832340268]]]]}},{"type":"Feature","properties":{"X":34.82321522081428,"Y":31.24279643841415,"מספר_פוליגון":644,"גיל0_4":null,"גיל5_9":null,"גיל10_18":null,"גיל19_30":null,"גיל31_44":null,"גיל45_64":null,"גיל65_75":null,"גיל76פלוס":null,"Shape_Length":800.0000000074506,"Shape_Area":40000.00000074506},"geometry":{"type":"MultiPolygon","coordinates":[[[[34.8221724557728,31.24189409028891],[34.82216519191209,31.24369788316137],[34.82426462527275,31.243704107271878],[34.82427184923633,31.241900313959178],[34.8221724557728,31.24189409028891]]]]}},{"type":"Feature","properties":{"X":34.82531463450456,"Y":31.24280264510031,"מספר_פוליגון":645,"גיל0_4":null,"גיל5_9":null,"גיל10_18":null,"גיל19_30":null,"גיל31_44":null,"גיל45_64":null,"גיל65_75":null,"גיל76פלוס":null,"Shape_Length":800.0,"Shape_Area":40000.0},"geometry":{"type":"MultiPolygon","coordinates":[[[[34.82427184923633,31.241900313959178],[34.82426462527275,31.243704107271878],[34.82636405928368,31.243710297101558],[34.826371243350074,31.24190650335106],[34.82427184923633,31.241900313959178]]]]}},{"type":"Feature","properties":{"X":34.82741404884332,"Y":31.24280881750683,"מספר_פוליגון":646,"גיל0_4":null,"גיל5_9":null,"גיל10_18":null,"גיל19_30":null,"גיל31_44":null,"גיל45_64":null,"גיל65_75":null,"גיל76פלוס":null,"Shape_Length":800.0000000055879,"Shape_Area":40000.00000055879},"geometry":{"type":"MultiPolygon","coordinates":[[[[34.826371243350074,31.24190650335106],[34.82636405928368,31.243710297101558],[34.82846349394136,31.243716452650382],[34.82847063811052,31.241912658464486],[34.826371243350074,31.24190650335106]]]]}},{"type":"Feature","properties":{"X":34.749727537487274,"Y":31.24436138449169,"מספר_פוליגון":647,"גיל0_4":null,"גיל5_9":null,"גיל10_18":null,"גיל19_30":null,"גיל31_44":null,"גיל45_64":null,"גיל65_75":null,"גיל76פלוס":null,"Shape_Length":799.9999999888241,"Shape_Area":39999.99999888241},"geometry":{"type":"MultiPolygon","coordinates":[[[[34.748685461860525,31.2434584426757],[34.74867680085505,31.245262218106088],[34.750776249093555,31.24526964254558],[34.75078487020026,31.243465866590213],[34.748685461860525,31.2434584426757]]]]}},{"type":"Feature","properties":{"X":34.75182696611734,"Y":31.24436879146385,"מספר_פוליגון":648,"גיל0_4":null,"גיל5_9":null,"גיל10_18":null,"גיל19_30":null,"גיל31_44":null,"גיל45_64":null,"גיל65_75":null,"גיל76פלוס":null,"Shape_Length":799.9999999944121,"Shape_Area":39999.99999944121},"geometry":{"type":"MultiPolygon","coordinates":[[[[34.75078487020026,31.243465866590213],[34.750776249093555,31.24526964254558],[34.752875698108,31.245277032703257],[34.75288427931591,31.24347325622532],[34.75078487020026,31.243465866590213]]]]}},{"type":"Feature","properties":{"X":34.75392639552154,"Y":31.244376164155366,"מספר_פוליגון":649,"גיל0_4":null,"גיל5_9":null,"גיל10_18":null,"גיל19_30":null,"גיל31_44":null,"גיל45_64":null,"גיל65_75":null,"גיל76פלוס":null,"Shape_Length":799.9999999944121,"Shape_Area":39999.99999944121},"geometry":{"type":"MultiPolygon","coordinates":[[[[34.75288427931591,31.24347325622532],[34.752875698108,31.245277032703257],[34.754975147894775,31.24528438857905],[34.754983689203804,31.24348061158099],[34.75288427931591,31.24347325622532]]]]}},{"type":"Feature","properties":{"X":34.75602582569623,"Y":31.24438350256621,"מספר_פוליגון":650,"גיל0_4":null,"גיל5_9":null,"גיל10_18":null,"גיל19_30":null,"גיל31_44":null,"גיל45_64":null,"גיל65_75":null,"גיל76פלוס":null,"Shape_Length":799.9999999906868,"Shape_Area":39999.99999906868},"geometry":{"type":"MultiPolygon","coordinates":[[[[34.754983689203804,31.24348061158099],[34.754975147894775,31.24528438857905],[34.75707459845028,31.24529171017294],[34.757083099860374,31.24348793265717],[34.754983689203804,31.24348061158099]]]]}},{"type":"Feature","properties":{"X":34.75812525663783,"Y":31.244390806696348,"מספר_פוליגון":651,"גיל0_4":2.0,"גיל5_9":4.0,"גיל10_18":7.0,"גיל19_30":21.0,"גיל31_44":5.0,"גיל45_64":23.0,"גיל65_75":6.0,"גיל76פלוס":5.0,"Shape_Length":799.9999999944121,"Shape_Area":39999.99999944121},"geometry":{"type":"MultiPolygon","coordinates":[[[[34.757083099860374,31.24348793265717],[34.75707459845028,31.24529171017294],[34.75917404977096,31.245298997484863],[34.759182511282056,31.243495219453813],[34.757083099860374,31.24348793265717]]]]}},{"type":"Feature","properties":{"X":34.76022468834278,"Y":31.24439807654572,"מספר_פוליגון":652,"גיל0_4":6.0,"גיל5_9":10.0,"גיל10_18":14.0,"גיל19_30":60.0,"גיל31_44":31.0,"גיל45_64":72.0,"גיל65_75":35.0,"גיל76פלוס":7.0,"Shape_Length":799.9999999906868,"Shape_Area":39999.99999906868},"geometry":{"type":"MultiPolygon","coordinates":[[[[34.759182511282056,31.243495219453813],[34.75917404977096,31.245298997484863],[34.76127350185319,31.245306250514815],[34.76128192346523,31.24350247197087],[34.759182511282056,31.243495219453813]]]]}},{"type":"Feature","properties":{"X":34.762324120807484,"Y":31.24440531211428,"מספר_פוליגון":653,"גיל0_4":6.0,"גיל5_9":18.0,"גיל10_18":18.0,"גיל19_30":40.0,"גיל31_44":24.0,"גיל45_64":47.0,"גיל65_75":32.0,"גיל76פלוס":3.0,"Shape_Length":799.9999999944121,"Shape_Area":39999.99999944121},"geometry":{"type":"MultiPolygon","coordinates":[[[[34.76128192346523,31.24350247197087],[34.76127350185319,31.245306250514815],[34.76337295469342,31.245313469262722],[34.763381336406354,31.243509690208334],[34.76128192346523,31.24350247197087]]]]}},{"type":"Feature","properties":{"X":34.76442355402835,"Y":31.24441251340199,"מספר_פוליגון":654,"גיל0_4":5.0,"גיל5_9":9.0,"גיל10_18":22.0,"גיל19_30":31.0,"גיל31_44":22.0,"גיל45_64":37.0,"גיל65_75":32.0,"גיל76פלוס":9.0,"Shape_Length":799.9999999944121,"Shape_Area":39999.99999944121},"geometry":{"type":"MultiPolygon","coordinates":[[[[34.763381336406354,31.243509690208334],[34.76337295469342,31.245313469262722],[34.76547240828805,31.24532065372854],[34.765480750101815,31.243516874166115],[34.763381336406354,31.243509690208334]]]]}},{"type":"Feature","properties":{"X":34.766522988001775,"Y":31.24441968040881,"מספר_פוליגון":655,"גיל0_4":9.0,"גיל5_9":14.0,"גיל10_18":10.0,"גיל19_30":40.0,"גיל31_44":33.0,"גיל45_64":42.0,"גיל65_75":35.0,"גיל76פלוס":20.0,"Shape_Length":799.9999999888241,"Shape_Area":39999.99999888241},"geometry":{"type":"MultiPolygon","coordinates":[[[[34.765480750101815,31.243516874166115],[34.76547240828805,31.24532065372854],[34.767571862633474,31.245327803912215],[34.76758016454799,31.2435240238442],[34.765480750101815,31.243516874166115]]]]}},{"type":"Feature","properties":{"X":34.76862242272419,"Y":31.244426813134694,"מספר_פוליגון":656,"גיל0_4":16.0,"גיל5_9":52.0,"גיל10_18":60.0,"גיל19_30":74.0,"גיל31_44":83.0,"גיל45_64":131.0,"גיל65_75":63.0,"גיל76פלוס":44.0,"Shape_Length":799.9999999944121,"Shape_Area":39999.99999944121},"geometry":{"type":"MultiPolygon","coordinates":[[[[34.76758016454799,31.2435240238442],[34.767571862633474,31.245327803912215],[34.76967131772613,31.245334919813736],[34.76967957974136,31.243531139242517],[34.76758016454799,31.2435240238442]]]]}},{"type":"Feature","properties":{"X":34.77072185819202,"Y":31.24443391157961,"מספר_פוליגון":657,"גיל0_4":16.0,"גיל5_9":27.0,"גיל10_18":33.0,"גיל19_30":37.0,"גיל31_44":50.0,"גיל45_64":53.0,"גיל65_75":34.0,"גיל76פלוס":17.0,"Shape_Length":799.9999999906868,"Shape_Area":39999.99999906868},"geometry":{"type":"MultiPolygon","coordinates":[[[[34.76967957974136,31.243531139242517],[34.76967131772613,31.245334919813736],[34.77177077356241,31.245342001433052],[34.77177899567828,31.24353822036106],[34.76967957974136,31.243531139242517]]]]}},{"type":"Feature","properties":{"X":34.772821294401666,"Y":31.244440975743505,"מספר_פוליגון":658,"גיל0_4":53.0,"גיל5_9":97.0,"גיל10_18":167.0,"גיל19_30":210.0,"גיל31_44":191.0,"גיל45_64":350.0,"גיל65_75":126.0,"גיל76פלוס":62.0,"Shape_Length":799.9999999944121,"Shape_Area":39999.99999944121},"geometry":{"type":"MultiPolygon","coordinates":[[[[34.77177899567828,31.24353822036106],[34.77177077356241,31.245342001433052],[34.773870230138755,31.245349048770088],[34.77387841235522,31.24354526719976],[34.77177899567828,31.24353822036106]]]]}},{"type":"Feature","properties":{"X":34.774920731349525,"Y":31.244448005626335,"מספר_פוליגון":659,"גיל0_4":14.0,"גיל5_9":45.0,"גיל10_18":58.0,"גיל19_30":74.0,"גיל31_44":108.0,"גיל45_64":125.0,"גיל65_75":63.0,"גיל76פלוס":48.0,"Shape_Length":799.9999999906868,"Shape_Area":39999.99999906868},"geometry":{"type":"MultiPolygon","coordinates":[[[[34.77387841235522,31.24354526719976],[34.773870230138755,31.245349048770088],[34.77596968745156,31.245356061824868],[34.77597782976855,31.243552279758603],[34.77387841235522,31.24354526719976]]]]}},{"type":"Feature","properties":{"X":34.77702016903203,"Y":31.244455001228054,"מספר_פוליגון":660,"גיל0_4":13.0,"גיל5_9":46.0,"גיל10_18":50.0,"גיל19_30":73.0,"גיל31_44":114.0,"גיל45_64":115.0,"גיל65_75":57.0,"גיל76פלוס":60.0,"Shape_Length":799.9999999944121,"Shape_Area":39999.99999944121},"geometry":{"type":"MultiPolygon","coordinates":[[[[34.77597782976855,31.243552279758603],[34.77596968745156,31.245356061824868],[34.77806914549725,31.24536304059728],[34.77807724791471,31.243559258037497],[34.77597782976855,31.243552279758603]]]]}},{"type":"Feature","properties":{"X":34.7791196074456,"Y":31.244461962548634,"מספר_פוליגון":661,"גיל0_4":7.0,"גיל5_9":16.0,"גיל10_18":22.0,"גיל19_30":31.0,"גיל31_44":25.0,"גיל45_64":39.0,"גיל65_75":12.0,"גיל76פלוס":14.0,"Shape_Length":799.9999999944121,"Shape_Area":39999.99999944121},"geometry":{"type":"MultiPolygon","coordinates":[[[[34.77807724791471,31.243559258037497],[34.77806914549725,31.24536304059728],[34.7801686042722,31.245369985087304],[34.78017666679009,31.243566202036455],[34.77807724791471,31.243559258037497]]]]}},{"type":"Feature","properties":{"X":34.781219046586614,"Y":31.244468889588028,"מספר_פוליגון":662,"גיל0_4":1.0,"גיל5_9":null,"גיל10_18":3.0,"גיל19_30":3.0,"גיל31_44":2.0,"גיל45_64":8.0,"גיל65_75":2.0,"גיל76פלוס":3.0,"Shape_Length":799.9999999888241,"Shape_Area":39999.99999888241},"geometry":{"type":"MultiPolygon","coordinates":[[[[34.78017666679009,31.243566202036455],[34.7801686042722,31.245369985087304],[34.78226806377283,31.245376895294918],[34.782276086391086,31.24357311175539],[34.78017666679009,31.243566202036455]]]]}},{"type":"Feature","properties":{"X":34.78331848645151,"Y":31.244475782346186,"מספר_פוליגון":663,"גיל0_4":38.0,"גיל5_9":59.0,"גיל10_18":64.0,"גיל19_30":111.0,"גיל31_44":117.0,"גיל45_64":167.0,"גיל65_75":114.0,"גיל76פלוס":81.0,"Shape_Length":799.9999999944121,"Shape_Area":39999.99999944121},"geometry":{"type":"MultiPolygon","coordinates":[[[[34.782276086391086,31.24357311175539],[34.78226806377283,31.245376895294918],[34.78436752399562,31.245383771220087],[34.78437550671418,31.2435799871943],[34.782276086391086,31.24357311175539]]]]}},{"type":"Feature","properties":{"X":34.78541792703672,"Y":31.244482640823076,"מספר_פוליגון":664,"גיל0_4":63.0,"גיל5_9":83.0,"גיל10_18":102.0,"גיל19_30":143.0,"גיל31_44":173.0,"גיל45_64":245.0,"גיל65_75":119.0,"גיל76פלוס":89.0,"Shape_Length":799.9999999906868,"Shape_Area":39999.99999906868},"geometry":{"type":"MultiPolygon","coordinates":[[[[34.78437550671418,31.2435799871943],[34.78436752399562,31.245383771220087],[34.78646698493691,31.245390612862728],[34.78647492775571,31.24358682835313],[34.78437550671418,31.2435799871943]]]]}},{"type":"Feature","properties":{"X":34.78751736833862,"Y":31.244489465018653,"מספר_פוליגון":665,"גיל0_4":46.0,"גיל5_9":77.0,"גיל10_18":79.0,"גיל19_30":104.0,"גיל31_44":149.0,"גיל45_64":194.0,"גיל65_75":128.0,"גיל76פלוס":75.0,"Shape_Length":799.9999999944121,"Shape_Area":39999.99999944121},"geometry":{"type":"MultiPolygon","coordinates":[[[[34.78647492775571,31.24358682835313],[34.78646698493691,31.245390612862728],[34.788566446593165,31.24539742022282],[34.788574349512146,31.243593635231818],[34.78647492775571,31.24358682835313]]]]}},{"type":"Feature","properties":{"X":34.789616810353635,"Y":31.24449625493288,"מספר_פוליגון":666,"גיל0_4":20.0,"גיל5_9":42.0,"גיל10_18":26.0,"גיל19_30":61.0,"גיל31_44":83.0,"גיל45_64":70.0,"גיל65_75":40.0,"גיל76פלוס":23.0,"Shape_Length":799.9999999906868,"Shape_Area":39999.99999906868},"geometry":{"type":"MultiPolygon","coordinates":[[[[34.788574349512146,31.243593635231818],[34.788566446593165,31.24539742022282],[34.79066590896074,31.245404193300345],[34.79067377197987,31.243600407830353],[34.788574349512146,31.243593635231818]]]]}},{"type":"Feature","properties":{"X":34.79171625307819,"Y":31.244503010565715,"מספר_פוליגון":667,"גיל0_4":22.0,"גיל5_9":31.0,"גיל10_18":18.0,"גיל19_30":49.0,"גיל31_44":70.0,"גיל45_64":82.0,"גיל65_75":56.0,"גיל76פלוס":25.0,"Shape_Length":799.9999999944121,"Shape_Area":39999.99999944121},"geometry":{"type":"MultiPolygon","coordinates":[[[[34.79067377197987,31.243600407830353],[34.79066590896074,31.245404193300345],[34.79276537203611,31.245410932095233],[34.79277319515531,31.243607146148673],[34.79067377197987,31.243600407830353]]]]}},{"type":"Feature","properties":{"X":34.79381569650871,"Y":31.244509731917113,"מספר_פוליגון":668,"גיל0_4":10.0,"גיל5_9":13.0,"גיל10_18":21.0,"גיל19_30":30.0,"גיל31_44":55.0,"גיל45_64":63.0,"גיל65_75":37.0,"גיל76פלוס":19.0,"Shape_Length":799.9999999944121,"Shape_Area":39999.99999944121},"geometry":{"type":"MultiPolygon","coordinates":[[[[34.79277319515531,31.243607146148673],[34.79276537203611,31.245410932095233],[34.79486483581564,31.24541763660743],[34.79487261903487,31.24361385018675],[34.79277319515531,31.243607146148673]]]]}},{"type":"Feature","properties":{"X":34.795915140641554,"Y":31.24451641898704,"מספר_פוליגון":669,"גיל0_4":null,"גיל5_9":2.0,"גיל10_18":3.0,"גיל19_30":3.0,"גיל31_44":1.0,"גיל45_64":7.0,"גיל65_75":2.0,"גיל76פלוס":1.0,"Shape_Length":799.9999999888241,"Shape_Area":39999.99999888241},"geometry":{"type":"MultiPolygon","coordinates":[[[[34.79487261903487,31.24361385018675],[34.79486483581564,31.24541763660743],[34.796964300295755,31.24542430683696],[34.796972043614936,31.243620519944546],[34.79487261903487,31.24361385018675]]]]}},{"type":"Feature","properties":{"X":34.798014585473176,"Y":31.244523071775447,"מספר_פוליגון":670,"גיל0_4":11.0,"גיל5_9":16.0,"גיל10_18":19.0,"גיל19_30":39.0,"גיל31_44":54.0,"גיל45_64":62.0,"גיל65_75":42.0,"גיל76פלוס":23.0,"Shape_Length":799.9999999944121,"Shape_Area":39999.99999944121},"geometry":{"type":"MultiPolygon","coordinates":[[[[34.796972043614936,31.243620519944546],[34.796964300295755,31.24542430683696],[34.79906376547288,31.245430942783713],[34.79907146889198,31.243627155422015],[34.796972043614936,31.243620519944546]]]]}},{"type":"Feature","properties":{"X":34.80011403099999,"Y":31.244529690282306,"מספר_פוליגון":671,"גיל0_4":13.0,"גיל5_9":9.0,"גיל10_18":17.0,"גיל19_30":34.0,"גיל31_44":55.0,"גיל45_64":57.0,"גיל65_75":30.0,"גיל76פלוס":25.0,"Shape_Length":799.9999999906868,"Shape_Area":39999.99999906868},"geometry":{"type":"MultiPolygon","coordinates":[[[[34.79907146889198,31.243627155422015],[34.79906376547288,31.245430942783713],[34.8011632313434,31.2454375444477],[34.80117089486237,31.243633756619104],[34.79907146889198,31.243627155422015]]]]}},{"type":"Feature","properties":{"X":34.802213477218395,"Y":31.244536274507578,"מספר_פוליגון":672,"גיל0_4":5.0,"גיל5_9":10.0,"גיל10_18":15.0,"גיל19_30":22.0,"גיל31_44":30.0,"גיל45_64":50.0,"גיל65_75":19.0,"גיל76פלוס":32.0,"Shape_Length":799.9999999944121,"Shape_Area":39999.99999944121},"geometry":{"type":"MultiPolygon","coordinates":[[[[34.80117089486237,31.243633756619104],[34.8011632313434,31.2454375444477],[34.803262697903776,31.24544411182884],[34.80327032152255,31.243640323535807],[34.80117089486237,31.243633756619104]]]]}},{"type":"Feature","properties":{"X":34.804312924124815,"Y":31.24454282445121,"מספר_פוליגון":673,"גיל0_4":null,"גיל5_9":null,"גיל10_18":null,"גיל19_30":null,"גיל31_44":null,"גיל45_64":null,"גיל65_75":null,"גיל76פלוס":null,"Shape_Length":799.9999999906868,"Shape_Area":39999.99999906868},"geometry":{"type":"MultiPolygon","coordinates":[[[[34.80327032152255,31.243640323535807],[34.803262697903776,31.24544411182884],[34.80536216515038,31.24545064492713],[34.805369748868905,31.243646856172045],[34.80327032152255,31.243640323535807]]]]}},{"type":"Feature","properties":{"X":34.80641237171566,"Y":31.244549340113178,"מספר_פוליגון":674,"גיל0_4":null,"גיל5_9":null,"גיל10_18":null,"גיל19_30":null,"גיל31_44":null,"גיל45_64":null,"גיל65_75":null,"גיל76פלוס":null,"Shape_Length":799.9999999944121,"Shape_Area":39999.99999944121},"geometry":{"type":"MultiPolygon","coordinates":[[[[34.805369748868905,31.243646856172045],[34.80536216515038,31.24545064492713],[34.80746163307965,31.245457143742506],[34.80746917689789,31.243653354527826],[34.805369748868905,31.243646856172045]]]]}},{"type":"Feature","properties":{"X":34.80851181998734,"Y":31.244555821493428,"מספר_פוליגון":675,"גיל0_4":null,"גיל5_9":null,"גיל10_18":null,"גיל19_30":null,"גיל31_44":null,"גיל45_64":1.0,"גיל65_75":null,"גיל76פלוס":null,"Shape_Length":799.9999999944121,"Shape_Area":39999.99999944121},"geometry":{"type":"MultiPolygon","coordinates":[[[[34.80746917689789,31.243653354527826],[34.80746163307965,31.245457143742506],[34.80956110168799,31.24546360827496],[34.80956860560586,31.243659818603053],[34.80746917689789,31.243653354527826]]]]}},{"type":"Feature","properties":{"X":34.81061126893626,"Y":31.244562268591924,"מספר_פוליגון":676,"גיל0_4":null,"גיל5_9":null,"גיל10_18":null,"גיל19_30":null,"גיל31_44":null,"גיל45_64":null,"גיל65_75":null,"גיל76פלוס":null,"Shape_Length":799.9999999888241,"Shape_Area":39999.99999888241},"geometry":{"type":"MultiPolygon","coordinates":[[[[34.80956860560586,31.243659818603053],[34.80956110168799,31.24546360827496],[34.81166057097179,31.245470038524417],[34.811668034989246,31.24366624839774],[34.80956860560586,31.243659818603053]]]]}},{"type":"Feature","properties":{"X":34.81271071855884,"Y":31.24456868140864,"מספר_פוליגון":677,"גיל0_4":null,"גיל5_9":null,"גיל10_18":null,"גיל19_30":null,"גיל31_44":null,"גיל45_64":1.0,"גיל65_75":null,"גיל76פלוס":null,"Shape_Length":799.9999999944121,"Shape_Area":39999.99999944121},"geometry":{"type":"MultiPolygon","coordinates":[[[[34.811668034989246,31.24366624839774],[34.81166057097179,31.245470038524417],[34.8137600409275,31.24547643449084],[34.81376746504449,31.243672643911818],[34.811668034989246,31.24366624839774]]]]}},{"type":"Feature","properties":{"X":34.814810168851494,"Y":31.244575059943525,"מספר_פוליגון":678,"גיל0_4":null,"גיל5_9":null,"גיל10_18":null,"גיל19_30":null,"גיל31_44":null,"גיל45_64":null,"גיל65_75":null,"גיל76פלוס":null,"Shape_Length":799.9999999906868,"Shape_Area":39999.99999906868},"geometry":{"type":"MultiPolygon","coordinates":[[[[34.81376746504449,31.243672643911818],[34.8137600409275,31.24547643449084],[34.81585951155149,31.245482796174215],[34.815866895767975,31.243679005145257],[34.81376746504449,31.243672643911818]]]]}},{"type":"Feature","properties":{"X":34.816909619810644,"Y":31.24458140419655,"מספר_פוליגון":679,"גיל0_4":null,"גיל5_9":null,"גיל10_18":null,"גיל19_30":null,"גיל31_44":null,"גיל45_64":null,"גיל65_75":null,"גיל76פלוס":null,"Shape_Length":799.9999999944121,"Shape_Area":39999.99999944121},"geometry":{"type":"MultiPolygon","coordinates":[[[[34.815866895767975,31.243679005145257],[34.81585951155149,31.245482796174215],[34.817958982840224,31.245489123574483],[34.81796632715614,31.243685332098025],[34.815866895767975,31.243679005145257]]]]}},{"type":"Feature","properties":{"X":34.81900907143268,"Y":31.24458771416767,"מספר_פוליגון":680,"גיל0_4":null,"גיל5_9":null,"גיל10_18":null,"גיל19_30":null,"גיל31_44":null,"גיל45_64":null,"גיל65_75":null,"גיל76פלוס":null,"Shape_Length":799.9999999888241,"Shape_Area":39999.99999888241},"geometry":{"type":"MultiPolygon","coordinates":[[[[34.81796632715614,31.243685332098025],[34.817958982840224,31.245489123574483],[34.820058454790065,31.245495416691615],[34.82006575920535,31.24369162477007],[34.81796632715614,31.243685332098025]]]]}},{"type":"Feature","properties":{"X":34.82110852371403,"Y":31.244593989856842,"מספר_פוליגון":681,"גיל0_4":null,"גיל5_9":null,"גיל10_18":null,"גיל19_30":null,"גיל31_44":null,"גיל45_64":null,"גיל65_75":null,"גיל76פלוס":null,"Shape_Length":799.9999999944121,"Shape_Area":39999.99999944121},"geometry":{"type":"MultiPolygon","coordinates":[[[[34.82006575920535,31.24369162477007],[34.820058454790065,31.245495416691615],[34.82215792739746,31.245501675525592],[34.82216519191209,31.24369788316137],[34.82006575920535,31.24369162477007]]]]}},{"type":"Feature","properties":{"X":34.823207976651126,"Y":31.244600231264048,"מספר_פוליגון":682,"גיל0_4":null,"גיל5_9":null,"גיל10_18":null,"גיל19_30":null,"גיל31_44":null,"גיל45_64":null,"גיל65_75":null,"גיל76פלוס":null,"Shape_Length":799.9999999962747,"Shape_Area":39999.99999962747},"geometry":{"type":"MultiPolygon","coordinates":[[[[34.82216519191209,31.24369788316137],[34.82215792739746,31.245501675525592],[34.824257400658844,31.245507900076344],[34.82426462527275,31.243704107271878],[34.82216519191209,31.24369788316137]]]]}},{"type":"Feature","properties":{"X":34.82530743024036,"Y":31.244606438389233,"מספר_פוליגון":683,"גיל0_4":null,"גיל5_9":null,"גיל10_18":null,"גיל19_30":null,"גיל31_44":null,"גיל45_64":null,"גיל65_75":null,"גיל76פלוס":null,"Shape_Length":799.9999999888241,"Shape_Area":39999.99999888241},"geometry":{"type":"MultiPolygon","coordinates":[[[[34.82426462527275,31.243704107271878],[34.824257400658844,31.245507900076344],[34.82635687457055,31.245514090343864],[34.82636405928368,31.243710297101558],[34.82426462527275,31.243704107271878]]]]}},{"type":"Feature","properties":{"X":34.82740688447813,"Y":31.244612611232366,"מספר_פוליגון":684,"גיל0_4":null,"גיל5_9":null,"גיל10_18":null,"גיל19_30":null,"גיל31_44":null,"גיל45_64":null,"גיל65_75":null,"גיל76פלוס":null,"Shape_Length":799.9999999944121,"Shape_Area":39999.99999944121},"geometry":{"type":"MultiPolygon","coordinates":[[[[34.82636405928368,31.243710297101558],[34.82635687457055,31.245514090343864],[34.82845634912906,31.24552024632808],[34.82846349394136,31.243716452650382],[34.82636405928368,31.243710297101558]]]]}},{"type":"Feature","properties":{"X":34.74971889611754,"Y":31.246165159941505,"מספר_פוליגון":685,"גיל0_4":null,"גיל5_9":null,"גיל10_18":null,"גיל19_30":null,"גיל31_44":null,"גיל45_64":null,"גיל65_75":null,"גיל76פלוס":null,"Shape_Length":799.9999999962747,"Shape_Area":39999.99999962747},"geometry":{"type":"MultiPolygon","coordinates":[[[[34.74867680085505,31.245262218106088],[34.74866813907007,31.24706599302769],[34.75076762721091,31.247073417992173],[34.750776249093555,31.24526964254558],[34.74867680085505,31.245262218106088]]]]}},{"type":"Feature","properties":{"X":34.751818364648194,"Y":31.246172567437437,"מספר_פוליגון":686,"גיל0_4":null,"גיל5_9":null,"גיל10_18":null,"גיל19_30":null,"גיל31_44":null,"גיל45_64":null,"גיל65_75":null,"גיל76פלוס":null,"Shape_Length":800.0000000018626,"Shape_Area":40000.000000186265},"geometry":{"type":"MultiPolygon","coordinates":[[[[34.750776249093555,31.24526964254558],[34.75076762721091,31.247073417992173],[34.75286711612777,31.24708080867243],[34.752875698108,31.245277032703257],[34.750776249093555,31.24526964254558]]]]}},{"type":"Feature","properties":{"X":34.75391783395301,"Y":31.24617994065032,"מספר_פוליגון":687,"גיל0_4":null,"גיל5_9":null,"גיל10_18":null,"גיל19_30":null,"גיל31_44":null,"גיל45_64":null,"גיל65_75":null,"גיל76פלוס":null,"Shape_Length":800.0000000018626,"Shape_Area":40000.000000186265},"geometry":{"type":"MultiPolygon","coordinates":[[[[34.752875698108,31.245277032703257],[34.75286711612777,31.24708080867243],[34.754966605816996,31.247088165068373],[34.754975147894775,31.24528438857905],[34.752875698108,31.245277032703257]]]]}},{"type":"Feature","properties":{"X":34.756017304028404,"Y":31.2461872795801,"מספר_פוליגון":688,"גיל0_4":null,"גיל5_9":null,"גיל10_18":null,"גיל19_30":null,"גיל31_44":null,"גיל45_64":null,"גיל65_75":null,"גיל76פלוס":null,"Shape_Length":799.9999999981374,"Shape_Area":39999.999999813735},"geometry":{"type":"MultiPolygon","coordinates":[[[[34.754975147894775,31.24528438857905],[34.754966605816996,31.247088165068373],[34.757066096275025,31.247095487179998],[34.75707459845028,31.24529171017294],[34.754975147894775,31.24528438857905]]]]}},{"type":"Feature","properties":{"X":34.758116774870764,"Y":31.24619458422675,"מספר_פוליגון":689,"גיל0_4":4.0,"גיל5_9":9.0,"גיל10_18":21.0,"גיל19_30":48.0,"גיל31_44":20.0,"גיל45_64":54.0,"גיל65_75":26.0,"גיל76פלוס":4.0,"Shape_Length":800.0000000018626,"Shape_Area":40000.000000186265},"geometry":{"type":"MultiPolygon","coordinates":[[[[34.75707459845028,31.24529171017294],[34.757066096275025,31.247095487179998],[34.75916558749829,31.24710277500725],[34.75917404977096,31.245298997484863],[34.75707459845028,31.24529171017294]]]]}},{"type":"Feature","properties":{"X":34.760216246476524,"Y":31.24620185459022,"מספר_פוליגון":690,"גיל0_4":7.0,"גיל5_9":11.0,"גיל10_18":15.0,"גיל19_30":42.0,"גיל31_44":35.0,"גיל45_64":47.0,"גיל65_75":42.0,"גיל76פלוס":5.0,"Shape_Length":799.9999999981374,"Shape_Area":39999.999999813735},"geometry":{"type":"MultiPolygon","coordinates":[[[[34.75917404977096,31.245298997484863],[34.75916558749829,31.24710277500725],[34.76126507948317,31.247110028550072],[34.76127350185319,31.245306250514815],[34.75917404977096,31.245298997484863]]]]}},{"type":"Feature","properties":{"X":34.762315718842096,"Y":31.246209090670455,"מספר_פוליגון":691,"גיל0_4":2.0,"גיל5_9":2.0,"גיל10_18":2.0,"גיל19_30":10.0,"גיל31_44":6.0,"גיל45_64":17.0,"גיל65_75":18.0,"גיל76פלוס":1.0,"Shape_Length":800.0000000018626,"Shape_Area":40000.000000186265},"geometry":{"type":"MultiPolygon","coordinates":[[[[34.76127350185319,31.245306250514815],[34.76126507948317,31.247110028550072],[34.7633645722261,31.24711724780846],[34.76337295469342,31.245313469262722],[34.76127350185319,31.245306250514815]]]]}},{"type":"Feature","properties":{"X":34.7644151919639,"Y":31.246216292467423,"מספר_פוליגון":692,"גיל0_4":1.0,"גיל5_9":null,"גיל10_18":1.0,"גיל19_30":11.0,"גיל31_44":6.0,"גיל45_64":7.0,"גיל65_75":6.0,"גיל76פלוס":null,"Shape_Length":800.0000000018626,"Shape_Area":40000.000000186265},"geometry":{"type":"MultiPolygon","coordinates":[[[[34.76337295469342,31.245313469262722],[34.7633645722261,31.24711724780846],[34.76546406572349,31.247124432782318],[34.76547240828805,31.24532065372854],[34.76337295469342,31.245313469262722]]]]}},{"type":"Feature","properties":{"X":34.76651466583832,"Y":31.246223459981078,"מספר_פוליגון":693,"גיל0_4":5.0,"גיל5_9":9.0,"גיל10_18":16.0,"גיל19_30":27.0,"גיל31_44":22.0,"גיל45_64":27.0,"גיל65_75":41.0,"גיל76פלוס":11.0,"Shape_Length":799.9999999962747,"Shape_Area":39999.99999962747},"geometry":{"type":"MultiPolygon","coordinates":[[[[34.76547240828805,31.24532065372854],[34.76546406572349,31.247124432782318],[34.76756355997172,31.247131583471642],[34.767571862633474,31.245327803912215],[34.76547240828805,31.24532065372854]]]]}},{"type":"Feature","properties":{"X":34.768614140461786,"Y":31.246230593211376,"מספר_פוליגון":694,"גיל0_4":17.0,"גיל5_9":42.0,"גיל10_18":62.0,"גיל19_30":84.0,"גיל31_44":112.0,"גיל45_64":143.0,"גיל65_75":64.0,"גיל76פלוס":45.0,"Shape_Length":800.0000000018626,"Shape_Area":40000.000000186265},"geometry":{"type":"MultiPolygon","coordinates":[[[[34.767571862633474,31.245327803912215],[34.76756355997172,31.247131583471642],[34.769663054967275,31.247138699876373],[34.76967131772613,31.245334919813736],[34.767571862633474,31.245327803912215]]]]}},{"type":"Feature","properties":{"X":34.77071361583072,"Y":31.246237692158278,"מספר_פוליגון":695,"גיל0_4":42.0,"גיל5_9":95.0,"גיל10_18":105.0,"גיל19_30":143.0,"גיל31_44":204.0,"גיל45_64":202.0,"גיל65_75":107.0,"גיל76פלוס":81.0,"Shape_Length":799.9999999981374,"Shape_Area":39999.999999813735},"geometry":{"type":"MultiPolygon","coordinates":[[[[34.76967131772613,31.245334919813736],[34.769663054967275,31.247138699876373],[34.771762550706484,31.247145781996466],[34.77177077356241,31.245342001433052],[34.76967131772613,31.245334919813736]]]]}},{"type":"Feature","properties":{"X":34.77281309194152,"Y":31.246244756821746,"מספר_פוליגון":696,"גיל0_4":30.0,"גיל5_9":36.0,"גיל10_18":43.0,"גיל19_30":72.0,"גיל31_44":71.0,"גיל45_64":106.0,"גיל65_75":79.0,"גיל76פלוס":54.0,"Shape_Length":800.0000000018626,"Shape_Area":40000.000000186265},"geometry":{"type":"MultiPolygon","coordinates":[[[[34.77177077356241,31.245342001433052],[34.771762550706484,31.247145781996466],[34.77386204718584,31.247152829831887],[34.773870230138755,31.245349048770088],[34.77177077356241,31.245342001433052]]]]}},{"type":"Feature","properties":{"X":34.774912568790626,"Y":31.24625178720173,"מספר_פוליגון":697,"גיל0_4":28.0,"גיל5_9":45.0,"גיל10_18":61.0,"גיל19_30":85.0,"גיל31_44":121.0,"גיל45_64":155.0,"גיל65_75":74.0,"גיל76פלוס":81.0,"Shape_Length":799.9999999981374,"Shape_Area":39999.999999813735},"geometry":{"type":"MultiPolygon","coordinates":[[[[34.773870230138755,31.245349048770088],[34.77386204718584,31.247152829831887],[34.77596154440168,31.247159843382587],[34.77596968745156,31.245356061824868],[34.773870230138755,31.245349048770088]]]]}},{"type":"Feature","properties":{"X":34.77701204637442,"Y":31.246258783298178,"מספר_פוליגון":698,"גיל0_4":21.0,"גיל5_9":40.0,"גיל10_18":40.0,"גיל19_30":63.0,"גיל31_44":95.0,"גיל45_64":91.0,"גיל65_75":70.0,"גיל76פלוס":50.0,"Shape_Length":800.0000000018626,"Shape_Area":40000.000000186265},"geometry":{"type":"MultiPolygon","coordinates":[[[[34.77596968745156,31.245356061824868],[34.77596154440168,31.247159843382587],[34.77806104235046,31.24716682264852],[34.77806914549725,31.24536304059728],[34.77596968745156,31.245356061824868]]]]}},{"type":"Feature","properties":{"X":34.77911152468932,"Y":31.246265745111064,"מספר_פוליגון":699,"גיל0_4":21.0,"גיל5_9":38.0,"גיל10_18":39.0,"גיל19_30":62.0,"גיל31_44":98.0,"גיל45_64":125.0,"גיל65_75":43.0,"גיל76פלוס":48.0,"Shape_Length":800.0000000018626,"Shape_Area":40000.000000186265},"geometry":{"type":"MultiPolygon","coordinates":[[[[34.77806914549725,31.24536304059728],[34.77806104235046,31.24716682264852],[34.78016054102861,31.247173767629672],[34.7801686042722,31.245369985087304],[34.77806914549725,31.24536304059728]]]]}},{"type":"Feature","properties":{"X":34.78121100373175,"Y":31.246272672640345,"מספר_פוליגון":700,"גיל0_4":24.0,"גיל5_9":45.0,"גיל10_18":38.0,"גיל19_30":70.0,"גיל31_44":77.0,"גיל45_64":80.0,"גיל65_75":56.0,"גיל76פלוס":31.0,"Shape_Length":799.9999999962747,"Shape_Area":39999.99999962747},"geometry":{"type":"MultiPolygon","coordinates":[[[[34.7801686042722,31.245369985087304],[34.78016054102861,31.247173767629672],[34.782260040432476,31.247180678325964],[34.78226806377283,31.245376895294918],[34.7801686042722,31.245369985087304]]]]}},{"type":"Feature","properties":{"X":34.783310483498106,"Y":31.24627956588597,"מספר_פוליגון":701,"גיל0_4":42.0,"גיל5_9":63.0,"גיל10_18":73.0,"גיל19_30":135.0,"גיל31_44":149.0,"גיל45_64":190.0,"גיל65_75":117.0,"גיל76פלוס":48.0,"Shape_Length":800.0000000018626,"Shape_Area":40000.000000186265},"geometry":{"type":"MultiPolygon","coordinates":[[[[34.78226806377283,31.245376895294918],[34.782260040432476,31.247180678325964],[34.78435954055854,31.247187554737373],[34.78436752399562,31.245383771220087],[34.78226806377283,31.245376895294918]]]]}},{"type":"Feature","properties":{"X":34.78540996398482,"Y":31.246286424847906,"מספר_פוליגון":702,"גיל0_4":15.0,"גיל5_9":20.0,"גיל10_18":18.0,"גיל19_30":68.0,"גיל31_44":54.0,"גיל45_64":88.0,"גיל65_75":34.0,"גיל76פלוס":34.0,"Shape_Length":799.9999999981374,"Shape_Area":39999.999999813735},"geometry":{"type":"MultiPolygon","coordinates":[[[[34.78436752399562,31.245383771220087],[34.78435954055854,31.247187554737373],[34.78645904140318,31.247194396863872],[34.78646698493691,31.245390612862728],[34.78436752399562,31.245383771220087]]]]}},{"type":"Feature","properties":{"X":34.78750944518829,"Y":31.24629324952611,"מספר_פוליגון":703,"גיל0_4":32.0,"גיל5_9":54.0,"גיל10_18":41.0,"גיל19_30":84.0,"גיל31_44":96.0,"גיל45_64":97.0,"גיל65_75":64.0,"גיל76פלוס":23.0,"Shape_Length":800.0000000018626,"Shape_Area":40000.000000186265},"geometry":{"type":"MultiPolygon","coordinates":[[[[34.78646698493691,31.245390612862728],[34.78645904140318,31.247194396863872],[34.78855854296281,31.247201204705387],[34.788566446593165,31.24539742022282],[34.78646698493691,31.245390612862728]]]]}},{"type":"Feature","properties":{"X":34.789608927104936,"Y":31.24630003992055,"מספר_פוליגון":704,"גיל0_4":74.0,"גיל5_9":79.0,"גיל10_18":91.0,"גיל19_30":142.0,"גיל31_44":161.0,"גיל45_64":202.0,"גיל65_75":104.0,"גיל76פלוס":48.0,"Shape_Length":799.9999999981374,"Shape_Area":39999.999999813735},"geometry":{"type":"MultiPolygon","coordinates":[[[[34.788566446593165,31.24539742022282],[34.78855854296281,31.247201204705387],[34.79065804523385,31.247207978261894],[34.79066590896074,31.245404193300345],[34.788566446593165,31.24539742022282]]]]}},{"type":"Feature","properties":{"X":34.79170840973118,"Y":31.24630679603116,"מספר_פוליגון":705,"גיל0_4":19.0,"גיל5_9":17.0,"גיל10_18":18.0,"גיל19_30":50.0,"גיל31_44":51.0,"גיל45_64":57.0,"גיל65_75":44.0,"גיל76פלוס":27.0,"Shape_Length":800.0000000018626,"Shape_Area":40000.000000186265},"geometry":{"type":"MultiPolygon","coordinates":[[[[34.79066590896074,31.245404193300345],[34.79065804523385,31.247207978261894],[34.79275754821272,31.247214717533357],[34.79276537203611,31.245410932095233],[34.79066590896074,31.245404193300345]]]]}},{"type":"Feature","properties":{"X":34.793807893063416,"Y":31.246313517857924,"מספר_פוליגון":706,"גיל0_4":15.0,"גיל5_9":20.0,"גיל10_18":14.0,"גיל19_30":40.0,"גיל31_44":40.0,"גיל45_64":56.0,"גיל65_75":43.0,"גיל76פלוס":18.0,"Shape_Length":800.0000000018626,"Shape_Area":40000.000000186265},"geometry":{"type":"MultiPolygon","coordinates":[[[[34.79276537203611,31.245410932095233],[34.79275754821272,31.247214717533357],[34.794857051895825,31.247221422519743],[34.79486483581564,31.24541763660743],[34.79276537203611,31.245410932095233]]]]}},{"type":"Feature","properties":{"X":34.79590737709806,"Y":31.246320205400792,"מספר_פוליגון":707,"גיל0_4":16.0,"גיל5_9":19.0,"גיל10_18":31.0,"גיל19_30":35.0,"גיל31_44":48.0,"גיל45_64":57.0,"גיל65_75":33.0,"גיל76פלוס":8.0,"Shape_Length":799.9999999962747,"Shape_Area":39999.99999962747},"geometry":{"type":"MultiPolygon","coordinates":[[[[34.79486483581564,31.24541763660743],[34.794857051895825,31.247221422519743],[34.79695655627953,31.247228093220997],[34.796964300295755,31.24542430683696],[34.79486483581564,31.24541763660743]]]]}},{"type":"Feature","properties":{"X":34.79800686183154,"Y":31.246326858659728,"מספר_פוליגון":708,"גיל0_4":1.0,"גיל5_9":1.0,"גיל10_18":2.0,"גיל19_30":3.0,"גיל31_44":1.0,"גיל45_64":3.0,"גיל65_75":null,"גיל76פלוס":null,"Shape_Length":800.0000000018626,"Shape_Area":40000.000000186265},"geometry":{"type":"MultiPolygon","coordinates":[[[[34.796964300295755,31.24542430683696],[34.79695655627953,31.247228093220997],[34.799056061360346,31.247234729637075],[34.79906376547288,31.245430942783713],[34.796964300295755,31.24542430683696]]]]}},{"type":"Feature","properties":{"X":34.80010634726025,"Y":31.24633347763469,"מספר_פוליגון":709,"גיל0_4":33.0,"גיל5_9":65.0,"גיל10_18":45.0,"גיל19_30":32.0,"גיל31_44":62.0,"גיל45_64":45.0,"גיל65_75":19.0,"גיל76פלוס":10.0,"Shape_Length":799.9999999981374,"Shape_Area":39999.999999813735},"geometry":{"type":"MultiPolygon","coordinates":[[[[34.79906376547288,31.245430942783713],[34.799056061360346,31.247234729637075],[34.801155567134614,31.247241331767956],[34.8011632313434,31.2454375444477],[34.79906376547288,31.245430942783713]]]]}},{"type":"Feature","properties":{"X":34.80220583338061,"Y":31.246340062325633,"מספר_פוליגון":710,"גיל0_4":null,"גיל5_9":null,"גיל10_18":null,"גיל19_30":null,"גיל31_44":1.0,"גיל45_64":null,"גיל65_75":null,"גיל76פלוס":null,"Shape_Length":800.0000000018626,"Shape_Area":40000.000000186265},"geometry":{"type":"MultiPolygon","coordinates":[[[[34.8011632313434,31.2454375444477],[34.801155567134614,31.247241331767956],[34.80325507359877,31.247247899613576],[34.803262697903776,31.24544411182884],[34.8011632313434,31.2454375444477]]]]}},{"type":"Feature","properties":{"X":34.80430532018904,"Y":31.24634661273252,"מספר_פוליגון":711,"גיל0_4":null,"גיל5_9":null,"גיל10_18":null,"גיל19_30":null,"גיל31_44":null,"גיל45_64":1.0,"גיל65_75":null,"גיל76פלוס":1.0,"Shape_Length":799.9999999981374,"Shape_Area":39999.999999813735},"geometry":{"type":"MultiPolygon","coordinates":[[[[34.803262697903776,31.24544411182884],[34.80325507359877,31.247247899613576],[34.805354580749196,31.24725443317391],[34.80536216515038,31.24545064492713],[34.803262697903776,31.24544411182884]]]]}},{"type":"Feature","properties":{"X":34.80640480768195,"Y":31.246353128855326,"מספר_פוליגון":712,"גיל0_4":null,"גיל5_9":null,"גיל10_18":null,"גיל19_30":null,"גיל31_44":null,"גיל45_64":null,"גיל65_75":null,"גיל76פלוס":null,"Shape_Length":800.0000000018626,"Shape_Area":40000.000000186265},"geometry":{"type":"MultiPolygon","coordinates":[[[[34.80536216515038,31.24545064492713],[34.805354580749196,31.24725443317391],[34.80745408858236,31.24726093244893],[34.80746163307965,31.245457143742506],[34.80536216515038,31.24545064492713]]]]}},{"type":"Feature","properties":{"X":34.808504295855755,"Y":31.246359610693993,"מספר_פוליגון":713,"גיל0_4":null,"גיל5_9":null,"גיל10_18":null,"גיל19_30":null,"גיל31_44":null,"גיל45_64":null,"גיל65_75":null,"גיל76פלוס":null,"Shape_Length":800.0000000018626,"Shape_Area":40000.000000186265},"geometry":{"type":"MultiPolygon","coordinates":[[[[34.80746163307965,31.245457143742506],[34.80745408858236,31.24726093244893],[34.80955359709465,31.247267397438588],[34.80956110168799,31.24546360827496],[34.80746163307965,31.245457143742506]]]]}},{"type":"Feature","properties":{"X":34.810603784706835,"Y":31.24636605824849,"מספר_פוליגון":714,"גיל0_4":null,"גיל5_9":null,"גיל10_18":null,"גיל19_30":null,"גיל31_44":null,"גיל45_64":null,"גיל65_75":null,"גיל76פלוס":null,"Shape_Length":799.9999999962747,"Shape_Area":39999.99999962747},"geometry":{"type":"MultiPolygon","coordinates":[[[[34.80956110168799,31.24546360827496],[34.80955359709465,31.247267397438588],[34.81165310628242,31.247273828142824],[34.81166057097179,31.245470038524417],[34.80956110168799,31.24546360827496]]]]}},{"type":"Feature","properties":{"X":34.812703274231644,"Y":31.24637247151878,"מספר_פוליגון":715,"גיל0_4":null,"גיל5_9":null,"גיל10_18":null,"גיל19_30":null,"גיל31_44":null,"גיל45_64":null,"גיל65_75":null,"גיל76פלוס":null,"Shape_Length":800.0000000018626,"Shape_Area":40000.000000186265},"geometry":{"type":"MultiPolygon","coordinates":[[[[34.81166057097179,31.245470038524417],[34.81165310628242,31.247273828142824],[34.81375261614219,31.24728022456163],[34.8137600409275,31.24547643449084],[34.81166057097179,31.245470038524417]]]]}},{"type":"Feature","properties":{"X":34.81480276442658,"Y":31.24637885050482,"מספר_פוליגון":716,"גיל0_4":null,"גיל5_9":null,"גיל10_18":null,"גיל19_30":null,"גיל31_44":null,"גיל45_64":null,"גיל65_75":null,"גיל76פלוס":null,"Shape_Length":799.9999999981374,"Shape_Area":39999.999999813735},"geometry":{"type":"MultiPolygon","coordinates":[[[[34.8137600409275,31.24547643449084],[34.81375261614219,31.24728022456163],[34.815852126670286,31.24728658669494],[34.81585951155149,31.245482796174215],[34.8137600409275,31.24547643449084]]]]}},{"type":"Feature","properties":{"X":34.816902255288056,"Y":31.246385195206575,"מספר_פוליגון":717,"גיל0_4":null,"גיל5_9":null,"גיל10_18":null,"גיל19_30":null,"גיל31_44":null,"גיל45_64":null,"גיל65_75":null,"גיל76פלוס":null,"Shape_Length":800.0000000018626,"Shape_Area":40000.000000186265},"geometry":{"type":"MultiPolygon","coordinates":[[[[34.81585951155149,31.245482796174215],[34.815852126670286,31.24728658669494],[34.81795163786319,31.24729291454276],[34.817958982840224,31.245489123574483],[34.81585951155149,31.245482796174215]]]]}},{"type":"Feature","properties":{"X":34.819001746812475,"Y":31.246391505623997,"מספר_פוליגון":718,"גיל0_4":null,"גיל5_9":null,"גיל10_18":null,"גיל19_30":null,"גיל31_44":null,"גיל45_64":null,"גיל65_75":null,"גיל76פלוס":null,"Shape_Length":799.9999999962747,"Shape_Area":39999.99999962747},"geometry":{"type":"MultiPolygon","coordinates":[[[[34.817958982840224,31.245489123574483],[34.81795163786319,31.24729291454276],[34.82005114971723,31.247299208105],[34.820058454790065,31.245495416691615],[34.817958982840224,31.245489123574483]]]]}},{"type":"Feature","properties":{"X":34.82110123899626,"Y":31.246397781757068,"מספר_פוליגון":719,"גיל0_4":null,"גיל5_9":null,"גיל10_18":null,"גיל19_30":null,"גיל31_44":null,"גיל45_64":null,"גיל65_75":null,"גיל76פלוס":null,"Shape_Length":800.0000000018626,"Shape_Area":40000.000000186265},"geometry":{"type":"MultiPolygon","coordinates":[[[[34.820058454790065,31.245495416691615],[34.82005114971723,31.247299208105],[34.82215066222889,31.247305467381654],[34.82215792739746,31.245501675525592],[34.820058454790065,31.245495416691615]]]]}},{"type":"Feature","properties":{"X":34.82320073183585,"Y":31.24640402360574,"מספר_פוליגון":720,"גיל0_4":null,"גיל5_9":null,"גיל10_18":null,"גיל19_30":null,"גיל31_44":null,"גיל45_64":null,"גיל65_75":null,"גיל76פלוס":null,"Shape_Length":800.0000000037253,"Shape_Area":40000.00000037253},"geometry":{"type":"MultiPolygon","coordinates":[[[[34.82215792739746,31.245501675525592],[34.82215066222889,31.247305467381654],[34.824250175394575,31.247311692372683],[34.824257400658844,31.245507900076344],[34.82215792739746,31.245501675525592]]]]}},{"type":"Feature","properties":{"X":34.82530022532761,"Y":31.246410231169975,"מספר_פוליגון":721,"גיל0_4":null,"גיל5_9":null,"גיל10_18":null,"גיל19_30":null,"גיל31_44":null,"גיל45_64":null,"גיל65_75":null,"גיל76פלוס":null,"Shape_Length":799.9999999962747,"Shape_Area":39999.99999962747},"geometry":{"type":"MultiPolygon","coordinates":[[[[34.824257400658844,31.245507900076344],[34.824250175394575,31.247311692372683],[34.826349689210645,31.247317883078022],[34.82635687457055,31.245514090343864],[34.824257400658844,31.245507900076344]]]]}},{"type":"Feature","properties":{"X":34.82739971946797,"Y":31.24641640444974,"מספר_פוליגון":722,"גיל0_4":null,"גיל5_9":null,"גיל10_18":null,"גיל19_30":null,"גיל31_44":null,"גיל45_64":null,"גיל65_75":null,"גיל76פלוס":null,"Shape_Length":800.0000000018626,"Shape_Area":40000.000000186265},"geometry":{"type":"MultiPolygon","coordinates":[[[[34.82635687457055,31.245514090343864],[34.826349689210645,31.247317883078022],[34.82844920367357,31.247324039497688],[34.82845634912906,31.24552024632808],[34.82635687457055,31.245514090343864]]]]}},{"type":"Feature","properties":{"X":34.74971025397008,"Y":31.247968934882515,"מספר_פוליגון":723,"גיל0_4":null,"גיל5_9":null,"גיל10_18":null,"גיל19_30":null,"גיל31_44":null,"גיל45_64":null,"גיל65_75":null,"גיל76פלוס":null,"Shape_Length":800.0,"Shape_Area":40000.0},"geometry":{"type":"MultiPolygon","coordinates":[[[[34.74866813907007,31.24706599302769],[34.74865947650553,31.248869767440457],[34.750759004552286,31.248877192929957],[34.75076762721091,31.247073417992173],[34.74866813907007,31.24706599302769]]]]}},{"type":"Feature","properties":{"X":34.75180976240488,"Y":31.247976342902245,"מספר_פוליגון":724,"גיל0_4":null,"גיל5_9":null,"גיל10_18":null,"גיל19_30":null,"גיל31_44":null,"גיל45_64":null,"גיל65_75":null,"גיל76פלוס":null,"Shape_Length":800.0000000055879,"Shape_Area":40000.00000055879},"geometry":{"type":"MultiPolygon","coordinates":[[[[34.75076762721091,31.247073417992173],[34.750759004552286,31.248877192929957],[34.75285853337512,31.248884584132803],[34.75286711612777,31.24708080867243],[34.75076762721091,31.247073417992173]]]]}},{"type":"Feature","properties":{"X":34.75390927161392,"Y":31.2479837166365,"מספר_פוליגון":725,"גיל0_4":null,"גיל5_9":null,"גיל10_18":null,"גיל19_30":null,"גיל31_44":null,"גיל45_64":null,"גיל65_75":null,"גיל76פלוס":null,"Shape_Length":800.0000000055879,"Shape_Area":40000.00000055879},"geometry":{"type":"MultiPolygon","coordinates":[[[[34.75286711612777,31.24708080867243],[34.75285853337512,31.248884584132803],[34.75495806297041,31.248891941048925],[34.754966605816996,31.247088165068373],[34.75286711612777,31.24708080867243]]]]}},{"type":"Feature","properties":{"X":34.75600878159359,"Y":31.247991056085244,"מספר_פוליגון":726,"גיל0_4":4.0,"גיל5_9":3.0,"גיל10_18":5.0,"גיל19_30":12.0,"גיל31_44":8.0,"גיל45_64":19.0,"גיל65_75":5.0,"גיל76פלוס":2.0,"Shape_Length":800.0000000018626,"Shape_Area":40000.000000186265},"geometry":{"type":"MultiPolygon","coordinates":[[[[34.754966605816996,31.247088165068373],[34.75495806297041,31.248891941048925],[34.75705759333455,31.2488992636783],[34.757066096275025,31.247095487179998],[34.754966605816996,31.247088165068373]]]]}},{"type":"Feature","properties":{"X":34.758108292340296,"Y":31.247998361248428,"מספר_פוליגון":727,"גיל0_4":8.0,"גיל5_9":13.0,"גיל10_18":21.0,"גיל19_30":67.0,"גיל31_44":27.0,"גיל45_64":70.0,"גיל65_75":39.0,"גיל76פלוס":7.0,"Shape_Length":800.0000000055879,"Shape_Area":40000.00000055879},"geometry":{"type":"MultiPolygon","coordinates":[[[[34.757066096275025,31.247095487179998],[34.75705759333455,31.2488992636783],[34.75915712446398,31.248906552020895],[34.75916558749829,31.24710277500725],[34.757066096275025,31.247095487179998]]]]}},{"type":"Feature","properties":{"X":34.76020780385046,"Y":31.248005632126013,"מספר_פוליגון":728,"גיל0_4":1.0,"גיל5_9":9.0,"גיל10_18":12.0,"גיל19_30":39.0,"גיל31_44":19.0,"גיל45_64":53.0,"גיל65_75":20.0,"גיל76פלוס":3.0,"Shape_Length":800.0000000018626,"Shape_Area":40000.000000186265},"geometry":{"type":"MultiPolygon","coordinates":[[[[34.75916558749829,31.24710277500725],[34.75915712446398,31.248906552020895],[34.76125665635509,31.248913806076633],[34.76126507948317,31.247110028550072],[34.75916558749829,31.24710277500725]]]]}},{"type":"Feature","properties":{"X":34.76230731612049,"Y":31.248012868717943,"מספר_פוליגון":729,"גיל0_4":4.0,"גיל5_9":4.0,"גיל10_18":2.0,"גיל19_30":9.0,"גיל31_44":6.0,"גיל45_64":7.0,"גיל65_75":8.0,"גיל76פלוס":1.0,"Shape_Length":800.0000000055879,"Shape_Area":40000.00000055879},"geometry":{"type":"MultiPolygon","coordinates":[[[[34.76126507948317,31.247110028550072],[34.76125665635509,31.248913806076633],[34.76335618900431,31.24892102584551],[34.7633645722261,31.24711724780846],[34.76126507948317,31.247110028550072]]]]}},{"type":"Feature","properties":{"X":34.76440682914681,"Y":31.248020071024182,"מספר_פוליגון":730,"גיל0_4":null,"גיל5_9":5.0,"גיל10_18":null,"גיל19_30":5.0,"גיל31_44":11.0,"גיל45_64":7.0,"גיל65_75":21.0,"גיל76פלוס":2.0,"Shape_Length":800.0000000055879,"Shape_Area":40000.00000055879},"geometry":{"type":"MultiPolygon","coordinates":[[[[34.7633645722261,31.24711724780846],[34.76335618900431,31.24892102584551],[34.765455722408056,31.24892821132744],[34.76546406572349,31.247124432782318],[34.7633645722261,31.24711724780846]]]]}},{"type":"Feature","properties":{"X":34.766506342925815,"Y":31.248027239044692,"מספר_פוליגון":731,"גיל0_4":4.0,"גיל5_9":9.0,"גיל10_18":11.0,"גיל19_30":20.0,"גיל31_44":23.0,"גיל45_64":32.0,"גיל65_75":41.0,"גיל76פלוס":23.0,"Shape_Length":800.0,"Shape_Area":40000.0},"geometry":{"type":"MultiPolygon","coordinates":[[[[34.76546406572349,31.247124432782318],[34.765455722408056,31.24892821132744],[34.767555256562694,31.248935362522406],[34.76756355997172,31.247131583471642],[34.76546406572349,31.247124432782318]]]]}},{"type":"Feature","properties":{"X":34.76860585745393,"Y":31.248034372779426,"מספר_פוליגון":732,"גיל0_4":20.0,"גיל5_9":50.0,"גיל10_18":41.0,"גיל19_30":45.0,"גיל31_44":78.0,"גיל45_64":81.0,"גיל65_75":78.0,"גיל76פלוס":34.0,"Shape_Length":800.0000000055879,"Shape_Area":40000.00000055879},"geometry":{"type":"MultiPolygon","coordinates":[[[[34.76756355997172,31.247131583471642],[34.767555256562694,31.248935362522406],[34.7696547914647,31.248942479430355],[34.769663054967275,31.247138699876373],[34.76756355997172,31.247131583471642]]]]}},{"type":"Feature","properties":{"X":34.770705372727555,"Y":31.24804147222834,"מספר_פוליגון":733,"גיל0_4":43.0,"גיל5_9":56.0,"גיל10_18":82.0,"גיל19_30":115.0,"גיל31_44":127.0,"גיל45_64":184.0,"גיל65_75":69.0,"גיל76פלוס":62.0,"Shape_Length":800.0000000018626,"Shape_Area":40000.000000186265},"geometry":{"type":"MultiPolygon","coordinates":[[[[34.769663054967275,31.247138699876373],[34.7696547914647,31.248942479430355],[34.77175432711045,31.248949562051262],[34.771762550706484,31.247145781996466],[34.769663054967275,31.247138699876373]]]]}},{"type":"Feature","properties":{"X":34.77280488874312,"Y":31.248048537391394,"מספר_פוליגון":734,"גיל0_4":1.0,"גיל5_9":1.0,"גיל10_18":null,"גיל19_30":1.0,"גיל31_44":null,"גיל45_64":null,"גיל65_75":null,"גיל76פלוס":null,"Shape_Length":800.0000000055879,"Shape_Area":40000.00000055879},"geometry":{"type":"MultiPolygon","coordinates":[[[[34.771762550706484,31.247145781996466],[34.77175432711045,31.248949562051262],[34.773853863496385,31.24895661038506],[34.77386204718584,31.247152829831887],[34.771762550706484,31.247145781996466]]]]}},{"type":"Feature","properties":{"X":34.774904405497026,"Y":31.248055568268537,"מספר_פוליגון":735,"גיל0_4":57.0,"גיל5_9":58.0,"גיל10_18":65.0,"גיל19_30":87.0,"גיל31_44":187.0,"גיל45_64":163.0,"גיל65_75":120.0,"גיל76פלוס":102.0,"Shape_Length":800.0000000018626,"Shape_Area":40000.000000186265},"geometry":{"type":"MultiPolygon","coordinates":[[[[34.77386204718584,31.247152829831887],[34.773853863496385,31.24895661038506],[34.775953400618874,31.248963624431727],[34.77596154440168,31.247159843382587],[34.77386204718584,31.247152829831887]]]]}},{"type":"Feature","properties":{"X":34.777003922985685,"Y":31.248062564859744,"מספר_פוליגון":736,"גיל0_4":23.0,"גיל5_9":46.0,"גיל10_18":55.0,"גיל19_30":76.0,"גיל31_44":105.0,"גיל45_64":92.0,"גיל65_75":56.0,"גיל76פלוס":44.0,"Shape_Length":800.0000000055879,"Shape_Area":40000.00000055879},"geometry":{"type":"MultiPolygon","coordinates":[[[[34.77596154440168,31.247159843382587],[34.775953400618874,31.248963624431727],[34.77805293847435,31.24897060419122],[34.77806104235046,31.24716682264852],[34.77596154440168,31.247159843382587]]]]}},{"type":"Feature","properties":{"X":34.779103441205535,"Y":31.248069527164958,"מספר_פוליגון":737,"גיל0_4":29.0,"גיל5_9":64.0,"גיל10_18":58.0,"גיל19_30":74.0,"גיל31_44":106.0,"גיל45_64":113.0,"גיל65_75":48.0,"גיל76פלוס":52.0,"Shape_Length":800.0000000055879,"Shape_Area":40000.00000055879},"geometry":{"type":"MultiPolygon","coordinates":[[[[34.77806104235046,31.24716682264852],[34.77805293847435,31.24897060419122],[34.780152477059254,31.248977549663497],[34.78016054102861,31.247173767629672],[34.77806104235046,31.24716682264852]]]]}},{"type":"Feature","properties":{"X":34.78120296015294,"Y":31.24807645518413,"מספר_פוליגון":738,"גיל0_4":37.0,"גיל5_9":63.0,"גיל10_18":96.0,"גיל19_30":103.0,"גיל31_44":108.0,"גיל45_64":132.0,"גיל65_75":66.0,"גיל76פלוס":58.0,"Shape_Length":800.0,"Shape_Area":40000.0},"geometry":{"type":"MultiPolygon","coordinates":[[[[34.78016054102861,31.247173767629672],[34.780152477059254,31.248977549663497],[34.78225201636994,31.24898446084848],[34.782260040432476,31.247180678325964],[34.78016054102861,31.247173767629672]]]]}},{"type":"Feature","properties":{"X":34.78330247982434,"Y":31.24808334891724,"מספר_פוליגון":739,"גיל0_4":77.0,"גיל5_9":89.0,"גיל10_18":87.0,"גיל19_30":191.0,"גיל31_44":175.0,"גיל45_64":224.0,"גיל65_75":100.0,"גיל76פלוס":70.0,"Shape_Length":800.0000000055879,"Shape_Area":40000.00000055879},"geometry":{"type":"MultiPolygon","coordinates":[[[[34.782260040432476,31.247180678325964],[34.78225201636994,31.24898446084848],[34.78435155640287,31.248991337746176],[34.78435954055854,31.247187554737373],[34.782260040432476,31.247180678325964]]]]}},{"type":"Feature","properties":{"X":34.78540200021616,"Y":31.248090208364246,"מספר_פוליגון":740,"גיל0_4":22.0,"גיל5_9":43.0,"גיל10_18":27.0,"גיל19_30":59.0,"גיל31_44":78.0,"גיל45_64":65.0,"גיל65_75":45.0,"גיל76פלוס":23.0,"Shape_Length":800.0000000018626,"Shape_Area":40000.000000186265},"geometry":{"type":"MultiPolygon","coordinates":[[[[34.78435954055854,31.247187554737373],[34.78435155640287,31.248991337746176],[34.78645109715443,31.24899818035652],[34.78645904140318,31.247194396863872],[34.78435954055854,31.247187554737373]]]]}},{"type":"Feature","properties":{"X":34.78750152132478,"Y":31.248097033525102,"מספר_פוליגון":741,"גיל0_4":28.0,"גיל5_9":19.0,"גיל10_18":36.0,"גיל19_30":84.0,"גיל31_44":83.0,"גיל45_64":75.0,"גיל65_75":39.0,"גיל76פלוס":19.0,"Shape_Length":800.0000000055879,"Shape_Area":40000.00000055879},"geometry":{"type":"MultiPolygon","coordinates":[[[[34.78645904140318,31.247194396863872],[34.78645109715443,31.24899818035652],[34.78855063862107,31.249004988679495],[34.78855854296281,31.247201204705387],[34.78645904140318,31.247194396863872]]]]}},{"type":"Feature","properties":{"X":34.78960104314665,"Y":31.248103824399756,"מספר_פוליגון":742,"גיל0_4":10.0,"גיל5_9":17.0,"גיל10_18":16.0,"גיל19_30":32.0,"גיל31_44":28.0,"גיל45_64":34.0,"גיל65_75":23.0,"גיל76פלוס":32.0,"Shape_Length":800.0000000018626,"Shape_Area":40000.000000186265},"geometry":{"type":"MultiPolygon","coordinates":[[[[34.78855854296281,31.247201204705387],[34.78855063862107,31.249004988679495],[34.79065018079913,31.24901176271504],[34.79065804523385,31.247207978261894],[34.78855854296281,31.247201204705387]]]]}},{"type":"Feature","properties":{"X":34.79170056567815,"Y":31.24811058098818,"מספר_פוליגון":743,"גיל0_4":22.0,"גיל5_9":30.0,"גיל10_18":32.0,"גיל19_30":67.0,"גיל31_44":69.0,"גיל45_64":80.0,"גיל65_75":46.0,"גיל76פלוס":62.0,"Shape_Length":800.0000000055879,"Shape_Area":40000.00000055879},"geometry":{"type":"MultiPolygon","coordinates":[[[[34.79065804523385,31.247207978261894],[34.79065018079913,31.24901176271504],[34.79274972368509,31.24901850246308],[34.79275754821272,31.247214717533357],[34.79065804523385,31.247207978261894]]]]}},{"type":"Feature","properties":{"X":34.793800088915724,"Y":31.24811730329032,"מספר_פוליגון":744,"גיל0_4":23.0,"גיל5_9":39.0,"גיל10_18":64.0,"גיל19_30":78.0,"גיל31_44":81.0,"גיל45_64":86.0,"גיל65_75":58.0,"גיל76פלוס":31.0,"Shape_Length":800.0000000055879,"Shape_Area":40000.00000055879},"geometry":{"type":"MultiPolygon","coordinates":[[[[34.79275754821272,31.247214717533357],[34.79274972368509,31.24901850246308],[34.79484926727534,31.249025207923626],[34.794857051895825,31.247221422519743],[34.79275754821272,31.247214717533357]]]]}},{"type":"Feature","properties":{"X":34.79589961285575,"Y":31.248123991306144,"מספר_פוליגון":745,"גיל0_4":10.0,"גיל5_9":12.0,"גיל10_18":19.0,"גיל19_30":36.0,"גיל31_44":39.0,"גיל45_64":44.0,"גיל65_75":27.0,"גיל76פלוס":24.0,"Shape_Length":800.0,"Shape_Area":40000.0},"geometry":{"type":"MultiPolygon","coordinates":[[[[34.794857051895825,31.247221422519743],[34.79484926727534,31.249025207923626],[34.79694881156628,31.249031879096645],[34.79695655627953,31.247228093220997],[34.794857051895825,31.247221422519743]]]]}},{"type":"Feature","properties":{"X":34.79799913749465,"Y":31.248130645035623,"מספר_פוליגון":746,"גיל0_4":null,"גיל5_9":null,"גיל10_18":null,"גיל19_30":null,"גיל31_44":null,"גיל45_64":null,"גיל65_75":1.0,"גיל76פלוס":null,"Shape_Length":800.0000000055879,"Shape_Area":40000.00000055879},"geometry":{"type":"MultiPolygon","coordinates":[[[[34.79695655627953,31.247228093220997],[34.79694881156628,31.249031879096645],[34.79904835655435,31.249038515982065],[34.799056061360346,31.247234729637075],[34.79695655627953,31.247228093220997]]]]}},{"type":"Feature","properties":{"X":34.80009866282886,"Y":31.2481372644787,"מספר_פוליגון":747,"גיל0_4":15.0,"גיל5_9":20.0,"גיל10_18":38.0,"גיל19_30":65.0,"גיל31_44":83.0,"גיל45_64":129.0,"גיל65_75":95.0,"גיל76פלוס":85.0,"Shape_Length":800.0000000018626,"Shape_Area":40000.000000186265},"geometry":{"type":"MultiPolygon","coordinates":[[[[34.799056061360346,31.247234729637075],[34.79904835655435,31.249038515982065],[34.80114790223591,31.24904511857985],[34.801155567134614,31.247241331767956],[34.799056061360346,31.247234729637075]]]]}},{"type":"Feature","properties":{"X":34.80219818885477,"Y":31.24814384963534,"מספר_פוליגון":748,"גיל0_4":null,"גיל5_9":null,"גיל10_18":3.0,"גיל19_30":11.0,"גיל31_44":7.0,"גיל45_64":18.0,"גיל65_75":11.0,"גיל76פלוס":3.0,"Shape_Length":800.0000000055879,"Shape_Area":40000.00000055879},"geometry":{"type":"MultiPolygon","coordinates":[[[[34.801155567134614,31.247241331767956],[34.80114790223591,31.24904511857985],[34.80324744860745,31.24905168688996],[34.80325507359877,31.247247899613576],[34.801155567134614,31.247241331767956]]]]}},{"type":"Feature","properties":{"X":34.804297715568794,"Y":31.248150400505505,"מספר_פוליגון":749,"גיל0_4":10.0,"גיל5_9":15.0,"גיל10_18":14.0,"גיל19_30":63.0,"גיל31_44":50.0,"גיל45_64":66.0,"גיל65_75":30.0,"גיל76פלוס":27.0,"Shape_Length":800.0000000018626,"Shape_Area":40000.000000186265},"geometry":{"type":"MultiPolygon","coordinates":[[[[34.80325507359877,31.247247899613576],[34.80324744860745,31.24905168688996],[34.8053469956653,31.24905822091237],[34.805354580749196,31.24725443317391],[34.80325507359877,31.247247899613576]]]]}},{"type":"Feature","properties":{"X":34.80639724296735,"Y":31.24815691708916,"מספר_פוליגון":750,"גיל0_4":18.0,"גיל5_9":14.0,"גיל10_18":15.0,"גיל19_30":33.0,"גיל31_44":43.0,"גיל45_64":45.0,"גיל65_75":41.0,"גיל76פלוס":22.0,"Shape_Length":800.0000000055879,"Shape_Area":40000.00000055879},"geometry":{"type":"MultiPolygon","coordinates":[[[[34.805354580749196,31.24725443317391],[34.8053469956653,31.24905822091237],[34.80744654340595,31.249064720647038],[34.80745408858236,31.24726093244893],[34.805354580749196,31.24725443317391]]]]}},{"type":"Feature","properties":{"X":34.808496771046855,"Y":31.24816339938627,"מספר_פוליגון":751,"גיל0_4":22.0,"גיל5_9":24.0,"גיל10_18":25.0,"גיל19_30":41.0,"גיל31_44":42.0,"גיל45_64":54.0,"גיל65_75":23.0,"גיל76פלוס":24.0,"Shape_Length":800.0000000055879,"Shape_Area":40000.00000055879},"geometry":{"type":"MultiPolygon","coordinates":[[[[34.80745408858236,31.24726093244893],[34.80744654340595,31.249064720647038],[34.809546091825766,31.249071186093918],[34.80955359709465,31.247267397438588],[34.80745408858236,31.24726093244893]]]]}},{"type":"Feature","properties":{"X":34.810596299803706,"Y":31.248169847396774,"מספר_פוליגון":752,"גיל0_4":null,"גיל5_9":null,"גיל10_18":null,"גיל19_30":null,"גיל31_44":null,"גיל45_64":null,"גיל65_75":null,"גיל76פלוס":null,"Shape_Length":800.0,"Shape_Area":40000.0},"geometry":{"type":"MultiPolygon","coordinates":[[[[34.80955359709465,31.247267397438588],[34.809546091825766,31.249071186093918],[34.811645640921135,31.24907761725296],[34.81165310628242,31.247273828142824],[34.80955359709465,31.247267397438588]]]]}},{"type":"Feature","properties":{"X":34.81269582923432,"Y":31.248176261120655,"מספר_פוליגון":753,"גיל0_4":null,"גיל5_9":null,"גיל10_18":null,"גיל19_30":null,"גיל31_44":null,"גיל45_64":null,"גיל65_75":null,"גיל76פלוס":null,"Shape_Length":800.0000000055879,"Shape_Area":40000.00000055879},"geometry":{"type":"MultiPolygon","coordinates":[[[[34.81165310628242,31.247273828142824],[34.811645640921135,31.24907761725296],[34.81374519068852,31.24908401412416],[34.81375261614219,31.24728022456163],[34.81165310628242,31.247273828142824]]]]}},{"type":"Feature","properties":{"X":34.814795359335115,"Y":31.248182640557868,"מספר_פוליגון":754,"גיל0_4":null,"גיל5_9":null,"גיל10_18":null,"גיל19_30":null,"גיל31_44":null,"גיל45_64":null,"גיל65_75":null,"גיל76פלוס":null,"Shape_Length":800.0000000018626,"Shape_Area":40000.000000186265},"geometry":{"type":"MultiPolygon","coordinates":[[[[34.81375261614219,31.24728022456163],[34.81374519068852,31.24908401412416],[34.81584474112433,31.24909037670744],[34.815852126670286,31.24728658669494],[34.81375261614219,31.24728022456163]]]]}},{"type":"Feature","properties":{"X":34.81689489010252,"Y":31.24818898570837,"מספר_פוליגון":755,"גיל0_4":null,"גיל5_9":null,"גיל10_18":null,"גיל19_30":null,"גיל31_44":null,"גיל45_64":null,"גיל65_75":null,"גיל76פלוס":null,"Shape_Length":800.0000000055879,"Shape_Area":40000.00000055879},"geometry":{"type":"MultiPolygon","coordinates":[[[[34.815852126670286,31.24728658669494],[34.81584474112433,31.24909037670744],[34.81794429222495,31.249096705002785],[34.81795163786319,31.24729291454276],[34.815852126670286,31.24728658669494]]]]}},{"type":"Feature","properties":{"X":34.818994421532906,"Y":31.248195296572128,"מספר_פוליגון":756,"גיל0_4":null,"גיל5_9":null,"גיל10_18":null,"גיל19_30":null,"גיל31_44":null,"גיל45_64":null,"גיל65_75":null,"גיל76פלוס":null,"Shape_Length":800.0,"Shape_Area":40000.0},"geometry":{"type":"MultiPolygon","coordinates":[[[[34.81795163786319,31.24729291454276],[34.81794429222495,31.249096705002785],[34.82004384398679,31.249102999010166],[34.82005114971723,31.247299208105],[34.81795163786319,31.24729291454276]]]]}},{"type":"Feature","properties":{"X":34.821093953622714,"Y":31.248201573149096,"מספר_פוליגון":757,"גיל0_4":null,"גיל5_9":null,"גיל10_18":null,"גיל19_30":null,"גיל31_44":null,"גיל45_64":null,"גיל65_75":null,"גיל76פלוס":null,"Shape_Length":800.0000000055879,"Shape_Area":40000.00000055879},"geometry":{"type":"MultiPolygon","coordinates":[[[[34.82005114971723,31.247299208105],[34.82004384398679,31.249102999010166],[34.822143396406304,31.249109258729526],[34.82215066222889,31.247305467381654],[34.82005114971723,31.247299208105]]]]}},{"type":"Feature","properties":{"X":34.823193486368375,"Y":31.248207815439255,"מספר_פוליגון":758,"גיל0_4":null,"גיל5_9":null,"גיל10_18":null,"גיל19_30":null,"גיל31_44":null,"גיל45_64":null,"גיל65_75":null,"גיל76פלוס":null,"Shape_Length":800.0000000074506,"Shape_Area":40000.00000074506},"geometry":{"type":"MultiPolygon","coordinates":[[[[34.82215066222889,31.247305467381654],[34.822143396406304,31.249109258729526],[34.82424294947988,31.24911548416082],[34.824250175394575,31.247311692372683],[34.82215066222889,31.247305467381654]]]]}},{"type":"Feature","properties":{"X":34.825293019766264,"Y":31.24821402344256,"מספר_פוליגון":759,"גיל0_4":null,"גיל5_9":null,"גיל10_18":null,"גיל19_30":null,"גיל31_44":null,"גיל45_64":null,"גיל65_75":null,"גיל76פלוס":null,"Shape_Length":800.0,"Shape_Area":40000.0},"geometry":{"type":"MultiPolygon","coordinates":[[[[34.824250175394575,31.247311692372683],[34.82424294947988,31.24911548416082],[34.826342503203904,31.249121675304053],[34.826349689210645,31.247317883078022],[34.824250175394575,31.247311692372683]]]]}},{"type":"Feature","properties":{"X":34.82739255381279,"Y":31.248220197158968,"מספר_פוליגון":760,"גיל0_4":null,"גיל5_9":null,"גיל10_18":null,"גיל19_30":null,"גיל31_44":null,"גיל45_64":null,"גיל65_75":null,"גיל76פלוס":null,"Shape_Length":800.0000000055879,"Shape_Area":40000.00000055879},"geometry":{"type":"MultiPolygon","coordinates":[[[[34.826349689210645,31.247317883078022],[34.826342503203904,31.249121675304053],[34.82844205757483,31.249127832159136],[34.82844920367357,31.247324039497688],[34.826349689210645,31.247317883078022]]]]}},{"type":"Feature","properties":{"X":34.749701611044806,"Y":31.249772709314684,"מספר_פוליגון":761,"גיל0_4":null,"גיל5_9":null,"גיל10_18":null,"גיל19_30":null,"גיל31_44":null,"גיל45_64":null,"גיל65_75":null,"גיל76פלוס":null,"Shape_Length":799.9999999962747,"Shape_Area":39999.99999962747},"geometry":{"type":"MultiPolygon","coordinates":[[[[34.74865947650553,31.248869767440457],[34.74865081316134,31.250673541344348],[34.750750381117626,31.25068096735889],[34.750759004552286,31.248877192929957],[34.74865947650553,31.248869767440457]]]]}},{"type":"Feature","properties":{"X":34.75180115938737,"Y":31.24978011785823,"מספר_פוליגון":762,"גיל0_4":null,"גיל5_9":null,"גיל10_18":null,"גיל19_30":null,"גיל31_44":null,"גיל45_64":null,"גיל65_75":null,"גיל76פלוס":null,"Shape_Length":800.0000000018626,"Shape_Area":40000.000000186265},"geometry":{"type":"MultiPolygon","coordinates":[[[[34.750759004552286,31.248877192929957],[34.750750381117626,31.25068096735889],[34.752849949850045,31.250688359084332],[34.75285853337512,31.248884584132803],[34.750759004552286,31.248877192929957]]]]}},{"type":"Feature","properties":{"X":34.753900708504204,"Y":31.249787492113885,"מספר_פוליגון":763,"גיל0_4":null,"גיל5_9":null,"גיל10_18":null,"גיל19_30":null,"גיל31_44":null,"גיל45_64":null,"גיל65_75":null,"גיל76פלוס":null,"Shape_Length":800.0000000018626,"Shape_Area":40000.000000186265},"geometry":{"type":"MultiPolygon","coordinates":[[[[34.75285853337512,31.248884584132803],[34.752849949850045,31.250688359084332],[34.75494951935497,31.25069571652066],[34.75495806297041,31.248891941048925],[34.75285853337512,31.248884584132803]]]]}},{"type":"Feature","properties":{"X":34.75600025839174,"Y":31.249794832081605,"מספר_פוליגון":764,"גיל0_4":null,"גיל5_9":null,"גיל10_18":null,"גיל19_30":2.0,"גיל31_44":1.0,"גיל45_64":4.0,"גיל65_75":3.0,"גיל76פלוס":null,"Shape_Length":799.9999999981374,"Shape_Area":39999.999999813735},"geometry":{"type":"MultiPolygon","coordinates":[[[[34.75495806297041,31.248891941048925],[34.75494951935497,31.25069571652066],[34.7570490896288,31.250703039667822],[34.75705759333455,31.2488992636783],[34.75495806297041,31.248891941048925]]]]}},{"type":"Feature","properties":{"X":34.75809980904638,"Y":31.249802137761343,"מספר_פוליגון":765,"גיל0_4":null,"גיל5_9":null,"גיל10_18":1.0,"גיל19_30":2.0,"גיל31_44":1.0,"גיל45_64":5.0,"גיל65_75":1.0,"גיל76פלוס":1.0,"Shape_Length":800.0000000018626,"Shape_Area":40000.000000186265},"geometry":{"type":"MultiPolygon","coordinates":[[[[34.75705759333455,31.2488992636783],[34.7570490896288,31.250703039667822],[34.759148660668,31.250710328525745],[34.75915712446398,31.248906552020895],[34.75705759333455,31.2488992636783]]]]}},{"type":"Feature","properties":{"X":34.760199360464526,"Y":31.24980940915306,"מספר_פוליגון":766,"גיל0_4":7.0,"גיל5_9":4.0,"גיל10_18":5.0,"גיל19_30":29.0,"גיל31_44":8.0,"גיל45_64":19.0,"גיל65_75":19.0,"גיל76פלוס":6.0,"Shape_Length":799.9999999981374,"Shape_Area":39999.999999813735},"geometry":{"type":"MultiPolygon","coordinates":[[[[34.75915712446398,31.248906552020895],[34.759148660668,31.250710328525745],[34.76124823246891,31.25071758309443],[34.76125665635509,31.248913806076633],[34.75915712446398,31.248906552020895]]]]}},{"type":"Feature","properties":{"X":34.762298912642606,"Y":31.249816646256704,"מספר_פוליגון":767,"גיל0_4":3.0,"גיל5_9":13.0,"גיל10_18":9.0,"גיל19_30":18.0,"גיל31_44":21.0,"גיל45_64":22.0,"גיל65_75":22.0,"גיל76פלוס":7.0,"Shape_Length":800.0000000018626,"Shape_Area":40000.000000186265},"geometry":{"type":"MultiPolygon","coordinates":[[[[34.76125665635509,31.248913806076633],[34.76124823246891,31.25071758309443],[34.76334780502802,31.250724803373792],[34.76335618900431,31.24892102584551],[34.76125665635509,31.248913806076633]]]]}},{"type":"Feature","properties":{"X":34.76439846557703,"Y":31.249823849072236,"מספר_פוליגון":768,"גיל0_4":6.0,"גיל5_9":4.0,"גיל10_18":4.0,"גיל19_30":10.0,"גיל31_44":14.0,"גיל45_64":18.0,"גיל65_75":22.0,"גיל76פלוס":6.0,"Shape_Length":800.0000000018626,"Shape_Area":40000.000000186265},"geometry":{"type":"MultiPolygon","coordinates":[[[[34.76335618900431,31.24892102584551],[34.76334780502802,31.250724803373792],[34.76544737834169,31.25073198936382],[34.765455722408056,31.24892821132744],[34.76335618900431,31.24892102584551]]]]}},{"type":"Feature","properties":{"X":34.766498019264205,"Y":31.249831017599615,"מספר_פוליגון":769,"גיל0_4":4.0,"גיל5_9":12.0,"גיל10_18":23.0,"גיל19_30":16.0,"גיל31_44":27.0,"גיל45_64":29.0,"גיל65_75":38.0,"גיל76פלוס":17.0,"Shape_Length":799.9999999962747,"Shape_Area":39999.99999962747},"geometry":{"type":"MultiPolygon","coordinates":[[[[34.765455722408056,31.24892821132744],[34.76544737834169,31.25073198936382],[34.767546952406335,31.25073914106445],[34.767555256562694,31.248935362522406],[34.765455722408056,31.24892821132744]]]]}},{"type":"Feature","properties":{"X":34.76859757370054,"Y":31.2498381518388,"מספר_פוליגון":770,"גיל0_4":12.0,"גיל5_9":39.0,"גיל10_18":37.0,"גיל19_30":60.0,"גיל31_44":56.0,"גיל45_64":58.0,"גיל65_75":48.0,"גיל76פלוס":14.0,"Shape_Length":800.0000000018626,"Shape_Area":40000.000000186265},"geometry":{"type":"MultiPolygon","coordinates":[[[[34.767555256562694,31.248935362522406],[34.767546952406335,31.25073914106445],[34.7696465272184,31.25074625847565],[34.7696547914647,31.248942479430355],[34.767555256562694,31.248935362522406]]]]}},{"type":"Feature","properties":{"X":34.77069712888245,"Y":31.249845251789743,"מספר_פוליגון":771,"גיל0_4":16.0,"גיל5_9":34.0,"גיל10_18":40.0,"גיל19_30":56.0,"גיל31_44":53.0,"גיל45_64":77.0,"גיל65_75":39.0,"גיל76פלוס":28.0,"Shape_Length":799.9999999981374,"Shape_Area":39999.999999813735},"geometry":{"type":"MultiPolygon","coordinates":[[[[34.7696547914647,31.248942479430355],[34.7696465272184,31.25074625847565],[34.77174610277425,31.250753341597377],[34.77175432711045,31.248949562051262],[34.7696547914647,31.248942479430355]]]]}},{"type":"Feature","properties":{"X":34.772796684806366,"Y":31.249852317452408,"מספר_פוליגון":772,"גיל0_4":16.0,"גיל5_9":31.0,"גיל10_18":35.0,"גיל19_30":34.0,"גיל31_44":47.0,"גיל45_64":64.0,"גיל65_75":29.0,"גיל76פלוס":16.0,"Shape_Length":800.0000000018626,"Shape_Area":40000.000000186265},"geometry":{"type":"MultiPolygon","coordinates":[[[[34.77175432711045,31.248949562051262],[34.77174610277425,31.250753341597377],[34.773845679070355,31.2507603904296],[34.773853863496385,31.24895661038506],[34.77175432711045,31.248949562051262]]]]}},{"type":"Feature","properties":{"X":34.774896241468674,"Y":31.249859348826746,"מספר_פוליגון":773,"גיל0_4":51.0,"גיל5_9":61.0,"גיל10_18":61.0,"גיל19_30":109.0,"גיל31_44":144.0,"גיל45_64":159.0,"גיל65_75":119.0,"גיל76פלוס":59.0,"Shape_Length":799.9999999981374,"Shape_Area":39999.999999813735},"geometry":{"type":"MultiPolygon","coordinates":[[[[34.773853863496385,31.24895661038506],[34.773845679070355,31.2507603904296],[34.77594525610306,31.250767404972247],[34.775953400618874,31.248963624431727],[34.773853863496385,31.24895661038506]]]]}},{"type":"Feature","properties":{"X":34.77699579886579,"Y":31.249866345912707,"מספר_פוליגון":774,"גיל0_4":69.0,"גיל5_9":81.0,"גיל10_18":75.0,"גיל19_30":108.0,"גיל31_44":129.0,"גיל45_64":132.0,"גיל65_75":56.0,"גיל76פלוס":50.0,"Shape_Length":800.0000000018626,"Shape_Area":40000.000000186265},"geometry":{"type":"MultiPolygon","coordinates":[[[[34.775953400618874,31.248963624431727],[34.77594525610306,31.250767404972247],[34.77804483386885,31.250774385225288],[34.77805293847435,31.24897060419122],[34.775953400618874,31.248963624431727]]]]}},{"type":"Feature","properties":{"X":34.779095356994155,"Y":31.249873308710267,"מספר_פוליגון":775,"גיל0_4":45.0,"גיל5_9":71.0,"גיל10_18":65.0,"גיל19_30":112.0,"גיל31_44":109.0,"גיל45_64":120.0,"גיל65_75":69.0,"גיל76פלוס":56.0,"Shape_Length":800.0000000018626,"Shape_Area":40000.000000186265},"geometry":{"type":"MultiPolygon","coordinates":[[[[34.77805293847435,31.24897060419122],[34.77804483386885,31.250774385225288],[34.78014441236409,31.2507813311887],[34.780152477059254,31.248977549663497],[34.77805293847435,31.24897060419122]]]]}},{"type":"Feature","properties":{"X":34.78119491585014,"Y":31.249880237219376,"מספר_פוליגון":776,"גיל0_4":25.0,"גיל5_9":32.0,"גיל10_18":18.0,"גיל19_30":60.0,"גיל31_44":73.0,"גיל45_64":87.0,"גיל65_75":101.0,"גיל76פלוס":224.0,"Shape_Length":799.9999999962747,"Shape_Area":39999.99999962747},"geometry":{"type":"MultiPolygon","coordinates":[[[[34.780152477059254,31.248977549663497],[34.78014441236409,31.2507813311887],[34.782243991585176,31.250788242862413],[34.78225201636994,31.24898446084848],[34.780152477059254,31.248977549663497]]]]}},{"type":"Feature","properties":{"X":34.78329447543017,"Y":31.249887131439987,"מספר_פוליגון":777,"גיל0_4":25.0,"גיל5_9":62.0,"גיל10_18":31.0,"גיל19_30":83.0,"גיל31_44":115.0,"גיל45_64":119.0,"גיל65_75":58.0,"גיל76פלוס":48.0,"Shape_Length":800.0000000018626,"Shape_Area":40000.000000186265},"geometry":{"type":"MultiPolygon","coordinates":[[[[34.78225201636994,31.24898446084848],[34.782243991585176,31.250788242862413],[34.78434357152857,31.25079512024641],[34.78435155640287,31.248991337746176],[34.78225201636994,31.24898446084848]]]]}},{"type":"Feature","properties":{"X":34.78539403573067,"Y":31.249893991372073,"מספר_פוליגון":778,"גיל0_4":7.0,"גיל5_9":11.0,"גיל10_18":16.0,"גיל19_30":27.0,"גיל31_44":19.0,"גיל45_64":54.0,"גיל65_75":24.0,"גיל76פלוס":10.0,"Shape_Length":799.9999999981374,"Shape_Area":39999.999999813735},"geometry":{"type":"MultiPolygon","coordinates":[[[[34.78435155640287,31.248991337746176],[34.78434357152857,31.25079512024641],[34.78644315219065,31.25080196334064],[34.78645109715443,31.24899818035652],[34.78435155640287,31.248991337746176]]]]}},{"type":"Feature","properties":{"X":34.78749359674805,"Y":31.249900817015586,"מספר_פוליגון":779,"גיל0_4":13.0,"גיל5_9":19.0,"גיל10_18":9.0,"גיל19_30":39.0,"גיל31_44":46.0,"גיל45_64":38.0,"גיל65_75":35.0,"גיל76פלוס":15.0,"Shape_Length":800.0000000018626,"Shape_Area":40000.000000186265},"geometry":{"type":"MultiPolygon","coordinates":[[[[34.78645109715443,31.24899818035652],[34.78644315219065,31.25080196334064],[34.78854273356785,31.250808772145046],[34.78855063862107,31.249004988679495],[34.78645109715443,31.24899818035652]]]]}},{"type":"Feature","properties":{"X":34.78959315847871,"Y":31.249907608370478,"מספר_פוליגון":780,"גיל0_4":7.0,"גיל5_9":15.0,"גיל10_18":10.0,"גיל19_30":41.0,"גיל31_44":31.0,"גיל45_64":41.0,"גיל65_75":26.0,"גיל76פלוס":20.0,"Shape_Length":799.9999999981374,"Shape_Area":39999.999999813735},"geometry":{"type":"MultiPolygon","coordinates":[[[[34.78855063862107,31.249004988679495],[34.78854273356785,31.250808772145046],[34.79064231565655,31.250815546659616],[34.79065018079913,31.24901176271504],[34.78855063862107,31.249004988679495]]]]}},{"type":"Feature","properties":{"X":34.79169272091907,"Y":31.24991436543672,"מספר_פוליגון":781,"גיל0_4":21.0,"גיל5_9":27.0,"גיל10_18":14.0,"גיל19_30":58.0,"גיל31_44":58.0,"גיל45_64":71.0,"גיל65_75":36.0,"גיל76פלוס":22.0,"Shape_Length":800.0000000018626,"Shape_Area":40000.000000186265},"geometry":{"type":"MultiPolygon","coordinates":[[[[34.79065018079913,31.24901176271504],[34.79064231565655,31.250815546659616],[34.79274189845319,31.25082228688429],[34.79274972368509,31.24901850246308],[34.79065018079913,31.24901176271504]]]]}},{"type":"Feature","properties":{"X":34.79379228406556,"Y":31.24992108821426,"מספר_פוליגון":782,"גיל0_4":21.0,"גיל5_9":32.0,"גיל10_18":29.0,"גיל19_30":84.0,"גיל31_44":82.0,"גיל45_64":83.0,"גיל65_75":69.0,"גיל76פלוס":32.0,"Shape_Length":800.0000000018626,"Shape_Area":40000.000000186265},"geometry":{"type":"MultiPolygon","coordinates":[[[[34.79274972368509,31.24901850246308],[34.79274189845319,31.25082228688429],[34.79484148195419,31.250828992819045],[34.79484926727534,31.249025207923626],[34.79274972368509,31.24901850246308]]]]}},{"type":"Feature","properties":{"X":34.79589184791455,"Y":31.249927776703064,"מספר_פוליגון":783,"גיל0_4":17.0,"גיל5_9":28.0,"גיל10_18":19.0,"גיל19_30":54.0,"גיל31_44":59.0,"גיל45_64":66.0,"גיל65_75":47.0,"גיל76פלוס":14.0,"Shape_Length":799.9999999962747,"Shape_Area":39999.99999962747},"geometry":{"type":"MultiPolygon","coordinates":[[[[34.79484926727534,31.249025207923626],[34.79484148195419,31.250828992819045],[34.79694106615591,31.25083566446382],[34.79694881156628,31.249031879096645],[34.79484926727534,31.249025207923626]]]]}},{"type":"Feature","properties":{"X":34.79799141246248,"Y":31.249934430903092,"מספר_פוליגון":784,"גיל0_4":1.0,"גיל5_9":6.0,"גיל10_18":4.0,"גיל19_30":14.0,"גיל31_44":8.0,"גיל45_64":17.0,"גיל65_75":11.0,"גיל76פלוס":13.0,"Shape_Length":800.0000000018626,"Shape_Area":40000.000000186265},"geometry":{"type":"MultiPolygon","coordinates":[[[[34.79694881156628,31.249031879096645],[34.79694106615591,31.25083566446382],[34.799040651054824,31.25084230181859],[34.79904835655435,31.249038515982065],[34.79694881156628,31.249031879096645]]]]}},{"type":"Feature","properties":{"X":34.80009097770575,"Y":31.249941050814304,"מספר_פוליגון":785,"גיל0_4":null,"גיל5_9":null,"גיל10_18":null,"גיל19_30":null,"גיל31_44":null,"גיל45_64":null,"גיל65_75":null,"גיל76פלוס":null,"Shape_Length":799.9999999981374,"Shape_Area":39999.999999813735},"geometry":{"type":"MultiPolygon","coordinates":[[[[34.79904835655435,31.249038515982065],[34.799040651054824,31.25084230181859],[34.8011402366473,31.250848904883306],[34.80114790223591,31.24904511857985],[34.79904835655435,31.249038515982065]]]]}},{"type":"Feature","properties":{"X":34.802190543640805,"Y":31.249947636436666,"מספר_פוליגון":786,"גיל0_4":7.0,"גיל5_9":16.0,"גיל10_18":15.0,"גיל19_30":45.0,"גיל31_44":69.0,"גיל45_64":105.0,"גיל65_75":103.0,"גיל76פלוס":150.0,"Shape_Length":800.0000000018626,"Shape_Area":40000.000000186265},"geometry":{"type":"MultiPolygon","coordinates":[[[[34.80114790223591,31.24904511857985],[34.8011402366473,31.250848904883306],[34.80323982292978,31.250855473657943],[34.80324744860745,31.24905168688996],[34.80114790223591,31.24904511857985]]]]}},{"type":"Feature","properties":{"X":34.80429011026402,"Y":31.249954187770125,"מספר_פוליגון":787,"גיל0_4":32.0,"גיל5_9":32.0,"גיל10_18":44.0,"גיל19_30":84.0,"גיל31_44":59.0,"גיל45_64":96.0,"גיל65_75":38.0,"גיל76פלוס":21.0,"Shape_Length":799.9999999981374,"Shape_Area":39999.999999813735},"geometry":{"type":"MultiPolygon","coordinates":[[[[34.80324744860745,31.24905168688996],[34.80323982292978,31.250855473657943],[34.805339409898664,31.25086200814245],[34.8053469956653,31.24905822091237],[34.80324744860745,31.24905168688996]]]]}},{"type":"Feature","properties":{"X":34.80638967757181,"Y":31.24996070481465,"מספר_פוליגון":788,"גיל0_4":15.0,"גיל5_9":15.0,"גיל10_18":18.0,"גיל19_30":35.0,"גיל31_44":47.0,"גיל45_64":63.0,"גיל65_75":40.0,"גיל76פלוס":29.0,"Shape_Length":800.0000000018626,"Shape_Area":40000.000000186265},"geometry":{"type":"MultiPolygon","coordinates":[[[[34.8053469956653,31.24905822091237],[34.805339409898664,31.25086200814245],[34.80743899755036,31.250868508336758],[34.80744654340595,31.249064720647038],[34.8053469956653,31.24905822091237]]]]}},{"type":"Feature","properties":{"X":34.80848924556061,"Y":31.249967187570203,"מספר_פוליגון":789,"גיל0_4":28.0,"גיל5_9":36.0,"גיל10_18":48.0,"גיל19_30":65.0,"גיל31_44":111.0,"גיל45_64":151.0,"גיל65_75":120.0,"גיל76פלוס":123.0,"Shape_Length":800.0000000018626,"Shape_Area":40000.000000186265},"geometry":{"type":"MultiPolygon","coordinates":[[[[34.80744654340595,31.249064720647038],[34.80743899755036,31.250868508336758],[34.80953858588129,31.2508749742409],[34.809546091825766,31.249071186093918],[34.80744654340595,31.249064720647038]]]]}},{"type":"Feature","properties":{"X":34.81058881422681,"Y":31.249973636036742,"מספר_פוליגון":790,"גיל0_4":null,"גיל5_9":null,"גיל10_18":null,"גיל19_30":null,"גיל31_44":null,"גיל45_64":null,"גיל65_75":null,"גיל76פלוס":null,"Shape_Length":799.9999999962747,"Shape_Area":39999.99999962747},"geometry":{"type":"MultiPolygon","coordinates":[[[[34.809546091825766,31.249071186093918],[34.80953858588129,31.2508749742409],[34.81163817488785,31.250881405854763],[34.811645640921135,31.24907761725296],[34.809546091825766,31.249071186093918]]]]}},{"type":"Feature","properties":{"X":34.81268838356682,"Y":31.249980050214234,"מספר_פוליגון":791,"גיל0_4":null,"גיל5_9":null,"גיל10_18":null,"גיל19_30":null,"גיל31_44":null,"גיל45_64":null,"גיל65_75":null,"גיל76פלוס":null,"Shape_Length":800.0000000018626,"Shape_Area":40000.000000186265},"geometry":{"type":"MultiPolygon","coordinates":[[[[34.811645640921135,31.24907761725296],[34.81163817488785,31.250881405854763],[34.81373776456647,31.250887803178355],[34.81374519068852,31.24908401412416],[34.811645640921135,31.24907761725296]]]]}},{"type":"Feature","properties":{"X":34.81478795357708,"Y":31.24998643010264,"מספר_פוליגון":792,"גיל0_4":null,"גיל5_9":null,"גיל10_18":null,"גיל19_30":null,"גיל31_44":null,"גיל45_64":null,"גיל65_75":null,"גיל76פלוס":null,"Shape_Length":799.9999999981374,"Shape_Area":39999.999999813735},"geometry":{"type":"MultiPolygon","coordinates":[[[[34.81374519068852,31.24908401412416],[34.81373776456647,31.250887803178355],[34.81583735491354,31.250894166211634],[34.81584474112433,31.24909037670744],[34.81374519068852,31.24908401412416]]]]}},{"type":"Feature","properties":{"X":34.81688752425397,"Y":31.24999277570191,"מספר_פוליגון":793,"גיל0_4":null,"גיל5_9":null,"גיל10_18":null,"גיל19_30":null,"גיל31_44":null,"גיל45_64":null,"גיל65_75":null,"גיל76פלוס":null,"Shape_Length":800.0000000018626,"Shape_Area":40000.000000186265},"geometry":{"type":"MultiPolygon","coordinates":[[[[34.81584474112433,31.24909037670744],[34.81583735491354,31.250894166211634],[34.8179369459255,31.250900494954546],[34.81794429222495,31.249096705002785],[34.81584474112433,31.24909037670744]]]]}},{"type":"Feature","properties":{"X":34.818987095593926,"Y":31.24999908701201,"מספר_פוליגון":794,"גיל0_4":null,"גיל5_9":null,"גיל10_18":null,"גיל19_30":null,"גיל31_44":null,"גיל45_64":null,"גיל65_75":null,"גיל76פלוס":null,"Shape_Length":799.9999999962747,"Shape_Area":39999.99999962747},"geometry":{"type":"MultiPolygon","coordinates":[[[[34.81794429222495,31.249096705002785],[34.8179369459255,31.250900494954546],[34.82003653759871,31.250906789407047],[34.82004384398679,31.249102999010166],[34.81794429222495,31.249096705002785]]]]}},{"type":"Feature","properties":{"X":34.82108666759334,"Y":31.25000536403291,"מספר_פוליגון":795,"גיל0_4":null,"גיל5_9":null,"גיל10_18":null,"גיל19_30":null,"גיל31_44":null,"גיל45_64":null,"גיל65_75":null,"גיל76פלוס":null,"Shape_Length":800.0000000018626,"Shape_Area":40000.000000186265},"geometry":{"type":"MultiPolygon","coordinates":[[[[34.82004384398679,31.249102999010166],[34.82003653759871,31.250906789407047],[34.82213612992966,31.250913049569142],[34.822143396406304,31.249109258729526],[34.82004384398679,31.249102999010166]]]]}},{"type":"Feature","properties":{"X":34.82318624024866,"Y":31.25001160676457,"מספר_פוליגון":796,"גיל0_4":null,"גיל5_9":null,"גיל10_18":null,"גיל19_30":null,"גיל31_44":null,"גיל45_64":null,"גיל65_75":null,"גיל76פלוס":null,"Shape_Length":800.0000000037253,"Shape_Area":40000.00000037253},"geometry":{"type":"MultiPolygon","coordinates":[[[[34.822143396406304,31.249109258729526],[34.82213612992966,31.250913049569142],[34.824235722914736,31.25091927544074],[34.82424294947988,31.24911548416082],[34.822143396406304,31.249109258729526]]]]}},{"type":"Feature","properties":{"X":34.82528581355626,"Y":31.250017815206952,"מספר_פוליגון":797,"גיל0_4":null,"גיל5_9":null,"גיל10_18":null,"גיל19_30":null,"גיל31_44":null,"גיל45_64":null,"גיל65_75":null,"גיל76פלוס":null,"Shape_Length":799.9999999962747,"Shape_Area":39999.99999962747},"geometry":{"type":"MultiPolygon","coordinates":[[[[34.82424294947988,31.24911548416082],[34.824235722914736,31.25091927544074],[34.82633531655029,31.250925467021837],[34.826342503203904,31.249121675304053],[34.82424294947988,31.24911548416082]]]]}},{"type":"Feature","properties":{"X":34.82738538751256,"Y":31.25002398936002,"מספר_פוליגון":798,"גיל0_4":null,"גיל5_9":null,"גיל10_18":null,"גיל19_30":null,"גיל31_44":null,"גיל45_64":null,"גיל65_75":null,"גיל76פלוס":null,"Shape_Length":800.0000000018626,"Shape_Area":40000.000000186265},"geometry":{"type":"MultiPolygon","coordinates":[[[[34.826342503203904,31.249121675304053],[34.82633531655029,31.250925467021837],[34.828434910832804,31.250931624312376],[34.82844205757483,31.249127832159136],[34.826342503203904,31.249121675304053]]]]}},{"type":"Feature","properties":{"X":34.74969296734166,"Y":31.25157648323796,"מספר_פוליגון":799,"גיל0_4":null,"גיל5_9":null,"גיל10_18":null,"גיל19_30":null,"גיל31_44":null,"גיל45_64":null,"גיל65_75":null,"גיל76פלוס":null,"Shape_Length":799.9999999888241,"Shape_Area":39999.99999888241},"geometry":{"type":"MultiPolygon","coordinates":[[[[34.74865081316134,31.250673541344348],[34.74864214903749,31.252477314739327],[34.75074175690686,31.25248474127893],[34.750750381117626,31.25068096735889],[34.74865081316134,31.250673541344348]]]]}},{"type":"Feature","properties":{"X":34.75179255559555,"Y":31.251583892305348,"מספר_פוליגון":800,"גיל0_4":null,"גיל5_9":null,"גיל10_18":null,"גיל19_30":null,"גיל31_44":null,"גיל45_64":null,"גיל65_75":null,"גיל76פלוס":null,"Shape_Length":799.9999999944121,"Shape_Area":39999.99999944121},"geometry":{"type":"MultiPolygon","coordinates":[[[[34.750750381117626,31.25068096735889],[34.75074175690686,31.25248474127893],[34.752841365552435,31.252492133527017],[34.752849949850045,31.250688359084332],[34.750750381117626,31.25068096735889]]]]}},{"type":"Feature","properties":{"X":34.7538921446238,"Y":31.25159126708242,"מספר_פוליגון":801,"גיל0_4":null,"גיל5_9":null,"גיל10_18":null,"גיל19_30":null,"גיל31_44":null,"גיל45_64":null,"גיל65_75":null,"גיל76פלוס":null,"Shape_Length":799.9999999944121,"Shape_Area":39999.99999944121},"geometry":{"type":"MultiPolygon","coordinates":[[[[34.752849949850045,31.250688359084332],[34.752841365552435,31.252492133527017],[34.754940974970594,31.252499491483558],[34.75494951935497,31.25069571652066],[34.752849949850045,31.250688359084332]]]]}},{"type":"Feature","properties":{"X":34.75599173442279,"Y":31.25159860756914,"מספר_פוליגון":802,"גיל0_4":1.0,"גיל5_9":1.0,"גיל10_18":null,"גיל19_30":2.0,"גיל31_44":null,"גיל45_64":null,"גיל65_75":null,"גיל76פלוס":null,"Shape_Length":799.9999999906868,"Shape_Area":39999.99999906868},"geometry":{"type":"MultiPolygon","coordinates":[[[[34.75494951935497,31.25069571652066],[34.754940974970594,31.252499491483558],[34.75704058515772,31.252506815148482],[34.7570490896288,31.250703039667822],[34.75494951935497,31.25069571652066]]]]}},{"type":"Feature","properties":{"X":34.75809132498894,"Y":31.25160591376545,"מספר_פוליגון":803,"גיל0_4":2.0,"גיל5_9":2.0,"גיל10_18":null,"גיל19_30":3.0,"גיל31_44":null,"גיל45_64":1.0,"גיל65_75":1.0,"גיל76פלוס":null,"Shape_Length":799.9999999944121,"Shape_Area":39999.99999944121},"geometry":{"type":"MultiPolygon","coordinates":[[[[34.7570490896288,31.250703039667822],[34.75704058515772,31.252506815148482],[34.759140196110245,31.2525141045218],[34.759148660668,31.250710328525745],[34.7570490896288,31.250703039667822]]]]}},{"type":"Feature","properties":{"X":34.76019091631866,"Y":31.251613185671314,"מספר_פוליגון":804,"גיל0_4":6.0,"גיל5_9":8.0,"גיל10_18":19.0,"גיל19_30":24.0,"גיל31_44":27.0,"גיל45_64":40.0,"גיל65_75":38.0,"גיל76פלוס":4.0,"Shape_Length":799.9999999906868,"Shape_Area":39999.99999906868},"geometry":{"type":"MultiPolygon","coordinates":[[[[34.759148660668,31.250710328525745],[34.759140196110245,31.2525141045218],[34.76123980782457,31.252521359603424],[34.76124823246891,31.25071758309443],[34.759148660668,31.250710328525745]]]]}},{"type":"Feature","properties":{"X":34.762290508408384,"Y":31.251620423286695,"מספר_פוליגון":805,"גיל0_4":11.0,"גיל5_9":12.0,"גיל10_18":19.0,"גיל19_30":30.0,"גיל31_44":45.0,"גיל45_64":37.0,"גיל65_75":49.0,"גיל76פלוס":20.0,"Shape_Length":799.9999999944121,"Shape_Area":39999.99999944121},"geometry":{"type":"MultiPolygon","coordinates":[[[[34.76124823246891,31.25071758309443],[34.76123980782457,31.252521359603424],[34.76333942029714,31.252528580393324],[34.76334780502802,31.250724803373792],[34.76124823246891,31.25071758309443]]]]}},{"type":"Feature","properties":{"X":34.76439010125451,"Y":31.251627626611537,"מספר_פוליגון":806,"גיל0_4":3.0,"גיל5_9":5.0,"גיל10_18":20.0,"גיל19_30":36.0,"גיל31_44":11.0,"גיל45_64":42.0,"גיל65_75":34.0,"גיל76פלוס":20.0,"Shape_Length":799.9999999944121,"Shape_Area":39999.99999944121},"geometry":{"type":"MultiPolygon","coordinates":[[[[34.76334780502802,31.250724803373792],[34.76333942029714,31.252528580393324],[34.76543903352435,31.25253576689145],[34.76544737834169,31.25073198936382],[34.76334780502802,31.250724803373792]]]]}},{"type":"Feature","properties":{"X":34.76648969485343,"Y":31.251634795645813,"מספר_פוליגון":807,"גיל0_4":5.0,"גיל5_9":4.0,"גיל10_18":9.0,"גיל19_30":24.0,"גיל31_44":15.0,"גיל45_64":31.0,"גיל65_75":27.0,"גיל76פלוס":15.0,"Shape_Length":799.9999999888241,"Shape_Area":39999.99999888241},"geometry":{"type":"MultiPolygon","coordinates":[[[[34.76544737834169,31.25073198936382],[34.76543903352435,31.25253576689145],[34.767538647502576,31.25254291909777],[34.767546952406335,31.25073914106445],[34.76544737834169,31.25073198936382]]]]}},{"type":"Feature","properties":{"X":34.76858928920158,"Y":31.251641930389468,"מספר_פוליגון":808,"גיל0_4":4.0,"גיל5_9":3.0,"גיל10_18":12.0,"גיל19_30":29.0,"גיל31_44":20.0,"גיל45_64":44.0,"גיל65_75":37.0,"גיל76פלוס":30.0,"Shape_Length":799.9999999944121,"Shape_Area":39999.99999944121},"geometry":{"type":"MultiPolygon","coordinates":[[[[34.767546952406335,31.25073914106445],[34.767538647502576,31.25254291909777],[34.769638262228284,31.25255003701226],[34.7696465272184,31.25074625847565],[34.767546952406335,31.25073914106445]]]]}},{"type":"Feature","properties":{"X":34.77068888429537,"Y":31.251649030842454,"מספר_פוליגון":809,"גיל0_4":3.0,"גיל5_9":4.0,"גיל10_18":8.0,"גיל19_30":13.0,"גיל31_44":17.0,"גיל45_64":32.0,"גיל65_75":16.0,"גיל76פלוס":9.0,"Shape_Length":799.9999999906868,"Shape_Area":39999.99999906868},"geometry":{"type":"MultiPolygon","coordinates":[[[[34.7696465272184,31.25074625847565],[34.769638262228284,31.25255003701226],[34.77173787769784,31.252557120634826],[34.77174610277425,31.250753341597377],[34.7696465272184,31.25074625847565]]]]}},{"type":"Feature","properties":{"X":34.77278848013121,"Y":31.25165609700474,"מספר_פוליגון":810,"גיל0_4":17.0,"גיל5_9":43.0,"גיל10_18":23.0,"גיל19_30":63.0,"גיל31_44":82.0,"גיל45_64":111.0,"גיל65_75":56.0,"גיל76פלוס":86.0,"Shape_Length":799.9999999944121,"Shape_Area":39999.99999944121},"geometry":{"type":"MultiPolygon","coordinates":[[[[34.77174610277425,31.250753341597377],[34.77173787769784,31.252557120634826],[34.773837493907685,31.25256416996544],[34.773845679070355,31.2507603904296],[34.77174610277425,31.250753341597377]]]]}},{"type":"Feature","properties":{"X":34.77488807670551,"Y":31.251663128876285,"מספר_פוליגון":811,"גיל0_4":22.0,"גיל5_9":30.0,"גיל10_18":39.0,"גיל19_30":76.0,"גיל31_44":88.0,"גיל45_64":125.0,"גיל65_75":62.0,"גיל76פלוס":60.0,"Shape_Length":799.9999999906868,"Shape_Area":39999.99999906868},"geometry":{"type":"MultiPolygon","coordinates":[[[[34.773845679070355,31.2507603904296],[34.773837493907685,31.25256416996544],[34.77593711085423,31.252571185004104],[34.77594525610306,31.250767404972247],[34.773845679070355,31.2507603904296]]]]}},{"type":"Feature","properties":{"X":34.77698767401468,"Y":31.251670126457036,"מספר_פוליגון":812,"גיל0_4":18.0,"גיל5_9":30.0,"גיל10_18":32.0,"גיל19_30":79.0,"גיל31_44":93.0,"גיל45_64":101.0,"גיל65_75":62.0,"גיל76פלוס":53.0,"Shape_Length":799.9999999944121,"Shape_Area":39999.99999944121},"geometry":{"type":"MultiPolygon","coordinates":[[[[34.77594525610306,31.250767404972247],[34.77593711085423,31.252571185004104],[34.77803672853388,31.252578165750734],[34.77804483386885,31.250774385225288],[34.77594525610306,31.250767404972247]]]]}},{"type":"Feature","properties":{"X":34.779087272055136,"Y":31.25167708974696,"מספר_פוליגון":813,"גיל0_4":53.0,"גיל5_9":75.0,"גיל10_18":79.0,"גיל19_30":198.0,"גיל31_44":232.0,"גיל45_64":444.0,"גיל65_75":260.0,"גיל76פלוס":203.0,"Shape_Length":799.9999999944121,"Shape_Area":39999.99999944121},"geometry":{"type":"MultiPolygon","coordinates":[[[[34.77804483386885,31.250774385225288],[34.77803672853388,31.252578165750734],[34.78013634694306,31.252585112205303],[34.78014441236409,31.2507813311887],[34.77804483386885,31.250774385225288]]]]}},{"type":"Feature","properties":{"X":34.78118687082329,"Y":31.251684018746005,"מספר_פוליגון":814,"גיל0_4":9.0,"גיל5_9":7.0,"גיל10_18":8.0,"גיל19_30":13.0,"גיל31_44":19.0,"גיל45_64":21.0,"גיל65_75":8.0,"גיל76פלוס":12.0,"Shape_Length":799.9999999888241,"Shape_Area":39999.99999888241},"geometry":{"type":"MultiPolygon","coordinates":[[[[34.78014441236409,31.2507813311887],[34.78013634694306,31.252585112205303],[34.78223596607813,31.252592024367747],[34.782243991585176,31.250788242862413],[34.78014441236409,31.2507813311887]]]]}},{"type":"Feature","properties":{"X":34.78328647031554,"Y":31.251690913454148,"מספר_פוליגון":815,"גיל0_4":21.0,"גיל5_9":30.0,"גיל10_18":32.0,"גיל19_30":50.0,"גיל31_44":60.0,"גיל45_64":85.0,"גיל65_75":50.0,"גיל76פלוס":31.0,"Shape_Length":799.9999999944121,"Shape_Area":39999.99999944121},"geometry":{"type":"MultiPolygon","coordinates":[[[[34.782243991585176,31.250788242862413],[34.78223596607813,31.252592024367747],[34.78433558593557,31.252598902238063],[34.78434357152857,31.25079512024641],[34.782243991585176,31.250788242862413]]]]}},{"type":"Feature","properties":{"X":34.78538607052832,"Y":31.251697773871335,"מספר_פוליגון":816,"גיל0_4":20.0,"גיל5_9":20.0,"גיל10_18":28.0,"גיל19_30":58.0,"גיל31_44":56.0,"גיל45_64":76.0,"גיל65_75":23.0,"גיל76פלוס":31.0,"Shape_Length":799.9999999906868,"Shape_Area":39999.99999906868},"geometry":{"type":"MultiPolygon","coordinates":[[[[34.78434357152857,31.25079512024641],[34.78433558593557,31.252598902238063],[34.786435206511754,31.25260574581618],[34.78644315219065,31.25080196334064],[34.78434357152857,31.25079512024641]]]]}},{"type":"Feature","properties":{"X":34.78748567145803,"Y":31.25170459999752,"מספר_פוליגון":817,"גיל0_4":18.0,"גיל5_9":22.0,"גיל10_18":28.0,"גיל19_30":62.0,"גיל31_44":72.0,"גיל45_64":100.0,"גיל65_75":46.0,"גיל76פלוס":42.0,"Shape_Length":799.9999999944121,"Shape_Area":39999.99999944121},"geometry":{"type":"MultiPolygon","coordinates":[[[[34.78644315219065,31.25080196334064],[34.786435206511754,31.25260574581618],[34.788534827803105,31.252612555102058],[34.78854273356785,31.250808772145046],[34.78644315219065,31.25080196334064]]]]}},{"type":"Feature","properties":{"X":34.78958527310108,"Y":31.25171139183267,"מספר_פוליגון":818,"גיל0_4":16.0,"גיל5_9":40.0,"גיל10_18":34.0,"גיל19_30":85.0,"גיל31_44":74.0,"גיל45_64":85.0,"גיל65_75":53.0,"גיל76פלוס":36.0,"Shape_Length":799.9999999906868,"Shape_Area":39999.99999906868},"geometry":{"type":"MultiPolygon","coordinates":[[[[34.78854273356785,31.250808772145046],[34.788534827803105,31.252612555102058],[34.79063444980603,31.252619330095694],[34.79064231565655,31.250815546659616],[34.78854273356785,31.250808772145046]]]]}},{"type":"Feature","properties":{"X":34.79168487545388,"Y":31.251718149376746,"מספר_פוליגון":819,"גיל0_4":1.0,"גיל5_9":5.0,"גיל10_18":6.0,"גיל19_30":12.0,"גיל31_44":17.0,"גיל45_64":19.0,"גיל65_75":4.0,"גיל76פלוס":7.0,"Shape_Length":799.9999999944121,"Shape_Area":39999.99999944121},"geometry":{"type":"MultiPolygon","coordinates":[[[[34.79064231565655,31.250815546659616],[34.79063444980603,31.252619330095694],[34.79273407251694,31.25262607079699],[34.79274189845319,31.25082228688429],[34.79064231565655,31.250815546659616]]]]}},{"type":"Feature","properties":{"X":34.79378447851287,"Y":31.25172487262971,"מספר_פוליגון":820,"גיל0_4":38.0,"גיל5_9":42.0,"גיל10_18":35.0,"גיל19_30":80.0,"גיל31_44":108.0,"גיל45_64":83.0,"גיל65_75":76.0,"גיל76פלוס":49.0,"Shape_Length":799.9999999944121,"Shape_Area":39999.99999944121},"geometry":{"type":"MultiPolygon","coordinates":[[[[34.79274189845319,31.25082228688429],[34.79273407251694,31.25262607079699],[34.79483369593226,31.252632777205967],[34.79484148195419,31.250828992819045],[34.79274189845319,31.25082228688429]]]]}},{"type":"Feature","properties":{"X":34.79588408227441,"Y":31.251731561591505,"מספר_פוליגון":821,"גיל0_4":21.0,"גיל5_9":35.0,"גיל10_18":20.0,"גיל19_30":69.0,"גיל31_44":67.0,"גיל45_64":70.0,"גיל65_75":47.0,"גיל76פלוס":56.0,"Shape_Length":799.9999999888241,"Shape_Area":39999.99999888241},"geometry":{"type":"MultiPolygon","coordinates":[[[[34.79484148195419,31.250828992819045],[34.79483369593226,31.252632777205967],[34.79693332004837,31.252639449322537],[34.79694106615591,31.25083566446382],[34.79484148195419,31.250828992819045]]]]}},{"type":"Feature","properties":{"X":34.79798368673495,"Y":31.251738216262105,"מספר_פוליגון":822,"גיל0_4":1.0,"גיל5_9":4.0,"גיל10_18":null,"גיל19_30":1.0,"גיל31_44":3.0,"גיל45_64":null,"גיל65_75":1.0,"גיל76פלוס":null,"Shape_Length":799.9999999944121,"Shape_Area":39999.99999944121},"geometry":{"type":"MultiPolygon","coordinates":[[[[34.79694106615591,31.25083566446382],[34.79693332004837,31.252639449322537],[34.799032944861715,31.252646087146672],[34.799040651054824,31.25084230181859],[34.79694106615591,31.25083566446382]]]]}},{"type":"Feature","properties":{"X":34.8000832918909,"Y":31.25174483664147,"מספר_פוליגון":823,"גיל0_4":null,"גיל5_9":null,"גיל10_18":null,"גיל19_30":null,"גיל31_44":null,"גיל45_64":null,"גיל65_75":null,"גיל76פלוס":null,"Shape_Length":799.9999999906868,"Shape_Area":39999.99999906868},"geometry":{"type":"MultiPolygon","coordinates":[[[[34.799040651054824,31.25084230181859],[34.799032944861715,31.252646087146672],[34.80113257036868,31.252652690678325],[34.8011402366473,31.250848904883306],[34.799040651054824,31.25084230181859]]]]}},{"type":"Feature","properties":{"X":34.80218289773866,"Y":31.25175142272956,"מספר_פוליגון":824,"גיל0_4":3.0,"גיל5_9":9.0,"גיל10_18":10.0,"גיל19_30":16.0,"גיל31_44":24.0,"גיל45_64":43.0,"גיל65_75":93.0,"גיל76פלוס":219.0,"Shape_Length":799.9999999944121,"Shape_Area":39999.99999944121},"geometry":{"type":"MultiPolygon","coordinates":[[[[34.8011402366473,31.250848904883306],[34.80113257036868,31.252652690678325],[34.803232196565716,31.252659259917493],[34.80323982292978,31.250855473657943],[34.8011402366473,31.250848904883306]]]]}},{"type":"Feature","properties":{"X":34.804282504274646,"Y":31.25175797452633,"מספר_פוליגון":825,"גיל0_4":26.0,"גיל5_9":18.0,"גיל10_18":43.0,"גיל19_30":65.0,"גיל31_44":60.0,"גיל45_64":90.0,"גיל65_75":47.0,"גיל76פלוס":31.0,"Shape_Length":799.9999999906868,"Shape_Area":39999.99999906868},"geometry":{"type":"MultiPolygon","coordinates":[[[[34.80323982292978,31.250855473657943],[34.803232196565716,31.252659259917493],[34.805331823449194,31.2526657948641],[34.805339409898664,31.25086200814245],[34.80323982292978,31.250855473657943]]]]}},{"type":"Feature","properties":{"X":34.806382111495275,"Y":31.251764492031747,"מספר_פוליגון":826,"גיל0_4":12.0,"גיל5_9":25.0,"גיל10_18":21.0,"גיל19_30":80.0,"גיל31_44":72.0,"גיל45_64":98.0,"גיל65_75":43.0,"גיל76פלוס":21.0,"Shape_Length":799.9999999944121,"Shape_Area":39999.99999944121},"geometry":{"type":"MultiPolygon","coordinates":[[[[34.805339409898664,31.25086200814245],[34.805331823449194,31.2526657948641],[34.80743145101556,31.252672295518103],[34.80743899755036,31.250868508336758],[34.805339409898664,31.25086200814245]]]]}},{"type":"Feature","properties":{"X":34.80848171939696,"Y":31.251770975245762,"מספר_פוליגון":827,"גיל0_4":4.0,"גיל5_9":10.0,"גיל10_18":22.0,"גיל19_30":28.0,"גיל31_44":45.0,"גיל45_64":58.0,"גיל65_75":32.0,"גיל76פלוס":20.0,"Shape_Length":799.9999999944121,"Shape_Area":39999.99999944121},"geometry":{"type":"MultiPolygon","coordinates":[[[[34.80743899755036,31.250868508336758],[34.80743145101556,31.252672295518103],[34.8095310792612,31.252678761879494],[34.80953858588129,31.2508749742409],[34.80743899755036,31.250868508336758]]]]}},{"type":"Feature","properties":{"X":34.81058132797609,"Y":31.251777424168353,"מספר_פוליגון":828,"גיל0_4":5.0,"גיל5_9":5.0,"גיל10_18":12.0,"גיל19_30":29.0,"גיל31_44":25.0,"גיל45_64":50.0,"גיל65_75":23.0,"גיל76פלוס":27.0,"Shape_Length":799.9999999888241,"Shape_Area":39999.99999888241},"geometry":{"type":"MultiPolygon","coordinates":[[[[34.80953858588129,31.2508749742409],[34.8095310792612,31.252678761879494],[34.8116307081825,31.252685193948203],[34.81163817488785,31.250881405854763],[34.80953858588129,31.2508749742409]]]]}},{"type":"Feature","properties":{"X":34.81268093722909,"Y":31.251783838799472,"מספר_פוליגון":829,"גיל0_4":null,"גיל5_9":null,"גיל10_18":null,"גיל19_30":null,"גיל31_44":null,"גיל45_64":null,"גיל65_75":null,"גיל76פלוס":null,"Shape_Length":799.9999999944121,"Shape_Area":39999.99999944121},"geometry":{"type":"MultiPolygon","coordinates":[[[[34.81163817488785,31.250881405854763],[34.8116307081825,31.252685193948203],[34.81373033777592,31.252691591724236],[34.81373776456647,31.250887803178355],[34.81163817488785,31.250881405854763]]]]}},{"type":"Feature","properties":{"X":34.81478054715238,"Y":31.251790219139078,"מספר_פוליגון":830,"גיל0_4":null,"גיל5_9":null,"גיל10_18":null,"גיל19_30":null,"גיל31_44":null,"גיל45_64":null,"גיל65_75":null,"גיל76פלוס":null,"Shape_Length":799.9999999906868,"Shape_Area":39999.99999906868},"geometry":{"type":"MultiPolygon","coordinates":[[[[34.81373776456647,31.250887803178355],[34.81373033777592,31.252691591724236],[34.81582996803787,31.252697955207502],[34.81583735491354,31.250894166211634],[34.81373776456647,31.250887803178355]]]]}},{"type":"Feature","properties":{"X":34.81688015774238,"Y":31.251796565187135,"מספר_פוליגון":831,"גיל0_4":null,"גיל5_9":null,"גיל10_18":null,"גיל19_30":null,"גיל31_44":null,"גיל45_64":null,"גיל65_75":null,"גיל76פלוס":null,"Shape_Length":799.9999999944121,"Shape_Area":39999.99999944121},"geometry":{"type":"MultiPolygon","coordinates":[[[[34.81583735491354,31.250894166211634],[34.81582996803787,31.252697955207502],[34.81792959896474,31.252704284397975],[34.8179369459255,31.250900494954546],[34.81583735491354,31.250894166211634]]]]}},{"type":"Feature","properties":{"X":34.818979768995476,"Y":31.251802876943596,"מספר_פוליגון":832,"גיל0_4":null,"גיל5_9":null,"גיל10_18":null,"גיל19_30":null,"גיל31_44":null,"גיל45_64":null,"גיל65_75":null,"גיל76פלוס":null,"Shape_Length":799.9999999888241,"Shape_Area":39999.99999888241},"geometry":{"type":"MultiPolygon","coordinates":[[[[34.8179369459255,31.250900494954546],[34.81792959896474,31.252704284397975],[34.82002923055293,31.252710579295677],[34.82003653759871,31.250906789407047],[34.8179369459255,31.250900494954546]]]]}},{"type":"Feature","properties":{"X":34.82107938090808,"Y":31.251809154408434,"מספר_פוליגון":833,"גיל0_4":null,"גיל5_9":null,"גיל10_18":null,"גיל19_30":null,"גיל31_44":null,"גיל45_64":null,"גיל65_75":null,"גיל76פלוס":null,"Shape_Length":799.9999999944121,"Shape_Area":39999.99999944121},"geometry":{"type":"MultiPolygon","coordinates":[[[[34.82003653759871,31.250906789407047],[34.82002923055293,31.252710579295677],[34.82212886279891,31.25271683990048],[34.82213612992966,31.250913049569142],[34.82003653759871,31.250906789407047]]]]}},{"type":"Feature","properties":{"X":34.82317899347665,"Y":31.251815397581623,"מספר_פוליגון":834,"גיל0_4":null,"גיל5_9":null,"גיל10_18":null,"גיל19_30":null,"גיל31_44":null,"גיל45_64":null,"גיל65_75":null,"גיל76פלוס":null,"Shape_Length":799.9999999962747,"Shape_Area":39999.99999962747},"geometry":{"type":"MultiPolygon","coordinates":[[[[34.82213612992966,31.250913049569142],[34.82212886279891,31.25271683990048],[34.824228495699046,31.2527230662124],[34.824235722914736,31.25091927544074],[34.82213612992966,31.250913049569142]]]]}},{"type":"Feature","properties":{"X":34.82527860669756,"Y":31.251821606463103,"מספר_פוליגון":835,"גיל0_4":null,"גיל5_9":null,"גיל10_18":null,"גיל19_30":null,"גיל31_44":null,"גיל45_64":null,"גיל65_75":null,"גיל76פלוס":null,"Shape_Length":799.9999999888241,"Shape_Area":39999.99999888241},"geometry":{"type":"MultiPolygon","coordinates":[[[[34.824235722914736,31.25091927544074],[34.824228495699046,31.2527230662124],[34.826328129249724,31.252729258231376],[34.82633531655029,31.250925467021837],[34.824235722914736,31.25091927544074]]]]}},{"type":"Feature","properties":{"X":34.827378220567205,"Y":31.25182778105285,"מספר_פוליגון":836,"גיל0_4":null,"גיל5_9":null,"גיל10_18":null,"גיל19_30":null,"גיל31_44":null,"גיל45_64":null,"גיל65_75":null,"גיל76פלוס":null,"Shape_Length":799.9999999944121,"Shape_Area":39999.99999944121},"geometry":{"type":"MultiPolygon","coordinates":[[[[34.82633531655029,31.250925467021837],[34.826328129249724,31.252729258231376],[34.828427763447415,31.252735415957396],[34.828434910832804,31.250931624312376],[34.82633531655029,31.250925467021837]]]]}},{"type":"Feature","properties":{"X":34.74968432286058,"Y":31.25338025665238,"מספר_פוליגון":837,"גיל0_4":null,"גיל5_9":null,"גיל10_18":null,"גיל19_30":null,"גיל31_44":null,"גיל45_64":null,"גיל65_75":null,"גיל76פלוס":null,"Shape_Length":800.0,"Shape_Area":40000.0},"geometry":{"type":"MultiPolygon","coordinates":[[[[34.74864214903749,31.252477314739327],[34.74863348413386,31.254281087625486],[34.750733131919944,31.254288514690142],[34.75074175690686,31.25248474127893],[34.74864214903749,31.252477314739327]]]]}},{"type":"Feature","properties":{"X":34.7517839510294,"Y":31.253387666243626,"מספר_פוליגון":838,"גיל0_4":null,"גיל5_9":null,"גיל10_18":null,"גיל19_30":null,"גיל31_44":null,"גיל45_64":null,"גיל65_75":null,"גיל76פלוס":null,"Shape_Length":800.0000000055879,"Shape_Area":40000.00000055879},"geometry":{"type":"MultiPolygon","coordinates":[[[[34.75074175690686,31.25248474127893],[34.750733131919944,31.254288514690142],[34.752832780482265,31.254295907460882],[34.752841365552435,31.252492133527017],[34.75074175690686,31.25248474127893]]]]}},{"type":"Feature","properties":{"X":34.75388357997263,"Y":31.253395041542134,"מספר_פוליגון":839,"גיל0_4":null,"גיל5_9":null,"גיל10_18":null,"גיל19_30":null,"גיל31_44":null,"גיל45_64":null,"גיל65_75":null,"גיל76פלוס":null,"Shape_Length":800.0000000055879,"Shape_Area":40000.00000055879},"geometry":{"type":"MultiPolygon","coordinates":[[[[34.752841365552435,31.252492133527017],[34.752832780482265,31.254295907460882],[34.75493242981724,31.254303265937654],[34.754940974970594,31.252499491483558],[34.752841365552435,31.252492133527017]]]]}},{"type":"Feature","properties":{"X":34.75598320968666,"Y":31.25340238254786,"מספר_פוליגון":840,"גיל0_4":9.0,"גיל5_9":21.0,"גיל10_18":14.0,"גיל19_30":3.0,"גיל31_44":28.0,"גיל45_64":6.0,"גיל65_75":1.0,"גיל76פלוס":1.0,"Shape_Length":800.0000000018626,"Shape_Area":40000.000000186265},"geometry":{"type":"MultiPolygon","coordinates":[[[[34.754940974970594,31.252499491483558],[34.75493242981724,31.254303265937654],[34.757032079921224,31.254310590120397],[34.75704058515772,31.252506815148482],[34.754940974970594,31.252499491483558]]]]}},{"type":"Feature","properties":{"X":34.75808284016792,"Y":31.253409689260767,"מספר_פוליגון":841,"גיל0_4":null,"גיל5_9":null,"גיל10_18":null,"גיל19_30":null,"גיל31_44":null,"גיל45_64":null,"גיל65_75":null,"גיל76פלוס":null,"Shape_Length":800.0000000055879,"Shape_Area":40000.00000055879},"geometry":{"type":"MultiPolygon","coordinates":[[[[34.75704058515772,31.252506815148482],[34.757032079921224,31.254310590120397],[34.75913173079069,31.254317880009104],[34.759140196110245,31.2525141045218],[34.75704058515772,31.252506815148482]]]]}},{"type":"Feature","properties":{"X":34.76018247141281,"Y":31.253416961680806,"מספר_פוליגון":842,"גיל0_4":3.0,"גיל5_9":4.0,"גיל10_18":5.0,"גיל19_30":12.0,"גיל31_44":19.0,"גיל45_64":14.0,"גיל65_75":19.0,"גיל76פלוס":10.0,"Shape_Length":800.0000000018626,"Shape_Area":40000.000000186265},"geometry":{"type":"MultiPolygon","coordinates":[[[[34.759140196110245,31.2525141045218],[34.75913173079069,31.254317880009104],[34.76123138242202,31.254325135603697],[34.76123980782457,31.252521359603424],[34.759140196110245,31.2525141045218]]]]}},{"type":"Feature","properties":{"X":34.76228210341776,"Y":31.253424199807935,"מספר_פוליגון":843,"גיל0_4":3.0,"גיל5_9":11.0,"גיל10_18":17.0,"גיל19_30":23.0,"גיל31_44":24.0,"גיל45_64":33.0,"גיל65_75":38.0,"גיל76פלוס":15.0,"Shape_Length":800.0000000055879,"Shape_Area":40000.00000055879},"geometry":{"type":"MultiPolygon","coordinates":[[[[34.76123980782457,31.252521359603424],[34.76123138242202,31.254325135603697],[34.76333103481164,31.254332356904136],[34.76333942029714,31.252528580393324],[34.76123980782457,31.252521359603424]]]]}},{"type":"Feature","properties":{"X":34.76438173617917,"Y":31.253431403642107,"מספר_פוליגון":844,"גיל0_4":18.0,"גיל5_9":22.0,"גיל10_18":22.0,"גיל19_30":42.0,"גיל31_44":50.0,"גיל45_64":42.0,"גיל65_75":34.0,"גיל76פלוס":19.0,"Shape_Length":800.0000000055879,"Shape_Area":40000.00000055879},"geometry":{"type":"MultiPolygon","coordinates":[[[[34.76333942029714,31.252528580393324],[34.76333103481164,31.254332356904136],[34.76543068795596,31.2543395439104],[34.76543903352435,31.25253576689145],[34.76333942029714,31.252528580393324]]]]}},{"type":"Feature","properties":{"X":34.76648136969343,"Y":31.253438573183292,"מספר_פוליגון":845,"גיל0_4":12.0,"גיל5_9":37.0,"גיל10_18":47.0,"גיל19_30":53.0,"גיל31_44":84.0,"גיל45_64":106.0,"גיל65_75":46.0,"גיל76פלוס":32.0,"Shape_Length":800.0,"Shape_Area":40000.0},"geometry":{"type":"MultiPolygon","coordinates":[[[[34.76543903352435,31.25253576689145],[34.76543068795596,31.2543395439104],[34.767530341851355,31.254346696622438],[34.767538647502576,31.25254291909777],[34.76543903352435,31.25253576689145]]]]}},{"type":"Feature","properties":{"X":34.76858100395698,"Y":31.253445708431432,"מספר_פוליגון":846,"גיל0_4":30.0,"גיל5_9":40.0,"גיל10_18":57.0,"גיל19_30":140.0,"גיל31_44":140.0,"גיל45_64":186.0,"גיל65_75":83.0,"גיל76פלוס":64.0,"Shape_Length":800.0000000055879,"Shape_Area":40000.00000055879},"geometry":{"type":"MultiPolygon","coordinates":[[[[34.767538647502576,31.25254291909777],[34.767530341851355,31.254346696622438],[34.769629996494295,31.254353815040172],[34.769638262228284,31.25255003701226],[34.767538647502576,31.25254291909777]]]]}},{"type":"Feature","properties":{"X":34.77068063896623,"Y":31.253452809386488,"מספר_פוליגון":847,"גיל0_4":15.0,"גיל5_9":22.0,"גיל10_18":31.0,"גיל19_30":77.0,"גיל31_44":60.0,"גיל45_64":80.0,"גיל65_75":36.0,"גיל76פלוס":22.0,"Shape_Length":800.0000000018626,"Shape_Area":40000.000000186265},"geometry":{"type":"MultiPolygon","coordinates":[[[[34.769638262228284,31.25255003701226],[34.769629996494295,31.254353815040172],[34.771729651881145,31.25436089916362],[34.77173787769784,31.252557120634826],[34.769638262228284,31.25255003701226]]]]}},{"type":"Feature","properties":{"X":34.7727802747176,"Y":31.25345987604842,"מספר_פוליגון":848,"גיל0_4":40.0,"גיל5_9":60.0,"גיל10_18":50.0,"גיל19_30":108.0,"גיל31_44":101.0,"גיל45_64":183.0,"גיל65_75":106.0,"גיל76פלוס":92.0,"Shape_Length":800.0000000055879,"Shape_Area":40000.00000055879},"geometry":{"type":"MultiPolygon","coordinates":[[[[34.77173787769784,31.252557120634826],[34.771729651881145,31.25436089916362],[34.773829308008345,31.25436794899269],[34.773837493907685,31.25256416996544],[34.77173787769784,31.252557120634826]]]]}},{"type":"Feature","properties":{"X":34.77487991120747,"Y":31.253466908417185,"מספר_פוליגון":849,"גיל0_4":9.0,"גיל5_9":17.0,"גיל10_18":18.0,"גיל19_30":43.0,"גיל31_44":37.0,"גיל45_64":54.0,"גיל65_75":59.0,"גיל76פלוס":46.0,"Shape_Length":800.0000000018626,"Shape_Area":40000.000000186265},"geometry":{"type":"MultiPolygon","coordinates":[[[[34.773837493907685,31.25256416996544],[34.773829308008345,31.25436794899269],[34.77592896487228,31.25437496452737],[34.77593711085423,31.252571185004104],[34.773837493907685,31.25256416996544]]]]}},{"type":"Feature","properties":{"X":34.77697954843227,"Y":31.253473906492744,"מספר_פוליגון":850,"גיל0_4":24.0,"גיל5_9":34.0,"גיל10_18":36.0,"גיל19_30":74.0,"גיל31_44":99.0,"גיל45_64":110.0,"גיל65_75":81.0,"גיל76פלוס":55.0,"Shape_Length":800.0000000055879,"Shape_Area":40000.00000055879},"geometry":{"type":"MultiPolygon","coordinates":[[[[34.77593711085423,31.252571185004104],[34.77592896487228,31.25437496452737],[34.77802862246941,31.254381945767573],[34.77803672853388,31.252578165750734],[34.77593711085423,31.252571185004104]]]]}},{"type":"Feature","properties":{"X":34.77907918638844,"Y":31.25348087027505,"מספר_פוליגון":851,"גיל0_4":33.0,"גיל5_9":39.0,"גיל10_18":45.0,"גיל19_30":62.0,"גיל31_44":77.0,"גיל45_64":96.0,"גיל65_75":62.0,"גיל76פלוס":27.0,"Shape_Length":800.0000000055879,"Shape_Area":40000.00000055879},"geometry":{"type":"MultiPolygon","coordinates":[[[[34.77803672853388,31.252578165750734],[34.77802862246941,31.254381945767573],[34.78012828079609,31.25438889271333],[34.78013634694306,31.252585112205303],[34.77803672853388,31.252578165750734]]]]}},{"type":"Feature","properties":{"X":34.78117882507233,"Y":31.25348779976406,"מספר_פוליגון":852,"גיל0_4":45.0,"גיל5_9":34.0,"גיל10_18":23.0,"גיל19_30":59.0,"גיל31_44":50.0,"גיל45_64":54.0,"גיל65_75":32.0,"גיל76פלוס":21.0,"Shape_Length":800.0,"Shape_Area":40000.0},"geometry":{"type":"MultiPolygon","coordinates":[[[[34.78013634694306,31.252585112205303],[34.78012828079609,31.25438889271333],[34.782227939848745,31.25439580536454],[34.78223596607813,31.252592024367747],[34.78013634694306,31.252585112205303]]]]}},{"type":"Feature","properties":{"X":34.78327846448038,"Y":31.253494694959734,"מספר_פוליגון":853,"גיל0_4":3.0,"גיל5_9":10.0,"גיל10_18":22.0,"גיל19_30":22.0,"גיל31_44":23.0,"גיל45_64":39.0,"גיל65_75":12.0,"גיל76פלוס":9.0,"Shape_Length":800.0000000055879,"Shape_Area":40000.00000055879},"geometry":{"type":"MultiPolygon","coordinates":[[[[34.78223596607813,31.252592024367747],[34.782227939848745,31.25439580536454],[34.78432759962382,31.254402683721185],[34.78433558593557,31.252598902238063],[34.78223596607813,31.252592024367747]]]]}},{"type":"Feature","properties":{"X":34.78537810460904,"Y":31.253501555862037,"מספר_פוליגון":854,"גיל0_4":null,"גיל5_9":null,"גיל10_18":1.0,"גיל19_30":1.0,"גיל31_44":null,"גיל45_64":2.0,"גיל65_75":null,"גיל76פלוס":null,"Shape_Length":800.0000000018626,"Shape_Area":40000.000000186265},"geometry":{"type":"MultiPolygon","coordinates":[[[[34.78433558593557,31.252598902238063],[34.78432759962382,31.254402683721185],[34.786427260117684,31.254409527783228],[34.786435206511754,31.25260574581618],[34.78433558593557,31.252598902238063]]]]}},{"type":"Feature","properties":{"X":34.78747774545466,"Y":31.253508382470923,"מספר_פוליגון":855,"גיל0_4":64.0,"גיל5_9":109.0,"גיל10_18":49.0,"גיל19_30":96.0,"גיל31_44":184.0,"גיל45_64":128.0,"גיל65_75":70.0,"גיל76פלוס":24.0,"Shape_Length":800.0000000055879,"Shape_Area":40000.00000055879},"geometry":{"type":"MultiPolygon","coordinates":[[[[34.786435206511754,31.25260574581618],[34.786427260117684,31.254409527783228],[34.7885269213268,31.254416337550598],[34.788534827803105,31.252612555102058],[34.786435206511754,31.25260574581618]]]]}},{"type":"Feature","properties":{"X":34.789577387013686,"Y":31.253515174786347,"מספר_פוליגון":856,"גיל0_4":14.0,"גיל5_9":47.0,"גיל10_18":26.0,"גיל19_30":56.0,"גיל31_44":66.0,"גיל45_64":77.0,"גיל65_75":48.0,"גיל76פלוס":38.0,"Shape_Length":800.0000000018626,"Shape_Area":40000.000000186265},"geometry":{"type":"MultiPolygon","coordinates":[[[[34.788534827803105,31.252612555102058],[34.7885269213268,31.254416337550598],[34.790626583247516,31.254423113023318],[34.79063444980603,31.252619330095694],[34.788534827803105,31.252612555102058]]]]}},{"type":"Feature","properties":{"X":34.791677029282525,"Y":31.253521932808283,"מספר_פוליגון":857,"גיל0_4":19.0,"גיל5_9":9.0,"גיל10_18":22.0,"גיל19_30":73.0,"גיל31_44":57.0,"גיל45_64":64.0,"גיל65_75":65.0,"גיל76פלוס":98.0,"Shape_Length":800.0000000055879,"Shape_Area":40000.00000055879},"geometry":{"type":"MultiPolygon","coordinates":[[[[34.79063444980603,31.252619330095694],[34.790626583247516,31.254423113023318],[34.7927262458763,31.25442985420127],[34.79273407251694,31.25262607079699],[34.79063444980603,31.252619330095694]]]]}},{"type":"Feature","properties":{"X":34.7937766722576,"Y":31.253528656536677,"מספר_פוליגון":858,"גיל0_4":13.0,"גיל5_9":15.0,"גיל10_18":16.0,"גיל19_30":73.0,"גיל31_44":46.0,"גיל45_64":57.0,"גיל65_75":28.0,"גיל76פלוס":35.0,"Shape_Length":800.0000000055879,"Shape_Area":40000.00000055879},"geometry":{"type":"MultiPolygon","coordinates":[[[[34.79273407251694,31.25262607079699],[34.7927262458763,31.25442985420127],[34.794825909209536,31.254436561084436],[34.79483369593226,31.252632777205967],[34.79273407251694,31.25262607079699]]]]}},{"type":"Feature","properties":{"X":34.79587631593529,"Y":31.253535345971486,"מספר_פוליגון":859,"גיל0_4":27.0,"גיל5_9":30.0,"גיל10_18":16.0,"גיל19_30":115.0,"גיל31_44":87.0,"גיל45_64":78.0,"גיל65_75":72.0,"גיל76פלוס":67.0,"Shape_Length":800.0,"Shape_Area":40000.0},"geometry":{"type":"MultiPolygon","coordinates":[[[[34.79483369593226,31.252632777205967],[34.794825909209536,31.254436561084436],[34.796925573243605,31.254443233672827],[34.79693332004837,31.252639449322537],[34.79483369593226,31.252632777205967]]]]}},{"type":"Feature","properties":{"X":34.79797596031202,"Y":31.253542001112677,"מספר_פוליגון":860,"גיל0_4":61.0,"גיל5_9":68.0,"גיל10_18":40.0,"גיל19_30":171.0,"גיל31_44":168.0,"גיל45_64":210.0,"גיל65_75":215.0,"גיל76פלוס":113.0,"Shape_Length":800.0000000055879,"Shape_Area":40000.00000055879},"geometry":{"type":"MultiPolygon","coordinates":[[[[34.79693332004837,31.252639449322537],[34.796925573243605,31.254443233672827],[34.79902523797498,31.254449871966347],[34.799032944861715,31.252646087146672],[34.79693332004837,31.252639449322537]]]]}},{"type":"Feature","properties":{"X":34.80007560538422,"Y":31.253548621960213,"מספר_פוליגון":861,"גיל0_4":null,"גיל5_9":null,"גיל10_18":null,"גיל19_30":null,"גיל31_44":null,"גיל45_64":null,"גיל65_75":null,"גיל76פלוס":null,"Shape_Length":800.0000000018626,"Shape_Area":40000.000000186265},"geometry":{"type":"MultiPolygon","coordinates":[[[[34.799032944861715,31.252646087146672],[34.79902523797498,31.254449871966347],[34.80112490340003,31.25445647596497],[34.80113257036868,31.252652690678325],[34.799032944861715,31.252646087146672]]]]}},{"type":"Feature","properties":{"X":34.802175251148284,"Y":31.253555208514054,"מספר_פוליגון":862,"גיל0_4":12.0,"גיל5_9":16.0,"גיל10_18":12.0,"גיל19_30":25.0,"גיל31_44":40.0,"גיל45_64":48.0,"גיל65_75":36.0,"גיל76פלוס":18.0,"Shape_Length":800.0000000055879,"Shape_Area":40000.00000055879},"geometry":{"type":"MultiPolygon","coordinates":[[[[34.80113257036868,31.252652690678325],[34.80112490340003,31.25445647596497],[34.8032245695152,31.254463045668672],[34.803232196565716,31.252659259917493],[34.80113257036868,31.252652690678325]]]]}},{"type":"Feature","properties":{"X":34.80427489760064,"Y":31.25356176077415,"מספר_פוליגון":863,"גיל0_4":14.0,"גיל5_9":18.0,"גיל10_18":21.0,"גיל19_30":49.0,"גיל31_44":38.0,"גיל45_64":52.0,"גיל65_75":26.0,"גיל76פלוס":15.0,"Shape_Length":800.0000000018626,"Shape_Area":40000.000000186265},"geometry":{"type":"MultiPolygon","coordinates":[[[[34.803232196565716,31.252659259917493],[34.8032245695152,31.254463045668672],[34.80532423631686,31.2544695810774],[34.805331823449194,31.2526657948641],[34.803232196565716,31.252659259917493]]]]}},{"type":"Feature","properties":{"X":34.806374544737686,"Y":31.253568278740467,"מספר_פוליגון":864,"גיל0_4":21.0,"גיל5_9":24.0,"גיל10_18":19.0,"גיל19_30":61.0,"גיל31_44":48.0,"גיל45_64":54.0,"גיל65_75":35.0,"גיל76פלוס":13.0,"Shape_Length":800.0000000055879,"Shape_Area":40000.00000055879},"geometry":{"type":"MultiPolygon","coordinates":[[[[34.805331823449194,31.2526657948641],[34.80532423631686,31.2544695810774],[34.807423903801464,31.254476082191104],[34.80743145101556,31.252672295518103],[34.805331823449194,31.2526657948641]]]]}},{"type":"Feature","properties":{"X":34.808474192555835,"Y":31.253574762412974,"מספר_פוליגון":865,"גיל0_4":17.0,"גיל5_9":26.0,"גיל10_18":39.0,"גיל19_30":65.0,"גיל31_44":43.0,"גיל45_64":61.0,"גיל65_75":18.0,"גיל76פלוס":15.0,"Shape_Length":800.0000000055879,"Shape_Area":40000.00000055879},"geometry":{"type":"MultiPolygon","coordinates":[[[[34.80743145101556,31.252672295518103],[34.807423903801464,31.254476082191104],[34.8095235719654,31.254482549009783],[34.8095310792612,31.252678761879494],[34.80743145101556,31.252672295518103]]]]}},{"type":"Feature","properties":{"X":34.810573841051486,"Y":31.25358121179163,"מספר_פוליגון":866,"גיל0_4":7.0,"גיל5_9":14.0,"גיל10_18":21.0,"גיל19_30":44.0,"גיל31_44":52.0,"גיל45_64":75.0,"גיל65_75":52.0,"גיל76פלוס":39.0,"Shape_Length":800.0,"Shape_Area":40000.0},"geometry":{"type":"MultiPolygon","coordinates":[[[[34.8095310792612,31.252678761879494],[34.8095235719654,31.254482549009783],[34.811623240805055,31.254488981533374],[34.8116307081825,31.252685193948203],[34.8095310792612,31.252678761879494]]]]}},{"type":"Feature","properties":{"X":34.812673490221066,"Y":31.25358762687639,"מספר_פוליגון":867,"גיל0_4":8.0,"גיל5_9":13.0,"גיל10_18":18.0,"גיל19_30":18.0,"גיל31_44":21.0,"גיל45_64":21.0,"גיל65_75":10.0,"גיל76פלוס":8.0,"Shape_Length":800.0000000055879,"Shape_Area":40000.00000055879},"geometry":{"type":"MultiPolygon","coordinates":[[[[34.8116307081825,31.252685193948203],[34.811623240805055,31.254488981533374],[34.81372291031688,31.25449537976182],[34.81373033777592,31.252691591724236],[34.8116307081825,31.252685193948203]]]]}},{"type":"Feature","properties":{"X":34.81477314006099,"Y":31.253594007667214,"מספר_פוליגון":868,"גיל0_4":null,"גיל5_9":null,"גיל10_18":null,"גיל19_30":null,"גיל31_44":null,"גיל45_64":null,"גיל65_75":null,"גיל76פלוס":null,"Shape_Length":800.0000000018626,"Shape_Area":40000.000000186265},"geometry":{"type":"MultiPolygon","coordinates":[[[[34.81373033777592,31.252691591724236],[34.81372291031688,31.25449537976182],[34.815822580497276,31.2545017436951],[34.81582996803787,31.252697955207502],[34.81373033777592,31.252691591724236]]]]}},{"type":"Feature","properties":{"X":34.816872790567665,"Y":31.25360035416407,"מספר_פוליגון":869,"גיל0_4":null,"גיל5_9":null,"גיל10_18":null,"גיל19_30":null,"גיל31_44":null,"גיל45_64":null,"גיל65_75":null,"גיל76פלוס":null,"Shape_Length":800.0000000055879,"Shape_Area":40000.00000055879},"geometry":{"type":"MultiPolygon","coordinates":[[[[34.81582996803787,31.252697955207502],[34.815822580497276,31.2545017436951],[34.81792225134266,31.254508073333195],[34.81792959896474,31.252704284397975],[34.81582996803787,31.252697955207502]]]]}},{"type":"Feature","properties":{"X":34.8189724417375,"Y":31.25360666636692,"מספר_פוליגון":870,"גיל0_4":null,"גיל5_9":null,"גיל10_18":null,"גיל19_30":null,"גיל31_44":null,"גיל45_64":null,"גיל65_75":null,"גיל76פלוס":null,"Shape_Length":800.0,"Shape_Area":40000.0},"geometry":{"type":"MultiPolygon","coordinates":[[[[34.81792959896474,31.252704284397975],[34.81792225134266,31.254508073333195],[34.8200219228494,31.25451436867604],[34.82002923055293,31.252710579295677],[34.81792959896474,31.252704284397975]]]]}},{"type":"Feature","properties":{"X":34.8210720935669,"Y":31.25361294427572,"מספר_פוליגון":871,"גיל0_4":null,"גיל5_9":null,"גיל10_18":null,"גיל19_30":null,"גיל31_44":null,"גיל45_64":null,"גיל65_75":null,"גיל76פלוס":null,"Shape_Length":800.0000000055879,"Shape_Area":40000.00000055879},"geometry":{"type":"MultiPolygon","coordinates":[[[[34.82002923055293,31.252710579295677],[34.8200219228494,31.25451436867604],[34.822121595014,31.254520629723594],[34.82212886279891,31.25271683990048],[34.82002923055293,31.252710579295677]]]]}},{"type":"Feature","properties":{"X":34.823171746052296,"Y":31.253619187890436,"מספר_פוליגון":872,"גיל0_4":null,"גיל5_9":null,"גיל10_18":null,"גיל19_30":null,"גיל31_44":null,"גיל45_64":null,"גיל65_75":null,"גיל76פלוס":null,"Shape_Length":800.0000000074506,"Shape_Area":40000.00000074506},"geometry":{"type":"MultiPolygon","coordinates":[[[[34.82212886279891,31.25271683990048],[34.822121595014,31.254520629723594],[34.8242212678328,31.254526856475856],[34.824228495699046,31.2527230662124],[34.82212886279891,31.25271683990048]]]]}},{"type":"Feature","properties":{"X":34.825271399190086,"Y":31.25362539721103,"מספר_פוליגון":873,"גיל0_4":null,"גיל5_9":null,"גיל10_18":null,"גיל19_30":null,"גיל31_44":null,"גיל45_64":null,"גיל65_75":null,"גיל76פלוס":null,"Shape_Length":800.0,"Shape_Area":40000.0},"geometry":{"type":"MultiPolygon","coordinates":[[[[34.824228495699046,31.2527230662124],[34.8242212678328,31.254526856475856],[34.826320941302185,31.254533048932753],[34.826328129249724,31.252729258231376],[34.824228495699046,31.2527230662124]]]]}},{"type":"Feature","properties":{"X":34.82737105297668,"Y":31.253631572237467,"מספר_פוליגון":874,"גיל0_4":null,"גיל5_9":null,"גיל10_18":null,"גיל19_30":null,"גיל31_44":null,"גיל45_64":null,"גיל65_75":null,"גיל76פלוס":null,"Shape_Length":800.0000000055879,"Shape_Area":40000.00000055879},"geometry":{"type":"MultiPolygon","coordinates":[[[[34.826328129249724,31.252729258231376],[34.826320941302185,31.254533048932753],[34.828420615418636,31.254539207094254],[34.828427763447415,31.252735415957396],[34.826328129249724,31.252729258231376]]]]}},{"type":"Feature","properties":{"X":34.74967567760152,"Y":31.255184029557928,"מספר_פוליגון":875,"גיל0_4":null,"גיל5_9":null,"גיל10_18":null,"גיל19_30":null,"גיל31_44":null,"גיל45_64":null,"גיל65_75":null,"גיל76פלוס":null,"Shape_Length":799.9999999962747,"Shape_Area":39999.99999962747},"geometry":{"type":"MultiPolygon","coordinates":[[[[34.74863348413386,31.254281087625486],[34.74862481845042,31.256084860002705],[34.750724506156786,31.25609228759246],[34.750733131919944,31.254288514690142],[34.74863348413386,31.254281087625486]]]]}},{"type":"Feature","properties":{"X":34.75177534568884,"Y":31.255191439673045,"מספר_פוליגון":876,"גיל0_4":null,"גיל5_9":null,"גיל10_18":null,"גיל19_30":null,"גיל31_44":null,"גיל45_64":null,"גיל65_75":null,"גיל76פלוס":null,"Shape_Length":800.0000000018626,"Shape_Area":40000.000000186265},"geometry":{"type":"MultiPolygon","coordinates":[[[[34.750733131919944,31.254288514690142],[34.750724506156786,31.25609228759246],[34.75282419463946,31.25609968088587],[34.752832780482265,31.254295907460882],[34.750733131919944,31.254288514690142]]]]}},{"type":"Feature","properties":{"X":34.75387501455065,"Y":31.255198815493014,"מספר_פוליגון":877,"גיל0_4":35.0,"גיל5_9":56.0,"גיל10_18":15.0,"גיל19_30":15.0,"גיל31_44":81.0,"גיל45_64":20.0,"גיל65_75":1.0,"גיל76פלוס":null,"Shape_Length":800.0000000018626,"Shape_Area":40000.000000186265},"geometry":{"type":"MultiPolygon","coordinates":[[[[34.752832780482265,31.254295907460882],[34.75282419463946,31.25609968088587],[34.754923883894826,31.2561070398829],[34.75493242981724,31.254303265937654],[34.752832780482265,31.254295907460882]]]]}},{"type":"Feature","properties":{"X":34.755974684183315,"Y":31.255206157017774,"מספר_פוליגון":878,"גיל0_4":88.0,"גיל5_9":128.0,"גיל10_18":51.0,"גיל19_30":55.0,"גיל31_44":176.0,"גיל45_64":54.0,"גיל65_75":5.0,"גיל76פלוס":null,"Shape_Length":799.9999999981374,"Shape_Area":39999.999999813735},"geometry":{"type":"MultiPolygon","coordinates":[[[[34.75493242981724,31.254303265937654],[34.754923883894826,31.2561070398829],[34.75702357391927,31.25611436458347],[34.757032079921224,31.254310590120397],[34.75493242981724,31.254303265937654]]]]}},{"type":"Feature","properties":{"X":34.758074354583265,"Y":31.255213464247287,"מספר_פוליגון":879,"גיל0_4":null,"גיל5_9":null,"גיל10_18":null,"גיל19_30":null,"גיל31_44":null,"גיל45_64":null,"גיל65_75":null,"גיל76פלוס":null,"Shape_Length":800.0000000018626,"Shape_Area":40000.000000186265},"geometry":{"type":"MultiPolygon","coordinates":[[[[34.757032079921224,31.254310590120397],[34.75702357391927,31.25611436458347],[34.75912326470927,31.25612165498758],[34.75913173079069,31.254317880009104],[34.757032079921224,31.254310590120397]]]]}},{"type":"Feature","properties":{"X":34.76017402574691,"Y":31.25522073718152,"מספר_פוליגון":880,"גיל0_4":null,"גיל5_9":5.0,"גיל10_18":8.0,"גיל19_30":5.0,"גיל31_44":8.0,"גיל45_64":23.0,"גיל65_75":9.0,"גיל76פלוס":7.0,"Shape_Length":799.9999999981374,"Shape_Area":39999.999999813735},"geometry":{"type":"MultiPolygon","coordinates":[[[[34.75913173079069,31.254317880009104],[34.75912326470927,31.25612165498758],[34.761222956261165,31.256128911095153],[34.76123138242202,31.254325135603697],[34.75913173079069,31.254317880009104]]]]}},{"type":"Feature","properties":{"X":34.762273697670665,"Y":31.255227975820418,"מספר_פוליגון":881,"גיל0_4":15.0,"גיל5_9":22.0,"גיל10_18":30.0,"גיל19_30":67.0,"גיל31_44":69.0,"גיל45_64":83.0,"גיל65_75":55.0,"גיל76פלוס":30.0,"Shape_Length":800.0000000018626,"Shape_Area":40000.000000186265},"geometry":{"type":"MultiPolygon","coordinates":[[[[34.76123138242202,31.254325135603697],[34.761222956261165,31.256128911095153],[34.76332264857144,31.25613613290617],[34.76333103481164,31.254332356904136],[34.76123138242202,31.254325135603697]]]]}},{"type":"Feature","properties":{"X":34.76437337035095,"Y":31.25523518016394,"מספר_פוליגון":882,"גיל0_4":20.0,"גיל5_9":29.0,"גיל10_18":43.0,"גיל19_30":91.0,"גיל31_44":104.0,"גיל45_64":155.0,"גיל65_75":97.0,"גיל76פלוס":64.0,"Shape_Length":800.0000000018626,"Shape_Area":40000.000000186265},"geometry":{"type":"MultiPolygon","coordinates":[[[[34.76333103481164,31.254332356904136],[34.76332264857144,31.25613613290617],[34.76542234163645,31.256143320420577],[34.76543068795596,31.2543395439104],[34.76333103481164,31.254332356904136]]]]}},{"type":"Feature","properties":{"X":34.76647304378415,"Y":31.255242350212047,"מספר_פוליגון":883,"גיל0_4":42.0,"גיל5_9":71.0,"גיל10_18":53.0,"גיל19_30":134.0,"גיל31_44":187.0,"גיל45_64":195.0,"גיל65_75":112.0,"גיל76פלוס":86.0,"Shape_Length":799.9999999962747,"Shape_Area":39999.99999962747},"geometry":{"type":"MultiPolygon","coordinates":[[[[34.76543068795596,31.2543395439104],[34.76542234163645,31.256143320420577],[34.76752203545261,31.256150473638318],[34.767530341851355,31.254346696622438],[34.76543068795596,31.2543395439104]]]]}},{"type":"Feature","properties":{"X":34.76857271796669,"Y":31.255249485964697,"מספר_פוליגון":884,"גיל0_4":10.0,"גיל5_9":18.0,"גיל10_18":24.0,"גיל19_30":51.0,"גיל31_44":47.0,"גיל45_64":94.0,"גיל65_75":57.0,"גיל76פלוס":72.0,"Shape_Length":800.0000000018626,"Shape_Area":40000.000000186265},"geometry":{"type":"MultiPolygon","coordinates":[[[[34.767530341851355,31.254346696622438],[34.76752203545261,31.256150473638318],[34.76962173001637,31.25615759255939],[34.769629996494295,31.254353815040172],[34.767530341851355,31.254346696622438]]]]}},{"type":"Feature","properties":{"X":34.770672392894994,"Y":31.255256587421837,"מספר_פוליגון":885,"גיל0_4":20.0,"גיל5_9":32.0,"גיל10_18":25.0,"גיל19_30":68.0,"גיל31_44":96.0,"גיל45_64":122.0,"גיל65_75":51.0,"גיל76פלוס":42.0,"Shape_Length":799.9999999981374,"Shape_Area":39999.999999813735},"geometry":{"type":"MultiPolygon","coordinates":[[[[34.769629996494295,31.254353815040172],[34.76962173001637,31.25615759255939],[34.771721425324095,31.25616467718369],[34.771729651881145,31.25436089916362],[34.769629996494295,31.254353815040172]]]]}},{"type":"Feature","properties":{"X":34.77277206856545,"Y":31.255263654583434,"מספר_פוליגון":886,"גיל0_4":24.0,"גיל5_9":36.0,"גיל10_18":33.0,"גיל19_30":83.0,"גיל31_44":99.0,"גיל45_64":136.0,"גיל65_75":84.0,"גיל76פלוס":81.0,"Shape_Length":800.0000000018626,"Shape_Area":40000.000000186265},"geometry":{"type":"MultiPolygon","coordinates":[[[[34.771729651881145,31.25436089916362],[34.771721425324095,31.25616467718369],[34.77382112137222,31.256171727511227],[34.773829308008345,31.25436794899269],[34.771729651881145,31.25436089916362]]]]}},{"type":"Feature","properties":{"X":34.774871744974504,"Y":31.25527068744944,"מספר_פוליגון":887,"גיל0_4":44.0,"גיל5_9":43.0,"גיל10_18":50.0,"גיל19_30":90.0,"גיל31_44":124.0,"גיל45_64":161.0,"גיל65_75":72.0,"גיל76פלוס":91.0,"Shape_Length":799.9999999981374,"Shape_Area":39999.999999813735},"geometry":{"type":"MultiPolygon","coordinates":[[[[34.773829308008345,31.25436794899269],[34.77382112137222,31.256171727511227],[34.77592081815716,31.25617874354194],[34.77592896487228,31.25437496452737],[34.773829308008345,31.25436794899269]]]]}},{"type":"Feature","properties":{"X":34.776971422118535,"Y":31.25527768601982,"מספר_פוליגון":888,"גיל0_4":14.0,"גיל5_9":42.0,"גיל10_18":46.0,"גיל19_30":86.0,"גיל31_44":106.0,"גיל45_64":157.0,"גיל65_75":78.0,"גיל76פלוס":66.0,"Shape_Length":800.0000000018626,"Shape_Area":40000.000000186265},"geometry":{"type":"MultiPolygon","coordinates":[[[[34.77592896487228,31.25437496452737],[34.77592081815716,31.25617874354194],[34.778020515675344,31.25618572527577],[34.77802862246941,31.254381945767573],[34.77592896487228,31.25437496452737]]]]}},{"type":"Feature","properties":{"X":34.77907109999397,"Y":31.255284650294534,"מספר_פוליגון":889,"גיל0_4":18.0,"גיל5_9":27.0,"גיל10_18":27.0,"גיל19_30":51.0,"גיל31_44":64.0,"גיל45_64":80.0,"גיל65_75":51.0,"גיל76פלוס":42.0,"Shape_Length":800.0000000018626,"Shape_Area":40000.000000186265},"geometry":{"type":"MultiPolygon","coordinates":[[[[34.77802862246941,31.254381945767573],[34.778020515675344,31.25618572527577],[34.78012021392314,31.256192672712725],[34.78012828079609,31.25438889271333],[34.77802862246941,31.254381945767573]]]]}},{"type":"Feature","properties":{"X":34.78117077859721,"Y":31.25529158027352,"מספר_פוליגון":890,"גיל0_4":16.0,"גיל5_9":34.0,"גיל10_18":30.0,"גיל19_30":84.0,"גיל31_44":140.0,"גיל45_64":148.0,"גיל65_75":83.0,"גיל76פלוס":105.0,"Shape_Length":799.9999999962747,"Shape_Area":39999.99999962747},"geometry":{"type":"MultiPolygon","coordinates":[[[[34.78012828079609,31.25438889271333],[34.78012021392314,31.256192672712725],[34.782219912896956,31.2561995858527],[34.782227939848745,31.25439580536454],[34.78012828079609,31.25438889271333]]]]}},{"type":"Feature","properties":{"X":34.78327045792466,"Y":31.25529847595675,"מספר_פוליגון":891,"גיל0_4":124.0,"גיל5_9":147.0,"גיל10_18":106.0,"גיל19_30":194.0,"גיל31_44":285.0,"גיל45_64":198.0,"גיל65_75":70.0,"גיל76פלוס":22.0,"Shape_Length":800.0000000018626,"Shape_Area":40000.000000186265},"geometry":{"type":"MultiPolygon","coordinates":[[[[34.782227939848745,31.25439580536454],[34.782219912896956,31.2561995858527],[34.784319612593265,31.256206464695705],[34.78432759962382,31.254402683721185],[34.782227939848745,31.25439580536454]]]]}},{"type":"Feature","properties":{"X":34.785370137972755,"Y":31.25530533734419,"מספר_פוליגון":892,"גיל0_4":null,"גיל5_9":null,"גיל10_18":null,"גיל19_30":null,"גיל31_44":null,"גיל45_64":null,"גיל65_75":null,"גיל76פלוס":null,"Shape_Length":799.9999999981374,"Shape_Area":39999.999999813735},"geometry":{"type":"MultiPolygon","coordinates":[[[[34.78432759962382,31.254402683721185],[34.784319612593265,31.256206464695705],[34.78641931300841,31.25621330924167],[34.786427260117684,31.254409527783228],[34.78432759962382,31.254402683721185]]]]}},{"type":"Feature","properties":{"X":34.78746981873789,"Y":31.25531216443579,"מספר_פוליגון":893,"גיל0_4":34.0,"גיל5_9":52.0,"גיל10_18":21.0,"גיל19_30":27.0,"גיל31_44":80.0,"גיל45_64":41.0,"גיל65_75":15.0,"גיל76פלוס":6.0,"Shape_Length":800.0000000018626,"Shape_Area":40000.000000186265},"geometry":{"type":"MultiPolygon","coordinates":[[[[34.786427260117684,31.254409527783228],[34.78641931300841,31.25621330924167],[34.78851901413885,31.256220119490568],[34.7885269213268,31.254416337550598],[34.786427260117684,31.254409527783228]]]]}},{"type":"Feature","properties":{"X":34.78956950021648,"Y":31.255318957231506,"מספר_פוליגון":894,"גיל0_4":11.0,"גיל5_9":24.0,"גיל10_18":11.0,"גיל19_30":53.0,"גיל31_44":55.0,"גיל45_64":61.0,"גיל65_75":38.0,"גיל76פלוס":53.0,"Shape_Length":799.9999999981374,"Shape_Area":39999.999999813735},"geometry":{"type":"MultiPolygon","coordinates":[[[[34.7885269213268,31.254416337550598],[34.78851901413885,31.256220119490568],[34.79061871598097,31.256226895442364],[34.790626583247516,31.254423113023318],[34.7885269213268,31.254416337550598]]]]}},{"type":"Feature","properties":{"X":34.791669182404945,"Y":31.255325715731313,"מספר_פוליגון":895,"גיל0_4":23.0,"גיל5_9":36.0,"גיל10_18":29.0,"גיל19_30":77.0,"גיל31_44":80.0,"גיל45_64":91.0,"גיל65_75":47.0,"גיל76פלוס":37.0,"Shape_Length":800.0000000018626,"Shape_Area":40000.000000186265},"geometry":{"type":"MultiPolygon","coordinates":[[[[34.790626583247516,31.254423113023318],[34.79061871598097,31.256226895442364],[34.79271841853119,31.256233637096976],[34.7927262458763,31.25442985420127],[34.790626583247516,31.254423113023318]]]]}},{"type":"Feature","properties":{"X":34.79376886529969,"Y":31.255332439935156,"מספר_פוליגון":896,"גיל0_4":18.0,"גיל5_9":13.0,"גיל10_18":13.0,"גיל19_30":65.0,"גיל31_44":60.0,"גיל45_64":58.0,"גיל65_75":37.0,"גיל76פלוס":39.0,"Shape_Length":800.0000000018626,"Shape_Area":40000.000000186265},"geometry":{"type":"MultiPolygon","coordinates":[[[[34.7927262458763,31.25442985420127],[34.79271841853119,31.256233637096976],[34.79481812178594,31.256240344454415],[34.794825909209536,31.254436561084436],[34.7927262458763,31.25442985420127]]]]}},{"type":"Feature","properties":{"X":34.79586854889712,"Y":31.255339129842998,"מספר_פוליגון":897,"גיל0_4":20.0,"גיל5_9":7.0,"גיל10_18":5.0,"גיל19_30":125.0,"גיל31_44":44.0,"גיל45_64":36.0,"גיל65_75":36.0,"גיל76פלוס":23.0,"Shape_Length":799.9999999962747,"Shape_Area":39999.99999962747},"geometry":{"type":"MultiPolygon","coordinates":[[[[34.794825909209536,31.254436561084436],[34.79481812178594,31.256240344454415],[34.79691782574156,31.256247017514625],[34.796925573243605,31.254443233672827],[34.794825909209536,31.254436561084436]]]]}},{"type":"Feature","properties":{"X":34.79796823319364,"Y":31.255345785454804,"מספר_פוליגון":898,"גיל0_4":20.0,"גיל5_9":32.0,"גיל10_18":18.0,"גיל19_30":66.0,"גיל31_44":64.0,"גיל45_64":68.0,"גיל65_75":72.0,"גיל76פלוס":49.0,"Shape_Length":800.0000000018626,"Shape_Area":40000.000000186265},"geometry":{"type":"MultiPolygon","coordinates":[[[[34.796925573243605,31.254443233672827],[34.79691782574156,31.256247017514625],[34.79901753039455,31.25625365627755],[34.79902523797498,31.254449871966347],[34.796925573243605,31.254443233672827]]]]}},{"type":"Feature","properties":{"X":34.80006791818568,"Y":31.255352406770534,"מספר_פוליגון":899,"גיל0_4":3.0,"גיל5_9":null,"גיל10_18":null,"גיל19_30":5.0,"גיל31_44":2.0,"גיל45_64":null,"גיל65_75":null,"גיל76פלוס":1.0,"Shape_Length":799.9999999981374,"Shape_Area":39999.999999813735},"geometry":{"type":"MultiPolygon","coordinates":[[[[34.79902523797498,31.254449871966347],[34.79901753039455,31.25625365627755],[34.80111723574128,31.25626026074316],[34.80112490340003,31.25445647596497],[34.79902523797498,31.254449871966347]]]]}},{"type":"Feature","properties":{"X":34.80216760386965,"Y":31.255358993790136,"מספר_פוליגון":900,"גיל0_4":52.0,"גיל5_9":33.0,"גיל10_18":20.0,"גיל19_30":117.0,"גיל31_44":113.0,"גיל45_64":53.0,"גיל65_75":47.0,"גיל76פלוס":20.0,"Shape_Length":800.0000000018626,"Shape_Area":40000.000000186265},"geometry":{"type":"MultiPolygon","coordinates":[[[[34.80112490340003,31.25445647596497],[34.80111723574128,31.25626026074316],[34.80321694177816,31.25626683091142],[34.8032245695152,31.254463045668672],[34.80112490340003,31.25445647596497]]]]}},{"type":"Feature","properties":{"X":34.80426729024195,"Y":31.255365546513577,"מספר_פוליגון":901,"גיל0_4":30.0,"גיל5_9":32.0,"גיל10_18":21.0,"גיל19_30":50.0,"גיל31_44":68.0,"גיל45_64":73.0,"גיל65_75":65.0,"גיל76פלוס":89.0,"Shape_Length":799.9999999981374,"Shape_Area":39999.999999813735},"geometry":{"type":"MultiPolygon","coordinates":[[[[34.8032245695152,31.254463045668672],[34.80321694177816,31.25626683091142],[34.8053166485016,31.25627336678228],[34.80532423631686,31.2544695810774],[34.8032245695152,31.254463045668672]]]]}},{"type":"Feature","properties":{"X":34.80636697729899,"Y":31.255372064940815,"מספר_פוליגון":902,"גיל0_4":14.0,"גיל5_9":16.0,"גיל10_18":7.0,"גיל19_30":27.0,"גיל31_44":30.0,"גיל45_64":37.0,"גיל65_75":39.0,"גיל76פלוס":18.0,"Shape_Length":800.0000000018626,"Shape_Area":40000.000000186265},"geometry":{"type":"MultiPolygon","coordinates":[[[[34.80532423631686,31.2544695810774],[34.8053166485016,31.25627336678228],[34.80741635590803,31.25627986835573],[34.807423903801464,31.254476082191104],[34.80532423631686,31.2544695810774]]]]}},{"type":"Feature","properties":{"X":34.8084666650372,"Y":31.25537854907182,"מספר_פוליגון":903,"גיל0_4":33.0,"גיל5_9":33.0,"גיל10_18":50.0,"גיל19_30":129.0,"גיל31_44":88.0,"גיל45_64":97.0,"גיל65_75":41.0,"גיל76פלוס":29.0,"Shape_Length":800.0000000018626,"Shape_Area":40000.000000186265},"geometry":{"type":"MultiPolygon","coordinates":[[[[34.807423903801464,31.254476082191104],[34.80741635590803,31.25627986835573],[34.80951606399385,31.25628633563169],[34.8095235719654,31.254482549009783],[34.807423903801464,31.254476082191104]]]]}},{"type":"Feature","properties":{"X":34.81056635345296,"Y":31.255384998906557,"מספר_פוליגון":904,"גיל0_4":23.0,"גיל5_9":48.0,"גיל10_18":46.0,"גיל19_30":107.0,"גיל31_44":108.0,"גיל45_64":95.0,"גיל65_75":54.0,"גיל76פלוס":34.0,"Shape_Length":799.9999999962747,"Shape_Area":39999.99999962747},"geometry":{"type":"MultiPolygon","coordinates":[[[[34.8095235719654,31.254482549009783],[34.80951606399385,31.25628633563169],[34.811615772755445,31.25629276861013],[34.811623240805055,31.254488981533374],[34.8095235719654,31.254482549009783]]]]}},{"type":"Feature","properties":{"X":34.812666042542716,"Y":31.255391414444976,"מספר_פוליגון":905,"גיל0_4":7.0,"גיל5_9":7.0,"גיל10_18":5.0,"גיל19_30":14.0,"גיל31_44":10.0,"גיל45_64":20.0,"גיל65_75":10.0,"גיל76פלוס":11.0,"Shape_Length":800.0000000018626,"Shape_Area":40000.000000186265},"geometry":{"type":"MultiPolygon","coordinates":[[[[34.811623240805055,31.254488981533374],[34.811615772755445,31.25629276861013],[34.813715482189274,31.256299167291044],[34.81372291031688,31.25449537976182],[34.811623240805055,31.254488981533374]]]]}},{"type":"Feature","properties":{"X":34.81476573230285,"Y":31.255397795687035,"מספר_פוליגון":906,"גיל0_4":null,"גיל5_9":null,"גיל10_18":null,"גיל19_30":null,"גיל31_44":null,"גיל45_64":null,"גיל65_75":null,"גיל76פלוס":null,"Shape_Length":799.9999999981374,"Shape_Area":39999.999999813735},"geometry":{"type":"MultiPolygon","coordinates":[[[[34.81372291031688,31.25449537976182],[34.813715482189274,31.256299167291044],[34.8158151922917,31.256305531674354],[34.815822580497276,31.2545017436951],[34.81372291031688,31.25449537976182]]]]}},{"type":"Feature","properties":{"X":34.8168654227298,"Y":31.25540414263271,"מספר_פוליגון":907,"גיל0_4":null,"גיל5_9":null,"גיל10_18":null,"גיל19_30":null,"גיל31_44":null,"גיל45_64":null,"גיל65_75":1.0,"גיל76פלוס":null,"Shape_Length":800.0000000018626,"Shape_Area":40000.000000186265},"geometry":{"type":"MultiPolygon","coordinates":[[[[34.815822580497276,31.2545017436951],[34.8158151922917,31.256305531674354],[34.81791490305918,31.256311861760057],[34.81792225134266,31.254508073333195],[34.815822580497276,31.2545017436951]]]]}},{"type":"Feature","properties":{"X":34.81896511381995,"Y":31.255410455281954,"מספר_פוליגון":908,"גיל0_4":null,"גיל5_9":null,"גיל10_18":null,"גיל19_30":null,"גיל31_44":null,"גיל45_64":null,"גיל65_75":null,"גיל76פלוס":null,"Shape_Length":799.9999999962747,"Shape_Area":39999.99999962747},"geometry":{"type":"MultiPolygon","coordinates":[[[[34.81792225134266,31.254508073333195],[34.81791490305918,31.256311861760057],[34.82001461448807,31.2563181575481],[34.8200219228494,31.25451436867604],[34.81792225134266,31.254508073333195]]]]}},{"type":"Feature","properties":{"X":34.821064805569726,"Y":31.25541673363473,"מספר_פוליגון":909,"גיל0_4":null,"גיל5_9":null,"גיל10_18":null,"גיל19_30":null,"גיל31_44":null,"גיל45_64":null,"גיל65_75":null,"גיל76פלוס":null,"Shape_Length":800.0000000018626,"Shape_Area":40000.000000186265},"geometry":{"type":"MultiPolygon","coordinates":[[[[34.8200219228494,31.25451436867604],[34.82001461448807,31.2563181575481],[34.82211432657487,31.25632441903843],[34.822121595014,31.254520629723594],[34.8200219228494,31.25451436867604]]]]}},{"type":"Feature","properties":{"X":34.823164497975554,"Y":31.255422977691005,"מספר_פוליגון":910,"גיל0_4":null,"גיל5_9":null,"גיל10_18":null,"גיל19_30":null,"גיל31_44":null,"גיל45_64":null,"גיל65_75":null,"גיל76פלוס":null,"Shape_Length":800.0000000037253,"Shape_Area":40000.00000037253},"geometry":{"type":"MultiPolygon","coordinates":[[[[34.822121595014,31.254520629723594],[34.82211432657487,31.25632441903843],[34.82421403931592,31.256330646231028],[34.8242212678328,31.254526856475856],[34.822121595014,31.254520629723594]]]]}},{"type":"Feature","properties":{"X":34.825264191033824,"Y":31.25542918745073,"מספר_פוליגון":911,"גיל0_4":null,"גיל5_9":null,"גיל10_18":null,"גיל19_30":null,"גיל31_44":null,"גיל45_64":null,"גיל65_75":null,"גיל76פלוס":null,"Shape_Length":799.9999999962747,"Shape_Area":39999.99999962747},"geometry":{"type":"MultiPolygon","coordinates":[[[[34.8242212678328,31.254526856475856],[34.82421403931592,31.256330646231028],[34.826313752707605,31.25633683912586],[34.826320941302185,31.254533048932753],[34.8242212678328,31.254526856475856]]]]}},{"type":"Feature","properties":{"X":34.82736388474093,"Y":31.25543536291387,"מספר_פוליגון":912,"גיל0_4":null,"גיל5_9":null,"גיל10_18":null,"גיל19_30":null,"גיל31_44":null,"גיל45_64":null,"גיל65_75":null,"גיל76פלוס":null,"Shape_Length":800.0000000018626,"Shape_Area":40000.000000186265},"geometry":{"type":"MultiPolygon","coordinates":[[[[34.826320941302185,31.254533048932753],[34.826313752707605,31.25633683912586],[34.82841346674641,31.256342997722857],[34.828420615418636,31.254539207094254],[34.826320941302185,31.254533048932753]]]]}},{"type":"Feature","properties":{"X":34.749667031564414,"Y":31.25698780195456,"מספר_פוליגון":913,"גיל0_4":null,"גיל5_9":null,"גיל10_18":null,"גיל19_30":null,"גיל31_44":null,"גיל45_64":null,"גיל65_75":null,"גיל76פלוס":null,"Shape_Length":800.0,"Shape_Area":40000.0},"geometry":{"type":"MultiPolygon","coordinates":[[[[34.74862481845042,31.256084860002705],[34.74861615198713,31.257888631870994],[34.75071587961736,31.257896059985875],[34.750724506156786,31.25609228759246],[34.74862481845042,31.256084860002705]]]]}},{"type":"Feature","properties":{"X":34.75176673957383,"Y":31.25699521259357,"מספר_פוליגון":914,"גיל0_4":null,"גיל5_9":null,"גיל10_18":null,"גיל19_30":null,"גיל31_44":null,"גיל45_64":null,"גיל65_75":null,"גיל76פלוס":null,"Shape_Length":800.0000000055879,"Shape_Area":40000.00000055879},"geometry":{"type":"MultiPolygon","coordinates":[[[[34.750724506156786,31.25609228759246],[34.75071587961736,31.257896059985875],[34.752815608023944,31.257903453801966],[34.75282419463946,31.25609968088587],[34.750724506156786,31.25609228759246]]]]}},{"type":"Feature","properties":{"X":34.7538664483578,"Y":31.25700258893501,"מספר_פוליגון":915,"גיל0_4":77.0,"גיל5_9":145.0,"גיל10_18":67.0,"גיל19_30":49.0,"גיל31_44":206.0,"גיל45_64":63.0,"גיל65_75":14.0,"גיל76פלוס":5.0,"Shape_Length":800.0000000055879,"Shape_Area":40000.00000055879},"geometry":{"type":"MultiPolygon","coordinates":[[[[34.75282419463946,31.25609968088587],[34.752815608023944,31.257903453801966],[34.75491533720331,31.257910813319256],[34.754923883894826,31.2561070398829],[34.75282419463946,31.25609968088587]]]]}},{"type":"Feature","properties":{"X":34.75596615791269,"Y":31.25700993097883,"מספר_פוליגון":916,"גיל0_4":97.0,"גיל5_9":147.0,"גיל10_18":44.0,"גיל19_30":48.0,"גיל31_44":177.0,"גיל45_64":54.0,"גיל65_75":5.0,"גיל76פלוס":1.0,"Shape_Length":800.0000000018626,"Shape_Area":40000.000000186265},"geometry":{"type":"MultiPolygon","coordinates":[[[[34.754923883894826,31.2561070398829],[34.75491533720331,31.257910813319256],[34.75701506715182,31.257918138537697],[34.75702357391927,31.25611436458347],[34.754923883894826,31.2561070398829]]]]}},{"type":"Feature","properties":{"X":34.758065868234915,"Y":31.257017238724973,"מספר_פוליגון":917,"גיל0_4":22.0,"גיל5_9":25.0,"גיל10_18":10.0,"גיל19_30":11.0,"גיל31_44":38.0,"גיל45_64":10.0,"גיל65_75":1.0,"גיל76פלוס":null,"Shape_Length":800.0000000055879,"Shape_Area":40000.00000055879},"geometry":{"type":"MultiPolygon","coordinates":[[[[34.75702357391927,31.25611436458347],[34.75701506715182,31.257918138537697],[34.75911479786591,31.25792542945723],[34.75912326470927,31.25612165498758],[34.75702357391927,31.25611436458347]]]]}},{"type":"Feature","properties":{"X":34.760165579320905,"Y":31.257024512173416,"מספר_פוליגון":918,"גיל0_4":9.0,"גיל5_9":30.0,"גיל10_18":36.0,"גיל19_30":70.0,"גיל31_44":72.0,"גיל45_64":86.0,"גיל65_75":47.0,"גיל76פלוס":33.0,"Shape_Length":800.0000000018626,"Shape_Area":40000.000000186265},"geometry":{"type":"MultiPolygon","coordinates":[[[[34.75912326470927,31.25612165498758],[34.75911479786591,31.25792542945723],[34.761214529341984,31.25793268607782],[34.761222956261165,31.256128911095153],[34.75912326470927,31.25612165498758]]]]}},{"type":"Feature","properties":{"X":34.76226529116706,"Y":31.25703175132411,"מספר_פוליגון":919,"גיל0_4":11.0,"גיל5_9":33.0,"גיל10_18":51.0,"גיל19_30":74.0,"גיל31_44":72.0,"גיל45_64":115.0,"גיל65_75":56.0,"גיל76פלוס":35.0,"Shape_Length":800.0000000055879,"Shape_Area":40000.00000055879},"geometry":{"type":"MultiPolygon","coordinates":[[[[34.761222956261165,31.256128911095153],[34.761214529341984,31.25793268607782],[34.76331426157648,31.257939908399415],[34.76332264857144,31.25613613290617],[34.761222956261165,31.256128911095153]]]]}},{"type":"Feature","properties":{"X":34.764365003769804,"Y":31.257038956177,"מספר_פוליגון":920,"גיל0_4":18.0,"גיל5_9":24.0,"גיל10_18":33.0,"גיל19_30":78.0,"גיל31_44":75.0,"גיל45_64":103.0,"גיל65_75":74.0,"גיל76פלוס":50.0,"Shape_Length":800.0000000055879,"Shape_Area":40000.00000055879},"geometry":{"type":"MultiPolygon","coordinates":[[[[34.76332264857144,31.25613613290617],[34.76331426157648,31.257939908399415],[34.76541399456579,31.257947096421976],[34.76542234163645,31.256143320420577],[34.76332264857144,31.25613613290617]]]]}},{"type":"Feature","properties":{"X":34.76646471712553,"Y":31.257046126732053,"מספר_פוליגון":921,"גיל0_4":28.0,"גיל5_9":37.0,"גיל10_18":35.0,"גיל19_30":100.0,"גיל31_44":99.0,"גיל45_64":114.0,"גיל65_75":64.0,"גיל76פלוס":32.0,"Shape_Length":800.0,"Shape_Area":40000.0},"geometry":{"type":"MultiPolygon","coordinates":[[[[34.76542234163645,31.256143320420577],[34.76541399456579,31.257947096421976],[34.7675137283063,31.257954250145477],[34.76752203545261,31.256150473638318],[34.76542234163645,31.256143320420577]]]]}},{"type":"Feature","properties":{"X":34.768564431230644,"Y":31.25705326298922,"מספר_פוליגון":922,"גיל0_4":10.0,"גיל5_9":12.0,"גיל10_18":11.0,"גיל19_30":42.0,"גיל31_44":50.0,"גיל45_64":62.0,"גיל65_75":35.0,"גיל76פלוס":34.0,"Shape_Length":800.0000000055879,"Shape_Area":40000.00000055879},"geometry":{"type":"MultiPolygon","coordinates":[[[[34.76752203545261,31.256150473638318],[34.7675137283063,31.257954250145477],[34.76961346279447,31.25796136956985],[34.76962173001637,31.25615759255939],[34.76752203545261,31.256150473638318]]]]}},{"type":"Feature","properties":{"X":34.770664146081586,"Y":31.257060364948472,"מספר_פוליגון":923,"גיל0_4":29.0,"גיל5_9":42.0,"גיל10_18":49.0,"גיל19_30":77.0,"גיל31_44":101.0,"גיל45_64":133.0,"גיל65_75":78.0,"גיל76פלוס":71.0,"Shape_Length":800.0000000018626,"Shape_Area":40000.000000186265},"geometry":{"type":"MultiPolygon","coordinates":[[[[34.76962173001637,31.25615759255939],[34.76961346279447,31.25796136956985],[34.77171319802665,31.25796845469507],[34.771721425324095,31.25616467718369],[34.76962173001637,31.25615759255939]]]]}},{"type":"Feature","properties":{"X":34.77276386167475,"Y":31.257067432609755,"מספר_פוליגון":924,"גיל0_4":38.0,"גיל5_9":38.0,"גיל10_18":55.0,"גיל19_30":102.0,"גיל31_44":131.0,"גיל45_64":180.0,"גיל65_75":105.0,"גיל76פלוס":88.0,"Shape_Length":800.0000000055879,"Shape_Area":40000.00000055879},"geometry":{"type":"MultiPolygon","coordinates":[[[[34.771721425324095,31.25616467718369],[34.77171319802665,31.25796845469507],[34.773812933999324,31.257975505521067],[34.77382112137222,31.256171727511227],[34.771721425324095,31.25616467718369]]]]}},{"type":"Feature","properties":{"X":34.774863578006546,"Y":31.257074465973023,"מספר_פוליגון":925,"גיל0_4":26.0,"גיל5_9":43.0,"גיל10_18":52.0,"גיל19_30":93.0,"גיל31_44":125.0,"גיל45_64":131.0,"גיל65_75":65.0,"גיל76פלוס":52.0,"Shape_Length":800.0000000018626,"Shape_Area":40000.000000186265},"geometry":{"type":"MultiPolygon","coordinates":[[[[34.77382112137222,31.256171727511227],[34.773812933999324,31.257975505521067],[34.775912670708834,31.257982522047847],[34.77592081815716,31.25617874354194],[34.77382112137222,31.256171727511227]]]]}},{"type":"Feature","properties":{"X":34.77696329507338,"Y":31.257081465038237,"מספר_פוליגון":926,"גיל0_4":26.0,"גיל5_9":47.0,"גיל10_18":47.0,"גיל19_30":100.0,"גיל31_44":121.0,"גיל45_64":147.0,"גיל65_75":95.0,"גיל76פלוס":66.0,"Shape_Length":800.0000000055879,"Shape_Area":40000.00000055879},"geometry":{"type":"MultiPolygon","coordinates":[[[[34.77592081815716,31.25617874354194],[34.775912670708834,31.257982522047847],[34.77801240815165,31.257989504275336],[34.778020515675344,31.25618572527577],[34.77592081815716,31.25617874354194]]]]}},{"type":"Feature","properties":{"X":34.77906301287169,"Y":31.257088429805364,"מספר_פוליגון":927,"גיל0_4":13.0,"גיל5_9":12.0,"גיל10_18":17.0,"גיל19_30":44.0,"גיל31_44":32.0,"גיל45_64":69.0,"גיל65_75":46.0,"גיל76פלוס":25.0,"Shape_Length":800.0000000055879,"Shape_Area":40000.00000055879},"geometry":{"type":"MultiPolygon","coordinates":[[[[34.778020515675344,31.25618572527577],[34.77801240815165,31.257989504275336],[34.78011214632415,31.257996452203475],[34.78012021392314,31.256192672712725],[34.778020515675344,31.25618572527577]]]]}},{"type":"Feature","properties":{"X":34.78116273139785,"Y":31.257095360274345,"מספר_פוליגון":928,"גיל0_4":12.0,"גיל5_9":13.0,"גיל10_18":5.0,"גיל19_30":26.0,"גיל31_44":19.0,"גיל45_64":39.0,"גיל65_75":24.0,"גיל76פלוס":15.0,"Shape_Length":800.0,"Shape_Area":40000.0},"geometry":{"type":"MultiPolygon","coordinates":[[[[34.78012021392314,31.256192672712725],[34.78011214632415,31.257996452203475],[34.78221188522272,31.258003365832266],[34.782219912896956,31.2561995858527],[34.78012021392314,31.256192672712725]]]]}},{"type":"Feature","properties":{"X":34.783262450648294,"Y":31.257102256445155,"מספר_פוליגון":929,"גיל0_4":2.0,"גיל5_9":8.0,"גיל10_18":16.0,"גיל19_30":22.0,"גיל31_44":25.0,"גיל45_64":52.0,"גיל65_75":34.0,"גיל76פלוס":15.0,"Shape_Length":800.0000000055879,"Shape_Area":40000.00000055879},"geometry":{"type":"MultiPolygon","coordinates":[[[[34.782219912896956,31.2561995858527],[34.78221188522272,31.258003365832266],[34.78431162484384,31.258010245161643],[34.784319612593265,31.256206464695705],[34.782219912896956,31.2561995858527]]]]}},{"type":"Feature","properties":{"X":34.78536217061943,"Y":31.25710911831775,"מספר_פוליגון":930,"גיל0_4":null,"גיל5_9":null,"גיל10_18":1.0,"גיל19_30":3.0,"גיל31_44":5.0,"גיל45_64":24.0,"גיל65_75":72.0,"גיל76פלוס":60.0,"Shape_Length":800.0000000018626,"Shape_Area":40000.000000186265},"geometry":{"type":"MultiPolygon","coordinates":[[[[34.784319612593265,31.256206464695705],[34.78431162484384,31.258010245161643],[34.78641136518386,31.258017090191547],[34.78641931300841,31.25621330924167],[34.784319612593265,31.256206464695705]]]]}},{"type":"Feature","properties":{"X":34.78746189130767,"Y":31.257115945892085,"מספר_פוליגון":931,"גיל0_4":null,"גיל5_9":2.0,"גיל10_18":null,"גיל19_30":null,"גיל31_44":3.0,"גיל45_64":5.0,"גיל65_75":2.0,"גיל76פלוס":2.0,"Shape_Length":800.0000000055879,"Shape_Area":40000.00000055879},"geometry":{"type":"MultiPolygon","coordinates":[[[[34.78641931300841,31.25621330924167],[34.78641136518386,31.258017090191547],[34.78851110623923,31.25802390092197],[34.78851901413885,31.256220119490568],[34.78641931300841,31.25621330924167]]]]}},{"type":"Feature","properties":{"X":34.78956161270941,"Y":31.257122739168114,"מספר_פוליגון":932,"גיל0_4":10.0,"גיל5_9":19.0,"גיל10_18":15.0,"גיל19_30":44.0,"גיל31_44":45.0,"גיל45_64":46.0,"גיל65_75":37.0,"גיל76פלוס":20.0,"Shape_Length":800.0000000018626,"Shape_Area":40000.000000186265},"geometry":{"type":"MultiPolygon","coordinates":[[[[34.78851901413885,31.256220119490568],[34.78851110623923,31.25802390092197],[34.79061084800632,31.258030677352863],[34.79061871598097,31.256226895442364],[34.78851901413885,31.256220119490568]]]]}},{"type":"Feature","properties":{"X":34.79166133482108,"Y":31.257129498145808,"מספר_פוליגון":933,"גיל0_4":13.0,"גיל5_9":22.0,"גיל10_18":25.0,"גיל19_30":52.0,"גיל31_44":53.0,"גיל45_64":73.0,"גיל65_75":20.0,"גיל76פלוס":29.0,"Shape_Length":800.0000000055879,"Shape_Area":40000.00000055879},"geometry":{"type":"MultiPolygon","coordinates":[[[[34.79061871598097,31.256226895442364],[34.79061084800632,31.258030677352863],[34.79271059048159,31.258037419484186],[34.79271841853119,31.256233637096976],[34.79061871598097,31.256226895442364]]]]}},{"type":"Feature","properties":{"X":34.7937610576391,"Y":31.25713622282512,"מספר_פוליגון":934,"גיל0_4":15.0,"גיל5_9":19.0,"גיל10_18":14.0,"גיל19_30":43.0,"גיל31_44":42.0,"גיל45_64":51.0,"גיל65_75":38.0,"גיל76פלוס":33.0,"Shape_Length":800.0000000055879,"Shape_Area":40000.00000055879},"geometry":{"type":"MultiPolygon","coordinates":[[[[34.79271841853119,31.256233637096976],[34.79271059048159,31.258037419484186],[34.79481033366142,31.258044127315877],[34.79481812178594,31.256240344454415],[34.79271841853119,31.256233637096976]]]]}},{"type":"Feature","properties":{"X":34.795860781159845,"Y":31.25714291320601,"מספר_פוליגון":935,"גיל0_4":26.0,"גיל5_9":29.0,"גיל10_18":7.0,"גיל19_30":113.0,"גיל31_44":61.0,"גיל45_64":51.0,"גיל65_75":51.0,"גיל76פלוס":29.0,"Shape_Length":800.0,"Shape_Area":40000.0},"geometry":{"type":"MultiPolygon","coordinates":[[[[34.79481812178594,31.256240344454415],[34.79481033366142,31.258044127315877],[34.796910077542194,31.258050800847908],[34.79691782574156,31.256247017514625],[34.79481812178594,31.256240344454415]]]]}},{"type":"Feature","properties":{"X":34.79796050537975,"Y":31.25714956928844,"מספר_פוליגון":936,"גיל0_4":null,"גיל5_9":null,"גיל10_18":null,"גיל19_30":null,"גיל31_44":null,"גיל45_64":null,"גיל65_75":null,"גיל76פלוס":null,"Shape_Length":800.0000000055879,"Shape_Area":40000.00000055879},"geometry":{"type":"MultiPolygon","coordinates":[[[[34.79691782574156,31.256247017514625],[34.796910077542194,31.258050800847908],[34.79900982212039,31.258057440080265],[34.79901753039455,31.25625365627755],[34.79691782574156,31.256247017514625]]]]}},{"type":"Feature","properties":{"X":34.80006023029522,"Y":31.257156191072372,"מספר_פוליגון":937,"גיל0_4":null,"גיל5_9":null,"גיל10_18":null,"גיל19_30":null,"גיל31_44":null,"גיל45_64":null,"גיל65_75":null,"גיל76פלוס":null,"Shape_Length":800.0000000018626,"Shape_Area":40000.000000186265},"geometry":{"type":"MultiPolygon","coordinates":[[[[34.79901753039455,31.25625365627755],[34.79900982212039,31.258057440080265],[34.801109567392366,31.25806404501289],[34.80111723574128,31.25626026074316],[34.79901753039455,31.25625365627755]]]]}},{"type":"Feature","properties":{"X":34.802159955902674,"Y":31.257162778557763,"מספר_פוליגון":938,"גיל0_4":9.0,"גיל5_9":3.0,"גיל10_18":2.0,"גיל19_30":43.0,"גיל31_44":26.0,"גיל45_64":12.0,"גיל65_75":6.0,"גיל76פלוס":4.0,"Shape_Length":800.0000000055879,"Shape_Area":40000.00000055879},"geometry":{"type":"MultiPolygon","coordinates":[[[[34.80111723574128,31.25626026074316],[34.801109567392366,31.25806404501289],[34.803209313354564,31.258070615645718],[34.80321694177816,31.25626683091142],[34.80111723574128,31.25626026074316]]]]}},{"type":"Feature","properties":{"X":34.804259682198506,"Y":31.257169331744567,"מספר_פוליגון":939,"גיל0_4":13.0,"גיל5_9":7.0,"גיל10_18":9.0,"גיל19_30":64.0,"גיל31_44":50.0,"גיל45_64":41.0,"גיל65_75":16.0,"גיל76פלוס":9.0,"Shape_Length":800.0000000018626,"Shape_Area":40000.000000186265},"geometry":{"type":"MultiPolygon","coordinates":[[[[34.80321694177816,31.25626683091142],[34.803209313354564,31.258070615645718],[34.80530906000337,31.258077151978746],[34.8053166485016,31.25627336678228],[34.80321694177816,31.25626683091142]]]]}},{"type":"Feature","properties":{"X":34.80635940917915,"Y":31.25717585063274,"מספר_פוליגון":940,"גיל0_4":51.0,"גיל5_9":70.0,"גיל10_18":59.0,"גיל19_30":117.0,"גיל31_44":131.0,"גיל45_64":81.0,"גיל65_75":45.0,"גיל76פלוס":32.0,"Shape_Length":800.0000000055879,"Shape_Area":40000.00000055879},"geometry":{"type":"MultiPolygon","coordinates":[[[[34.8053166485016,31.25627336678228],[34.80530906000337,31.258077151978746],[34.807408807335214,31.258083654011912],[34.80741635590803,31.25627986835573],[34.8053166485016,31.25627336678228]]]]}},{"type":"Feature","properties":{"X":34.808459136841,"Y":31.25718233522227,"מספר_פוליגון":941,"גיל0_4":12.0,"גיל5_9":8.0,"גיל10_18":7.0,"גיל19_30":59.0,"גיל31_44":49.0,"גיל45_64":71.0,"גיל65_75":35.0,"גיל76פלוס":38.0,"Shape_Length":800.0000000055879,"Shape_Area":40000.00000055879},"geometry":{"type":"MultiPolygon","coordinates":[[[[34.80741635590803,31.25627986835573],[34.807408807335214,31.258083654011912],[34.80950855534651,31.258090121745184],[34.80951606399385,31.25628633563169],[34.80741635590803,31.25627986835573]]]]}},{"type":"Feature","properties":{"X":34.81055886518047,"Y":31.257188785513105,"מספר_פוליגון":942,"גיל0_4":13.0,"גיל5_9":20.0,"גיל10_18":13.0,"גיל19_30":66.0,"גיל31_44":68.0,"גיל45_64":83.0,"גיל65_75":48.0,"גיל76פלוס":41.0,"Shape_Length":800.0,"Shape_Area":40000.0},"geometry":{"type":"MultiPolygon","coordinates":[[[[34.80951606399385,31.25628633563169],[34.80950855534651,31.258090121745184],[34.811608304033626,31.25809655517854],[34.811615772755445,31.25629276861013],[34.80951606399385,31.25628633563169]]]]}},{"type":"Feature","properties":{"X":34.81265859419397,"Y":31.25719520150519,"מספר_פוליגון":943,"גיל0_4":1.0,"גיל5_9":5.0,"גיל10_18":7.0,"גיל19_30":4.0,"גיל31_44":16.0,"גיל45_64":19.0,"גיל65_75":11.0,"גיל76פלוס":7.0,"Shape_Length":800.0000000055879,"Shape_Area":40000.00000055879},"geometry":{"type":"MultiPolygon","coordinates":[[[[34.811615772755445,31.25629276861013],[34.811608304033626,31.25809655517854],[34.81370805339304,31.25810295431192],[34.813715482189274,31.256299167291044],[34.811615772755445,31.25629276861013]]]]}},{"type":"Feature","properties":{"X":34.81475832387792,"Y":31.257201583198512,"מספר_פוליגון":944,"גיל0_4":null,"גיל5_9":null,"גיל10_18":null,"גיל19_30":null,"גיל31_44":null,"גיל45_64":null,"גיל65_75":null,"גיל76פלוס":null,"Shape_Length":800.0000000018626,"Shape_Area":40000.000000186265},"geometry":{"type":"MultiPolygon","coordinates":[[[[34.813715482189274,31.256299167291044],[34.81370805339304,31.25810295431192],[34.8158078034211,31.258109319145298],[34.8158151922917,31.256305531674354],[34.813715482189274,31.256299167291044]]]]}},{"type":"Feature","properties":{"X":34.81685805422872,"Y":31.25720793059302,"מספר_פוליגון":945,"גיל0_4":null,"גיל5_9":null,"גיל10_18":null,"גיל19_30":null,"גיל31_44":1.0,"גיל45_64":null,"גיל65_75":null,"גיל76פלוס":null,"Shape_Length":800.0000000055879,"Shape_Area":40000.00000055879},"geometry":{"type":"MultiPolygon","coordinates":[[[[34.8158151922917,31.256305531674354],[34.8158078034211,31.258109319145298],[34.817907554114264,31.258115649678615],[34.81791490305918,31.256311861760057],[34.8158151922917,31.256305531674354]]]]}},{"type":"Feature","properties":{"X":34.81895778524278,"Y":31.257214243688672,"מספר_פוליגון":946,"גיל0_4":null,"גיל5_9":null,"גיל10_18":null,"גיל19_30":null,"גיל31_44":null,"גיל45_64":null,"גיל65_75":null,"גיל76פלוס":null,"Shape_Length":800.0,"Shape_Area":40000.0},"geometry":{"type":"MultiPolygon","coordinates":[[[[34.81791490305918,31.256311861760057],[34.817907554114264,31.258115649678615],[34.820007305468884,31.258121945911856],[34.82001461448807,31.2563181575481],[34.81791490305918,31.256311861760057]]]]}},{"type":"Feature","properties":{"X":34.82105751691651,"Y":31.25722052248544,"מספר_פוליגון":947,"גיל0_4":null,"גיל5_9":null,"גיל10_18":null,"גיל19_30":null,"גיל31_44":null,"גיל45_64":null,"גיל65_75":null,"גיל76פלוס":null,"Shape_Length":800.0000000055879,"Shape_Area":40000.00000055879},"geometry":{"type":"MultiPolygon","coordinates":[[[[34.82001461448807,31.2563181575481],[34.820007305468884,31.258121945911856],[34.82210705748146,31.258128207844983],[34.82211432657487,31.25632441903843],[34.82001461448807,31.2563181575481]]]]}},{"type":"Feature","properties":{"X":34.82315724924636,"Y":31.257226766983276,"מספר_פוליגון":948,"גיל0_4":null,"גיל5_9":null,"גיל10_18":null,"גיל19_30":null,"גיל31_44":null,"גיל45_64":null,"גיל65_75":null,"גיל76פלוס":null,"Shape_Length":800.0000000074506,"Shape_Area":40000.00000074506},"geometry":{"type":"MultiPolygon","coordinates":[[[[34.82211432657487,31.25632441903843],[34.82210705748146,31.258128207844983],[34.824206810148354,31.25813443547794],[34.82421403931592,31.256330646231028],[34.82211432657487,31.25632441903843]]]]}},{"type":"Feature","properties":{"X":34.825256982228694,"Y":31.25723297718216,"מספר_פוליגון":949,"גיל0_4":null,"גיל5_9":null,"גיל10_18":null,"גיל19_30":null,"גיל31_44":null,"גיל45_64":null,"גיל65_75":null,"גיל76פלוס":null,"Shape_Length":800.0,"Shape_Area":40000.0},"geometry":{"type":"MultiPolygon","coordinates":[[[[34.82421403931592,31.256330646231028],[34.824206810148354,31.25813443547794],[34.82630656346593,31.258140628810686],[34.826313752707605,31.25633683912586],[34.82421403931592,31.256330646231028]]]]}},{"type":"Feature","properties":{"X":34.82735671585993,"Y":31.257239153082036,"מספר_פוליגון":950,"גיל0_4":null,"גיל5_9":null,"גיל10_18":null,"גיל19_30":null,"גיל31_44":null,"גיל45_64":null,"גיל65_75":null,"גיל76פלוס":null,"Shape_Length":800.0000000055879,"Shape_Area":40000.00000055879},"geometry":{"type":"MultiPolygon","coordinates":[[[[34.826313752707605,31.25633683912586],[34.82630656346593,31.258140628810686],[34.82840631743069,31.25814678784324],[34.82841346674641,31.256342997722857],[34.826313752707605,31.25633683912586]]]]}},{"type":"Feature","properties":{"X":34.74965838474918,"Y":31.258791573842263,"מספר_פוליגון":951,"גיל0_4":null,"גיל5_9":null,"גיל10_18":null,"גיל19_30":null,"גיל31_44":null,"גיל45_64":null,"גיל65_75":null,"גיל76פלוס":null,"Shape_Length":799.9999999962747,"Shape_Area":39999.99999962747},"geometry":{"type":"MultiPolygon","coordinates":[[[[34.74861615198713,31.257888631870994],[34.74860748474388,31.259692403230346],[34.75070725230156,31.259699831870343],[34.75071587961736,31.257896059985875],[34.74861615198713,31.257888631870994]]]]}},{"type":"Feature","properties":{"X":34.751758132684294,"Y":31.25879898500519,"מספר_פוליגון":952,"גיל0_4":9.0,"גיל5_9":8.0,"גיל10_18":11.0,"גיל19_30":13.0,"גיל31_44":15.0,"גיל45_64":14.0,"גיל65_75":12.0,"גיל76פלוס":2.0,"Shape_Length":800.0000000018626,"Shape_Area":40000.000000186265},"geometry":{"type":"MultiPolygon","coordinates":[[[[34.75071587961736,31.257896059985875],[34.75070725230156,31.259699831870343],[34.75280702063568,31.259707226209162],[34.752815608023944,31.257903453801966],[34.75071587961736,31.257896059985875]]]]}},{"type":"Feature","properties":{"X":34.75385788139401,"Y":31.258806361868128,"מספר_פוליגון":953,"גיל0_4":56.0,"גיל5_9":114.0,"גיל10_18":61.0,"גיל19_30":41.0,"גיל31_44":154.0,"גיל45_64":49.0,"גיל65_75":20.0,"גיל76פלוס":7.0,"Shape_Length":800.0000000018626,"Shape_Area":40000.000000186265},"geometry":{"type":"MultiPolygon","coordinates":[[[[34.752815608023944,31.257903453801966],[34.75280702063568,31.259707226209162],[34.75490678974261,31.259714586246737],[34.75491533720331,31.257910813319256],[34.752815608023944,31.257903453801966]]]]}},{"type":"Feature","properties":{"X":34.75595763087471,"Y":31.25881370443102,"מספר_פוליגון":954,"גיל0_4":53.0,"גיל5_9":89.0,"גיל10_18":33.0,"גיל19_30":34.0,"גיל31_44":115.0,"גיל45_64":43.0,"גיל65_75":6.0,"גיל76פלוס":2.0,"Shape_Length":799.9999999981374,"Shape_Area":39999.999999813735},"geometry":{"type":"MultiPolygon","coordinates":[[[[34.75491533720331,31.257910813319256],[34.75490678974261,31.259714586246737],[34.75700655961876,31.25972191198304],[34.75701506715182,31.257918138537697],[34.75491533720331,31.257910813319256]]]]}},{"type":"Feature","properties":{"X":34.75805738112281,"Y":31.25882101269382,"מספר_פוליגון":955,"גיל0_4":2.0,"גיל5_9":7.0,"גיל10_18":19.0,"גיל19_30":19.0,"גיל31_44":9.0,"גיל45_64":22.0,"גיל65_75":12.0,"גיל76פלוס":14.0,"Shape_Length":800.0000000018626,"Shape_Area":40000.000000186265},"geometry":{"type":"MultiPolygon","coordinates":[[[[34.75701506715182,31.257918138537697],[34.75700655961876,31.25972191198304],[34.75910633026057,31.25972920341803],[34.75911479786591,31.25792542945723],[34.75701506715182,31.257918138537697]]]]}},{"type":"Feature","properties":{"X":34.76015713213472,"Y":31.25882828665649,"מספר_פוליגון":956,"גיל0_4":6.0,"גיל5_9":6.0,"גיל10_18":8.0,"גיל19_30":17.0,"גיל31_44":18.0,"גיל45_64":22.0,"גיל65_75":15.0,"גיל76פלוס":9.0,"Shape_Length":799.9999999981374,"Shape_Area":39999.999999813735},"geometry":{"type":"MultiPolygon","coordinates":[[[[34.75911479786591,31.25792542945723],[34.75910633026057,31.25972920341803],[34.76120610166439,31.259736460551636],[34.761214529341984,31.25793268607782],[34.75911479786591,31.25792542945723]]]]}},{"type":"Feature","properties":{"X":34.76225688390687,"Y":31.258835526318983,"מספר_פוליגון":957,"גיל0_4":29.0,"גיל5_9":54.0,"גיל10_18":55.0,"גיל19_30":109.0,"גיל31_44":158.0,"גיל45_64":163.0,"גיל65_75":86.0,"גיל76פלוס":49.0,"Shape_Length":800.0000000018626,"Shape_Area":40000.000000186265},"geometry":{"type":"MultiPolygon","coordinates":[[[[34.761214529341984,31.25793268607782],[34.76120610166439,31.259736460551636],[34.76330587382671,31.259743683383835],[34.76331426157648,31.257939908399415],[34.761214529341984,31.25793268607782]]]]}},{"type":"Feature","properties":{"X":34.764356636435664,"Y":31.258842731681263,"מספר_פוליגון":958,"גיל0_4":29.0,"גיל5_9":47.0,"גיל10_18":38.0,"גיל19_30":66.0,"גיל31_44":92.0,"גיל45_64":97.0,"גיל65_75":48.0,"גיל76פלוס":40.0,"Shape_Length":800.0000000018626,"Shape_Area":40000.000000186265},"geometry":{"type":"MultiPolygon","coordinates":[[[[34.76331426157648,31.257939908399415],[34.76330587382671,31.259743683383835],[34.7654056467439,31.259750871914594],[34.76541399456579,31.257947096421976],[34.76331426157648,31.257939908399415]]]]}},{"type":"Feature","properties":{"X":34.7664563897175,"Y":31.258849902743282,"מספר_פוליגון":959,"גיל0_4":27.0,"גיל5_9":49.0,"גיל10_18":41.0,"גיל19_30":104.0,"גיל31_44":134.0,"גיל45_64":194.0,"גיל65_75":88.0,"גיל76פלוס":89.0,"Shape_Length":799.9999999962747,"Shape_Area":39999.99999962747},"geometry":{"type":"MultiPolygon","coordinates":[[[[34.76541399456579,31.257947096421976],[34.7654056467439,31.259750871914594],[34.76750542041234,31.259758026143835],[34.7675137283063,31.257954250145477],[34.76541399456579,31.257947096421976]]]]}},{"type":"Feature","properties":{"X":34.76855614374879,"Y":31.258857039505,"מספר_פוליגון":960,"גיל0_4":29.0,"גיל5_9":46.0,"גיל10_18":45.0,"גיל19_30":69.0,"גיל31_44":116.0,"גיל45_64":162.0,"גיל65_75":106.0,"גיל76פלוס":81.0,"Shape_Length":800.0000000018626,"Shape_Area":40000.000000186265},"geometry":{"type":"MultiPolygon","coordinates":[[[[34.7675137283063,31.257954250145477],[34.76750542041234,31.259758026143835],[34.769605194828515,31.259765146071555],[34.76961346279447,31.25796136956985],[34.7675137283063,31.257954250145477]]]]}},{"type":"Feature","properties":{"X":34.77065589852595,"Y":31.258864141966367,"מספר_פוליגון":961,"גיל0_4":52.0,"גיל5_9":77.0,"גיל10_18":66.0,"גיל19_30":152.0,"גיל31_44":176.0,"גיל45_64":195.0,"גיל65_75":86.0,"גיל76פלוס":63.0,"Shape_Length":799.9999999981374,"Shape_Area":39999.999999813735},"geometry":{"type":"MultiPolygon","coordinates":[[[[34.76961346279447,31.25796136956985],[34.769605194828515,31.259765146071555],[34.77170496998877,31.259772231697692],[34.77171319802665,31.25796845469507],[34.76961346279447,31.25796136956985]]]]}},{"type":"Feature","properties":{"X":34.772755654045405,"Y":31.258871210127353,"מספר_פוליגון":962,"גיל0_4":19.0,"גיל5_9":34.0,"גיל10_18":27.0,"גיל19_30":80.0,"גיל31_44":117.0,"גיל45_64":154.0,"גיל65_75":93.0,"גיל76פלוס":121.0,"Shape_Length":800.0000000018626,"Shape_Area":40000.000000186265},"geometry":{"type":"MultiPolygon","coordinates":[[[[34.77171319802665,31.25796845469507],[34.77170496998877,31.259772231697692],[34.77380474588954,31.259779283022205],[34.773812933999324,31.257975505521067],[34.77171319802665,31.25796845469507]]]]}},{"type":"Feature","properties":{"X":34.774855410303545,"Y":31.25887824398791,"מספר_פוליגון":963,"גיל0_4":5.0,"גיל5_9":10.0,"גיל10_18":11.0,"גיל19_30":30.0,"גיל31_44":36.0,"גיל45_64":83.0,"גיל65_75":54.0,"גיל76פלוס":46.0,"Shape_Length":799.9999999981374,"Shape_Area":39999.999999813735},"geometry":{"type":"MultiPolygon","coordinates":[[[[34.773812933999324,31.257975505521067],[34.77380474588954,31.259779283022205],[34.775904522527235,31.25978630004505],[34.775912670708834,31.257982522047847],[34.773812933999324,31.257975505521067]]]]}},{"type":"Feature","properties":{"X":34.77695516729679,"Y":31.258885243547983,"מספר_פוליגון":964,"גיל0_4":22.0,"גיל5_9":46.0,"גיל10_18":67.0,"גיל19_30":97.0,"גיל31_44":138.0,"גיל45_64":229.0,"גיל65_75":103.0,"גיל76פלוס":98.0,"Shape_Length":800.0000000018626,"Shape_Area":40000.000000186265},"geometry":{"type":"MultiPolygon","coordinates":[[[[34.775912670708834,31.257982522047847],[34.775904522527235,31.25978630004505],[34.77800429989828,31.259793282766175],[34.77801240815165,31.257989504275336],[34.775912670708834,31.257982522047847]]]]}},{"type":"Feature","properties":{"X":34.779054925021555,"Y":31.258892208807538,"מספר_פוליגון":965,"גיל0_4":21.0,"גיל5_9":23.0,"גיל10_18":35.0,"גיל19_30":68.0,"גיל31_44":98.0,"גיל45_64":101.0,"גיל65_75":69.0,"גיל76פלוס":57.0,"Shape_Length":800.0000000018626,"Shape_Area":40000.000000186265},"geometry":{"type":"MultiPolygon","coordinates":[[[[34.77801240815165,31.257989504275336],[34.77800429989828,31.259793282766175],[34.78010407799906,31.259800231185565],[34.78011214632415,31.257996452203475],[34.77801240815165,31.257989504275336]]]]}},{"type":"Feature","properties":{"X":34.78115468347423,"Y":31.258899139766534,"מספר_פוליגון":966,"גיל0_4":14.0,"גיל5_9":30.0,"גיל10_18":23.0,"גיל19_30":74.0,"גיל31_44":67.0,"גיל45_64":101.0,"גיל65_75":54.0,"גיל76פלוס":52.0,"Shape_Length":799.9999999962747,"Shape_Area":39999.99999962747},"geometry":{"type":"MultiPolygon","coordinates":[[[[34.78011214632415,31.257996452203475],[34.78010407799906,31.259800231185565],[34.78220385682598,31.25980714530316],[34.78221188522272,31.258003365832266],[34.78011214632415,31.257996452203475]]]]}},{"type":"Feature","properties":{"X":34.78325444265124,"Y":31.258906036424932,"מספר_פוליגון":967,"גיל0_4":20.0,"גיל5_9":35.0,"גיל10_18":39.0,"גיל19_30":117.0,"גיל31_44":118.0,"גיל45_64":154.0,"גיל65_75":80.0,"גיל76פלוס":74.0,"Shape_Length":800.0000000018626,"Shape_Area":40000.000000186265},"geometry":{"type":"MultiPolygon","coordinates":[[[[34.78221188522272,31.258003365832266],[34.78220385682598,31.25980714530316],[34.78430363637549,31.259814025118917],[34.78431162484384,31.258010245161643],[34.78221188522272,31.258003365832266]]]]}},{"type":"Feature","properties":{"X":34.78535420254901,"Y":31.258912898782704,"מספר_פוליגון":968,"גיל0_4":25.0,"גיל5_9":54.0,"גיל10_18":51.0,"גיל19_30":123.0,"גיל31_44":143.0,"גיל45_64":185.0,"גיל65_75":88.0,"גיל76פלוס":108.0,"Shape_Length":799.9999999981374,"Shape_Area":39999.999999813735},"geometry":{"type":"MultiPolygon","coordinates":[[[[34.78431162484384,31.258010245161643],[34.78430363637549,31.259814025118917],[34.78640341664397,31.259820870632797],[34.78641136518386,31.258017090191547],[34.78431162484384,31.258010245161643]]]]}},{"type":"Feature","properties":{"X":34.787453963163934,"Y":31.258919726839792,"מספר_פוליגון":969,"גיל0_4":16.0,"גיל5_9":32.0,"גיל10_18":31.0,"גיל19_30":71.0,"גיל31_44":75.0,"גיל45_64":101.0,"גיל65_75":73.0,"גיל76פלוס":54.0,"Shape_Length":800.0000000018626,"Shape_Area":40000.000000186265},"geometry":{"type":"MultiPolygon","coordinates":[[[[34.78641136518386,31.258017090191547],[34.78640341664397,31.259820870632797],[34.788503197627854,31.25982768184478],[34.78851110623923,31.25802390092197],[34.78641136518386,31.258017090191547]]]]}},{"type":"Feature","properties":{"X":34.78955372449243,"Y":31.258926520596155,"מספר_פוליגון":970,"גיל0_4":8.0,"גיל5_9":14.0,"גיל10_18":21.0,"גיל19_30":63.0,"גיל31_44":49.0,"גיל45_64":43.0,"גיל65_75":41.0,"גיל76פלוס":44.0,"Shape_Length":799.9999999981374,"Shape_Area":39999.999999813735},"geometry":{"type":"MultiPolygon","coordinates":[[[[34.78851110623923,31.25802390092197],[34.788503197627854,31.25982768184478],[34.79060297932351,31.259834458754785],[34.79061084800632,31.258030677352863],[34.78851110623923,31.25802390092197]]]]}},{"type":"Feature","properties":{"X":34.79165348653089,"Y":31.258933280051753,"מספר_פוליגון":971,"גיל0_4":4.0,"גיל5_9":10.0,"גיל10_18":19.0,"גיל19_30":70.0,"גיל31_44":36.0,"גיל45_64":83.0,"גיל65_75":49.0,"גיל76פלוס":34.0,"Shape_Length":800.0000000018626,"Shape_Area":40000.000000186265},"geometry":{"type":"MultiPolygon","coordinates":[[[[34.79061084800632,31.258030677352863],[34.79060297932351,31.259834458754785],[34.79270276172741,31.259841201362804],[34.79271059048159,31.258037419484186],[34.79061084800632,31.258030677352863]]]]}},{"type":"Feature","properties":{"X":34.79375324927577,"Y":31.258940005206547,"מספר_פוליגון":972,"גיל0_4":5.0,"גיל5_9":7.0,"גיל10_18":5.0,"גיל19_30":100.0,"גיל31_44":29.0,"גיל45_64":87.0,"גיל65_75":34.0,"גיל76פלוס":58.0,"Shape_Length":800.0000000018626,"Shape_Area":40000.000000186265},"geometry":{"type":"MultiPolygon","coordinates":[[[[34.79271059048159,31.258037419484186],[34.79270276172741,31.259841201362804],[34.794802544835925,31.259847909668785],[34.79481033366142,31.258044127315877],[34.79271059048159,31.258037419484186]]]]}},{"type":"Feature","properties":{"X":34.79585301272342,"Y":31.2589466960605,"מספר_פוליגון":973,"גיל0_4":17.0,"גיל5_9":10.0,"גיל10_18":11.0,"גיל19_30":130.0,"גיל31_44":60.0,"גיל45_64":69.0,"גיל65_75":47.0,"גיל76פלוס":49.0,"Shape_Length":799.9999999962747,"Shape_Area":39999.99999962747},"geometry":{"type":"MultiPolygon","coordinates":[[[[34.79481033366142,31.258044127315877],[34.794802544835925,31.259847909668785],[34.79690232864542,31.259854583672677],[34.796910077542194,31.258050800847908],[34.79481033366142,31.258044127315877]]]]}},{"type":"Feature","properties":{"X":34.79795277687028,"Y":31.258953352613577,"מספר_פוליגון":974,"גיל0_4":null,"גיל5_9":null,"גיל10_18":null,"גיל19_30":null,"גיל31_44":null,"גיל45_64":null,"גיל65_75":null,"גיל76פלוס":null,"Shape_Length":800.0000000018626,"Shape_Area":40000.000000186265},"geometry":{"type":"MultiPolygon","coordinates":[[[[34.796910077542194,31.258050800847908],[34.79690232864542,31.259854583672677],[34.79900211315242,31.25986122337447],[34.79900982212039,31.258057440080265],[34.796910077542194,31.258050800847908]]]]}},{"type":"Feature","properties":{"X":34.80005254171277,"Y":31.258959974865725,"מספר_פוליגון":975,"גיל0_4":null,"גיל5_9":null,"גיל10_18":null,"גיל19_30":null,"גיל31_44":null,"גיל45_64":null,"גיל65_75":null,"גיל76פלוס":null,"Shape_Length":799.9999999981374,"Shape_Area":39999.999999813735},"geometry":{"type":"MultiPolygon","coordinates":[[[[34.79900982212039,31.258057440080265],[34.79900211315242,31.25986122337447],[34.801101898353245,31.25986782877411],[34.801109567392366,31.25806404501289],[34.79900982212039,31.258057440080265]]]]}},{"type":"Feature","properties":{"X":34.802152307247304,"Y":31.25896656281692,"מספר_פוליגון":976,"גיל0_4":null,"גיל5_9":null,"גיל10_18":null,"גיל19_30":null,"גיל31_44":null,"גיל45_64":null,"גיל65_75":null,"גיל76פלוס":null,"Shape_Length":800.0000000018626,"Shape_Area":40000.000000186265},"geometry":{"type":"MultiPolygon","coordinates":[[[[34.801109567392366,31.25806404501289],[34.801101898353245,31.25986782877411],[34.80320168424435,31.259874399871542],[34.803209313354564,31.258070615645718],[34.801109567392366,31.25806404501289]]]]}},{"type":"Feature","properties":{"X":34.804252073470266,"Y":31.258973116467104,"מספר_פוליגון":977,"גיל0_4":null,"גיל5_9":null,"גיל10_18":null,"גיל19_30":null,"גיל31_44":null,"גיל45_64":null,"גיל65_75":null,"גיל76פלוס":null,"Shape_Length":799.9999999981374,"Shape_Area":39999.999999813735},"geometry":{"type":"MultiPolygon","coordinates":[[[[34.803209313354564,31.258070615645718],[34.80320168424435,31.259874399871542],[34.8053014708221,31.25988093666675],[34.80530906000337,31.258077151978746],[34.803209313354564,31.258070615645718]]]]}},{"type":"Feature","properties":{"X":34.806351840378085,"Y":31.25897963581624,"מספר_פוליגון":978,"גיל0_4":2.0,"גיל5_9":2.0,"גיל10_18":2.0,"גיל19_30":3.0,"גיל31_44":5.0,"גיל45_64":8.0,"גיל65_75":2.0,"גיל76פלוס":null,"Shape_Length":800.0000000018626,"Shape_Area":40000.000000186265},"geometry":{"type":"MultiPolygon","coordinates":[[[[34.80530906000337,31.258077151978746],[34.8053014708221,31.25988093666675],[34.807401258082955,31.259887439159662],[34.807408807335214,31.258083654011912],[34.80530906000337,31.258077151978746]]]]}},{"type":"Feature","properties":{"X":34.80845160796718,"Y":31.25898612086431,"מספר_פוליגון":979,"גיל0_4":23.0,"גיל5_9":34.0,"גיל10_18":37.0,"גיל19_30":91.0,"גיל31_44":79.0,"גיל45_64":107.0,"גיל65_75":50.0,"גיל76פלוס":31.0,"Shape_Length":800.0000000018626,"Shape_Area":40000.000000186265},"geometry":{"type":"MultiPolygon","coordinates":[[[[34.807408807335214,31.258083654011912],[34.807401258082955,31.259887439159662],[34.809501046023314,31.25989390735028],[34.80950855534651,31.258090121745184],[34.807408807335214,31.258083654011912]]]]}},{"type":"Feature","properties":{"X":34.81055137623393,"Y":31.25899257161126,"מספר_פוליגון":980,"גיל0_4":6.0,"גיל5_9":9.0,"גיל10_18":12.0,"גיל19_30":60.0,"גיל31_44":42.0,"גיל45_64":47.0,"גיל65_75":26.0,"גיל76פלוס":34.0,"Shape_Length":799.9999999962747,"Shape_Area":39999.99999962747},"geometry":{"type":"MultiPolygon","coordinates":[[[[34.80950855534651,31.258090121745184],[34.809501046023314,31.25989390735028],[34.81160083463955,31.25990034123853],[34.811608304033626,31.25809655517854],[34.80950855534651,31.258090121745184]]]]}},{"type":"Feature","properties":{"X":34.812651145174776,"Y":31.258998988057037,"מספר_פוליגון":981,"גיל0_4":null,"גיל5_9":null,"גיל10_18":null,"גיל19_30":null,"גיל31_44":null,"גיל45_64":null,"גיל65_75":null,"גיל76פלוס":null,"Shape_Length":800.0000000018626,"Shape_Area":40000.000000186265},"geometry":{"type":"MultiPolygon","coordinates":[[[[34.811608304033626,31.25809655517854],[34.81160083463955,31.25990034123853],[34.81370062392813,31.259906740824395],[34.81370805339304,31.25810295431192],[34.811608304033626,31.25809655517854]]]]}},{"type":"Feature","properties":{"X":34.81475091478612,"Y":31.259005370201624,"מספר_פוליגון":982,"גיל0_4":null,"גיל5_9":null,"גיל10_18":null,"גיל19_30":null,"גיל31_44":null,"גיל45_64":null,"גיל65_75":null,"גיל76פלוס":null,"Shape_Length":799.9999999981374,"Shape_Area":39999.999999813735},"geometry":{"type":"MultiPolygon","coordinates":[[[[34.81370805339304,31.25810295431192],[34.81370062392813,31.259906740824395],[34.81580041388541,31.259913106107835],[34.8158078034211,31.258109319145298],[34.81370805339304,31.25810295431192]]]]}},{"type":"Feature","properties":{"X":34.816850685064374,"Y":31.259011718044988,"מספר_פוליגון":983,"גיל0_4":null,"גיל5_9":null,"גיל10_18":null,"גיל19_30":null,"גיל31_44":null,"גיל45_64":null,"גיל65_75":null,"גיל76פלוס":null,"Shape_Length":800.0000000018626,"Shape_Area":40000.000000186265},"geometry":{"type":"MultiPolygon","coordinates":[[[[34.8158078034211,31.258109319145298],[34.81580041388541,31.259913106107835],[34.81790020450786,31.259919437088808],[34.817907554114264,31.258115649678615],[34.8158078034211,31.258109319145298]]]]}},{"type":"Feature","properties":{"X":34.81895045600593,"Y":31.25901803158707,"מספר_פוליגון":984,"גיל0_4":null,"גיל5_9":null,"גיל10_18":null,"גיל19_30":null,"גיל31_44":null,"גיל45_64":null,"גיל65_75":null,"גיל76פלוס":null,"Shape_Length":799.9999999962747,"Shape_Area":39999.99999962747},"geometry":{"type":"MultiPolygon","coordinates":[[[[34.817907554114264,31.258115649678615],[34.81790020450786,31.259919437088808],[34.81999999579181,31.259925733767272],[34.820007305468884,31.258121945911856],[34.817907554114264,31.258115649678615]]]]}},{"type":"Feature","properties":{"X":34.821050227607216,"Y":31.259024310827837,"מספר_פוליגון":985,"גיל0_4":null,"גיל5_9":null,"גיל10_18":null,"גיל19_30":null,"גיל31_44":null,"גיל45_64":null,"גיל65_75":null,"גיל76פלוס":null,"Shape_Length":800.0000000018626,"Shape_Area":40000.000000186265},"geometry":{"type":"MultiPolygon","coordinates":[[[[34.820007305468884,31.258121945911856],[34.81999999579181,31.259925733767272],[34.822099787733755,31.25993199614319],[34.82210705748146,31.258128207844983],[34.820007305468884,31.258121945911856]]]]}},{"type":"Feature","properties":{"X":34.82314999986467,"Y":31.259030555767264,"מספר_פוליגון":986,"גיל0_4":null,"גיל5_9":null,"גיל10_18":null,"גיל19_30":null,"גיל31_44":null,"גיל45_64":null,"גיל65_75":null,"גיל76פלוס":null,"Shape_Length":800.0000000037253,"Shape_Area":40000.00000037253},"geometry":{"type":"MultiPolygon","coordinates":[[[[34.82210705748146,31.258128207844983],[34.822099787733755,31.25993199614319],[34.824199580330074,31.259938224216526],[34.824206810148354,31.25813443547794],[34.82210705748146,31.258128207844983]]]]}},{"type":"Feature","properties":{"X":34.82524977277465,"Y":31.25903676640531,"מספר_פוליגון":987,"גיל0_4":null,"גיל5_9":null,"גיל10_18":null,"גיל19_30":null,"גיל31_44":null,"גיל45_64":null,"גיל65_75":null,"גיל76פלוס":null,"Shape_Length":799.9999999962747,"Shape_Area":39999.99999962747},"geometry":{"type":"MultiPolygon","coordinates":[[[[34.824206810148354,31.25813443547794],[34.824199580330074,31.259938224216526],[34.826299373577136,31.259944417987246],[34.82630656346593,31.258140628810686],[34.824206810148354,31.25813443547794]]]]}},{"type":"Feature","properties":{"X":34.82734954633359,"Y":31.259042942741928,"מספר_פוליגון":988,"גיל0_4":null,"גיל5_9":null,"גיל10_18":null,"גיל19_30":null,"גיל31_44":null,"גיל45_64":null,"גיל65_75":null,"גיל76פלוס":null,"Shape_Length":800.0000000018626,"Shape_Area":40000.000000186265},"geometry":{"type":"MultiPolygon","coordinates":[[[[34.82630656346593,31.258140628810686],[34.826299373577136,31.259944417987246],[34.82839916747141,31.25995057745532],[34.82840631743069,31.25814678784324],[34.82630656346593,31.258140628810686]]]]}},{"type":"Feature","properties":{"X":34.749649737155785,"Y":31.260595345221017,"מספר_פוליגון":989,"גיל0_4":null,"גיל5_9":null,"גיל10_18":null,"גיל19_30":null,"גיל31_44":null,"גיל45_64":null,"גיל65_75":null,"גיל76פלוס":null,"Shape_Length":799.9999999925494,"Shape_Area":39999.99999925494},"geometry":{"type":"MultiPolygon","coordinates":[[[[34.74860748474388,31.259692403230346],[34.74859881672066,31.2614961740807],[34.75069862420938,31.261503603245867],[34.75070725230156,31.259699831870343],[34.74860748474388,31.259692403230346]]]]}},{"type":"Feature","properties":{"X":34.75174952502017,"Y":31.260602756907872,"מספר_פוליגון":990,"גיל0_4":null,"גיל5_9":null,"גיל10_18":null,"גיל19_30":null,"גיל31_44":null,"גיל45_64":null,"גיל65_75":null,"גיל76פלוס":null,"Shape_Length":799.9999999981374,"Shape_Area":39999.999999813735},"geometry":{"type":"MultiPolygon","coordinates":[[[[34.75070725230156,31.259699831870343],[34.75069862420938,31.261503603245867],[34.752798432474606,31.261510998107408],[34.75280702063568,31.259707226209162],[34.75070725230156,31.259699831870343]]]]}},{"type":"Feature","properties":{"X":34.75384931365923,"Y":31.26061013429232,"מספר_פוליגון":991,"גיל0_4":1.0,"גיל5_9":1.0,"גיל10_18":1.0,"גיל19_30":null,"גיל31_44":2.0,"גיל45_64":null,"גיל65_75":null,"גיל76פלוס":null,"Shape_Length":799.9999999981374,"Shape_Area":39999.999999813735},"geometry":{"type":"MultiPolygon","coordinates":[[[[34.75280702063568,31.259707226209162],[34.752798432474606,31.261510998107408],[34.7548982415127,31.2615183586653],[34.75490678974261,31.259714586246737],[34.75280702063568,31.259707226209162]]]]}},{"type":"Feature","properties":{"X":34.75594910306933,"Y":31.260617477374307,"מספר_פוליגון":992,"גיל0_4":7.0,"גיל5_9":14.0,"גיל10_18":11.0,"גיל19_30":25.0,"גיל31_44":28.0,"גיל45_64":38.0,"גיל65_75":24.0,"גיל76פלוס":4.0,"Shape_Length":799.9999999944121,"Shape_Area":39999.99999944121},"geometry":{"type":"MultiPolygon","coordinates":[[[[34.75490678974261,31.259714586246737],[34.7548982415127,31.2615183586653],[34.75699805132008,31.261525684919494],[34.75700655961876,31.25972191198304],[34.75490678974261,31.259714586246737]]]]}},{"type":"Feature","properties":{"X":34.75804889324689,"Y":31.26062478615377,"מספר_פוליגון":993,"גיל0_4":2.0,"גיל5_9":31.0,"גיל10_18":36.0,"גיל19_30":41.0,"גיל31_44":53.0,"גיל45_64":74.0,"גיל65_75":40.0,"גיל76פלוס":22.0,"Shape_Length":799.9999999981374,"Shape_Area":39999.999999813735},"geometry":{"type":"MultiPolygon","coordinates":[[[[34.75700655961876,31.25972191198304],[34.75699805132008,31.261525684919494],[34.759097861893174,31.261532976869933],[34.75910633026057,31.25972920341803],[34.75700655961876,31.25972191198304]]]]}},{"type":"Feature","properties":{"X":34.76014868418832,"Y":31.260632060630694,"מספר_פוליגון":994,"גיל0_4":5.0,"גיל5_9":3.0,"גיל10_18":12.0,"גיל19_30":21.0,"גיל31_44":7.0,"גיל45_64":28.0,"גיל65_75":6.0,"גיל76פלוס":7.0,"Shape_Length":799.9999999944121,"Shape_Area":39999.99999944121},"geometry":{"type":"MultiPolygon","coordinates":[[[[34.75910633026057,31.25972920341803],[34.759097861893174,31.261532976869933],[34.76119767322835,31.261540234516602],[34.76120610166439,31.259736460551636],[34.75910633026057,31.25972920341803]]]]}},{"type":"Feature","properties":{"X":34.76224847589005,"Y":31.260639300805018,"מספר_פוליגון":995,"גיל0_4":8.0,"גיל5_9":9.0,"גיל10_18":23.0,"גיל19_30":37.0,"גיל31_44":20.0,"גיל45_64":46.0,"גיל65_75":17.0,"גיל76פלוס":5.0,"Shape_Length":799.9999999981374,"Shape_Area":39999.999999813735},"geometry":{"type":"MultiPolygon","coordinates":[[[[34.76120610166439,31.259736460551636],[34.76119767322835,31.261540234516602],[34.76329748532209,31.26154745785942],[34.76330587382671,31.259743683383835],[34.76120610166439,31.259736460551636]]]]}},{"type":"Feature","properties":{"X":34.764348268348485,"Y":31.260646506676693,"מספר_פוליגון":996,"גיל0_4":1.0,"גיל5_9":4.0,"גיל10_18":5.0,"גיל19_30":8.0,"גיל31_44":6.0,"גיל45_64":14.0,"גיל65_75":8.0,"גיל76פלוס":2.0,"Shape_Length":799.9999999981374,"Shape_Area":39999.999999813735},"geometry":{"type":"MultiPolygon","coordinates":[[[[34.76330587382671,31.259743683383835],[34.76329748532209,31.26154745785942],[34.76539729817074,31.261554646898386],[34.7654056467439,31.259750871914594],[34.76330587382671,31.259743683383835]]]]}},{"type":"Feature","properties":{"X":34.766448061560006,"Y":31.2606536782457,"מספר_פוליגון":997,"גיל0_4":4.0,"גיל5_9":11.0,"גיל10_18":8.0,"גיל19_30":5.0,"גיל31_44":14.0,"גיל45_64":9.0,"גיל65_75":7.0,"גיל76פלוס":4.0,"Shape_Length":799.9999999925494,"Shape_Area":39999.99999925494},"geometry":{"type":"MultiPolygon","coordinates":[[[[34.7654056467439,31.259750871914594],[34.76539729817074,31.261554646898386],[34.7674971117707,31.2615618016334],[34.76750542041234,31.259758026143835],[34.7654056467439,31.259750871914594]]]]}},{"type":"Feature","properties":{"X":34.76854785552106,"Y":31.260660815511983,"מספר_פוליגון":998,"גיל0_4":26.0,"גיל5_9":49.0,"גיל10_18":65.0,"גיל19_30":119.0,"גיל31_44":156.0,"גיל45_64":182.0,"גיל65_75":124.0,"גיל76פלוס":99.0,"Shape_Length":799.9999999981374,"Shape_Area":39999.999999813735},"geometry":{"type":"MultiPolygon","coordinates":[[[[34.76750542041234,31.259758026143835],[34.7674971117707,31.2615618016334],[34.76959692611846,31.261568922064487],[34.769605194828515,31.259765146071555],[34.76750542041234,31.259758026143835]]]]}},{"type":"Feature","properties":{"X":34.77064765022804,"Y":31.26066791847549,"מספר_פוליגון":999,"גיל0_4":31.0,"גיל5_9":49.0,"גיל10_18":67.0,"גיל19_30":133.0,"גיל31_44":138.0,"גיל45_64":173.0,"גיל65_75":81.0,"גיל76פלוס":58.0,"Shape_Length":799.9999999944121,"Shape_Area":39999.99999944121},"geometry":{"type":"MultiPolygon","coordinates":[[[[34.769605194828515,31.259765146071555],[34.76959692611846,31.261568922064487],[34.77169674121034,31.26157600819155],[34.77170496998877,31.259772231697692],[34.769605194828515,31.259765146071555]]]]}},{"type":"Feature","properties":{"X":34.77274744567736,"Y":31.26067498713619,"מספר_פוליגון":1000,"גיל0_4":9.0,"גיל5_9":18.0,"גיל10_18":9.0,"גיל19_30":29.0,"גיל31_44":32.0,"גיל45_64":39.0,"גיל65_75":10.0,"גיל76פלוס":9.0,"Shape_Length":799.9999999981374,"Shape_Area":39999.999999813735},"geometry":{"type":"MultiPolygon","coordinates":[[[[34.77170496998877,31.259772231697692],[34.77169674121034,31.26157600819155],[34.773796557042836,31.261583060014576],[34.77380474588954,31.259779283022205],[34.77170496998877,31.259772231697692]]]]}},{"type":"Feature","properties":{"X":34.77484724186544,"Y":31.26068202149404,"מספר_פוליגון":1001,"גיל0_4":22.0,"גיל5_9":32.0,"גיל10_18":40.0,"גיל19_30":88.0,"גיל31_44":81.0,"גיל45_64":90.0,"גיל65_75":38.0,"גיל76פלוס":36.0,"Shape_Length":799.9999999944121,"Shape_Area":39999.99999944121},"geometry":{"type":"MultiPolygon","coordinates":[[[[34.77380474588954,31.259779283022205],[34.773796557042836,31.261583060014576],[34.775896373612284,31.261590077533512],[34.775904522527235,31.25978630004505],[34.77380474588954,31.259779283022205]]]]}},{"type":"Feature","properties":{"X":34.77694703878868,"Y":31.260689021549,"מספר_פוליגון":1002,"גיל0_4":26.0,"גיל5_9":38.0,"גיל10_18":53.0,"גיל19_30":94.0,"גיל31_44":105.0,"גיל45_64":128.0,"גיל65_75":89.0,"גיל76פלוס":67.0,"Shape_Length":799.9999999981374,"Shape_Area":39999.999999813735},"geometry":{"type":"MultiPolygon","coordinates":[[[[34.775904522527235,31.25978630004505],[34.775896373612284,31.261590077533512],[34.77799619091515,31.261597060748315],[34.77800429989828,31.259793282766175],[34.775904522527235,31.25978630004505]]]]}},{"type":"Feature","properties":{"X":34.7790468364435,"Y":31.260695987301013,"מספר_פוליגון":1003,"גיל0_4":13.0,"גיל5_9":30.0,"גיל10_18":29.0,"גיל19_30":52.0,"גיל31_44":77.0,"גיל45_64":137.0,"גיל65_75":175.0,"גיל76פלוס":251.0,"Shape_Length":799.9999999981374,"Shape_Area":39999.999999813735},"geometry":{"type":"MultiPolygon","coordinates":[[[[34.77800429989828,31.259793282766175],[34.77799619091515,31.261597060748315],[34.78009600894781,31.261604009658953],[34.78010407799906,31.259800231185565],[34.77800429989828,31.259793282766175]]]]}},{"type":"Feature","properties":{"X":34.78114663482628,"Y":31.260702918750045,"מספר_פוליגון":1004,"גיל0_4":5.0,"גיל5_9":13.0,"גיל10_18":37.0,"גיל19_30":52.0,"גיל31_44":49.0,"גיל45_64":89.0,"גיל65_75":40.0,"גיל76פלוס":47.0,"Shape_Length":799.9999999925494,"Shape_Area":39999.99999925494},"geometry":{"type":"MultiPolygon","coordinates":[[[[34.78010407799906,31.259800231185565],[34.78009600894781,31.261604009658953],[34.782195827706666,31.26161092426538],[34.78220385682598,31.25980714530316],[34.78010407799906,31.259800231185565]]]]}},{"type":"Feature","properties":{"X":34.78324643393345,"Y":31.260709815896064,"מספר_פוליגון":1005,"גיל0_4":6.0,"גיל5_9":10.0,"גיל10_18":5.0,"גיל19_30":19.0,"גיל31_44":10.0,"גיל45_64":33.0,"גיל65_75":19.0,"גיל76פלוס":30.0,"Shape_Length":799.9999999981374,"Shape_Area":39999.999999813735},"geometry":{"type":"MultiPolygon","coordinates":[[[[34.78220385682598,31.25980714530316],[34.782195827706666,31.26161092426538],[34.784295647188166,31.261617804567543],[34.78430363637549,31.259814025118917],[34.78220385682598,31.25980714530316]]]]}},{"type":"Feature","properties":{"X":34.78534623376143,"Y":31.260716678739023,"מספר_פוליגון":1006,"גיל0_4":10.0,"גיל5_9":23.0,"גיל10_18":20.0,"גיל19_30":23.0,"גיל31_44":39.0,"גיל45_64":57.0,"גיל65_75":30.0,"גיל76פלוס":31.0,"Shape_Length":799.9999999944121,"Shape_Area":39999.99999944121},"geometry":{"type":"MultiPolygon","coordinates":[[[[34.78430363637549,31.259814025118917],[34.784295647188166,31.261617804567543],[34.786395467388694,31.261624650565416],[34.78640341664397,31.259820870632797],[34.78430363637549,31.259814025118917]]]]}},{"type":"Feature","properties":{"X":34.78744603430663,"Y":31.260723507278872,"מספר_פוליגון":1007,"גיל0_4":23.0,"גיל5_9":35.0,"גיל10_18":48.0,"גיל19_30":90.0,"גיל31_44":107.0,"גיל45_64":111.0,"גיל65_75":59.0,"גיל76פלוס":35.0,"Shape_Length":799.9999999981374,"Shape_Area":39999.999999813735},"geometry":{"type":"MultiPolygon","coordinates":[[[[34.78640341664397,31.259820870632797],[34.786395467388694,31.261624650565416],[34.788495288304674,31.261631462258944],[34.788503197627854,31.25982768184478],[34.78640341664397,31.259820870632797]]]]}},{"type":"Feature","properties":{"X":34.789545835565455,"Y":31.260730301515586,"מספר_פוליגון":1008,"גיל0_4":null,"גיל5_9":null,"גיל10_18":null,"גיל19_30":4.0,"גיל31_44":1.0,"גיל45_64":2.0,"גיל65_75":5.0,"גיל76פלוס":1.0,"Shape_Length":799.9999999944121,"Shape_Area":39999.99999944121},"geometry":{"type":"MultiPolygon","coordinates":[[[[34.788503197627854,31.25982768184478],[34.788495288304674,31.261631462258944],[34.7905951099325,31.261638239648093],[34.79060297932351,31.259834458754785],[34.788503197627854,31.25982768184478]]]]}},{"type":"Feature","properties":{"X":34.791645637534316,"Y":31.260737061449117,"מספר_פוליגון":1009,"גיל0_4":14.0,"גיל5_9":18.0,"גיל10_18":39.0,"גיל19_30":78.0,"גיל31_44":80.0,"גיל45_64":144.0,"גיל65_75":77.0,"גיל76פלוס":67.0,"Shape_Length":799.9999999981374,"Shape_Area":39999.999999813735},"geometry":{"type":"MultiPolygon","coordinates":[[[[34.79060297932351,31.259834458754785],[34.7905951099325,31.261638239648093],[34.7926949322686,31.261644982732836],[34.79270276172741,31.259841201362804],[34.79060297932351,31.259834458754785]]]]}},{"type":"Feature","properties":{"X":34.79374544020963,"Y":31.260743787079413,"מספר_פוליגון":1010,"גיל0_4":5.0,"גיל5_9":12.0,"גיל10_18":18.0,"גיל19_30":86.0,"גיל31_44":40.0,"גיל45_64":52.0,"גיל65_75":34.0,"גיל76פלוס":33.0,"Shape_Length":799.9999999981374,"Shape_Area":39999.999999813735},"geometry":{"type":"MultiPolygon","coordinates":[[[[34.79270276172741,31.259841201362804],[34.7926949322686,31.261644982732836],[34.79479475530939,31.261651691513137],[34.794802544835925,31.259847909668785],[34.79270276172741,31.259841201362804]]]]}},{"type":"Feature","properties":{"X":34.79584524358778,"Y":31.260750478406443,"מספר_פוליגון":1011,"גיל0_4":8.0,"גיל5_9":10.0,"גיל10_18":12.0,"גיל19_30":81.0,"גיל31_44":42.0,"גיל45_64":46.0,"גיל65_75":24.0,"גיל76פלוס":36.0,"Shape_Length":799.9999999925494,"Shape_Area":39999.99999925494},"geometry":{"type":"MultiPolygon","coordinates":[[[[34.794802544835925,31.259847909668785],[34.79479475530939,31.261651691513137],[34.79689457905124,31.26165836598892],[34.79690232864542,31.259854583672677],[34.794802544835925,31.259847909668785]]]]}},{"type":"Feature","properties":{"X":34.797945047665195,"Y":31.260757135430175,"מספר_פוליגון":1012,"גיל0_4":null,"גיל5_9":null,"גיל10_18":3.0,"גיל19_30":38.0,"גיל31_44":6.0,"גיל45_64":6.0,"גיל65_75":9.0,"גיל76פלוס":9.0,"Shape_Length":799.9999999981374,"Shape_Area":39999.999999813735},"geometry":{"type":"MultiPolygon","coordinates":[[[[34.79690232864542,31.259854583672677],[34.79689457905124,31.26165836598892],[34.79899440349061,31.261665006160158],[34.79900211315242,31.25986122337447],[34.79690232864542,31.259854583672677]]]]}},{"type":"Feature","properties":{"X":34.8000448524383,"Y":31.26076375815057,"מספר_פוליגון":1013,"גיל0_4":null,"גיל5_9":null,"גיל10_18":null,"גיל19_30":null,"גיל31_44":null,"גיל45_64":null,"גיל65_75":null,"גיל76פלוס":null,"Shape_Length":799.9999999944121,"Shape_Area":39999.99999944121},"geometry":{"type":"MultiPolygon","coordinates":[[[[34.79900211315242,31.25986122337447],[34.79899440349061,31.261665006160158],[34.80109422862385,31.261671612026827],[34.801101898353245,31.25986782877411],[34.79900211315242,31.25986122337447]]]]}},{"type":"Feature","properties":{"X":34.80214465790348,"Y":31.26077034656758,"מספר_פוליגון":1014,"גיל0_4":null,"גיל5_9":null,"גיל10_18":null,"גיל19_30":null,"גיל31_44":null,"גיל45_64":null,"גיל65_75":null,"גיל76פלוס":null,"Shape_Length":799.9999999981374,"Shape_Area":39999.999999813735},"geometry":{"type":"MultiPolygon","coordinates":[[[[34.801101898353245,31.25986782877411],[34.80109422862385,31.261671612026827],[34.80319405444745,31.261678183588863],[34.80320168424435,31.259874399871542],[34.801101898353245,31.25986782877411]]]]}},{"type":"Feature","properties":{"X":34.80424446405717,"Y":31.26077690068116,"מספר_פוליגון":1015,"גיל0_4":null,"גיל5_9":null,"גיל10_18":null,"גיל19_30":null,"גיל31_44":null,"גיל45_64":null,"גיל65_75":null,"גיל76פלוס":null,"Shape_Length":799.9999999944121,"Shape_Area":39999.99999944121},"geometry":{"type":"MultiPolygon","coordinates":[[[[34.80320168424435,31.259874399871542],[34.80319405444745,31.261678183588863],[34.80529388095775,31.261684720846258],[34.8053014708221,31.25988093666675],[34.80320168424435,31.259874399871542]]]]}},{"type":"Feature","properties":{"X":34.80634427089576,"Y":31.260783420491272,"מספר_פוליגון":1016,"גיל0_4":null,"גיל5_9":null,"גיל10_18":null,"גיל19_30":1.0,"גיל31_44":1.0,"גיל45_64":null,"גיל65_75":null,"גיל76פלוס":null,"Shape_Length":799.9999999981374,"Shape_Area":39999.999999813735},"geometry":{"type":"MultiPolygon","coordinates":[[[[34.8053014708221,31.25988093666675],[34.80529388095775,31.261684720846258],[34.80739370815121,31.26169122379895],[34.807401258082955,31.259887439159662],[34.8053014708221,31.25988093666675]]]]}},{"type":"Feature","properties":{"X":34.808444078415675,"Y":31.26078990599789,"מספר_פוליגון":1017,"גיל0_4":3.0,"גיל5_9":null,"גיל10_18":null,"גיל19_30":23.0,"גיל31_44":7.0,"גיל45_64":1.0,"גיל65_75":null,"גיל76פלוס":null,"Shape_Length":799.9999999981374,"Shape_Area":39999.999999813735},"geometry":{"type":"MultiPolygon","coordinates":[[[[34.807401258082955,31.259887439159662],[34.80739370815121,31.26169122379895],[34.809493536024206,31.261697692446894],[34.809501046023314,31.25989390735028],[34.807401258082955,31.259887439159662]]]]}},{"type":"Feature","properties":{"X":34.81054388661331,"Y":31.26079635720097,"מספר_פוליגון":1018,"גיל0_4":null,"גיל5_9":null,"גיל10_18":null,"גיל19_30":null,"גיל31_44":null,"גיל45_64":null,"גיל65_75":null,"גיל76פלוס":null,"Shape_Length":799.9999999925494,"Shape_Area":39999.99999925494},"geometry":{"type":"MultiPolygon","coordinates":[[[[34.809501046023314,31.25989390735028],[34.809493536024206,31.261697692446894],[34.811593364573156,31.261704126790093],[34.81160083463955,31.25990034123853],[34.809501046023314,31.25989390735028]]]]}},{"type":"Feature","properties":{"X":34.812643695485086,"Y":31.260802774100462,"מספר_פוליגון":1019,"גיל0_4":null,"גיל5_9":null,"גיל10_18":null,"גיל19_30":null,"גיל31_44":null,"גיל45_64":null,"גיל65_75":null,"גיל76פלוס":null,"Shape_Length":799.9999999981374,"Shape_Area":39999.999999813735},"geometry":{"type":"MultiPolygon","coordinates":[[[[34.81160083463955,31.25990034123853],[34.811593364573156,31.261704126790093],[34.813693193794485,31.261710526828466],[34.81370062392813,31.259906740824395],[34.81160083463955,31.25990034123853]]]]}},{"type":"Feature","properties":{"X":34.814743505027415,"Y":31.26080915669634,"מספר_פוליגון":1020,"גיל0_4":null,"גיל5_9":null,"גיל10_18":null,"גיל19_30":null,"גיל31_44":null,"גיל45_64":null,"גיל65_75":null,"גיל76פלוס":null,"Shape_Length":799.9999999944121,"Shape_Area":39999.99999944121},"geometry":{"type":"MultiPolygon","coordinates":[[[[34.81370062392813,31.259906740824395],[34.813693193794485,31.261710526828466],[34.815793023684584,31.261716892561985],[34.81580041388541,31.259913106107835],[34.81370062392813,31.259906740824395]]]]}},{"type":"Feature","properties":{"X":34.8168433152367,"Y":31.260815504988567,"מספר_פוליגון":1021,"גיל0_4":null,"גיל5_9":null,"גיל10_18":null,"גיל19_30":null,"גיל31_44":null,"גיל45_64":null,"גיל65_75":null,"גיל76פלוס":null,"Shape_Length":799.9999999981374,"Shape_Area":39999.999999813735},"geometry":{"type":"MultiPolygon","coordinates":[[[[34.81580041388541,31.259913106107835],[34.815793023684584,31.261716892561985],[34.81789285423988,31.26172322399062],[34.81790020450786,31.259919437088808],[34.81580041388541,31.259913106107835]]]]}},{"type":"Feature","properties":{"X":34.81894312610936,"Y":31.260821818977096,"מספר_פוליגון":1022,"גיל0_4":null,"גיל5_9":null,"גיל10_18":null,"גיל19_30":null,"גיל31_44":null,"גיל45_64":null,"גיל65_75":null,"גיל76פלוס":null,"Shape_Length":799.9999999925494,"Shape_Area":39999.99999925494},"geometry":{"type":"MultiPolygon","coordinates":[[[[34.81790020450786,31.259919437088808],[34.81789285423988,31.26172322399062],[34.81999268545675,31.26172952111432],[34.81999999579181,31.259925733767272],[34.81790020450786,31.259919437088808]]]]}},{"type":"Feature","properties":{"X":34.821042937641785,"Y":31.26082809866189,"מספר_פוליגון":1023,"גיל0_4":null,"גיל5_9":null,"גיל10_18":null,"גיל19_30":null,"גיל31_44":null,"גיל45_64":null,"גיל65_75":null,"גיל76פלוס":null,"Shape_Length":799.9999999981374,"Shape_Area":39999.999999813735},"geometry":{"type":"MultiPolygon","coordinates":[[[[34.81999999579181,31.259925733767272],[34.81999268545675,31.26172952111432],[34.82209251733166,31.26173578393306],[34.822099787733755,31.25993199614319],[34.81999999579181,31.259925733767272]]]]}},{"type":"Feature","properties":{"X":34.823142749830424,"Y":31.260834344042923,"מספר_פוליגון":1024,"גיל0_4":null,"גיל5_9":null,"גיל10_18":null,"גיל19_30":null,"גיל31_44":null,"גיל45_64":null,"גיל65_75":null,"גיל76פלוס":null,"Shape_Length":800.0,"Shape_Area":40000.0},"geometry":{"type":"MultiPolygon","coordinates":[[[[34.822099787733755,31.25993199614319],[34.82209251733166,31.26173578393306],[34.82419234986101,31.261742012446796],[34.824199580330074,31.259938224216526],[34.822099787733755,31.25993199614319]]]]}},{"type":"Feature","properties":{"X":34.825242562671654,"Y":31.260840555120144,"מספר_פוליגון":1025,"גיל0_4":null,"גיל5_9":null,"גיל10_18":null,"גיל19_30":null,"גיל31_44":null,"גיל45_64":null,"גיל65_75":null,"גיל76פלוס":null,"Shape_Length":799.9999999925494,"Shape_Area":39999.99999925494},"geometry":{"type":"MultiPolygon","coordinates":[[[[34.824199580330074,31.259938224216526],[34.82419234986101,31.261742012446796],[34.82629218304114,31.261748206655497],[34.826299373577136,31.259944417987246],[34.824199580330074,31.259938224216526]]]]}},{"type":"Feature","properties":{"X":34.82734237616189,"Y":31.260846731893523,"מספר_פוליגון":1026,"גיל0_4":null,"גיל5_9":null,"גיל10_18":null,"גיל19_30":null,"גיל31_44":null,"גיל45_64":null,"גיל65_75":null,"גיל76פלוס":null,"Shape_Length":799.9999999981374,"Shape_Area":39999.999999813735},"geometry":{"type":"MultiPolygon","coordinates":[[[[34.826299373577136,31.259944417987246],[34.82629218304114,31.261748206655497],[34.828392016868534,31.261754366559103],[34.82839916747141,31.25995057745532],[34.826299373577136,31.259944417987246]]]]}},{"type":"Feature","properties":{"X":34.749641088784166,"Y":31.26239911609081,"מספר_פוליגון":1027,"גיל0_4":null,"גיל5_9":null,"גיל10_18":null,"גיל19_30":null,"גיל31_44":null,"גיל45_64":null,"גיל65_75":null,"גיל76פלוס":null,"Shape_Length":799.9999999962747,"Shape_Area":39999.99999962747},"geometry":{"type":"MultiPolygon","coordinates":[[[[34.74859881672066,31.2614961740807],[34.74859014791737,31.263299944422112],[34.750689995340714,31.263307374112426],[34.75069862420938,31.261503603245867],[34.74859881672066,31.2614961740807]]]]}},{"type":"Feature","properties":{"X":34.75174091658141,"Y":31.262406528301618,"מספר_פוליגון":1028,"גיל0_4":null,"גיל5_9":null,"גיל10_18":null,"גיל19_30":null,"גיל31_44":null,"גיל45_64":null,"גיל65_75":null,"גיל76פלוס":null,"Shape_Length":800.0000000018626,"Shape_Area":40000.000000186265},"geometry":{"type":"MultiPolygon","coordinates":[[[[34.75069862420938,31.261503603245867],[34.750689995340714,31.263307374112426],[34.75278984354064,31.263314769496734],[34.752798432474606,31.261510998107408],[34.75069862420938,31.261503603245867]]]]}},{"type":"Feature","properties":{"X":34.7538407451534,"Y":31.262413906207595,"מספר_פוליגון":1029,"גיל0_4":null,"גיל5_9":null,"גיל10_18":null,"גיל19_30":null,"גיל31_44":null,"גיל45_64":null,"גיל65_75":null,"גיל76פלוס":null,"Shape_Length":800.0000000018626,"Shape_Area":40000.000000186265},"geometry":{"type":"MultiPolygon","coordinates":[[[[34.752798432474606,31.261510998107408],[34.75278984354064,31.263314769496734],[34.75488969251351,31.263322130574945],[34.7548982415127,31.2615183586653],[34.752798432474606,31.261510998107408]]]]}},{"type":"Feature","properties":{"X":34.75594057449648,"Y":31.26242124980869,"מספר_פוליגון":1030,"גיל0_4":14.0,"גיל5_9":13.0,"גיל10_18":20.0,"גיל19_30":27.0,"גיל31_44":35.0,"גיל45_64":36.0,"גיל65_75":25.0,"גיל76פלוס":10.0,"Shape_Length":799.9999999981374,"Shape_Area":39999.999999813735},"geometry":{"type":"MultiPolygon","coordinates":[[[[34.7548982415127,31.2615183586653],[34.75488969251351,31.263322130574945],[34.75698954225568,31.263329457347037],[34.75699805132008,31.261525684919494],[34.7548982415127,31.2615183586653]]]]}},{"type":"Feature","properties":{"X":34.758040404607094,"Y":31.262428559104844,"מספר_פוליגון":1031,"גיל0_4":1.0,"גיל5_9":4.0,"גיל10_18":10.0,"גיל19_30":20.0,"גיל31_44":6.0,"גיל45_64":20.0,"גיל65_75":4.0,"גיל76פלוס":1.0,"Shape_Length":800.0000000018626,"Shape_Area":40000.000000186265},"geometry":{"type":"MultiPolygon","coordinates":[[[[34.75699805132008,31.261525684919494],[34.75698954225568,31.263329457347037],[34.75908939276366,31.26333674981298],[34.759097861893174,31.261532976869933],[34.75699805132008,31.261525684919494]]]]}},{"type":"Feature","properties":{"X":34.76014023548163,"Y":31.26243583409604,"מספר_פוליגון":1032,"גיל0_4":null,"גיל5_9":10.0,"גיל10_18":11.0,"גיל19_30":21.0,"גיל31_44":16.0,"גיל45_64":23.0,"גיל65_75":6.0,"גיל76פלוס":1.0,"Shape_Length":799.9999999981374,"Shape_Area":39999.999999813735},"geometry":{"type":"MultiPolygon","coordinates":[[[[34.759097861893174,31.261532976869933],[34.75908939276366,31.26333674981298],[34.76118924403379,31.26334400797271],[34.76119767322835,31.261540234516602],[34.759097861893174,31.261532976869933]]]]}},{"type":"Feature","properties":{"X":34.76224006711653,"Y":31.262443074782205,"מספר_פוליגון":1033,"גיל0_4":null,"גיל5_9":null,"גיל10_18":null,"גיל19_30":null,"גיל31_44":null,"גיל45_64":null,"גיל65_75":null,"גיל76פלוס":null,"Shape_Length":800.0000000018626,"Shape_Area":40000.000000186265},"geometry":{"type":"MultiPolygon","coordinates":[[[[34.76119767322835,31.261540234516602],[34.76118924403379,31.26334400797271],[34.76328909606251,31.263351231826167],[34.76329748532209,31.26154745785942],[34.76119767322835,31.261540234516602]]]]}},{"type":"Feature","properties":{"X":34.764339899508194,"Y":31.262450281163318,"מספר_פוליגון":1034,"גיל0_4":10.0,"גיל5_9":14.0,"גיל10_18":24.0,"גיל19_30":39.0,"גיל31_44":32.0,"גיל45_64":52.0,"גיל65_75":26.0,"גיל76פלוס":17.0,"Shape_Length":800.0000000018626,"Shape_Area":40000.000000186265},"geometry":{"type":"MultiPolygon","coordinates":[[[[34.76329748532209,31.26154745785942],[34.76328909606251,31.263351231826167],[34.76538894884622,31.263358421373336],[34.76539729817074,31.261554646898386],[34.76329748532209,31.26154745785942]]]]}},{"type":"Feature","properties":{"X":34.76643973265301,"Y":31.262457453239325,"מספר_פוליגון":1035,"גיל0_4":38.0,"גיל5_9":59.0,"גיל10_18":69.0,"גיל19_30":118.0,"גיל31_44":159.0,"גיל45_64":208.0,"גיל65_75":137.0,"גיל76פלוס":80.0,"Shape_Length":799.9999999962747,"Shape_Area":39999.99999962747},"geometry":{"type":"MultiPolygon","coordinates":[[[[34.76539729817074,31.261554646898386],[34.76538894884622,31.263358421373336],[34.76748880238131,31.263365576614184],[34.7674971117707,31.2615618016334],[34.76539729817074,31.261554646898386]]]]}},{"type":"Feature","properties":{"X":34.7685395665474,"Y":31.26246459101018,"מספר_פוליגון":1036,"גיל0_4":null,"גיל5_9":1.0,"גיל10_18":1.0,"גיל19_30":2.0,"גיל31_44":null,"גיל45_64":4.0,"גיל65_75":null,"גיל76פלוס":null,"Shape_Length":800.0000000018626,"Shape_Area":40000.000000186265},"geometry":{"type":"MultiPolygon","coordinates":[[[[34.7674971117707,31.2615618016334],[34.76748880238131,31.263365576614184],[34.76958865666423,31.26337269754862],[34.76959692611846,31.261568922064487],[34.7674971117707,31.2615618016334]]]]}},{"type":"Feature","properties":{"X":34.770639401187786,"Y":31.26247169447585,"מספר_פוליגון":1037,"גיל0_4":36.0,"גיל5_9":34.0,"גיל10_18":40.0,"גיל19_30":84.0,"גיל31_44":76.0,"גיל45_64":75.0,"גיל65_75":34.0,"גיל76פלוס":22.0,"Shape_Length":799.9999999981374,"Shape_Area":39999.999999813735},"geometry":{"type":"MultiPolygon","coordinates":[[[[34.76959692611846,31.261568922064487],[34.76958865666423,31.26337269754862],[34.77168851169137,31.263379784176653],[34.77169674121034,31.26157600819155],[34.76959692611846,31.261568922064487]]]]}},{"type":"Feature","properties":{"X":34.77273923657057,"Y":31.262478763636288,"מספר_פוליגון":1038,"גיל0_4":3.0,"גיל5_9":12.0,"גיל10_18":10.0,"גיל19_30":20.0,"גיל31_44":19.0,"גיל45_64":30.0,"גיל65_75":19.0,"גיל76פלוס":5.0,"Shape_Length":800.0000000018626,"Shape_Area":40000.000000186265},"geometry":{"type":"MultiPolygon","coordinates":[[[[34.77169674121034,31.26157600819155],[34.77168851169137,31.263379784176653],[34.77378836745914,31.26338683649821],[34.773796557042836,31.261583060014576],[34.77169674121034,31.26157600819155]]]]}},{"type":"Feature","properties":{"X":34.774839072692174,"Y":31.262485798491458,"מספר_פוליגון":1039,"גיל0_4":28.0,"גיל5_9":30.0,"גיל10_18":52.0,"גיל19_30":82.0,"גיל31_44":92.0,"גיל45_64":108.0,"גיל65_75":87.0,"גיל76פלוס":47.0,"Shape_Length":799.9999999981374,"Shape_Area":39999.999999813735},"geometry":{"type":"MultiPolygon","coordinates":[[[[34.773796557042836,31.261583060014576],[34.77378836745914,31.26338683649821],[34.77588822396394,31.263393854513268],[34.775896373612284,31.261590077533512],[34.773796557042836,31.261583060014576]]]]}},{"type":"Feature","properties":{"X":34.77693890954899,"Y":31.2624927990413,"מספר_פוליגון":1040,"גיל0_4":41.0,"גיל5_9":31.0,"גיל10_18":39.0,"גיל19_30":98.0,"גיל31_44":103.0,"גיל45_64":104.0,"גיל65_75":77.0,"גיל76פלוס":51.0,"Shape_Length":800.0000000018626,"Shape_Area":40000.000000186265},"geometry":{"type":"MultiPolygon","coordinates":[[[[34.775896373612284,31.261590077533512],[34.77588822396394,31.263393854513268],[34.777988081202224,31.263400838221763],[34.77799619091515,31.261597060748315],[34.775896373612284,31.261590077533512]]]]}},{"type":"Feature","properties":{"X":34.77903874713744,"Y":31.262499765285792,"מספר_פוליגון":1041,"גיל0_4":21.0,"גיל5_9":32.0,"גיל10_18":46.0,"גיל19_30":78.0,"גיל31_44":66.0,"גיל45_64":65.0,"גיל65_75":63.0,"גיל76פלוס":95.0,"Shape_Length":800.0000000018626,"Shape_Area":40000.000000186265},"geometry":{"type":"MultiPolygon","coordinates":[[[[34.77799619091515,31.261597060748315],[34.777988081202224,31.263400838221763],[34.78008793917035,31.26340778762365],[34.78009600894781,31.261604009658953],[34.77799619091515,31.261597060748315]]]]}},{"type":"Feature","properties":{"X":34.78113858545392,"Y":31.262506697224886,"מספר_פוליגון":1042,"גיל0_4":10.0,"גיל5_9":8.0,"גיל10_18":13.0,"גיל19_30":43.0,"גיל31_44":30.0,"גיל45_64":48.0,"גיל65_75":27.0,"גיל76פלוס":29.0,"Shape_Length":799.9999999962747,"Shape_Area":39999.99999962747},"geometry":{"type":"MultiPolygon","coordinates":[[[[34.78009600894781,31.261604009658953],[34.78008793917035,31.26340778762365],[34.78218779786473,31.263414702718936],[34.782195827706666,31.26161092426538],[34.78009600894781,31.261604009658953]]]]}},{"type":"Feature","properties":{"X":34.78323842449484,"Y":31.262513594858536,"מספר_פוליגון":1043,"גיל0_4":10.0,"גיל5_9":16.0,"גיל10_18":22.0,"גיל19_30":24.0,"גיל31_44":52.0,"גיל45_64":37.0,"גיל65_75":24.0,"גיל76פלוס":25.0,"Shape_Length":800.0000000018626,"Shape_Area":40000.000000186265},"geometry":{"type":"MultiPolygon","coordinates":[[[[34.782195827706666,31.26161092426538],[34.78218779786473,31.263414702718936],[34.784287657281816,31.263421583507526],[34.784295647188166,31.261617804567543],[34.782195827706666,31.26161092426538]]]]}},{"type":"Feature","properties":{"X":34.785338264256644,"Y":31.262520458186692,"מספר_פוליגון":1044,"גיל0_4":6.0,"גיל5_9":16.0,"גיל10_18":25.0,"גיל19_30":41.0,"גיל31_44":43.0,"גיל45_64":60.0,"גיל65_75":28.0,"גיל76פלוס":28.0,"Shape_Length":799.9999999981374,"Shape_Area":39999.999999813735},"geometry":{"type":"MultiPolygon","coordinates":[[[[34.784295647188166,31.261617804567543],[34.784287657281816,31.263421583507526],[34.78638751741797,31.263428429989396],[34.786395467388694,31.261624650565416],[34.784295647188166,31.261617804567543]]]]}},{"type":"Feature","properties":{"X":34.787438104735706,"Y":31.26252728720933,"מספר_פוליגון":1045,"גיל0_4":30.0,"גיל5_9":56.0,"גיל10_18":78.0,"גיל19_30":134.0,"גיל31_44":132.0,"גיל45_64":179.0,"גיל65_75":91.0,"גיל76פלוס":76.0,"Shape_Length":800.0000000018626,"Shape_Area":40000.000000186265},"geometry":{"type":"MultiPolygon","coordinates":[[[[34.786395467388694,31.261624650565416],[34.78638751741797,31.263428429989396],[34.78848737826965,31.263435242164512],[34.788495288304674,31.261631462258944],[34.786395467388694,31.261624650565416]]]]}},{"type":"Feature","properties":{"X":34.78953794592845,"Y":31.262534081926407,"מספר_פוליגון":1046,"גיל0_4":6.0,"גיל5_9":5.0,"גיל10_18":18.0,"גיל19_30":40.0,"גיל31_44":51.0,"גיל45_64":59.0,"גיל65_75":32.0,"גיל76פלוס":42.0,"Shape_Length":799.9999999981374,"Shape_Area":39999.999999813735},"geometry":{"type":"MultiPolygon","coordinates":[[[[34.788495288304674,31.261631462258944],[34.78848737826965,31.263435242164512],[34.79058723983322,31.263442020032837],[34.7905951099325,31.261638239648093],[34.788495288304674,31.261631462258944]]]]}},{"type":"Feature","properties":{"X":34.79163778783129,"Y":31.262540842337884,"מספר_פוליגון":1047,"גיל0_4":13.0,"גיל5_9":22.0,"גיל10_18":21.0,"גיל19_30":59.0,"גיל31_44":46.0,"גיל45_64":77.0,"גיל65_75":40.0,"גיל76פלוס":42.0,"Shape_Length":800.0000000018626,"Shape_Area":40000.000000186265},"geometry":{"type":"MultiPolygon","coordinates":[[[[34.7905951099325,31.261638239648093],[34.79058723983322,31.263442020032837],[34.792687102105134,31.263448763594315],[34.7926949322686,31.261644982732836],[34.7905951099325,31.261638239648093]]]]}},{"type":"Feature","properties":{"X":34.79373763044063,"Y":31.262547568443708,"מספר_פוליגון":1048,"גיל0_4":8.0,"גיל5_9":8.0,"גיל10_18":17.0,"גיל19_30":80.0,"גיל31_44":49.0,"גיל45_64":79.0,"גיל65_75":40.0,"גיל76פלוס":63.0,"Shape_Length":800.0000000018626,"Shape_Area":40000.000000186265},"geometry":{"type":"MultiPolygon","coordinates":[[[[34.7926949322686,31.261644982732836],[34.792687102105134,31.263448763594315],[34.794786965081784,31.263455472848918],[34.79479475530939,31.261651691513137],[34.7926949322686,31.261644982732836]]]]}},{"type":"Feature","properties":{"X":34.795837473752876,"Y":31.262554260243842,"מספר_פוליגון":1049,"גיל0_4":3.0,"גיל5_9":5.0,"גיל10_18":7.0,"גיל19_30":30.0,"גיל31_44":21.0,"גיל45_64":39.0,"גיל65_75":22.0,"גיל76פלוס":20.0,"Shape_Length":799.9999999962747,"Shape_Area":39999.99999962747},"geometry":{"type":"MultiPolygon","coordinates":[[[[34.79479475530939,31.261651691513137],[34.794786965081784,31.263455472848918],[34.79688682875954,31.26346214779659],[34.79689457905124,31.26165836598892],[34.79479475530939,31.261651691513137]]]]}},{"type":"Feature","properties":{"X":34.797937317764436,"Y":31.262560917738256,"מספר_פוליגון":1050,"גיל0_4":3.0,"גיל5_9":4.0,"גיל10_18":4.0,"גיל19_30":101.0,"גיל31_44":31.0,"גיל45_64":18.0,"גיל65_75":17.0,"גיל76פלוס":11.0,"Shape_Length":800.0000000018626,"Shape_Area":40000.000000186265},"geometry":{"type":"MultiPolygon","coordinates":[[[[34.79689457905124,31.26165836598892],[34.79688682875954,31.26346214779659],[34.79898669313487,31.263468788437304],[34.79899440349061,31.261665006160158],[34.79689457905124,31.26165836598892]]]]}},{"type":"Feature","properties":{"X":34.80003716247174,"Y":31.262567540926906,"מספר_פוליגון":1051,"גיל0_4":null,"גיל5_9":null,"גיל10_18":null,"גיל19_30":null,"גיל31_44":null,"גיל45_64":null,"גיל65_75":null,"גיל76פלוס":null,"Shape_Length":799.9999999981374,"Shape_Area":39999.999999813735},"geometry":{"type":"MultiPolygon","coordinates":[[[[34.79899440349061,31.261665006160158],[34.79898669313487,31.263468788437304],[34.801086558204155,31.263475394771028],[34.80109422862385,31.261671612026827],[34.79899440349061,31.261665006160158]]]]}},{"type":"Feature","properties":{"X":34.802137007871174,"Y":31.262574129809742,"מספר_פוליגון":1052,"גיל0_4":null,"גיל5_9":null,"גיל10_18":null,"גיל19_30":1.0,"גיל31_44":2.0,"גיל45_64":3.0,"גיל65_75":null,"גיל76פלוס":null,"Shape_Length":800.0000000018626,"Shape_Area":40000.000000186265},"geometry":{"type":"MultiPolygon","coordinates":[[[[34.80109422862385,31.261671612026827],[34.801086558204155,31.263475394771028],[34.803186423963815,31.2634819667977],[34.80319405444745,31.261678183588863],[34.80109422862385,31.261671612026827]]]]}},{"type":"Feature","properties":{"X":34.80423685395917,"Y":31.26258068438673,"מספר_פוליגון":1053,"גיל0_4":null,"גיל5_9":null,"גיל10_18":null,"גיל19_30":null,"גיל31_44":null,"גיל45_64":null,"גיל65_75":null,"גיל76פלוס":null,"Shape_Length":799.9999999981374,"Shape_Area":39999.999999813735},"geometry":{"type":"MultiPolygon","coordinates":[[[[34.80319405444745,31.261678183588863],[34.803186423963815,31.2634819667977],[34.805286290410265,31.263488504517294],[34.80529388095775,31.261684720846258],[34.80319405444745,31.261678183588863]]]]}},{"type":"Feature","properties":{"X":34.80633670073212,"Y":31.262587204657837,"מספר_פוליגון":1054,"גיל0_4":null,"גיל5_9":null,"גיל10_18":null,"גיל19_30":null,"גיל31_44":null,"גיל45_64":null,"גיל65_75":null,"גיל76פלוס":null,"Shape_Length":800.0000000018626,"Shape_Area":40000.000000186265},"geometry":{"type":"MultiPolygon","coordinates":[[[[34.80529388095775,31.261684720846258],[34.805286290410265,31.263488504517294],[34.80738615753992,31.263495007929784],[34.80739370815121,31.26169122379895],[34.80529388095775,31.261684720846258]]]]}},{"type":"Feature","properties":{"X":34.80843654818646,"Y":31.262593690623028,"מספר_פוליגון":1055,"גיל0_4":null,"גיל5_9":null,"גיל10_18":null,"גיל19_30":null,"גיל31_44":null,"גיל45_64":null,"גיל65_75":null,"גיל76פלוס":null,"Shape_Length":800.0000000018626,"Shape_Area":40000.000000186265},"geometry":{"type":"MultiPolygon","coordinates":[[[[34.80739370815121,31.26169122379895],[34.80738615753992,31.263495007929784],[34.80948602534915,31.263501477035103],[34.809493536024206,31.261697692446894],[34.80739370815121,31.26169122379895]]]]}},{"type":"Feature","properties":{"X":34.810536396318554,"Y":31.262600142282256,"מספר_פוליגון":1056,"גיל0_4":null,"גיל5_9":null,"גיל10_18":null,"גיל19_30":14.0,"גיל31_44":4.0,"גיל45_64":4.0,"גיל65_75":3.0,"גיל76פלוס":1.0,"Shape_Length":799.9999999962747,"Shape_Area":39999.99999962747},"geometry":{"type":"MultiPolygon","coordinates":[[[[34.809493536024206,31.261697692446894],[34.80948602534915,31.263501477035103],[34.8115858938344,31.26350791183323],[34.811593364573156,31.261704126790093],[34.809493536024206,31.261697692446894]]]]}},{"type":"Feature","properties":{"X":34.81263624512485,"Y":31.262606559635476,"מספר_פוליגון":1057,"גיל0_4":null,"גיל5_9":null,"גיל10_18":null,"גיל19_30":null,"גיל31_44":null,"גיל45_64":null,"גיל65_75":null,"גיל76פלוס":null,"Shape_Length":800.0000000018626,"Shape_Area":40000.000000186265},"geometry":{"type":"MultiPolygon","coordinates":[[[[34.811593364573156,31.261704126790093],[34.8115858938344,31.26350791183323],[34.813685762992066,31.263514312324126],[34.813693193794485,31.261710526828466],[34.811593364573156,31.261704126790093]]]]}},{"type":"Feature","properties":{"X":34.814736094601756,"Y":31.262612942682658,"מספר_פוליגון":1058,"גיל0_4":null,"גיל5_9":null,"גיל10_18":null,"גיל19_30":null,"גיל31_44":null,"גיל45_64":null,"גיל65_75":null,"גיל76פלוס":null,"Shape_Length":799.9999999981374,"Shape_Area":39999.999999813735},"geometry":{"type":"MultiPolygon","coordinates":[[[[34.813693193794485,31.261710526828466],[34.813685762992066,31.263514312324126],[34.81578563281856,31.26352067850774],[34.815793023684584,31.261716892561985],[34.813693193794485,31.261710526828466]]]]}},{"type":"Feature","properties":{"X":34.81683594474567,"Y":31.26261929142376,"מספר_פוליגון":1059,"גיל0_4":null,"גיל5_9":null,"גיל10_18":null,"גיל19_30":null,"גיל31_44":null,"גיל45_64":null,"גיל65_75":null,"גיל76פלוס":null,"Shape_Length":800.0000000018626,"Shape_Area":40000.000000186265},"geometry":{"type":"MultiPolygon","coordinates":[[[[34.815793023684584,31.261716892561985],[34.81578563281856,31.26352067850774],[34.81788550331031,31.263527010384045],[34.81789285423988,31.26172322399062],[34.815793023684584,31.261716892561985]]]]}},{"type":"Feature","properties":{"X":34.818935795553,"Y":31.26262560585876,"מספר_פוליגון":1060,"גיל0_4":null,"גיל5_9":null,"גיל10_18":null,"גיל19_30":null,"גיל31_44":null,"גיל45_64":null,"גיל65_75":null,"גיל76פלוס":null,"Shape_Length":799.9999999962747,"Shape_Area":39999.99999962747},"geometry":{"type":"MultiPolygon","coordinates":[[[[34.81789285423988,31.26172322399062],[34.81788550331031,31.263527010384045],[34.81998537446369,31.26353330795302],[34.81999268545675,31.26172952111432],[34.81789285423988,31.26172322399062]]]]}},{"type":"Feature","properties":{"X":34.82103564702016,"Y":31.2626318859876,"מספר_פוליגון":1061,"גיל0_4":null,"גיל5_9":null,"גיל10_18":null,"גיל19_30":null,"גיל31_44":null,"גיל45_64":null,"גיל65_75":null,"גיל76פלוס":null,"Shape_Length":800.0000000018626,"Shape_Area":40000.000000186265},"geometry":{"type":"MultiPolygon","coordinates":[[[[34.81999268545675,31.26172952111432],[34.81998537446369,31.26353330795302],[34.82208524627516,31.263539571214583],[34.82209251733166,31.26173578393306],[34.81999268545675,31.26172952111432]]]]}},{"type":"Feature","properties":{"X":34.82313549914358,"Y":31.262638131810245,"מספר_פוליגון":1062,"גיל0_4":null,"גיל5_9":null,"גיל10_18":null,"גיל19_30":null,"גיל31_44":null,"גיל45_64":null,"גיל65_75":null,"גיל76פלוס":null,"Shape_Length":800.0000000037253,"Shape_Area":40000.00000037253},"geometry":{"type":"MultiPolygon","coordinates":[[[[34.82209251733166,31.26173578393306],[34.82208524627516,31.263539571214583],[34.82418511874112,31.263545800168743],[34.82419234986101,31.261742012446796],[34.82209251733166,31.26173578393306]]]]}},{"type":"Feature","properties":{"X":34.825235351919645,"Y":31.26264434332666,"מספר_פוליגון":1063,"גיל0_4":null,"גיל5_9":null,"גיל10_18":null,"גיל19_30":null,"גיל31_44":null,"גיל45_64":null,"גיל65_75":null,"גיל76פלוס":null,"Shape_Length":799.9999999962747,"Shape_Area":39999.99999962747},"geometry":{"type":"MultiPolygon","coordinates":[[[[34.82419234986101,31.261742012446796],[34.82418511874112,31.263545800168743],[34.826284991857904,31.26355199481543],[34.82629218304114,31.261748206655497],[34.82419234986101,31.261742012446796]]]]}},{"type":"Feature","properties":{"X":34.82733520534476,"Y":31.262650520536816,"מספר_פוליגון":1064,"גיל0_4":null,"גיל5_9":null,"גיל10_18":null,"גיל19_30":null,"גיל31_44":null,"גיל45_64":null,"גיל65_75":null,"גיל76פלוס":null,"Shape_Length":800.0000000018626,"Shape_Area":40000.000000186265},"geometry":{"type":"MultiPolygon","coordinates":[[[[34.82629218304114,31.261748206655497],[34.826284991857904,31.26355199481543],[34.82838486562201,31.263558155154612],[34.828392016868534,31.261754366559103],[34.82629218304114,31.261748206655497]]]]}},{"type":"Feature","properties":{"X":34.749632439634226,"Y":31.26420288645163,"מספר_פוליגון":1065,"גיל0_4":null,"גיל5_9":null,"גיל10_18":null,"גיל19_30":null,"גיל31_44":null,"גיל45_64":null,"גיל65_75":null,"גיל76פלוס":null,"Shape_Length":800.0,"Shape_Area":40000.0},"geometry":{"type":"MultiPolygon","coordinates":[[[[34.74859014791737,31.263299944422112],[34.748581478333946,31.26510371425454],[34.750681365695534,31.265111144470062],[34.750689995340714,31.263307374112426],[34.74859014791737,31.263299944422112]]]]}},{"type":"Feature","properties":{"X":34.751732307367945,"Y":31.264210299186423,"מספר_פוליגון":1066,"גיל0_4":null,"גיל5_9":null,"גיל10_18":null,"גיל19_30":null,"גיל31_44":null,"גיל45_64":null,"גיל65_75":null,"גיל76פלוס":null,"Shape_Length":800.0000000055879,"Shape_Area":40000.00000055879},"geometry":{"type":"MultiPolygon","coordinates":[[[[34.750689995340714,31.263307374112426],[34.750681365695534,31.265111144470062],[34.75278125383374,31.265118540377134],[34.75278984354064,31.263314769496734],[34.750689995340714,31.263307374112426]]]]}},{"type":"Feature","properties":{"X":34.75383217587644,"Y":31.264217677613956,"מספר_פוליגון":1067,"גיל0_4":5.0,"גיל5_9":8.0,"גיל10_18":11.0,"גיל19_30":21.0,"גיל31_44":16.0,"גיל45_64":29.0,"גיל65_75":22.0,"גיל76פלוס":3.0,"Shape_Length":800.0000000055879,"Shape_Area":40000.00000055879},"geometry":{"type":"MultiPolygon","coordinates":[[[[34.75278984354064,31.263314769496734],[34.75278125383374,31.265118540377134],[34.754881142744935,31.265125901975697],[34.75488969251351,31.263322130574945],[34.75278984354064,31.263314769496734]]]]}},{"type":"Feature","properties":{"X":34.7559320451561,"Y":31.26422502173418,"מספר_פוליגון":1068,"גיל0_4":4.0,"גיל5_9":5.0,"גיל10_18":10.0,"גיל19_30":20.0,"גיל31_44":13.0,"גיל45_64":36.0,"גיל65_75":14.0,"גיל76פלוס":12.0,"Shape_Length":800.0000000018626,"Shape_Area":40000.000000186265},"geometry":{"type":"MultiPolygon","coordinates":[[[[34.75488969251351,31.263322130574945],[34.754881142744935,31.265125901975697],[34.75698103242554,31.26513322926571],[34.75698954225568,31.263329457347037],[34.75488969251351,31.263322130574945]]]]}},{"type":"Feature","properties":{"X":34.75803191520335,"Y":31.26423233154705,"מספר_פוליגון":1069,"גיל0_4":10.0,"גיל5_9":8.0,"גיל10_18":26.0,"גיל19_30":55.0,"גיל31_44":27.0,"גיל45_64":68.0,"גיל65_75":36.0,"גיל76פלוס":15.0,"Shape_Length":800.0000000055879,"Shape_Area":40000.00000055879},"geometry":{"type":"MultiPolygon","coordinates":[[[[34.75698954225568,31.263329457347037],[34.75698103242554,31.26513322926571],[34.759080922871995,31.265140522247158],[34.75908939276366,31.26333674981298],[34.75698954225568,31.263329457347037]]]]}},{"type":"Feature","properties":{"X":34.7601317860146,"Y":31.264239607052527,"מספר_פוליגון":1070,"גיל0_4":7.0,"גיל5_9":21.0,"גיל10_18":31.0,"גיל19_30":40.0,"גיל31_44":46.0,"גיל45_64":69.0,"גיל65_75":30.0,"גיל76פלוס":15.0,"Shape_Length":800.0000000018626,"Shape_Area":40000.000000186265},"geometry":{"type":"MultiPolygon","coordinates":[[[[34.75908939276366,31.26333674981298],[34.759080922871995,31.265140522247158],[34.76118081408063,31.26514778091996],[34.76118924403379,31.26334400797271],[34.75908939276366,31.26333674981298]]]]}},{"type":"Feature","properties":{"X":34.76223165758625,"Y":31.264246848250558,"מספר_פוליגון":1071,"גיל0_4":11.0,"גיל5_9":19.0,"גיל10_18":36.0,"גיל19_30":70.0,"גיל31_44":47.0,"גיל45_64":95.0,"גיל65_75":35.0,"גיל76פלוס":16.0,"Shape_Length":800.0000000055879,"Shape_Area":40000.00000055879},"geometry":{"type":"MultiPolygon","coordinates":[[[[34.76118924403379,31.26334400797271],[34.76118081408063,31.26514778091996],[34.76328070604795,31.265155005284083],[34.76328909606251,31.263351231826167],[34.76118924403379,31.26334400797271]]]]}},{"type":"Feature","properties":{"X":34.76433152991473,"Y":31.264254055141112,"מספר_פוליגון":1072,"גיל0_4":15.0,"גיל5_9":27.0,"גיל10_18":26.0,"גיל19_30":55.0,"גיל31_44":61.0,"גיל45_64":107.0,"גיל65_75":55.0,"גיל76פלוס":31.0,"Shape_Length":800.0000000055879,"Shape_Area":40000.00000055879},"geometry":{"type":"MultiPolygon","coordinates":[[[[34.76328909606251,31.263351231826167],[34.76328070604795,31.265155005284083],[34.765380598770314,31.265162195339496],[34.76538894884622,31.263358421373336],[34.76328909606251,31.263351231826167]]]]}},{"type":"Feature","properties":{"X":34.76643140299643,"Y":31.264261227724145,"מספר_פוליגון":1073,"גיל0_4":15.0,"גיל5_9":22.0,"גיל10_18":24.0,"גיל19_30":42.0,"גיל31_44":40.0,"גיל45_64":75.0,"גיל65_75":31.0,"גיל76פלוס":25.0,"Shape_Length":800.0,"Shape_Area":40000.0},"geometry":{"type":"MultiPolygon","coordinates":[[[[34.76538894884622,31.263358421373336],[34.765380598770314,31.265162195339496],[34.76748049224411,31.26516935108614],[34.76748880238131,31.263365576614184],[34.76538894884622,31.263358421373336]]]]}},{"type":"Feature","properties":{"X":34.76853127682776,"Y":31.264268365999598,"מספר_פוליגון":1074,"גיל0_4":4.0,"גיל5_9":9.0,"גיל10_18":15.0,"גיל19_30":19.0,"גיל31_44":23.0,"גיל45_64":39.0,"גיל65_75":13.0,"גיל76פלוס":16.0,"Shape_Length":800.0000000055879,"Shape_Area":40000.00000055879},"geometry":{"type":"MultiPolygon","coordinates":[[[[34.76748880238131,31.263365576614184],[34.76748049224411,31.26516935108614],[34.76958038646581,31.265176472524],[34.76958865666423,31.26337269754862],[34.76748880238131,31.263365576614184]]]]}},{"type":"Feature","properties":{"X":34.770631151405134,"Y":31.264275469967448,"מספר_פוליגון":1075,"גיל0_4":3.0,"גיל5_9":null,"גיל10_18":1.0,"גיל19_30":7.0,"גיל31_44":null,"גיל45_64":4.0,"גיל65_75":2.0,"גיל76פלוס":null,"Shape_Length":800.0000000018626,"Shape_Area":40000.000000186265},"geometry":{"type":"MultiPolygon","coordinates":[[[[34.76958865666423,31.26337269754862],[34.76958038646581,31.265176472524],[34.77168028143175,31.265183559652986],[34.77168851169137,31.263379784176653],[34.76958865666423,31.26337269754862]]]]}},{"type":"Feature","properties":{"X":34.772731026724976,"Y":31.264282539627636,"מספר_פוליגון":1076,"גיל0_4":28.0,"גיל5_9":33.0,"גיל10_18":28.0,"גיל19_30":54.0,"גיל31_44":62.0,"גיל45_64":80.0,"גיל65_75":46.0,"גיל76פלוס":23.0,"Shape_Length":800.0000000055879,"Shape_Area":40000.00000055879},"geometry":{"type":"MultiPolygon","coordinates":[[[[34.77168851169137,31.263379784176653],[34.77168028143175,31.265183559652986],[34.77378017713842,31.265190612473095],[34.77378836745914,31.26338683649821],[34.77168851169137,31.263379784176653]]]]}},{"type":"Feature","properties":{"X":34.774830902783684,"Y":31.26428957498014,"מספר_פוליגון":1077,"גיל0_4":29.0,"גיל5_9":44.0,"גיל10_18":57.0,"גיל19_30":80.0,"גיל31_44":83.0,"גיל45_64":109.0,"גיל65_75":25.0,"גיל76פלוס":37.0,"Shape_Length":800.0000000018626,"Shape_Area":40000.000000186265},"geometry":{"type":"MultiPolygon","coordinates":[[[[34.77378836745914,31.26338683649821],[34.77378017713842,31.265190612473095],[34.775880073582165,31.265197630984286],[34.77588822396394,31.263393854513268],[34.77378836745914,31.26338683649821]]]]}},{"type":"Feature","properties":{"X":34.776930779577675,"Y":31.2642965760249,"מספר_פוליגון":1078,"גיל0_4":14.0,"גיל5_9":25.0,"גיל10_18":54.0,"גיל19_30":119.0,"גיל31_44":107.0,"גיל45_64":96.0,"גיל65_75":62.0,"גיל76פלוס":44.0,"Shape_Length":800.0000000055879,"Shape_Area":40000.00000055879},"geometry":{"type":"MultiPolygon","coordinates":[[[[34.77588822396394,31.263393854513268],[34.775880073582165,31.265197630984286],[34.777979970759425,31.265204615186487],[34.777988081202224,31.263400838221763],[34.77588822396394,31.263393854513268]]]]}},{"type":"Feature","properties":{"X":34.779030657103355,"Y":31.26430354276188,"מספר_פוליגון":1079,"גיל0_4":60.0,"גיל5_9":111.0,"גיל10_18":76.0,"גיל19_30":172.0,"גיל31_44":201.0,"גיל45_64":190.0,"גיל65_75":160.0,"גיל76פלוס":163.0,"Shape_Length":800.0000000055879,"Shape_Area":40000.00000055879},"geometry":{"type":"MultiPolygon","coordinates":[[[[34.777988081202224,31.263400838221763],[34.777979970759425,31.265204615186487],[34.78007986866661,31.26521156507968],[34.78008793917035,31.26340778762365],[34.777988081202224,31.263400838221763]]]]}},{"type":"Feature","properties":{"X":34.781130535357114,"Y":31.264310475191042,"מספר_פוליגון":1080,"גיל0_4":67.0,"גיל5_9":76.0,"גיל10_18":92.0,"גיל19_30":173.0,"גיל31_44":162.0,"גיל45_64":172.0,"גיל65_75":81.0,"גיל76פלוס":49.0,"Shape_Length":800.0,"Shape_Area":40000.0},"geometry":{"type":"MultiPolygon","coordinates":[[[[34.78008793917035,31.26340778762365],[34.78007986866661,31.26521156507968],[34.782179767300114,31.265218480663805],[34.78218779786473,31.263414702718936],[34.78008793917035,31.26340778762365]]]]}},{"type":"Feature","properties":{"X":34.783230414335385,"Y":31.264317373312334,"מספר_פוליגון":1081,"גיל0_4":30.0,"גיל5_9":42.0,"גיל10_18":43.0,"גיל19_30":94.0,"גיל31_44":94.0,"גיל45_64":115.0,"גיל65_75":55.0,"גיל76פלוס":42.0,"Shape_Length":800.0000000055879,"Shape_Area":40000.00000055879},"geometry":{"type":"MultiPolygon","coordinates":[[[[34.78218779786473,31.263414702718936],[34.782179767300114,31.265218480663805],[34.78427966665636,31.265225361938853],[34.784287657281816,31.263421583507526],[34.78218779786473,31.263414702718936]]]]}},{"type":"Feature","properties":{"X":34.78533029403458,"Y":31.264324237125727,"מספר_פוליגון":1082,"גיל0_4":44.0,"גיל5_9":80.0,"גיל10_18":95.0,"גיל19_30":130.0,"גיל31_44":203.0,"גיל45_64":191.0,"גיל65_75":85.0,"גיל76פלוס":67.0,"Shape_Length":800.0000000018626,"Shape_Area":40000.000000186265},"geometry":{"type":"MultiPolygon","coordinates":[[[[34.784287657281816,31.263421583507526],[34.78427966665636,31.265225361938853],[34.78637956673174,31.26523220890475],[34.78638751741797,31.263428429989396],[34.784287657281816,31.263421583507526]]]]}},{"type":"Feature","properties":{"X":34.787430174451096,"Y":31.264331066631172,"מספר_פוליגון":1083,"גיל0_4":8.0,"גיל5_9":16.0,"גיל10_18":15.0,"גיל19_30":30.0,"גיל31_44":26.0,"גיל45_64":41.0,"גיל65_75":24.0,"גיל76פלוס":24.0,"Shape_Length":800.0000000055879,"Shape_Area":40000.00000055879},"geometry":{"type":"MultiPolygon","coordinates":[[[[34.78638751741797,31.263428429989396],[34.78637956673174,31.26523220890475],[34.788479467522706,31.26523902156147],[34.78848737826965,31.263435242164512],[34.78638751741797,31.263428429989396]]]]}},{"type":"Feature","properties":{"X":34.78953005558135,"Y":31.26433786182863,"מספר_פוליגון":1084,"גיל0_4":6.0,"גיל5_9":8.0,"גיל10_18":12.0,"גיל19_30":28.0,"גיל31_44":20.0,"גיל45_64":48.0,"גיל65_75":33.0,"גיל76פלוס":107.0,"Shape_Length":800.0000000018626,"Shape_Area":40000.000000186265},"geometry":{"type":"MultiPolygon","coordinates":[[[[34.78848737826965,31.263435242164512],[34.788479467522706,31.26523902156147],[34.790579369025615,31.265245799908964],[34.79058723983322,31.263442020032837],[34.78848737826965,31.263435242164512]]]]}},{"type":"Feature","properties":{"X":34.79162993742175,"Y":31.264344622718063,"מספר_פוליגון":1085,"גיל0_4":13.0,"גיל5_9":21.0,"גיל10_18":19.0,"גיל19_30":55.0,"גיל31_44":63.0,"גיל45_64":109.0,"גיל65_75":71.0,"גיל76פלוס":78.0,"Shape_Length":800.0000000055879,"Shape_Area":40000.00000055879},"geometry":{"type":"MultiPolygon","coordinates":[[[[34.79058723983322,31.263442020032837],[34.790579369025615,31.265245799908964],[34.79267927123692,31.26525254394721],[34.792687102105134,31.263448763594315],[34.79058723983322,31.263442020032837]]]]}},{"type":"Feature","properties":{"X":34.793729819968725,"Y":31.26435134929943,"מספר_פוליגון":1086,"גיל0_4":5.0,"גיל5_9":11.0,"גיל10_18":21.0,"גיל19_30":77.0,"גיל31_44":70.0,"גיל45_64":87.0,"גיל65_75":73.0,"גיל76פלוס":43.0,"Shape_Length":800.0000000055879,"Shape_Area":40000.00000055879},"geometry":{"type":"MultiPolygon","coordinates":[[[[34.792687102105134,31.263448763594315],[34.79267927123692,31.26525254394721],[34.794779174153014,31.265259253676128],[34.794786965081784,31.263455472848918],[34.792687102105134,31.263448763594315]]]]}},{"type":"Feature","properties":{"X":34.795829703218644,"Y":31.264358041572684,"מספר_פוליגון":1087,"גיל0_4":3.0,"גיל5_9":10.0,"גיל10_18":14.0,"גיל19_30":37.0,"גיל31_44":20.0,"גיל45_64":34.0,"גיל65_75":15.0,"גיל76פלוס":13.0,"Shape_Length":800.0,"Shape_Area":40000.0},"geometry":{"type":"MultiPolygon","coordinates":[[[[34.794786965081784,31.263455472848918],[34.794779174153014,31.265259253676128],[34.796879077770285,31.265265929095726],[34.79688682875954,31.26346214779659],[34.794786965081784,31.263455472848918]]]]}},{"type":"Feature","properties":{"X":34.79792958716795,"Y":31.264364699537797,"מספר_פוליגון":1088,"גיל0_4":4.0,"גיל5_9":null,"גיל10_18":1.0,"גיל19_30":88.0,"גיל31_44":15.0,"גיל45_64":20.0,"גיל65_75":16.0,"גיל76פלוס":11.0,"Shape_Length":800.0000000055879,"Shape_Area":40000.00000055879},"geometry":{"type":"MultiPolygon","coordinates":[[[[34.79688682875954,31.26346214779659],[34.796879077770285,31.265265929095726],[34.798978982085174,31.265272570205934],[34.79898669313487,31.263468788437304],[34.79688682875954,31.26346214779659]]]]}},{"type":"Feature","properties":{"X":34.80002947181303,"Y":31.264371323194716,"מספר_פוליגון":1089,"גיל0_4":3.0,"גיל5_9":5.0,"גיל10_18":10.0,"גיל19_30":109.0,"גיל31_44":18.0,"גיל45_64":30.0,"גיל65_75":10.0,"גיל76פלוס":10.0,"Shape_Length":800.0000000018626,"Shape_Area":40000.000000186265},"geometry":{"type":"MultiPolygon","coordinates":[[[[34.79898669313487,31.263468788437304],[34.798978982085174,31.265272570205934],[34.80107888709408,31.26527917700672],[34.801086558204155,31.263475394771028],[34.79898669313487,31.263468788437304]]]]}},{"type":"Feature","properties":{"X":34.802129357150314,"Y":31.26437791254341,"מספר_פוליגון":1090,"גיל0_4":null,"גיל5_9":null,"גיל10_18":null,"גיל19_30":8.0,"גיל31_44":1.0,"גיל45_64":3.0,"גיל65_75":null,"גיל76פלוס":2.0,"Shape_Length":800.0000000055879,"Shape_Area":40000.00000055879},"geometry":{"type":"MultiPolygon","coordinates":[[[[34.801086558204155,31.263475394771028],[34.80107888709408,31.26527917700672],[34.803178792793425,31.265285749498037],[34.803186423963815,31.2634819667977],[34.801086558204155,31.263475394771028]]]]}},{"type":"Feature","properties":{"X":34.8042292431762,"Y":31.26438446758383,"מספר_פוליגון":1091,"גיל0_4":null,"גיל5_9":null,"גיל10_18":null,"גיל19_30":null,"גיל31_44":null,"גיל45_64":null,"גיל65_75":null,"גיל76פלוס":null,"Shape_Length":800.0000000018626,"Shape_Area":40000.000000186265},"geometry":{"type":"MultiPolygon","coordinates":[[[[34.803186423963815,31.2634819667977],[34.803178792793425,31.265285749498037],[34.80527869917958,31.265292287679877],[34.805286290410265,31.263488504517294],[34.803186423963815,31.2634819667977]]]]}},{"type":"Feature","properties":{"X":34.806329129887104,"Y":31.26439098831595,"מספר_פוליגון":1092,"גיל0_4":null,"גיל5_9":null,"גיל10_18":null,"גיל19_30":null,"גיל31_44":null,"גיל45_64":null,"גיל65_75":null,"גיל76פלוס":null,"Shape_Length":800.0000000055879,"Shape_Area":40000.00000055879},"geometry":{"type":"MultiPolygon","coordinates":[[[[34.805286290410265,31.263488504517294],[34.80527869917958,31.265292287679877],[34.80737860624901,31.26529879155216],[34.80738615753992,31.263495007929784],[34.805286290410265,31.263488504517294]]]]}},{"type":"Feature","properties":{"X":34.80842901727945,"Y":31.26439747473972,"מספר_פוליגון":1093,"גיל0_4":10.0,"גיל5_9":15.0,"גיל10_18":15.0,"גיל19_30":29.0,"גיל31_44":20.0,"גיל45_64":30.0,"גיל65_75":9.0,"גיל76פלוס":3.0,"Shape_Length":800.0000000055879,"Shape_Area":40000.00000055879},"geometry":{"type":"MultiPolygon","coordinates":[[[[34.80738615753992,31.263495007929784],[34.80737860624901,31.26529879155216],[34.80947851399808,31.265305261114854],[34.80948602534915,31.263501477035103],[34.80738615753992,31.263495007929784]]]]}},{"type":"Feature","properties":{"X":34.810528905349614,"Y":31.264403926855117,"מספר_פוליגון":1094,"גיל0_4":16.0,"גיל5_9":21.0,"גיל10_18":6.0,"גיל19_30":23.0,"גיל31_44":37.0,"גיל45_64":17.0,"גיל65_75":14.0,"גיל76פלוס":2.0,"Shape_Length":800.0,"Shape_Area":40000.0},"geometry":{"type":"MultiPolygon","coordinates":[[[[34.80948602534915,31.263501477035103],[34.80947851399808,31.265305261114854],[34.811578422423196,31.265311696367956],[34.8115858938344,31.26350791183323],[34.80948602534915,31.263501477035103]]]]}},{"type":"Feature","properties":{"X":34.81262879409401,"Y":31.264410344662082,"מספר_פוליגון":1095,"גיל0_4":12.0,"גיל5_9":17.0,"גיל10_18":8.0,"גיל19_30":9.0,"גיל31_44":39.0,"גיל45_64":17.0,"גיל65_75":8.0,"גיל76פלוס":null,"Shape_Length":800.0000000055879,"Shape_Area":40000.00000055879},"geometry":{"type":"MultiPolygon","coordinates":[[[[34.8115858938344,31.26350791183323],[34.811578422423196,31.265311696367956],[34.81367833152082,31.26531809731138],[34.813685762992066,31.263514312324126],[34.8115858938344,31.26350791183323]]]]}},{"type":"Feature","properties":{"X":34.81472868350908,"Y":31.264416728160583,"מספר_פוליגון":1096,"גיל0_4":null,"גיל5_9":null,"גיל10_18":null,"גיל19_30":null,"גיל31_44":null,"גיל45_64":null,"גיל65_75":null,"גיל76פלוס":null,"Shape_Length":800.0000000018626,"Shape_Area":40000.000000186265},"geometry":{"type":"MultiPolygon","coordinates":[[[[34.813685762992066,31.263514312324126],[34.81367833152082,31.26531809731138],[34.81577824128731,31.265324463945117],[34.81578563281856,31.26352067850774],[34.813685762992066,31.263514312324126]]]]}},{"type":"Feature","properties":{"X":34.81682857359121,"Y":31.264423077350592,"מספר_פוליגון":1097,"גיל0_4":null,"גיל5_9":null,"גיל10_18":null,"גיל19_30":null,"גיל31_44":null,"גיל45_64":null,"גיל65_75":null,"גיל76פלוס":null,"Shape_Length":800.0000000055879,"Shape_Area":40000.00000055879},"geometry":{"type":"MultiPolygon","coordinates":[[[[34.81578563281856,31.26352067850774],[34.81577824128731,31.265324463945117],[34.81787815171911,31.265330796269136],[34.81788550331031,31.263527010384045],[34.81578563281856,31.26352067850774]]]]}},{"type":"Feature","properties":{"X":34.81892846433681,"Y":31.264429392232064,"מספר_פוליגון":1098,"גיל0_4":null,"גיל5_9":null,"גיל10_18":null,"גיל19_30":null,"גיל31_44":null,"גיל45_64":null,"גיל65_75":null,"גיל76פלוס":null,"Shape_Length":800.0,"Shape_Area":40000.0},"geometry":{"type":"MultiPolygon","coordinates":[[[[34.81788550331031,31.263527010384045],[34.81787815171911,31.265330796269136],[34.819978062812574,31.265337094283357],[34.81998537446369,31.26353330795302],[34.81788550331031,31.263527010384045]]]]}},{"type":"Feature","properties":{"X":34.82102835574229,"Y":31.26443567280496,"מספר_פוליגון":1099,"גיל0_4":null,"גיל5_9":null,"גיל10_18":null,"גיל19_30":null,"גיל31_44":null,"גיל45_64":null,"גיל65_75":null,"גיל76פלוס":null,"Shape_Length":800.0000000055879,"Shape_Area":40000.00000055879},"geometry":{"type":"MultiPolygon","coordinates":[[[[34.81998537446369,31.26353330795302],[34.819978062812574,31.265337094283357],[34.82207797456419,31.26534335798779],[34.82208524627516,31.263539571214583],[34.81998537446369,31.26353330795302]]]]}},{"type":"Feature","properties":{"X":34.82312824780409,"Y":31.26444191906924,"מספר_פוליגון":1100,"גיל0_4":null,"גיל5_9":null,"גיל10_18":null,"גיל19_30":null,"גיל31_44":null,"גיל45_64":null,"גיל65_75":null,"גיל76פלוס":null,"Shape_Length":800.0000000074506,"Shape_Area":40000.00000074506},"geometry":{"type":"MultiPolygon","coordinates":[[[[34.82208524627516,31.263539571214583],[34.82207797456419,31.26534335798779],[34.82417788697034,31.26534958738236],[34.82418511874112,31.263545800168743],[34.82208524627516,31.263539571214583]]]]}},{"type":"Feature","properties":{"X":34.82522814051857,"Y":31.264448131024874,"מספר_פוליגון":1101,"גיל0_4":null,"גיל5_9":null,"גיל10_18":null,"גיל19_30":null,"גיל31_44":null,"גיל45_64":null,"גיל65_75":null,"גיל76פלוס":null,"Shape_Length":800.0,"Shape_Area":40000.0},"geometry":{"type":"MultiPolygon","coordinates":[[[[34.82418511874112,31.263545800168743],[34.82417788697034,31.26534958738236],[34.82627780002738,31.265355782467054],[34.826284991857904,31.26355199481543],[34.82418511874112,31.263545800168743]]]]}},{"type":"Feature","properties":{"X":34.82732803388216,"Y":31.264454308671816,"מספר_פוליגון":1102,"גיל0_4":null,"גיל5_9":null,"גיל10_18":null,"גיל19_30":null,"גיל31_44":null,"גיל45_64":null,"גיל65_75":null,"גיל76פלוס":null,"Shape_Length":800.0000000055879,"Shape_Area":40000.00000055879},"geometry":{"type":"MultiPolygon","coordinates":[[[[34.826284991857904,31.26355199481543],[34.82627780002738,31.265355782467054],[34.82837771373179,31.26536194324184],[34.82838486562201,31.263558155154612],[34.826284991857904,31.26355199481543]]]]}},{"type":"Feature","properties":{"X":34.74962378970595,"Y":31.266006656303468,"מספר_פוליגון":1103,"גיל0_4":3.0,"גיל5_9":5.0,"גיל10_18":6.0,"גיל19_30":8.0,"גיל31_44":5.0,"גיל45_64":10.0,"גיל65_75":1.0,"גיל76פלוס":1.0,"Shape_Length":799.9999999962747,"Shape_Area":39999.99999962747},"geometry":{"type":"MultiPolygon","coordinates":[[[[34.748581478333946,31.26510371425454],[34.74857280797034,31.266907483577924],[34.750672735273746,31.26691491431868],[34.750681365695534,31.265111144470062],[34.748581478333946,31.26510371425454]]]]}},{"type":"Feature","properties":{"X":34.7517236973797,"Y":31.266014069562253,"מספר_פוליגון":1104,"גיל0_4":7.0,"גיל5_9":19.0,"גיל10_18":21.0,"גיל19_30":22.0,"גיל31_44":25.0,"גיל45_64":29.0,"גיל65_75":6.0,"גיל76פלוס":null,"Shape_Length":800.0000000018626,"Shape_Area":40000.000000186265},"geometry":{"type":"MultiPolygon","coordinates":[[[[34.750681365695534,31.265111144470062],[34.750672735273746,31.26691491431868],[34.75277266335384,31.26692231074853],[34.75278125383374,31.265118540377134],[34.750681365695534,31.265111144470062]]]]}},{"type":"Feature","properties":{"X":34.7538236058283,"Y":31.26602144851136,"מספר_פוליגון":1105,"גיל0_4":22.0,"גיל5_9":37.0,"גיל10_18":40.0,"גיל19_30":66.0,"גיל31_44":69.0,"גיל45_64":86.0,"גיל65_75":16.0,"גיל76פלוס":11.0,"Shape_Length":800.0000000018626,"Shape_Area":40000.000000186265},"geometry":{"type":"MultiPolygon","coordinates":[[[[34.75278125383374,31.265118540377134],[34.75277266335384,31.26692231074853],[34.75487259220698,31.266929672867462],[34.754881142744935,31.265125901975697],[34.75278125383374,31.265118540377134]]]]}},{"type":"Feature","properties":{"X":34.75592351504813,"Y":31.266028793150735,"מספר_פוליגון":1106,"גיל0_4":18.0,"גיל5_9":21.0,"גיל10_18":33.0,"גיל19_30":80.0,"גיל31_44":52.0,"גיל45_64":108.0,"גיל65_75":53.0,"גיל76פלוס":22.0,"Shape_Length":799.9999999981374,"Shape_Area":39999.999999813735},"geometry":{"type":"MultiPolygon","coordinates":[[[[34.754881142744935,31.265125901975697],[34.75487259220698,31.266929672867462],[34.75697252182958,31.266937000675437],[34.75698103242554,31.26513322926571],[34.754881142744935,31.265125901975697]]]]}},{"type":"Feature","properties":{"X":34.75802342503561,"Y":31.266036103480328,"מספר_פוליגון":1107,"גיל0_4":9.0,"גיל5_9":19.0,"גיל10_18":21.0,"גיל19_30":59.0,"גיל31_44":35.0,"גיל45_64":59.0,"גיל65_75":28.0,"גיל76פלוס":17.0,"Shape_Length":800.0000000018626,"Shape_Area":40000.000000186265},"geometry":{"type":"MultiPolygon","coordinates":[[[[34.75698103242554,31.26513322926571],[34.75697252182958,31.266937000675437],[34.759072452218085,31.266944294172383],[34.759080922871995,31.265140522247158],[34.75698103242554,31.26513322926571]]]]}},{"type":"Feature","properties":{"X":34.76012333578715,"Y":31.26604337950011,"מספר_פוליגון":1108,"גיל0_4":15.0,"גיל5_9":32.0,"גיל10_18":33.0,"גיל19_30":50.0,"גיל31_44":65.0,"גיל45_64":93.0,"גיל65_75":55.0,"גיל76פלוס":32.0,"Shape_Length":799.9999999981374,"Shape_Area":39999.999999813735},"geometry":{"type":"MultiPolygon","coordinates":[[[[34.759080922871995,31.265140522247158],[34.759072452218085,31.266944294172383],[34.761172383368844,31.266951553358286],[34.76118081408063,31.26514778091996],[34.759080922871995,31.265140522247158]]]]}},{"type":"Feature","properties":{"X":34.762223247299154,"Y":31.266050621210027,"מספר_פוליגון":1109,"גיל0_4":31.0,"גיל5_9":44.0,"גיל10_18":38.0,"גיל19_30":102.0,"גיל31_44":111.0,"גיל45_64":183.0,"גיל65_75":75.0,"גיל76פלוס":68.0,"Shape_Length":800.0000000018626,"Shape_Area":40000.000000186265},"geometry":{"type":"MultiPolygon","coordinates":[[[[34.76118081408063,31.26514778091996],[34.761172383368844,31.266951553358286],[34.763272315278336,31.266958778233104],[34.76328070604795,31.265155005284083],[34.76118081408063,31.26514778091996]]]]}},{"type":"Feature","properties":{"X":34.764323159568036,"Y":31.266057828610045,"מספר_פוליגון":1110,"גיל0_4":19.0,"גיל5_9":35.0,"גיל10_18":44.0,"גיל19_30":77.0,"גיל31_44":92.0,"גיל45_64":158.0,"גיל65_75":96.0,"גיל76פלוס":59.0,"Shape_Length":800.0000000018626,"Shape_Area":40000.000000186265},"geometry":{"type":"MultiPolygon","coordinates":[[[[34.76328070604795,31.265155005284083],[34.763272315278336,31.266958778233104],[34.765372247942935,31.266965968796768],[34.765380598770314,31.265162195339496],[34.76328070604795,31.265155005284083]]]]}},{"type":"Feature","properties":{"X":34.76642307259021,"Y":31.26606500170012,"מספר_פוליגון":1111,"גיל0_4":10.0,"גיל5_9":19.0,"גיל10_18":26.0,"גיל19_30":53.0,"גיל31_44":50.0,"גיל45_64":100.0,"גיל65_75":45.0,"גיל76פלוס":21.0,"Shape_Length":799.9999999962747,"Shape_Area":39999.99999962747},"geometry":{"type":"MultiPolygon","coordinates":[[[[34.765380598770314,31.265162195339496],[34.765372247942935,31.266965968796768],[34.76747218135903,31.26697312504926],[34.76748049224411,31.26516935108614],[34.765380598770314,31.265162195339496]]]]}},{"type":"Feature","properties":{"X":34.768522986362065,"Y":31.266072140480205,"מספר_פוליגון":1112,"גיל0_4":6.0,"גיל5_9":8.0,"גיל10_18":17.0,"גיל19_30":34.0,"גיל31_44":35.0,"גיל45_64":58.0,"גיל65_75":20.0,"גיל76פלוס":10.0,"Shape_Length":800.0000000018626,"Shape_Area":40000.000000186265},"geometry":{"type":"MultiPolygon","coordinates":[[[[34.76748049224411,31.26516935108614],[34.76747218135903,31.26697312504926],[34.769572115523076,31.26698024699052],[34.76958038646581,31.265176472524],[34.76748049224411,31.26516935108614]]]]}},{"type":"Feature","properties":{"X":34.77062290088003,"Y":31.266079244950237,"מספר_פוליגון":1113,"גיל0_4":17.0,"גיל5_9":32.0,"גיל10_18":33.0,"גיל19_30":48.0,"גיל31_44":74.0,"גיל45_64":76.0,"גיל65_75":49.0,"גיל76פלוס":20.0,"Shape_Length":799.9999999981374,"Shape_Area":39999.999999813735},"geometry":{"type":"MultiPolygon","coordinates":[[[[34.76958038646581,31.265176472524],[34.769572115523076,31.26698024699052],[34.77167205043145,31.266987334620524],[34.77168028143175,31.265183559652986],[34.76958038646581,31.265176472524]]]]}},{"type":"Feature","properties":{"X":34.77272281614051,"Y":31.2660863151102,"מספר_פוליגון":1114,"גיל0_4":32.0,"גיל5_9":70.0,"גיל10_18":60.0,"גיל19_30":108.0,"גיל31_44":118.0,"גיל45_64":166.0,"גיל65_75":82.0,"גיל76פלוס":45.0,"Shape_Length":800.0000000018626,"Shape_Area":40000.000000186265},"geometry":{"type":"MultiPolygon","coordinates":[[[[34.77168028143175,31.265183559652986],[34.77167205043145,31.266987334620524],[34.77377198608058,31.2669943879392],[34.77378017713842,31.265190612473095],[34.77168028143175,31.265183559652986]]]]}},{"type":"Feature","properties":{"X":34.774822732139924,"Y":31.266093350960055,"מספר_פוליגון":1115,"גיל0_4":44.0,"גיל5_9":74.0,"גיל10_18":112.0,"גיל19_30":171.0,"גיל31_44":160.0,"גיל45_64":272.0,"גיל65_75":143.0,"גיל76פלוס":101.0,"Shape_Length":799.9999999981374,"Shape_Area":39999.999999813735},"geometry":{"type":"MultiPolygon","coordinates":[[[[34.77378017713842,31.265190612473095],[34.77377198608058,31.2669943879392],[34.77587192246686,31.267001406946527],[34.775880073582165,31.265197630984286],[34.77378017713842,31.265190612473095]]]]}},{"type":"Feature","properties":{"X":34.77692264887467,"Y":31.266100352499755,"מספר_פוליגון":1116,"גיל0_4":54.0,"גיל5_9":77.0,"גיל10_18":85.0,"גיל19_30":155.0,"גיל31_44":175.0,"גיל45_64":227.0,"גיל65_75":104.0,"גיל76פלוס":52.0,"Shape_Length":800.0000000018626,"Shape_Area":40000.000000186265},"geometry":{"type":"MultiPolygon","coordinates":[[[[34.775880073582165,31.265197630984286],[34.77587192246686,31.267001406946527],[34.777971859586714,31.267008391642463],[34.777979970759425,31.265204615186487],[34.775880073582165,31.265197630984286]]]]}},{"type":"Feature","properties":{"X":34.77902256634117,"Y":31.266107319729247,"מספר_פוליגון":1117,"גיל0_4":98.0,"גיל5_9":134.0,"גיל10_18":101.0,"גיל19_30":127.0,"גיל31_44":134.0,"גיל45_64":113.0,"גיל65_75":21.0,"גיל76פלוס":12.0,"Shape_Length":800.0000000018626,"Shape_Area":40000.000000186265},"geometry":{"type":"MultiPolygon","coordinates":[[[[34.777979970759425,31.265204615186487],[34.777971859586714,31.267008391642463],[34.78007179743655,31.26701534202696],[34.78007986866661,31.26521156507968],[34.777979970759425,31.265204615186487]]]]}},{"type":"Feature","properties":{"X":34.78112248453581,"Y":31.266114252648492,"מספר_פוליגון":1118,"גיל0_4":72.0,"גיל5_9":128.0,"גיל10_18":100.0,"גיל19_30":134.0,"גיל31_44":141.0,"גיל45_64":114.0,"גיל65_75":38.0,"גיל76פלוס":26.0,"Shape_Length":799.9999999962747,"Shape_Area":39999.99999962747},"geometry":{"type":"MultiPolygon","coordinates":[[[[34.78007986866661,31.26521156507968],[34.78007179743655,31.26701534202696],[34.78217173601274,31.26702225809997],[34.782179767300114,31.265218480663805],[34.78007986866661,31.26521156507968]]]]}},{"type":"Feature","properties":{"X":34.78322240345501,"Y":31.26612115125745,"מספר_פוליגון":1119,"גיל0_4":61.0,"גיל5_9":80.0,"גיל10_18":88.0,"גיל19_30":135.0,"גיל31_44":142.0,"גיל45_64":175.0,"גיל65_75":72.0,"גיל76פלוס":35.0,"Shape_Length":800.0000000018626,"Shape_Area":40000.000000186265},"geometry":{"type":"MultiPolygon","coordinates":[[[[34.782179767300114,31.265218480663805],[34.78217173601274,31.26702225809997],[34.784271675311764,31.267029139861467],[34.78427966665636,31.265225361938853],[34.782179767300114,31.265218480663805]]]]}},{"type":"Feature","properties":{"X":34.78532232309519,"Y":31.26612801555609,"מספר_פוליגון":1120,"גיל0_4":18.0,"גיל5_9":34.0,"גיל10_18":33.0,"גיל19_30":58.0,"גיל31_44":65.0,"גיל45_64":90.0,"גיל65_75":39.0,"גיל76פלוס":28.0,"Shape_Length":799.9999999981374,"Shape_Area":39999.999999813735},"geometry":{"type":"MultiPolygon","coordinates":[[[[34.78427966665636,31.265225361938853],[34.784271675311764,31.267029139861467],[34.78637161532996,31.267035987311417],[34.78637956673174,31.26523220890475],[34.78427966665636,31.265225361938853]]]]}},{"type":"Feature","properties":{"X":34.78742224345275,"Y":31.26613484554436,"מספר_פוליגון":1121,"גיל0_4":null,"גיל5_9":null,"גיל10_18":null,"גיל19_30":null,"גיל31_44":null,"גיל45_64":null,"גיל65_75":null,"גיל76פלוס":null,"Shape_Length":800.0000000018626,"Shape_Area":40000.000000186265},"geometry":{"type":"MultiPolygon","coordinates":[[[[34.78637956673174,31.26523220890475],[34.78637161532996,31.267035987311417],[34.788471556063804,31.267042800449747],[34.788479467522706,31.26523902156147],[34.78637956673174,31.26523220890475]]]]}},{"type":"Feature","properties":{"X":34.789522164524115,"Y":31.26614164122222,"מספר_פוליגון":1122,"גיל0_4":19.0,"גיל5_9":38.0,"גיל10_18":53.0,"גיל19_30":86.0,"גיל31_44":75.0,"גיל45_64":145.0,"גיל65_75":66.0,"גיל76פלוס":39.0,"Shape_Length":799.9999999981374,"Shape_Area":39999.999999813735},"geometry":{"type":"MultiPolygon","coordinates":[[[[34.788479467522706,31.26523902156147],[34.788471556063804,31.267042800449747],[34.79057149750964,31.267049579276446],[34.790579369025615,31.265245799908964],[34.788479467522706,31.26523902156147]]]]}},{"type":"Feature","properties":{"X":34.79162208630567,"Y":31.266148402589632,"מספר_פוליגון":1123,"גיל0_4":4.0,"גיל5_9":9.0,"גיל10_18":9.0,"גיל19_30":24.0,"גיל31_44":12.0,"גיל45_64":23.0,"גיל65_75":16.0,"גיל76פלוס":12.0,"Shape_Length":800.0000000018626,"Shape_Area":40000.000000186265},"geometry":{"type":"MultiPolygon","coordinates":[[[[34.790579369025615,31.265245799908964],[34.79057149750964,31.267049579276446],[34.79267143966395,31.267056323791454],[34.79267927123692,31.26525254394721],[34.790579369025615,31.265245799908964]]]]}},{"type":"Feature","properties":{"X":34.79372200879386,"Y":31.266155129646556,"מספר_פוליגון":1124,"גיל0_4":12.0,"גיל5_9":14.0,"גיל10_18":25.0,"גיל19_30":73.0,"גיל31_44":42.0,"גיל45_64":70.0,"גיל65_75":48.0,"גיל76פלוס":110.0,"Shape_Length":800.0000000018626,"Shape_Area":40000.000000186265},"geometry":{"type":"MultiPolygon","coordinates":[[[[34.79267927123692,31.26525254394721],[34.79267143966395,31.267056323791454],[34.79477138252307,31.267063033994738],[34.794779174153014,31.265259253676128],[34.79267927123692,31.26525254394721]]]]}},{"type":"Feature","properties":{"X":34.795821931985046,"Y":31.26616182239295,"מספר_פוליגון":1125,"גיל0_4":11.0,"גיל5_9":8.0,"גיל10_18":17.0,"גיל19_30":65.0,"גיל31_44":27.0,"גיל45_64":54.0,"גיל65_75":24.0,"גיל76פלוס":34.0,"Shape_Length":799.9999999962747,"Shape_Area":39999.99999962747},"geometry":{"type":"MultiPolygon","coordinates":[[[[34.794779174153014,31.265259253676128],[34.79477138252307,31.267063033994738],[34.796871326083426,31.26706970988625],[34.796879077770285,31.265265929095726],[34.794779174153014,31.265259253676128]]]]}},{"type":"Feature","properties":{"X":34.797921855875664,"Y":31.266168480828767,"מספר_פוליגון":1126,"גיל0_4":1.0,"גיל5_9":11.0,"גיל10_18":13.0,"גיל19_30":109.0,"גיל31_44":40.0,"גיל45_64":32.0,"גיל65_75":23.0,"גיל76פלוס":17.0,"Shape_Length":800.0000000018626,"Shape_Area":40000.000000186265},"geometry":{"type":"MultiPolygon","coordinates":[[[[34.796879077770285,31.265265929095726],[34.796871326083426,31.26706970988625],[34.79897127034148,31.267076351465978],[34.798978982085174,31.265272570205934],[34.796879077770285,31.265265929095726]]]]}},{"type":"Feature","properties":{"X":34.80002178046213,"Y":31.266175104953977,"מספר_פוליגון":1127,"גיל0_4":7.0,"גיל5_9":10.0,"גיל10_18":14.0,"גיל19_30":133.0,"גיל31_44":35.0,"גיל45_64":51.0,"גיל65_75":29.0,"גיל76פלוס":25.0,"Shape_Length":799.9999999981374,"Shape_Area":39999.999999813735},"geometry":{"type":"MultiPolygon","coordinates":[[[[34.798978982085174,31.265272570205934],[34.79897127034148,31.267076351465978],[34.80107121529359,31.267082958733848],[34.80107888709408,31.26527917700672],[34.798978982085174,31.265272570205934]]]]}},{"type":"Feature","properties":{"X":34.802121705740845,"Y":31.26618169476854,"מספר_פוליגון":1128,"גיל0_4":19.0,"גיל5_9":14.0,"גיל10_18":15.0,"גיל19_30":186.0,"גיל31_44":60.0,"גיל45_64":110.0,"גיל65_75":35.0,"גיל76פלוס":41.0,"Shape_Length":800.0000000018626,"Shape_Area":40000.000000186265},"geometry":{"type":"MultiPolygon","coordinates":[[[[34.80107888709408,31.26527917700672],[34.80107121529359,31.267082958733848],[34.80317116093619,31.267089531689837],[34.803178792793425,31.265285749498037],[34.80107888709408,31.26527917700672]]]]}},{"type":"Feature","properties":{"X":34.804221631708224,"Y":31.266188250272414,"מספר_פוליגון":1129,"גיל0_4":null,"גיל5_9":null,"גיל10_18":null,"גיל19_30":null,"גיל31_44":null,"גיל45_64":null,"גיל65_75":null,"גיל76פלוס":null,"Shape_Length":799.9999999981374,"Shape_Area":39999.999999813735},"geometry":{"type":"MultiPolygon","coordinates":[[[[34.803178792793425,31.265285749498037],[34.80317116093619,31.267089531689837],[34.80527110726566,31.26709607033391],[34.80527869917958,31.265292287679877],[34.803178792793425,31.265285749498037]]]]}},{"type":"Feature","properties":{"X":34.80632155836067,"Y":31.266194771465557,"מספר_פוליגון":1130,"גיל0_4":null,"גיל5_9":null,"גיל10_18":null,"גיל19_30":null,"גיל31_44":null,"גיל45_64":null,"גיל65_75":null,"גיל76פלוס":null,"Shape_Length":800.0000000018626,"Shape_Area":40000.000000186265},"geometry":{"type":"MultiPolygon","coordinates":[[[[34.80527869917958,31.265292287679877],[34.80527110726566,31.26709607033391],[34.807371054278455,31.267102574666016],[34.80737860624901,31.26529879155216],[34.80527869917958,31.265292287679877]]]]}},{"type":"Feature","properties":{"X":34.80842148569461,"Y":31.266201258347934,"מספר_פוליגון":1131,"גיל0_4":10.0,"גיל5_9":11.0,"גיל10_18":24.0,"גיל19_30":51.0,"גיל31_44":22.0,"גיל45_64":50.0,"גיל65_75":12.0,"גיל76פלוס":2.0,"Shape_Length":800.0000000018626,"Shape_Area":40000.000000186265},"geometry":{"type":"MultiPolygon","coordinates":[[[[34.80737860624901,31.26529879155216],[34.807371054278455,31.267102574666016],[34.809471001970955,31.26710904468612],[34.80947851399808,31.265305261114854],[34.80737860624901,31.26529879155216]]]]}},{"type":"Feature","properties":{"X":34.81052141370642,"Y":31.266207710919513,"מספר_פוליגון":1132,"גיל0_4":4.0,"גיל5_9":7.0,"גיל10_18":13.0,"גיל19_30":36.0,"גיל31_44":17.0,"גיל45_64":36.0,"גיל65_75":12.0,"גיל76פלוס":3.0,"Shape_Length":799.9999999962747,"Shape_Area":39999.99999962747},"geometry":{"type":"MultiPolygon","coordinates":[[[[34.80947851399808,31.265305261114854],[34.809471001970955,31.26710904468612],[34.81157095033955,31.267115480394178],[34.811578422423196,31.265311696367956],[34.80947851399808,31.265305261114854]]]]}},{"type":"Feature","properties":{"X":34.81262134239252,"Y":31.266214129180238,"מספר_פוליגון":1133,"גיל0_4":20.0,"גיל5_9":19.0,"גיל10_18":22.0,"גיל19_30":44.0,"גיל31_44":59.0,"גיל45_64":57.0,"גיל65_75":33.0,"גיל76פלוס":12.0,"Shape_Length":800.0000000018626,"Shape_Area":40000.000000186265},"geometry":{"type":"MultiPolygon","coordinates":[[[[34.811578422423196,31.265311696367956],[34.81157095033955,31.267115480394178],[34.81367089938069,31.26712188179017],[34.81367833152082,31.26531809731138],[34.811578422423196,31.265311696367956]]]]}},{"type":"Feature","properties":{"X":34.814721271749335,"Y":31.266220513130087,"מספר_פוליגון":1134,"גיל0_4":22.0,"גיל5_9":16.0,"גיל10_18":16.0,"גיל19_30":21.0,"גיל31_44":40.0,"גיל45_64":24.0,"גיל65_75":13.0,"גיל76פלוס":2.0,"Shape_Length":799.9999999981374,"Shape_Area":39999.999999813735},"geometry":{"type":"MultiPolygon","coordinates":[[[[34.81367833152082,31.26531809731138],[34.81367089938069,31.26712188179017],[34.81577084909076,31.267128248874034],[34.81577824128731,31.265324463945117],[34.81367833152082,31.26531809731138]]]]}},{"type":"Feature","properties":{"X":34.81682120177328,"Y":31.266226862769013,"מספר_פוליגון":1135,"גיל0_4":null,"גיל5_9":null,"גיל10_18":null,"גיל19_30":null,"גיל31_44":null,"גיל45_64":null,"גיל65_75":null,"גיל76פלוס":null,"Shape_Length":800.0000000018626,"Shape_Area":40000.000000186265},"geometry":{"type":"MultiPolygon","coordinates":[[[[34.81577824128731,31.265324463945117],[34.81577084909076,31.267128248874034],[34.81787079946618,31.26713458164575],[34.81787815171911,31.265330796269136],[34.81577824128731,31.265324463945117]]]]}},{"type":"Feature","properties":{"X":34.81892113246074,"Y":31.26623317809697,"מספר_פוליגון":1136,"גיל0_4":null,"גיל5_9":null,"גיל10_18":null,"גיל19_30":null,"גיל31_44":null,"גיל45_64":null,"גיל65_75":null,"גיל76פלוס":null,"Shape_Length":799.9999999962747,"Shape_Area":39999.99999962747},"geometry":{"type":"MultiPolygon","coordinates":[[[[34.81787815171911,31.265330796269136],[34.81787079946618,31.26713458164575],[34.819970750503344,31.267140880105277],[34.819978062812574,31.265337094283357],[34.81787815171911,31.265330796269136]]]]}},{"type":"Feature","properties":{"X":34.821021063808125,"Y":31.266239459113933,"מספר_פוליגון":1137,"גיל0_4":null,"גיל5_9":null,"גיל10_18":null,"גיל19_30":null,"גיל31_44":null,"גיל45_64":null,"גיל65_75":null,"גיל76פלוס":null,"Shape_Length":800.0000000018626,"Shape_Area":40000.000000186265},"geometry":{"type":"MultiPolygon","coordinates":[[[[34.819978062812574,31.265337094283357],[34.819970750503344,31.267140880105277],[34.822070702198694,31.267147144252576],[34.82207797456419,31.26534335798779],[34.819978062812574,31.265337094283357]]]]}},{"type":"Feature","properties":{"X":34.8231209958119,"Y":31.266245705819873,"מספר_פוליגון":1138,"גיל0_4":null,"גיל5_9":null,"גיל10_18":null,"גיל19_30":null,"גיל31_44":null,"גיל45_64":null,"גיל65_75":null,"גיל76פלוס":null,"Shape_Length":800.0000000037253,"Shape_Area":40000.00000037253},"geometry":{"type":"MultiPolygon","coordinates":[[[[34.82207797456419,31.26534335798779],[34.822070702198694,31.267147144252576],[34.82417065454863,31.267153374087595],[34.82417788697034,31.26534958738236],[34.82207797456419,31.26534335798779]]]]}},{"type":"Feature","properties":{"X":34.82522092846839,"Y":31.266251918214735,"מספר_פוליגון":1139,"גיל0_4":null,"גיל5_9":null,"גיל10_18":null,"גיל19_30":null,"גיל31_44":null,"גיל45_64":null,"גיל65_75":null,"גיל76פלוס":null,"Shape_Length":799.9999999962747,"Shape_Area":39999.99999962747},"geometry":{"type":"MultiPolygon","coordinates":[[[[34.82417788697034,31.26534958738236],[34.82417065454863,31.267153374087595],[34.82627060754952,31.267159569610325],[34.82627780002738,31.265355782467054],[34.82417788697034,31.26534958738236]]]]}},{"type":"Feature","properties":{"X":34.82732086177405,"Y":31.266258096298483,"מספר_פוליגון":1140,"גיל0_4":null,"גיל5_9":null,"גיל10_18":null,"גיל19_30":null,"גיל31_44":null,"גיל45_64":null,"גיל65_75":null,"גיל76פלוס":null,"Shape_Length":800.0000000018626,"Shape_Area":40000.000000186265},"geometry":{"type":"MultiPolygon","coordinates":[[[[34.82627780002738,31.265355782467054],[34.82627060754952,31.267159569610325],[34.828370561197815,31.2671657308207],[34.82837771373179,31.26536194324184],[34.82627780002738,31.265355782467054]]]]}},{"type":"Feature","properties":{"X":34.74961513899924,"Y":31.267810425646296,"מספר_פוליגון":1141,"גיל0_4":8.0,"גיל5_9":22.0,"גיל10_18":16.0,"גיל19_30":15.0,"גיל31_44":24.0,"גיל45_64":25.0,"גיל65_75":4.0,"גיל76פלוס":2.0,"Shape_Length":800.0,"Shape_Area":40000.0},"geometry":{"type":"MultiPolygon","coordinates":[[[[34.74857280797034,31.266907483577924],[34.748564136826516,31.268711252392333],[34.75066410407532,31.268718683658296],[34.750672735273746,31.26691491431868],[34.74857280797034,31.266907483577924]]]]}},{"type":"Feature","properties":{"X":34.751715086616635,"Y":31.267817839429092,"מספר_פוליגון":1142,"גיל0_4":8.0,"גיל5_9":21.0,"גיל10_18":27.0,"גיל19_30":12.0,"גיל31_44":33.0,"גיל45_64":32.0,"גיל65_75":10.0,"גיל76פלוס":null,"Shape_Length":800.0000000055879,"Shape_Area":40000.00000055879},"geometry":{"type":"MultiPolygon","coordinates":[[[[34.750672735273746,31.26691491431868],[34.75066410407532,31.268718683658296],[34.75276407210088,31.268726080610957],[34.75277266335384,31.26692231074853],[34.750672735273746,31.26691491431868]]]]}},{"type":"Feature","properties":{"X":34.753815035008934,"Y":31.26782521889979,"מספר_פוליגון":1143,"גיל0_4":13.0,"גיל5_9":36.0,"גיל10_18":39.0,"גיל19_30":31.0,"גיל31_44":46.0,"גיל45_64":51.0,"גיל65_75":15.0,"גיל76פלוס":4.0,"Shape_Length":800.0000000055879,"Shape_Area":40000.00000055879},"geometry":{"type":"MultiPolygon","coordinates":[[[[34.75277266335384,31.26692231074853],[34.75276407210088,31.268726080610957],[34.75486404089955,31.26873344325028],[34.75487259220698,31.266929672867462],[34.75277266335384,31.26692231074853]]]]}},{"type":"Feature","properties":{"X":34.75591498417253,"Y":31.26783256405833,"מספר_פוליגון":1144,"גיל0_4":19.0,"גיל5_9":39.0,"גיל10_18":32.0,"גיל19_30":50.0,"גיל31_44":71.0,"גיל45_64":75.0,"גיל65_75":25.0,"גיל76פלוס":7.0,"Shape_Length":800.0000000018626,"Shape_Area":40000.000000186265},"geometry":{"type":"MultiPolygon","coordinates":[[[[34.75487259220698,31.266929672867462],[34.75486404089955,31.26873344325028],[34.75696401046773,31.268740771576212],[34.75697252182958,31.266937000675437],[34.75487259220698,31.266929672867462]]]]}},{"type":"Feature","properties":{"X":34.75801493410383,"Y":31.267839874904674,"מספר_פוליגון":1145,"גיל0_4":24.0,"גיל5_9":40.0,"גיל10_18":44.0,"גיל19_30":78.0,"גיל31_44":75.0,"גיל45_64":117.0,"גיל65_75":52.0,"גיל76פלוס":21.0,"Shape_Length":800.0000000055879,"Shape_Area":40000.00000055879},"geometry":{"type":"MultiPolygon","coordinates":[[[[34.75697252182958,31.266937000675437],[34.75696401046773,31.268740771576212],[34.75906398080189,31.268748065588717],[34.759072452218085,31.266944294172383],[34.75697252182958,31.266937000675437]]]]}},{"type":"Feature","properties":{"X":34.760114884799236,"Y":31.267847151438783,"מספר_פוליגון":1146,"גיל0_4":43.0,"גיל5_9":74.0,"גיל10_18":54.0,"גיל19_30":98.0,"גיל31_44":133.0,"גיל45_64":162.0,"גיל65_75":89.0,"גיל76פלוס":60.0,"Shape_Length":800.0000000018626,"Shape_Area":40000.000000186265},"geometry":{"type":"MultiPolygon","coordinates":[[[[34.759072452218085,31.266944294172383],[34.75906398080189,31.268748065588717],[34.76116395189837,31.268755325287753],[34.761172383368844,31.266951553358286],[34.759072452218085,31.266944294172383]]]]}},{"type":"Feature","properties":{"X":34.762214836255175,"Y":31.267854393660606,"מספר_פוליגון":1147,"גיל0_4":25.0,"גיל5_9":45.0,"גיל10_18":42.0,"גיל19_30":68.0,"גיל31_44":81.0,"גיל45_64":113.0,"גיל65_75":49.0,"גיל76פלוס":37.0,"Shape_Length":800.0000000055879,"Shape_Area":40000.00000055879},"geometry":{"type":"MultiPolygon","coordinates":[[[[34.761172383368844,31.266951553358286],[34.76116395189837,31.268755325287753],[34.76326392375363,31.268762550673245],[34.763272315278336,31.266958778233104],[34.761172383368844,31.266951553358286]]]]}},{"type":"Feature","properties":{"X":34.76431478846806,"Y":31.267861601570107,"מספר_פוליגון":1148,"גיל0_4":26.0,"גיל5_9":35.0,"גיל10_18":36.0,"גיל19_30":76.0,"גיל31_44":83.0,"גיל45_64":86.0,"גיל65_75":46.0,"גיל76פלוס":40.0,"Shape_Length":800.0000000055879,"Shape_Area":40000.00000055879},"geometry":{"type":"MultiPolygon","coordinates":[[[[34.763272315278336,31.266958778233104],[34.76326392375363,31.268762550673245],[34.76536389636405,31.2687697417452],[34.765372247942935,31.266965968796768],[34.763272315278336,31.266958778233104]]]]}},{"type":"Feature","properties":{"X":34.76641474143428,"Y":31.26786877516724,"מספר_פוליגון":1149,"גיל0_4":16.0,"גיל5_9":45.0,"גיל10_18":52.0,"גיל19_30":53.0,"גיל31_44":92.0,"גיל45_64":118.0,"גיל65_75":57.0,"גיל76פלוס":26.0,"Shape_Length":800.0,"Shape_Area":40000.0},"geometry":{"type":"MultiPolygon","coordinates":[[[[34.765372247942935,31.266965968796768],[34.76536389636405,31.2687697417452],[34.767463869726015,31.268776898503532],[34.76747218135903,31.26697312504926],[34.765372247942935,31.266965968796768]]]]}},{"type":"Feature","properties":{"X":34.76851469515026,"Y":31.26787591445196,"מספר_פוליגון":1150,"גיל0_4":19.0,"גיל5_9":36.0,"גיל10_18":43.0,"גיל19_30":67.0,"גיל31_44":79.0,"גיל45_64":143.0,"גיל65_75":46.0,"גיל76פלוס":23.0,"Shape_Length":800.0000000055879,"Shape_Area":40000.00000055879},"geometry":{"type":"MultiPolygon","coordinates":[[[[34.76747218135903,31.26697312504926],[34.767463869726015,31.268776898503532],[34.76956384383602,31.268784020948257],[34.769572115523076,31.26698024699052],[34.76747218135903,31.26697312504926]]]]}},{"type":"Feature","properties":{"X":34.770614649612405,"Y":31.267883019424215,"מספר_פוליגון":1151,"גיל0_4":22.0,"גיל5_9":42.0,"גיל10_18":39.0,"גיל19_30":64.0,"גיל31_44":73.0,"גיל45_64":100.0,"גיל65_75":36.0,"גיל76פלוס":21.0,"Shape_Length":800.0000000018626,"Shape_Area":40000.000000186265},"geometry":{"type":"MultiPolygon","coordinates":[[[[34.769572115523076,31.26698024699052],[34.76956384383602,31.268784020948257],[34.7716638186904,31.268791109079245],[34.77167205043145,31.266987334620524],[34.769572115523076,31.26698024699052]]]]}},{"type":"Feature","properties":{"X":34.772714604817125,"Y":31.26789009008397,"מספר_פוליגון":1152,"גיל0_4":45.0,"גיל5_9":59.0,"גיל10_18":76.0,"גיל19_30":133.0,"גיל31_44":117.0,"גיל45_64":196.0,"גיל65_75":81.0,"גיל76פלוס":43.0,"Shape_Length":800.0000000055879,"Shape_Area":40000.00000055879},"geometry":{"type":"MultiPolygon","coordinates":[[[[34.77167205043145,31.266987334620524],[34.7716638186904,31.268791109079245],[34.77376379428559,31.268798162896505],[34.77377198608058,31.2669943879392],[34.77167205043145,31.266987334620524]]]]}},{"type":"Feature","properties":{"X":34.774814560760824,"Y":31.2678971264312,"מספר_פוליגון":1153,"גיל0_4":82.0,"גיל5_9":103.0,"גיל10_18":71.0,"גיל19_30":114.0,"גיל31_44":183.0,"גיל45_64":176.0,"גיל65_75":80.0,"גיל76פלוס":40.0,"Shape_Length":800.0000000018626,"Shape_Area":40000.000000186265},"geometry":{"type":"MultiPolygon","coordinates":[[[[34.77377198608058,31.2669943879392],[34.77376379428559,31.268798162896505],[34.77586377061799,31.26880518240002],[34.77587192246686,31.267001406946527],[34.77377198608058,31.2669943879392]]]]}},{"type":"Feature","properties":{"X":34.77691451743992,"Y":31.267904128465847,"מספר_פוליגון":1154,"גיל0_4":40.0,"גיל5_9":74.0,"גיל10_18":36.0,"גיל19_30":89.0,"גיל31_44":91.0,"גיל45_64":80.0,"גיל65_75":69.0,"גיל76פלוס":22.0,"Shape_Length":800.0000000055879,"Shape_Area":40000.00000055879},"geometry":{"type":"MultiPolygon","coordinates":[[[[34.77587192246686,31.267001406946527],[34.77586377061799,31.26880518240002],[34.777963747684026,31.26881216758969],[34.777971859586714,31.267008391642463],[34.77587192246686,31.267001406946527]]]]}},{"type":"Feature","properties":{"X":34.77901447485083,"Y":31.26791109618787,"מספר_פוליגון":1155,"גיל0_4":36.0,"גיל5_9":53.0,"גיל10_18":78.0,"גיל19_30":90.0,"גיל31_44":42.0,"גיל45_64":83.0,"גיל65_75":22.0,"גיל76פלוס":7.0,"Shape_Length":800.0000000055879,"Shape_Area":40000.00000055879},"geometry":{"type":"MultiPolygon","coordinates":[[[[34.777971859586714,31.267008391642463],[34.777963747684026,31.26881216758969],[34.7800637254801,31.26881911846551],[34.78007179743655,31.26701534202696],[34.777971859586714,31.267008391642463]]]]}},{"type":"Feature","properties":{"X":34.78111443298993,"Y":31.267918029597222,"מספר_פוליגון":1156,"גיל0_4":31.0,"גיל5_9":63.0,"גיל10_18":112.0,"גיל19_30":114.0,"גיל31_44":52.0,"גיל45_64":91.0,"גיל65_75":29.0,"גיל76פלוס":1.0,"Shape_Length":800.0,"Shape_Area":40000.0},"geometry":{"type":"MultiPolygon","coordinates":[[[[34.78007179743655,31.26701534202696],[34.7800637254801,31.26881911846551],[34.782163704002585,31.268826035027427],[34.78217173601274,31.26702225809997],[34.78007179743655,31.26701534202696]]]]}},{"type":"Feature","properties":{"X":34.78321439185366,"Y":31.267924928693862,"מספר_פוליגון":1157,"גיל0_4":1.0,"גיל5_9":5.0,"גיל10_18":8.0,"גיל19_30":7.0,"גיל31_44":3.0,"גיל45_64":7.0,"גיל65_75":4.0,"גיל76פלוס":115.0,"Shape_Length":800.0000000055879,"Shape_Area":40000.00000055879},"geometry":{"type":"MultiPolygon","coordinates":[[[[34.78217173601274,31.26702225809997],[34.782163704002585,31.268826035027427],[34.78426368324796,31.268832917275407],[34.784271675311764,31.267029139861467],[34.78217173601274,31.26702225809997]]]]}},{"type":"Feature","properties":{"X":34.78531435143842,"Y":31.26793179347776,"מספר_פוליגון":1158,"גיל0_4":12.0,"גיל5_9":11.0,"גיל10_18":14.0,"גיל19_30":20.0,"גיל31_44":25.0,"גיל45_64":31.0,"גיל65_75":17.0,"גיל76פלוס":4.0,"Shape_Length":800.0000000018626,"Shape_Area":40000.000000186265},"geometry":{"type":"MultiPolygon","coordinates":[[[[34.784271675311764,31.267029139861467],[34.78426368324796,31.268832917275407],[34.78636366321256,31.2688397652094],[34.78637161532996,31.267035987311417],[34.784271675311764,31.267029139861467]]]]}},{"type":"Feature","properties":{"X":34.78741431174062,"Y":31.267938623948872,"מספר_פוליגון":1159,"גיל0_4":8.0,"גיל5_9":20.0,"גיל10_18":24.0,"גיל19_30":39.0,"גיל31_44":37.0,"גיל45_64":70.0,"גיל65_75":28.0,"גיל76פלוס":21.0,"Shape_Length":800.0000000055879,"Shape_Area":40000.00000055879},"geometry":{"type":"MultiPolygon","coordinates":[[[[34.78637161532996,31.267035987311417],[34.78636366321256,31.2688397652094],[34.78846364389287,31.268846578829383],[34.788471556063804,31.267042800449747],[34.78637161532996,31.267035987311417]]]]}},{"type":"Feature","properties":{"X":34.78951427275667,"Y":31.26794542010715,"מספר_פוליגון":1160,"גיל0_4":1.0,"גיל5_9":6.0,"גיל10_18":3.0,"גיל19_30":15.0,"גיל31_44":13.0,"גיל45_64":13.0,"גיל65_75":8.0,"גיל76פלוס":8.0,"Shape_Length":800.0000000018626,"Shape_Area":40000.000000186265},"geometry":{"type":"MultiPolygon","coordinates":[[[[34.788471556063804,31.267042800449747],[34.78846364389287,31.268846578829383],[34.79056362528523,31.26885335813529],[34.79057149750964,31.267049579276446],[34.788471556063804,31.267042800449747]]]]}},{"type":"Feature","properties":{"X":34.791614234482985,"Y":31.26795218195256,"מספר_פוליגון":1161,"גיל0_4":15.0,"גיל5_9":21.0,"גיל10_18":31.0,"גיל19_30":35.0,"גיל31_44":63.0,"גיל45_64":49.0,"גיל65_75":30.0,"גיל76פלוס":14.0,"Shape_Length":800.0000000055879,"Shape_Area":40000.00000055879},"geometry":{"type":"MultiPolygon","coordinates":[[[[34.79057149750964,31.267049579276446],[34.79056362528523,31.26885335813529],[34.792663607386096,31.26886010312708],[34.79267143966395,31.267056323791454],[34.79057149750964,31.267049579276446]]]]}},{"type":"Feature","properties":{"X":34.79371419691597,"Y":31.267958909485063,"מספר_פוליגון":1162,"גיל0_4":78.0,"גיל5_9":82.0,"גיל10_18":107.0,"גיל19_30":258.0,"גיל31_44":230.0,"גיל45_64":425.0,"גיל65_75":286.0,"גיל76פלוס":301.0,"Shape_Length":800.0000000055879,"Shape_Area":40000.00000055879},"geometry":{"type":"MultiPolygon","coordinates":[[[[34.79267143966395,31.267056323791454],[34.792663607386096,31.26886010312708],[34.79476359019186,31.26886681380474],[34.79477138252307,31.267063033994738],[34.79267143966395,31.267056323791454]]]]}},{"type":"Feature","properties":{"X":34.79581416005202,"Y":31.267965602704606,"מספר_פוליגון":1163,"גיל0_4":22.0,"גיל5_9":31.0,"גיל10_18":20.0,"גיל19_30":77.0,"גיל31_44":73.0,"גיל45_64":80.0,"גיל65_75":32.0,"גיל76פלוס":30.0,"Shape_Length":800.0,"Shape_Area":40000.0},"geometry":{"type":"MultiPolygon","coordinates":[[[[34.79477138252307,31.267063033994738],[34.79476359019186,31.26886681380474],[34.796863573698914,31.268873490168207],[34.796871326083426,31.26706970988625],[34.79477138252307,31.267063033994738]]]]}},{"type":"Feature","properties":{"X":34.79791412388755,"Y":31.267972261611156,"מספר_פוליגון":1164,"גיל0_4":4.0,"גיל5_9":7.0,"גיל10_18":14.0,"גיל19_30":72.0,"גיל31_44":40.0,"גיל45_64":43.0,"גיל65_75":28.0,"גיל76פלוס":29.0,"Shape_Length":800.0000000055879,"Shape_Area":40000.00000055879},"geometry":{"type":"MultiPolygon","coordinates":[[[[34.796871326083426,31.26706970988625],[34.796863573698914,31.268873490168207],[34.7989635579037,31.26888013221745],[34.79897127034148,31.267076351465978],[34.796871326083426,31.26706970988625]]]]}},{"type":"Feature","properties":{"X":34.80001408841898,"Y":31.267978886204673,"מספר_פוליגון":1165,"גיל0_4":12.0,"גיל5_9":12.0,"גיל10_18":19.0,"גיל19_30":109.0,"גיל31_44":36.0,"גיל45_64":62.0,"גיל65_75":22.0,"גיל76פלוס":46.0,"Shape_Length":800.0000000018626,"Shape_Area":40000.000000186265},"geometry":{"type":"MultiPolygon","coordinates":[[[[34.79897127034148,31.267076351465978],[34.7989635579037,31.26888013221745],[34.80106354280261,31.26888673995244],[34.80107121529359,31.267082958733848],[34.79897127034148,31.267076351465978]]]]}},{"type":"Feature","properties":{"X":34.802114053642725,"Y":31.267985476485123,"מספר_פוליגון":1166,"גיל0_4":5.0,"גיל5_9":14.0,"גיל10_18":12.0,"גיל19_30":37.0,"גיל31_44":27.0,"גיל45_64":27.0,"גיל65_75":30.0,"גיל76פלוס":15.0,"Shape_Length":800.0000000055879,"Shape_Area":40000.00000055879},"geometry":{"type":"MultiPolygon","coordinates":[[[[34.80107121529359,31.267082958733848],[34.80106354280261,31.26888673995244],[34.80316352839206,31.268893313373102],[34.80317116093619,31.267089531689837],[34.80107121529359,31.267082958733848]]]]}},{"type":"Feature","properties":{"X":34.804214019555175,"Y":31.267992032452465,"מספר_פוליגון":1167,"גיל0_4":null,"גיל5_9":null,"גיל10_18":1.0,"גיל19_30":2.0,"גיל31_44":null,"גיל45_64":2.0,"גיל65_75":null,"גיל76פלוס":null,"Shape_Length":800.0000000018626,"Shape_Area":40000.000000186265},"geometry":{"type":"MultiPolygon","coordinates":[[[[34.80317116093619,31.267089531689837],[34.80316352839206,31.268893313373102],[34.80526351466843,31.268899852479425],[34.80527110726566,31.26709607033391],[34.80317116093619,31.267089531689837]]]]}},{"type":"Feature","properties":{"X":34.80631398615276,"Y":31.26799855410665,"מספר_פוליגון":1168,"גיל0_4":2.0,"גיל5_9":5.0,"גיל10_18":6.0,"גיל19_30":25.0,"גיל31_44":18.0,"גיל45_64":33.0,"גיל65_75":11.0,"גיל76פלוס":8.0,"Shape_Length":800.0000000055879,"Shape_Area":40000.00000055879},"geometry":{"type":"MultiPolygon","coordinates":[[[[34.80527110726566,31.26709607033391],[34.80526351466843,31.268899852479425],[34.80736350162818,31.268906357271373],[34.807371054278455,31.267102574666016],[34.80527110726566,31.26709607033391]]]]}},{"type":"Feature","properties":{"X":34.808413953431874,"Y":31.26800504144765,"מספר_פוליגון":1169,"גיל0_4":8.0,"גיל5_9":8.0,"גיל10_18":20.0,"גיל19_30":51.0,"גיל31_44":27.0,"גיל45_64":54.0,"גיל65_75":29.0,"גיל76פלוס":11.0,"Shape_Length":800.0000000055879,"Shape_Area":40000.00000055879},"geometry":{"type":"MultiPolygon","coordinates":[[[[34.807371054278455,31.267102574666016],[34.80736350162818,31.268906357271373],[34.809463489267706,31.268912827748885],[34.809471001970955,31.26710904468612],[34.807371054278455,31.267102574666016]]]]}},{"type":"Feature","properties":{"X":34.81051392138892,"Y":31.268011494475427,"מספר_פוליגון":1170,"גיל0_4":9.0,"גיל5_9":15.0,"גיל10_18":15.0,"גיל19_30":47.0,"גיל31_44":34.0,"גיל45_64":51.0,"גיל65_75":33.0,"גיל76פלוס":4.0,"Shape_Length":800.0,"Shape_Area":40000.0},"geometry":{"type":"MultiPolygon","coordinates":[[[[34.809471001970955,31.26710904468612],[34.809463489267706,31.268912827748885],[34.811563477583356,31.268919263911954],[34.81157095033955,31.267115480394178],[34.809471001970955,31.26710904468612]]]]}},{"type":"Feature","properties":{"X":34.812613890020316,"Y":31.268017913189937,"מספר_פוליגון":1171,"גיל0_4":9.0,"גיל5_9":12.0,"גיל10_18":34.0,"גיל19_30":61.0,"גיל31_44":29.0,"גיל45_64":71.0,"גיל65_75":16.0,"גיל76פלוס":10.0,"Shape_Length":800.0000000055879,"Shape_Area":40000.00000055879},"geometry":{"type":"MultiPolygon","coordinates":[[[[34.81157095033955,31.267115480394178],[34.811563477583356,31.268919263911954],[34.813663466571626,31.26892566576052],[34.81367089938069,31.26712188179017],[34.81157095033955,31.267115480394178]]]]}},{"type":"Feature","properties":{"X":34.814713859322474,"Y":31.268024297591136,"מספר_פוליגון":1172,"גיל0_4":5.0,"גיל5_9":14.0,"גיל10_18":13.0,"גיל19_30":37.0,"גיל31_44":21.0,"גיל45_64":40.0,"גיל65_75":25.0,"גיל76פלוס":19.0,"Shape_Length":800.0000000018626,"Shape_Area":40000.000000186265},"geometry":{"type":"MultiPolygon","coordinates":[[[[34.81367089938069,31.26712188179017],[34.813663466571626,31.26892566576052],[34.81576345622886,31.268932033294533],[34.81577084909076,31.267128248874034],[34.81367089938069,31.26712188179017]]]]}},{"type":"Feature","properties":{"X":34.81681382929182,"Y":31.268030647678998,"מספר_פוליגון":1173,"גיל0_4":6.0,"גיל5_9":4.0,"גיל10_18":9.0,"גיל19_30":13.0,"גיל31_44":10.0,"גיל45_64":17.0,"גיל65_75":13.0,"גיל76פלוס":2.0,"Shape_Length":800.0000000055879,"Shape_Area":40000.00000055879},"geometry":{"type":"MultiPolygon","coordinates":[[[[34.81577084909076,31.267128248874034],[34.81576345622886,31.268932033294533],[34.81786344655151,31.268938366513986],[34.81787079946618,31.26713458164575],[34.81577084909076,31.267128248874034]]]]}},{"type":"Feature","properties":{"X":34.81891379992473,"Y":31.26803696345347,"מספר_פוליגון":1174,"גיל0_4":null,"גיל5_9":null,"גיל10_18":null,"גיל19_30":null,"גיל31_44":null,"גיל45_64":null,"גיל65_75":null,"גיל76פלוס":null,"Shape_Length":800.0,"Shape_Area":40000.0},"geometry":{"type":"MultiPolygon","coordinates":[[[[34.81787079946618,31.26713458164575],[34.81786344655151,31.268938366513986],[34.81996343753595,31.26894466541881],[34.819970750503344,31.267140880105277],[34.81787079946618,31.26713458164575]]]]}},{"type":"Feature","properties":{"X":34.82101377121762,"Y":31.268043244914516,"מספר_פוליגון":1175,"גיל0_4":null,"גיל5_9":null,"גיל10_18":null,"גיל19_30":null,"גיל31_44":null,"גיל45_64":null,"גיל65_75":null,"גיל76פלוס":null,"Shape_Length":800.0000000055879,"Shape_Area":40000.00000055879},"geometry":{"type":"MultiPolygon","coordinates":[[[[34.819970750503344,31.267140880105277],[34.81996343753595,31.26894466541881],[34.822063429178634,31.26895093000898],[34.822070702198694,31.267147144252576],[34.819970750503344,31.267140880105277]]]]}},{"type":"Feature","properties":{"X":34.82311374316693,"Y":31.26804949206212,"מספר_פוליגון":1176,"גיל0_4":null,"גיל5_9":null,"גיל10_18":null,"גיל19_30":null,"גיל31_44":null,"גיל45_64":null,"גיל65_75":null,"גיל76פלוס":null,"Shape_Length":800.0000000074506,"Shape_Area":40000.00000074506},"geometry":{"type":"MultiPolygon","coordinates":[[[[34.822070702198694,31.267147144252576],[34.822063429178634,31.26895093000898],[34.82416342147594,31.268957160284486],[34.82417065454863,31.267153374087595],[34.822070702198694,31.267147144252576]]]]}},{"type":"Feature","properties":{"X":34.82521371576904,"Y":31.268055704896227,"מספר_פוליגון":1177,"גיל0_4":null,"גיל5_9":null,"גיל10_18":null,"גיל19_30":null,"גיל31_44":null,"גיל45_64":null,"גיל65_75":null,"גיל76פלוס":null,"Shape_Length":800.0,"Shape_Area":40000.0},"geometry":{"type":"MultiPolygon","coordinates":[[[[34.82417065454863,31.267153374087595],[34.82416342147594,31.268957160284486],[34.82626341442424,31.268963356245234],[34.82627060754952,31.267159569610325],[34.82417065454863,31.267153374087595]]]]}},{"type":"Feature","properties":{"X":34.82731368902036,"Y":31.268061883416802,"מספר_פוליגון":1178,"גיל0_4":null,"גיל5_9":null,"גיל10_18":null,"גיל19_30":null,"גיל31_44":null,"גיל45_64":null,"גיל65_75":null,"גיל76פלוס":null,"Shape_Length":800.0000000055879,"Shape_Area":40000.00000055879},"geometry":{"type":"MultiPolygon","coordinates":[[[[34.82627060754952,31.267159569610325],[34.82626341442424,31.268963356245234],[34.82836340802004,31.268969517891236],[34.828370561197815,31.2671657308207],[34.82627060754952,31.267159569610325]]]]}},{"type":"Feature","properties":{"X":34.74960648751406,"Y":31.269614194480084,"מספר_פוליגון":1179,"גיל0_4":15.0,"גיל5_9":42.0,"גיל10_18":40.0,"גיל19_30":32.0,"גיל31_44":52.0,"גיל45_64":48.0,"גיל65_75":9.0,"גיל76פלוס":1.0,"Shape_Length":799.9999999888241,"Shape_Area":39999.99999888241},"geometry":{"type":"MultiPolygon","coordinates":[[[[34.748564136826516,31.268711252392333],[34.74855546490236,31.270515020697616],[34.75065547210016,31.270522452488837],[34.75066410407532,31.268718683658296],[34.748564136826516,31.268711252392333]]]]}},{"type":"Feature","properties":{"X":34.75170647507868,"Y":31.269621608786913,"מספר_פוליגון":1180,"גיל0_4":8.0,"גיל5_9":22.0,"גיל10_18":17.0,"גיל19_30":20.0,"גיל31_44":28.0,"גיל45_64":32.0,"גיל65_75":17.0,"גיל76פלוס":2.0,"Shape_Length":799.9999999944121,"Shape_Area":39999.99999944121},"geometry":{"type":"MultiPolygon","coordinates":[[[[34.75066410407532,31.268718683658296],[34.75065547210016,31.270522452488837],[34.75275548007478,31.270529849964316],[34.75276407210088,31.268726080610957],[34.75066410407532,31.268718683658296]]]]}},{"type":"Feature","properties":{"X":34.753806463418265,"Y":31.269628988779225,"מספר_פוליגון":1181,"גיל0_4":11.0,"גיל5_9":22.0,"גיל10_18":26.0,"גיל19_30":18.0,"גיל31_44":29.0,"גיל45_64":30.0,"גיל65_75":10.0,"גיל76פלוס":2.0,"Shape_Length":799.9999999944121,"Shape_Area":39999.99999944121},"geometry":{"type":"MultiPolygon","coordinates":[[[[34.75276407210088,31.268726080610957],[34.75275548007478,31.270529849964316],[34.75485548882258,31.270537213124047],[34.75486404089955,31.26873344325028],[34.75276407210088,31.268726080610957]]]]}},{"type":"Feature","properties":{"X":34.75590645252921,"Y":31.26963633445695,"מספר_פוליגון":1182,"גיל0_4":10.0,"גיל5_9":17.0,"גיל10_18":20.0,"גיל19_30":23.0,"גיל31_44":28.0,"גיל45_64":35.0,"גיל65_75":9.0,"גיל76פלוס":2.0,"Shape_Length":799.9999999906868,"Shape_Area":39999.99999906868},"geometry":{"type":"MultiPolygon","coordinates":[[[[34.75486404089955,31.26873344325028],[34.75485548882258,31.270537213124047],[34.75695549833995,31.270544541967972],[34.75696401046773,31.268740771576212],[34.75486404089955,31.26873344325028]]]]}},{"type":"Feature","properties":{"X":34.75800644240792,"Y":31.26964364582006,"מספר_פוליגון":1183,"גיל0_4":24.0,"גיל5_9":35.0,"גיל10_18":41.0,"גיל19_30":49.0,"גיל31_44":50.0,"גיל45_64":63.0,"גיל65_75":21.0,"גיל76פלוס":9.0,"Shape_Length":799.9999999944121,"Shape_Area":39999.99999944121},"geometry":{"type":"MultiPolygon","coordinates":[[[[34.75696401046773,31.268740771576212],[34.75695549833995,31.270544541967972],[34.75905550862333,31.270551836496033],[34.75906398080189,31.268748065588717],[34.75696401046773,31.268740771576212]]]]}},{"type":"Feature","properties":{"X":34.7601064330508,"Y":31.269650922868507,"מספר_פוליגון":1184,"גיל0_4":20.0,"גיל5_9":32.0,"גיל10_18":40.0,"גיל19_30":76.0,"גיל31_44":71.0,"גיל45_64":126.0,"גיל65_75":48.0,"גיל76פלוס":30.0,"Shape_Length":799.9999999906868,"Shape_Area":39999.99999906868},"geometry":{"type":"MultiPolygon","coordinates":[[[[34.75906398080189,31.268748065588717],[34.75905550862333,31.270551836496033],[34.76115551966912,31.27055909670821],[34.76116395189837,31.268755325287753],[34.75906398080189,31.268748065588717]]]]}},{"type":"Feature","properties":{"X":34.76220642445427,"Y":31.26965816560226,"מספר_פוליגון":1185,"גיל0_4":10.0,"גיל5_9":13.0,"גיל10_18":24.0,"גיל19_30":33.0,"גיל31_44":47.0,"גיל45_64":79.0,"גיל65_75":46.0,"גיל76פלוס":34.0,"Shape_Length":799.9999999944121,"Shape_Area":39999.99999944121},"geometry":{"type":"MultiPolygon","coordinates":[[[[34.76116395189837,31.268755325287753],[34.76115551966912,31.27055909670821],[34.76325553147374,31.270566322604445],[34.76326392375363,31.268762550673245],[34.76116395189837,31.268755325287753]]]]}},{"type":"Feature","properties":{"X":34.764306416614744,"Y":31.269665374021262,"מספר_פוליגון":1186,"גיל0_4":11.0,"גיל5_9":25.0,"גיל10_18":24.0,"גיל19_30":51.0,"גיל31_44":56.0,"גיל45_64":75.0,"גיל65_75":59.0,"גיל76פלוס":44.0,"Shape_Length":799.9999999944121,"Shape_Area":39999.99999944121},"geometry":{"type":"MultiPolygon","coordinates":[[[[34.76326392375363,31.268762550673245],[34.76325553147374,31.270566322604445],[34.765355544033575,31.27057351418468],[34.76536389636405,31.2687697417452],[34.76326392375363,31.268762550673245]]]]}},{"type":"Feature","properties":{"X":34.766406409528614,"Y":31.26967254812547,"מספר_פוליגון":1187,"גיל0_4":40.0,"גיל5_9":67.0,"גיל10_18":75.0,"גיל19_30":133.0,"גיל31_44":144.0,"גיל45_64":182.0,"גיל65_75":70.0,"גיל76פלוס":51.0,"Shape_Length":799.9999999888241,"Shape_Area":39999.99999888241},"geometry":{"type":"MultiPolygon","coordinates":[[[[34.76536389636405,31.2687697417452],[34.765355544033575,31.27057351418468],[34.76745555734504,31.270580671448894],[34.767463869726015,31.268776898503532],[34.76536389636405,31.2687697417452]]]]}},{"type":"Feature","properties":{"X":34.7685064031923,"Y":31.26967968791484,"מספר_פוליגון":1188,"גיל0_4":21.0,"גיל5_9":30.0,"גיל10_18":39.0,"גיל19_30":46.0,"גיל31_44":66.0,"גיל45_64":82.0,"גיל65_75":43.0,"גיל76פלוס":26.0,"Shape_Length":799.9999999944121,"Shape_Area":39999.99999944121},"geometry":{"type":"MultiPolygon","coordinates":[[[[34.767463869726015,31.268776898503532],[34.76745555734504,31.270580671448894],[34.76955557140457,31.27058779439704],[34.76956384383602,31.268784020948257],[34.767463869726015,31.268776898503532]]]]}},{"type":"Feature","properties":{"X":34.77060639760221,"Y":31.269686793389337,"מספר_פוליגון":1189,"גיל0_4":4.0,"גיל5_9":22.0,"גיל10_18":37.0,"גיל19_30":56.0,"גיל31_44":49.0,"גיל45_64":93.0,"גיל65_75":37.0,"גיל76פלוס":30.0,"Shape_Length":799.9999999906868,"Shape_Area":39999.99999906868},"geometry":{"type":"MultiPolygon","coordinates":[[[[34.76956384383602,31.268784020948257],[34.76955557140457,31.27058779439704],[34.77165558620854,31.270594883029077],[34.7716638186904,31.268791109079245],[34.76956384383602,31.268784020948257]]]]}},{"type":"Feature","properties":{"X":34.77270639275475,"Y":31.269693864548916,"מספר_פוליגון":1190,"גיל0_4":18.0,"גיל5_9":27.0,"גיל10_18":40.0,"גיל19_30":53.0,"גיל31_44":59.0,"גיל45_64":70.0,"גיל65_75":48.0,"גיל76פלוס":19.0,"Shape_Length":799.9999999944121,"Shape_Area":39999.99999944121},"geometry":{"type":"MultiPolygon","coordinates":[[[[34.7716638186904,31.268791109079245],[34.77165558620854,31.270594883029077],[34.773755601753386,31.27060193734496],[34.77376379428559,31.268798162896505],[34.7716638186904,31.268791109079245]]]]}},{"type":"Feature","properties":{"X":34.77480638864634,"Y":31.269700901393534,"מספר_פוליגון":1191,"גיל0_4":8.0,"גיל5_9":15.0,"גיל10_18":15.0,"גיל19_30":40.0,"גיל31_44":37.0,"גיל45_64":63.0,"גיל65_75":29.0,"גיל76פלוס":20.0,"Shape_Length":799.9999999906868,"Shape_Area":39999.99999906868},"geometry":{"type":"MultiPolygon","coordinates":[[[[34.77376379428559,31.268798162896505],[34.773755601753386,31.27060193734496],[34.7758556180355,31.27060895734463],[34.77586377061799,31.26880518240002],[34.77376379428559,31.268798162896505]]]]}},{"type":"Feature","properties":{"X":34.77690638527337,"Y":31.26970790392314,"מספר_פוליגון":1192,"גיל0_4":21.0,"גיל5_9":40.0,"גיל10_18":32.0,"גיל19_30":73.0,"גיל31_44":60.0,"גיל45_64":91.0,"גיל65_75":35.0,"גיל76פלוס":19.0,"Shape_Length":799.9999999944121,"Shape_Area":39999.99999944121},"geometry":{"type":"MultiPolygon","coordinates":[[[[34.77586377061799,31.26880518240002],[34.7758556180355,31.27060895734463],[34.77795563505131,31.270615943028087],[34.777963747684026,31.26881216758969],[34.77586377061799,31.26880518240002]]]]}},{"type":"Feature","properties":{"X":34.77900638263228,"Y":31.26971487213771,"מספר_פוליגון":1193,"גיל0_4":16.0,"גיל5_9":19.0,"גיל10_18":12.0,"גיל19_30":30.0,"גיל31_44":30.0,"גיל45_64":37.0,"גיל65_75":17.0,"גיל76פלוס":7.0,"Shape_Length":799.9999999944121,"Shape_Area":39999.99999944121},"geometry":{"type":"MultiPolygon","coordinates":[[[[34.777963747684026,31.26881216758969],[34.77795563505131,31.270615943028087],[34.78005565279721,31.27062289439524],[34.7800637254801,31.26881911846551],[34.777963747684026,31.26881216758969]]]]}},{"type":"Feature","properties":{"X":34.78110638071944,"Y":31.269721806037182,"מספר_פוליגון":1194,"גיל0_4":null,"גיל5_9":null,"גיל10_18":1.0,"גיל19_30":2.0,"גיל31_44":null,"גיל45_64":1.0,"גיל65_75":null,"גיל76פלוס":null,"Shape_Length":799.9999999888241,"Shape_Area":39999.99999888241},"geometry":{"type":"MultiPolygon","coordinates":[[[[34.7800637254801,31.26881911846551],[34.78005565279721,31.27062289439524],[34.78215567126958,31.27062981144609],[34.782163704002585,31.268826035027427],[34.7800637254801,31.26881911846551]]]]}},{"type":"Feature","properties":{"X":34.78320637953128,"Y":31.26972870562153,"מספר_פוליגון":1195,"גיל0_4":11.0,"גיל5_9":26.0,"גיל10_18":32.0,"גיל19_30":77.0,"גיל31_44":58.0,"גיל45_64":105.0,"גיל65_75":44.0,"גיל76פלוס":44.0,"Shape_Length":799.9999999944121,"Shape_Area":39999.99999944121},"geometry":{"type":"MultiPolygon","coordinates":[[[[34.782163704002585,31.268826035027427],[34.78215567126958,31.27062981144609],[34.784255690464896,31.270636694180567],[34.78426368324796,31.268832917275407],[34.782163704002585,31.268826035027427]]]]}},{"type":"Feature","properties":{"X":34.78530637906421,"Y":31.26973557089071,"מספר_פוליגון":1196,"גיל0_4":10.0,"גיל5_9":29.0,"גיל10_18":50.0,"גיל19_30":78.0,"גיל31_44":76.0,"גיל45_64":111.0,"גיל65_75":42.0,"גיל76פלוס":44.0,"Shape_Length":799.9999999906868,"Shape_Area":39999.99999906868},"geometry":{"type":"MultiPolygon","coordinates":[[[[34.78426368324796,31.268832917275407],[34.784255690464896,31.270636694180567],[34.786355710379496,31.27064354259864],[34.78636366321256,31.2688397652094],[34.78426368324796,31.268832917275407]]]]}},{"type":"Feature","properties":{"X":34.78740637931464,"Y":31.26974240184468,"מספר_פוליגון":1197,"גיל0_4":33.0,"גיל5_9":64.0,"גיל10_18":94.0,"גיל19_30":131.0,"גיל31_44":102.0,"גיל45_64":187.0,"גיל65_75":64.0,"גיל76פלוס":65.0,"Shape_Length":799.9999999944121,"Shape_Area":39999.99999944121},"geometry":{"type":"MultiPolygon","coordinates":[[[[34.78636366321256,31.2688397652094],[34.786355710379496,31.27064354259864],[34.788455731009854,31.270650356700266],[34.78846364389287,31.268846578829383],[34.78636366321256,31.2688397652094]]]]}},{"type":"Feature","properties":{"X":34.78950638027897,"Y":31.2697491984834,"מספר_פוליגון":1198,"גיל0_4":31.0,"גיל5_9":49.0,"גיל10_18":53.0,"גיל19_30":94.0,"גיל31_44":84.0,"גיל45_64":90.0,"גיל65_75":56.0,"גיל76פלוס":30.0,"Shape_Length":799.9999999906868,"Shape_Area":39999.99999906868},"geometry":{"type":"MultiPolygon","coordinates":[[[[34.78846364389287,31.268846578829383],[34.788455731009854,31.270650356700266],[34.790555752352326,31.27065713648541],[34.79056362528523,31.26885335813529],[34.78846364389287,31.268846578829383]]]]}},{"type":"Feature","properties":{"X":34.79160638195361,"Y":31.26975596080682,"מספר_פוליגון":1199,"גיל0_4":7.0,"גיל5_9":12.0,"גיל10_18":23.0,"גיל19_30":24.0,"גיל31_44":20.0,"גיל45_64":26.0,"גיל65_75":17.0,"גיל76פלוס":15.0,"Shape_Length":799.9999999944121,"Shape_Area":39999.99999944121},"geometry":{"type":"MultiPolygon","coordinates":[[[[34.79056362528523,31.26885335813529],[34.790555752352326,31.27065713648541],[34.79265577440337,31.270663881954032],[34.792663607386096,31.26886010312708],[34.79056362528523,31.26885335813529]]]]}},{"type":"Feature","properties":{"X":34.79370638433499,"Y":31.269762688814907,"מספר_פוליגון":1200,"גיל0_4":13.0,"גיל5_9":26.0,"גיל10_18":28.0,"גיל19_30":53.0,"גיל31_44":48.0,"גיל45_64":79.0,"גיל65_75":43.0,"גיל76פלוס":33.0,"Shape_Length":799.9999999944121,"Shape_Area":39999.99999944121},"geometry":{"type":"MultiPolygon","coordinates":[[[[34.792663607386096,31.26886010312708],[34.79265577440337,31.270663881954032],[34.79475579715935,31.27067059310605],[34.79476359019186,31.26886681380474],[34.792663607386096,31.26886010312708]]]]}},{"type":"Feature","properties":{"X":34.795806387419496,"Y":31.269769382507622,"מספר_פוליגון":1201,"גיל0_4":11.0,"גיל5_9":21.0,"גיל10_18":24.0,"גיל19_30":43.0,"גיל31_44":52.0,"גיל45_64":53.0,"גיל65_75":36.0,"גיל76פלוס":36.0,"Shape_Length":799.9999999888241,"Shape_Area":39999.99999888241},"geometry":{"type":"MultiPolygon","coordinates":[[[[34.79476359019186,31.26886681380474],[34.79475579715935,31.27067059310605],[34.79685582061668,31.27067726994151],[34.796863573698914,31.268873490168207],[34.79476359019186,31.26886681380474]]]]}},{"type":"Feature","properties":{"X":34.79790639120354,"Y":31.269776041884924,"מספר_פוליגון":1202,"גיל0_4":11.0,"גיל5_9":4.0,"גיל10_18":7.0,"גיל19_30":56.0,"גיל31_44":32.0,"גיל45_64":36.0,"גיל65_75":20.0,"גיל76פלוס":19.0,"Shape_Length":799.9999999944121,"Shape_Area":39999.99999944121},"geometry":{"type":"MultiPolygon","coordinates":[[[[34.796863573698914,31.268873490168207],[34.79685582061668,31.27067726994151],[34.7989558447718,31.270683912460278],[34.7989635579037,31.26888013221745],[34.796863573698914,31.268873490168207]]]]}},{"type":"Feature","properties":{"X":34.80000639568354,"Y":31.269782666946778,"מספר_פוליגון":1203,"גיל0_4":15.0,"גיל5_9":14.0,"גיל10_18":21.0,"גיל19_30":57.0,"גיל31_44":43.0,"גיל45_64":79.0,"גיל65_75":52.0,"גיל76פלוס":33.0,"Shape_Length":799.9999999906868,"Shape_Area":39999.99999906868},"geometry":{"type":"MultiPolygon","coordinates":[[[[34.7989635579037,31.26888013221745],[34.7989558447718,31.270683912460278],[34.801055869621095,31.270690520662367],[34.80106354280261,31.26888673995244],[34.7989635579037,31.26888013221745]]]]}},{"type":"Feature","properties":{"X":34.802106400855884,"Y":31.269789257693134,"מספר_פוליגון":1204,"גיל0_4":null,"גיל5_9":null,"גיל10_18":null,"גיל19_30":null,"גיל31_44":null,"גיל45_64":null,"גיל65_75":null,"גיל76פלוס":null,"Shape_Length":799.9999999944121,"Shape_Area":39999.99999944121},"geometry":{"type":"MultiPolygon","coordinates":[[[[34.80106354280261,31.26888673995244],[34.801055869621095,31.270690520662367],[34.803155895160984,31.270697094547742],[34.80316352839206,31.268893313373102],[34.80106354280261,31.26888673995244]]]]}},{"type":"Feature","properties":{"X":34.80420640671701,"Y":31.269795814123952,"מספר_פוליגון":1205,"גיל0_4":4.0,"גיל5_9":12.0,"גיל10_18":11.0,"גיל19_30":27.0,"גיל31_44":28.0,"גיל45_64":45.0,"גיל65_75":33.0,"גיל76פלוס":17.0,"Shape_Length":799.9999999906868,"Shape_Area":39999.99999906868},"geometry":{"type":"MultiPolygon","coordinates":[[[[34.80316352839206,31.268893313373102],[34.803155895160984,31.270697094547742],[34.80525592138786,31.270703634116362],[34.80526351466843,31.268899852479425],[34.80316352839206,31.268893313373102]]]]}},{"type":"Feature","properties":{"X":34.8063064132633,"Y":31.269802336239202,"מספר_פוליגון":1206,"גיל0_4":8.0,"גיל5_9":20.0,"גיל10_18":42.0,"גיל19_30":67.0,"גיל31_44":46.0,"גיל45_64":106.0,"גיל65_75":28.0,"גיל76פלוס":25.0,"Shape_Length":799.9999999944121,"Shape_Area":39999.99999944121},"geometry":{"type":"MultiPolygon","coordinates":[[[[34.80526351466843,31.268899852479425],[34.80525592138786,31.270703634116362],[34.80735594829816,31.270710139368152],[34.80736350162818,31.268906357271373],[34.80526351466843,31.268899852479425]]]]}},{"type":"Feature","properties":{"X":34.808406420491195,"Y":31.269808824038844,"מספר_פוליגון":1207,"גיל0_4":17.0,"גיל5_9":41.0,"גיל10_18":41.0,"גיל19_30":85.0,"גיל31_44":61.0,"גיל45_64":110.0,"גיל65_75":47.0,"גיל76פלוס":19.0,"Shape_Length":799.9999999944121,"Shape_Area":39999.99999944121},"geometry":{"type":"MultiPolygon","coordinates":[[[[34.80736350162818,31.268906357271373],[34.80735594829816,31.270710139368152],[34.80945597588828,31.27071661030311],[34.809463489267706,31.268912827748885],[34.80736350162818,31.268906357271373]]]]}},{"type":"Feature","properties":{"X":34.81050642839708,"Y":31.26981527752283,"מספר_פוליגון":1208,"גיל0_4":2.0,"גיל5_9":8.0,"גיל10_18":14.0,"גיל19_30":32.0,"גיל31_44":17.0,"גיל45_64":27.0,"גיל65_75":18.0,"גיל76פלוס":5.0,"Shape_Length":799.9999999888241,"Shape_Area":39999.99999888241},"geometry":{"type":"MultiPolygon","coordinates":[[[[34.809463489267706,31.268912827748885],[34.80945597588828,31.27071661030311],[34.81155600415459,31.270723046921177],[34.811563477583356,31.268919263911954],[34.809463489267706,31.268912827748885]]]]}},{"type":"Feature","properties":{"X":34.812606436977354,"Y":31.269821696691128,"מספר_פוליגון":1209,"גיל0_4":5.0,"גיל5_9":11.0,"גיל10_18":8.0,"גיל19_30":37.0,"גיל31_44":25.0,"גיל45_64":41.0,"גיל65_75":34.0,"גיל76פלוס":13.0,"Shape_Length":799.9999999944121,"Shape_Area":39999.99999944121},"geometry":{"type":"MultiPolygon","coordinates":[[[[34.811563477583356,31.268919263911954],[34.81155600415459,31.270723046921177],[34.81365603309357,31.270729449222326],[34.813663466571626,31.26892566576052],[34.811563477583356,31.268919263911954]]]]}},{"type":"Feature","properties":{"X":34.81470644622845,"Y":31.2698280815437,"מספר_פוליגון":1210,"גיל0_4":6.0,"גיל5_9":8.0,"גיל10_18":9.0,"גיל19_30":22.0,"גיל31_44":20.0,"גיל45_64":31.0,"גיל65_75":33.0,"גיל76פלוס":16.0,"Shape_Length":799.9999999906868,"Shape_Area":39999.99999906868},"geometry":{"type":"MultiPolygon","coordinates":[[[[34.813663466571626,31.26892566576052],[34.81365603309357,31.270729449222326],[34.81575606270157,31.270735817206518],[34.81576345622886,31.268932033294533],[34.813663466571626,31.26892566576052]]]]}},{"type":"Feature","properties":{"X":34.81680645614677,"Y":31.269834432080515,"מספר_פוליגון":1211,"גיל0_4":11.0,"גיל5_9":29.0,"גיל10_18":25.0,"גיל19_30":54.0,"גיל31_44":53.0,"גיל45_64":63.0,"גיל65_75":16.0,"גיל76פלוס":3.0,"Shape_Length":799.9999999944121,"Shape_Area":39999.99999944121},"geometry":{"type":"MultiPolygon","coordinates":[[[[34.81576345622886,31.268932033294533],[34.81575606270157,31.270735817206518],[34.81785609297503,31.270742150873698],[34.81786344655151,31.268938366513986],[34.81576345622886,31.268932033294533]]]]}},{"type":"Feature","properties":{"X":34.818906466728734,"Y":31.269840748301515,"מספר_פוליגון":1212,"גיל0_4":null,"גיל5_9":null,"גיל10_18":null,"גיל19_30":null,"גיל31_44":null,"גיל45_64":null,"גיל65_75":null,"גיל76פלוס":null,"Shape_Length":799.9999999888241,"Shape_Area":39999.99999888241},"geometry":{"type":"MultiPolygon","coordinates":[[[[34.81786344655151,31.268938366513986],[34.81785609297503,31.270742150873698],[34.81995612391034,31.270748450223852],[34.81996343753595,31.26894466541881],[34.81786344655151,31.268938366513986]]]]}},{"type":"Feature","properties":{"X":34.82100647797072,"Y":31.269847030206677,"מספר_פוליגון":1213,"גיל0_4":null,"גיל5_9":null,"גיל10_18":null,"גיל19_30":null,"גיל31_44":null,"גיל45_64":null,"גיל65_75":null,"גיל76פלוס":null,"Shape_Length":799.9999999944121,"Shape_Area":39999.99999944121},"geometry":{"type":"MultiPolygon","coordinates":[[[[34.81996343753595,31.26894466541881],[34.81995612391034,31.270748450223852],[34.82205615550393,31.27075471525694],[34.822063429178634,31.26895093000898],[34.81996343753595,31.26894466541881]]]]}},{"type":"Feature","properties":{"X":34.82310648986917,"Y":31.26985327779596,"מספר_פוליגון":1214,"גיל0_4":null,"גיל5_9":null,"גיל10_18":null,"גיל19_30":null,"גיל31_44":null,"גיל45_64":null,"גיל65_75":null,"גיל76פלוס":null,"Shape_Length":799.9999999962747,"Shape_Area":39999.99999962747},"geometry":{"type":"MultiPolygon","coordinates":[[[[34.822063429178634,31.26895093000898],[34.82205615550393,31.27075471525694],[34.824156187752216,31.2707609459729],[34.82416342147594,31.268957160284486],[34.822063429178634,31.26895093000898]]]]}},{"type":"Feature","properties":{"X":34.82520650242047,"Y":31.269859491069326,"מספר_פוליגון":1215,"גיל0_4":null,"גיל5_9":null,"גיל10_18":null,"גיל19_30":null,"גיל31_44":null,"גיל45_64":null,"גיל65_75":null,"גיל76פלוס":null,"Shape_Length":799.9999999888241,"Shape_Area":39999.99999888241},"geometry":{"type":"MultiPolygon","coordinates":[[[[34.82416342147594,31.268957160284486],[34.824156187752216,31.2707609459729],[34.826256220651544,31.270767142371717],[34.82626341442424,31.268963356245234],[34.82416342147594,31.268957160284486]]]]}},{"type":"Feature","properties":{"X":34.82730651562104,"Y":31.26986567002675,"מספר_פוליגון":1216,"גיל0_4":null,"גיל5_9":null,"גיל10_18":null,"גיל19_30":null,"גיל31_44":null,"גיל45_64":null,"גיל65_75":null,"גיל76פלוס":null,"Shape_Length":799.9999999944121,"Shape_Area":39999.99999944121},"geometry":{"type":"MultiPolygon","coordinates":[[[[34.82626341442424,31.268963356245234],[34.826256220651544,31.270767142371717],[34.828356254198404,31.270773304453346],[34.82836340802004,31.268969517891236],[34.82626341442424,31.268963356245234]]]]}},{"type":"Feature","properties":{"X":34.74959783525034,"Y":31.271417962804826,"מספר_פוליגון":1217,"גיל0_4":11.0,"גיל5_9":22.0,"גיל10_18":17.0,"גיל19_30":14.0,"גיל31_44":32.0,"גיל45_64":27.0,"גיל65_75":10.0,"גיל76פלוס":1.0,"Shape_Length":799.9999999962747,"Shape_Area":39999.99999962747},"geometry":{"type":"MultiPolygon","coordinates":[[[[34.74855546490236,31.270515020697616],[34.748546792197864,31.2723187884939],[34.750646839348256,31.272326220810378],[34.75065547210016,31.270522452488837],[34.74855546490236,31.270515020697616]]]]}},{"type":"Feature","properties":{"X":34.751697862765766,"Y":31.27142537763571,"מספר_פוליגון":1218,"גיל0_4":3.0,"גיל5_9":7.0,"גיל10_18":17.0,"גיל19_30":8.0,"גיל31_44":11.0,"גיל45_64":15.0,"גיל65_75":2.0,"גיל76פלוס":null,"Shape_Length":800.0000000018626,"Shape_Area":40000.000000186265},"geometry":{"type":"MultiPolygon","coordinates":[[[[34.75065547210016,31.270522452488837],[34.750646839348256,31.272326220810378],[34.752746887275514,31.272333618808716],[34.75275548007478,31.270529849964316],[34.75065547210016,31.270522452488837]]]]}},{"type":"Feature","properties":{"X":34.75379789105624,"Y":31.27143275814964,"מספר_פוליגון":1219,"גיל0_4":4.0,"גיל5_9":6.0,"גיל10_18":10.0,"גיל19_30":7.0,"גיל31_44":10.0,"גיל45_64":12.0,"גיל65_75":4.0,"גיל76פלוס":null,"Shape_Length":800.0000000018626,"Shape_Area":40000.000000186265},"geometry":{"type":"MultiPolygon","coordinates":[[[[34.75275548007478,31.270529849964316],[34.752746887275514,31.272333618808716],[34.75484693597602,31.272340982488874],[34.75485548882258,31.270537213124047],[34.75275548007478,31.270529849964316]]]]}},{"type":"Feature","properties":{"X":34.755897920118116,"Y":31.271440104346574,"מספר_פוליגון":1220,"גיל0_4":2.0,"גיל5_9":11.0,"גיל10_18":7.0,"גיל19_30":10.0,"גיל31_44":9.0,"גיל45_64":19.0,"גיל65_75":4.0,"גיל76פלוס":1.0,"Shape_Length":799.9999999981374,"Shape_Area":39999.999999813735},"geometry":{"type":"MultiPolygon","coordinates":[[[[34.75485548882258,31.270537213124047],[34.75484693597602,31.272340982488874],[34.75694698544615,31.272348311850788],[34.75695549833995,31.270544541967972],[34.75485548882258,31.270537213124047]]]]}},{"type":"Feature","properties":{"X":34.75799794994782,"Y":31.271447416226472,"מספר_פוליגון":1221,"גיל0_4":16.0,"גיל5_9":32.0,"גיל10_18":44.0,"גיל19_30":26.0,"גיל31_44":47.0,"גיל45_64":41.0,"גיל65_75":8.0,"גיל76פלוס":4.0,"Shape_Length":800.0000000018626,"Shape_Area":40000.000000186265},"geometry":{"type":"MultiPolygon","coordinates":[[[[34.75695549833995,31.270544541967972],[34.75694698544615,31.272348311850788],[34.759047035682364,31.272355606894433],[34.75905550862333,31.270551836496033],[34.75695549833995,31.270544541967972]]]]}},{"type":"Feature","properties":{"X":34.76009798054177,"Y":31.271454693789288,"מספר_פוליגון":1222,"גיל0_4":8.0,"גיל5_9":27.0,"גיל10_18":28.0,"גיל19_30":20.0,"גיל31_44":45.0,"גיל45_64":44.0,"גיל65_75":8.0,"גיל76פלוס":2.0,"Shape_Length":799.9999999981374,"Shape_Area":39999.999999813735},"geometry":{"type":"MultiPolygon","coordinates":[[[[34.75905550862333,31.270551836496033],[34.759047035682364,31.272355606894433],[34.76114708668104,31.272362867619773],[34.76115551966912,31.27055909670821],[34.75905550862333,31.270551836496033]]]]}},{"type":"Feature","properties":{"X":34.76219801189636,"Y":31.271461937034974,"מספר_פוליגון":1223,"גיל0_4":18.0,"גיל5_9":34.0,"גיל10_18":27.0,"גיל19_30":51.0,"גיל31_44":67.0,"גיל45_64":55.0,"גיל65_75":28.0,"גיל76פלוס":6.0,"Shape_Length":800.0000000018626,"Shape_Area":40000.000000186265},"geometry":{"type":"MultiPolygon","coordinates":[[[[34.76115551966912,31.27055909670821],[34.76114708668104,31.272362867619773],[34.76324713843861,31.272370094026726],[34.76325553147374,31.270566322604445],[34.76115551966912,31.27055909670821]]]]}},{"type":"Feature","properties":{"X":34.76429804400802,"Y":31.27146914596349,"מספר_פוליגון":1224,"גיל0_4":27.0,"גיל5_9":55.0,"גיל10_18":78.0,"גיל19_30":96.0,"גיל31_44":137.0,"גיל45_64":179.0,"גיל65_75":79.0,"גיל76פלוס":50.0,"Shape_Length":800.0000000018626,"Shape_Area":40000.000000186265},"geometry":{"type":"MultiPolygon","coordinates":[[[[34.76325553147374,31.270566322604445],[34.76324713843861,31.272370094026726],[34.76534719095146,31.272377286115287],[34.765355544033575,31.27057351418468],[34.76325553147374,31.270566322604445]]]]}},{"type":"Feature","properties":{"X":34.76639807687313,"Y":31.27147632057479,"מספר_פוליגון":1225,"גיל0_4":19.0,"גיל5_9":28.0,"גיל10_18":38.0,"גיל19_30":67.0,"גיל31_44":82.0,"גיל45_64":121.0,"גיל65_75":54.0,"גיל76פלוס":39.0,"Shape_Length":799.9999999962747,"Shape_Area":39999.99999962747},"geometry":{"type":"MultiPolygon","coordinates":[[[[34.765355544033575,31.27057351418468],[34.76534719095146,31.272377286115287],[34.767447244216,31.2723844438854],[34.76745555734504,31.270580671448894],[34.765355544033575,31.27057351418468]]]]}},{"type":"Feature","properties":{"X":34.76849811048811,"Y":31.271483460868847,"מספר_פוליגון":1226,"גיל0_4":13.0,"גיל5_9":17.0,"גיל10_18":23.0,"גיל19_30":41.0,"גיל31_44":39.0,"גיל45_64":60.0,"גיל65_75":28.0,"גיל76פלוס":9.0,"Shape_Length":800.0000000018626,"Shape_Area":40000.000000186265},"geometry":{"type":"MultiPolygon","coordinates":[[[[34.76745555734504,31.270580671448894],[34.767447244216,31.2723844438854],[34.76954729822866,31.272391567337017],[34.76955557140457,31.27058779439704],[34.76745555734504,31.270580671448894]]]]}},{"type":"Feature","properties":{"X":34.77059814484937,"Y":31.2714905668456,"מספר_פוליגון":1227,"גיל0_4":9.0,"גיל5_9":24.0,"גיל10_18":31.0,"גיל19_30":39.0,"גיל31_44":50.0,"גיל45_64":82.0,"גיל65_75":39.0,"גיל76פלוס":32.0,"Shape_Length":799.9999999981374,"Shape_Area":39999.999999813735},"geometry":{"type":"MultiPolygon","coordinates":[[[[34.76955557140457,31.27058779439704],[34.76954729822866,31.272391567337017],[34.771647352985816,31.2723986564701],[34.77165558620854,31.270594883029077],[34.76955557140457,31.27058779439704]]]]}},{"type":"Feature","properties":{"X":34.77269817995333,"Y":31.271497638505007,"מספר_פוליגון":1228,"גיל0_4":3.0,"גיל5_9":9.0,"גיל10_18":7.0,"גיל19_30":8.0,"גיל31_44":13.0,"גיל45_64":24.0,"גיל65_75":17.0,"גיל76פלוס":9.0,"Shape_Length":800.0000000018626,"Shape_Area":40000.000000186265},"geometry":{"type":"MultiPolygon","coordinates":[[[[34.77165558620854,31.270594883029077],[34.771647352985816,31.2723986564701],[34.77374740848391,31.272405711284613],[34.773755601753386,31.27060193734496],[34.77165558620854,31.270594883029077]]]]}},{"type":"Feature","properties":{"X":34.774798215796395,"Y":31.271504675847034,"מספר_פוליגון":1229,"גיל0_4":null,"גיל5_9":null,"גיל10_18":null,"גיל19_30":null,"גיל31_44":null,"גיל45_64":null,"גיל65_75":null,"גיל76פלוס":null,"Shape_Length":799.9999999981374,"Shape_Area":39999.999999813735},"geometry":{"type":"MultiPolygon","coordinates":[[[[34.773755601753386,31.27060193734496],[34.77374740848391,31.272405711284613],[34.77584746471931,31.27241273178049],[34.7758556180355,31.27060895734463],[34.773755601753386,31.27060193734496]]]]}},{"type":"Feature","properties":{"X":34.77689825237496,"Y":31.27151167887163,"מספר_פוליגון":1230,"גיל0_4":null,"גיל5_9":1.0,"גיל10_18":1.0,"גיל19_30":4.0,"גיל31_44":5.0,"גיל45_64":10.0,"גיל65_75":5.0,"גיל76פלוס":5.0,"Shape_Length":800.0000000018626,"Shape_Area":40000.000000186265},"geometry":{"type":"MultiPolygon","coordinates":[[[[34.7758556180355,31.27060895734463],[34.77584746471931,31.27241273178049],[34.777947521688496,31.27241971795773],[34.77795563505131,31.270615943028087],[34.7758556180355,31.27060895734463]]]]}},{"type":"Feature","properties":{"X":34.77899828968546,"Y":31.27151864757876,"מספר_פוליגון":1231,"גיל0_4":4.0,"גיל5_9":5.0,"גיל10_18":4.0,"גיל19_30":11.0,"גיל31_44":10.0,"גיל45_64":14.0,"גיל65_75":10.0,"גיל76פלוס":5.0,"Shape_Length":800.0000000018626,"Shape_Area":40000.000000186265},"geometry":{"type":"MultiPolygon","coordinates":[[[[34.77795563505131,31.270615943028087],[34.777947521688496,31.27241971795773],[34.78004757938781,31.272426669816255],[34.78005565279721,31.27062289439524],[34.77795563505131,31.270615943028087]]]]}},{"type":"Feature","properties":{"X":34.781098327724266,"Y":31.27152558196838,"מספר_פוליגון":1232,"גיל0_4":11.0,"גיל5_9":9.0,"גיל10_18":10.0,"גיל19_30":16.0,"גיל31_44":16.0,"גיל45_64":19.0,"גיל65_75":26.0,"גיל76פלוס":9.0,"Shape_Length":799.9999999962747,"Shape_Area":39999.99999962747},"geometry":{"type":"MultiPolygon","coordinates":[[[[34.78005565279721,31.27062289439524],[34.78004757938781,31.272426669816255],[34.78214763781366,31.272433587356034],[34.78215567126958,31.27062981144609],[34.78005565279721,31.27062289439524]]]]}},{"type":"Feature","properties":{"X":34.78319836648781,"Y":31.271532482040445,"מספר_פוליגון":1233,"גיל0_4":1.0,"גיל5_9":11.0,"גיל10_18":12.0,"גיל19_30":30.0,"גיל31_44":27.0,"גיל45_64":74.0,"גיל65_75":27.0,"גיל76פלוס":25.0,"Shape_Length":800.0000000018626,"Shape_Area":40000.000000186265},"geometry":{"type":"MultiPolygon","coordinates":[[[[34.78215567126958,31.27062981144609],[34.78214763781366,31.272433587356034],[34.78424769696251,31.27244047057701],[34.784255690464896,31.270636694180567],[34.78215567126958,31.27062981144609]]]]}},{"type":"Feature","properties":{"X":34.7852984059725,"Y":31.271539347794924,"מספר_פוליגון":1234,"גיל0_4":16.0,"גיל5_9":19.0,"גיל10_18":29.0,"גיל19_30":43.0,"גיל31_44":35.0,"גיל45_64":68.0,"גיל65_75":29.0,"גיל76פלוס":14.0,"Shape_Length":799.9999999981374,"Shape_Area":39999.999999813735},"geometry":{"type":"MultiPolygon","coordinates":[[[[34.784255690464896,31.270636694180567],[34.78424769696251,31.27244047057701],[34.78634775683069,31.27244731947918],[34.786355710379496,31.27064354259864],[34.784255690464896,31.270636694180567]]]]}},{"type":"Feature","properties":{"X":34.78739844617475,"Y":31.271546179231773,"מספר_פוליגון":1235,"גיל0_4":20.0,"גיל5_9":30.0,"גיל10_18":40.0,"גיל19_30":59.0,"גיל31_44":69.0,"גיל45_64":106.0,"גיל65_75":63.0,"גיל76פלוס":39.0,"Shape_Length":800.0000000018626,"Shape_Area":40000.000000186265},"geometry":{"type":"MultiPolygon","coordinates":[[[[34.786355710379496,31.27064354259864],[34.78634775683069,31.27244731947918],[34.7884478174147,31.27245413406248],[34.788455731009854,31.270650356700266],[34.786355710379496,31.27064354259864]]]]}},{"type":"Feature","properties":{"X":34.78949848709096,"Y":31.27155297635095,"מספר_פוליגון":1236,"גיל0_4":7.0,"גיל5_9":15.0,"גיל10_18":17.0,"גיל19_30":26.0,"גיל31_44":23.0,"גיל45_64":32.0,"גיל65_75":15.0,"גיל76פלוס":10.0,"Shape_Length":799.9999999981374,"Shape_Area":39999.999999813735},"geometry":{"type":"MultiPolygon","coordinates":[[[[34.788455731009854,31.270650356700266],[34.7884478174147,31.27245413406248],[34.790547878710875,31.272460914326874],[34.790555752352326,31.27065713648541],[34.788455731009854,31.270650356700266]]]]}},{"type":"Feature","properties":{"X":34.79159852871753,"Y":31.271559739152405,"מספר_פוליגון":1237,"גיל0_4":22.0,"גיל5_9":23.0,"גיל10_18":20.0,"גיל19_30":72.0,"גיל31_44":51.0,"גיל45_64":82.0,"גיל65_75":34.0,"גיל76פלוס":24.0,"Shape_Length":800.0000000018626,"Shape_Area":40000.000000186265},"geometry":{"type":"MultiPolygon","coordinates":[[[[34.790555752352326,31.27065713648541],[34.790547878710875,31.272460914326874],[34.792647940715675,31.272467660272312],[34.79265577440337,31.270663881954032],[34.790555752352326,31.27065713648541]]]]}},{"type":"Feature","properties":{"X":34.793698571050896,"Y":31.271566467636095,"מספר_פוליגון":1238,"גיל0_4":27.0,"גיל5_9":34.0,"גיל10_18":53.0,"גיל19_30":92.0,"גיל31_44":91.0,"גיל45_64":163.0,"גיל65_75":67.0,"גיל76פלוס":61.0,"Shape_Length":800.0000000018626,"Shape_Area":40000.000000186265},"geometry":{"type":"MultiPolygon","coordinates":[[[[34.79265577440337,31.270663881954032],[34.792647940715675,31.272467660272312],[34.79474800342548,31.27247437189876],[34.79475579715935,31.27067059310605],[34.79265577440337,31.270663881954032]]]]}},{"type":"Feature","properties":{"X":34.79579861408744,"Y":31.271573161801996,"מספר_פוליגון":1239,"גיל0_4":20.0,"גיל5_9":29.0,"גיל10_18":37.0,"גיל19_30":72.0,"גיל31_44":67.0,"גיל45_64":117.0,"גיל65_75":58.0,"גיל76פלוס":62.0,"Shape_Length":799.9999999962747,"Shape_Area":39999.99999962747},"geometry":{"type":"MultiPolygon","coordinates":[[[[34.79475579715935,31.27067059310605],[34.79474800342548,31.27247437189876],[34.796848066836674,31.272481049206185],[34.79685582061668,31.27067726994151],[34.79475579715935,31.27067059310605]]]]}},{"type":"Feature","properties":{"X":34.79789865782357,"Y":31.27157982165007,"מספר_פוליגון":1240,"גיל0_4":6.0,"גיל5_9":11.0,"גיל10_18":20.0,"גיל19_30":42.0,"גיל31_44":51.0,"גיל45_64":62.0,"גיל65_75":40.0,"גיל76פלוס":25.0,"Shape_Length":800.0000000018626,"Shape_Area":40000.000000186265},"geometry":{"type":"MultiPolygon","coordinates":[[[[34.79685582061668,31.27067726994151],[34.796848066836674,31.272481049206185],[34.79894813094572,31.272487692194535],[34.7989558447718,31.270683912460278],[34.79685582061668,31.27067726994151]]]]}},{"type":"Feature","properties":{"X":34.799998702255714,"Y":31.27158644718027,"מספר_פוליגון":1241,"גיל0_4":7.0,"גיל5_9":6.0,"גיל10_18":6.0,"גיל19_30":31.0,"גיל31_44":23.0,"גיל45_64":22.0,"גיל65_75":11.0,"גיל76פלוס":19.0,"Shape_Length":799.9999999981374,"Shape_Area":39999.999999813735},"geometry":{"type":"MultiPolygon","coordinates":[[[[34.7989558447718,31.270683912460278],[34.79894813094572,31.272487692194535],[34.80104819574898,31.272494300863766],[34.801055869621095,31.270690520662367],[34.7989558447718,31.270683912460278]]]]}},{"type":"Feature","properties":{"X":34.80209874738028,"Y":31.271593038392542,"מספר_פוליגון":1242,"גיל0_4":16.0,"גיל5_9":26.0,"גיל10_18":27.0,"גיל19_30":49.0,"גיל31_44":49.0,"גיל45_64":54.0,"גיל65_75":28.0,"גיל76פלוס":8.0,"Shape_Length":800.0000000018626,"Shape_Area":40000.000000186265},"geometry":{"type":"MultiPolygon","coordinates":[[[[34.801055869621095,31.270690520662367],[34.80104819574898,31.272494300863766],[34.80314826124291,31.272500875213854],[34.803155895160984,31.270697094547742],[34.801055869621095,31.270690520662367]]]]}},{"type":"Feature","properties":{"X":34.804198793193656,"Y":31.271599595286865,"מספר_פוליגון":1243,"גיל0_4":11.0,"גיל5_9":15.0,"גיל10_18":19.0,"גיל19_30":48.0,"גיל31_44":50.0,"גיל45_64":88.0,"גיל65_75":48.0,"גיל76פלוס":32.0,"Shape_Length":799.9999999981374,"Shape_Area":39999.999999813735},"geometry":{"type":"MultiPolygon","coordinates":[[[[34.803155895160984,31.270697094547742],[34.80314826124291,31.272500875213854],[34.805248327423875,31.272507415244743],[34.80525592138786,31.270703634116362],[34.803155895160984,31.270697094547742]]]]}},{"type":"Feature","properties":{"X":34.80629883969227,"Y":31.271606117863197,"מספר_פוליגון":1244,"גיל0_4":30.0,"גיל5_9":21.0,"גיל10_18":44.0,"גיל19_30":74.0,"גיל31_44":68.0,"גיל45_64":119.0,"גיל65_75":48.0,"גיל76פלוס":25.0,"Shape_Length":800.0000000018626,"Shape_Area":40000.000000186265},"geometry":{"type":"MultiPolygon","coordinates":[[[[34.80525592138786,31.270703634116362],[34.805248327423875,31.272507415244743],[34.807348394288326,31.27251392095642],[34.80735594829816,31.270710139368152],[34.80525592138786,31.270703634116362]]]]}},{"type":"Feature","properties":{"X":34.80839888687253,"Y":31.27161260612148,"מספר_פוליגון":1245,"גיל0_4":22.0,"גיל5_9":28.0,"גיל10_18":51.0,"גיל19_30":76.0,"גיל31_44":51.0,"גיל45_64":111.0,"גיל65_75":38.0,"גיל76פלוס":18.0,"Shape_Length":800.0000000018626,"Shape_Area":40000.000000186265},"geometry":{"type":"MultiPolygon","coordinates":[[[[34.80735594829816,31.270710139368152],[34.807348394288326,31.27251392095642],[34.80944846183263,31.27252039234882],[34.80945597588828,31.27071661030311],[34.80735594829816,31.270710139368152]]]]}},{"type":"Feature","properties":{"X":34.81049893473083,"Y":31.271619060061703,"מספר_פוליגון":1246,"גיל0_4":13.0,"גיל5_9":19.0,"גיל10_18":29.0,"גיל19_30":39.0,"גיל31_44":24.0,"גיל45_64":56.0,"גיל65_75":35.0,"גיל76פלוס":22.0,"Shape_Length":799.9999999962747,"Shape_Area":39999.99999962747},"geometry":{"type":"MultiPolygon","coordinates":[[[[34.80945597588828,31.27071661030311],[34.80944846183263,31.27252039234882],[34.81154853005319,31.272526829421924],[34.81155600415459,31.270723046921177],[34.80945597588828,31.27071661030311]]]]}},{"type":"Feature","properties":{"X":34.81259898326359,"Y":31.27162547968382,"מספר_פוליגון":1247,"גיל0_4":8.0,"גיל5_9":16.0,"גיל10_18":17.0,"גיל19_30":27.0,"גיל31_44":35.0,"גיל45_64":38.0,"גיל65_75":33.0,"גיל76פלוס":14.0,"Shape_Length":800.0000000018626,"Shape_Area":40000.000000186265},"geometry":{"type":"MultiPolygon","coordinates":[[[[34.81155600415459,31.270723046921177],[34.81154853005319,31.272526829421924],[34.813648598946465,31.272533232175668],[34.81365603309357,31.270729449222326],[34.81155600415459,31.270723046921177]]]]}},{"type":"Feature","properties":{"X":34.8146990324672,"Y":31.271631864987786,"מספר_פוליגון":1248,"גיל0_4":6.0,"גיל5_9":8.0,"גיל10_18":8.0,"גיל19_30":15.0,"גיל31_44":19.0,"גיל45_64":14.0,"גיל65_75":20.0,"גיל76פלוס":11.0,"Shape_Length":799.9999999981374,"Shape_Area":39999.999999813735},"geometry":{"type":"MultiPolygon","coordinates":[[[[34.81365603309357,31.270729449222326],[34.813648598946465,31.272533232175668],[34.81574866850882,31.272539600610052],[34.81575606270157,31.270735817206518],[34.81365603309357,31.270729449222326]]]]}},{"type":"Feature","properties":{"X":34.81679908233811,"Y":31.271638215973557,"מספר_פוליגון":1249,"גיל0_4":null,"גיל5_9":null,"גיל10_18":null,"גיל19_30":null,"גיל31_44":null,"גיל45_64":null,"גיל65_75":null,"גיל76פלוס":null,"Shape_Length":800.0000000018626,"Shape_Area":40000.000000186265},"geometry":{"type":"MultiPolygon","coordinates":[[[[34.81575606270157,31.270735817206518],[34.81574866850882,31.272539600610052],[34.81784873873669,31.272545934725],[34.81785609297503,31.270742150873698],[34.81575606270157,31.270735817206518]]]]}},{"type":"Feature","properties":{"X":34.818899132872694,"Y":31.2716445326411,"מספר_פוליגון":1250,"גיל0_4":null,"גיל5_9":null,"גיל10_18":null,"גיל19_30":null,"גיל31_44":null,"גיל45_64":null,"גיל65_75":null,"גיל76פלוס":null,"Shape_Length":799.9999999962747,"Shape_Area":39999.99999962747},"geometry":{"type":"MultiPolygon","coordinates":[[[[34.81785609297503,31.270742150873698],[34.81784873873669,31.272545934725],[34.819948809626446,31.2725522345205],[34.81995612391034,31.270748450223852],[34.81785609297503,31.270742150873698]]]]}},{"type":"Feature","properties":{"X":34.82099918406737,"Y":31.27165081499039,"מספר_פוליגון":1251,"גיל0_4":null,"גיל5_9":null,"גיל10_18":null,"גיל19_30":null,"גיל31_44":null,"גיל45_64":null,"גיל65_75":null,"גיל76פלוס":null,"Shape_Length":800.0000000018626,"Shape_Area":40000.000000186265},"geometry":{"type":"MultiPolygon","coordinates":[[[[34.81995612391034,31.270748450223852],[34.819948809626446,31.2725522345205],[34.82204888117457,31.272558499996492],[34.82205615550393,31.27075471525694],[34.81995612391034,31.270748450223852]]]]}},{"type":"Feature","properties":{"X":34.82309923591856,"Y":31.271657063021376,"מספר_פוליגון":1252,"גיל0_4":null,"גיל5_9":null,"גיל10_18":null,"גיל19_30":null,"גיל31_44":null,"גיל45_64":null,"גיל65_75":null,"גיל76פלוס":null,"Shape_Length":800.0000000037253,"Shape_Area":40000.00000037253},"geometry":{"type":"MultiPolygon","coordinates":[[[[34.82205615550393,31.27075471525694],[34.82204888117457,31.272558499996492],[34.8241489533774,31.272564731152947],[34.824156187752216,31.2707609459729],[34.82205615550393,31.27075471525694]]]]}},{"type":"Feature","properties":{"X":34.82519928842264,"Y":31.271663276734024,"מספר_פוליגון":1253,"גיל0_4":2.0,"גיל5_9":null,"גיל10_18":2.0,"גיל19_30":2.0,"גיל31_44":5.0,"גיל45_64":4.0,"גיל65_75":7.0,"גיל76פלוס":null,"Shape_Length":799.9999999962747,"Shape_Area":39999.99999962747},"geometry":{"type":"MultiPolygon","coordinates":[[[[34.824156187752216,31.2707609459729],[34.8241489533774,31.272564731152947],[34.826249026231345,31.27257092798984],[34.826256220651544,31.270767142371717],[34.824156187752216,31.2707609459729]]]]}},{"type":"Feature","properties":{"X":34.82729934157604,"Y":31.271669456128294,"מספר_פוליגון":1254,"גיל0_4":null,"גיל5_9":null,"גיל10_18":null,"גיל19_30":null,"גיל31_44":null,"גיל45_64":null,"גיל65_75":null,"גיל76פלוס":null,"Shape_Length":800.0000000018626,"Shape_Area":40000.000000186265},"geometry":{"type":"MultiPolygon","coordinates":[[[[34.826256220651544,31.270767142371717],[34.826249026231345,31.27257092798984],[34.82834909973286,31.272577090507117],[34.828356254198404,31.270773304453346],[34.826256220651544,31.270767142371717]]]]}},{"type":"Feature","properties":{"X":34.749589182208,"Y":31.273221730620524,"מספר_פוליגון":1255,"גיל0_4":5.0,"גיל5_9":8.0,"גיל10_18":7.0,"גיל19_30":6.0,"גיל31_44":14.0,"גיל45_64":9.0,"גיל65_75":1.0,"גיל76פלוס":1.0,"Shape_Length":800.0,"Shape_Area":40000.0},"geometry":{"type":"MultiPolygon","coordinates":[[[[34.748546792197864,31.2723187884939],[34.74853811871292,31.27412255578111],[34.75063820581949,31.274129988622867],[34.750646839348256,31.272326220810378],[34.748546792197864,31.2723187884939]]]]}},{"type":"Feature","properties":{"X":34.75168924967786,"Y":31.27322914597548,"מספר_פוליגון":1256,"גיל0_4":1.0,"גיל5_9":13.0,"גיל10_18":17.0,"גיל19_30":6.0,"גיל31_44":13.0,"גיל45_64":21.0,"גיל65_75":2.0,"גיל76פלוס":null,"Shape_Length":800.0000000055879,"Shape_Area":40000.00000055879},"geometry":{"type":"MultiPolygon","coordinates":[[[[34.750646839348256,31.272326220810378],[34.75063820581949,31.274129988622867],[34.752738293703004,31.274137387144087],[34.752746887275514,31.272333618808716],[34.750646839348256,31.272326220810378]]]]}},{"type":"Feature","properties":{"X":34.75378931792279,"Y":31.273236527011054,"מספר_פוליגון":1257,"גיל0_4":2.0,"גיל5_9":6.0,"גיל10_18":6.0,"גיל19_30":9.0,"גיל31_44":7.0,"גיל45_64":13.0,"גיל65_75":1.0,"גיל76פלוס":null,"Shape_Length":800.0000000055879,"Shape_Area":40000.00000055879},"geometry":{"type":"MultiPolygon","coordinates":[[[[34.752746887275514,31.272333618808716],[34.752738293703004,31.274137387144087],[34.75483838235981,31.274144751344686],[34.75484693597602,31.272340982488874],[34.752746887275514,31.272333618808716]]]]}},{"type":"Feature","properties":{"X":34.755889386939195,"Y":31.27324387372722,"מספר_פוליגון":1258,"גיל0_4":7.0,"גיל5_9":10.0,"גיל10_18":20.0,"גיל19_30":18.0,"גיל31_44":13.0,"גיל45_64":32.0,"גיל65_75":4.0,"גיל76פלוס":null,"Shape_Length":800.0000000018626,"Shape_Area":40000.000000186265},"geometry":{"type":"MultiPolygon","coordinates":[[[[34.75484693597602,31.272340982488874],[34.75483838235981,31.274144751344686],[34.7569384717863,31.27415208122464],[34.75694698544615,31.272348311850788],[34.75484693597602,31.272340982488874]]]]}},{"type":"Feature","properties":{"X":34.75798945672349,"Y":31.27325118612393,"מספר_פוליגון":1259,"גיל0_4":6.0,"גיל5_9":29.0,"גיל10_18":30.0,"גיל19_30":22.0,"גיל31_44":37.0,"גיל45_64":27.0,"גיל65_75":9.0,"גיל76פלוס":1.0,"Shape_Length":800.0000000055879,"Shape_Area":40000.00000055879},"geometry":{"type":"MultiPolygon","coordinates":[[[[34.75694698544615,31.272348311850788],[34.7569384717863,31.27415208122464],[34.75903856197895,31.274159376783878],[34.759047035682364,31.272355606894433],[34.75694698544615,31.272348311850788]]]]}},{"type":"Feature","properties":{"X":34.76008952727209,"Y":31.273258464201128,"מספר_פוליגון":1260,"גיל0_4":7.0,"גיל5_9":15.0,"גיל10_18":30.0,"גיל19_30":34.0,"גיל31_44":21.0,"גיל45_64":45.0,"גיל65_75":4.0,"גיל76פלוס":2.0,"Shape_Length":800.0000000018626,"Shape_Area":40000.000000186265},"geometry":{"type":"MultiPolygon","coordinates":[[[[34.759047035682364,31.272355606894433],[34.75903856197895,31.274159376783878],[34.7611386529341,31.27416663802239],[34.76114708668104,31.272362867619773],[34.759047035682364,31.272355606894433]]]]}},{"type":"Feature","properties":{"X":34.7621895985814,"Y":31.273265707958775,"מספר_פוליגון":1261,"גיל0_4":6.0,"גיל5_9":9.0,"גיל10_18":12.0,"גיל19_30":21.0,"גיל31_44":11.0,"גיל45_64":26.0,"גיל65_75":1.0,"גיל76פלוס":2.0,"Shape_Length":800.0000000055879,"Shape_Area":40000.00000055879},"geometry":{"type":"MultiPolygon","coordinates":[[[[34.76114708668104,31.272362867619773],[34.7611386529341,31.27416663802239],[34.76323874464821,31.274173864940103],[34.76324713843861,31.272370094026726],[34.76114708668104,31.272362867619773]]]]}},{"type":"Feature","properties":{"X":34.764289670647834,"Y":31.273272917396827,"מספר_פוליגון":1262,"גיל0_4":9.0,"גיל5_9":17.0,"גיל10_18":25.0,"גיל19_30":17.0,"גיל31_44":32.0,"גיל45_64":53.0,"גיל65_75":21.0,"גיל76פלוס":18.0,"Shape_Length":800.0000000055879,"Shape_Area":40000.00000055879},"geometry":{"type":"MultiPolygon","coordinates":[[[[34.76324713843861,31.272370094026726],[34.76323874464821,31.274173864940103],[34.76533883711767,31.274181057537],[34.76534719095146,31.272377286115287],[34.76324713843861,31.272370094026726]]]]}},{"type":"Feature","properties":{"X":34.76638974346777,"Y":31.273280092515247,"מספר_פוליגון":1263,"גיל0_4":1.0,"גיל5_9":2.0,"גיל10_18":null,"גיל19_30":5.0,"גיל31_44":4.0,"גיל45_64":8.0,"גיל65_75":4.0,"גיל76פלוס":null,"Shape_Length":800.0,"Shape_Area":40000.0},"geometry":{"type":"MultiPolygon","coordinates":[[[[34.76534719095146,31.272377286115287],[34.76533883711767,31.274181057537],[34.76743893033885,31.274188215813016],[34.767447244216,31.2723844438854],[34.76534719095146,31.272377286115287]]]]}},{"type":"Feature","properties":{"X":34.76848981703764,"Y":31.27328723331399,"מספר_פוליגון":1264,"גיל0_4":null,"גיל5_9":null,"גיל10_18":null,"גיל19_30":null,"גיל31_44":null,"גיל45_64":1.0,"גיל65_75":null,"גיל76פלוס":null,"Shape_Length":800.0000000055879,"Shape_Area":40000.00000055879},"geometry":{"type":"MultiPolygon","coordinates":[[[[34.767447244216,31.2723844438854],[34.76743893033885,31.274188215813016],[34.76953902430824,31.274195339768127],[34.76954729822866,31.272391567337017],[34.767447244216,31.2723844438854]]]]}},{"type":"Feature","properties":{"X":34.77058989135385,"Y":31.273294339793015,"מספר_פוליגון":1265,"גיל0_4":null,"גיל5_9":null,"גיל10_18":null,"גיל19_30":null,"גיל31_44":null,"גיל45_64":null,"גיל65_75":null,"גיל76פלוס":null,"Shape_Length":800.0000000018626,"Shape_Area":40000.000000186265},"geometry":{"type":"MultiPolygon","coordinates":[[[[34.76954729822866,31.272391567337017],[34.76953902430824,31.274195339768127],[34.77163911902217,31.27420242940228],[34.771647352985816,31.2723986564701],[34.76954729822866,31.272391567337017]]]]}},{"type":"Feature","properties":{"X":34.77268996641282,"Y":31.27330141195227,"מספר_פוליגון":1266,"גיל0_4":null,"גיל5_9":null,"גיל10_18":null,"גיל19_30":null,"גיל31_44":null,"גיל45_64":null,"גיל65_75":null,"גיל76פלוס":null,"Shape_Length":800.0000000055879,"Shape_Area":40000.00000055879},"geometry":{"type":"MultiPolygon","coordinates":[[[[34.771647352985816,31.2723986564701],[34.77163911902217,31.27420242940228],[34.773739214477104,31.274209484715424],[34.77374740848391,31.272405711284613],[34.771647352985816,31.2723986564701]]]]}},{"type":"Feature","properties":{"X":34.774790042210945,"Y":31.27330844979172,"מספר_פוליגון":1267,"גיל0_4":null,"גיל5_9":null,"גיל10_18":null,"גיל19_30":null,"גיל31_44":null,"גיל45_64":null,"גיל65_75":null,"גיל76פלוס":null,"Shape_Length":800.0000000018626,"Shape_Area":40000.000000186265},"geometry":{"type":"MultiPolygon","coordinates":[[[[34.77374740848391,31.272405711284613],[34.773739214477104,31.274209484715424],[34.77583931066941,31.27421650570754],[34.77584746471931,31.27241273178049],[34.77374740848391,31.272405711284613]]]]}},{"type":"Feature","properties":{"X":34.77689011874463,"Y":31.273315453311323,"מספר_פוליגון":1268,"גיל0_4":null,"גיל5_9":null,"גיל10_18":null,"גיל19_30":null,"גיל31_44":null,"גיל45_64":null,"גיל65_75":null,"גיל76פלוס":null,"Shape_Length":800.0000000055879,"Shape_Area":40000.00000055879},"geometry":{"type":"MultiPolygon","coordinates":[[[[34.77584746471931,31.27241273178049],[34.77583931066941,31.27421650570754],[34.777939407595525,31.274223492378567],[34.777947521688496,31.27241971795773],[34.77584746471931,31.27241273178049]]]]}},{"type":"Feature","properties":{"X":34.77899019601031,"Y":31.273322422511043,"מספר_פוליגון":1269,"גיל0_4":null,"גיל5_9":null,"גיל10_18":null,"גיל19_30":null,"גיל31_44":null,"גיל45_64":null,"גיל65_75":null,"גיל76פלוס":null,"Shape_Length":800.0000000055879,"Shape_Area":40000.00000055879},"geometry":{"type":"MultiPolygon","coordinates":[[[[34.777947521688496,31.27241971795773],[34.777939407595525,31.274223492378567],[34.78003950525186,31.274230444728477],[34.78004757938781,31.272426669816255],[34.777947521688496,31.27241971795773]]]]}},{"type":"Feature","properties":{"X":34.78109027400436,"Y":31.273329357390825,"מספר_פוליגון":1270,"גיל0_4":null,"גיל5_9":null,"גיל10_18":null,"גיל19_30":null,"גיל31_44":null,"גיל45_64":null,"גיל65_75":null,"גיל76פלוס":null,"Shape_Length":800.0,"Shape_Area":40000.0},"geometry":{"type":"MultiPolygon","coordinates":[[[[34.78004757938781,31.272426669816255],[34.78003950525186,31.274230444728477],[34.782139603634775,31.274237362757198],[34.78214763781366,31.272433587356034],[34.78004757938781,31.272426669816255]]]]}},{"type":"Feature","properties":{"X":34.783190352723196,"Y":31.273336257950636,"מספר_פוליגון":1271,"גיל0_4":null,"גיל5_9":null,"גיל10_18":null,"גיל19_30":null,"גיל31_44":null,"גיל45_64":null,"גיל65_75":null,"גיל76פלוס":null,"Shape_Length":800.0000000055879,"Shape_Area":40000.00000055879},"geometry":{"type":"MultiPolygon","coordinates":[[[[34.78214763781366,31.272433587356034],[34.782139603634775,31.274237362757198],[34.78423970274074,31.27424424646474],[34.78424769696251,31.27244047057701],[34.78214763781366,31.272433587356034]]]]}},{"type":"Feature","properties":{"X":34.785290432163244,"Y":31.27334312419043,"מספר_פוליגון":1272,"גיל0_4":null,"גיל5_9":null,"גיל10_18":null,"גיל19_30":null,"גיל31_44":null,"גיל45_64":null,"גיל65_75":null,"גיל76פלוס":null,"Shape_Length":800.0000000018626,"Shape_Area":40000.000000186265},"geometry":{"type":"MultiPolygon","coordinates":[[[[34.78424769696251,31.27244047057701],[34.78423970274074,31.27424424646474],[34.786339802566125,31.274251095851007],[34.78634775683069,31.27244731947918],[34.78424769696251,31.27244047057701]]]]}},{"type":"Feature","properties":{"X":34.7873905123209,"Y":31.27334995611017,"מספר_פוליגון":1273,"גיל0_4":null,"גיל5_9":null,"גיל10_18":null,"גיל19_30":null,"גיל31_44":null,"גיל45_64":null,"גיל65_75":null,"גיל76פלוס":null,"Shape_Length":800.0000000055879,"Shape_Area":40000.00000055879},"geometry":{"type":"MultiPolygon","coordinates":[[[[34.78634775683069,31.27244731947918],[34.786339802566125,31.274251095851007],[34.78843990310736,31.27425791091599],[34.7884478174147,31.27245413406248],[34.78634775683069,31.27244731947918]]]]}},{"type":"Feature","properties":{"X":34.78949059319257,"Y":31.273356753709816,"מספר_פוליגון":1274,"גיל0_4":null,"גיל5_9":null,"גיל10_18":null,"גיל19_30":null,"גיל31_44":null,"גיל45_64":null,"גיל65_75":null,"גיל76פלוס":2.0,"Shape_Length":800.0000000018626,"Shape_Area":40000.000000186265},"geometry":{"type":"MultiPolygon","coordinates":[[[[34.7884478174147,31.27245413406248],[34.78843990310736,31.27425791091599],[34.790540004360835,31.27426469165964],[34.790547878710875,31.272460914326874],[34.7884478174147,31.27245413406248]]]]}},{"type":"Feature","properties":{"X":34.79159067477467,"Y":31.27336351698932,"מספר_פוליגון":1275,"גיל0_4":null,"גיל5_9":null,"גיל10_18":null,"גיל19_30":null,"גיל31_44":null,"גיל45_64":null,"גיל65_75":null,"גיל76פלוס":null,"Shape_Length":800.0000000055879,"Shape_Area":40000.00000055879},"geometry":{"type":"MultiPolygon","coordinates":[[[[34.790547878710875,31.272460914326874],[34.790540004360835,31.27426469165964],[34.79264010632298,31.274271438081936],[34.792647940715675,31.272467660272312],[34.790547878710875,31.272460914326874]]]]}},{"type":"Feature","properties":{"X":34.793690757063615,"Y":31.27337024594864,"מספר_פוליגון":1276,"גיל0_4":1.0,"גיל5_9":2.0,"גיל10_18":1.0,"גיל19_30":8.0,"גיל31_44":4.0,"גיל45_64":20.0,"גיל65_75":6.0,"גיל76פלוס":5.0,"Shape_Length":800.0000000055879,"Shape_Area":40000.00000055879},"geometry":{"type":"MultiPolygon","coordinates":[[[[34.792647940715675,31.272467660272312],[34.79264010632298,31.274271438081936],[34.79474020899019,31.274278150182816],[34.79474800342548,31.27247437189876],[34.792647940715675,31.272467660272312]]]]}},{"type":"Feature","properties":{"X":34.79579084005579,"Y":31.273376940587756,"מספר_פוליגון":1277,"גיל0_4":13.0,"גיל5_9":22.0,"גיל10_18":18.0,"גיל19_30":47.0,"גיל31_44":33.0,"גיל45_64":66.0,"גיל65_75":32.0,"גיל76פלוס":37.0,"Shape_Length":800.0,"Shape_Area":40000.0},"geometry":{"type":"MultiPolygon","coordinates":[[[[34.79474800342548,31.27247437189876],[34.79474020899019,31.274278150182816],[34.79684031235884,31.27428482796223],[34.796848066836674,31.272481049206185],[34.79474800342548,31.27247437189876]]]]}},{"type":"Feature","properties":{"X":34.797890923747595,"Y":31.273383600906612,"מספר_פוליגון":1278,"גיל0_4":1.0,"גיל5_9":1.0,"גיל10_18":4.0,"גיל19_30":7.0,"גיל31_44":6.0,"גיל45_64":6.0,"גיל65_75":8.0,"גיל76פלוס":2.0,"Shape_Length":800.0000000055879,"Shape_Area":40000.00000055879},"geometry":{"type":"MultiPolygon","coordinates":[[[[34.796848066836674,31.272481049206185],[34.79684031235884,31.27428482796223],[34.7989404164254,31.274291471420153],[34.79894813094572,31.272487692194535],[34.796848066836674,31.272481049206185]]]]}},{"type":"Feature","properties":{"X":34.799991008135486,"Y":31.27339022690516,"מספר_פוליגון":1279,"גיל0_4":12.0,"גיל5_9":8.0,"גיל10_18":11.0,"גיל19_30":41.0,"גיל31_44":24.0,"גיל45_64":63.0,"גיל65_75":25.0,"גיל76פלוס":31.0,"Shape_Length":800.0000000018626,"Shape_Area":40000.000000186265},"geometry":{"type":"MultiPolygon","coordinates":[[[[34.79894813094572,31.272487692194535],[34.7989404164254,31.274291471420153],[34.80104052118624,31.274298080556555],[34.80104819574898,31.272494300863766],[34.79894813094572,31.272487692194535]]]]}},{"type":"Feature","properties":{"X":34.80209109321584,"Y":31.273396818583375,"מספר_פוליגון":1280,"גיל0_4":15.0,"גיל5_9":27.0,"גיל10_18":37.0,"גיל19_30":56.0,"גיל31_44":60.0,"גיל45_64":82.0,"גיל65_75":53.0,"גיל76פלוס":35.0,"Shape_Length":800.0000000055879,"Shape_Area":40000.00000055879},"geometry":{"type":"MultiPolygon","coordinates":[[[[34.80104819574898,31.272494300863766],[34.80104052118624,31.274298080556555],[34.80314062663779,31.274304655371367],[34.80314826124291,31.272500875213854],[34.80104819574898,31.272494300863766]]]]}},{"type":"Feature","properties":{"X":34.80419117898508,"Y":31.273403375941218,"מספר_פוליגון":1281,"גיל0_4":3.0,"גיל5_9":3.0,"גיל10_18":10.0,"גיל19_30":15.0,"גיל31_44":15.0,"גיל45_64":18.0,"גיל65_75":6.0,"גיל76פלוס":7.0,"Shape_Length":800.0000000018626,"Shape_Area":40000.000000186265},"geometry":{"type":"MultiPolygon","coordinates":[[[[34.80314826124291,31.272500875213854],[34.80314062663779,31.274304655371367],[34.80524073277643,31.27431119586458],[34.805248327423875,31.272507415244743],[34.80314826124291,31.272500875213854]]]]}},{"type":"Feature","properties":{"X":34.8062912654396,"Y":31.27340989897864,"מספר_פוליגון":1282,"גיל0_4":12.0,"גיל5_9":22.0,"גיל10_18":21.0,"גיל19_30":35.0,"גיל31_44":44.0,"גיל45_64":57.0,"גיל65_75":33.0,"גיל76פלוס":22.0,"Shape_Length":800.0000000055879,"Shape_Area":40000.00000055879},"geometry":{"type":"MultiPolygon","coordinates":[[[[34.805248327423875,31.272507415244743],[34.80524073277643,31.27431119586458],[34.8073408395986,31.274317702036143],[34.807348394288326,31.27251392095642],[34.805248327423875,31.272507415244743]]]]}},{"type":"Feature","properties":{"X":34.80839135257582,"Y":31.273416387695605,"מספר_פוליגון":1283,"גיל0_4":15.0,"גיל5_9":21.0,"גיל10_18":49.0,"גיל19_30":59.0,"גיל31_44":51.0,"גיל45_64":83.0,"גיל65_75":33.0,"גיל76פלוס":14.0,"Shape_Length":800.0000000055879,"Shape_Area":40000.00000055879},"geometry":{"type":"MultiPolygon","coordinates":[[[[34.807348394288326,31.27251392095642],[34.8073408395986,31.274317702036143],[34.809440947100704,31.27432417388602],[34.80944846183263,31.27252039234882],[34.807348394288326,31.27251392095642]]]]}},{"type":"Feature","properties":{"X":34.81049144039013,"Y":31.273422842092074,"מספר_פוליגון":1284,"גיל0_4":3.0,"גיל5_9":14.0,"גיל10_18":19.0,"גיל19_30":25.0,"גיל31_44":35.0,"גיל45_64":29.0,"גיל65_75":35.0,"גיל76פלוס":10.0,"Shape_Length":800.0,"Shape_Area":40000.0},"geometry":{"type":"MultiPolygon","coordinates":[[[[34.80944846183263,31.27252039234882],[34.809440947100704,31.27432417388602],[34.81154105527909,31.27433061141415],[34.81154853005319,31.272526829421924],[34.80944846183263,31.27252039234882]]]]}},{"type":"Feature","properties":{"X":34.81259152887894,"Y":31.27342926216802,"מספר_פוליגון":1285,"גיל0_4":7.0,"גיל5_9":7.0,"גיל10_18":19.0,"גיל19_30":30.0,"גיל31_44":22.0,"גיל45_64":42.0,"גיל65_75":30.0,"גיל76פלוס":8.0,"Shape_Length":800.0000000055879,"Shape_Area":40000.00000055879},"geometry":{"type":"MultiPolygon","coordinates":[[[[34.81154853005319,31.272526829421924],[34.81154105527909,31.27433061141415],[34.81364116413027,31.274337014620528],[34.813648598946465,31.272533232175668],[34.81154853005319,31.272526829421924]]]]}},{"type":"Feature","properties":{"X":34.81469161803869,"Y":31.273435647923385,"מספר_פוליגון":1286,"גיל0_4":15.0,"גיל5_9":19.0,"גיל10_18":18.0,"גיל19_30":31.0,"גיל31_44":34.0,"גיל45_64":47.0,"גיל65_75":32.0,"גיל76פלוס":12.0,"Shape_Length":800.0000000018626,"Shape_Area":40000.000000186265},"geometry":{"type":"MultiPolygon","coordinates":[[[[34.813648598946465,31.272533232175668],[34.81364116413027,31.274337014620528],[34.81574127365056,31.27434338350512],[34.81574866850882,31.272539600610052],[34.813648598946465,31.272533232175668]]]]}},{"type":"Feature","properties":{"X":34.81679170786576,"Y":31.273441999358145,"מספר_פוליגון":1287,"גיל0_4":12.0,"גיל5_9":13.0,"גיל10_18":21.0,"גיל19_30":41.0,"גיל31_44":32.0,"גיל45_64":52.0,"גיל65_75":32.0,"גיל76פלוס":5.0,"Shape_Length":800.0000000055879,"Shape_Area":40000.00000055879},"geometry":{"type":"MultiPolygon","coordinates":[[[[34.81574866850882,31.272539600610052],[34.81574127365056,31.27434338350512],[34.81784138383644,31.274349718067842],[34.81784873873669,31.272545934725],[34.81574866850882,31.272539600610052]]]]}},{"type":"Feature","properties":{"X":34.81889179835656,"Y":31.273448316472262,"מספר_פוליגון":1288,"גיל0_4":11.0,"גיל5_9":21.0,"גיל10_18":26.0,"גיל19_30":46.0,"גיל31_44":38.0,"גיל45_64":66.0,"גיל65_75":37.0,"גיל76פלוס":18.0,"Shape_Length":800.0,"Shape_Area":40000.0},"geometry":{"type":"MultiPolygon","coordinates":[[[[34.81784873873669,31.272545934725],[34.81784138383644,31.274349718067842],[34.819941494684244,31.274356018308684],[34.819948809626446,31.2725522345205],[34.81784873873669,31.272545934725]]]]}},{"type":"Feature","properties":{"X":34.8209918895075,"Y":31.273454599265687,"מספר_פוליגון":1289,"גיל0_4":7.0,"גיל5_9":4.0,"גיל10_18":12.0,"גיל19_30":12.0,"גיל31_44":8.0,"גיל45_64":21.0,"גיל65_75":8.0,"גיל76פלוס":1.0,"Shape_Length":800.0000000055879,"Shape_Area":40000.00000055879},"geometry":{"type":"MultiPolygon","coordinates":[[[[34.819948809626446,31.2725522345205],[34.819941494684244,31.274356018308684],[34.82204160619045,31.274362284227628],[34.82204888117457,31.272558499996492],[34.819948809626446,31.2725522345205]]]]}},{"type":"Feature","properties":{"X":34.82309198131503,"Y":31.273460847738384,"מספר_פוליגון":1290,"גיל0_4":6.0,"גיל5_9":14.0,"גיל10_18":32.0,"גיל19_30":18.0,"גיל31_44":18.0,"גיל45_64":38.0,"גיל65_75":10.0,"גיל76פלוס":5.0,"Shape_Length":800.0000000074506,"Shape_Area":40000.00000074506},"geometry":{"type":"MultiPolygon","coordinates":[[[[34.82204888117457,31.272558499996492],[34.82204160619045,31.274362284227628],[34.82414171835145,31.274368515824598],[34.8241489533774,31.272564731152947],[34.82204888117457,31.272558499996492]]]]}},{"type":"Feature","properties":{"X":34.82519207377548,"Y":31.273467061890326,"מספר_פוליגון":1291,"גיל0_4":5.0,"גיל5_9":8.0,"גיל10_18":13.0,"גיל19_30":20.0,"גיל31_44":14.0,"גיל45_64":31.0,"גיל65_75":12.0,"גיל76פלוס":5.0,"Shape_Length":800.0,"Shape_Area":40000.0},"geometry":{"type":"MultiPolygon","coordinates":[[[[34.8241489533774,31.272564731152947],[34.82414171835145,31.274368515824598],[34.8262418311636,31.27437471309955],[34.826249026231345,31.27257092798984],[34.8241489533774,31.272564731152947]]]]}},{"type":"Feature","properties":{"X":34.827292166885314,"Y":31.27347324172147,"מספר_פוליגון":1292,"גיל0_4":null,"גיל5_9":null,"גיל10_18":null,"גיל19_30":2.0,"גיל31_44":null,"גיל45_64":2.0,"גיל65_75":2.0,"גיל76פלוס":null,"Shape_Length":800.0000000055879,"Shape_Area":40000.00000055879},"geometry":{"type":"MultiPolygon","coordinates":[[[[34.826249026231345,31.27257092798984],[34.8262418311636,31.27437471309955],[34.828341944623375,31.274380876052522],[34.82834909973286,31.272577090507117],[34.826249026231345,31.27257092798984]]]]}},{"type":"Feature","properties":{"X":34.74958052838701,"Y":31.27502549792715,"מספר_פוליגון":1293,"גיל0_4":null,"גיל5_9":null,"גיל10_18":null,"גיל19_30":null,"גיל31_44":null,"גיל45_64":null,"גיל65_75":null,"גיל76פלוס":null,"Shape_Length":799.9999999962747,"Shape_Area":39999.99999962747},"geometry":{"type":"MultiPolygon","coordinates":[[[[34.74853811871292,31.27412255578111],[34.748529444447506,31.275926322559215],[34.75062957151385,31.275933755926275],[34.75063820581949,31.274129988622867],[34.74853811871292,31.27412255578111]]]]}},{"type":"Feature","properties":{"X":34.751680635814864,"Y":31.27503291380619,"מספר_פוליגון":1294,"גיל0_4":3.0,"גיל5_9":10.0,"גיל10_18":10.0,"גיל19_30":15.0,"גיל31_44":13.0,"גיל45_64":28.0,"גיל65_75":5.0,"גיל76פלוס":1.0,"Shape_Length":800.0000000018626,"Shape_Area":40000.000000186265},"geometry":{"type":"MultiPolygon","coordinates":[[[[34.75063820581949,31.274129988622867],[34.75062957151385,31.275933755926275],[34.752729699357175,31.275941154970383],[34.752738293703004,31.274137387144087],[34.75063820581949,31.274129988622867]]]]}},{"type":"Feature","properties":{"X":34.75378074401786,"Y":31.27504029536344,"מספר_פוליגון":1295,"גיל0_4":5.0,"גיל5_9":21.0,"גיל10_18":28.0,"גיל19_30":20.0,"גיל31_44":30.0,"גיל45_64":32.0,"גיל65_75":4.0,"גיל76פלוס":2.0,"Shape_Length":800.0000000018626,"Shape_Area":40000.000000186265},"geometry":{"type":"MultiPolygon","coordinates":[[[[34.752738293703004,31.274137387144087],[34.752729699357175,31.275941154970383],[34.75482982797387,31.275948519691443],[34.75483838235981,31.274144751344686],[34.752738293703004,31.274137387144087]]]]}},{"type":"Feature","properties":{"X":34.755880852992384,"Y":31.275047642598846,"מספר_פוליגון":1296,"גיל0_4":6.0,"גיל5_9":24.0,"גיל10_18":33.0,"גיל19_30":24.0,"גיל31_44":27.0,"גיל45_64":40.0,"גיל65_75":3.0,"גיל76פלוס":3.0,"Shape_Length":799.9999999981374,"Shape_Area":39999.999999813735},"geometry":{"type":"MultiPolygon","coordinates":[[[[34.75483838235981,31.274144751344686],[34.75482982797387,31.275948519691443],[34.75692995736033,31.275955850089424],[34.7569384717863,31.27415208122464],[34.75483838235981,31.274144751344686]]]]}},{"type":"Feature","properties":{"X":34.75798096273487,"Y":31.275054955512374,"מספר_פוליגון":1297,"גיל0_4":3.0,"גיל5_9":12.0,"גיל10_18":17.0,"גיל19_30":16.0,"גיל31_44":21.0,"גיל45_64":40.0,"גיל65_75":13.0,"גיל76פלוס":2.0,"Shape_Length":800.0000000018626,"Shape_Area":40000.000000186265},"geometry":{"type":"MultiPolygon","coordinates":[[[[34.7569384717863,31.27415208122464],[34.75692995736033,31.275955850089424],[34.759030087512976,31.275963146164305],[34.75903856197895,31.274159376783878],[34.7569384717863,31.27415208122464]]]]}},{"type":"Feature","properties":{"X":34.76008107324171,"Y":31.27506223410398,"מספר_פוליגון":1298,"גיל0_4":4.0,"גיל5_9":8.0,"גיל10_18":9.0,"גיל19_30":8.0,"גיל31_44":10.0,"גיל45_64":18.0,"גיל65_75":3.0,"גיל76פלוס":null,"Shape_Length":799.9999999981374,"Shape_Area":39999.999999813735},"geometry":{"type":"MultiPolygon","coordinates":[[[[34.75903856197895,31.274159376783878],[34.759030087512976,31.275963146164305],[34.76113021842819,31.275970407916],[34.7611386529341,31.27416663802239],[34.75903856197895,31.274159376783878]]]]}},{"type":"Feature","properties":{"X":34.762181184509316,"Y":31.275069478373606,"מספר_פוליגון":1299,"גיל0_4":null,"גיל5_9":null,"גיל10_18":null,"גיל19_30":null,"גיל31_44":null,"גיל45_64":null,"גיל65_75":null,"גיל76פלוס":null,"Shape_Length":800.0000000018626,"Shape_Area":40000.000000186265},"geometry":{"type":"MultiPolygon","coordinates":[[[[34.7611386529341,31.27416663802239],[34.76113021842819,31.275970407916],[34.76323035010245,31.275977635344503],[34.76323874464821,31.274173864940103],[34.7611386529341,31.27416663802239]]]]}},{"type":"Feature","properties":{"X":34.76428129653411,"Y":31.275076688321224,"מספר_פוליגון":1300,"גיל0_4":null,"גיל5_9":null,"גיל10_18":null,"גיל19_30":null,"גיל31_44":null,"גיל45_64":null,"גיל65_75":null,"גיל76פלוס":null,"Shape_Length":800.0000000018626,"Shape_Area":40000.000000186265},"geometry":{"type":"MultiPolygon","coordinates":[[[[34.76323874464821,31.274173864940103],[34.76323035010245,31.275977635344503],[34.76533048253211,31.275984828449737],[34.76533883711767,31.274181057537],[34.76323874464821,31.274173864940103]]]]}},{"type":"Feature","properties":{"X":34.766381409312466,"Y":31.27508386394678,"מספר_פוליגון":1301,"גיל0_4":null,"גיל5_9":null,"גיל10_18":null,"גיל19_30":null,"גיל31_44":null,"גיל45_64":null,"גיל65_75":null,"גיל76פלוס":null,"Shape_Length":799.9999999962747,"Shape_Area":39999.99999962747},"geometry":{"type":"MultiPolygon","coordinates":[[[[34.76533883711767,31.274181057537],[34.76533048253211,31.275984828449737],[34.76743061571355,31.275991987231695],[34.76743893033885,31.274188215813016],[34.76533883711767,31.274181057537]]]]}},{"type":"Feature","properties":{"X":34.76848152284082,"Y":31.27509100525023,"מספר_פוליגון":1302,"גיל0_4":null,"גיל5_9":null,"גיל10_18":null,"גיל19_30":null,"גיל31_44":null,"גיל45_64":null,"גיל65_75":null,"גיל76פלוס":null,"Shape_Length":800.0000000018626,"Shape_Area":40000.000000186265},"geometry":{"type":"MultiPolygon","coordinates":[[[[34.76743893033885,31.274188215813016],[34.76743061571355,31.275991987231695],[34.76953074964323,31.27599911169031],[34.76953902430824,31.274195339768127],[34.76743893033885,31.274188215813016]]]]}},{"type":"Feature","properties":{"X":34.77058163711558,"Y":31.275098112231547,"מספר_פוליגון":1303,"גיל0_4":null,"גיל5_9":null,"גיל10_18":null,"גיל19_30":null,"גיל31_44":null,"גיל45_64":null,"גיל65_75":null,"גיל76פלוס":null,"Shape_Length":799.9999999981374,"Shape_Area":39999.999999813735},"geometry":{"type":"MultiPolygon","coordinates":[[[[34.76953902430824,31.274195339768127],[34.76953074964323,31.27599911169031],[34.77163088431753,31.276006201825542],[34.77163911902217,31.27420242940228],[34.76953902430824,31.274195339768127]]]]}},{"type":"Feature","properties":{"X":34.772681752133145,"Y":31.275105184890673,"מספר_פוליגון":1304,"גיל0_4":null,"גיל5_9":null,"גיל10_18":null,"גיל19_30":null,"גיל31_44":null,"גיל45_64":null,"גיל65_75":null,"גיל76פלוס":null,"Shape_Length":800.0000000018626,"Shape_Area":40000.000000186265},"geometry":{"type":"MultiPolygon","coordinates":[[[[34.77163911902217,31.27420242940228],[34.77163088431753,31.276006201825542],[34.7737310197329,31.27601325763737],[34.773739214477104,31.274209484715424],[34.77163911902217,31.27420242940228]]]]}},{"type":"Feature","properties":{"X":34.77478186788993,"Y":31.275112223227566,"מספר_פוליגון":1305,"גיל0_4":null,"גיל5_9":null,"גיל10_18":null,"גיל19_30":null,"גיל31_44":null,"גיל45_64":null,"גיל65_75":null,"גיל76פלוס":null,"Shape_Length":799.9999999981374,"Shape_Area":39999.999999813735},"geometry":{"type":"MultiPolygon","coordinates":[[[[34.773739214477104,31.274209484715424],[34.7737310197329,31.27601325763737],[34.77583115588569,31.276020279125703],[34.77583931066941,31.27421650570754],[34.773739214477104,31.274209484715424]]]]}},{"type":"Feature","properties":{"X":34.776881984382335,"Y":31.275119227242197,"מספר_פוליגון":1306,"גיל0_4":null,"גיל5_9":null,"גיל10_18":null,"גיל19_30":null,"גיל31_44":null,"גיל45_64":null,"גיל65_75":null,"גיל76פלוס":null,"Shape_Length":800.0000000018626,"Shape_Area":40000.000000186265},"geometry":{"type":"MultiPolygon","coordinates":[[[[34.77583931066941,31.27421650570754],[34.77583115588569,31.276020279125703],[34.77793129277236,31.27602726629057],[34.777939407595525,31.274223492378567],[34.77583931066941,31.27421650570754]]]]}},{"type":"Feature","properties":{"X":34.778982101606786,"Y":31.275126196934515,"מספר_פוליגון":1307,"גיל0_4":null,"גיל5_9":null,"גיל10_18":null,"גיל19_30":null,"גיל31_44":null,"גיל45_64":null,"גיל65_75":null,"גיל76פלוס":null,"Shape_Length":800.0000000018626,"Shape_Area":40000.000000186265},"geometry":{"type":"MultiPolygon","coordinates":[[[[34.777939407595525,31.274223492378567],[34.77793129277236,31.27602726629057],[34.7800314303893,31.276034219131866],[34.78003950525186,31.274230444728477],[34.777939407595525,31.274223492378567]]]]}},{"type":"Feature","properties":{"X":34.781082219559664,"Y":31.275133132304482,"מספר_פוליגון":1308,"גיל0_4":null,"גיל5_9":null,"גיל10_18":null,"גיל19_30":null,"גיל31_44":null,"גיל45_64":null,"גיל65_75":null,"גיל76פלוס":null,"Shape_Length":799.9999999962747,"Shape_Area":39999.99999962747},"geometry":{"type":"MultiPolygon","coordinates":[[[[34.78003950525186,31.274230444728477],[34.7800314303893,31.276034219131866],[34.78213156873287,31.276041137649568],[34.782139603634775,31.274237362757198],[34.78003950525186,31.274230444728477]]]]}},{"type":"Feature","properties":{"X":34.78318233823739,"Y":31.275140033352045,"מספר_פוליגון":1309,"גיל0_4":null,"גיל5_9":null,"גיל10_18":null,"גיל19_30":null,"גיל31_44":null,"גיל45_64":null,"גיל65_75":null,"גיל76פלוס":null,"Shape_Length":800.0000000018626,"Shape_Area":40000.000000186265},"geometry":{"type":"MultiPolygon","coordinates":[[[[34.782139603634775,31.274237362757198],[34.78213156873287,31.276041137649568],[34.78423170779955,31.276048021843664],[34.78423970274074,31.27424424646474],[34.782139603634775,31.274237362757198]]]]}},{"type":"Feature","properties":{"X":34.785282457636384,"Y":31.275146900077182,"מספר_פוליגון":1310,"גיל0_4":null,"גיל5_9":null,"גיל10_18":null,"גיל19_30":null,"גיל31_44":null,"גיל45_64":null,"גיל65_75":null,"גיל76פלוס":null,"Shape_Length":799.9999999981374,"Shape_Area":39999.999999813735},"geometry":{"type":"MultiPolygon","coordinates":[[[[34.78423970274074,31.27424424646474],[34.78423170779955,31.276048021843664],[34.786331847585714,31.276054871714063],[34.786339802566125,31.274251095851007],[34.78423970274074,31.27424424646474]]]]}},{"type":"Feature","properties":{"X":34.787382577753036,"Y":31.275153732479833,"מספר_פוליגון":1311,"גיל0_4":null,"גיל5_9":null,"גיל10_18":null,"גיל19_30":null,"גיל31_44":null,"גיל45_64":null,"גיל65_75":null,"גיל76פלוס":null,"Shape_Length":800.0000000018626,"Shape_Area":40000.000000186265},"geometry":{"type":"MultiPolygon","coordinates":[[[[34.786339802566125,31.274251095851007],[34.786331847585714,31.276054871714063],[34.78843198808777,31.27606168726076],[34.78843990310736,31.27425791091599],[34.786339802566125,31.274251095851007]]]]}},{"type":"Feature","properties":{"X":34.789482698583754,"Y":31.275160530559965,"מספר_פוליגון":1312,"גיל0_4":null,"גיל5_9":null,"גיל10_18":null,"גיל19_30":null,"גיל31_44":null,"גיל45_64":null,"גיל65_75":null,"גיל76פלוס":null,"Shape_Length":799.9999999981374,"Shape_Area":39999.999999813735},"geometry":{"type":"MultiPolygon","coordinates":[[[[34.78843990310736,31.27425791091599],[34.78843198808777,31.27606168726076],[34.79053212930214,31.276068468483697],[34.790540004360835,31.27426469165964],[34.78843990310736,31.27425791091599]]]]}},{"type":"Feature","properties":{"X":34.79158282012497,"Y":31.275167294317537,"מספר_פוליגון":1313,"גיל0_4":null,"גיל5_9":null,"גיל10_18":null,"גיל19_30":null,"גיל31_44":null,"גיל45_64":null,"גיל65_75":null,"גיל76פלוס":null,"Shape_Length":800.0000000018626,"Shape_Area":40000.000000186265},"geometry":{"type":"MultiPolygon","coordinates":[[[[34.790540004360835,31.27426469165964],[34.79053212930214,31.276068468483697],[34.79263227122521,31.27607521538284],[34.79264010632298,31.274271438081936],[34.790540004360835,31.27426469165964]]]]}},{"type":"Feature","properties":{"X":34.79368294237308,"Y":31.275174023752513,"מספר_פוליגון":1314,"גיל0_4":null,"גיל5_9":null,"גיל10_18":null,"גיל19_30":null,"גיל31_44":null,"גיל45_64":null,"גיל65_75":null,"גיל76פלוס":null,"Shape_Length":800.0000000018626,"Shape_Area":40000.000000186265},"geometry":{"type":"MultiPolygon","coordinates":[[[[34.79264010632298,31.274271438081936],[34.79263227122521,31.27607521538284],[34.79473241385342,31.276081927958163],[34.79474020899019,31.274278150182816],[34.79264010632298,31.274271438081936]]]]}},{"type":"Feature","properties":{"X":34.795783065324464,"Y":31.27518071886485,"מספר_פוליגון":1315,"גיל0_4":null,"גיל5_9":null,"גיל10_18":null,"גיל19_30":null,"גיל31_44":null,"גיל45_64":null,"גיל65_75":null,"גיל76פלוס":null,"Shape_Length":799.9999999962747,"Shape_Area":39999.99999962747},"geometry":{"type":"MultiPolygon","coordinates":[[[[34.79474020899019,31.274278150182816],[34.79473241385342,31.276081927958163],[34.79683255718312,31.276088606209605],[34.79684031235884,31.27428482796223],[34.79474020899019,31.274278150182816]]]]}},{"type":"Feature","properties":{"X":34.797883188975575,"Y":31.275187379654497,"מספר_פוליגון":1316,"גיל0_4":null,"גיל5_9":null,"גיל10_18":null,"גיל19_30":null,"גיל31_44":null,"גיל45_64":null,"גיל65_75":null,"גיל76פלוס":null,"Shape_Length":800.0000000018626,"Shape_Area":40000.000000186265},"geometry":{"type":"MultiPolygon","coordinates":[[[[34.79684031235884,31.27428482796223],[34.79683255718312,31.276088606209605],[34.798932701210795,31.276095250137114],[34.7989404164254,31.274291471420153],[34.79684031235884,31.27428482796223]]]]}},{"type":"Feature","properties":{"X":34.79998331332279,"Y":31.275194006121424,"מספר_פוליגון":1317,"גיל0_4":5.0,"גיל5_9":6.0,"גיל10_18":9.0,"גיל19_30":15.0,"גיל31_44":22.0,"גיל45_64":22.0,"גיל65_75":11.0,"גיל76פלוס":3.0,"Shape_Length":799.9999999981374,"Shape_Area":39999.999999813735},"geometry":{"type":"MultiPolygon","coordinates":[[[[34.7989404164254,31.274291471420153],[34.798932701210795,31.276095250137114],[34.801032845932795,31.276101859740688],[34.80104052118624,31.274298080556555],[34.7989404164254,31.274291471420153]]]]}},{"type":"Feature","properties":{"X":34.80208343836254,"Y":31.275200598265595,"מספר_פוליגון":1318,"גיל0_4":14.0,"גיל5_9":33.0,"גיל10_18":43.0,"גיל19_30":63.0,"גיל31_44":55.0,"גיל45_64":85.0,"גיל65_75":67.0,"גיל76פלוס":24.0,"Shape_Length":800.0000000018626,"Shape_Area":40000.000000186265},"geometry":{"type":"MultiPolygon","coordinates":[[[[34.80104052118624,31.274298080556555],[34.801032845932795,31.276101859740688],[34.803132991345564,31.27610843502025],[34.80314062663779,31.274304655371367],[34.80104052118624,31.274298080556555]]]]}},{"type":"Feature","properties":{"X":34.80418356409121,"Y":31.275207156086974,"מספר_פוליגון":1319,"גיל0_4":36.0,"גיל5_9":48.0,"גיל10_18":29.0,"גיל19_30":49.0,"גיל31_44":88.0,"גיל45_64":83.0,"גיל65_75":54.0,"גיל76פלוס":24.0,"Shape_Length":799.9999999981374,"Shape_Area":39999.999999813735},"geometry":{"type":"MultiPolygon","coordinates":[[[[34.80314062663779,31.274304655371367],[34.803132991345564,31.27610843502025],[34.80523313744546,31.276114975975798],[34.80524073277643,31.27431119586458],[34.80314062663779,31.274304655371367]]]]}},{"type":"Feature","properties":{"X":34.806283690505225,"Y":31.275213679585505,"מספר_פוליגון":1320,"גיל0_4":15.0,"גיל5_9":35.0,"גיל10_18":38.0,"גיל19_30":51.0,"גיל31_44":71.0,"גיל45_64":84.0,"גיל65_75":52.0,"גיל76פלוס":28.0,"Shape_Length":800.0000000018626,"Shape_Area":40000.000000186265},"geometry":{"type":"MultiPolygon","coordinates":[[[[34.80524073277643,31.27431119586458],[34.80523313744546,31.276114975975798],[34.80733328422897,31.27612148260726],[34.8073408395986,31.274317702036143],[34.80524073277643,31.27431119586458]]]]}},{"type":"Feature","properties":{"X":34.808383817601,"Y":31.275220168761166,"מספר_פוליגון":1321,"גיל0_4":7.0,"גיל5_9":14.0,"גיל10_18":22.0,"גיל19_30":38.0,"גיל31_44":22.0,"גיל45_64":53.0,"גיל65_75":22.0,"גיל76פלוס":20.0,"Shape_Length":800.0000000018626,"Shape_Area":40000.000000186265},"geometry":{"type":"MultiPolygon","coordinates":[[[[34.8073408395986,31.274317702036143],[34.80733328422897,31.27612148260726],[34.80943343169244,31.27612795491462],[34.809440947100704,31.27432417388602],[34.8073408395986,31.274317702036143]]]]}},{"type":"Feature","properties":{"X":34.81048394537491,"Y":31.275226623613907,"מספר_פוליגון":1322,"גיל0_4":2.0,"גיל5_9":6.0,"גיל10_18":8.0,"גיל19_30":10.0,"גיל31_44":6.0,"גיל45_64":25.0,"גיל65_75":16.0,"גיל76פלוס":8.0,"Shape_Length":799.9999999962747,"Shape_Area":39999.99999962747},"geometry":{"type":"MultiPolygon","coordinates":[[[[34.809440947100704,31.27432417388602],[34.80943343169244,31.27612795491462],[34.81153357983228,31.27613439289783],[34.81154105527909,31.27433061141415],[34.809440947100704,31.27432417388602]]]]}},{"type":"Feature","properties":{"X":34.812584073823395,"Y":31.27523304414369,"מספר_פוליגון":1323,"גיל0_4":7.0,"גיל5_9":10.0,"גיל10_18":12.0,"גיל19_30":21.0,"גיל31_44":27.0,"גיל45_64":33.0,"גיל65_75":47.0,"גיל76פלוס":19.0,"Shape_Length":800.0000000018626,"Shape_Area":40000.000000186265},"geometry":{"type":"MultiPolygon","coordinates":[[[[34.81154105527909,31.27433061141415],[34.81153357983228,31.27613439289783],[34.81363372864494,31.276140796556845],[34.81364116413027,31.274337014620528],[34.81154105527909,31.27433061141415]]]]}},{"type":"Feature","properties":{"X":34.81468420294284,"Y":31.27523943035048,"מספר_פוליגון":1324,"גיל0_4":4.0,"גיל5_9":8.0,"גיל10_18":9.0,"גיל19_30":17.0,"גיל31_44":13.0,"גיל45_64":18.0,"גיל65_75":10.0,"גיל76פלוס":4.0,"Shape_Length":799.9999999981374,"Shape_Area":39999.999999813735},"geometry":{"type":"MultiPolygon","coordinates":[[[[34.81364116413027,31.274337014620528],[34.81363372864494,31.276140796556845],[34.81573387812676,31.276147165891633],[34.81574127365056,31.27434338350512],[34.81364116413027,31.274337014620528]]]]}},{"type":"Feature","properties":{"X":34.81678433272967,"Y":31.275245782234247,"מספר_פוליגון":1325,"גיל0_4":15.0,"גיל5_9":23.0,"גיל10_18":31.0,"גיל19_30":56.0,"גיל31_44":39.0,"גיל45_64":79.0,"גיל65_75":21.0,"גיל76פלוס":14.0,"Shape_Length":800.0000000018626,"Shape_Area":40000.000000186265},"geometry":{"type":"MultiPolygon","coordinates":[[[[34.81574127365056,31.27434338350512],[34.81573387812676,31.276147165891633],[34.81783402827421,31.276153500902147],[34.81784138383644,31.274349718067842],[34.81574127365056,31.27434338350512]]]]}},{"type":"Feature","properties":{"X":34.81888446318028,"Y":31.275252099794937,"מספר_פוליגון":1326,"גיל0_4":12.0,"גיל5_9":21.0,"גיל10_18":36.0,"גיל19_30":38.0,"גיל31_44":43.0,"גיל45_64":68.0,"גיל65_75":45.0,"גיל76פלוס":12.0,"Shape_Length":799.9999999962747,"Shape_Area":39999.99999962747},"geometry":{"type":"MultiPolygon","coordinates":[[[[34.81784138383644,31.274349718067842],[34.81783402827421,31.276153500902147],[34.819934179083674,31.276159801588374],[34.819941494684244,31.274356018308684],[34.81784138383644,31.274349718067842]]]]}},{"type":"Feature","properties":{"X":34.8209845942911,"Y":31.27525838303251,"מספר_פוליגון":1327,"גיל0_4":24.0,"גיל5_9":42.0,"גיל10_18":33.0,"גיל19_30":62.0,"גיל31_44":70.0,"גיל45_64":97.0,"גיל65_75":35.0,"גיל76פלוס":10.0,"Shape_Length":800.0000000018626,"Shape_Area":40000.000000186265},"geometry":{"type":"MultiPolygon","coordinates":[[[[34.819941494684244,31.274356018308684],[34.819934179083674,31.276159801588374],[34.82203433055157,31.27616606795026],[34.82204160619045,31.274362284227628],[34.819941494684244,31.274356018308684]]]]}},{"type":"Feature","properties":{"X":34.82308472605854,"Y":31.275264631946943,"מספר_פוליגון":1328,"גיל0_4":11.0,"גיל5_9":20.0,"גיל10_18":20.0,"גיל19_30":41.0,"גיל31_44":37.0,"גיל45_64":64.0,"גיל65_75":42.0,"גיל76פלוס":12.0,"Shape_Length":800.0000000037253,"Shape_Area":40000.00000037253},"geometry":{"type":"MultiPolygon","coordinates":[[[[34.82204160619045,31.274362284227628],[34.82203433055157,31.27616606795026],[34.82413448267432,31.276172299987767],[34.82414171835145,31.274368515824598],[34.82204160619045,31.274362284227628]]]]}},{"type":"Feature","properties":{"X":34.82518485847897,"Y":31.2752708465382,"מספר_פוליגון":1329,"גיל0_4":9.0,"גיל5_9":19.0,"גיל10_18":20.0,"גיל19_30":47.0,"גיל31_44":37.0,"גיל45_64":74.0,"גיל65_75":26.0,"גיל76פלוס":10.0,"Shape_Length":799.9999999962747,"Shape_Area":39999.99999962747},"geometry":{"type":"MultiPolygon","coordinates":[[[[34.82414171835145,31.274368515824598],[34.82413448267432,31.276172299987767],[34.82623463544825,31.27617849770084],[34.8262418311636,31.27437471309955],[34.82414171835145,31.274368515824598]]]]}},{"type":"Feature","properties":{"X":34.827284991548815,"Y":31.275277026806226,"מספר_פוליגון":1330,"גיל0_4":null,"גיל5_9":null,"גיל10_18":null,"גיל19_30":null,"גיל31_44":null,"גיל45_64":null,"גיל65_75":null,"גיל76פלוס":null,"Shape_Length":800.0000000018626,"Shape_Area":40000.000000186265},"geometry":{"type":"MultiPolygon","coordinates":[[[[34.8262418311636,31.27437471309955],[34.82623463544825,31.27617849770084],[34.82833478886989,31.27618466108948],[34.828341944623375,31.274380876052522],[34.8262418311636,31.27437471309955]]]]}},{"type":"Feature","properties":{"X":34.74957187378729,"Y":31.27682926472468,"מספר_פוליגון":1331,"גיל0_4":null,"גיל5_9":null,"גיל10_18":null,"גיל19_30":null,"גיל31_44":null,"גיל45_64":null,"גיל65_75":null,"גיל76פלוס":null,"Shape_Length":800.0,"Shape_Area":40000.0},"geometry":{"type":"MultiPolygon","coordinates":[[[[34.748529444447506,31.275926322559215],[34.74852076940154,31.27773008882821],[34.75062093643122,31.277737522720603],[34.75062957151385,31.275933755926275],[34.748529444447506,31.275926322559215]]]]}},{"type":"Feature","properties":{"X":34.75167202117673,"Y":31.276836681127826,"מספר_פוליגון":1332,"גיל0_4":4.0,"גיל5_9":4.0,"גיל10_18":10.0,"גיל19_30":7.0,"גיל31_44":10.0,"גיל45_64":9.0,"גיל65_75":3.0,"גיל76פלוס":1.0,"Shape_Length":800.0000000055879,"Shape_Area":40000.00000055879},"geometry":{"type":"MultiPolygon","coordinates":[[[[34.75062957151385,31.275933755926275],[34.75062093643122,31.277737522720603],[34.75272110423799,31.27774492228761],[34.752729699357175,31.275941154970383],[34.75062957151385,31.275933755926275]]]]}},{"type":"Feature","properties":{"X":34.75377216934139,"Y":31.276844063206767,"מספר_פוליגון":1333,"גיל0_4":11.0,"גיל5_9":28.0,"גיל10_18":17.0,"גיל19_30":16.0,"גיל31_44":33.0,"גיל45_64":30.0,"גיל65_75":4.0,"גיל76פלוס":null,"Shape_Length":800.0000000055879,"Shape_Area":40000.00000055879},"geometry":{"type":"MultiPolygon","coordinates":[[[[34.752729699357175,31.275941154970383],[34.75272110423799,31.27774492228761],[34.75482127281818,31.277752287529164],[34.75482982797387,31.275948519691443],[34.752729699357175,31.275941154970383]]]]}},{"type":"Feature","properties":{"X":34.75587231827764,"Y":31.276851410961445,"מספר_פוליגון":1334,"גיל0_4":1.0,"גיל5_9":11.0,"גיל10_18":7.0,"גיל19_30":7.0,"גיל31_44":13.0,"גיל45_64":12.0,"גיל65_75":4.0,"גיל76פלוס":null,"Shape_Length":800.0000000018626,"Shape_Area":40000.000000186265},"geometry":{"type":"MultiPolygon","coordinates":[[[[34.75482982797387,31.275948519691443],[34.75482127281818,31.277752287529164],[34.75692144216817,31.277759618445213],[34.75692995736033,31.275955850089424],[34.75482982797387,31.275948519691443]]]]}},{"type":"Feature","properties":{"X":34.75797246798188,"Y":31.276858724391815,"מספר_פוליגון":1335,"גיל0_4":null,"גיל5_9":1.0,"גיל10_18":2.0,"גיל19_30":1.0,"גיל31_44":2.0,"גיל45_64":null,"גיל65_75":null,"גיל76פלוס":null,"Shape_Length":800.0000000055879,"Shape_Area":40000.00000055879},"geometry":{"type":"MultiPolygon","coordinates":[[[[34.75692995736033,31.275955850089424],[34.75692144216817,31.277759618445213],[34.75902161228442,31.277766915035706],[34.759030087512976,31.275963146164305],[34.75692995736033,31.275955850089424]]]]}},{"type":"Feature","properties":{"X":34.76007261845056,"Y":31.276866003497837,"מספר_פוליגון":1336,"גיל0_4":null,"גיל5_9":null,"גיל10_18":null,"גיל19_30":null,"גיל31_44":null,"גיל45_64":null,"גיל65_75":null,"גיל76פלוס":null,"Shape_Length":800.0000000018626,"Shape_Area":40000.000000186265},"geometry":{"type":"MultiPolygon","coordinates":[[[[34.759030087512976,31.275963146164305],[34.75902161228442,31.277766915035706],[34.761121783163325,31.27777417730063],[34.76113021842819,31.275970407916],[34.759030087512976,31.275963146164305]]]]}},{"type":"Feature","properties":{"X":34.76217276968006,"Y":31.27687324827947,"מספר_פוליגון":1337,"גיל0_4":null,"גיל5_9":null,"גיל10_18":null,"גיל19_30":null,"גיל31_44":null,"גיל45_64":null,"גיל65_75":null,"גיל76פלוס":null,"Shape_Length":800.0000000055879,"Shape_Area":40000.00000055879},"geometry":{"type":"MultiPolygon","coordinates":[[[[34.76113021842819,31.275970407916],[34.761121783163325,31.27777417730063],[34.76322195480129,31.27778140523992],[34.76323035010245,31.275977635344503],[34.76113021842819,31.275970407916]]]]}},{"type":"Feature","properties":{"X":34.7642729216668,"Y":31.276880458736656,"מספר_פוליגון":1338,"גיל0_4":null,"גיל5_9":null,"גיל10_18":null,"גיל19_30":null,"גיל31_44":null,"גיל45_64":null,"גיל65_75":null,"גיל76פלוס":null,"Shape_Length":800.0000000055879,"Shape_Area":40000.00000055879},"geometry":{"type":"MultiPolygon","coordinates":[[[[34.76323035010245,31.275977635344503],[34.76322195480129,31.27778140523992],[34.76532212719473,31.277788598853544],[34.76533048253211,31.275984828449737],[34.76323035010245,31.275977635344503]]]]}},{"type":"Feature","properties":{"X":34.766373074407184,"Y":31.27688763486936,"מספר_פוליגון":1339,"גיל0_4":null,"גיל5_9":null,"גיל10_18":null,"גיל19_30":null,"גיל31_44":null,"גיל45_64":null,"גיל65_75":null,"גיל76פלוס":null,"Shape_Length":800.0,"Shape_Area":40000.0},"geometry":{"type":"MultiPolygon","coordinates":[[[[34.76533048253211,31.275984828449737],[34.76532212719473,31.277788598853544],[34.767422300340016,31.277795758141444],[34.76743061571355,31.275991987231695],[34.76533048253211,31.275984828449737]]]]}},{"type":"Feature","properties":{"X":34.768473227897616,"Y":31.27689477667755,"מספר_פוליגון":1340,"גיל0_4":null,"גיל5_9":null,"גיל10_18":null,"גיל19_30":null,"גיל31_44":null,"גיל45_64":null,"גיל65_75":null,"גיל76פלוס":null,"Shape_Length":800.0000000055879,"Shape_Area":40000.00000055879},"geometry":{"type":"MultiPolygon","coordinates":[[[[34.76743061571355,31.275991987231695],[34.767422300340016,31.277795758141444],[34.769522474233604,31.277802883103593],[34.76953074964323,31.27599911169031],[34.76743061571355,31.275991987231695]]]]}},{"type":"Feature","properties":{"X":34.7705733821345,"Y":31.276901884161184,"מספר_פוליגון":1341,"גיל0_4":null,"גיל5_9":null,"גיל10_18":null,"גיל19_30":null,"גיל31_44":null,"גיל45_64":null,"גיל65_75":null,"גיל76פלוס":null,"Shape_Length":800.0000000018626,"Shape_Area":40000.000000186265},"geometry":{"type":"MultiPolygon","coordinates":[[[[34.76953074964323,31.27599911169031],[34.769522474233604,31.277802883103593],[34.77162264887187,31.277809973739934],[34.77163088431753,31.276006201825542],[34.76953074964323,31.27599911169031]]]]}},{"type":"Feature","properties":{"X":34.77267353711426,"Y":31.2769089573202,"מספר_פוליגון":1342,"גיל0_4":null,"גיל5_9":null,"גיל10_18":null,"גיל19_30":null,"גיל31_44":null,"גיל45_64":null,"גיל65_75":null,"גיל76פלוס":null,"Shape_Length":800.0000000055879,"Shape_Area":40000.00000055879},"geometry":{"type":"MultiPolygon","coordinates":[[[[34.77163088431753,31.276006201825542],[34.77162264887187,31.277809973739934],[34.77372282425125,31.27781703005043],[34.7737310197329,31.27601325763737],[34.77163088431753,31.276006201825542]]]]}},{"type":"Feature","properties":{"X":34.774773692833286,"Y":31.276915996154557,"מספר_פוליגון":1343,"גיל0_4":null,"גיל5_9":null,"גיל10_18":null,"גיל19_30":null,"גיל31_44":null,"גיל45_64":null,"גיל65_75":null,"גיל76פלוס":null,"Shape_Length":800.0000000018626,"Shape_Area":40000.000000186265},"geometry":{"type":"MultiPolygon","coordinates":[[[[34.7737310197329,31.27601325763737],[34.77372282425125,31.27781703005043],[34.77582300036811,31.277824052035047],[34.77583115588569,31.276020279125703],[34.7737310197329,31.27601325763737]]]]}},{"type":"Feature","properties":{"X":34.776873849287995,"Y":31.27692300066423,"מספר_פוליגון":1344,"גיל0_4":null,"גיל5_9":null,"גיל10_18":null,"גיל19_30":null,"גיל31_44":null,"גיל45_64":null,"גיל65_75":null,"גיל76פלוס":null,"Shape_Length":800.0000000055879,"Shape_Area":40000.00000055879},"geometry":{"type":"MultiPolygon","coordinates":[[[[34.77583115588569,31.276020279125703],[34.77582300036811,31.277824052035047],[34.77792317721893,31.277831039693734],[34.77793129277236,31.27602726629057],[34.77583115588569,31.276020279125703]]]]}},{"type":"Feature","properties":{"X":34.77897400647481,"Y":31.27692997084917,"מספר_פוליגון":1345,"גיל0_4":null,"גיל5_9":null,"גיל10_18":null,"גיל19_30":null,"גיל31_44":null,"גיל45_64":null,"גיל65_75":null,"גיל76פלוס":null,"Shape_Length":800.0000000055879,"Shape_Area":40000.00000055879},"geometry":{"type":"MultiPolygon","coordinates":[[[[34.77793129277236,31.27602726629057],[34.77792317721893,31.277831039693734],[34.78002335480005,31.27783799302643],[34.7800314303893,31.276034219131866],[34.77793129277236,31.27602726629057]]]]}},{"type":"Feature","properties":{"X":34.78107416439011,"Y":31.276936906709327,"מספר_פוליגון":1346,"גיל0_4":null,"גיל5_9":null,"גיל10_18":null,"גיל19_30":null,"גיל31_44":null,"גיל45_64":null,"גיל65_75":null,"גיל76פלוס":null,"Shape_Length":800.0,"Shape_Area":40000.0},"geometry":{"type":"MultiPolygon","coordinates":[[[[34.7800314303893,31.276034219131866],[34.78002335480005,31.27783799302643],[34.78212353310788,31.27784491203314],[34.78213156873287,31.276041137649568],[34.7800314303893,31.276034219131866]]]]}},{"type":"Feature","properties":{"X":34.783174323030316,"Y":31.276943808244667,"מספר_פוליגון":1347,"גיל0_4":null,"גיל5_9":null,"גיל10_18":null,"גיל19_30":null,"גיל31_44":null,"גיל45_64":null,"גיל65_75":null,"גיל76פלוס":null,"Shape_Length":800.0000000055879,"Shape_Area":40000.00000055879},"geometry":{"type":"MultiPolygon","coordinates":[[[[34.78213156873287,31.276041137649568],[34.78212353310788,31.27784491203314],[34.78422371213887,31.27785179671379],[34.78423170779955,31.276048021843664],[34.78213156873287,31.276041137649568]]]]}},{"type":"Feature","properties":{"X":34.78527448239184,"Y":31.276950675455147,"מספר_פוליגון":1348,"גיל0_4":null,"גיל5_9":null,"גיל10_18":null,"גיל19_30":null,"גיל31_44":null,"גיל45_64":null,"גיל65_75":null,"גיל76פלוס":null,"Shape_Length":800.0000000018626,"Shape_Area":40000.000000186265},"geometry":{"type":"MultiPolygon","coordinates":[[[[34.78423170779955,31.276048021843664],[34.78422371213887,31.27785179671379],[34.786323891889396,31.27785864706834],[34.786331847585714,31.276054871714063],[34.78423170779955,31.276048021843664]]]]}},{"type":"Feature","properties":{"X":34.787374642471086,"Y":31.276957508340736,"מספר_פוליגון":1349,"גיל0_4":null,"גיל5_9":null,"גיל10_18":null,"גיל19_30":null,"גיל31_44":null,"גיל45_64":null,"גיל65_75":null,"גיל76פלוס":null,"Shape_Length":800.0000000055879,"Shape_Area":40000.00000055879},"geometry":{"type":"MultiPolygon","coordinates":[[[[34.786331847585714,31.276054871714063],[34.786323891889396,31.27785864706834],[34.78842407235587,31.277865463096763],[34.78843198808777,31.27606168726076],[34.786331847585714,31.276054871714063]]]]}},{"type":"Feature","properties":{"X":34.78947480326446,"Y":31.276964306901373,"מספר_פוליגון":1350,"גיל0_4":null,"גיל5_9":null,"גיל10_18":null,"גיל19_30":null,"גיל31_44":null,"גיל45_64":null,"גיל65_75":null,"גיל76פלוס":null,"Shape_Length":800.0000000018626,"Shape_Area":40000.000000186265},"geometry":{"type":"MultiPolygon","coordinates":[[[[34.78843198808777,31.27606168726076],[34.78842407235587,31.277865463096763],[34.79052425353471,31.27787224479902],[34.79053212930214,31.276068468483697],[34.78843198808777,31.27606168726076]]]]}},{"type":"Feature","properties":{"X":34.79157496476837,"Y":31.27697107113703,"מספר_פוליגון":1351,"גיל0_4":null,"גיל5_9":null,"גיל10_18":null,"גיל19_30":null,"גיל31_44":null,"גיל45_64":null,"גיל65_75":null,"גיל76פלוס":null,"Shape_Length":800.0000000055879,"Shape_Area":40000.00000055879},"geometry":{"type":"MultiPolygon","coordinates":[[[[34.79053212930214,31.276068468483697],[34.79052425353471,31.27787224479902],[34.79262443542233,31.277878992175044],[34.79263227122521,31.27607521538284],[34.79053212930214,31.276068468483697]]]]}},{"type":"Feature","properties":{"X":34.793675126979245,"Y":31.27697780104767,"מספר_פוליגון":1352,"גיל0_4":null,"גיל5_9":null,"גיל10_18":null,"גיל19_30":null,"גיל31_44":null,"גיל45_64":null,"גיל65_75":null,"גיל76פלוס":null,"Shape_Length":800.0000000055879,"Shape_Area":40000.00000055879},"geometry":{"type":"MultiPolygon","coordinates":[[[[34.79263227122521,31.27607521538284],[34.79262443542233,31.277878992175044],[34.794724618015124,31.27788570522481],[34.79473241385342,31.276081927958163],[34.79263227122521,31.27607521538284]]]]}},{"type":"Feature","properties":{"X":34.79577528989346,"Y":31.27698449663325,"מספר_פוליגון":1353,"גיל0_4":null,"גיל5_9":null,"גיל10_18":null,"גיל19_30":null,"גיל31_44":null,"גיל45_64":null,"גיל65_75":null,"גיל76פלוס":null,"Shape_Length":800.0,"Shape_Area":40000.0},"geometry":{"type":"MultiPolygon","coordinates":[[[[34.79473241385342,31.276081927958163],[34.794724618015124,31.27788570522481],[34.79682480130948,31.2778923839483],[34.79683255718312,31.276088606209605],[34.79473241385342,31.276081927958163]]]]}},{"type":"Feature","properties":{"X":34.79787545350743,"Y":31.27699115789372,"מספר_פוליגון":1354,"גיל0_4":21.0,"גיל5_9":43.0,"גיל10_18":34.0,"גיל19_30":49.0,"גיל31_44":58.0,"גיל45_64":78.0,"גיל65_75":18.0,"גיל76פלוס":6.0,"Shape_Length":800.0000000055879,"Shape_Area":40000.00000055879},"geometry":{"type":"MultiPolygon","coordinates":[[[[34.79683255718312,31.276088606209605],[34.79682480130948,31.2778923839483],[34.79892498530185,31.277899028345434],[34.798932701210795,31.276095250137114],[34.79683255718312,31.276088606209605]]]]}},{"type":"Feature","properties":{"X":34.79997561781757,"Y":31.27699778482905,"מספר_פוליגון":1355,"גיל0_4":26.0,"גיל5_9":35.0,"גיל10_18":38.0,"גיל19_30":46.0,"גיל31_44":73.0,"גיל45_64":67.0,"גיל65_75":36.0,"גיל76פלוס":21.0,"Shape_Length":800.0000000018626,"Shape_Area":40000.000000186265},"geometry":{"type":"MultiPolygon","coordinates":[[[[34.798932701210795,31.276095250137114],[34.79892498530185,31.277899028345434],[34.801025169988584,31.277905638416197],[34.801032845932795,31.276101859740688],[34.798932701210795,31.276095250137114]]]]}},{"type":"Feature","properties":{"X":34.802075782820296,"Y":31.277004377439198,"מספר_פוליגון":1356,"גיל0_4":10.0,"גיל5_9":12.0,"גיל10_18":16.0,"גיל19_30":16.0,"גיל31_44":18.0,"גיל45_64":24.0,"גיל65_75":17.0,"גיל76פלוס":6.0,"Shape_Length":800.0000000055879,"Shape_Area":40000.00000055879},"geometry":{"type":"MultiPolygon","coordinates":[[[[34.801032845932795,31.276101859740688],[34.801025169988584,31.277905638416197],[34.80312535536616,31.277912214160512],[34.803132991345564,31.27610843502025],[34.801032845932795,31.276101859740688]]]]}},{"type":"Feature","properties":{"X":34.804175948512004,"Y":31.27701093572412,"מספר_פוליגון":1357,"גיל0_4":17.0,"גיל5_9":34.0,"גיל10_18":28.0,"גיל19_30":42.0,"גיל31_44":56.0,"גיל45_64":46.0,"גיל65_75":12.0,"גיל76פלוס":18.0,"Shape_Length":800.0000000018626,"Shape_Area":40000.000000186265},"geometry":{"type":"MultiPolygon","coordinates":[[[[34.803132991345564,31.27610843502025],[34.80312535536616,31.277912214160512],[34.80522554143094,31.27791875557841],[34.80523313744546,31.276114975975798],[34.803132991345564,31.27610843502025]]]]}},{"type":"Feature","properties":{"X":34.80627611488911,"Y":31.277017459683783,"מספר_פוליגון":1358,"גיל0_4":1.0,"גיל5_9":1.0,"גיל10_18":6.0,"גיל19_30":5.0,"גיל31_44":4.0,"גיל45_64":5.0,"גיל65_75":5.0,"גיל76פלוס":3.0,"Shape_Length":800.0000000055879,"Shape_Area":40000.00000055879},"geometry":{"type":"MultiPolygon","coordinates":[[[[34.80523313744546,31.276114975975798],[34.80522554143094,31.27791875557841],[34.80732572817936,31.27792526266981],[34.80733328422897,31.27612148260726],[34.80523313744546,31.276114975975798]]]]}},{"type":"Feature","properties":{"X":34.808376281948014,"Y":31.277023949318146,"מספר_פוליגון":1359,"גיל0_4":11.0,"גיל5_9":6.0,"גיל10_18":19.0,"גיל19_30":21.0,"גיל31_44":27.0,"גיל45_64":33.0,"גיל65_75":36.0,"גיל76פלוס":9.0,"Shape_Length":800.0000000055879,"Shape_Area":40000.00000055879},"geometry":{"type":"MultiPolygon","coordinates":[[[[34.80733328422897,31.27612148260726],[34.80732572817936,31.27792526266981],[34.8094259156078,31.277931735434667],[34.80943343169244,31.27612795491462],[34.80733328422897,31.27612148260726]]]]}},{"type":"Feature","properties":{"X":34.81047644968513,"Y":31.277030404627173,"מספר_פוליגון":1360,"גיל0_4":7.0,"גיל5_9":9.0,"גיל10_18":10.0,"גיל19_30":21.0,"גיל31_44":22.0,"גיל45_64":25.0,"גיל65_75":22.0,"גיל76פלוס":13.0,"Shape_Length":800.0,"Shape_Area":40000.0},"geometry":{"type":"MultiPolygon","coordinates":[[[[34.80943343169244,31.27612795491462],[34.8094259156078,31.277931735434667],[34.81152610371266,31.27793817387295],[34.81153357983228,31.27613439289783],[34.80943343169244,31.27612795491462]]]]}},{"type":"Feature","properties":{"X":34.812576618096855,"Y":31.277036825610818,"מספר_פוליגון":1361,"גיל0_4":null,"גיל5_9":null,"גיל10_18":null,"גיל19_30":null,"גיל31_44":null,"גיל45_64":null,"גיל65_75":null,"גיל76פלוס":null,"Shape_Length":800.0000000055879,"Shape_Area":40000.00000055879},"geometry":{"type":"MultiPolygon","coordinates":[[[[34.81153357983228,31.27613439289783],[34.81152610371266,31.27793817387295],[34.81362629249038,31.27794457798462],[34.81363372864494,31.276140796556845],[34.81153357983228,31.27613439289783]]]]}},{"type":"Feature","properties":{"X":34.81467678717961,"Y":31.277043212269053,"מספר_פוליגון":1362,"גיל0_4":null,"גיל5_9":null,"גיל10_18":null,"גיל19_30":null,"גיל31_44":null,"גיל45_64":null,"גיל65_75":null,"גיל76פלוס":null,"Shape_Length":800.0000000018626,"Shape_Area":40000.000000186265},"geometry":{"type":"MultiPolygon","coordinates":[[[[34.81363372864494,31.276140796556845],[34.81362629249038,31.27794457798462],[34.81572648193735,31.277950947769646],[34.81573387812676,31.276147165891633],[34.81363372864494,31.276140796556845]]]]}},{"type":"Feature","properties":{"X":34.8167769569298,"Y":31.27704956460183,"מספר_פוליגון":1363,"גיל0_4":1.0,"גיל5_9":1.0,"גיל10_18":2.0,"גיל19_30":9.0,"גיל31_44":4.0,"גיל45_64":10.0,"גיל65_75":6.0,"גיל76פלוס":3.0,"Shape_Length":800.0000000055879,"Shape_Area":40000.00000055879},"geometry":{"type":"MultiPolygon","coordinates":[[[[34.81573387812676,31.276147165891633],[34.81572648193735,31.277950947769646],[34.81782667204999,31.277957283227988],[34.81783402827421,31.276153500902147],[34.81573387812676,31.276147165891633]]]]}},{"type":"Feature","properties":{"X":34.81887712734382,"Y":31.27705588260911,"מספר_פוליגון":1364,"גיל0_4":6.0,"גיל5_9":20.0,"גיל10_18":40.0,"גיל19_30":34.0,"גיל31_44":30.0,"גיל45_64":55.0,"גיל65_75":18.0,"גיל76פלוס":10.0,"Shape_Length":800.0,"Shape_Area":40000.0},"geometry":{"type":"MultiPolygon","coordinates":[[[[34.81783402827421,31.276153500902147],[34.81782667204999,31.277957283227988],[34.819926862824666,31.277963584359576],[34.819934179083674,31.276159801588374],[34.81783402827421,31.276153500902147]]]]}},{"type":"Feature","properties":{"X":34.82097729841809,"Y":31.277062166290857,"מספר_פוליגון":1365,"גיל0_4":32.0,"גיל5_9":58.0,"גיל10_18":48.0,"גיל19_30":85.0,"גיל31_44":101.0,"גיל45_64":114.0,"גיל65_75":39.0,"גיל76פלוס":30.0,"Shape_Length":800.0000000055879,"Shape_Area":40000.00000055879},"geometry":{"type":"MultiPolygon","coordinates":[[[[34.819934179083674,31.276159801588374],[34.819926862824666,31.277963584359576],[34.82202705425785,31.277969851164425],[34.82203433055157,31.27616606795026],[34.819934179083674,31.276159801588374]]]]}},{"type":"Feature","properties":{"X":34.82307747014903,"Y":31.277068415647044,"מספר_פוליגון":1366,"גיל0_4":28.0,"גיל5_9":39.0,"גיל10_18":42.0,"גיל19_30":71.0,"גיל31_44":93.0,"גיל45_64":93.0,"גיל65_75":33.0,"גיל76פלוס":26.0,"Shape_Length":800.0000000074506,"Shape_Area":40000.00000074506},"geometry":{"type":"MultiPolygon","coordinates":[[[[34.82203433055157,31.27616606795026],[34.82202705425785,31.277969851164425],[34.82412724634593,31.277976083642482],[34.82413448267432,31.276172299987767],[34.82203433055157,31.27616606795026]]]]}},{"type":"Feature","properties":{"X":34.825177642533035,"Y":31.277074630677625,"מספר_פוליגון":1367,"גיל0_4":6.0,"גיל5_9":5.0,"גיל10_18":10.0,"גיל19_30":27.0,"גיל31_44":11.0,"גיל45_64":33.0,"גיל65_75":13.0,"גיל76פלוס":4.0,"Shape_Length":800.0,"Shape_Area":40000.0},"geometry":{"type":"MultiPolygon","coordinates":[[[[34.82413448267432,31.276172299987767],[34.82412724634593,31.277976083642482],[34.826227439085265,31.27798228179369],[34.82623463544825,31.27617849770084],[34.82413448267432,31.276172299987767]]]]}},{"type":"Feature","properties":{"X":34.8272778155665,"Y":31.27708081138256,"מספר_פוליגון":1368,"גיל0_4":null,"גיל5_9":null,"גיל10_18":null,"גיל19_30":null,"גיל31_44":null,"גיל45_64":null,"גיל65_75":null,"גיל76פלוס":null,"Shape_Length":800.0000000055879,"Shape_Area":40000.00000055879},"geometry":{"type":"MultiPolygon","coordinates":[[[[34.82623463544825,31.27617849770084],[34.826227439085265,31.27798228179369],[34.82832763247233,31.27798844561801],[34.82833478886989,31.27618466108948],[34.82623463544825,31.27617849770084]]]]}},{"type":"Feature","properties":{"X":34.74956321840879,"Y":31.27863303101309,"מספר_פוליגון":1369,"גיל0_4":null,"גיל5_9":null,"גיל10_18":null,"גיל19_30":null,"גיל31_44":null,"גיל45_64":null,"גיל65_75":null,"גיל76פלוס":null,"Shape_Length":799.9999999888241,"Shape_Area":39999.99999888241},"geometry":{"type":"MultiPolygon","coordinates":[[[[34.74852076940154,31.27773008882821],[34.74851209357494,31.27953385458802],[34.7506123005716,31.279541289005795],[34.75062093643122,31.277737522720603],[34.74852076940154,31.27773008882821]]]]}},{"type":"Feature","properties":{"X":34.75166340576341,"Y":31.278640447940372,"מספר_פוליגון":1370,"גיל0_4":null,"גיל5_9":null,"גיל10_18":null,"גיל19_30":null,"גיל31_44":null,"גיל45_64":null,"גיל65_75":null,"גיל76פלוס":null,"Shape_Length":799.9999999944121,"Shape_Area":39999.99999944121},"geometry":{"type":"MultiPolygon","coordinates":[[[[34.75062093643122,31.277737522720603],[34.7506123005716,31.279541289005795],[34.75271250834536,31.279548689095723],[34.75272110423799,31.27774492228761],[34.75062093643122,31.277737522720603]]]]}},{"type":"Feature","properties":{"X":34.75376359389331,"Y":31.278647830541015,"מספר_פוליגון":1371,"גיל0_4":null,"גיל5_9":null,"גיל10_18":null,"גיל19_30":null,"גיל31_44":null,"גיל45_64":null,"גיל65_75":null,"גיל76פלוס":null,"Shape_Length":799.9999999944121,"Shape_Area":39999.99999944121},"geometry":{"type":"MultiPolygon","coordinates":[[[[34.75272110423799,31.27774492228761],[34.75271250834536,31.279548689095723],[34.75481271689263,31.279556054857775],[34.75482127281818,31.277752287529164],[34.75272110423799,31.27774492228761]]]]}},{"type":"Feature","properties":{"X":34.75586378279487,"Y":31.27865517881498,"מספר_פוליגון":1372,"גיל0_4":null,"גיל5_9":null,"גיל10_18":null,"גיל19_30":null,"גיל31_44":null,"גיל45_64":null,"גיל65_75":null,"גיל76פלוס":null,"Shape_Length":799.9999999906868,"Shape_Area":39999.99999906868},"geometry":{"type":"MultiPolygon","coordinates":[[[[34.75482127281818,31.277752287529164],[34.75481271689263,31.279556054857775],[34.75691292620977,31.279563386291905],[34.75692144216817,31.277759618445213],[34.75482127281818,31.277752287529164]]]]}},{"type":"Feature","properties":{"X":34.75796397246449,"Y":31.278662492762216,"מספר_פוליגון":1373,"גיל0_4":null,"גיל5_9":null,"גיל10_18":null,"גיל19_30":null,"גיל31_44":null,"גיל45_64":null,"גיל65_75":null,"גיל76פלוס":null,"Shape_Length":799.9999999944121,"Shape_Area":39999.99999944121},"geometry":{"type":"MultiPolygon","coordinates":[[[[34.75692144216817,31.277759618445213],[34.75691292620977,31.279563386291905],[34.75901313629323,31.279570683398056],[34.75902161228442,31.277766915035706],[34.75692144216817,31.277759618445213]]]]}},{"type":"Feature","properties":{"X":34.76006416289858,"Y":31.278669772382674,"מספר_פוליגון":1374,"גיל0_4":null,"גיל5_9":null,"גיל10_18":null,"גיל19_30":null,"גיל31_44":null,"גיל45_64":null,"גיל65_75":null,"גיל76פלוס":null,"Shape_Length":799.9999999906868,"Shape_Area":39999.99999906868},"geometry":{"type":"MultiPolygon","coordinates":[[[[34.75902161228442,31.277766915035706],[34.75901313629323,31.279570683398056],[34.76111334713938,31.27957794617622],[34.761121783163325,31.27777417730063],[34.75902161228442,31.277766915035706]]]]}},{"type":"Feature","properties":{"X":34.76216435409358,"Y":31.278677017676316,"מספר_פוליגון":1375,"גיל0_4":null,"גיל5_9":null,"גיל10_18":null,"גיל19_30":null,"גיל31_44":null,"גיל45_64":null,"גיל65_75":null,"גיל76פלוס":null,"Shape_Length":799.9999999944121,"Shape_Area":39999.99999944121},"geometry":{"type":"MultiPolygon","coordinates":[[[[34.761121783163325,31.27777417730063],[34.76111334713938,31.27957794617622],[34.763213558744674,31.27958517462632],[34.76322195480129,31.27778140523992],[34.761121783163325,31.27777417730063]]]]}},{"type":"Feature","properties":{"X":34.76426454604587,"Y":31.278684228643097,"מספר_פוליגון":1376,"גיל0_4":null,"גיל5_9":null,"גיל10_18":null,"גיל19_30":null,"גיל31_44":null,"גיל45_64":null,"גיל65_75":null,"גיל76פלוס":null,"Shape_Length":799.9999999944121,"Shape_Area":39999.99999944121},"geometry":{"type":"MultiPolygon","coordinates":[[[[34.76322195480129,31.27778140523992],[34.763213558744674,31.27958517462632],[34.76531377110548,31.27959236874833],[34.76532212719473,31.277788598853544],[34.76322195480129,31.27778140523992]]]]}},{"type":"Feature","properties":{"X":34.766364738751854,"Y":31.27869140528298,"מספר_פוליגון":1377,"גיל0_4":null,"גיל5_9":null,"גיל10_18":null,"גיל19_30":null,"גיל31_44":null,"גיל45_64":null,"גיל65_75":null,"גיל76פלוס":null,"Shape_Length":799.9999999888241,"Shape_Area":39999.99999888241},"geometry":{"type":"MultiPolygon","coordinates":[[[[34.76532212719473,31.277788598853544],[34.76531377110548,31.27959236874833],[34.7674139842182,31.279599528542203],[34.767422300340016,31.277795758141444],[34.76532212719473,31.277788598853544]]]]}},{"type":"Feature","properties":{"X":34.76846493220794,"Y":31.278698547595926,"מספר_פוליגון":1378,"גיל0_4":null,"גיל5_9":null,"גיל10_18":null,"גיל19_30":null,"גיל31_44":null,"גיל45_64":null,"גיל65_75":null,"גיל76פלוס":null,"Shape_Length":799.9999999944121,"Shape_Area":39999.99999944121},"geometry":{"type":"MultiPolygon","coordinates":[[[[34.767422300340016,31.277795758141444],[34.7674139842182,31.279599528542203],[34.76951419807929,31.279606654007893],[34.769522474233604,31.277802883103593],[34.767422300340016,31.277795758141444]]]]}},{"type":"Feature","properties":{"X":34.77056512641055,"Y":31.278705655581877,"מספר_פוליגון":1379,"גיל0_4":null,"גיל5_9":null,"גיל10_18":null,"גיל19_30":null,"גיל31_44":null,"גיל45_64":null,"גיל65_75":null,"גיל76פלוס":null,"Shape_Length":799.9999999906868,"Shape_Area":39999.99999906868},"geometry":{"type":"MultiPolygon","coordinates":[[[[34.769522474233604,31.277802883103593],[34.76951419807929,31.279606654007893],[34.77161441268511,31.27961374514536],[34.77162264887187,31.277809973739934],[34.769522474233604,31.277802883103593]]]]}},{"type":"Feature","properties":{"X":34.77266532135609,"Y":31.2787127292408,"מספר_פוליגון":1380,"גיל0_4":null,"גיל5_9":null,"גיל10_18":null,"גיל19_30":null,"גיל31_44":null,"גיל45_64":null,"גיל65_75":null,"גיל76פלוס":null,"Shape_Length":799.9999999944121,"Shape_Area":39999.99999944121},"geometry":{"type":"MultiPolygon","coordinates":[[[[34.77162264887187,31.277809973739934],[34.77161441268511,31.27961374514536],[34.77371462803211,31.27962080195456],[34.77372282425125,31.27781703005043],[34.77162264887187,31.277809973739934]]]]}},{"type":"Feature","properties":{"X":34.77476551704096,"Y":31.278719768572657,"מספר_פוליגון":1381,"גיל0_4":null,"גיל5_9":null,"גיל10_18":null,"גיל19_30":null,"גיל31_44":null,"גיל45_64":null,"גיל65_75":null,"גיל76פלוס":null,"Shape_Length":799.9999999906868,"Shape_Area":39999.99999906868},"geometry":{"type":"MultiPolygon","coordinates":[[[[34.77372282425125,31.27781703005043],[34.77371462803211,31.27962080195456],[34.775814844116645,31.279627824435455],[34.77582300036811,31.277824052035047],[34.77372282425125,31.27781703005043]]]]}},{"type":"Feature","properties":{"X":34.77686571346157,"Y":31.278726773577386,"מספר_פוליגון":1382,"גיל0_4":null,"גיל5_9":null,"גיל10_18":null,"גיל19_30":null,"גיל31_44":null,"גיל45_64":null,"גיל65_75":null,"גיל76פלוס":null,"Shape_Length":799.9999999944121,"Shape_Area":39999.99999944121},"geometry":{"type":"MultiPolygon","coordinates":[[[[34.77582300036811,31.277824052035047],[34.775814844116645,31.279627824435455],[34.77791506093518,31.279634812587986],[34.77792317721893,31.277831039693734],[34.77582300036811,31.277824052035047]]]]}},{"type":"Feature","properties":{"X":34.77896591061434,"Y":31.278733744254957,"מספר_פוליגון":1383,"גיל0_4":null,"גיל5_9":null,"גיל10_18":null,"גיל19_30":null,"גיל31_44":null,"גיל45_64":null,"גיל65_75":null,"גיל76פלוס":null,"Shape_Length":799.9999999944121,"Shape_Area":39999.99999944121},"geometry":{"type":"MultiPolygon","coordinates":[[[[34.77792317721893,31.277831039693734],[34.77791506093518,31.279634812587986],[34.780015278484086,31.27964176641214],[34.78002335480005,31.27783799302643],[34.77792317721893,31.277831039693734]]]]}},{"type":"Feature","properties":{"X":34.78106610849566,"Y":31.27874068060533,"מספר_פוליגון":1384,"גיל0_4":null,"גיל5_9":null,"גיל10_18":null,"גיל19_30":null,"גיל31_44":null,"גיל45_64":null,"גיל65_75":null,"גיל76פלוס":null,"Shape_Length":799.9999999888241,"Shape_Area":39999.99999888241},"geometry":{"type":"MultiPolygon","coordinates":[[[[34.78002335480005,31.27783799302643],[34.780015278484086,31.27964176641214],[34.78211549675976,31.27964868590786],[34.78212353310788,31.27784491203314],[34.78002335480005,31.27783799302643]]]]}},{"type":"Feature","properties":{"X":34.783166307101936,"Y":31.278747582628466,"מספר_פוליגון":1385,"גיל0_4":null,"גיל5_9":null,"גיל10_18":null,"גיל19_30":null,"גיל31_44":null,"גיל45_64":null,"גיל65_75":null,"גיל76פלוס":null,"Shape_Length":799.9999999944121,"Shape_Area":39999.99999944121},"geometry":{"type":"MultiPolygon","coordinates":[[[[34.78212353310788,31.27784491203314],[34.78211549675976,31.27964868590786],[34.784215715758656,31.27965557107508],[34.78422371213887,31.27785179671379],[34.78212353310788,31.27784491203314]]]]}},{"type":"Feature","properties":{"X":34.785266506429586,"Y":31.27875445032432,"מספר_פוליגון":1386,"גיל0_4":null,"גיל5_9":null,"גיל10_18":null,"גיל19_30":null,"גיל31_44":null,"גיל45_64":null,"גיל65_75":null,"גיל76פלוס":null,"Shape_Length":799.9999999906868,"Shape_Area":39999.99999906868},"geometry":{"type":"MultiPolygon","coordinates":[[[[34.78422371213887,31.27785179671379],[34.784215715758656,31.27965557107508],[34.78631593547712,31.2796624219138],[34.786323891889396,31.27785864706834],[34.78422371213887,31.27785179671379]]]]}},{"type":"Feature","properties":{"X":34.787366706475005,"Y":31.278761283692848,"מספר_פוליגון":1387,"גיל0_4":null,"גיל5_9":null,"גיל10_18":null,"גיל19_30":null,"גיל31_44":null,"גיל45_64":null,"גיל65_75":null,"גיל76פלוס":null,"Shape_Length":799.9999999944121,"Shape_Area":39999.99999944121},"geometry":{"type":"MultiPolygon","coordinates":[[[[34.786323891889396,31.27785864706834],[34.78631593547712,31.2796624219138],[34.788416155911634,31.279669238423967],[34.78842407235587,31.277865463096763],[34.786323891889396,31.27785864706834]]]]}},{"type":"Feature","properties":{"X":34.789466907234626,"Y":31.278768082734015,"מספר_פוליגון":1388,"גיל0_4":null,"גיל5_9":null,"גיל10_18":null,"גיל19_30":null,"גיל31_44":null,"גיל45_64":null,"גיל65_75":null,"גיל76פלוס":null,"Shape_Length":799.9999999906868,"Shape_Area":39999.99999906868},"geometry":{"type":"MultiPolygon","coordinates":[[[[34.78842407235587,31.277865463096763],[34.788416155911634,31.279669238423967],[34.79051637705852,31.27967602060553],[34.79052425353471,31.27787224479902],[34.78842407235587,31.277865463096763]]]]}},{"type":"Feature","properties":{"X":34.79156710870484,"Y":31.278774847447774,"מספר_פוליגון":1389,"גיל0_4":null,"גיל5_9":null,"גיל10_18":null,"גיל19_30":null,"גיל31_44":null,"גיל45_64":null,"גיל65_75":null,"גיל76פלוס":null,"Shape_Length":799.9999999944121,"Shape_Area":39999.99999944121},"geometry":{"type":"MultiPolygon","coordinates":[[[[34.79052425353471,31.27787224479902],[34.79051637705852,31.27967602060553],[34.79261659891427,31.279682768458464],[34.79262443542233,31.277878992175044],[34.79052425353471,31.27787224479902]]]]}},{"type":"Feature","properties":{"X":34.793667310882064,"Y":31.278781577834096,"מספר_פוליגון":1390,"גיל0_4":null,"גיל5_9":null,"גיל10_18":null,"גיל19_30":null,"גיל31_44":null,"גיל45_64":null,"גיל65_75":null,"גיל76פלוס":null,"Shape_Length":799.9999999944121,"Shape_Area":39999.99999944121},"geometry":{"type":"MultiPolygon","coordinates":[[[[34.79262443542233,31.277878992175044],[34.79261659891427,31.279682768458464],[34.79471682147525,31.27968948198271],[34.794724618015124,31.27788570522481],[34.79262443542233,31.277878992175044]]]]}},{"type":"Feature","properties":{"X":34.79576751376268,"Y":31.278788273892935,"מספר_פוליגון":1391,"גיל0_4":null,"גיל5_9":null,"גיל10_18":null,"גיל19_30":null,"גיל31_44":null,"גיל45_64":null,"גיל65_75":null,"גיל76פלוס":null,"Shape_Length":799.9999999888241,"Shape_Area":39999.99999888241},"geometry":{"type":"MultiPolygon","coordinates":[[[[34.794724618015124,31.27788570522481],[34.79471682147525,31.27968948198271],[34.79681704473783,31.279696161178236],[34.79682480130948,31.2778923839483],[34.794724618015124,31.27788570522481]]]]}},{"type":"Feature","properties":{"X":34.79786771734311,"Y":31.278794935624248,"מספר_פוליגון":1392,"גיל0_4":20.0,"גיל5_9":41.0,"גיל10_18":51.0,"גיל19_30":80.0,"גיל31_44":77.0,"גיל45_64":105.0,"גיל65_75":45.0,"גיל76פלוס":27.0,"Shape_Length":799.9999999944121,"Shape_Area":39999.99999944121},"geometry":{"type":"MultiPolygon","coordinates":[[[[34.79682480130948,31.2778923839483],[34.79681704473783,31.279696161178236],[34.79891726869849,31.279702806045],[34.79892498530185,31.277899028345434],[34.79682480130948,31.2778923839483]]]]}},{"type":"Feature","properties":{"X":34.799967921619775,"Y":31.278801563027987,"מספר_פוליגון":1393,"גיל0_4":27.0,"גיל5_9":68.0,"גיל10_18":87.0,"גיל19_30":96.0,"גיל31_44":116.0,"גיל45_64":147.0,"גיל65_75":52.0,"גיל76פלוס":29.0,"Shape_Length":799.9999999906868,"Shape_Area":39999.99999906868},"geometry":{"type":"MultiPolygon","coordinates":[[[[34.79892498530185,31.277899028345434],[34.79891726869849,31.279702806045],[34.80101749335359,31.27970941658298],[34.801025169988584,31.277905638416197],[34.79892498530185,31.277899028345434]]]]}},{"type":"Feature","properties":{"X":34.80206812658907,"Y":31.27880815610413,"מספר_פוליגון":1394,"גיל0_4":49.0,"גיל5_9":88.0,"גיל10_18":95.0,"גיל19_30":111.0,"גיל31_44":155.0,"גיל45_64":145.0,"גיל65_75":59.0,"גיל76פלוס":28.0,"Shape_Length":799.9999999944121,"Shape_Area":39999.99999944121},"geometry":{"type":"MultiPolygon","coordinates":[[[[34.801025169988584,31.277905638416197],[34.80101749335359,31.27970941658298],[34.80311771869957,31.27971599279211],[34.80312535536616,31.277912214160512],[34.801025169988584,31.277905638416197]]]]}},{"type":"Feature","properties":{"X":34.80416833224741,"Y":31.278814714852622,"מספר_פוליגון":1395,"גיל0_4":null,"גיל5_9":null,"גיל10_18":null,"גיל19_30":null,"גיל31_44":null,"גיל45_64":null,"גיל65_75":null,"גיל76פלוס":null,"Shape_Length":799.9999999906868,"Shape_Area":39999.99999906868},"geometry":{"type":"MultiPolygon","coordinates":[[[[34.80312535536616,31.277912214160512],[34.80311771869957,31.27971599279211],[34.80521794473279,31.279722534672345],[34.80522554143094,31.27791875557841],[34.80312535536616,31.277912214160512]]]]}},{"type":"Feature","properties":{"X":34.80626853859118,"Y":31.27882123927343,"מספר_פוליגון":1396,"גיל0_4":null,"גיל5_9":null,"גיל10_18":null,"גיל19_30":null,"גיל31_44":null,"גיל45_64":null,"גיל65_75":null,"גיל76פלוס":null,"Shape_Length":799.9999999944121,"Shape_Area":39999.99999944121},"geometry":{"type":"MultiPolygon","coordinates":[[[[34.80522554143094,31.27791875557841],[34.80521794473279,31.279722534672345],[34.807318171449715,31.279729042223675],[34.80732572817936,31.27792526266981],[34.80522554143094,31.27791875557841]]]]}},{"type":"Feature","properties":{"X":34.80836874561683,"Y":31.278827729366522,"מספר_פוליגון":1397,"גיל0_4":null,"גיל5_9":null,"גיל10_18":null,"גיל19_30":null,"גיל31_44":null,"גיל45_64":null,"גיל65_75":null,"גיל76פלוס":null,"Shape_Length":799.9999999944121,"Shape_Area":39999.99999944121},"geometry":{"type":"MultiPolygon","coordinates":[[[[34.80732572817936,31.27792526266981],[34.807318171449715,31.279729042223675],[34.80941839884672,31.27973551544605],[34.8094259156078,31.277931735434667],[34.80732572817936,31.27792526266981]]]]}},{"type":"Feature","properties":{"X":34.81046895332073,"Y":31.27883418513184,"מספר_פוליגון":1398,"גיל0_4":null,"גיל5_9":null,"גיל10_18":null,"גיל19_30":null,"גיל31_44":null,"גיל45_64":null,"גיל65_75":null,"גיל76פלוס":null,"Shape_Length":799.9999999888241,"Shape_Area":39999.99999888241},"geometry":{"type":"MultiPolygon","coordinates":[[[[34.8094259156078,31.277931735434667],[34.80941839884672,31.27973551544605],[34.81151862692018,31.279741954339446],[34.81152610371266,31.27793817387295],[34.8094259156078,31.277931735434667]]]]}},{"type":"Feature","properties":{"X":34.8125691616993,"Y":31.278840606569368,"מספר_פוליגון":1399,"גיל0_4":null,"גיל5_9":null,"גיל10_18":null,"גיל19_30":null,"גיל31_44":null,"גיל45_64":null,"גיל65_75":null,"גיל76פלוס":null,"Shape_Length":799.9999999944121,"Shape_Area":39999.99999944121},"geometry":{"type":"MultiPolygon","coordinates":[[[[34.81152610371266,31.27793817387295],[34.81151862692018,31.279741954339446],[34.81361885566658,31.279748358903788],[34.81362629249038,31.27794457798462],[34.81152610371266,31.27793817387295]]]]}},{"type":"Feature","properties":{"X":34.814669370748945,"Y":31.27884699367905,"מספר_פוליגון":1400,"גיל0_4":null,"גיל5_9":null,"גיל10_18":null,"גיל19_30":null,"גיל31_44":null,"גיל45_64":null,"גיל65_75":null,"גיל76פלוס":null,"Shape_Length":799.9999999906868,"Shape_Area":39999.99999906868},"geometry":{"type":"MultiPolygon","coordinates":[[[[34.81362629249038,31.27794457798462],[34.81361885566658,31.279748358903788],[34.81571908508228,31.279754729139057],[34.81572648193735,31.277950947769646],[34.81362629249038,31.27794457798462]]]]}},{"type":"Feature","properties":{"X":34.81676958046607,"Y":31.27885334646086,"מספר_פוליגון":1401,"גיל0_4":null,"גיל5_9":null,"גיל10_18":null,"גיל19_30":null,"גיל31_44":null,"גיל45_64":null,"גיל65_75":null,"גיל76פלוס":null,"Shape_Length":799.9999999944121,"Shape_Area":39999.99999944121},"geometry":{"type":"MultiPolygon","coordinates":[[[[34.81572648193735,31.277950947769646],[34.81571908508228,31.279754729139057],[34.81781931516368,31.27976106504523],[34.81782667204999,31.277957283227988],[34.81572648193735,31.277950947769646]]]]}},{"type":"Feature","properties":{"X":34.8188697908471,"Y":31.27885966491475,"מספר_פוליגון":1402,"גיל0_4":null,"גיל5_9":null,"גיל10_18":null,"גיל19_30":null,"גיל31_44":null,"גיל45_64":null,"גיל65_75":null,"גיל76פלוס":null,"Shape_Length":799.9999999888241,"Shape_Area":39999.99999888241},"geometry":{"type":"MultiPolygon","coordinates":[[[[34.81782667204999,31.277957283227988],[34.81781931516368,31.27976106504523],[34.81991954590718,31.279767366622234],[34.819926862824666,31.277963584359576],[34.81782667204999,31.277957283227988]]]]}},{"type":"Feature","properties":{"X":34.82097000188842,"Y":31.278865949040696,"מספר_פוליגון":1403,"גיל0_4":16.0,"גיל5_9":16.0,"גיל10_18":6.0,"גיל19_30":20.0,"גיל31_44":36.0,"גיל45_64":23.0,"גיל65_75":9.0,"גיל76פלוס":8.0,"Shape_Length":799.9999999944121,"Shape_Area":39999.99999944121},"geometry":{"type":"MultiPolygon","coordinates":[[[[34.819926862824666,31.277963584359576],[34.81991954590718,31.279767366622234],[34.82201977730925,31.27977363387007],[34.82202705425785,31.277969851164425],[34.819926862824666,31.277963584359576]]]]}},{"type":"Feature","properties":{"X":34.82307021358647,"Y":31.278872198838652,"מספר_פוליגון":1404,"גיל0_4":10.0,"גיל5_9":15.0,"גיל10_18":13.0,"גיל19_30":23.0,"גיל31_44":22.0,"גיל45_64":24.0,"גיל65_75":6.0,"גיל76פלוס":6.0,"Shape_Length":799.9999999962747,"Shape_Area":39999.99999962747},"geometry":{"type":"MultiPolygon","coordinates":[[[[34.82202705425785,31.277969851164425],[34.82201977730925,31.27977363387007],[34.82412000936627,31.27977986678868],[34.82412724634593,31.277976083642482],[34.82202705425785,31.277969851164425]]]]}},{"type":"Feature","properties":{"X":34.82517042593762,"Y":31.278878414308572,"מספר_פוליגון":1405,"גיל0_4":null,"גיל5_9":null,"גיל10_18":null,"גיל19_30":null,"גיל31_44":null,"גיל45_64":null,"גיל65_75":null,"גיל76פלוס":null,"Shape_Length":799.9999999888241,"Shape_Area":39999.99999888241},"geometry":{"type":"MultiPolygon","coordinates":[[[[34.82412724634593,31.277976083642482],[34.82412000936627,31.27977986678868],[34.82622024207458,31.279786065378026],[34.826227439085265,31.27798228179369],[34.82412724634593,31.277976083642482]]]]}},{"type":"Feature","properties":{"X":34.82727063893829,"Y":31.278884595450435,"מספר_פוליגון":1406,"גיל0_4":null,"גיל5_9":null,"גיל10_18":null,"גיל19_30":null,"גיל31_44":null,"גיל45_64":null,"גיל65_75":null,"גיל76פלוס":null,"Shape_Length":799.9999999944121,"Shape_Area":39999.99999944121},"geometry":{"type":"MultiPolygon","coordinates":[[[[34.826227439085265,31.27798228179369],[34.82622024207458,31.279786065378026],[34.82832047543067,31.27979222963807],[34.82832763247233,31.27798844561801],[34.826227439085265,31.27798228179369]]]]}},{"type":"Feature","properties":{"X":34.74955456225144,"Y":31.280436796792372,"מספר_פוליגון":1407,"גיל0_4":null,"גיל5_9":null,"גיל10_18":null,"גיל19_30":null,"גיל31_44":null,"גיל45_64":null,"גיל65_75":null,"גיל76פלוס":null,"Shape_Length":799.9999999962747,"Shape_Area":39999.99999962747},"geometry":{"type":"MultiPolygon","coordinates":[[[[34.74851209357494,31.27953385458802],[34.74850341696768,31.281337619838762],[34.750603663934896,31.281345054781873],[34.7506123005716,31.279541289005795],[34.74851209357494,31.27953385458802]]]]}},{"type":"Feature","properties":{"X":34.751654789574836,"Y":31.280444214243804,"מספר_פוליגון":1408,"גיל0_4":null,"גיל5_9":null,"גיל10_18":null,"גיל19_30":null,"גיל31_44":null,"גיל45_64":null,"גיל65_75":null,"גיל76פלוס":null,"Shape_Length":800.0000000018626,"Shape_Area":40000.000000186265},"geometry":{"type":"MultiPolygon","coordinates":[[[[34.7506123005716,31.279541289005795],[34.750603663934896,31.281345054781873],[34.75270391167927,31.28135245539475],[34.75271250834536,31.279548689095723],[34.7506123005716,31.279541289005795]]]]}},{"type":"Feature","properties":{"X":34.753755017673576,"Y":31.280451597366167,"מספר_פוליגון":1409,"גיל0_4":null,"גיל5_9":null,"גיל10_18":null,"גיל19_30":null,"גיל31_44":null,"גיל45_64":null,"גיל65_75":null,"גיל76פלוס":null,"Shape_Length":800.0000000018626,"Shape_Area":40000.000000186265},"geometry":{"type":"MultiPolygon","coordinates":[[[[34.75271250834536,31.279548689095723],[34.75270391167927,31.28135245539475],[34.7548041601972,31.281359821677327],[34.75481271689263,31.279556054857775],[34.75271250834536,31.279548689095723]]]]}},{"type":"Feature","properties":{"X":34.75585524654403,"Y":31.280458946159435,"מספר_פוליגון":1410,"גיל0_4":null,"גיל5_9":null,"גיל10_18":null,"גיל19_30":null,"גיל31_44":null,"גיל45_64":null,"גיל65_75":null,"גיל76פלוס":null,"Shape_Length":799.9999999981374,"Shape_Area":39999.999999813735},"geometry":{"type":"MultiPolygon","coordinates":[[[[34.75481271689263,31.279556054857775],[34.7548041601972,31.281359821677327],[34.75690440948507,31.28136715362955],[34.75691292620977,31.279563386291905],[34.75481271689263,31.279556054857775]]]]}},{"type":"Feature","properties":{"X":34.75795547618261,"Y":31.280466260623555,"מספר_פוליגון":1411,"גיל0_4":null,"גיל5_9":null,"גיל10_18":null,"גיל19_30":null,"גיל31_44":null,"גיל45_64":null,"גיל65_75":null,"גיל76פלוס":null,"Shape_Length":800.0000000018626,"Shape_Area":40000.000000186265},"geometry":{"type":"MultiPolygon","coordinates":[[[[34.75691292620977,31.279563386291905],[34.75690440948507,31.28136715362955],[34.7590046595393,31.281374451251388],[34.75901313629323,31.279570683398056],[34.75691292620977,31.279563386291905]]]]}},{"type":"Feature","properties":{"X":34.760055706585725,"Y":31.28047354075847,"מספר_פוליגון":1412,"גיל0_4":null,"גיל5_9":null,"גיל10_18":null,"גיל19_30":null,"גיל31_44":null,"גיל45_64":null,"גיל65_75":null,"גיל76פלוס":null,"Shape_Length":799.9999999981374,"Shape_Area":39999.999999813735},"geometry":{"type":"MultiPolygon","coordinates":[[[[34.75901313629323,31.279570683398056],[34.7590046595393,31.281374451251388],[34.761104910356316,31.281381714542807],[34.76111334713938,31.27957794617622],[34.75901313629323,31.279570683398056]]]]}},{"type":"Feature","properties":{"X":34.762155937749796,"Y":31.28048078656415,"מספר_פוליגון":1413,"גיל0_4":null,"גיל5_9":null,"גיל10_18":null,"גיל19_30":null,"גיל31_44":null,"גיל45_64":null,"גיל65_75":null,"גיל76פלוס":null,"Shape_Length":800.0000000018626,"Shape_Area":40000.000000186265},"geometry":{"type":"MultiPolygon","coordinates":[[[[34.76111334713938,31.27957794617622],[34.761104910356316,31.281381714542807],[34.763205161932504,31.28138894350374],[34.763213558744674,31.27958517462632],[34.76111334713938,31.27957794617622]]]]}},{"type":"Feature","properties":{"X":34.76425616967123,"Y":31.280487998040556,"מספר_פוליגון":1414,"גיל0_4":null,"גיל5_9":null,"גיל10_18":null,"גיל19_30":null,"גיל31_44":null,"גיל45_64":null,"גיל65_75":null,"גיל76פלוס":null,"Shape_Length":800.0000000018626,"Shape_Area":40000.000000186265},"geometry":{"type":"MultiPolygon","coordinates":[[[[34.763213558744674,31.27958517462632],[34.763205161932504,31.28138894350374],[34.76530541426429,31.281396138134156],[34.76531377110548,31.27959236874833],[34.763213558744674,31.27958517462632]]]]}},{"type":"Feature","properties":{"X":34.7663564023464,"Y":31.280495175187635,"מספר_פוליגון":1415,"גיל0_4":null,"גיל5_9":null,"גיל10_18":null,"גיל19_30":null,"גיל31_44":null,"גיל45_64":null,"גיל65_75":null,"גיל76פלוס":null,"Shape_Length":799.9999999962747,"Shape_Area":39999.99999962747},"geometry":{"type":"MultiPolygon","coordinates":[[[[34.76531377110548,31.27959236874833],[34.76530541426429,31.281396138134156],[34.767405667348044,31.281403298434018],[34.7674139842182,31.279599528542203],[34.76531377110548,31.27959236874833]]]]}},{"type":"Feature","properties":{"X":34.76845663577175,"Y":31.280502318005336,"מספר_פוליגון":1416,"גיל0_4":null,"גיל5_9":null,"גיל10_18":null,"גיל19_30":null,"גיל31_44":null,"גיל45_64":null,"גיל65_75":null,"גיל76פלוס":null,"Shape_Length":800.0000000018626,"Shape_Area":40000.000000186265},"geometry":{"type":"MultiPolygon","coordinates":[[[[34.7674139842182,31.279599528542203],[34.767405667348044,31.281403298434018],[34.769505921180226,31.281410424403273],[34.76951419807929,31.279606654007893],[34.7674139842182,31.279599528542203]]]]}},{"type":"Feature","properties":{"X":34.77055686994368,"Y":31.28050942649363,"מספר_פוליגון":1417,"גיל0_4":null,"גיל5_9":null,"גיל10_18":null,"גיל19_30":null,"גיל31_44":null,"גיל45_64":null,"גיל65_75":null,"גיל76פלוס":null,"Shape_Length":799.9999999981374,"Shape_Area":39999.999999813735},"geometry":{"type":"MultiPolygon","coordinates":[[[[34.76951419807929,31.279606654007893],[34.769505921180226,31.281410424403273],[34.771606175757185,31.281417516041888],[34.77161441268511,31.27961374514536],[34.76951419807929,31.279606654007893]]]]}},{"type":"Feature","properties":{"X":34.772657104858595,"Y":31.280516500652478,"מספר_פוליגון":1418,"גיל0_4":null,"גיל5_9":null,"גיל10_18":null,"גיל19_30":null,"גיל31_44":null,"גיל45_64":null,"גיל65_75":null,"גיל76פלוס":null,"Shape_Length":800.0000000018626,"Shape_Area":40000.000000186265},"geometry":{"type":"MultiPolygon","coordinates":[[[[34.77161441268511,31.27961374514536],[34.771606175757185,31.281417516041888],[34.77370643107538,31.281424573349796],[34.77371462803211,31.27962080195456],[34.77161441268511,31.27961374514536]]]]}},{"type":"Feature","properties":{"X":34.77475734051289,"Y":31.280523540481827,"מספר_פוליגון":1419,"גיל0_4":null,"גיל5_9":null,"גיל10_18":null,"גיל19_30":null,"גיל31_44":null,"גיל45_64":null,"גיל65_75":null,"גיל76פלוס":null,"Shape_Length":799.9999999981374,"Shape_Area":39999.999999813735},"geometry":{"type":"MultiPolygon","coordinates":[[[[34.77371462803211,31.27962080195456],[34.77370643107538,31.281424573349796],[34.77580668713119,31.28143159632698],[34.775814844116645,31.279627824435455],[34.77371462803211,31.27962080195456]]]]}},{"type":"Feature","properties":{"X":34.776857576903,"Y":31.280530545981637,"מספר_פוליגון":1420,"גיל0_4":null,"גיל5_9":null,"גיל10_18":null,"גיל19_30":null,"גיל31_44":null,"גיל45_64":null,"גיל65_75":null,"גיל76פלוס":null,"Shape_Length":800.0000000018626,"Shape_Area":40000.000000186265},"geometry":{"type":"MultiPolygon","coordinates":[[[[34.775814844116645,31.279627824435455],[34.77580668713119,31.28143159632698],[34.77790694392105,31.28143858497341],[34.77791506093518,31.279634812587986],[34.775814844116645,31.279627824435455]]]]}},{"type":"Feature","properties":{"X":34.77895781402532,"Y":31.280537517151863,"מספר_פוליגון":1421,"גיל0_4":null,"גיל5_9":null,"גיל10_18":null,"גיל19_30":null,"גיל31_44":null,"גיל45_64":null,"גיל65_75":null,"גיל76פלוס":null,"Shape_Length":800.0000000018626,"Shape_Area":40000.000000186265},"geometry":{"type":"MultiPolygon","coordinates":[[[[34.77791506093518,31.279634812587986],[34.77790694392105,31.28143858497341],[34.78000720144134,31.28144553928901],[34.780015278484086,31.27964176641214],[34.77791506093518,31.279634812587986]]]]}},{"type":"Feature","properties":{"X":34.78105805187624,"Y":31.280544453992476,"מספר_פוליגון":1422,"גיל0_4":null,"גיל5_9":null,"גיל10_18":null,"גיל19_30":null,"גיל31_44":null,"גיל45_64":null,"גיל65_75":null,"גיל76פלוס":null,"Shape_Length":799.9999999962747,"Shape_Area":39999.99999962747},"geometry":{"type":"MultiPolygon","coordinates":[[[[34.780015278484086,31.27964176641214],[34.78000720144134,31.28144553928901],[34.78210745968843,31.281452459273748],[34.78211549675976,31.27964868590786],[34.780015278484086,31.27964176641214]]]]}},{"type":"Feature","properties":{"X":34.78315829045217,"Y":31.280551356503427,"מספר_פוליגון":1423,"גיל0_4":null,"גיל5_9":null,"גיל10_18":null,"גיל19_30":null,"גיל31_44":null,"גיל45_64":null,"גיל65_75":null,"גיל76פלוס":null,"Shape_Length":800.0000000018626,"Shape_Area":40000.000000186265},"geometry":{"type":"MultiPolygon","coordinates":[[[[34.78211549675976,31.27964868590786],[34.78210745968843,31.281452459273748],[34.78420771865882,31.2814593449276],[34.784215715758656,31.27965557107508],[34.78211549675976,31.27964868590786]]]]}},{"type":"Feature","properties":{"X":34.78525852974954,"Y":31.280558224684672,"מספר_פוליגון":1424,"גיל0_4":null,"גיל5_9":null,"גיל10_18":null,"גיל19_30":null,"גיל31_44":null,"גיל45_64":null,"גיל65_75":null,"גיל76פלוס":null,"Shape_Length":799.9999999981374,"Shape_Area":39999.999999813735},"geometry":{"type":"MultiPolygon","coordinates":[[[[34.784215715758656,31.27965557107508],[34.78420771865882,31.2814593449276],[34.786307978348844,31.2814661962505],[34.78631593547712,31.2796624219138],[34.784215715758656,31.27965557107508]]]]}},{"type":"Feature","properties":{"X":34.78735876976475,"Y":31.28056505853618,"מספר_פוליגון":1425,"גיל0_4":null,"גיל5_9":null,"גיל10_18":null,"גיל19_30":null,"גיל31_44":null,"גיל45_64":null,"גיל65_75":null,"גיל76פלוס":null,"Shape_Length":800.0000000018626,"Shape_Area":40000.000000186265},"geometry":{"type":"MultiPolygon","coordinates":[[[[34.78631593547712,31.2796624219138],[34.786307978348844,31.2814661962505],[34.78840823875496,31.281473013242422],[34.788416155911634,31.279669238423967],[34.78631593547712,31.2796624219138]]]]}},{"type":"Feature","properties":{"X":34.7894590104942,"Y":31.28057185805789,"מספר_פוליגון":1426,"גיל0_4":null,"גיל5_9":null,"גיל10_18":null,"גיל19_30":null,"גיל31_44":null,"גיל45_64":null,"גיל65_75":null,"גיל76פלוס":null,"Shape_Length":799.9999999981374,"Shape_Area":39999.999999813735},"geometry":{"type":"MultiPolygon","coordinates":[[[[34.788416155911634,31.279669238423967],[34.78840823875496,31.281473013242422],[34.790508499873525,31.281479795903323],[34.79051637705852,31.27967602060553],[34.788416155911634,31.279669238423967]]]]}},{"type":"Feature","properties":{"X":34.7915592519343,"Y":31.28057862324977,"מספר_פוליגון":1427,"גיל0_4":null,"גיל5_9":null,"גיל10_18":null,"גיל19_30":null,"גיל31_44":null,"גיל45_64":null,"גיל65_75":null,"גיל76פלוס":null,"Shape_Length":800.0000000018626,"Shape_Area":40000.000000186265},"geometry":{"type":"MultiPolygon","coordinates":[[[[34.79051637705852,31.27967602060553],[34.790508499873525,31.281479795903323],[34.792608761700976,31.28148654423317],[34.79261659891427,31.279682768458464],[34.79051637705852,31.27967602060553]]]]}},{"type":"Feature","properties":{"X":34.79365949408146,"Y":31.280585354111786,"מספר_פוליגון":1428,"גיל0_4":null,"גיל5_9":null,"גיל10_18":null,"גיל19_30":null,"גיל31_44":null,"גיל45_64":null,"גיל65_75":null,"גיל76פלוס":null,"Shape_Length":800.0000000018626,"Shape_Area":40000.000000186265},"geometry":{"type":"MultiPolygon","coordinates":[[[[34.79261659891427,31.279682768458464],[34.792608761700976,31.28148654423317],[34.79470902423371,31.281493258231908],[34.79471682147525,31.27968948198271],[34.79261659891427,31.279682768458464]]]]}},{"type":"Feature","properties":{"X":34.795759736932084,"Y":31.2805920506439,"מספר_פוליגון":1429,"גיל0_4":null,"גיל5_9":null,"גיל10_18":null,"גיל19_30":null,"גיל31_44":null,"גיל45_64":null,"גיל65_75":null,"גיל76פלוס":null,"Shape_Length":799.9999999962747,"Shape_Area":39999.99999962747},"geometry":{"type":"MultiPolygon","coordinates":[[[[34.79471682147525,31.27968948198271],[34.79470902423371,31.281493258231908],[34.79680928746814,31.281499937899508],[34.79681704473783,31.279696161178236],[34.79471682147525,31.27968948198271]]]]}},{"type":"Feature","properties":{"X":34.79785998048258,"Y":31.28059871284606,"מספר_פוליגון":1430,"גיל0_4":23.0,"גיל5_9":34.0,"גיל10_18":45.0,"גיל19_30":61.0,"גיל31_44":60.0,"גיל45_64":94.0,"גיל65_75":40.0,"גיל76פלוס":21.0,"Shape_Length":800.0000000018626,"Shape_Area":40000.000000186265},"geometry":{"type":"MultiPolygon","coordinates":[[[[34.79681704473783,31.279696161178236],[34.79680928746814,31.281499937899508],[34.7989095514007,31.281506583235927],[34.79891726869849,31.279702806045],[34.79681704473783,31.279696161178236]]]]}},{"type":"Feature","properties":{"X":34.79996022472934,"Y":31.280605340718232,"מספר_פוליגון":1431,"גיל0_4":30.0,"גיל5_9":50.0,"גיל10_18":41.0,"גיל19_30":65.0,"גיל31_44":89.0,"גיל45_64":98.0,"גיל65_75":51.0,"גיל76פלוס":23.0,"Shape_Length":799.9999999981374,"Shape_Area":39999.999999813735},"geometry":{"type":"MultiPolygon","coordinates":[[[[34.79891726869849,31.279702806045],[34.7989095514007,31.281506583235927],[34.80100981602772,31.281513194241114],[34.80101749335359,31.27970941658298],[34.79891726869849,31.279702806045]]]]}},{"type":"Feature","properties":{"X":34.8020604696688,"Y":31.280611934260374,"מספר_פוליגון":1432,"גיל0_4":62.0,"גיל5_9":103.0,"גיל10_18":111.0,"גיל19_30":100.0,"גיל31_44":182.0,"גיל45_64":168.0,"גיל65_75":57.0,"גיל76פלוס":30.0,"Shape_Length":800.0000000018626,"Shape_Area":40000.000000186265},"geometry":{"type":"MultiPolygon","coordinates":[[[[34.80101749335359,31.27970941658298],[34.80100981602772,31.281513194241114],[34.80311008134569,31.281519770915054],[34.80311771869957,31.27971599279211],[34.80101749335359,31.27970941658298]]]]}},{"type":"Feature","properties":{"X":34.80416071529736,"Y":31.280618493472456,"מספר_פוליגון":1433,"גיל0_4":50.0,"גיל5_9":70.0,"גיל10_18":45.0,"גיל19_30":63.0,"גיל31_44":107.0,"גיל45_64":88.0,"גיל65_75":28.0,"גיל76פלוס":13.0,"Shape_Length":799.9999999981374,"Shape_Area":39999.999999813735},"geometry":{"type":"MultiPolygon","coordinates":[[[[34.80311771869957,31.27971599279211],[34.80311008134569,31.281519770915054],[34.805210347350965,31.281526313257675],[34.80521794473279,31.279722534672345],[34.80311771869957,31.27971599279211]]]]}},{"type":"Feature","properties":{"X":34.80626096161141,"Y":31.280625018354428,"מספר_פוליגון":1434,"גיל0_4":15.0,"גיל5_9":18.0,"גיל10_18":13.0,"גיל19_30":8.0,"גיל31_44":40.0,"גיל45_64":31.0,"גיל65_75":14.0,"גיל76פלוס":3.0,"Shape_Length":800.0000000018626,"Shape_Area":40000.000000186265},"geometry":{"type":"MultiPolygon","coordinates":[[[[34.80521794473279,31.279722534672345],[34.805210347350965,31.281526313257675],[34.80731061403999,31.28153282126897],[34.807318171449715,31.279729042223675],[34.80521794473279,31.279722534672345]]]]}},{"type":"Feature","properties":{"X":34.80836120860739,"Y":31.280631508906257,"מספר_פוליגון":1435,"גיל0_4":null,"גיל5_9":null,"גיל10_18":null,"גיל19_30":null,"גיל31_44":null,"גיל45_64":null,"גיל65_75":null,"גיל76פלוס":null,"Shape_Length":800.0000000018626,"Shape_Area":40000.000000186265},"geometry":{"type":"MultiPolygon","coordinates":[[[[34.807318171449715,31.279729042223675],[34.80731061403999,31.28153282126897],[34.809410881409164,31.281539294948878],[34.80941839884672,31.27973551544605],[34.807318171449715,31.279729042223675]]]]}},{"type":"Feature","properties":{"X":34.810461456281665,"Y":31.2806379651279,"מספר_פוליגון":1436,"גיל0_4":null,"גיל5_9":null,"גיל10_18":null,"גיל19_30":null,"גיל31_44":null,"גיל45_64":null,"גיל65_75":null,"גיל76פלוס":null,"Shape_Length":799.9999999962747,"Shape_Area":39999.99999962747},"geometry":{"type":"MultiPolygon","coordinates":[[[[34.80941839884672,31.27973551544605],[34.809410881409164,31.281539294948878],[34.81151114945482,31.281545734297378],[34.81151862692018,31.279741954339446],[34.80941839884672,31.27973551544605]]]]}},{"type":"Feature","properties":{"X":34.81256170463066,"Y":31.280644387019322,"מספר_פוליגון":1437,"גיל0_4":null,"גיל5_9":null,"גיל10_18":null,"גיל19_30":null,"גיל31_44":null,"גיל45_64":null,"גיל65_75":null,"גיל76פלוס":null,"Shape_Length":800.0000000018626,"Shape_Area":40000.000000186265},"geometry":{"type":"MultiPolygon","coordinates":[[[[34.81151862692018,31.279741954339446],[34.81151114945482,31.281545734297378],[34.81361141817348,31.281552139314407],[34.81361885566658,31.279748358903788],[34.81151862692018,31.279741954339446]]]]}},{"type":"Feature","properties":{"X":34.8146619536508,"Y":31.280650774580483,"מספר_פוליגון":1438,"גיל0_4":null,"גיל5_9":null,"גיל10_18":null,"גיל19_30":null,"גיל31_44":null,"גיל45_64":null,"גיל65_75":null,"גיל76פלוס":null,"Shape_Length":799.9999999981374,"Shape_Area":39999.999999813735},"geometry":{"type":"MultiPolygon","coordinates":[[[[34.81361885566658,31.279748358903788],[34.81361141817348,31.281552139314407],[34.815711687561475,31.281558509999957],[34.81571908508228,31.279754729139057],[34.81361885566658,31.279748358903788]]]]}},{"type":"Feature","properties":{"X":34.81676220333847,"Y":31.280657127811345,"מספר_פוליגון":1439,"גיל0_4":null,"גיל5_9":null,"גיל10_18":null,"גיל19_30":null,"גיל31_44":null,"גיל45_64":null,"גיל65_75":null,"גיל76פלוס":null,"Shape_Length":800.0000000018626,"Shape_Area":40000.000000186265},"geometry":{"type":"MultiPolygon","coordinates":[[[[34.81571908508228,31.279754729139057],[34.815711687561475,31.281558509999957],[34.817811957615255,31.281564846353962],[34.81781931516368,31.27976106504523],[34.81571908508228,31.279754729139057]]]]}},{"type":"Feature","properties":{"X":34.81886245369009,"Y":31.280663446711873,"מספר_פוליגון":1440,"גיל0_4":null,"גיל5_9":null,"גיל10_18":null,"גיל19_30":null,"גיל31_44":null,"גיל45_64":null,"גיל65_75":null,"גיל76פלוס":null,"Shape_Length":799.9999999962747,"Shape_Area":39999.99999962747},"geometry":{"type":"MultiPolygon","coordinates":[[[[34.81781931516368,31.27976106504523],[34.817811957615255,31.281564846353962],[34.81991222833119,31.281571148376397],[34.81991954590718,31.279767366622234],[34.81781931516368,31.27976106504523]]]]}},{"type":"Feature","properties":{"X":34.82096270470205,"Y":31.280669731282018,"מספר_פוליגון":1441,"גיל0_4":null,"גיל5_9":null,"גיל10_18":null,"גיל19_30":null,"גיל31_44":null,"גיל45_64":null,"גיל65_75":null,"גיל76פלוס":null,"Shape_Length":800.0000000018626,"Shape_Area":40000.000000186265},"geometry":{"type":"MultiPolygon","coordinates":[[[[34.81991954590718,31.279767366622234],[34.81991222833119,31.281571148376397],[34.822012499705714,31.281577416067222],[34.82201977730925,31.27977363387007],[34.81991954590718,31.279767366622234]]]]}},{"type":"Feature","properties":{"X":34.82306295637079,"Y":31.28067598152175,"מספר_פוליגון":1442,"גיל0_4":null,"גיל5_9":null,"גיל10_18":null,"גיל19_30":null,"גיל31_44":null,"גיל45_64":null,"גיל65_75":null,"גיל76פלוס":null,"Shape_Length":800.0000000037253,"Shape_Area":40000.00000037253},"geometry":{"type":"MultiPolygon","coordinates":[[[[34.82201977730925,31.27977363387007],[34.822012499705714,31.281577416067222],[34.82411277173525,31.281583649426405],[34.82412000936627,31.27977986678868],[34.82201977730925,31.27977363387007]]]]}},{"type":"Feature","properties":{"X":34.825163208692686,"Y":31.28068219743104,"מספר_פוליגון":1443,"גיל0_4":null,"גיל5_9":null,"גיל10_18":null,"גיל19_30":null,"גיל31_44":null,"גיל45_64":null,"גיל65_75":null,"גיל76פלוס":null,"Shape_Length":799.9999999962747,"Shape_Area":39999.99999962747},"geometry":{"type":"MultiPolygon","coordinates":[[[[34.82412000936627,31.27977986678868],[34.82411277173525,31.281583649426405],[34.82621304441613,31.28158984845391],[34.82622024207458,31.279786065378026],[34.82412000936627,31.27977986678868]]]]}},{"type":"Feature","properties":{"X":34.82726346166415,"Y":31.28068837900983,"מספר_פוליגון":1444,"גיל0_4":null,"גיל5_9":null,"גיל10_18":null,"גיל19_30":null,"גיל31_44":null,"גיל45_64":null,"גיל65_75":null,"גיל76פלוס":null,"Shape_Length":800.0000000018626,"Shape_Area":40000.000000186265},"geometry":{"type":"MultiPolygon","coordinates":[[[[34.82622024207458,31.279786065378026],[34.82621304441613,31.28158984845391],[34.82831331774485,31.281596013149688],[34.82832047543067,31.27979222963807],[34.82622024207458,31.279786065378026]]]]}},{"type":"Feature","properties":{"X":34.74954590531518,"Y":31.28224056206253,"מספר_פוליגון":1445,"גיל0_4":null,"גיל5_9":null,"גיל10_18":null,"גיל19_30":null,"גיל31_44":null,"גיל45_64":null,"גיל65_75":null,"גיל76פלוס":null,"Shape_Length":800.0,"Shape_Area":40000.0},"geometry":{"type":"MultiPolygon","coordinates":[[[[34.74850341696768,31.281337619838762],[34.74849473957969,31.28314138458033],[34.75059502652103,31.283148820048837],[34.750603663934896,31.281345054781873],[34.74850341696768,31.281337619838762]]]]}},{"type":"Feature","properties":{"X":34.751646172610954,"Y":31.28224798003813,"מספר_פוליגון":1446,"גיל0_4":null,"גיל5_9":null,"גיל10_18":null,"גיל19_30":null,"גיל31_44":null,"גיל45_64":null,"גיל65_75":null,"גיל76פלוס":null,"Shape_Length":800.0000000055879,"Shape_Area":40000.00000055879},"geometry":{"type":"MultiPolygon","coordinates":[[[[34.750603663934896,31.281345054781873],[34.75059502652103,31.283148820048837],[34.752695314239624,31.283156221184676],[34.75270391167927,31.28135245539475],[34.750603663934896,31.281345054781873]]]]}},{"type":"Feature","properties":{"X":34.753746440682114,"Y":31.28225536368224,"מספר_פוליגון":1447,"גיל0_4":null,"גיל5_9":null,"גיל10_18":null,"גיל19_30":null,"גיל31_44":null,"גיל45_64":null,"גיל65_75":null,"גיל76פלוס":null,"Shape_Length":800.0000000055879,"Shape_Area":40000.00000055879},"geometry":{"type":"MultiPolygon","coordinates":[[[[34.75270391167927,31.28135245539475],[34.752695314239624,31.283156221184676],[34.754795602731804,31.283163587987783],[34.7548041601972,31.281359821677327],[34.75270391167927,31.28135245539475]]]]}},{"type":"Feature","properties":{"X":34.75584670952505,"Y":31.282262712994832,"מספר_פוליגון":1448,"גיל0_4":null,"גיל5_9":null,"גיל10_18":null,"גיל19_30":null,"גיל31_44":null,"גיל45_64":null,"גיל65_75":null,"גיל76פלוס":null,"Shape_Length":800.0000000018626,"Shape_Area":40000.000000186265},"geometry":{"type":"MultiPolygon","coordinates":[[[[34.7548041601972,31.281359821677327],[34.754795602731804,31.283163587987783],[34.756895891993985,31.28317092045814],[34.75690440948507,31.28136715362955],[34.7548041601972,31.281359821677327]]]]}},{"type":"Feature","properties":{"X":34.75794697913618,"Y":31.282270027975848,"מספר_פוליגון":1449,"גיל0_4":null,"גיל5_9":null,"גיל10_18":null,"גיל19_30":null,"גיל31_44":null,"גיל45_64":null,"גיל65_75":null,"גיל76פלוס":null,"Shape_Length":800.0000000055879,"Shape_Area":40000.00000055879},"geometry":{"type":"MultiPolygon","coordinates":[[[[34.75690440948507,31.28136715362955],[34.756895891993985,31.28317092045814],[34.75899618202262,31.28317821859568],[34.7590046595393,31.281374451251388],[34.75690440948507,31.28136715362955]]]]}},{"type":"Feature","properties":{"X":34.76004724951191,"Y":31.28227730862525,"מספר_פוליגון":1450,"גיל0_4":null,"גיל5_9":null,"גיל10_18":null,"גיל19_30":null,"גיל31_44":null,"גיל45_64":null,"גיל65_75":null,"גיל76פלוס":null,"Shape_Length":800.0000000018626,"Shape_Area":40000.000000186265},"geometry":{"type":"MultiPolygon","coordinates":[[[[34.7590046595393,31.281374451251388],[34.75899618202262,31.28317821859568],[34.76109647281407,31.283185482400363],[34.761104910356316,31.281381714542807],[34.7590046595393,31.281374451251388]]]]}},{"type":"Feature","properties":{"X":34.76214752064866,"Y":31.28228455494299,"מספר_פוליגון":1451,"גיל0_4":null,"גיל5_9":null,"גיל10_18":null,"גיל19_30":null,"גיל31_44":null,"גיל45_64":null,"גיל65_75":null,"גיל76פלוס":null,"Shape_Length":800.0000000055879,"Shape_Area":40000.00000055879},"geometry":{"type":"MultiPolygon","coordinates":[[[[34.761104910356316,31.281381714542807],[34.76109647281407,31.283185482400363],[34.763196764364764,31.28319271187214],[34.763205161932504,31.28138894350374],[34.761104910356316,31.281381714542807]]]]}},{"type":"Feature","properties":{"X":34.76424779254282,"Y":31.282291766929024,"מספר_פוליגון":1452,"גיל0_4":null,"גיל5_9":null,"גיל10_18":null,"גיל19_30":null,"גיל31_44":null,"גיל45_64":null,"גיל65_75":null,"גיל76פלוס":null,"Shape_Length":800.0000000055879,"Shape_Area":40000.00000055879},"geometry":{"type":"MultiPolygon","coordinates":[[[[34.763205161932504,31.28138894350374],[34.763196764364764,31.28319271187214],[34.76529705667112,31.283199907010996],[34.76530541426429,31.281396138134156],[34.763205161932504,31.28138894350374]]]]}},{"type":"Feature","properties":{"X":34.76634806519079,"Y":31.28229894458331,"מספר_פוליגון":1453,"גיל0_4":null,"גיל5_9":null,"גיל10_18":null,"גיל19_30":null,"גיל31_44":null,"גיל45_64":null,"גיל65_75":null,"גיל76פלוס":null,"Shape_Length":800.0,"Shape_Area":40000.0},"geometry":{"type":"MultiPolygon","coordinates":[[[[34.76530541426429,31.281396138134156],[34.76529705667112,31.283199907010996],[34.767397349729485,31.283207067816864],[34.767405667348044,31.281403298434018],[34.76530541426429,31.281396138134156]]]]}},{"type":"Feature","properties":{"X":34.76844833858899,"Y":31.282306087905802,"מספר_פוליגון":1454,"גיל0_4":null,"גיל5_9":null,"גיל10_18":null,"גיל19_30":null,"גיל31_44":null,"גיל45_64":null,"גיל65_75":null,"גיל76פלוס":null,"Shape_Length":800.0000000055879,"Shape_Area":40000.00000055879},"geometry":{"type":"MultiPolygon","coordinates":[[[[34.767405667348044,31.281403298434018],[34.767397349729485,31.283207067816864],[34.76949764353635,31.283214194289698],[34.769505921180226,31.281410424403273],[34.767405667348044,31.281403298434018]]]]}},{"type":"Feature","properties":{"X":34.770548612733826,"Y":31.282313196896464,"מספר_פוליגון":1455,"גיל0_4":null,"גיל5_9":null,"גיל10_18":null,"גיל19_30":null,"גיל31_44":null,"גיל45_64":null,"גיל65_75":null,"גיל76פלוס":null,"Shape_Length":800.0000000018626,"Shape_Area":40000.000000186265},"geometry":{"type":"MultiPolygon","coordinates":[[[[34.769505921180226,31.281410424403273],[34.76949764353635,31.283214194289698],[34.77159793808806,31.28322128642946],[34.771606175757185,31.281417516041888],[34.769505921180226,31.281410424403273]]]]}},{"type":"Feature","properties":{"X":34.772648887621706,"Y":31.282320271555246,"מספר_פוליגון":1456,"גיל0_4":null,"גיל5_9":null,"גיל10_18":null,"גיל19_30":null,"גיל31_44":null,"גיל45_64":null,"גיל65_75":null,"גיל76פלוס":null,"Shape_Length":800.0000000055879,"Shape_Area":40000.00000055879},"geometry":{"type":"MultiPolygon","coordinates":[[[[34.771606175757185,31.281417516041888],[34.77159793808806,31.28322128642946],[34.77369823338105,31.283228344236118],[34.77370643107538,31.281424573349796],[34.771606175757185,31.281417516041888]]]]}},{"type":"Feature","properties":{"X":34.774749163249034,"Y":31.282327311882124,"מספר_פוליגון":1457,"גיל0_4":null,"גיל5_9":null,"גיל10_18":null,"גיל19_30":null,"גיל31_44":null,"גיל45_64":null,"גיל65_75":null,"גיל76פלוס":null,"Shape_Length":800.0000000018626,"Shape_Area":40000.000000186265},"geometry":{"type":"MultiPolygon","coordinates":[[[[34.77370643107538,31.281424573349796],[34.77369823338105,31.283228344236118],[34.7757985294117,31.283235367709626],[34.77580668713119,31.28143159632698],[34.77370643107538,31.281424573349796]]]]}},{"type":"Feature","properties":{"X":34.77684943961222,"Y":31.282334317877027,"מספר_פוליגון":1458,"גיל0_4":null,"גיל5_9":null,"גיל10_18":null,"גיל19_30":null,"גיל31_44":null,"גיל45_64":null,"גיל65_75":null,"גיל76פלוס":null,"Shape_Length":800.0000000055879,"Shape_Area":40000.00000055879},"geometry":{"type":"MultiPolygon","coordinates":[[[[34.77580668713119,31.28143159632698],[34.7757985294117,31.283235367709626],[34.777898826176475,31.283242356849936],[34.77790694392105,31.28143858497341],[34.77580668713119,31.28143159632698]]]]}},{"type":"Feature","properties":{"X":34.77894971670768,"Y":31.282341289539932,"מספר_פוליגון":1459,"גיל0_4":null,"גיל5_9":null,"גיל10_18":null,"גיל19_30":null,"גיל31_44":null,"גיל45_64":null,"גיל65_75":null,"גיל76פלוס":null,"Shape_Length":800.0000000055879,"Shape_Area":40000.00000055879},"geometry":{"type":"MultiPolygon","coordinates":[[[[34.77790694392105,31.28143858497341],[34.777898826176475,31.283242356849936],[34.779999123671736,31.283249311657006],[34.78000720144134,31.28144553928901],[34.77790694392105,31.28143858497341]]]]}},{"type":"Feature","properties":{"X":34.78104999453179,"Y":31.282348226870795,"מספר_פוליגון":1460,"גיל0_4":null,"גיל5_9":null,"גיל10_18":null,"גיל19_30":null,"גיל31_44":null,"גיל45_64":null,"גיל65_75":null,"גיל76פלוס":null,"Shape_Length":800.0,"Shape_Area":40000.0},"geometry":{"type":"MultiPolygon","coordinates":[[[[34.78000720144134,31.28144553928901],[34.779999123671736,31.283249311657006],[34.78209942189387,31.283256232130793],[34.78210745968843,31.281452459273748],[34.78000720144134,31.28144553928901]]]]}},{"type":"Feature","properties":{"X":34.783150273080985,"Y":31.282355129869572,"מספר_פוליגון":1461,"גיל0_4":null,"גיל5_9":null,"גיל10_18":null,"גיל19_30":null,"גיל31_44":null,"גיל45_64":null,"גיל65_75":null,"גיל76פלוס":null,"Shape_Length":800.0000000055879,"Shape_Area":40000.00000055879},"geometry":{"type":"MultiPolygon","coordinates":[[[[34.78210745968843,31.281452459273748],[34.78209942189387,31.283256232130793],[34.78419972083933,31.283263118271257],[34.78420771865882,31.2814593449276],[34.78210745968843,31.281452459273748]]]]}},{"type":"Feature","properties":{"X":34.78525055235167,"Y":31.282361998536228,"מספר_פוליגון":1462,"גיל0_4":null,"גיל5_9":null,"גיל10_18":null,"גיל19_30":null,"גיל31_44":null,"גיל45_64":null,"גיל65_75":null,"גיל76פלוס":null,"Shape_Length":800.0000000018626,"Shape_Area":40000.000000186265},"geometry":{"type":"MultiPolygon","coordinates":[[[[34.78420771865882,31.2814593449276],[34.78419972083933,31.283263118271257],[34.786300020504505,31.283269970078365],[34.786307978348844,31.2814661962505],[34.78420771865882,31.2814593449276]]]]}},{"type":"Feature","properties":{"X":34.787350832340245,"Y":31.282368832870716,"מספר_פוליגון":1463,"גיל0_4":null,"גיל5_9":null,"גיל10_18":null,"גיל19_30":null,"גיל31_44":null,"גיל45_64":null,"גיל65_75":null,"גיל76פלוס":null,"Shape_Length":800.0000000055879,"Shape_Area":40000.00000055879},"geometry":{"type":"MultiPolygon","coordinates":[[[[34.786307978348844,31.2814661962505],[34.786300020504505,31.283269970078365],[34.78840032088581,31.283276787552072],[34.78840823875496,31.281473013242422],[34.786307978348844,31.2814661962505]]]]}},{"type":"Feature","properties":{"X":34.78945111304312,"Y":31.28237563287299,"מספר_פוליגון":1464,"גיל0_4":null,"גיל5_9":null,"גיל10_18":null,"גיל19_30":null,"גיל31_44":null,"גיל45_64":null,"גיל65_75":null,"גיל76פלוס":null,"Shape_Length":800.0000000018626,"Shape_Area":40000.000000186265},"geometry":{"type":"MultiPolygon","coordinates":[[[[34.78840823875496,31.281473013242422],[34.78840032088581,31.283276787552072],[34.790500621979625,31.283283570692344],[34.790508499873525,31.281479795903323],[34.78840823875496,31.281473013242422]]]]}},{"type":"Feature","properties":{"X":34.791551394456704,"Y":31.282382398543014,"מספר_פוליגון":1465,"גיל0_4":null,"גיל5_9":null,"גיל10_18":null,"גיל19_30":null,"גיל31_44":null,"גיל45_64":null,"גיל65_75":null,"גיל76פלוס":null,"Shape_Length":800.0000000055879,"Shape_Area":40000.00000055879},"geometry":{"type":"MultiPolygon","coordinates":[[[[34.790508499873525,31.281479795903323],[34.790500621979625,31.283283570692344],[34.7926009237824,31.283290319499116],[34.792608761700976,31.28148654423317],[34.790508499873525,31.281479795903323]]]]}},{"type":"Feature","properties":{"X":34.793651676577404,"Y":31.28238912988074,"מספר_פוליגון":1466,"גיל0_4":null,"גיל5_9":null,"גיל10_18":null,"גיל19_30":null,"גיל31_44":null,"גיל45_64":null,"גיל65_75":null,"גיל76פלוס":null,"Shape_Length":800.0000000055879,"Shape_Area":40000.00000055879},"geometry":{"type":"MultiPolygon","coordinates":[[[[34.792608761700976,31.28148654423317],[34.7926009237824,31.283290319499116],[34.79470122629052,31.283297033972367],[34.79470902423371,31.281493258231908],[34.792608761700976,31.28148654423317]]]]}},{"type":"Feature","properties":{"X":34.795751959401606,"Y":31.28239582688614,"מספר_פוליגון":1467,"גיל0_4":null,"גיל5_9":null,"גיל10_18":null,"גיל19_30":null,"גיל31_44":null,"גיל45_64":null,"גיל65_75":null,"גיל76פלוס":null,"Shape_Length":800.0,"Shape_Area":40000.0},"geometry":{"type":"MultiPolygon","coordinates":[[[[34.79470902423371,31.281493258231908],[34.79470122629052,31.283297033972367],[34.79680152950036,31.283303714112044],[34.79680928746814,31.281499937899508],[34.79470902423371,31.281493258231908]]]]}},{"type":"Feature","properties":{"X":34.79785224292575,"Y":31.282402489559185,"מספר_פוליגון":1468,"גיל0_4":26.0,"גיל5_9":59.0,"גיל10_18":64.0,"גיל19_30":67.0,"גיל31_44":115.0,"גיל45_64":113.0,"גיל65_75":44.0,"גיל76פלוס":15.0,"Shape_Length":800.0000000055879,"Shape_Area":40000.00000055879},"geometry":{"type":"MultiPolygon","coordinates":[[[[34.79680928746814,31.281499937899508],[34.79680152950036,31.283303714112044],[34.79890183340837,31.28331035991813],[34.7989095514007,31.281506583235927],[34.79680928746814,31.281499937899508]]]]}},{"type":"Feature","properties":{"X":34.799952527146225,"Y":31.28240911789981,"מספר_פוליגון":1469,"גיל0_4":39.0,"גיל5_9":83.0,"גיל10_18":70.0,"גיל19_30":93.0,"גיל31_44":145.0,"גיל45_64":143.0,"גיל65_75":52.0,"גיל76פלוס":26.0,"Shape_Length":800.0000000018626,"Shape_Area":40000.000000186265},"geometry":{"type":"MultiPolygon","coordinates":[[[[34.7989095514007,31.281506583235927],[34.79890183340837,31.28331035991813],[34.80100213801094,31.283316971390562],[34.80100981602772,31.281513194241114],[34.7989095514007,31.281506583235927]]]]}},{"type":"Feature","properties":{"X":34.802052812059436,"Y":31.28241571190797,"מספר_פוליגון":1470,"גיל0_4":69.0,"גיל5_9":91.0,"גיל10_18":91.0,"גיל19_30":118.0,"גיל31_44":166.0,"גיל45_64":185.0,"גיל65_75":74.0,"גיל76פלוס":43.0,"Shape_Length":800.0000000055879,"Shape_Area":40000.00000055879},"geometry":{"type":"MultiPolygon","coordinates":[[[[34.80100981602772,31.281513194241114],[34.80100213801094,31.283316971390562],[34.803102443304496,31.283323548529328],[34.80311008134569,31.281519770915054],[34.80100981602772,31.281513194241114]]]]}},{"type":"Feature","properties":{"X":34.8041530976618,"Y":31.282422271583656,"מספר_פוליגון":1471,"גיל0_4":77.0,"גיל5_9":121.0,"גיל10_18":147.0,"גיל19_30":144.0,"גיל31_44":210.0,"גיל45_64":200.0,"גיל65_75":78.0,"גיל76פלוס":45.0,"Shape_Length":800.0000000018626,"Shape_Area":40000.000000186265},"geometry":{"type":"MultiPolygon","coordinates":[[[[34.80311008134569,31.281519770915054],[34.803102443304496,31.283323548529328],[34.805202749285414,31.28333009133435],[34.805210347350965,31.281526313257675],[34.80311008134569,31.281519770915054]]]]}},{"type":"Feature","properties":{"X":34.80625338394973,"Y":31.282428796926812,"מספר_פוליגון":1472,"גיל0_4":69.0,"גיל5_9":125.0,"גיל10_18":87.0,"גיל19_30":69.0,"גיל31_44":205.0,"גיל45_64":120.0,"גיל65_75":41.0,"גיל76פלוס":18.0,"Shape_Length":800.0000000055879,"Shape_Area":40000.00000055879},"geometry":{"type":"MultiPolygon","coordinates":[[[[34.805210347350965,31.281526313257675],[34.805202749285414,31.28333009133435],[34.80730305595012,31.283336599805615],[34.80731061403999,31.28153282126897],[34.805210347350965,31.281526313257675]]]]}},{"type":"Feature","properties":{"X":34.80835367091963,"Y":31.2824352879374,"מספר_פוליגון":1473,"גיל0_4":null,"גיל5_9":null,"גיל10_18":null,"גיל19_30":null,"גיל31_44":null,"גיל45_64":null,"גיל65_75":null,"גיל76פלוס":null,"Shape_Length":800.0000000055879,"Shape_Area":40000.00000055879},"geometry":{"type":"MultiPolygon","coordinates":[[[[34.80731061403999,31.28153282126897],[34.80730305595012,31.283336599805615],[34.809403363295026,31.283343073943087],[34.809410881409164,31.281539294948878],[34.80731061403999,31.28153282126897]]]]}},{"type":"Feature","properties":{"X":34.81045395856788,"Y":31.282441744615383,"מספר_פוליגון":1474,"גיל0_4":null,"גיל5_9":null,"גיל10_18":null,"גיל19_30":null,"גיל31_44":null,"גיל45_64":null,"גיל65_75":null,"גיל76פלוס":null,"Shape_Length":800.0,"Shape_Area":40000.0},"geometry":{"type":"MultiPolygon","coordinates":[[[[34.809410881409164,31.281539294948878],[34.809403363295026,31.283343073943087],[34.81150367131651,31.283349513746696],[34.81151114945482,31.281545734297378],[34.809410881409164,31.281539294948878]]]]}},{"type":"Feature","properties":{"X":34.812554246890905,"Y":31.282448166960716,"מספר_פוליגון":1475,"גיל0_4":null,"גיל5_9":null,"גיל10_18":null,"גיל19_30":null,"גיל31_44":null,"גיל45_64":null,"גיל65_75":null,"גיל76פלוס":null,"Shape_Length":800.0000000055879,"Shape_Area":40000.00000055879},"geometry":{"type":"MultiPolygon","coordinates":[[[[34.81151114945482,31.281545734297378],[34.81150367131651,31.283349513746696],[34.81360398001103,31.283355919216444],[34.81361141817348,31.281552139314407],[34.81151114945482,31.281545734297378]]]]}},{"type":"Feature","properties":{"X":34.81465453588511,"Y":31.282454554973363,"מספר_פוליגון":1476,"גיל0_4":null,"גיל5_9":null,"גיל10_18":null,"גיל19_30":null,"גיל31_44":null,"גיל45_64":null,"גיל65_75":null,"גיל76פלוס":null,"Shape_Length":800.0000000018626,"Shape_Area":40000.000000186265},"geometry":{"type":"MultiPolygon","coordinates":[[[[34.81361141817348,31.281552139314407],[34.81360398001103,31.283355919216444],[34.81570428937493,31.28336229035227],[34.815711687561475,31.281558509999957],[34.81361141817348,31.281552139314407]]]]}},{"type":"Feature","properties":{"X":34.816754825546916,"Y":31.28246090865329,"מספר_פוליגון":1477,"גיל0_4":null,"גיל5_9":null,"גיל10_18":null,"גיל19_30":null,"גיל31_44":null,"גיל45_64":null,"גיל65_75":null,"גיל76פלוס":null,"Shape_Length":800.0000000055879,"Shape_Area":40000.00000055879},"geometry":{"type":"MultiPolygon","coordinates":[[[[34.815711687561475,31.281558509999957],[34.81570428937493,31.28336229035227],[34.81780459940467,31.28336862715415],[34.817811957615255,31.281564846353962],[34.815711687561475,31.281558509999957]]]]}},{"type":"Feature","properties":{"X":34.818855115872715,"Y":31.282467228000467,"מספר_פוליגון":1478,"גיל0_4":null,"גיל5_9":null,"גיל10_18":null,"גיל19_30":null,"גיל31_44":null,"גיל45_64":null,"גיל65_75":null,"גיל76פלוס":null,"Shape_Length":800.0,"Shape_Area":40000.0},"geometry":{"type":"MultiPolygon","coordinates":[[[[34.817811957615255,31.281564846353962],[34.81780459940467,31.28336862715415],[34.819904910096604,31.283374929622017],[34.81991222833119,31.281571148376397],[34.817811957615255,31.281564846353962]]]]}},{"type":"Feature","properties":{"X":34.82095540685892,"Y":31.282473513014835,"מספר_פוליגון":1479,"גיל0_4":null,"גיל5_9":null,"גיל10_18":null,"גיל19_30":null,"גיל31_44":null,"גיל45_64":null,"גיל65_75":null,"גיל76פלוס":null,"Shape_Length":800.0000000055879,"Shape_Area":40000.00000055879},"geometry":{"type":"MultiPolygon","coordinates":[[[[34.81991222833119,31.281571148376397],[34.819904910096604,31.283374929622017],[34.8220052214472,31.283381197755865],[34.822012499705714,31.281577416067222],[34.81991222833119,31.281571148376397]]]]}},{"type":"Feature","properties":{"X":34.82305569850194,"Y":31.28247976369636,"מספר_פוליגון":1480,"גיל0_4":null,"גיל5_9":null,"גיל10_18":null,"גיל19_30":null,"גיל31_44":null,"גיל45_64":null,"גיל65_75":null,"גיל76פלוס":null,"Shape_Length":800.0000000074506,"Shape_Area":40000.00000074506},"geometry":{"type":"MultiPolygon","coordinates":[[[[34.822012499705714,31.281577416067222],[34.8220052214472,31.283381197755865],[34.82410553345285,31.28338743155564],[34.82411277173525,31.281583649426405],[34.822012499705714,31.281577416067222]]]]}},{"type":"Feature","properties":{"X":34.82515599079818,"Y":31.282485980045017,"מספר_פוליגון":1481,"גיל0_4":null,"גיל5_9":null,"גיל10_18":null,"גיל19_30":null,"גיל31_44":null,"גיל45_64":null,"גיל65_75":null,"גיל76פלוס":null,"Shape_Length":800.0,"Shape_Area":40000.0},"geometry":{"type":"MultiPolygon","coordinates":[[[[34.82411277173525,31.281583649426405],[34.82410553345285,31.28338743155564],[34.82620584610989,31.283393631021305],[34.82621304441613,31.28158984845391],[34.82411277173525,31.281583649426405]]]]}},{"type":"Feature","properties":{"X":34.827256283744035,"Y":31.282492162060777,"מספר_פוליגון":1482,"גיל0_4":null,"גיל5_9":null,"גיל10_18":null,"גיל19_30":null,"גיל31_44":null,"גיל45_64":null,"גיל65_75":null,"גיל76פלוס":null,"Shape_Length":800.0000000055879,"Shape_Area":40000.00000055879},"geometry":{"type":"MultiPolygon","coordinates":[[[[34.82621304441613,31.28158984845391],[34.82620584610989,31.283393631021305],[34.828306159414836,31.28339979615283],[34.82831331774485,31.281596013149688],[34.82621304441613,31.28158984845391]]]]}},{"type":"Feature","properties":{"X":34.74953724759994,"Y":31.284044326823526,"מספר_פוליגון":1483,"גיל0_4":null,"גיל5_9":null,"גיל10_18":null,"גיל19_30":null,"גיל31_44":null,"גיל45_64":null,"גיל65_75":null,"גיל76פלוס":null,"Shape_Length":799.9999999962747,"Shape_Area":39999.99999962747},"geometry":{"type":"MultiPolygon","coordinates":[[[[34.74849473957969,31.28314138458033],[34.74848606141089,31.284945148812707],[34.75058638832998,31.284952584806625],[34.75059502652103,31.283148820048837],[34.74849473957969,31.28314138458033]]]]}},{"type":"Feature","properties":{"X":34.751637554871685,"Y":31.284051745323318,"מספר_פוליגון":1484,"גיל0_4":null,"גיל5_9":null,"גיל10_18":null,"גיל19_30":null,"גיל31_44":null,"גיל45_64":null,"גיל65_75":null,"גיל76פלוס":null,"Shape_Length":800.0000000018626,"Shape_Area":40000.000000186265},"geometry":{"type":"MultiPolygon","coordinates":[[[[34.75059502652103,31.283148820048837],[34.75058638832998,31.284952584806625],[34.75268671602636,31.28495998646545],[34.752695314239624,31.283156221184676],[34.75059502652103,31.283148820048837]]]]}},{"type":"Feature","properties":{"X":34.75373786291887,"Y":31.284059129489194,"מספר_פוליגון":1485,"גיל0_4":null,"גיל5_9":null,"גיל10_18":null,"גיל19_30":null,"גיל31_44":null,"גיל45_64":null,"גיל65_75":null,"גיל76פלוס":null,"Shape_Length":800.0000000018626,"Shape_Area":40000.000000186265},"geometry":{"type":"MultiPolygon","coordinates":[[[[34.752695314239624,31.283156221184676],[34.75268671602636,31.28495998646545],[34.75478704449639,31.28496735378913],[34.754795602731804,31.283163587987783],[34.752695314239624,31.283156221184676]]]]}},{"type":"Feature","properties":{"X":34.75583817173789,"Y":31.284066479321126,"מספר_פוליגון":1486,"גיל0_4":null,"גיל5_9":null,"גיל10_18":null,"גיל19_30":null,"גיל31_44":null,"גיל45_64":null,"גיל65_75":null,"גיל76פלוס":null,"Shape_Length":799.9999999981374,"Shape_Area":39999.999999813735},"geometry":{"type":"MultiPolygon","coordinates":[[[[34.754795602731804,31.283163587987783],[34.75478704449639,31.28496735378913],[34.7568873737365,31.284974686777616],[34.756895891993985,31.28317092045814],[34.754795602731804,31.283163587987783]]]]}},{"type":"Feature","properties":{"X":34.75793848132517,"Y":31.284073794819065,"מספר_פוליגון":1487,"גיל0_4":null,"גיל5_9":null,"גיל10_18":null,"גיל19_30":null,"גיל31_44":null,"גיל45_64":null,"גיל65_75":null,"גיל76פלוס":null,"Shape_Length":800.0000000018626,"Shape_Area":40000.000000186265},"geometry":{"type":"MultiPolygon","coordinates":[[[[34.756895891993985,31.28317092045814],[34.7568873737365,31.284974686777616],[34.75898770374311,31.284981985430864],[34.75899618202262,31.28317821859568],[34.756895891993985,31.28317092045814]]]]}},{"type":"Feature","properties":{"X":34.760038791677104,"Y":31.28408107598296,"מספר_פוליגון":1488,"גיל0_4":null,"גיל5_9":null,"גיל10_18":null,"גיל19_30":null,"גיל31_44":null,"גיל45_64":null,"גיל65_75":null,"גיל76פלוס":null,"Shape_Length":799.9999999981374,"Shape_Area":39999.999999813735},"geometry":{"type":"MultiPolygon","coordinates":[[[[34.75899618202262,31.28317821859568],[34.75898770374311,31.284981985430864],[34.761088034512575,31.28498924974884],[34.76109647281407,31.283185482400363],[34.75899618202262,31.28317821859568]]]]}},{"type":"Feature","properties":{"X":34.76213910279011,"Y":31.284088322812774,"מספר_פוליגון":1489,"גיל0_4":null,"גיל5_9":null,"גיל10_18":null,"גיל19_30":null,"גיל31_44":null,"גיל45_64":null,"גיל65_75":null,"גיל76פלוס":null,"Shape_Length":800.0000000018626,"Shape_Area":40000.000000186265},"geometry":{"type":"MultiPolygon","coordinates":[[[[34.76109647281407,31.283185482400363],[34.761088034512575,31.28498924974884],[34.76318836604138,31.2849964797315],[34.763196764364764,31.28319271187214],[34.76109647281407,31.283185482400363]]]]}},{"type":"Feature","properties":{"X":34.764239414660594,"Y":31.284095535308463,"מספר_פוליגון":1490,"גיל0_4":null,"גיל5_9":null,"גיל10_18":null,"גיל19_30":null,"גיל31_44":null,"גיל45_64":null,"גיל65_75":null,"גיל76פלוס":null,"Shape_Length":800.0000000018626,"Shape_Area":40000.000000186265},"geometry":{"type":"MultiPolygon","coordinates":[[[[34.763196764364764,31.28319271187214],[34.76318836604138,31.2849964797315],[34.76528869832588,31.285003675378782],[34.76529705667112,31.283199907010996],[34.763196764364764,31.28319271187214]]]]}},{"type":"Feature","properties":{"X":34.766339727284944,"Y":31.284102713469977,"מספר_פוליגון":1491,"גיל0_4":null,"גיל5_9":null,"גיל10_18":null,"גיל19_30":null,"גיל31_44":null,"גיל45_64":null,"גיל65_75":null,"גיל76פלוס":null,"Shape_Length":799.9999999962747,"Shape_Area":39999.99999962747},"geometry":{"type":"MultiPolygon","coordinates":[[[[34.76529705667112,31.283199907010996],[34.76528869832588,31.285003675378782],[34.76738903136246,31.28501083669069],[34.767397349729485,31.283207067816864],[34.76529705667112,31.283199907010996]]]]}},{"type":"Feature","properties":{"X":34.768440040659584,"Y":31.28410985729728,"מספר_פוליגון":1492,"גיל0_4":null,"גיל5_9":null,"גיל10_18":null,"גיל19_30":null,"גיל31_44":null,"גיל45_64":null,"גיל65_75":null,"גיל76פלוס":null,"Shape_Length":800.0000000018626,"Shape_Area":40000.000000186265},"geometry":{"type":"MultiPolygon","coordinates":[[[[34.767397349729485,31.283207067816864],[34.76738903136246,31.28501083669069],[34.7694893651476,31.285017963667126],[34.76949764353635,31.283214194289698],[34.767397349729485,31.283207067816864]]]]}},{"type":"Feature","properties":{"X":34.77054035478093,"Y":31.28411696679033,"מספר_פוליגון":1493,"גיל0_4":null,"גיל5_9":null,"גיל10_18":null,"גיל19_30":null,"גיל31_44":null,"גיל45_64":null,"גיל65_75":null,"גיל76פלוס":null,"Shape_Length":799.9999999981374,"Shape_Area":39999.999999813735},"geometry":{"type":"MultiPolygon","coordinates":[[[[34.76949764353635,31.283214194289698],[34.7694893651476,31.285017963667126],[34.77158969967763,31.285025056308072],[34.77159793808806,31.28322128642946],[34.76949764353635,31.283214194289698]]]]}},{"type":"Feature","properties":{"X":34.77264066964536,"Y":31.284124041949077,"מספר_פוליגון":1494,"גיל0_4":null,"גיל5_9":null,"גיל10_18":null,"גיל19_30":null,"גיל31_44":null,"גיל45_64":null,"גיל65_75":null,"גיל76פלוס":null,"Shape_Length":800.0000000018626,"Shape_Area":40000.000000186265},"geometry":{"type":"MultiPolygon","coordinates":[[[[34.77159793808806,31.28322128642946],[34.77158969967763,31.285025056308072],[34.773690034949034,31.2850321146135],[34.77369823338105,31.283228344236118],[34.77159793808806,31.28322128642946]]]]}},{"type":"Feature","properties":{"X":34.77474098524931,"Y":31.284131082773484,"מספר_פוליגון":1495,"גיל0_4":null,"גיל5_9":null,"גיל10_18":null,"גיל19_30":null,"גיל31_44":null,"גיל45_64":null,"גיל65_75":null,"גיל76פלוס":null,"Shape_Length":799.9999999981374,"Shape_Area":39999.999999813735},"geometry":{"type":"MultiPolygon","coordinates":[[[[34.77369823338105,31.283228344236118],[34.773690034949034,31.2850321146135],[34.77579037095813,31.28503913858333],[34.7757985294117,31.283235367709626],[34.77369823338105,31.283228344236118]]]]}},{"type":"Feature","properties":{"X":34.77684130158918,"Y":31.284138089263514,"מספר_פוליגון":1496,"גיל0_4":null,"גיל5_9":null,"גיל10_18":null,"גיל19_30":null,"גיל31_44":null,"גיל45_64":null,"גיל65_75":null,"גיל76פלוס":null,"Shape_Length":800.0000000018626,"Shape_Area":40000.000000186265},"geometry":{"type":"MultiPolygon","coordinates":[[[[34.7757985294117,31.283235367709626],[34.77579037095813,31.28503913858333],[34.7778907077014,31.28504612821754],[34.777898826176475,31.283242356849936],[34.7757985294117,31.283235367709626]]]]}},{"type":"Feature","properties":{"X":34.77894161866137,"Y":31.284145061419114,"מספר_פוליגון":1497,"גיל0_4":null,"גיל5_9":null,"גיל10_18":null,"גיל19_30":null,"גיל31_44":null,"גיל45_64":null,"גיל65_75":null,"גיל76פלוס":null,"Shape_Length":800.0000000018626,"Shape_Area":40000.000000186265},"geometry":{"type":"MultiPolygon","coordinates":[[[[34.777898826176475,31.283242356849936],[34.7778907077014,31.28504612821754],[34.77999104517524,31.28505308351611],[34.779999123671736,31.283249311657006],[34.777898826176475,31.283242356849936]]]]}},{"type":"Feature","properties":{"X":34.78104193646228,"Y":31.284151999240244,"מספר_פוליגון":1498,"גיל0_4":null,"גיל5_9":null,"גיל10_18":null,"גיל19_30":null,"גיל31_44":null,"גיל45_64":null,"גיל65_75":null,"גיל76פלוס":null,"Shape_Length":799.9999999962747,"Shape_Area":39999.99999962747},"geometry":{"type":"MultiPolygon","coordinates":[[[[34.779999123671736,31.283249311657006],[34.77999104517524,31.28505308351611],[34.782091383375985,31.28506000447896],[34.78209942189387,31.283256232130793],[34.779999123671736,31.283249311657006]]]]}},{"type":"Feature","properties":{"X":34.78314225498832,"Y":31.284158902726865,"מספר_פוליגון":1499,"גיל0_4":null,"גיל5_9":null,"גיל10_18":null,"גיל19_30":null,"גיל31_44":null,"גיל45_64":null,"גיל65_75":null,"גיל76פלוס":null,"Shape_Length":800.0000000018626,"Shape_Area":40000.000000186265},"geometry":{"type":"MultiPolygon","coordinates":[[[[34.78209942189387,31.283256232130793],[34.782091383375985,31.28506000447896],[34.784191722300136,31.285066891106062],[34.78419972083933,31.283263118271257],[34.78209942189387,31.283256232130793]]]]}},{"type":"Feature","properties":{"X":34.78524257423591,"Y":31.284165771878943,"מספר_פוליגון":1500,"גיל0_4":null,"גיל5_9":null,"גיל10_18":null,"גיל19_30":null,"גיל31_44":null,"גיל45_64":null,"גיל65_75":null,"גיל76פלוס":null,"Shape_Length":799.9999999981374,"Shape_Area":39999.999999813735},"geometry":{"type":"MultiPolygon","coordinates":[[[[34.78419972083933,31.283263118271257],[34.784191722300136,31.285066891106062],[34.786292061944046,31.285073743397405],[34.786300020504505,31.283269970078365],[34.78419972083933,31.283263118271257]]]]}},{"type":"Feature","properties":{"X":34.787342894201444,"Y":31.284172606696437,"מספר_פוליגון":1501,"גיל0_4":null,"גיל5_9":null,"גיל10_18":null,"גיל19_30":null,"גיל31_44":null,"גיל45_64":null,"גיל65_75":null,"גיל76פלוס":null,"Shape_Length":800.0000000018626,"Shape_Area":40000.000000186265},"geometry":{"type":"MultiPolygon","coordinates":[[[[34.786300020504505,31.283269970078365],[34.786292061944046,31.285073743397405],[34.78839240230413,31.285080561352906],[34.78840032088581,31.283276787552072],[34.786300020504505,31.283269970078365]]]]}},{"type":"Feature","properties":{"X":34.78944321488134,"Y":31.284179407179284,"מספר_פוליגון":1502,"גיל0_4":null,"גיל5_9":null,"גיל10_18":null,"גיל19_30":null,"גיל31_44":null,"גיל45_64":null,"גיל65_75":null,"גיל76פלוס":null,"Shape_Length":799.9999999981374,"Shape_Area":39999.999999813735},"geometry":{"type":"MultiPolygon","coordinates":[[[[34.78840032088581,31.283276787552072],[34.78839240230413,31.285080561352906],[34.79049274337681,31.285087344972535],[34.790500621979625,31.283283570692344],[34.78840032088581,31.283276787552072]]]]}},{"type":"Feature","properties":{"X":34.79154353627199,"Y":31.284186173327463,"מספר_פוליגון":1503,"גיל0_4":null,"גיל5_9":null,"גיל10_18":null,"גיל19_30":null,"גיל31_44":null,"גיל45_64":null,"גיל65_75":null,"גיל76פלוס":null,"Shape_Length":800.0000000018626,"Shape_Area":40000.000000186265},"geometry":{"type":"MultiPolygon","coordinates":[[[[34.790500621979625,31.283283570692344],[34.79049274337681,31.285087344972535],[34.79259308515849,31.28509409425627],[34.7926009237824,31.283290319499116],[34.790500621979625,31.283283570692344]]]]}},{"type":"Feature","properties":{"X":34.793643858369826,"Y":31.284192905140927,"מספר_פוליגון":1504,"גיל0_4":null,"גיל5_9":null,"גיל10_18":null,"גיל19_30":null,"גיל31_44":null,"גיל45_64":null,"גיל65_75":null,"גיל76פלוס":null,"Shape_Length":800.0000000018626,"Shape_Area":40000.000000186265},"geometry":{"type":"MultiPolygon","coordinates":[[[[34.7926009237824,31.283290319499116],[34.79259308515849,31.28509409425627],[34.79469342764556,31.285100809204053],[34.79470122629052,31.283297033972367],[34.7926009237824,31.283290319499116]]]]}},{"type":"Feature","properties":{"X":34.79574418117122,"Y":31.284199602619644,"מספר_פוליגון":1505,"גיל0_4":null,"גיל5_9":null,"גיל10_18":null,"גיל19_30":null,"גיל31_44":null,"גיל45_64":null,"גיל65_75":null,"גיל76פלוס":null,"Shape_Length":799.9999999962747,"Shape_Area":39999.99999962747},"geometry":{"type":"MultiPolygon","coordinates":[[[[34.79470122629052,31.283297033972367],[34.79469342764556,31.285100809204053],[34.7967937708344,31.285107489815843],[34.79680152950036,31.283303714112044],[34.79470122629052,31.283297033972367]]]]}},{"type":"Feature","properties":{"X":34.79784450467259,"Y":31.284206265763572,"מספר_פוליגון":1506,"גיל0_4":26.0,"גיל5_9":69.0,"גיל10_18":56.0,"גיל19_30":57.0,"גיל31_44":97.0,"גיל45_64":92.0,"גיל65_75":24.0,"גיל76פלוס":6.0,"Shape_Length":800.0000000018626,"Shape_Area":40000.000000186265},"geometry":{"type":"MultiPolygon","coordinates":[[[[34.79680152950036,31.283303714112044],[34.7967937708344,31.285107489815843],[34.79889411472149,31.285114136091615],[34.79890183340837,31.28331035991813],[34.79680152950036,31.283303714112044]]]]}},{"type":"Feature","properties":{"X":34.799944828870366,"Y":31.28421289457267,"מספר_פוליגון":1507,"גיל0_4":80.0,"גיל5_9":156.0,"גיל10_18":139.0,"גיל19_30":123.0,"גיל31_44":232.0,"גיל45_64":195.0,"גיל65_75":58.0,"גיל76פלוס":24.0,"Shape_Length":799.9999999981374,"Shape_Area":39999.999999813735},"geometry":{"type":"MultiPolygon","coordinates":[[[[34.79890183340837,31.28331035991813],[34.79889411472149,31.285114136091615],[34.80099445930318,31.2851207480313],[34.80100213801094,31.283316971390562],[34.79890183340837,31.28331035991813]]]]}},{"type":"Feature","properties":{"X":34.802045153760936,"Y":31.284219489046876,"מספר_פוליגון":1508,"גיל0_4":112.0,"גיל5_9":200.0,"גיל10_18":163.0,"גיל19_30":153.0,"גיל31_44":319.0,"גיל45_64":196.0,"גיל65_75":69.0,"גיל76פלוס":22.0,"Shape_Length":800.0000000018626,"Shape_Area":40000.000000186265},"geometry":{"type":"MultiPolygon","coordinates":[[[[34.80100213801094,31.283316971390562],[34.80099445930318,31.2851207480313],[34.80309480457592,31.28512732563489],[34.803102443304496,31.283323548529328],[34.80100213801094,31.283316971390562]]]]}},{"type":"Feature","properties":{"X":34.804145479340704,"Y":31.284226049186177,"מספר_פוליגון":1509,"גיל0_4":65.0,"גיל5_9":78.0,"גיל10_18":84.0,"גיל19_30":87.0,"גיל31_44":136.0,"גיל45_64":123.0,"גיל65_75":45.0,"גיל76פלוס":30.0,"Shape_Length":799.9999999981374,"Shape_Area":39999.999999813735},"geometry":{"type":"MultiPolygon","coordinates":[[[[34.803102443304496,31.283323548529328],[34.80309480457592,31.28512732563489],[34.80519515053606,31.285133868902342],[34.805202749285414,31.28333009133435],[34.803102443304496,31.283323548529328]]]]}},{"type":"Feature","properties":{"X":34.80624580560608,"Y":31.284232574990536,"מספר_פוליגון":1510,"גיל0_4":24.0,"גיל5_9":58.0,"גיל10_18":55.0,"גיל19_30":51.0,"גיל31_44":99.0,"גיל45_64":85.0,"גיל65_75":34.0,"גיל76פלוס":20.0,"Shape_Length":800.0000000018626,"Shape_Area":40000.000000186265},"geometry":{"type":"MultiPolygon","coordinates":[[[[34.805202749285414,31.28333009133435],[34.80519515053606,31.285133868902342],[34.80729549718007,31.28514037783359],[34.80730305595012,31.283336599805615],[34.805202749285414,31.28333009133435]]]]}},{"type":"Feature","properties":{"X":34.808346132553496,"Y":31.2842390664599,"מספר_פוליגון":1511,"גיל0_4":13.0,"גיל5_9":36.0,"גיל10_18":44.0,"גיל19_30":25.0,"גיל31_44":44.0,"גיל45_64":47.0,"גיל65_75":14.0,"גיל76פלוס":null,"Shape_Length":800.0000000018626,"Shape_Area":40000.000000186265},"geometry":{"type":"MultiPolygon","coordinates":[[[[34.80730305595012,31.283336599805615],[34.80729549718007,31.28514037783359],[34.80939584450433,31.28514685242863],[34.809403363295026,31.283343073943087],[34.80730305595012,31.283336599805615]]]]}},{"type":"Feature","properties":{"X":34.810446460179314,"Y":31.284245523594226,"מספר_פוליגון":1512,"גיל0_4":6.0,"גיל5_9":7.0,"גיל10_18":6.0,"גיל19_30":6.0,"גיל31_44":16.0,"גיל45_64":7.0,"גיל65_75":4.0,"גיל76פלוס":null,"Shape_Length":799.9999999962747,"Shape_Area":39999.99999962747},"geometry":{"type":"MultiPolygon","coordinates":[[[[34.809403363295026,31.283343073943087],[34.80939584450433,31.28514685242863],[34.81149619250519,31.285153292687404],[34.81150367131651,31.283349513746696],[34.809403363295026,31.283343073943087]]]]}},{"type":"Feature","properties":{"X":34.812546788479956,"Y":31.284251946393486,"מספר_פוליגון":1513,"גיל0_4":null,"גיל5_9":null,"גיל10_18":null,"גיל19_30":null,"גיל31_44":null,"גיל45_64":null,"גיל65_75":null,"גיל76פלוס":null,"Shape_Length":800.0000000018626,"Shape_Area":40000.000000186265},"geometry":{"type":"MultiPolygon","coordinates":[[[[34.81150367131651,31.283349513746696],[34.81149619250519,31.285153292687404],[34.813596541179145,31.285159698609867],[34.81360398001103,31.283355919216444],[34.81150367131651,31.283349513746696]]]]}},{"type":"Feature","properties":{"X":34.81464711745184,"Y":31.284258334857647,"מספר_פוליגון":1514,"גיל0_4":null,"גיל5_9":null,"גיל10_18":null,"גיל19_30":null,"גיל31_44":null,"גיל45_64":null,"גיל65_75":null,"גיל76פלוס":null,"Shape_Length":799.9999999981374,"Shape_Area":39999.999999813735},"geometry":{"type":"MultiPolygon","coordinates":[[[[34.81360398001103,31.283355919216444],[34.813596541179145,31.285159698609867],[34.81569689052255,31.28516607019601],[34.81570428937493,31.28336229035227],[34.81360398001103,31.283355919216444]]]]}},{"type":"Feature","properties":{"X":34.816747447091366,"Y":31.28426468898666,"מספר_פוליגון":1515,"גיל0_4":null,"גיל5_9":null,"גיל10_18":null,"גיל19_30":null,"גיל31_44":null,"גיל45_64":null,"גיל65_75":null,"גיל76פלוס":null,"Shape_Length":800.0000000018626,"Shape_Area":40000.000000186265},"geometry":{"type":"MultiPolygon","coordinates":[[[[34.81570428937493,31.28336229035227],[34.81569689052255,31.28516607019601],[34.817797240531846,31.285172407445753],[34.81780459940467,31.28336862715415],[34.81570428937493,31.28336229035227]]]]}},{"type":"Feature","properties":{"X":34.818847777394936,"Y":31.284271008780486,"מספר_פוליגון":1516,"גיל0_4":null,"גיל5_9":null,"גיל10_18":null,"גיל19_30":null,"גיל31_44":null,"גיל45_64":null,"גיל65_75":null,"גיל76פלוס":null,"Shape_Length":799.9999999962747,"Shape_Area":39999.99999962747},"geometry":{"type":"MultiPolygon","coordinates":[[[[34.81780459940467,31.28336862715415],[34.817797240531846,31.285172407445753],[34.8198975912034,31.285178710359062],[34.819904910096604,31.283374929622017],[34.81780459940467,31.28336862715415]]]]}},{"type":"Feature","properties":{"X":34.82094810835897,"Y":31.284277294239093,"מספר_פוליגון":1517,"גיל0_4":null,"גיל5_9":null,"גיל10_18":null,"גיל19_30":null,"גיל31_44":null,"גיל45_64":null,"גיל65_75":null,"גיל76פלוס":null,"Shape_Length":800.0000000018626,"Shape_Area":40000.000000186265},"geometry":{"type":"MultiPolygon","coordinates":[[[[34.819904910096604,31.283374929622017],[34.8198975912034,31.285178710359062],[34.82199794253364,31.285184978935956],[34.8220052214472,31.283381197755865],[34.819904910096604,31.283374929622017]]]]}},{"type":"Feature","properties":{"X":34.823048439979885,"Y":31.284283545362445,"מספר_פוליגון":1518,"גיל0_4":null,"גיל5_9":null,"גיל10_18":null,"גיל19_30":null,"גיל31_44":null,"גיל45_64":null,"גיל65_75":null,"גיל76פלוס":null,"Shape_Length":800.0000000037253,"Shape_Area":40000.00000037253},"geometry":{"type":"MultiPolygon","coordinates":[[[[34.8220052214472,31.283381197755865],[34.82199794253364,31.285184978935956],[34.82409829451898,31.28519121317634],[34.82410553345285,31.28338743155564],[34.8220052214472,31.283381197755865]]]]}},{"type":"Feature","properties":{"X":34.82514877225404,"Y":31.28428976215049,"מספר_פוליגון":1519,"גיל0_4":null,"גיל5_9":null,"גיל10_18":null,"גיל19_30":null,"גיל31_44":null,"גיל45_64":null,"גיל65_75":null,"גיל76פלוס":null,"Shape_Length":799.9999999962747,"Shape_Area":39999.99999962747},"geometry":{"type":"MultiPolygon","coordinates":[[[[34.82410553345285,31.28338743155564],[34.82409829451898,31.28519121317634],[34.8261986471558,31.28519741308019],[34.82620584610989,31.283393631021305],[34.82410553345285,31.28338743155564]]]]}},{"type":"Feature","properties":{"X":34.82724910517788,"Y":31.28429594460322,"מספר_פוליגון":1520,"גיל0_4":null,"גיל5_9":null,"גיל10_18":null,"גיל19_30":null,"גיל31_44":null,"גיל45_64":null,"גיל65_75":null,"גיל76פלוס":null,"Shape_Length":800.0000000018626,"Shape_Area":40000.000000186265},"geometry":{"type":"MultiPolygon","coordinates":[[[[34.82620584610989,31.283393631021305],[34.8261986471558,31.28519741308019],[34.82829900044055,31.285203578647476],[34.828306159414836,31.28339979615283],[34.82620584610989,31.283393631021305]]]]}},{"type":"Feature","properties":{"X":34.74952858910568,"Y":31.28584809107534,"מספר_פוליגון":1521,"גיל0_4":null,"גיל5_9":null,"גיל10_18":null,"גיל19_30":null,"גיל31_44":null,"גיל45_64":null,"גיל65_75":null,"גיל76פלוס":null,"Shape_Length":799.9999999925494,"Shape_Area":39999.99999925494},"geometry":{"type":"MultiPolygon","coordinates":[[[[34.74848606141089,31.284945148812707],[34.74847738246125,31.286748912535888],[34.75057774936165,31.286756349055224],[34.75058638832998,31.284952584806625],[34.74848606141089,31.284945148812707]]]]}},{"type":"Feature","properties":{"X":34.751628936356965,"Y":31.28585551009933,"מספר_פוליגון":1522,"גיל0_4":null,"גיל5_9":null,"גיל10_18":null,"גיל19_30":null,"גיל31_44":null,"גיל45_64":null,"גיל65_75":null,"גיל76פלוס":null,"Shape_Length":799.9999999981374,"Shape_Area":39999.999999813735},"geometry":{"type":"MultiPolygon","coordinates":[[[[34.75058638832998,31.284952584806625],[34.75057774936165,31.286756349055224],[34.75267811703941,31.286763751237054],[34.75268671602636,31.28495998646545],[34.75058638832998,31.284952584806625]]]]}},{"type":"Feature","properties":{"X":34.75372928438377,"Y":31.285862894786995,"מספר_פוליגון":1523,"גיל0_4":null,"גיל5_9":null,"גיל10_18":null,"גיל19_30":null,"גיל31_44":null,"גיל45_64":null,"גיל65_75":null,"גיל76פלוס":null,"Shape_Length":799.9999999981374,"Shape_Area":39999.999999813735},"geometry":{"type":"MultiPolygon","coordinates":[[[[34.75268671602636,31.28495998646545],[34.75267811703941,31.286763751237054],[34.75477848549091,31.286771119081298],[34.75478704449639,31.28496735378913],[34.75268671602636,31.28495998646545]]]]}},{"type":"Feature","properties":{"X":34.75582963318247,"Y":31.285870245138284,"מספר_פוליגון":1524,"גיל0_4":null,"גיל5_9":null,"גיל10_18":null,"גיל19_30":null,"גיל31_44":null,"גיל45_64":null,"גיל65_75":null,"גיל76פלוס":null,"Shape_Length":799.9999999944121,"Shape_Area":39999.99999944121},"geometry":{"type":"MultiPolygon","coordinates":[[[[34.75478704449639,31.28496735378913],[34.75477848549091,31.286771119081298],[34.75687885471252,31.286778452587946],[34.7568873737365,31.284974686777616],[34.75478704449639,31.28496735378913]]]]}},{"type":"Feature","properties":{"X":34.75792998274949,"Y":31.285877561153168,"מספר_פוליגון":1525,"גיל0_4":null,"גיל5_9":null,"גיל10_18":null,"גיל19_30":null,"גיל31_44":null,"גיל45_64":null,"גיל65_75":null,"גיל76פלוס":null,"Shape_Length":799.9999999981374,"Shape_Area":39999.999999813735},"geometry":{"type":"MultiPolygon","coordinates":[[[[34.7568873737365,31.284974686777616],[34.75687885471252,31.286778452587946],[34.7589792247007,31.286785751756952],[34.75898770374311,31.284981985430864],[34.7568873737365,31.284974686777616]]]]}},{"type":"Feature","properties":{"X":34.760030333081225,"Y":31.285884842831585,"מספר_פוליגון":1526,"גיל0_4":null,"גיל5_9":null,"גיל10_18":null,"גיל19_30":null,"גיל31_44":null,"גיל45_64":null,"גיל65_75":null,"גיל76פלוס":null,"Shape_Length":799.9999999944121,"Shape_Area":39999.99999944121},"geometry":{"type":"MultiPolygon","coordinates":[[[[34.75898770374311,31.284981985430864],[34.7589792247007,31.286785751756952],[34.761079595451804,31.28679301658823],[34.761088034512575,31.28498924974884],[34.75898770374311,31.284981985430864]]]]}},{"type":"Feature","properties":{"X":34.76213068417408,"Y":31.285892090173487,"מספר_פוליגון":1527,"גיל0_4":null,"גיל5_9":null,"גיל10_18":null,"גיל19_30":null,"גיל31_44":null,"גיל45_64":null,"גיל65_75":null,"גיל76פלוס":null,"Shape_Length":799.9999999981374,"Shape_Area":39999.999999813735},"geometry":{"type":"MultiPolygon","coordinates":[[[[34.761088034512575,31.28498924974884],[34.761079595451804,31.28679301658823],[34.76317996696229,31.286800247081786],[34.76318836604138,31.2849964797315],[34.761088034512575,31.28498924974884]]]]}},{"type":"Feature","properties":{"X":34.76423103602449,"Y":31.285899303178848,"מספר_פוליגון":1528,"גיל0_4":null,"גיל5_9":null,"גיל10_18":null,"גיל19_30":null,"גיל31_44":null,"גיל45_64":null,"גיל65_75":null,"גיל76פלוס":null,"Shape_Length":799.9999999981374,"Shape_Area":39999.999999813735},"geometry":{"type":"MultiPolygon","coordinates":[[[[34.76318836604138,31.2849964797315],[34.76317996696229,31.286800247081786],[34.76528033922854,31.286807443237542],[34.76528869832588,31.285003675378782],[34.76318836604138,31.2849964797315]]]]}},{"type":"Feature","properties":{"X":34.766331388628814,"Y":31.285906481847615,"מספר_פוליגון":1529,"גיל0_4":null,"גיל5_9":null,"גיל10_18":null,"גיל19_30":null,"גיל31_44":null,"גיל45_64":null,"גיל65_75":null,"גיל76פלוס":null,"Shape_Length":799.9999999925494,"Shape_Area":39999.99999925494},"geometry":{"type":"MultiPolygon","coordinates":[[[[34.76528869832588,31.285003675378782],[34.76528033922854,31.286807443237542],[34.76738071224693,31.28681460505547],[34.76738903136246,31.28501083669069],[34.76528869832588,31.285003675378782]]]]}},{"type":"Feature","properties":{"X":34.768431741983484,"Y":31.28591362617974,"מספר_פוליגון":1530,"גיל0_4":null,"גיל5_9":null,"גיל10_18":null,"גיל19_30":null,"גיל31_44":null,"גיל45_64":null,"גיל65_75":null,"גיל76פלוס":null,"Shape_Length":799.9999999981374,"Shape_Area":39999.999999813735},"geometry":{"type":"MultiPolygon","coordinates":[[[[34.76738903136246,31.28501083669069],[34.76738071224693,31.28681460505547],[34.76948108601394,31.28682173253554],[34.7694893651476,31.285017963667126],[34.76738903136246,31.28501083669069]]]]}},{"type":"Feature","properties":{"X":34.77053209608493,"Y":31.285920736175193,"מספר_פוליגון":1531,"גיל0_4":null,"גיל5_9":null,"גיל10_18":null,"גיל19_30":null,"גיל31_44":null,"גיל45_64":null,"גיל65_75":null,"גיל76פלוס":null,"Shape_Length":799.9999999944121,"Shape_Area":39999.99999944121},"geometry":{"type":"MultiPolygon","coordinates":[[[[34.7694893651476,31.285017963667126],[34.76948108601394,31.28682173253554],[34.771581460525894,31.28682882567767],[34.77158969967763,31.285025056308072],[34.7694893651476,31.285017963667126]]]]}},{"type":"Feature","properties":{"X":34.77263245092952,"Y":31.285927811833922,"מספר_פוליגון":1532,"גיל0_4":null,"גיל5_9":null,"גיל10_18":null,"גיל19_30":null,"גיל31_44":null,"גיל45_64":null,"גיל65_75":null,"גיל76פלוס":null,"Shape_Length":799.9999999981374,"Shape_Area":39999.999999813735},"geometry":{"type":"MultiPolygon","coordinates":[[[[34.77158969967763,31.285025056308072],[34.771581460525894,31.28682882567767],[34.77368183577927,31.286835884481867],[34.773690034949034,31.2850321146135],[34.77158969967763,31.285025056308072]]]]}},{"type":"Feature","properties":{"X":34.77473280651368,"Y":31.28593485315588,"מספר_פוליגון":1533,"גיל0_4":null,"גיל5_9":null,"גיל10_18":null,"גיל19_30":null,"גיל31_44":null,"גיל45_64":null,"גיל65_75":null,"גיל76פלוס":null,"Shape_Length":799.9999999944121,"Shape_Area":39999.99999944121},"geometry":{"type":"MultiPolygon","coordinates":[[[[34.773690034949034,31.2850321146135],[34.77368183577927,31.286835884481867],[34.77578221177042,31.286842908948053],[34.77579037095813,31.28503913858333],[34.773690034949034,31.2850321146135]]]]}},{"type":"Feature","properties":{"X":34.77683316283381,"Y":31.28594186014104,"מספר_פוליגון":1534,"גיל0_4":null,"גיל5_9":null,"גיל10_18":null,"גיל19_30":null,"גיל31_44":null,"גיל45_64":null,"גיל65_75":null,"גיל76פלוס":null,"Shape_Length":799.9999999981374,"Shape_Area":39999.999999813735},"geometry":{"type":"MultiPolygon","coordinates":[[[[34.77579037095813,31.28503913858333],[34.77578221177042,31.286842908948053],[34.77788258849579,31.28684989907621],[34.7778907077014,31.28504612821754],[34.77579037095813,31.28503913858333]]]]}},{"type":"Feature","properties":{"X":34.77893351988633,"Y":31.28594883278935,"מספר_פוליגון":1535,"גיל0_4":null,"גיל5_9":null,"גיל10_18":null,"גיל19_30":null,"גיל31_44":null,"גיל45_64":null,"גיל65_75":null,"גיל76פלוס":null,"Shape_Length":799.9999999981374,"Shape_Area":39999.999999813735},"geometry":{"type":"MultiPolygon","coordinates":[[[[34.7778907077014,31.28504612821754],[34.77788258849579,31.28684989907621],[34.77998296595177,31.28685685486627],[34.77999104517524,31.28505308351611],[34.7778907077014,31.28504612821754]]]]}},{"type":"Feature","properties":{"X":34.78103387766763,"Y":31.285955771100774,"מספר_פוליגון":1536,"גיל0_4":null,"גיל5_9":null,"גיל10_18":null,"גיל19_30":null,"גיל31_44":null,"גיל45_64":null,"גיל65_75":null,"גיל76פלוס":null,"Shape_Length":799.9999999925494,"Shape_Area":39999.99999925494},"geometry":{"type":"MultiPolygon","coordinates":[[[[34.77999104517524,31.28505308351611],[34.77998296595177,31.28685685486627],[34.78208334413474,31.286863776318196],[34.782091383375985,31.28506000447896],[34.77999104517524,31.28505308351611]]]]}},{"type":"Feature","properties":{"X":34.783134236174114,"Y":31.285962675075268,"מספר_פוליגון":1537,"גיל0_4":null,"גיל5_9":null,"גיל10_18":null,"גיל19_30":null,"גיל31_44":null,"גיל45_64":null,"גיל65_75":null,"גיל76פלוס":null,"Shape_Length":799.9999999981374,"Shape_Area":39999.999999813735},"geometry":{"type":"MultiPolygon","coordinates":[[[[34.782091383375985,31.28506000447896],[34.78208334413474,31.286863776318196],[34.78418372304117,31.28687066343198],[34.784191722300136,31.285066891106062],[34.782091383375985,31.28506000447896]]]]}},{"type":"Feature","properties":{"X":34.785234595402194,"Y":31.28596954471279,"מספר_פוליגון":1538,"גיל0_4":null,"גיל5_9":null,"גיל10_18":null,"גיל19_30":null,"גיל31_44":null,"גיל45_64":null,"גיל65_75":null,"גיל76פלוס":null,"Shape_Length":799.9999999944121,"Shape_Area":39999.99999944121},"geometry":{"type":"MultiPolygon","coordinates":[[[[34.784191722300136,31.285066891106062],[34.78418372304117,31.28687066343198],[34.7862841026674,31.286877516207554],[34.786292061944046,31.285073743397405],[34.784191722300136,31.285066891106062]]]]}},{"type":"Feature","properties":{"X":34.787334955348285,"Y":31.28597638001329,"מספר_פוליגון":1539,"גיל0_4":null,"גיל5_9":null,"גיל10_18":null,"גיל19_30":null,"גיל31_44":null,"גיל45_64":null,"גיל65_75":null,"גיל76פלוס":null,"Shape_Length":799.9999999981374,"Shape_Area":39999.999999813735},"geometry":{"type":"MultiPolygon","coordinates":[[[[34.786292061944046,31.285073743397405],[34.7862841026674,31.286877516207554],[34.78838448300988,31.286884334644867],[34.78839240230413,31.285080561352906],[34.786292061944046,31.285073743397405]]]]}},{"type":"Feature","properties":{"X":34.78943531600879,"Y":31.285983180976743,"מספר_פוליגון":1540,"גיל0_4":null,"גיל5_9":null,"גיל10_18":null,"גיל19_30":null,"גיל31_44":null,"גיל45_64":null,"גיל65_75":null,"גיל76פלוס":null,"Shape_Length":799.9999999944121,"Shape_Area":39999.99999944121},"geometry":{"type":"MultiPolygon","coordinates":[[[[34.78839240230413,31.285080561352906],[34.78838448300988,31.286884334644867],[34.79048486406499,31.286891118743895],[34.79049274337681,31.285087344972535],[34.78839240230413,31.285080561352906]]]]}},{"type":"Feature","properties":{"X":34.79153567738011,"Y":31.285989947603095,"מספר_פוליגון":1541,"גיל0_4":null,"גיל5_9":null,"גיל10_18":null,"גיל19_30":null,"גיל31_44":null,"גיל45_64":null,"גיל65_75":null,"גיל76פלוס":null,"Shape_Length":799.9999999981374,"Shape_Area":39999.999999813735},"geometry":{"type":"MultiPolygon","coordinates":[[[[34.79049274337681,31.285087344972535],[34.79048486406499,31.286891118743895],[34.79258524582915,31.286897868504585],[34.79259308515849,31.28509409425627],[34.79049274337681,31.285087344972535]]]]}},{"type":"Feature","properties":{"X":34.79363603945867,"Y":31.285996679892317,"מספר_פוליגון":1542,"גיל0_4":null,"גיל5_9":null,"גיל10_18":null,"גיל19_30":null,"גיל31_44":null,"גיל45_64":null,"גיל65_75":null,"גיל76פלוס":null,"Shape_Length":799.9999999981374,"Shape_Area":39999.999999813735},"geometry":{"type":"MultiPolygon","coordinates":[[[[34.79259308515849,31.28509409425627],[34.79258524582915,31.286897868504585],[34.79468562829879,31.286904583926923],[34.79469342764556,31.285100809204053],[34.79259308515849,31.28509409425627]]]]}},{"type":"Feature","properties":{"X":34.79573640224084,"Y":31.286003377844363,"מספר_פוליגון":1543,"גיל0_4":null,"גיל5_9":null,"גיל10_18":null,"גיל19_30":null,"גיל31_44":null,"גיל45_64":null,"גיל65_75":null,"גיל76פלוס":null,"Shape_Length":799.9999999925494,"Shape_Area":39999.99999925494},"geometry":{"type":"MultiPolygon","coordinates":[[[[34.79469342764556,31.285100809204053],[34.79468562829879,31.286904583926923],[34.796786011470246,31.28691126501084],[34.7967937708344,31.285107489815843],[34.79469342764556,31.285100809204053]]]]}},{"type":"Feature","properties":{"X":34.797836765723055,"Y":31.286010041459196,"מספר_פוליגון":1544,"גיל0_4":2.0,"גיל5_9":7.0,"גיל10_18":16.0,"גיל19_30":4.0,"גיל31_44":12.0,"גיל45_64":15.0,"גיל65_75":3.0,"גיל76פלוס":null,"Shape_Length":799.9999999981374,"Shape_Area":39999.999999813735},"geometry":{"type":"MultiPolygon","coordinates":[[[[34.7967937708344,31.285107489815843],[34.796786011470246,31.28691126501084],[34.79888639534,31.286917911756294],[34.79889411472149,31.285114136091615],[34.7967937708344,31.285107489815843]]]]}},{"type":"Feature","properties":{"X":34.799937129901714,"Y":31.286016670736768,"מספר_פוליגון":1545,"גיל0_4":49.0,"גיל5_9":107.0,"גיל10_18":97.0,"גיל19_30":62.0,"גיל31_44":153.0,"גיל45_64":101.0,"גיל65_75":24.0,"גיל76פלוס":11.0,"Shape_Length":799.9999999944121,"Shape_Area":39999.99999944121},"geometry":{"type":"MultiPolygon","coordinates":[[[[34.79889411472149,31.285114136091615],[34.79888639534,31.286917911756294],[34.800986779904406,31.286924524163286],[34.80099445930318,31.2851207480313],[34.79889411472149,31.285114136091615]]]]}},{"type":"Feature","properties":{"X":34.80203749477323,"Y":31.286023265677045,"מספר_פוליגון":1546,"גיל0_4":31.0,"גיל5_9":69.0,"גיל10_18":89.0,"גיל19_30":62.0,"גיל31_44":104.0,"גיל45_64":95.0,"גיל65_75":33.0,"גיל76פלוס":9.0,"Shape_Length":799.9999999981374,"Shape_Area":39999.999999813735},"geometry":{"type":"MultiPolygon","coordinates":[[[[34.80099445930318,31.2851207480313],[34.800986779904406,31.286924524163286],[34.80308716515991,31.286931102231726],[34.80309480457592,31.28512732563489],[34.80099445930318,31.2851207480313]]]]}},{"type":"Feature","properties":{"X":34.804137860333995,"Y":31.286029826279986,"מספר_פוליגון":1547,"גיל0_4":52.0,"גיל5_9":104.0,"גיל10_18":58.0,"גיל19_30":67.0,"גיל31_44":162.0,"גיל45_64":108.0,"גיל65_75":67.0,"גיל76פלוס":21.0,"Shape_Length":799.9999999944121,"Shape_Area":39999.99999944121},"geometry":{"type":"MultiPolygon","coordinates":[[[[34.80309480457592,31.28512732563489],[34.80308716515991,31.286931102231726],[34.805187551102904,31.28693764596161],[34.80519515053606,31.285133868902342],[34.80309480457592,31.28512732563489]]]]}},{"type":"Feature","properties":{"X":34.80623822658043,"Y":31.286036352545555,"מספר_פוליגון":1548,"גיל0_4":62.0,"גיל5_9":119.0,"גיל10_18":138.0,"גיל19_30":87.0,"גיל31_44":191.0,"גיל45_64":162.0,"גיל65_75":39.0,"גיל76פלוס":12.0,"Shape_Length":799.9999999981374,"Shape_Area":39999.999999813735},"geometry":{"type":"MultiPolygon","coordinates":[[[[34.80519515053606,31.285133868902342],[34.805187551102904,31.28693764596161],[34.80728793772977,31.286944155352867],[34.80729549718007,31.28514037783359],[34.80519515053606,31.285133868902342]]]]}},{"type":"Feature","properties":{"X":34.80833859350894,"Y":31.28604284447371,"מספר_פוליגון":1549,"גיל0_4":9.0,"גיל5_9":22.0,"גיל10_18":50.0,"גיל19_30":36.0,"גיל31_44":40.0,"גיל45_64":66.0,"גיל65_75":16.0,"גיל76פלוס":6.0,"Shape_Length":799.9999999981374,"Shape_Area":39999.999999813735},"geometry":{"type":"MultiPolygon","coordinates":[[[[34.80729549718007,31.28514037783359],[34.80728793772977,31.286944155352867],[34.809388325036956,31.2869506304055],[34.80939584450433,31.28514685242863],[34.80729549718007,31.28514037783359]]]]}},{"type":"Feature","properties":{"X":34.81043896111591,"Y":31.286049302064406,"מספר_פוליגון":1550,"גיל0_4":null,"גיל5_9":2.0,"גיל10_18":null,"גיל19_30":null,"גיל31_44":2.0,"גיל45_64":null,"גיל65_75":1.0,"גיל76פלוס":null,"Shape_Length":799.9999999925494,"Shape_Area":39999.99999925494},"geometry":{"type":"MultiPolygon","coordinates":[[[[34.80939584450433,31.28514685242863],[34.809388325036956,31.2869506304055],[34.81148871302082,31.28695707111942],[34.81149619250519,31.285153292687404],[34.80939584450433,31.28514685242863]]]]}},{"type":"Feature","properties":{"X":34.812539329397765,"Y":31.28605572531761,"מספר_פוליגון":1551,"גיל0_4":null,"גיל5_9":null,"גיל10_18":null,"גיל19_30":null,"גיל31_44":null,"גיל45_64":null,"גיל65_75":null,"גיל76פלוס":null,"Shape_Length":799.9999999981374,"Shape_Area":39999.999999813735},"geometry":{"type":"MultiPolygon","coordinates":[[[[34.81149619250519,31.285153292687404],[34.81148871302082,31.28695707111942],[34.81358910167781,31.286963477494634],[34.813596541179145,31.285159698609867],[34.81149619250519,31.285153292687404]]]]}},{"type":"Feature","properties":{"X":34.814639698350916,"Y":31.286062114233292,"מספר_פוליגון":1552,"גיל0_4":null,"גיל5_9":null,"גיל10_18":null,"גיל19_30":null,"גיל31_44":null,"גיל45_64":null,"גיל65_75":null,"גיל76פלוס":null,"Shape_Length":799.9999999944121,"Shape_Area":39999.99999944121},"geometry":{"type":"MultiPolygon","coordinates":[[[[34.813596541179145,31.285159698609867],[34.81358910167781,31.286963477494634],[34.815689491004306,31.28696984953108],[34.81569689052255,31.28516607019601],[34.813596541179145,31.285159698609867]]]]}},{"type":"Feature","properties":{"X":34.816740067971764,"Y":31.28606846881141,"מספר_פוליגון":1553,"גיל0_4":null,"גיל5_9":null,"גיל10_18":null,"גיל19_30":null,"גיל31_44":null,"גיל45_64":null,"גיל65_75":null,"גיל76פלוס":null,"Shape_Length":799.9999999981374,"Shape_Area":39999.999999813735},"geometry":{"type":"MultiPolygon","coordinates":[[[[34.81569689052255,31.28516607019601],[34.815689491004306,31.28696984953108],[34.81778988099675,31.286976187228717],[34.817797240531846,31.285172407445753],[34.81569689052255,31.28516607019601]]]]}},{"type":"Feature","properties":{"X":34.81884043825671,"Y":31.286074789051916,"מספר_פוליגון":1554,"גיל0_4":null,"גיל5_9":null,"גיל10_18":null,"גיל19_30":null,"גיל31_44":null,"גיל45_64":null,"גיל65_75":null,"גיל76פלוס":null,"Shape_Length":799.9999999925494,"Shape_Area":39999.99999925494},"geometry":{"type":"MultiPolygon","coordinates":[[[[34.817797240531846,31.285172407445753],[34.81778988099675,31.286976187228717],[34.81989027165148,31.286982490587512],[34.8198975912034,31.285178710359062],[34.817797240531846,31.285172407445753]]]]}},{"type":"Feature","properties":{"X":34.820940809202156,"Y":31.286081074954776,"מספר_פוליגון":1555,"גיל0_4":null,"גיל5_9":null,"גיל10_18":null,"גיל19_30":null,"גיל31_44":null,"גיל45_64":null,"גיל65_75":null,"גיל76פלוס":null,"Shape_Length":799.9999999981374,"Shape_Area":39999.999999813735},"geometry":{"type":"MultiPolygon","coordinates":[[[[34.8198975912034,31.285178710359062],[34.81989027165148,31.286982490587512],[34.821990662964986,31.286988759607446],[34.82199794253364,31.285184978935956],[34.8198975912034,31.285178710359062]]]]}},{"type":"Feature","properties":{"X":34.82304118080455,"Y":31.28608732651996,"מספר_פוליגון":1556,"גיל0_4":null,"גיל5_9":null,"גיל10_18":null,"גיל19_30":null,"גיל31_44":null,"גיל45_64":null,"גיל65_75":null,"גיל76פלוס":null,"Shape_Length":800.0,"Shape_Area":40000.0},"geometry":{"type":"MultiPolygon","coordinates":[[[[34.82199794253364,31.285184978935956],[34.821990662964986,31.286988759607446],[34.82409105493363,31.286994994288463],[34.82409829451898,31.28519121317634],[34.82199794253364,31.285184978935956]]]]}},{"type":"Feature","properties":{"X":34.82514155306024,"Y":31.286093543747423,"מספר_פוליגון":1557,"גיל0_4":null,"גיל5_9":null,"גיל10_18":null,"גיל19_30":null,"גיל31_44":null,"גיל45_64":null,"גיל65_75":null,"גיל76פלוס":null,"Shape_Length":799.9999999925494,"Shape_Area":39999.99999925494},"geometry":{"type":"MultiPolygon","coordinates":[[[[34.82409829451898,31.28519121317634],[34.82409105493363,31.286994994288463],[34.8261914475538,31.287001194630513],[34.8261986471558,31.28519741308019],[34.82409829451898,31.28519121317634]]]]}},{"type":"Feature","properties":{"X":34.827241925965644,"Y":31.286099726637126,"מספר_פוליגון":1558,"גיל0_4":null,"גיל5_9":null,"גיל10_18":null,"גיל19_30":null,"גיל31_44":null,"גיל45_64":null,"גיל65_75":null,"גיל76פלוס":null,"Shape_Length":799.9999999981374,"Shape_Area":39999.999999813735},"geometry":{"type":"MultiPolygon","coordinates":[[[[34.8261986471558,31.28519741308019],[34.8261914475538,31.287001194630513],[34.828291840821954,31.287007360633584],[34.82829900044055,31.285203578647476],[34.8261986471558,31.28519741308019]]]]}},{"type":"Feature","properties":{"X":34.74951992983232,"Y":31.287651854817952,"מספר_פוליגון":1559,"גיל0_4":null,"גיל5_9":null,"גיל10_18":null,"גיל19_30":null,"גיל31_44":null,"גיל45_64":null,"גיל65_75":null,"גיל76פלוס":null,"Shape_Length":799.9999999962747,"Shape_Area":39999.99999962747},"geometry":{"type":"MultiPolygon","coordinates":[[[[34.74847738246125,31.286748912535888],[34.74846870273069,31.288552675749866],[34.750569109616016,31.288560112794656],[34.75057774936165,31.286756349055224],[34.74847738246125,31.286748912535888]]]]}},{"type":"Feature","properties":{"X":34.75162031706676,"Y":31.28765927436617,"מספר_פוליגון":1560,"גיל0_4":null,"גיל5_9":null,"גיל10_18":null,"גיל19_30":null,"גיל31_44":null,"גיל45_64":null,"גיל65_75":null,"גיל76פלוס":null,"Shape_Length":800.0000000018626,"Shape_Area":40000.000000186265},"geometry":{"type":"MultiPolygon","coordinates":[[[[34.75057774936165,31.286756349055224],[34.750569109616016,31.288560112794656],[34.75266951727875,31.288567515499516],[34.75267811703941,31.286763751237054],[34.75057774936165,31.286756349055224]]]]}},{"type":"Feature","properties":{"X":34.75372070507677,"Y":31.287666659575642,"מספר_פוליגון":1561,"גיל0_4":null,"גיל5_9":null,"גיל10_18":null,"גיל19_30":null,"גיל31_44":null,"גיל45_64":null,"גיל65_75":null,"גיל76פלוס":null,"Shape_Length":800.0000000018626,"Shape_Area":40000.000000186265},"geometry":{"type":"MultiPolygon","coordinates":[[[[34.75267811703941,31.286763751237054],[34.75266951727875,31.288567515499516],[34.75476992571529,31.28857488386435],[34.75477848549091,31.286771119081298],[34.75267811703941,31.286763751237054]]]]}},{"type":"Feature","properties":{"X":34.75582109385874,"Y":31.28767401044632,"מספר_פוליגון":1562,"גיל0_4":null,"גיל5_9":null,"גיל10_18":null,"גיל19_30":null,"גיל31_44":null,"גיל45_64":null,"גיל65_75":null,"גיל76פלוס":null,"Shape_Length":799.9999999981374,"Shape_Area":39999.999999813735},"geometry":{"type":"MultiPolygon","coordinates":[[[[34.75477848549091,31.286771119081298],[34.75476992571529,31.28857488386435],[34.756870334921985,31.28858221788919],[34.75687885471252,31.286778452587946],[34.75477848549091,31.286771119081298]]]]}},{"type":"Feature","properties":{"X":34.757921483409085,"Y":31.287681326978156,"מספר_פוליגון":1563,"גיל0_4":null,"גיל5_9":null,"גיל10_18":null,"גיל19_30":null,"גיל31_44":null,"גיל45_64":null,"גיל65_75":null,"גיל76פלוס":null,"Shape_Length":800.0000000018626,"Shape_Area":40000.000000186265},"geometry":{"type":"MultiPolygon","coordinates":[[[[34.75687885471252,31.286778452587946],[34.756870334921985,31.28858221788919],[34.758970744895336,31.288589517573936],[34.7589792247007,31.286785751756952],[34.75687885471252,31.286778452587946]]]]}},{"type":"Feature","properties":{"X":34.76002187372421,"Y":31.287688609171102,"מספר_פוליגון":1564,"גיל0_4":null,"גיל5_9":null,"גיל10_18":null,"גיל19_30":null,"גיל31_44":null,"גיל45_64":null,"גיל65_75":null,"גיל76פלוס":null,"Shape_Length":799.9999999981374,"Shape_Area":39999.999999813735},"geometry":{"type":"MultiPolygon","coordinates":[[[[34.7589792247007,31.286785751756952],[34.758970744895336,31.288589517573936],[34.76107115563166,31.288596782918557],[34.761079595451804,31.28679301658823],[34.7589792247007,31.286785751756952]]]]}},{"type":"Feature","properties":{"X":34.76212226480053,"Y":31.28769585702512,"מספר_פוליגון":1565,"גיל0_4":null,"גיל5_9":null,"גיל10_18":null,"גיל19_30":null,"גיל31_44":null,"גיל45_64":null,"גיל65_75":null,"גיל76פלוס":null,"Shape_Length":800.0000000018626,"Shape_Area":40000.000000186265},"geometry":{"type":"MultiPolygon","coordinates":[[[[34.761079595451804,31.28679301658823],[34.76107115563166,31.288596782918557],[34.76317156712744,31.288604013923003],[34.76317996696229,31.286800247081786],[34.761079595451804,31.28679301658823]]]]}},{"type":"Feature","properties":{"X":34.764222656634445,"Y":31.28770307054017,"מספר_פוליגון":1566,"גיל0_4":null,"גיל5_9":null,"גיל10_18":null,"גיל19_30":null,"גיל31_44":null,"גיל45_64":null,"גיל65_75":null,"גיל76פלוס":null,"Shape_Length":800.0000000018626,"Shape_Area":40000.000000186265},"geometry":{"type":"MultiPolygon","coordinates":[[[[34.76317996696229,31.286800247081786],[34.76317156712744,31.288604013923003],[34.76527197937902,31.288611210587252],[34.76528033922854,31.286807443237542],[34.76317996696229,31.286800247081786]]]]}},{"type":"Feature","properties":{"X":34.766323049222336,"Y":31.287710249716206,"מספר_פוליגון":1567,"גיל0_4":null,"גיל5_9":null,"גיל10_18":null,"גיל19_30":null,"גיל31_44":null,"גיל45_64":null,"גיל65_75":null,"גיל76פלוס":null,"Shape_Length":799.9999999962747,"Shape_Area":39999.99999962747},"geometry":{"type":"MultiPolygon","coordinates":[[[[34.76528033922854,31.286807443237542],[34.76527197937902,31.288611210587252],[34.76737239238281,31.288618372911237],[34.76738071224693,31.28681460505547],[34.76528033922854,31.286807443237542]]]]}},{"type":"Feature","properties":{"X":34.768423442560646,"Y":31.287717394553173,"מספר_פוליגון":1568,"גיל0_4":null,"גיל5_9":null,"גיל10_18":null,"גיל19_30":null,"גיל31_44":null,"גיל45_64":null,"גיל65_75":null,"גיל76פלוס":null,"Shape_Length":800.0000000018626,"Shape_Area":40000.000000186265},"geometry":{"type":"MultiPolygon","coordinates":[[[[34.76738071224693,31.28681460505547],[34.76737239238281,31.288618372911237],[34.769472806135276,31.288625500894955],[34.76948108601394,31.28682173253554],[34.76738071224693,31.28681460505547]]]]}},{"type":"Feature","properties":{"X":34.770523836645765,"Y":31.28772450505105,"מספר_פוליגון":1569,"גיל0_4":null,"גיל5_9":null,"גיל10_18":null,"גיל19_30":null,"גיל31_44":null,"גיל45_64":null,"גיל65_75":null,"גיל76פלוס":null,"Shape_Length":799.9999999981374,"Shape_Area":39999.999999813735},"geometry":{"type":"MultiPolygon","coordinates":[[[[34.76948108601394,31.28682173253554],[34.769472806135276,31.288625500894955],[34.771573220632774,31.288632594538306],[34.771581460525894,31.28682882567767],[34.76948108601394,31.28682173253554]]]]}},{"type":"Feature","properties":{"X":34.77262423147411,"Y":31.287731581209776,"מספר_פוליגון":1570,"גיל0_4":null,"גיל5_9":null,"גיל10_18":null,"גיל19_30":null,"גיל31_44":null,"גיל45_64":null,"גיל65_75":null,"גיל76פלוס":null,"Shape_Length":800.0000000018626,"Shape_Area":40000.000000186265},"geometry":{"type":"MultiPolygon","coordinates":[[[[34.771581460525894,31.28682882567767],[34.771573220632774,31.288632594538306],[34.77367363587171,31.288639653841294],[34.77368183577927,31.286835884481867],[34.771581460525894,31.28682882567767]]]]}},{"type":"Feature","properties":{"X":34.77472462704207,"Y":31.287738623029313,"מספר_פוליגון":1571,"גיל0_4":null,"גיל5_9":null,"גיל10_18":null,"גיל19_30":null,"גיל31_44":null,"גיל45_64":null,"גיל65_75":null,"גיל76פלוס":null,"Shape_Length":799.9999999981374,"Shape_Area":39999.999999813735},"geometry":{"type":"MultiPolygon","coordinates":[[[[34.77368183577927,31.286835884481867],[34.77367363587171,31.288639653841294],[34.7757740518485,31.288646678803843],[34.77578221177042,31.286842908948053],[34.77368183577927,31.286835884481867]]]]}},{"type":"Feature","properties":{"X":34.77682502334606,"Y":31.287745630509622,"מספר_פוליגון":1572,"גיל0_4":null,"גיל5_9":null,"גיל10_18":null,"גיל19_30":null,"גיל31_44":null,"גיל45_64":null,"גיל65_75":null,"גיל76פלוס":null,"Shape_Length":800.0000000018626,"Shape_Area":40000.000000186265},"geometry":{"type":"MultiPolygon","coordinates":[[[[34.77578221177042,31.286842908948053],[34.7757740518485,31.288646678803843],[34.777874468559574,31.28865366942594],[34.77788258849579,31.28684989907621],[34.77578221177042,31.286842908948053]]]]}},{"type":"Feature","properties":{"X":34.77892542038251,"Y":31.287752603650667,"מספר_פוליגון":1573,"גיל0_4":null,"גיל5_9":null,"גיל10_18":null,"גיל19_30":null,"גיל31_44":null,"גיל45_64":null,"גיל65_75":null,"גיל76פלוס":null,"Shape_Length":800.0000000018626,"Shape_Area":40000.000000186265},"geometry":{"type":"MultiPolygon","coordinates":[[[[34.77788258849579,31.28684989907621],[34.777874468559574,31.28865366942594],[34.779974886001305,31.288660625707546],[34.77998296595177,31.28685685486627],[34.77788258849579,31.28684989907621]]]]}},{"type":"Feature","properties":{"X":34.78102581814778,"Y":31.2877595424524,"מספר_פוליגון":1574,"גיל0_4":null,"גיל5_9":null,"גיל10_18":null,"גיל19_30":null,"גיל31_44":null,"גיל45_64":null,"גיל65_75":null,"גיל76פלוס":null,"Shape_Length":799.9999999962747,"Shape_Area":39999.99999962747},"geometry":{"type":"MultiPolygon","coordinates":[[[[34.77998296595177,31.28685685486627],[34.779974886001305,31.288660625707546],[34.78207530417008,31.288667547648576],[34.78208334413474,31.286863776318196],[34.77998296595177,31.28685685486627]]]]}},{"type":"Feature","properties":{"X":34.7831262166383,"Y":31.287766446914784,"מספר_פוליגון":1575,"גיל0_4":null,"גיל5_9":null,"גיל10_18":null,"גיל19_30":null,"גיל31_44":null,"גיל45_64":null,"גיל65_75":null,"גיל76פלוס":null,"Shape_Length":800.0000000018626,"Shape_Area":40000.000000186265},"geometry":{"type":"MultiPolygon","coordinates":[[[[34.78208334413474,31.286863776318196],[34.78207530417008,31.288667547648576],[34.78417572306237,31.288674435249035],[34.78418372304117,31.28687066343198],[34.78208334413474,31.286863776318196]]]]}},{"type":"Feature","properties":{"X":34.785226615850476,"Y":31.28777331703776,"מספר_פוליגון":1576,"גיל0_4":null,"גיל5_9":null,"גיל10_18":null,"גיל19_30":null,"גיל31_44":null,"גיל45_64":null,"גיל65_75":null,"גיל76פלוס":null,"Shape_Length":799.9999999981374,"Shape_Area":39999.999999813735},"geometry":{"type":"MultiPolygon","coordinates":[[[[34.78418372304117,31.28687066343198],[34.78417572306237,31.288674435249035],[34.786276142674524,31.28868128850886],[34.7862841026674,31.286877516207554],[34.78418372304117,31.28687066343198]]]]}},{"type":"Feature","properties":{"X":34.78732701578072,"Y":31.2877801528213,"מספר_פוליגון":1577,"גיל0_4":null,"גיל5_9":null,"גיל10_18":null,"גיל19_30":null,"גיל31_44":null,"גיל45_64":null,"גיל65_75":null,"גיל76פלוס":null,"Shape_Length":800.0000000018626,"Shape_Area":40000.000000186265},"geometry":{"type":"MultiPolygon","coordinates":[[[[34.7862841026674,31.286877516207554],[34.786276142674524,31.28868128850886],[34.78837656300299,31.288688107428015],[34.78838448300988,31.286884334644867],[34.7862841026674,31.286877516207554]]]]}},{"type":"Feature","properties":{"X":34.789427416425426,"Y":31.287786954265364,"מספר_פוליגון":1578,"גיל0_4":null,"גיל5_9":null,"גיל10_18":null,"גיל19_30":null,"גיל31_44":null,"גיל45_64":null,"גיל65_75":null,"גיל76פלוס":null,"Shape_Length":799.9999999981374,"Shape_Area":39999.999999813735},"geometry":{"type":"MultiPolygon","coordinates":[[[[34.78838448300988,31.286884334644867],[34.78837656300299,31.288688107428015],[34.79047698404412,31.288694892006454],[34.79048486406499,31.286891118743895],[34.78838448300988,31.286884334644867]]]]}},{"type":"Feature","properties":{"X":34.791527817781,"Y":31.28779372136992,"מספר_פוליגון":1579,"גיל0_4":null,"גיל5_9":null,"גיל10_18":null,"גיל19_30":null,"גיל31_44":null,"גיל45_64":null,"גיל65_75":null,"גיל76פלוס":null,"Shape_Length":800.0000000018626,"Shape_Area":40000.000000186265},"geometry":{"type":"MultiPolygon","coordinates":[[[[34.79048486406499,31.286891118743895],[34.79047698404412,31.288694892006454],[34.79257740579439,31.288701642244124],[34.79258524582915,31.286897868504585],[34.79048486406499,31.286891118743895]]]]}},{"type":"Feature","properties":{"X":34.79362821984388,"Y":31.287800454134903,"מספר_פוליגון":1580,"גיל0_4":null,"גיל5_9":null,"גיל10_18":null,"גיל19_30":null,"גיל31_44":null,"גיל45_64":null,"גיל65_75":null,"גיל76פלוס":null,"Shape_Length":800.0000000018626,"Shape_Area":40000.000000186265},"geometry":{"type":"MultiPolygon","coordinates":[[[[34.79258524582915,31.286897868504585],[34.79257740579439,31.288701642244124],[34.794677828250165,31.288708358141022],[34.79468562829879,31.286904583926923],[34.79258524582915,31.286897868504585]]]]}},{"type":"Feature","properties":{"X":34.79572862261043,"Y":31.287807152560298,"מספר_פוליגון":1581,"גיל0_4":null,"גיל5_9":null,"גיל10_18":null,"גיל19_30":null,"גיל31_44":null,"גיל45_64":null,"גיל65_75":null,"גיל76פלוס":null,"Shape_Length":799.9999999962747,"Shape_Area":39999.99999962747},"geometry":{"type":"MultiPolygon","coordinates":[[[[34.79468562829879,31.286904583926923],[34.794677828250165,31.288708358141022],[34.796778251407815,31.288715039697077],[34.796786011470246,31.28691126501084],[34.79468562829879,31.286904583926923]]]]}},{"type":"Feature","properties":{"X":34.79782902607707,"Y":31.287813816646047,"מספר_פוליגון":1582,"גיל0_4":28.0,"גיל5_9":29.0,"גיל10_18":24.0,"גיל19_30":12.0,"גיל31_44":54.0,"גיל45_64":21.0,"גיל65_75":1.0,"גיל76פלוס":null,"Shape_Length":800.0000000018626,"Shape_Area":40000.000000186265},"geometry":{"type":"MultiPolygon","coordinates":[[[[34.796786011470246,31.28691126501084],[34.796778251407815,31.288715039697077],[34.798878675263836,31.288721686912268],[34.79888639534,31.286917911756294],[34.796786011470246,31.28691126501084]]]]}},{"type":"Feature","properties":{"X":34.79992943024021,"Y":31.28782044639212,"מספר_פוליגון":1583,"גיל0_4":50.0,"גיל5_9":57.0,"גיל10_18":58.0,"גיל19_30":54.0,"גיל31_44":111.0,"גיל45_64":73.0,"גיל65_75":7.0,"גיל76פלוס":2.0,"Shape_Length":799.9999999981374,"Shape_Area":39999.999999813735},"geometry":{"type":"MultiPolygon","coordinates":[[[[34.79888639534,31.286917911756294],[34.798878675263836,31.288721686912268],[34.80097909981456,31.28872829978654],[34.800986779904406,31.286924524163286],[34.79888639534,31.286917911756294]]]]}},{"type":"Feature","properties":{"X":34.80202983509626,"Y":31.287827041798483,"מספר_פוליגון":1584,"גיל0_4":60.0,"גיל5_9":92.0,"גיל10_18":36.0,"גיל19_30":45.0,"גיל31_44":149.0,"גיל45_64":57.0,"גיל65_75":12.0,"גיל76פלוס":5.0,"Shape_Length":800.0000000018626,"Shape_Area":40000.000000186265},"geometry":{"type":"MultiPolygon","coordinates":[[[[34.800986779904406,31.286924524163286],[34.80097909981456,31.28872829978654],[34.803079525056425,31.28873487831985],[34.80308716515991,31.286931102231726],[34.800986779904406,31.286924524163286]]]]}},{"type":"Feature","properties":{"X":34.804130240641626,"Y":31.28783360286508,"מספר_פוליגון":1585,"גיל0_4":12.0,"גיל5_9":19.0,"גיל10_18":16.0,"גיל19_30":27.0,"גיל31_44":30.0,"גיל45_64":25.0,"גיל65_75":8.0,"גיל76פלוס":3.0,"Shape_Length":799.9999999981374,"Shape_Area":39999.999999813735},"geometry":{"type":"MultiPolygon","coordinates":[[[[34.80308716515991,31.286931102231726],[34.803079525056425,31.28873487831985],[34.80517995098581,31.288741422512178],[34.805187551102904,31.28693764596161],[34.80308716515991,31.286931102231726]]]]}},{"type":"Feature","properties":{"X":34.8062306468727,"Y":31.28784012959188,"מספר_פוליגון":1586,"גיל0_4":123.0,"גיל5_9":268.0,"גיל10_18":153.0,"גיל19_30":94.0,"גיל31_44":386.0,"גיל45_64":179.0,"גיל65_75":59.0,"גיל76פלוס":13.0,"Shape_Length":800.0000000018626,"Shape_Area":40000.000000186265},"geometry":{"type":"MultiPolygon","coordinates":[[[[34.805187551102904,31.28693764596161],[34.80517995098581,31.288741422512178],[34.80728037759918,31.288747932363474],[34.80728793772977,31.286944155352867],[34.805187551102904,31.28693764596161]]]]}},{"type":"Feature","properties":{"X":34.80833105378591,"Y":31.287846621978847,"מספר_פוליגון":1587,"גיל0_4":27.0,"גיל5_9":40.0,"גיל10_18":40.0,"גיל19_30":15.0,"גיל31_44":65.0,"גיל45_64":32.0,"גיל65_75":10.0,"גיל76פלוס":2.0,"Shape_Length":800.0000000018626,"Shape_Area":40000.000000186265},"geometry":{"type":"MultiPolygon","coordinates":[[[[34.80728793772977,31.286944155352867],[34.80728037759918,31.288747932363474],[34.80938080489289,31.288754407873693],[34.809388325036956,31.2869506304055],[34.80728793772977,31.286944155352867]]]]}},{"type":"Feature","properties":{"X":34.81043146137763,"Y":31.28785308002593,"מספר_פוליגון":1588,"גיל0_4":null,"גיל5_9":null,"גיל10_18":null,"גיל19_30":null,"גיל31_44":null,"גיל45_64":null,"גיל65_75":null,"גיל76פלוס":null,"Shape_Length":799.9999999962747,"Shape_Area":39999.99999962747},"geometry":{"type":"MultiPolygon","coordinates":[[[[34.809388325036956,31.2869506304055],[34.80938080489289,31.288754407873693],[34.81148123286332,31.288760849042802],[34.81148871302082,31.28695707111942],[34.809388325036956,31.2869506304055]]]]}},{"type":"Feature","properties":{"X":34.812531869644296,"Y":31.287859503733095,"מספר_פוליגון":1589,"גיל0_4":null,"גיל5_9":null,"גיל10_18":null,"גיל19_30":null,"גיל31_44":null,"גיל45_64":null,"גיל65_75":null,"גיל76פלוס":null,"Shape_Length":800.0000000018626,"Shape_Area":40000.000000186265},"geometry":{"type":"MultiPolygon","coordinates":[[[[34.81148871302082,31.28695707111942],[34.81148123286332,31.288760849042802],[34.81358166150696,31.288767255870773],[34.81358910167781,31.286963477494634],[34.81148871302082,31.28695707111942]]]]}},{"type":"Feature","properties":{"X":34.81463227858231,"Y":31.287865893100317,"מספר_פוליגון":1590,"גיל0_4":null,"גיל5_9":null,"גיל10_18":null,"גיל19_30":null,"גיל31_44":null,"גיל45_64":null,"גיל65_75":null,"גיל76פלוס":null,"Shape_Length":799.9999999981374,"Shape_Area":39999.999999813735},"geometry":{"type":"MultiPolygon","coordinates":[[[[34.81358910167781,31.286963477494634],[34.81358166150696,31.288767255870773],[34.81568209082015,31.288773628357568],[34.815689491004306,31.28696984953108],[34.81358910167781,31.286963477494634]]]]}},{"type":"Feature","properties":{"X":34.81673268818806,"Y":31.287872248127552,"מספר_פוליגון":1591,"גיל0_4":null,"גיל5_9":null,"גיל10_18":null,"גיל19_30":null,"גיל31_44":null,"גיל45_64":null,"גיל65_75":null,"גיל76פלוס":null,"Shape_Length":800.0000000018626,"Shape_Area":40000.000000186265},"geometry":{"type":"MultiPolygon","coordinates":[[[[34.815689491004306,31.28696984953108],[34.81568209082015,31.288773628357568],[34.817782520799305,31.288779966503114],[34.81778988099675,31.286976187228717],[34.815689491004306,31.28696984953108]]]]}},{"type":"Feature","properties":{"X":34.818833098457965,"Y":31.287878568814754,"מספר_פוליגון":1592,"גיל0_4":null,"גיל5_9":null,"גיל10_18":null,"גיל19_30":null,"גיל31_44":null,"גיל45_64":null,"גיל65_75":null,"גיל76פלוס":null,"Shape_Length":799.9999999962747,"Shape_Area":39999.99999962747},"geometry":{"type":"MultiPolygon","coordinates":[[[[34.81778988099675,31.286976187228717],[34.817782520799305,31.288779966503114],[34.819882951440846,31.2887862703074],[34.81989027165148,31.286982490587512],[34.81778988099675,31.286976187228717]]]]}},{"type":"Feature","properties":{"X":34.82093350938843,"Y":31.28788485516189,"מספר_פוליגון":1593,"גיל0_4":null,"גיל5_9":null,"גיל10_18":null,"גיל19_30":null,"גיל31_44":null,"גיל45_64":null,"גיל65_75":null,"גיל76פלוס":null,"Shape_Length":800.0000000018626,"Shape_Area":40000.000000186265},"geometry":{"type":"MultiPolygon","coordinates":[[[[34.81989027165148,31.286982490587512],[34.819882951440846,31.2887862703074],[34.82198338274119,31.288792539770384],[34.821990662964986,31.286988759607446],[34.81989027165148,31.286982490587512]]]]}},{"type":"Feature","properties":{"X":34.82303392097589,"Y":31.287891107168917,"מספר_פוליגון":1594,"גיל0_4":null,"גיל5_9":null,"גיל10_18":null,"גיל19_30":null,"גיל31_44":null,"גיל45_64":null,"גיל65_75":null,"גיל76פלוס":null,"Shape_Length":800.0000000037253,"Shape_Area":40000.00000037253},"geometry":{"type":"MultiPolygon","coordinates":[[[[34.821990662964986,31.286988759607446],[34.82198338274119,31.288792539770384],[34.824083814696735,31.288798774892047],[34.82409105493363,31.286994994288463],[34.821990662964986,31.286988759607446]]]]}},{"type":"Feature","properties":{"X":34.8251343332167,"Y":31.287897324835807,"מספר_פוליגון":1595,"גיל0_4":null,"גיל5_9":null,"גיל10_18":null,"גיל19_30":null,"גיל31_44":null,"גיל45_64":null,"גיל65_75":null,"גיל76פלוס":null,"Shape_Length":799.9999999962747,"Shape_Area":39999.99999962747},"geometry":{"type":"MultiPolygon","coordinates":[[[[34.82409105493363,31.286994994288463],[34.824083814696735,31.288798774892047],[34.82618424730386,31.288804975672328],[34.8261914475538,31.287001194630513],[34.82409105493363,31.286994994288463]]]]}},{"type":"Feature","properties":{"X":34.82723474610728,"Y":31.28790350816251,"מספר_פוליגון":1596,"גיל0_4":null,"גיל5_9":null,"גיל10_18":null,"גיל19_30":null,"גיל31_44":null,"גיל45_64":null,"גיל65_75":null,"גיל76פלוס":null,"Shape_Length":800.0000000018626,"Shape_Area":40000.000000186265},"geometry":{"type":"MultiPolygon","coordinates":[[[[34.8261914475538,31.287001194630513],[34.82618424730386,31.288804975672328],[34.82828468055899,31.28881114211119],[34.828291840821954,31.287007360633584],[34.8261914475538,31.287001194630513]]]]}},{"type":"Feature","properties":{"X":34.7495112697798,"Y":31.289455618051374,"מספר_פוליגון":1597,"גיל0_4":null,"גיל5_9":null,"גיל10_18":null,"גיל19_30":null,"גיל31_44":null,"גיל45_64":null,"גיל65_75":null,"גיל76פלוס":null,"Shape_Length":800.0,"Shape_Area":40000.0},"geometry":{"type":"MultiPolygon","coordinates":[[[[34.74846870273069,31.288552675749866],[34.748460022219135,31.290356438454637],[34.750560469092974,31.290363876024895],[34.750569109616016,31.288560112794656],[34.74846870273069,31.288552675749866]]]]}},{"type":"Feature","properties":{"X":34.75161169700099,"Y":31.289463038123845,"מספר_פוליגון":1598,"גיל0_4":null,"גיל5_9":null,"גיל10_18":null,"גיל19_30":null,"גיל31_44":null,"גיל45_64":null,"גיל65_75":null,"גיל76פלוס":null,"Shape_Length":800.0000000055879,"Shape_Area":40000.00000055879},"geometry":{"type":"MultiPolygon","coordinates":[[[[34.750569109616016,31.288560112794656],[34.750560469092974,31.290363876024895],[34.75266091674429,31.29037127925279],[34.75266951727875,31.288567515499516],[34.750569109616016,31.288560112794656]]]]}},{"type":"Feature","properties":{"X":34.753712124997804,"Y":31.289470423855136,"מספר_פוליגון":1599,"גיל0_4":null,"גיל5_9":null,"גיל10_18":null,"גיל19_30":null,"גיל31_44":null,"גיל45_64":null,"גיל65_75":null,"גיל76פלוס":null,"Shape_Length":800.0000000055879,"Shape_Area":40000.00000055879},"geometry":{"type":"MultiPolygon","coordinates":[[[[34.75266951727875,31.288567515499516],[34.75266091674429,31.29037127925279],[34.75476136516946,31.29037864813826],[34.75476992571529,31.28857488386435],[34.75266951727875,31.288567515499516]]]]}},{"type":"Feature","properties":{"X":34.75581255376664,"Y":31.28947777524522,"מספר_פוליגון":1600,"גיל0_4":null,"גיל5_9":null,"גיל10_18":null,"גיל19_30":null,"גיל31_44":null,"גיל45_64":null,"גיל65_75":null,"גיל76פלוס":null,"Shape_Length":800.0000000018626,"Shape_Area":40000.000000186265},"geometry":{"type":"MultiPolygon","coordinates":[[[[34.75476992571529,31.28857488386435],[34.75476136516946,31.29037864813826],[34.75686181436487,31.29038598268127],[34.756870334921985,31.28858221788919],[34.75476992571529,31.28857488386435]]]]}},{"type":"Feature","properties":{"X":34.75791298330391,"Y":31.289485092294033,"מספר_פוליגון":1601,"גיל0_4":null,"גיל5_9":null,"גיל10_18":null,"גיל19_30":null,"גיל31_44":null,"גיל45_64":null,"גיל65_75":null,"גיל76פלוס":null,"Shape_Length":800.0000000055879,"Shape_Area":40000.00000055879},"geometry":{"type":"MultiPolygon","coordinates":[[[[34.756870334921985,31.28858221788919],[34.75686181436487,31.29038598268127],[34.75896226432696,31.290393282881787],[34.758970744895336,31.288589517573936],[34.756870334921985,31.28858221788919]]]]}},{"type":"Feature","properties":{"X":34.76001341360602,"Y":31.289492375001533,"מספר_פוליגון":1602,"גיל0_4":null,"גיל5_9":null,"גיל10_18":null,"גיל19_30":null,"גיל31_44":null,"גיל45_64":null,"גיל65_75":null,"גיל76פלוס":null,"Shape_Length":800.0000000018626,"Shape_Area":40000.000000186265},"geometry":{"type":"MultiPolygon","coordinates":[[[[34.758970744895336,31.288589517573936],[34.75896226432696,31.290393282881787],[34.76106271505211,31.29040054873976],[34.76107115563166,31.288596782918557],[34.758970744895336,31.288589517573936]]]]}},{"type":"Feature","properties":{"X":34.76211384466937,"Y":31.289499623367682,"מספר_פוליגון":1603,"גיל0_4":null,"גיל5_9":null,"גיל10_18":null,"גיל19_30":null,"גיל31_44":null,"גיל45_64":null,"גיל65_75":null,"גיל76פלוס":null,"Shape_Length":800.0000000055879,"Shape_Area":40000.00000055879},"geometry":{"type":"MultiPolygon","coordinates":[[[[34.76107115563166,31.288596782918557],[34.76106271505211,31.29040054873976],[34.763163166536756,31.29040778025515],[34.76317156712744,31.288604013923003],[34.76107115563166,31.288596782918557]]]]}},{"type":"Feature","properties":{"X":34.7642142764904,"Y":31.289506837392445,"מספר_פוליגון":1604,"גיל0_4":null,"גיל5_9":null,"גיל10_18":null,"גיל19_30":null,"גיל31_44":null,"גיל45_64":null,"גיל65_75":null,"גיל76פלוס":null,"Shape_Length":800.0000000055879,"Shape_Area":40000.00000055879},"geometry":{"type":"MultiPolygon","coordinates":[[[[34.76317156712744,31.288604013923003],[34.763163166536756,31.29040778025515],[34.76526361877728,31.29041497742789],[34.76527197937902,31.288611210587252],[34.76317156712744,31.288604013923003]]]]}},{"type":"Feature","properties":{"X":34.76631470906546,"Y":31.28951401707576,"מספר_פוליגון":1605,"גיל0_4":null,"גיל5_9":null,"גיל10_18":null,"גיל19_30":null,"גיל31_44":null,"גיל45_64":null,"גיל65_75":null,"גיל76פלוס":null,"Shape_Length":800.0,"Shape_Area":40000.0},"geometry":{"type":"MultiPolygon","coordinates":[[[[34.76527197937902,31.288611210587252],[34.76526361877728,31.29041497742789],[34.76736407177007,31.29042214025796],[34.76737239238281,31.288618372911237],[34.76527197937902,31.288611210587252]]]]}},{"type":"Feature","properties":{"X":34.76841514239098,"Y":31.289521162417596,"מספר_פוליגון":1606,"גיל0_4":null,"גיל5_9":null,"גיל10_18":null,"גיל19_30":null,"גיל31_44":null,"גיל45_64":null,"גיל65_75":null,"גיל76פלוס":null,"Shape_Length":800.0000000055879,"Shape_Area":40000.00000055879},"geometry":{"type":"MultiPolygon","coordinates":[[[[34.76737239238281,31.288618372911237],[34.76736407177007,31.29042214025796],[34.76946452551159,31.290429268745324],[34.769472806135276,31.288625500894955],[34.76737239238281,31.288618372911237]]]]}},{"type":"Feature","properties":{"X":34.77051557646339,"Y":31.289528273417908,"מספר_פוליגון":1607,"גיל0_4":null,"גיל5_9":null,"גיל10_18":null,"גיל19_30":null,"גיל31_44":null,"גיל45_64":null,"גיל65_75":null,"גיל76פלוס":null,"Shape_Length":800.0000000018626,"Shape_Area":40000.000000186265},"geometry":{"type":"MultiPolygon","coordinates":[[[[34.769472806135276,31.288625500894955],[34.76946452551159,31.290429268745324],[34.771564979998175,31.290436362889917],[34.771573220632774,31.288632594538306],[34.769472806135276,31.288625500894955]]]]}},{"type":"Feature","properties":{"X":34.77261601127907,"Y":31.289535350076655,"מספר_פוליגון":1608,"גיל0_4":null,"גיל5_9":null,"גיל10_18":null,"גיל19_30":null,"גיל31_44":null,"גיל45_64":null,"גיל65_75":null,"גיל76פלוס":null,"Shape_Length":800.0000000055879,"Shape_Area":40000.00000055879},"geometry":{"type":"MultiPolygon","coordinates":[[[[34.771573220632774,31.288632594538306],[34.771564979998175,31.290436362889917],[34.773665435226306,31.290443422691723],[34.77367363587171,31.288639653841294],[34.771573220632774,31.288632594538306]]]]}},{"type":"Feature","properties":{"X":34.77471644683443,"Y":31.289542392393788,"מספר_פוליגון":1609,"גיל0_4":null,"גיל5_9":null,"גיל10_18":null,"גיל19_30":null,"גיל31_44":null,"גיל45_64":null,"גיל65_75":null,"גיל76פלוס":null,"Shape_Length":800.0000000018626,"Shape_Area":40000.000000186265},"geometry":{"type":"MultiPolygon","coordinates":[[[[34.77367363587171,31.288639653841294],[34.773665435226306,31.290443422691723],[34.775765891192314,31.29045044815067],[34.7757740518485,31.288646678803843],[34.77367363587171,31.288639653841294]]]]}},{"type":"Feature","properties":{"X":34.77681688312588,"Y":31.28954940036927,"מספר_פוליגון":1610,"גיל0_4":null,"גיל5_9":null,"גיל10_18":null,"גיל19_30":null,"גיל31_44":null,"גיל45_64":null,"גיל65_75":null,"גיל76פלוס":null,"Shape_Length":800.0000000055879,"Shape_Area":40000.00000055879},"geometry":{"type":"MultiPolygon","coordinates":[[[[34.7757740518485,31.288646678803843],[34.775765891192314,31.29045044815067],[34.777866347892676,31.29045743926672],[34.777874468559574,31.28865366942594],[34.7757740518485,31.288646678803843]]]]}},{"type":"Feature","properties":{"X":34.77891732014984,"Y":31.289556374003062,"מספר_פוליגון":1611,"גיל0_4":null,"גיל5_9":null,"גיל10_18":null,"גיל19_30":null,"גיל31_44":null,"גיל45_64":null,"גיל65_75":null,"גיל76פלוס":null,"Shape_Length":800.0000000055879,"Shape_Area":40000.00000055879},"geometry":{"type":"MultiPolygon","coordinates":[[[[34.777874468559574,31.28865366942594],[34.777866347892676,31.29045743926672],[34.77996680532375,31.290464396039873],[34.779974886001305,31.288660625707546],[34.777874468559574,31.28865366942594]]]]}},{"type":"Feature","properties":{"X":34.78101775790268,"Y":31.28956331329512,"מספר_פוליגון":1612,"גיל0_4":null,"גיל5_9":null,"גיל10_18":null,"גיל19_30":null,"גיל31_44":null,"גיל45_64":null,"גיל65_75":null,"גיל76פלוס":null,"Shape_Length":800.0,"Shape_Area":40000.0},"geometry":{"type":"MultiPolygon","coordinates":[[[[34.779974886001305,31.288660625707546],[34.77996680532375,31.290464396039873],[34.782067263481935,31.29047131847004],[34.78207530417008,31.288667547648576],[34.779974886001305,31.288660625707546]]]]}},{"type":"Feature","properties":{"X":34.78311819638083,"Y":31.289570218245405,"מספר_פוליגון":1613,"גיל0_4":null,"גיל5_9":null,"גיל10_18":null,"גיל19_30":null,"גיל31_44":null,"גיל45_64":null,"גיל65_75":null,"גיל76פלוס":null,"Shape_Length":800.0000000055879,"Shape_Area":40000.00000055879},"geometry":{"type":"MultiPolygon","coordinates":[[[[34.78207530417008,31.288667547648576],[34.782067263481935,31.29047131847004],[34.784167722363684,31.290478206557193],[34.78417572306237,31.288674435249035],[34.78207530417008,31.288667547648576]]]]}},{"type":"Feature","properties":{"X":34.7852186355807,"Y":31.28957708885386,"מספר_פוליגון":1614,"גיל0_4":null,"גיל5_9":null,"גיל10_18":null,"גיל19_30":null,"גיל31_44":null,"גיל45_64":null,"גיל65_75":null,"גיל76פלוס":null,"Shape_Length":800.0000000018626,"Shape_Area":40000.000000186265},"geometry":{"type":"MultiPolygon","coordinates":[[[[34.78417572306237,31.288674435249035],[34.784167722363684,31.290478206557193],[34.78626818196534,31.290485060301258],[34.786276142674524,31.28868128850886],[34.78417572306237,31.288674435249035]]]]}},{"type":"Feature","properties":{"X":34.78731907549869,"Y":31.289583925120454,"מספר_פוליגון":1615,"גיל0_4":null,"גיל5_9":null,"גיל10_18":null,"גיל19_30":null,"גיל31_44":null,"גיל45_64":null,"גיל65_75":null,"גיל76פלוס":null,"Shape_Length":800.0000000055879,"Shape_Area":40000.00000055879},"geometry":{"type":"MultiPolygon","coordinates":[[[[34.786276142674524,31.28868128850886],[34.78626818196534,31.290485060301258],[34.78836864228338,31.290491879702273],[34.78837656300299,31.288688107428015],[34.786276142674524,31.28868128850886]]]]}},{"type":"Feature","properties":{"X":34.78941951613119,"Y":31.28959072704516,"מספר_פוליגון":1616,"גיל0_4":null,"גיל5_9":null,"גיל10_18":null,"גיל19_30":null,"גיל31_44":null,"גיל45_64":null,"גיל65_75":null,"גיל76פלוס":null,"Shape_Length":800.0000000018626,"Shape_Area":40000.000000186265},"geometry":{"type":"MultiPolygon","coordinates":[[[[34.78837656300299,31.288688107428015],[34.78836864228338,31.290491879702273],[34.790469103314145,31.29049866476015],[34.79047698404412,31.288694892006454],[34.78837656300299,31.288688107428015]]]]}},{"type":"Feature","properties":{"X":34.79151995747463,"Y":31.289597494627916,"מספר_פוליגון":1617,"גיל0_4":null,"גיל5_9":null,"גיל10_18":null,"גיל19_30":null,"גיל31_44":null,"גיל45_64":null,"גיל65_75":null,"גיל76פלוס":null,"Shape_Length":800.0000000055879,"Shape_Area":40000.00000055879},"geometry":{"type":"MultiPolygon","coordinates":[[[[34.79047698404412,31.288694892006454],[34.790469103314145,31.29049866476015],[34.7925695650541,31.29050541547484],[34.79257740579439,31.288701642244124],[34.79047698404412,31.288694892006454]]]]}},{"type":"Feature","properties":{"X":34.793620399525416,"Y":31.28960422786869,"מספר_פוליגון":1618,"גיל0_4":null,"גיל5_9":null,"גיל10_18":null,"גיל19_30":null,"גיל31_44":null,"גיל45_64":null,"גיל65_75":null,"גיל76פלוס":null,"Shape_Length":800.0000000055879,"Shape_Area":40000.00000055879},"geometry":{"type":"MultiPolygon","coordinates":[[[[34.79257740579439,31.288701642244124],[34.7925695650541,31.29050541547484],[34.79467002749962,31.290512131846313],[34.794677828250165,31.288708358141022],[34.79257740579439,31.288701642244124]]]]}},{"type":"Feature","properties":{"X":34.79572084227993,"Y":31.289610926767452,"מספר_פוליגון":1619,"גיל0_4":null,"גיל5_9":null,"גיל10_18":null,"גיל19_30":null,"גיל31_44":null,"גיל45_64":null,"גיל65_75":null,"גיל76פלוס":null,"Shape_Length":800.0,"Shape_Area":40000.0},"geometry":{"type":"MultiPolygon","coordinates":[[[[34.794677828250165,31.288708358141022],[34.79467002749962,31.290512131846313],[34.79677049064708,31.29051881387453],[34.796778251407815,31.288715039697077],[34.794677828250165,31.288708358141022]]]]}},{"type":"Feature","properties":{"X":34.797821285734585,"Y":31.289617591324145,"מספר_פוליגון":1620,"גיל0_4":null,"גיל5_9":null,"גיל10_18":null,"גיל19_30":null,"גיל31_44":null,"גיל45_64":null,"גיל65_75":null,"גיל76פלוס":null,"Shape_Length":800.0000000055879,"Shape_Area":40000.00000055879},"geometry":{"type":"MultiPolygon","coordinates":[[[[34.796778251407815,31.288715039697077],[34.79677049064708,31.29051881387453],[34.798870954492926,31.290525461559444],[34.798878675263836,31.288721686912268],[34.796778251407815,31.288715039697077]]]]}},{"type":"Feature","properties":{"X":34.7999217298858,"Y":31.28962422153874,"מספר_פוליגון":1621,"גיל0_4":null,"גיל5_9":null,"גיל10_18":null,"גיל19_30":null,"גיל31_44":null,"גיל45_64":null,"גיל65_75":null,"גיל76פלוס":null,"Shape_Length":800.0000000018626,"Shape_Area":40000.000000186265},"geometry":{"type":"MultiPolygon","coordinates":[[[[34.798878675263836,31.288721686912268],[34.798870954492926,31.290525461559444],[34.80097141903356,31.290532074901044],[34.80097909981456,31.28872829978654],[34.798878675263836,31.288721686912268]]]]}},{"type":"Feature","properties":{"X":34.802022174729984,"Y":31.28963081741119,"מספר_פוליגון":1622,"גיל0_4":null,"גיל5_9":null,"גיל10_18":null,"גיל19_30":null,"גיל31_44":null,"גיל45_64":null,"גיל65_75":null,"גיל76פלוס":null,"Shape_Length":800.0000000055879,"Shape_Area":40000.00000055879},"geometry":{"type":"MultiPolygon","coordinates":[[[[34.80097909981456,31.28872829978654],[34.80097141903356,31.290532074901044],[34.803071884265385,31.29053865389924],[34.803079525056425,31.28873487831985],[34.80097909981456,31.28872829978654]]]]}},{"type":"Feature","properties":{"X":34.80412262026353,"Y":31.289637378941457,"מספר_פוליגון":1623,"גיל0_4":null,"גיל5_9":null,"גיל10_18":null,"גיל19_30":null,"גיל31_44":null,"גיל45_64":null,"גיל65_75":null,"גיל76פלוס":null,"Shape_Length":800.0000000018626,"Shape_Area":40000.000000186265},"geometry":{"type":"MultiPolygon","coordinates":[[[[34.803079525056425,31.28873487831985],[34.803071884265385,31.29053865389924],[34.805172350184804,31.290545198554025],[34.80517995098581,31.288741422512178],[34.803079525056425,31.28873487831985]]]]}},{"type":"Feature","properties":{"X":34.80622306648284,"Y":31.28964390612951,"מספר_פוליגון":1624,"גיל0_4":7.0,"גיל5_9":4.0,"גיל10_18":4.0,"גיל19_30":null,"גיל31_44":11.0,"גיל45_64":6.0,"גיל65_75":null,"גיל76פלוס":null,"Shape_Length":800.0000000055879,"Shape_Area":40000.00000055879},"geometry":{"type":"MultiPolygon","coordinates":[[[[34.80517995098581,31.288741422512178],[34.805172350184804,31.290545198554025],[34.80727281678823,31.290551708865372],[34.80728037759918,31.288747932363474],[34.80517995098581,31.288741422512178]]]]}},{"type":"Feature","properties":{"X":34.80832351338435,"Y":31.2896503989753,"מספר_פוליגון":1625,"גיל0_4":null,"גיל5_9":null,"גיל10_18":null,"גיל19_30":null,"גיל31_44":null,"גיל45_64":null,"גיל65_75":null,"גיל76פלוס":null,"Shape_Length":800.0000000055879,"Shape_Area":40000.00000055879},"geometry":{"type":"MultiPolygon","coordinates":[[[[34.80728037759918,31.288747932363474],[34.80727281678823,31.290551708865372],[34.80937328407205,31.290558184833216],[34.80938080489289,31.288754407873693],[34.80728037759918,31.288747932363474]]]]}},{"type":"Feature","properties":{"X":34.81042396096443,"Y":31.289656857478793,"מספר_פוליגון":1626,"גיל0_4":null,"גיל5_9":null,"גיל10_18":null,"גיל19_30":null,"גיל31_44":null,"גיל45_64":null,"גיל65_75":null,"גיל76פלוס":null,"Shape_Length":800.0,"Shape_Area":40000.0},"geometry":{"type":"MultiPolygon","coordinates":[[[[34.80938080489289,31.288754407873693],[34.80937328407205,31.290558184833216],[34.81147375203267,31.290564626457538],[34.81148123286332,31.288760849042802],[34.80938080489289,31.288754407873693]]]]}},{"type":"Feature","properties":{"X":34.812524409219485,"Y":31.289663281639935,"מספר_פוליגון":1627,"גיל0_4":null,"גיל5_9":null,"גיל10_18":null,"גיל19_30":null,"גיל31_44":null,"גיל45_64":null,"גיל65_75":null,"גיל76פלוס":null,"Shape_Length":800.0000000055879,"Shape_Area":40000.00000055879},"geometry":{"type":"MultiPolygon","coordinates":[[[[34.81148123286332,31.288760849042802],[34.81147375203267,31.290564626457538],[34.81357422066653,31.290571033738267],[34.81358166150696,31.288767255870773],[34.81148123286332,31.288760849042802]]]]}},{"type":"Feature","properties":{"X":34.81462485814594,"Y":31.28966967145871,"מספר_פוליגון":1628,"גיל0_4":null,"גיל5_9":null,"גיל10_18":null,"גיל19_30":null,"גיל31_44":null,"גיל45_64":null,"גיל65_75":null,"גיל76פלוס":null,"Shape_Length":800.0000000018626,"Shape_Area":40000.000000186265},"geometry":{"type":"MultiPolygon","coordinates":[[[[34.81358166150696,31.288767255870773],[34.81357422066653,31.290571033738267],[34.81567468997001,31.2905774066754],[34.81568209082015,31.288773628357568],[34.81358166150696,31.288767255870773]]]]}},{"type":"Feature","properties":{"X":34.81672530774021,"Y":31.28967602693508,"מספר_פוליגון":1629,"גיל0_4":null,"גיל5_9":null,"גיל10_18":null,"גיל19_30":null,"גיל31_44":null,"גיל45_64":null,"גיל65_75":null,"גיל76פלוס":null,"Shape_Length":800.0000000055879,"Shape_Area":40000.00000055879},"geometry":{"type":"MultiPolygon","coordinates":[[[[34.81568209082015,31.288773628357568],[34.81567468997001,31.2905774066754],[34.81777515993951,31.290583745268886],[34.817782520799305,31.288779966503114],[34.81568209082015,31.288773628357568]]]]}},{"type":"Feature","properties":{"X":34.81882575799867,"Y":31.289682348068997,"מספר_פוליגון":1630,"גיל0_4":null,"גיל5_9":null,"גיל10_18":null,"גיל19_30":null,"גיל31_44":null,"גיל45_64":null,"גיל65_75":null,"גיל76פלוס":null,"Shape_Length":800.0,"Shape_Area":40000.0},"geometry":{"type":"MultiPolygon","coordinates":[[[[34.817782520799305,31.288779966503114],[34.81777515993951,31.290583745268886],[34.819875630571424,31.290590049518666],[34.819882951440846,31.2887862703074],[34.817782520799305,31.288779966503114]]]]}},{"type":"Feature","properties":{"X":34.82092620891774,"Y":31.289688634860426,"מספר_פוליגון":1631,"גיל0_4":null,"גיל5_9":null,"גיל10_18":null,"גיל19_30":null,"גיל31_44":null,"גיל45_64":null,"גיל65_75":null,"גיל76פלוס":null,"Shape_Length":800.0000000055879,"Shape_Area":40000.00000055879},"geometry":{"type":"MultiPolygon","coordinates":[[[[34.819882951440846,31.2887862703074],[34.819875630571424,31.290590049518666],[34.82197610186222,31.290596319424743],[34.82198338274119,31.288792539770384],[34.819882951440846,31.2887862703074]]]]}},{"type":"Feature","properties":{"X":34.82302666049386,"Y":31.28969488730932,"מספר_פוליגון":1632,"גיל0_4":null,"גיל5_9":null,"גיל10_18":null,"גיל19_30":null,"גיל31_44":null,"גיל45_64":null,"גיל65_75":null,"גיל76פלוס":null,"Shape_Length":800.0000000074506,"Shape_Area":40000.00000074506},"geometry":{"type":"MultiPolygon","coordinates":[[[[34.82198338274119,31.288792539770384],[34.82197610186222,31.290596319424743],[34.824076573808235,31.290602554987053],[34.824083814696735,31.288798774892047],[34.82198338274119,31.288792539770384]]]]}},{"type":"Feature","properties":{"X":34.82512711272338,"Y":31.28970110541565,"מספר_פוליגון":1633,"גיל0_4":null,"גיל5_9":null,"גיל10_18":null,"גיל19_30":null,"גיל31_44":null,"גיל45_64":null,"גיל65_75":null,"גיל76פלוס":null,"Shape_Length":800.0,"Shape_Area":40000.0},"geometry":{"type":"MultiPolygon","coordinates":[[[[34.824083814696735,31.288798774892047],[34.824076573808235,31.290602554987053],[34.826177046405896,31.29060875620557],[34.82618424730386,31.288804975672328],[34.824083814696735,31.288798774892047]]]]}},{"type":"Feature","properties":{"X":34.82722756560273,"Y":31.28970728917938,"מספר_פוליגון":1634,"גיל0_4":null,"גיל5_9":null,"גיל10_18":null,"גיל19_30":null,"גיל31_44":null,"גיל45_64":null,"גיל65_75":null,"גיל76פלוס":null,"Shape_Length":800.0000000055879,"Shape_Area":40000.00000055879},"geometry":{"type":"MultiPolygon","coordinates":[[[[34.82618424730386,31.288804975672328],[34.826177046405896,31.29060875620557],[34.828277519651635,31.290614923080245],[34.82828468055899,31.28881114211119],[34.82618424730386,31.288804975672328]]]]}},{"type":"Feature","properties":{"X":34.74950260894808,"Y":31.291259380775575,"מספר_פוליגון":1635,"גיל0_4":null,"גיל5_9":null,"גיל10_18":null,"גיל19_30":null,"גיל31_44":null,"גיל45_64":null,"גיל65_75":null,"גיל76פלוס":null,"Shape_Length":799.9999999962747,"Shape_Area":39999.99999962747},"geometry":{"type":"MultiPolygon","coordinates":[[[[34.748460022219135,31.290356438454637],[34.74845134092655,31.292160200650144],[34.75055182779249,31.29216763874588],[34.750560469092974,31.290363876024895],[34.748460022219135,31.290356438454637]]]]}},{"type":"Feature","properties":{"X":34.7516030761596,"Y":31.291266801372306,"מספר_פוליגון":1636,"גיל0_4":null,"גיל5_9":null,"גיל10_18":null,"גיל19_30":null,"גיל31_44":null,"גיל45_64":null,"גיל65_75":null,"גיל76פלוס":null,"Shape_Length":800.0000000018626,"Shape_Area":40000.000000186265},"geometry":{"type":"MultiPolygon","coordinates":[[[[34.750560469092974,31.290363876024895],[34.75055182779249,31.29216763874588],[34.75265231543598,31.29217504249683],[34.75266091674429,31.29037127925279],[34.750560469092974,31.290363876024895]]]]}},{"type":"Feature","properties":{"X":34.75370354414681,"Y":31.29127418762545,"מספר_פוליגון":1637,"גיל0_4":null,"גיל5_9":null,"גיל10_18":null,"גיל19_30":null,"גיל31_44":null,"גיל45_64":null,"גיל65_75":null,"גיל76פלוס":null,"Shape_Length":800.0000000018626,"Shape_Area":40000.000000186265},"geometry":{"type":"MultiPolygon","coordinates":[[[[34.75266091674429,31.29037127925279],[34.75265231543598,31.29217504249683],[34.754752803853386,31.292182411902953],[34.75476136516946,31.29037864813826],[34.75266091674429,31.29037127925279]]]]}},{"type":"Feature","properties":{"X":34.7558040129061,"Y":31.291281539534953,"מספר_פוליגון":1638,"גיל0_4":null,"גיל5_9":null,"גיל10_18":null,"גיל19_30":null,"גיל31_44":null,"גיל45_64":null,"גיל65_75":null,"גיל76פלוס":null,"Shape_Length":799.9999999981374,"Shape_Area":39999.999999813735},"geometry":{"type":"MultiPolygon","coordinates":[[[[34.75476136516946,31.29037864813826],[34.754752803853386,31.292182411902953],[34.756853293041075,31.292189746964194],[34.75686181436487,31.29038598268127],[34.75476136516946,31.29037864813826]]]]}},{"type":"Feature","properties":{"X":34.757904482433894,"Y":31.291288857100763,"מספר_פוליגון":1639,"גיל0_4":null,"גיל5_9":null,"גיל10_18":null,"גיל19_30":null,"גיל31_44":null,"גיל45_64":null,"גיל65_75":null,"גיל76פלוס":null,"Shape_Length":800.0000000018626,"Shape_Area":40000.000000186265},"geometry":{"type":"MultiPolygon","coordinates":[[[[34.75686181436487,31.29038598268127],[34.756853293041075,31.292189746964194],[34.75895378299553,31.29219704768049],[34.75896226432696,31.290393282881787],[34.75686181436487,31.29038598268127]]]]}},{"type":"Feature","properties":{"X":34.760004952726575,"Y":31.291296140322842,"מספר_פוליגון":1640,"גיל0_4":null,"גיל5_9":null,"גיל10_18":null,"גיל19_30":null,"גיל31_44":null,"גיל45_64":null,"גיל65_75":null,"גיל76פלוס":null,"Shape_Length":799.9999999981374,"Shape_Area":39999.999999813735},"geometry":{"type":"MultiPolygon","coordinates":[[[[34.75896226432696,31.290393282881787],[34.75895378299553,31.29219704768049],[34.761054273713086,31.292204314051837],[34.76106271505211,31.29040054873976],[34.75896226432696,31.290393282881787]]]]}},{"type":"Feature","properties":{"X":34.76210542378057,"Y":31.29130338920114,"מספר_פוליגון":1641,"גיל0_4":null,"גיל5_9":null,"גיל10_18":null,"גיל19_30":null,"גיל31_44":null,"גיל45_64":null,"גיל65_75":null,"גיל76פלוס":null,"Shape_Length":800.0000000018626,"Shape_Area":40000.000000186265},"geometry":{"type":"MultiPolygon","coordinates":[[[[34.76106271505211,31.29040054873976],[34.761054273713086,31.292204314051837],[34.763154765190194,31.292211546078157],[34.763163166536756,31.29040778025515],[34.76106271505211,31.29040054873976]]]]}},{"type":"Feature","properties":{"X":34.76420589559229,"Y":31.29131060373562,"מספר_פוליגון":1642,"גיל0_4":null,"גיל5_9":null,"גיל10_18":null,"גיל19_30":null,"גיל31_44":null,"גיל45_64":null,"גיל65_75":null,"גיל76פלוס":null,"Shape_Length":800.0000000018626,"Shape_Area":40000.000000186265},"geometry":{"type":"MultiPolygon","coordinates":[[[[34.763163166536756,31.29040778025515],[34.763154765190194,31.292211546078157],[34.76525525742325,31.29221874375944],[34.76526361877728,31.29041497742789],[34.763163166536756,31.29040778025515]]]]}},{"type":"Feature","properties":{"X":34.76630636815811,"Y":31.29131778392625,"מספר_פוליגון":1643,"גיל0_4":null,"גיל5_9":null,"גיל10_18":null,"גיל19_30":null,"גיל31_44":null,"גיל45_64":null,"גיל65_75":null,"גיל76פלוס":null,"Shape_Length":799.9999999962747,"Shape_Area":39999.99999962747},"geometry":{"type":"MultiPolygon","coordinates":[[[[34.76526361877728,31.29041497742789],[34.76525525742325,31.29221874375944],[34.76735575040863,31.292225907095613],[34.76736407177007,31.29042214025796],[34.76526361877728,31.29041497742789]]]]}},{"type":"Feature","properties":{"X":34.76840684147446,"Y":31.291324929772973,"מספר_פוליגון":1644,"גיל0_4":null,"גיל5_9":null,"גיל10_18":null,"גיל19_30":null,"גיל31_44":null,"גיל45_64":null,"גיל65_75":null,"גיל76פלוס":null,"Shape_Length":800.0000000018626,"Shape_Area":40000.000000186265},"geometry":{"type":"MultiPolygon","coordinates":[[[[34.76736407177007,31.29042214025796],[34.76735575040863,31.292225907095613],[34.76945624414279,31.292233036086657],[34.76946452551159,31.290429268745324],[34.76736407177007,31.29042214025796]]]]}},{"type":"Feature","properties":{"X":34.770507315537735,"Y":31.291332041275744,"מספר_פוליגון":1645,"גיל0_4":null,"גיל5_9":null,"גיל10_18":null,"גיל19_30":null,"גיל31_44":null,"גיל45_64":null,"גיל65_75":null,"גיל76פלוס":null,"Shape_Length":799.9999999981374,"Shape_Area":39999.999999813735},"geometry":{"type":"MultiPolygon","coordinates":[[[[34.76946452551159,31.290429268745324],[34.76945624414279,31.292233036086657],[34.77155673862209,31.292240130732505],[34.771564979998175,31.290436362889917],[34.76946452551159,31.290429268745324]]]]}},{"type":"Feature","properties":{"X":34.77260779034435,"Y":31.291339118434514,"מספר_פוליגון":1646,"גיל0_4":null,"גיל5_9":null,"גיל10_18":null,"גיל19_30":null,"גיל31_44":null,"גיל45_64":null,"גיל65_75":null,"גיל76פלוס":null,"Shape_Length":800.0000000018626,"Shape_Area":40000.000000186265},"geometry":{"type":"MultiPolygon","coordinates":[[[[34.771564979998175,31.290436362889917],[34.77155673862209,31.292240130732505],[34.77365723384298,31.29224719103312],[34.773665435226306,31.290443422691723],[34.771564979998175,31.290436362889917]]]]}},{"type":"Feature","properties":{"X":34.77470826589071,"Y":31.291346161249262,"מספר_פוליגון":1647,"גיל0_4":null,"גיל5_9":null,"גיל10_18":null,"גיל19_30":null,"גיל31_44":null,"גיל45_64":null,"גיל65_75":null,"גיל76פלוס":null,"Shape_Length":799.9999999981374,"Shape_Area":39999.999999813735},"geometry":{"type":"MultiPolygon","coordinates":[[[[34.773665435226306,31.290443422691723],[34.77365723384298,31.29224719103312],[34.775757729801825,31.292254216988486],[34.775765891192314,31.29045044815067],[34.773665435226306,31.290443422691723]]]]}},{"type":"Feature","properties":{"X":34.77680874217321,"Y":31.29135316971994,"מספר_פוליגון":1648,"גיל0_4":null,"גיל5_9":null,"גיל10_18":null,"גיל19_30":null,"גיל31_44":null,"גיל45_64":null,"גיל65_75":null,"גיל76פלוס":null,"Shape_Length":800.0000000018626,"Shape_Area":40000.000000186265},"geometry":{"type":"MultiPolygon","coordinates":[[[[34.775765891192314,31.29045044815067],[34.775757729801825,31.292254216988486],[34.77785822649506,31.29226120859854],[34.777866347892676,31.29045743926672],[34.775765891192314,31.29045044815067]]]]}},{"type":"Feature","properties":{"X":34.77890921918827,"Y":31.2913601438465,"מספר_פוליגון":1649,"גיל0_4":null,"גיל5_9":null,"גיל10_18":null,"גיל19_30":null,"גיל31_44":null,"גיל45_64":null,"גיל65_75":null,"גיל76פלוס":null,"Shape_Length":800.0000000018626,"Shape_Area":40000.000000186265},"geometry":{"type":"MultiPolygon","coordinates":[[[[34.777866347892676,31.29045743926672],[34.77785822649506,31.29226120859854],[34.77995872391907,31.292268165863216],[34.77996680532375,31.290464396039873],[34.777866347892676,31.29045743926672]]]]}},{"type":"Feature","properties":{"X":34.78100969693227,"Y":31.291367083628895,"מספר_פוליגון":1650,"גיל0_4":null,"גיל5_9":null,"גיל10_18":null,"גיל19_30":null,"גיל31_44":null,"גיל45_64":null,"גיל65_75":null,"גיל76פלוס":null,"Shape_Length":799.9999999962747,"Shape_Area":39999.99999962747},"geometry":{"type":"MultiPolygon","coordinates":[[[[34.77996680532375,31.290464396039873],[34.77995872391907,31.292268165863216],[34.78205922207025,31.292275088782525],[34.782067263481935,31.29047131847004],[34.77996680532375,31.290464396039873]]]]}},{"type":"Feature","properties":{"X":34.78311017540165,"Y":31.291373989067104,"מספר_פוליגון":1651,"גיל0_4":null,"גיל5_9":null,"גיל10_18":null,"גיל19_30":null,"גיל31_44":null,"גיל45_64":null,"גיל65_75":null,"גיל76פלוס":null,"Shape_Length":800.0000000018626,"Shape_Area":40000.000000186265},"geometry":{"type":"MultiPolygon","coordinates":[[[[34.782067263481935,31.29047131847004],[34.78205922207025,31.292275088782525],[34.78415972094505,31.292281977356392],[34.784167722363684,31.290478206557193],[34.782067263481935,31.29047131847004]]]]}},{"type":"Feature","properties":{"X":34.7852106545928,"Y":31.291380860161055,"מספר_פוליגון":1652,"גיל0_4":null,"גיל5_9":null,"גיל10_18":null,"גיל19_30":null,"גיל31_44":null,"גיל45_64":null,"גיל65_75":null,"גיל76פלוס":null,"Shape_Length":799.9999999981374,"Shape_Area":39999.999999813735},"geometry":{"type":"MultiPolygon","coordinates":[[[[34.784167722363684,31.290478206557193],[34.78415972094505,31.292281977356392],[34.78626022053983,31.29228883158478],[34.78626818196534,31.290485060301258],[34.784167722363684,31.290478206557193]]]]}},{"type":"Feature","properties":{"X":34.78731113450212,"Y":31.29138769691073,"מספר_פוליגון":1653,"גיל0_4":null,"גיל5_9":null,"גיל10_18":null,"גיל19_30":null,"גיל31_44":null,"גיל45_64":null,"גיל65_75":null,"גיל76פלוס":null,"Shape_Length":800.0000000018626,"Shape_Area":40000.000000186265},"geometry":{"type":"MultiPolygon","coordinates":[[[[34.78626818196534,31.290485060301258],[34.78626022053983,31.29228883158478],[34.788360720851024,31.292295651467658],[34.78836864228338,31.290491879702273],[34.78626818196534,31.290485060301258]]]]}},{"type":"Feature","properties":{"X":34.78941161512602,"Y":31.29139449931608,"מספר_פוליגון":1654,"גיל0_4":null,"גיל5_9":null,"גיל10_18":null,"גיל19_30":null,"גיל31_44":null,"גיל45_64":null,"גיל65_75":null,"גיל76פלוס":null,"Shape_Length":799.9999999981374,"Shape_Area":39999.999999813735},"geometry":{"type":"MultiPolygon","coordinates":[[[[34.78836864228338,31.290491879702273],[34.788360720851024,31.292295651467658],[34.790461221875034,31.29230243700497],[34.790469103314145,31.29049866476015],[34.78836864228338,31.290491879702273]]]]}},{"type":"Feature","properties":{"X":34.79151209646091,"Y":31.291401267377065,"מספר_פוליגון":1655,"גיל0_4":null,"גיל5_9":null,"גיל10_18":null,"גיל19_30":null,"גיל31_44":null,"גיל45_64":null,"גיל65_75":null,"גיל76פלוס":null,"Shape_Length":800.0000000018626,"Shape_Area":40000.000000186265},"geometry":{"type":"MultiPolygon","coordinates":[[[[34.790469103314145,31.29049866476015],[34.790461221875034,31.29230243700497],[34.79256172360826,31.292309188196686],[34.7925695650541,31.29050541547484],[34.790469103314145,31.29049866476015]]]]}},{"type":"Feature","properties":{"X":34.7936125785032,"Y":31.29140800109365,"מספר_פוליגון":1656,"גיל0_4":null,"גיל5_9":null,"גיל10_18":null,"גיל19_30":null,"גיל31_44":null,"גיל45_64":null,"גיל65_75":null,"גיל76פלוס":null,"Shape_Length":800.0000000018626,"Shape_Area":40000.000000186265},"geometry":{"type":"MultiPolygon","coordinates":[[[[34.7925695650541,31.29050541547484],[34.79256172360826,31.292309188196686],[34.7946622260471,31.292315905042756],[34.79467002749962,31.290512131846313],[34.7925695650541,31.29050541547484]]]]}},{"type":"Feature","properties":{"X":34.79571306124927,"Y":31.29141470046579,"מספר_פוליגון":1657,"גיל0_4":null,"גיל5_9":null,"גיל10_18":null,"גיל19_30":null,"גיל31_44":null,"גיל45_64":null,"גיל65_75":null,"גיל76פלוס":null,"Shape_Length":799.9999999962747,"Shape_Area":39999.99999962747},"geometry":{"type":"MultiPolygon","coordinates":[[[[34.79467002749962,31.290512131846313],[34.7946622260471,31.292315905042756],[34.79676272918795,31.292322587543143],[34.79677049064708,31.29051881387453],[34.79467002749962,31.290512131846313]]]]}},{"type":"Feature","properties":{"X":34.79781354469554,"Y":31.29142136549344,"מספר_פוליגון":1658,"גיל0_4":null,"גיל5_9":null,"גיל10_18":null,"גיל19_30":null,"גיל31_44":null,"גיל45_64":null,"גיל65_75":null,"גיל76פלוס":null,"Shape_Length":800.0000000018626,"Shape_Area":40000.000000186265},"geometry":{"type":"MultiPolygon","coordinates":[[[[34.79677049064708,31.29051881387453],[34.79676272918795,31.292322587543143],[34.79886323302727,31.292329235697828],[34.798870954492926,31.290525461559444],[34.79677049064708,31.29051881387453]]]]}},{"type":"Feature","properties":{"X":34.79991402883844,"Y":31.291427996176576,"מספר_פוליגון":1659,"גיל0_4":null,"גיל5_9":null,"גיל10_18":null,"גיל19_30":null,"גיל31_44":null,"גיל45_64":null,"גיל65_75":null,"גיל76פלוס":null,"Shape_Length":799.9999999981374,"Shape_Area":39999.999999813735},"geometry":{"type":"MultiPolygon","coordinates":[[[[34.798870954492926,31.290525461559444],[34.79886323302727,31.292329235697828],[34.800963737561375,31.29233584950674],[34.80097141903356,31.290532074901044],[34.798870954492926,31.290525461559444]]]]}},{"type":"Feature","properties":{"X":34.802014513674344,"Y":31.291434592515138,"מספר_פוליגון":1660,"גיל0_4":null,"גיל5_9":null,"גיל10_18":null,"גיל19_30":null,"גיל31_44":null,"גיל45_64":null,"גיל65_75":null,"גיל76פלוס":null,"Shape_Length":800.0000000018626,"Shape_Area":40000.000000186265},"geometry":{"type":"MultiPolygon","coordinates":[[[[34.80097141903356,31.290532074901044],[34.800963737561375,31.29233584950674],[34.80306424278676,31.292342428969857],[34.803071884265385,31.29053865389924],[34.80097141903356,31.290532074901044]]]]}},{"type":"Feature","properties":{"X":34.804114999199655,"Y":31.29144115450909,"מספר_פוליגון":1661,"גיל0_4":null,"גיל5_9":null,"גיל10_18":null,"גיל19_30":null,"גיל31_44":null,"גיל45_64":null,"גיל65_75":null,"גיל76פלוס":null,"Shape_Length":799.9999999981374,"Shape_Area":39999.999999813735},"geometry":{"type":"MultiPolygon","coordinates":[[[[34.803071884265385,31.29053865389924],[34.80306424278676,31.292342428969857],[34.80516474869978,31.29234897408713],[34.805172350184804,31.290545198554025],[34.803071884265385,31.29053865389924]]]]}},{"type":"Feature","properties":{"X":34.80621548541081,"Y":31.291447682158406,"מספר_פוליגון":1662,"גיל0_4":null,"גיל5_9":null,"גיל10_18":null,"גיל19_30":null,"גיל31_44":null,"גיל45_64":null,"גיל65_75":null,"גיל76פלוס":null,"Shape_Length":800.0000000018626,"Shape_Area":40000.000000186265},"geometry":{"type":"MultiPolygon","coordinates":[[[[34.805172350184804,31.290545198554025],[34.80516474869978,31.29234897408713],[34.80726525529687,31.292355484858533],[34.80727281678823,31.290551708865372],[34.805172350184804,31.290545198554025]]]]}},{"type":"Feature","properties":{"X":34.8083159723042,"Y":31.291454175463038,"מספר_פוליגון":1663,"גיל0_4":null,"גיל5_9":null,"גיל10_18":null,"גיל19_30":null,"גיל31_44":null,"גיל45_64":null,"גיל65_75":null,"גיל76פלוס":null,"Shape_Length":800.0000000018626,"Shape_Area":40000.000000186265},"geometry":{"type":"MultiPolygon","coordinates":[[[[34.80727281678823,31.290551708865372],[34.80726525529687,31.292355484858533],[34.809365762574416,31.292361961284012],[34.80937328407205,31.290558184833216],[34.80727281678823,31.290551708865372]]]]}},{"type":"Feature","properties":{"X":34.810416459876215,"Y":31.291460634422954,"מספר_פוליגון":1664,"גיל0_4":null,"גיל5_9":null,"גיל10_18":null,"גיל19_30":null,"גיל31_44":null,"גיל45_64":null,"גיל65_75":null,"גיל76פלוס":null,"Shape_Length":799.9999999962747,"Shape_Area":39999.99999962747},"geometry":{"type":"MultiPolygon","coordinates":[[[[34.80937328407205,31.290558184833216],[34.809365762574416,31.292361961284012],[34.811466270528804,31.29236840336353],[34.81147375203267,31.290564626457538],[34.80937328407205,31.290558184833216]]]]}},{"type":"Feature","properties":{"X":34.81251694812328,"Y":31.291467059038105,"מספר_פוליגון":1665,"גיל0_4":null,"גיל5_9":null,"גיל10_18":null,"גיל19_30":null,"גיל31_44":null,"גיל45_64":null,"גיל65_75":null,"גיל76פלוס":null,"Shape_Length":800.0000000018626,"Shape_Area":40000.000000186265},"geometry":{"type":"MultiPolygon","coordinates":[[[[34.81147375203267,31.290564626457538],[34.811466270528804,31.29236840336353],[34.81356677915649,31.29237481109706],[34.81357422066653,31.290571033738267],[34.81147375203267,31.290564626457538]]]]}},{"type":"Feature","properties":{"X":34.814617437041775,"Y":31.291473449308455,"מספר_פוליגון":1666,"גיל0_4":null,"גיל5_9":null,"גיל10_18":null,"גיל19_30":null,"גיל31_44":null,"גיל45_64":null,"גיל65_75":null,"גיל76פלוס":null,"Shape_Length":799.9999999981374,"Shape_Area":39999.999999813735},"geometry":{"type":"MultiPolygon","coordinates":[[[[34.81357422066653,31.290571033738267],[34.81356677915649,31.29237481109706],[34.815667288453824,31.29238118448457],[34.81567468997001,31.2905774066754],[34.81357422066653,31.290571033738267]]]]}},{"type":"Feature","properties":{"X":34.81671792662814,"Y":31.29147980523397,"מספר_פוליגון":1667,"גיל0_4":null,"גיל5_9":null,"גיל10_18":null,"גיל19_30":null,"גיל31_44":null,"גיל45_64":null,"גיל65_75":null,"גיל76פלוס":null,"Shape_Length":800.0000000018626,"Shape_Area":40000.000000186265},"geometry":{"type":"MultiPolygon","coordinates":[[[[34.81567468997001,31.2905774066754],[34.815667288453824,31.29238118448457],[34.817767798417265,31.292387523525985],[34.81777515993951,31.290583745268886],[34.81567468997001,31.2905774066754]]]]}},{"type":"Feature","properties":{"X":34.818818416878756,"Y":31.29148612681461,"מספר_פוליגון":1668,"גיל0_4":null,"גיל5_9":null,"גיל10_18":null,"גיל19_30":null,"גיל31_44":null,"גיל45_64":null,"גיל65_75":null,"גיל76פלוס":null,"Shape_Length":799.9999999962747,"Shape_Area":39999.99999962747},"geometry":{"type":"MultiPolygon","coordinates":[[[[34.81777515993951,31.290583745268886],[34.817767798417265,31.292387523525985],[34.819868309043144,31.29239382822132],[34.819875630571424,31.290590049518666],[34.81777515993951,31.290583745268886]]]]}},{"type":"Feature","properties":{"X":34.82091890779004,"Y":31.29149241405034,"מספר_פוליגון":1669,"גיל0_4":null,"גיל5_9":null,"גיל10_18":null,"גיל19_30":null,"גיל31_44":null,"גיל45_64":null,"גיל65_75":null,"גיל76פלוס":null,"Shape_Length":800.0000000018626,"Shape_Area":40000.000000186265},"geometry":{"type":"MultiPolygon","coordinates":[[[[34.819875630571424,31.290590049518666],[34.819868309043144,31.29239382822132],[34.82196882032797,31.292400098570482],[34.82197610186222,31.290596319424743],[34.819875630571424,31.290590049518666]]]]}},{"type":"Feature","properties":{"X":34.8230193993584,"Y":31.29149866694112,"מספר_פוליגון":1670,"גיל0_4":null,"גיל5_9":null,"גיל10_18":null,"גיל19_30":null,"גיל31_44":null,"גיל45_64":null,"גיל65_75":null,"גיל76פלוס":null,"Shape_Length":800.0000000037253,"Shape_Area":40000.00000037253},"geometry":{"type":"MultiPolygon","coordinates":[[[[34.82197610186222,31.290596319424743],[34.82196882032797,31.292400098570482],[34.824069332268095,31.29240633457347],[34.824076573808235,31.290602554987053],[34.82197610186222,31.290596319424743]]]]}},{"type":"Feature","properties":{"X":34.825119891580236,"Y":31.291504885486905,"מספר_פוליגון":1671,"גיל0_4":null,"גיל5_9":null,"גיל10_18":null,"גיל19_30":null,"גיל31_44":null,"גיל45_64":null,"גיל65_75":null,"גיל76פלוס":null,"Shape_Length":799.9999999962747,"Shape_Area":39999.99999962747},"geometry":{"type":"MultiPolygon","coordinates":[[[[34.824076573808235,31.290602554987053],[34.824069332268095,31.29240633457347],[34.82616984485988,31.292412536230245],[34.826177046405896,31.29060875620557],[34.824076573808235,31.290602554987053]]]]}},{"type":"Feature","properties":{"X":34.82722038445195,"Y":31.29151106968767,"מספר_פוליגון":1672,"גיל0_4":null,"גיל5_9":null,"גיל10_18":null,"גיל19_30":null,"גיל31_44":null,"גיל45_64":null,"גיל65_75":null,"גיל76פלוס":null,"Shape_Length":800.0000000018626,"Shape_Area":40000.000000186265},"geometry":{"type":"MultiPolygon","coordinates":[[[[34.826177046405896,31.29060875620557],[34.82616984485988,31.292412536230245],[34.8282703580998,31.292418703540744],[34.828277519651635,31.290614923080245],[34.826177046405896,31.29060875620557]]]]}}]}