{
"type": "FeatureCollection",
"name": "spatial_syntax_zones",
"crs": { "type": "name", "properties": { "name": "urn:ogc:def:crs:OGC:1.3:CRS84" } },
"features": [
{ "type": "Feature", "properties": { "cell_id": 605, "score_syntax": 14.573, "syntax_closeness_pct": 2.196, "syntax_betweenness_pct": 33.137, "segment_count": 1.0 }, "geometry": { "type": "Polygon", "coordinates": [ [ [ 34.720961582621584, 31.22136744316516 ], [ 34.720950107570879, 31.22362216114297 ], [ 34.718326406939745, 31.223612272569248 ], [ 34.718337944263254, 31.221357555465723 ], [ 34.720961582621584, 31.22136744316516 ] ] ] } },
{ "type": "Feature", "properties": { "cell_id": 695, "score_syntax": 15.04, "syntax_closeness_pct": 2.976, "syntax_betweenness_pct": 33.137, "segment_count": 1.0 }, "geometry": { "type": "Polygon", "coordinates": [ [ [ 34.723482461033512, 31.241669718349964 ], [ 34.723471036694498, 31.243924430040213 ], [ 34.720846774000989, 31.243914587157768 ], [ 34.720858260675939, 31.241659876337454 ], [ 34.723482461033512, 31.241669718349964 ] ] ] } },
{ "type": "Feature", "properties": { "cell_id": 842, "score_syntax": 14.381, "syntax_closeness_pct": 1.877, "syntax_betweenness_pct": 33.137, "segment_count": 1.0 }, "geometry": { "type": "Polygon", "coordinates": [ [ [ 34.728900208139017, 31.207868445048629 ], [ 34.728888927525318, 31.210123170390446 ], [ 34.726265596576013, 31.210113447534589 ], [ 34.72627693942092, 31.207858723052649 ], [ 34.728900208139017, 31.207868445048629 ] ] ] } },
{ "type": "Feature", "properties": { "cell_id": 881, "score_syntax": 70.365, "syntax_closeness_pct": 67.832, "syntax_betweenness_pct": 74.165, "segment_count": 1.0 }, "geometry": { "type": "Polygon", "coordinates": [ [ [ 34.728459322489421, 31.295802144110759 ], [ 34.728447992279236, 31.298056838429975 ], [ 34.725822228850596, 31.298047082007919 ], [ 34.725833621565279, 31.295792388550144 ], [ 34.728459322489421, 31.295802144110759 ] ] ] } },
{ "type": "Feature", "properties": { "cell_id": 931, "score_syntax": 14.452, "syntax_closeness_pct": 1.996, "syntax_betweenness_pct": 33.137, "segment_count": 1.0 }, "geometry": { "type": "Polygon", "coordinates": [ [ [ 34.731433695714834, 31.225915900877975 ], [ 34.731422467230281, 31.228170620715677 ], [ 34.728798636909247, 31.2281609445083 ], [ 34.728809927681091, 31.225906225526057 ], [ 34.731433695714834, 31.225915900877975 ] ] ] } },
{ "type": "Feature", "properties": { "cell_id": 932, "score_syntax": 14.515, "syntax_closeness_pct": 2.1, "syntax_betweenness_pct": 33.137, "segment_count": 1.0 }, "geometry": { "type": "Polygon", "coordinates": [ [ [ 34.731422467230281, 31.228170620715677 ], [ 34.731411237482398, 31.230425339758327 ], [ 34.728787344867079, 31.23041566269546 ], [ 34.728798636909247, 31.2281609445083 ], [ 34.731422467230281, 31.228170620715677 ] ] ] } },
{ "type": "Feature", "properties": { "cell_id": 1005, "score_syntax": 14.368, "syntax_closeness_pct": 1.855, "syntax_betweenness_pct": 33.137, "segment_count": 1.0 }, "geometry": { "type": "Polygon", "coordinates": [ [ [ 34.734135593224892, 31.210142455628798 ], [ 34.734124435818586, 31.212397181881435 ], [ 34.731501040099204, 31.212387565157389 ], [ 34.731512259743937, 31.210132839755225 ], [ 34.734135593224892, 31.210142455628798 ] ] ] } },
{ "type": "Feature", "properties": { "cell_id": 1021, "score_syntax": 14.702, "syntax_closeness_pct": 2.412, "syntax_betweenness_pct": 33.137, "segment_count": 2.0 }, "geometry": { "type": "Polygon", "coordinates": [ [ [ 34.733956923999486, 31.24621798027842 ], [ 34.73394574649096, 31.248472693810559 ], [ 34.731321354004734, 31.248463063473757 ], [ 34.731332593863691, 31.246208350792696 ], [ 34.733956923999486, 31.24621798027842 ] ] ] } },
{ "type": "Feature", "properties": { "cell_id": 1024, "score_syntax": 14.439, "syntax_closeness_pct": 1.974, "syntax_betweenness_pct": 33.137, "segment_count": 1.0 }, "geometry": { "type": "Polygon", "coordinates": [ [ [ 34.733923387701488, 31.252982118488898 ], [ 34.733912206420285, 31.255236829635024 ], [ 34.731287626840668, 31.255227196744702 ], [ 34.73129887049334, 31.252972486449782 ], [ 34.733923387701488, 31.252982118488898 ] ] ] } },
{ "type": "Feature", "properties": { "cell_id": 1025, "score_syntax": 14.684, "syntax_closeness_pct": 2.382, "syntax_betweenness_pct": 33.137, "segment_count": 1.0 }, "geometry": { "type": "Polygon", "coordinates": [ [ [ 34.733912206420285, 31.255236829635024 ], [ 34.733901023881266, 31.25749153998575 ], [ 34.731276381923152, 31.257481906244163 ], [ 34.731287626840668, 31.255227196744702 ], [ 34.733912206420285, 31.255236829635024 ] ] ] } },
{ "type": "Feature", "properties": { "cell_id": 1029, "score_syntax": 71.883, "syntax_closeness_pct": 69.464, "syntax_betweenness_pct": 75.512, "segment_count": 1.0 }, "geometry": { "type": "Polygon", "coordinates": [ [ [ 34.73386746871612, 31.264255666265161 ], [ 34.733856281144632, 31.266510373433949 ], [ 34.731231389602492, 31.266500736286936 ], [ 34.731242639580515, 31.264246029969563 ], [ 34.73386746871612, 31.264255666265161 ] ] ] } },
{ "type": "Feature", "properties": { "cell_id": 1032, "score_syntax": 14.751, "syntax_closeness_pct": 2.493, "syntax_betweenness_pct": 33.137, "segment_count": 1.0 }, "geometry": { "type": "Polygon", "coordinates": [ [ [ 34.733833902226223, 31.271019785384773 ], [ 34.733822710879068, 31.273274490166745 ], [ 34.7311976320753, 31.27326485046526 ], [ 34.731208885850002, 31.271010146534813 ], [ 34.733833902226223, 31.271019785384773 ] ] ] } },
{ "type": "Feature", "properties": { "cell_id": 1035, "score_syntax": 69.177, "syntax_closeness_pct": 69.423, "syntax_betweenness_pct": 68.808, "segment_count": 2.0 }, "geometry": { "type": "Polygon", "coordinates": [ [ [ 34.733800324408222, 31.277783897343653 ], [ 34.733789129284276, 31.28003859973855 ], [ 34.731163863155743, 31.28002895748223 ], [ 34.731175120728267, 31.277774255939004 ], [ 34.733800324408222, 31.277783897343653 ] ] ] } },
{ "type": "Feature", "properties": { "cell_id": 1036, "score_syntax": 43.109, "syntax_closeness_pct": 37.363, "syntax_betweenness_pct": 51.727, "segment_count": 2.0 }, "geometry": { "type": "Polygon", "coordinates": [ [ [ 34.733789129284276, 31.28003859973855 ], [ 34.733777932901162, 31.282293301337667 ], [ 34.731152604317003, 31.28228365822968 ], [ 34.731163863155743, 31.28002895748223 ], [ 34.733789129284276, 31.28003859973855 ] ] ] } },
{ "type": "Feature", "properties": { "cell_id": 1037, "score_syntax": 69.464, "syntax_closeness_pct": 67.98, "syntax_betweenness_pct": 71.69, "segment_count": 1.0 }, "geometry": { "type": "Polygon", "coordinates": [ [ [ 34.733777932901162, 31.282293301337667 ], [ 34.733766735258754, 31.284548002140991 ], [ 34.731141344211963, 31.284538358181269 ], [ 34.731152604317003, 31.28228365822968 ], [ 34.733777932901162, 31.282293301337667 ] ] ] } },
{ "type": "Feature", "properties": { "cell_id": 1048, "score_syntax": 69.691, "syntax_closeness_pct": 67.772, "syntax_betweenness_pct": 72.57, "segment_count": 1.0 }, "geometry": { "type": "Polygon", "coordinates": [ [ [ 34.733654689546, 31.30709496639837 ], [ 34.733643478043135, 31.309349658445822 ], [ 34.731017399443957, 31.309340005114468 ], [ 34.731028673486726, 31.307085313919195 ], [ 34.733654689546, 31.30709496639837 ] ] ] } },
{ "type": "Feature", "properties": { "cell_id": 1100, "score_syntax": 14.568, "syntax_closeness_pct": 2.189, "syntax_betweenness_pct": 33.137, "segment_count": 1.0 }, "geometry": { "type": "Polygon", "coordinates": [ [ [ 34.736603481957658, 31.24171812505454 ], [ 34.736592369300212, 31.243972841023499 ], [ 34.733968100250685, 31.243963265950999 ], [ 34.733979275244693, 31.241708550828331 ], [ 34.736603481957658, 31.24171812505454 ] ] ] } },
{ "type": "Feature", "properties": { "cell_id": 1104, "score_syntax": 15.156, "syntax_closeness_pct": 3.169, "syntax_betweenness_pct": 33.137, "segment_count": 1.0 }, "geometry": { "type": "Polygon", "coordinates": [ [ [ 34.73655902382626, 31.250736984159008 ], [ 34.736547906167338, 31.252991696946943 ], [ 34.733923387701488, 31.252982118488898 ], [ 34.733934567725015, 31.250727406547412 ], [ 34.73655902382626, 31.250736984159008 ] ] ] } },
{ "type": "Feature", "properties": { "cell_id": 1106, "score_syntax": 14.76, "syntax_closeness_pct": 2.508, "syntax_betweenness_pct": 33.137, "segment_count": 1.0 }, "geometry": { "type": "Polygon", "coordinates": [ [ [ 34.736536787257727, 31.255246408939559 ], [ 34.736525667097311, 31.257501120136808 ], [ 34.733901023881266, 31.25749153998575 ], [ 34.733912206420285, 31.255236829635024 ], [ 34.736536787257727, 31.255246408939559 ] ] ] } },
{ "type": "Feature", "properties": { "cell_id": 1109, "score_syntax": 72.873, "syntax_closeness_pct": 69.435, "syntax_betweenness_pct": 78.031, "segment_count": 1.0 }, "geometry": { "type": "Polygon", "coordinates": [ [ [ 34.736503423023599, 31.262010540145081 ], [ 34.73649229911004, 31.264265248956036 ], [ 34.73386746871612, 31.264255666265161 ], [ 34.733878655029308, 31.262000958300863 ], [ 34.736503423023599, 31.262010540145081 ] ] ] } },
{ "type": "Feature", "properties": { "cell_id": 1114, "score_syntax": 14.711, "syntax_closeness_pct": 2.427, "syntax_betweenness_pct": 33.137, "segment_count": 1.0 }, "geometry": { "type": "Polygon", "coordinates": [ [ [ 34.736447790941625, 31.273284076244565 ], [ 34.736436660770366, 31.275538781077714 ], [ 34.7338115182731, 31.275529194153041 ], [ 34.733822710879068, 31.273274490166745 ], [ 34.736447790941625, 31.273284076244565 ] ] ] } },
{ "type": "Feature", "properties": { "cell_id": 1117, "score_syntax": 18.406, "syntax_closeness_pct": 8.586, "syntax_betweenness_pct": 33.137, "segment_count": 1.0 }, "geometry": { "type": "Polygon", "coordinates": [ [ [ 34.736414396671996, 31.280048188356997 ], [ 34.736403262744631, 31.282302890803077 ], [ 34.733777932901162, 31.282293301337667 ], [ 34.733789129284276, 31.28003859973855 ], [ 34.736414396671996, 31.280048188356997 ] ] ] } },
{ "type": "Feature", "properties": { "cell_id": 1120, "score_syntax": 72.424, "syntax_closeness_pct": 68.507, "syntax_betweenness_pct": 78.298, "segment_count": 1.0 }, "geometry": { "type": "Polygon", "coordinates": [ [ [ 34.73638099113294, 31.286812293307943 ], [ 34.736369853448359, 31.289066993366642 ], [ 34.733744336195549, 31.289057401360122 ], [ 34.733755536356931, 31.286802702148488 ], [ 34.73638099113294, 31.286812293307943 ] ] ] } },
{ "type": "Feature", "properties": { "cell_id": 1124, "score_syntax": 71.523, "syntax_closeness_pct": 68.24, "syntax_betweenness_pct": 76.447, "segment_count": 1.0 }, "geometry": { "type": "Polygon", "coordinates": [ [ [ 34.73633643287824, 31.295831088767542 ], [ 34.736325290182329, 31.298085785642652 ], [ 34.733699522952108, 31.298076190247421 ], [ 34.733710728152914, 31.295821494219556 ], [ 34.73633643287824, 31.295831088767542 ] ] ] } },
{ "type": "Feature", "properties": { "cell_id": 1174, "score_syntax": 14.657, "syntax_closeness_pct": 2.337, "syntax_betweenness_pct": 33.137, "segment_count": 1.0 }, "geometry": { "type": "Polygon", "coordinates": [ [ [ 34.73930500736725, 31.225944605787774 ], [ 34.739293965745325, 31.228199328163527 ], [ 34.736670131655316, 31.228189812543384 ], [ 34.736681235564902, 31.225935091008914 ], [ 34.73930500736725, 31.225944605787774 ] ] ] } },
{ "type": "Feature", "properties": { "cell_id": 1179, "score_syntax": 14.911, "syntax_closeness_pct": 2.76, "syntax_betweenness_pct": 33.137, "segment_count": 1.0 }, "geometry": { "type": "Polygon", "coordinates": [ [ [ 34.73924978683317, 31.237218209716826 ], [ 34.739238738998417, 31.239472928117575 ], [ 34.73661459336504, 31.239463408290412 ], [ 34.736625703522492, 31.237208690731148 ], [ 34.73924978683317, 31.237218209716826 ] ] ] } },
{ "type": "Feature", "properties": { "cell_id": 1183, "score_syntax": 14.653, "syntax_closeness_pct": 2.33, "syntax_betweenness_pct": 33.137, "segment_count": 1.0 }, "geometry": { "type": "Polygon", "coordinates": [ [ [ 34.739205588035993, 31.246237078549093 ], [ 34.739194535228755, 31.24849179376924 ], [ 34.73657014023464, 31.24848227057576 ], [ 34.736581255392586, 31.246227556197244 ], [ 34.739205588035993, 31.246237078549093 ] ] ] } },
{ "type": "Feature", "properties": { "cell_id": 1187, "score_syntax": 33.938, "syntax_closeness_pct": 24.819, "syntax_betweenness_pct": 47.617, "segment_count": 3.0 }, "geometry": { "type": "Polygon", "coordinates": [ [ [ 34.739161369345972, 31.255255934658205 ], [ 34.739150311564273, 31.257510646697245 ], [ 34.736525667097311, 31.257501120136808 ], [ 34.736536787257727, 31.255246408939559 ], [ 34.739161369345972, 31.255255934658205 ] ] ] } },
{ "type": "Feature", "properties": { "cell_id": 1191, "score_syntax": 44.264, "syntax_closeness_pct": 36.639, "syntax_betweenness_pct": 55.701, "segment_count": 2.0 }, "geometry": { "type": "Polygon", "coordinates": [ [ [ 34.739117130755233, 31.264274778042076 ], [ 34.739106067997149, 31.266529486899479 ], [ 34.73648117394518, 31.266519956971479 ], [ 34.73649229911004, 31.264265248956036 ], [ 34.739117130755233, 31.264274778042076 ] ] ] } },
{ "type": "Feature", "properties": { "cell_id": 1193, "score_syntax": 60.422, "syntax_closeness_pct": 55.112, "syntax_betweenness_pct": 68.388, "segment_count": 9.0 }, "geometry": { "type": "Polygon", "coordinates": [ [ [ 34.73909500399467, 31.268784194961409 ], [ 34.739083938747662, 31.271038902227815 ], [ 34.736458919861107, 31.271029370615782 ], [ 34.736470047528911, 31.268774664191412 ], [ 34.73909500399467, 31.268784194961409 ] ] ] } },
{ "type": "Feature", "properties": { "cell_id": 1195, "score_syntax": 16.088, "syntax_closeness_pct": 4.723, "syntax_betweenness_pct": 33.137, "segment_count": 2.0 }, "geometry": { "type": "Polygon", "coordinates": [ [ [ 34.739072872255996, 31.273293608698651 ], [ 34.739061804519558, 31.275548314373886 ], [ 34.736436660770366, 31.275538781077714 ], [ 34.736447790941625, 31.273284076244565 ], [ 34.739072872255996, 31.273293608698651 ] ] ] } },
{ "type": "Feature", "properties": { "cell_id": 1197, "score_syntax": 42.696, "syntax_closeness_pct": 36.676, "syntax_betweenness_pct": 51.727, "segment_count": 2.0 }, "geometry": { "type": "Polygon", "coordinates": [ [ [ 34.739050735538221, 31.277803019253543 ], [ 34.739039665311864, 31.280057723337531 ], [ 34.736414396671996, 31.280048188356997 ], [ 34.736425529347194, 31.277793485115211 ], [ 34.739050735538221, 31.277803019253543 ] ] ] } },
{ "type": "Feature", "properties": { "cell_id": 1198, "score_syntax": 73.483, "syntax_closeness_pct": 69.138, "syntax_betweenness_pct": 80.001, "segment_count": 1.0 }, "geometry": { "type": "Polygon", "coordinates": [ [ [ 34.739039665311864, 31.280057723337531 ], [ 34.739028593840374, 31.282312426625847 ], [ 34.736403262744631, 31.282302890803077 ], [ 34.736414396671996, 31.280048188356997 ], [ 34.739039665311864, 31.280057723337531 ] ] ] } },
{ "type": "Feature", "properties": { "cell_id": 1203, "score_syntax": 72.809, "syntax_closeness_pct": 68.485, "syntax_betweenness_pct": 79.297, "segment_count": 1.0 }, "geometry": { "type": "Polygon", "coordinates": [ [ [ 34.738984295500536, 31.291331231821562 ], [ 34.738973217801494, 31.293585931130959 ], [ 34.736347574321137, 31.293576391096472 ], [ 34.736358714511134, 31.291321692629516 ], [ 34.738984295500536, 31.291331231821562 ] ] ] } },
{ "type": "Feature", "properties": { "cell_id": 1256, "score_syntax": 63.124, "syntax_closeness_pct": 60.046, "syntax_betweenness_pct": 67.741, "segment_count": 4.0 }, "geometry": { "type": "Polygon", "coordinates": [ [ [ 34.741917801077648, 31.228208790254417 ], [ 34.741906820508206, 31.230463512671832 ], [ 34.739282922881074, 31.230454049744353 ], [ 34.739293965745325, 31.228199328163527 ], [ 34.741917801077648, 31.228208790254417 ] ] ] } },
{ "type": "Feature", "properties": { "cell_id": 1257, "score_syntax": 73.967, "syntax_closeness_pct": 68.974, "syntax_betweenness_pct": 81.456, "segment_count": 1.0 }, "geometry": { "type": "Polygon", "coordinates": [ [ [ 34.741906820508206, 31.230463512671832 ], [ 34.7418958387033, 31.232718234294303 ], [ 34.739271878774396, 31.232708770530163 ], [ 34.739282922881074, 31.230454049744353 ], [ 34.741906820508206, 31.230463512671832 ] ] ] } },
{ "type": "Feature", "properties": { "cell_id": 1259, "score_syntax": 72.704, "syntax_closeness_pct": 68.566, "syntax_betweenness_pct": 78.911, "segment_count": 1.0 }, "geometry": { "type": "Polygon", "coordinates": [ [ [ 34.741884855662825, 31.234972955121812 ], [ 34.74187387138668, 31.237227675154337 ], [ 34.73924978683317, 31.237218209716826 ], [ 34.739260833425121, 31.234963490521018 ], [ 34.741884855662825, 31.234972955121812 ] ] ] } },
{ "type": "Feature", "properties": { "cell_id": 1260, "score_syntax": 14.92, "syntax_closeness_pct": 2.775, "syntax_betweenness_pct": 33.137, "segment_count": 1.0 }, "geometry": { "type": "Polygon", "coordinates": [ [ [ 34.74187387138668, 31.237227675154337 ], [ 34.74186288587471, 31.239482394391842 ], [ 34.739238738998417, 31.239472928117575 ], [ 34.73924978683317, 31.237218209716826 ], [ 34.74187387138668, 31.237227675154337 ] ] ] } },
{ "type": "Feature", "properties": { "cell_id": 1262, "score_syntax": 14.911, "syntax_closeness_pct": 2.76, "syntax_betweenness_pct": 33.137, "segment_count": 4.0 }, "geometry": { "type": "Polygon", "coordinates": [ [ [ 34.7418518991268, 31.241737112834286 ], [ 34.741840911142845, 31.243991830481637 ], [ 34.739216639599945, 31.243982362533728 ], [ 34.739227689920696, 31.24172764572322 ], [ 34.7418518991268, 31.241737112834286 ] ] ] } },
{ "type": "Feature", "properties": { "cell_id": 1263, "score_syntax": 70.168, "syntax_closeness_pct": 68.218, "syntax_betweenness_pct": 73.093, "segment_count": 1.0 }, "geometry": { "type": "Polygon", "coordinates": [ [ [ 34.741840911142845, 31.243991830481637 ], [ 34.741829921922715, 31.246246547333858 ], [ 34.739205588035993, 31.246237078549093 ], [ 34.739216639599945, 31.243982362533728 ], [ 34.741840911142845, 31.243991830481637 ] ] ] } },
{ "type": "Feature", "properties": { "cell_id": 1266, "score_syntax": 69.277, "syntax_closeness_pct": 68.025, "syntax_betweenness_pct": 71.156, "segment_count": 1.0 }, "geometry": { "type": "Polygon", "coordinates": [ [ [ 34.741807939773437, 31.250755978652794 ], [ 34.74179694684404, 31.253010693119428 ], [ 34.739172425883851, 31.253001221823833 ], [ 34.739183481178081, 31.25074650819418 ], [ 34.741807939773437, 31.250755978652794 ] ] ] } },
{ "type": "Feature", "properties": { "cell_id": 1267, "score_syntax": 71.269, "syntax_closeness_pct": 68.596, "syntax_betweenness_pct": 75.278, "segment_count": 1.0 }, "geometry": { "type": "Polygon", "coordinates": [ [ [ 34.74179694684404, 31.253010693119428 ], [ 34.741785952678001, 31.255265406790837 ], [ 34.739161369345972, 31.255255934658205 ], [ 34.739172425883851, 31.253001221823833 ], [ 34.74179694684404, 31.253010693119428 ] ] ] } },
{ "type": "Feature", "properties": { "cell_id": 1269, "score_syntax": 42.622, "syntax_closeness_pct": 37.055, "syntax_betweenness_pct": 50.972, "segment_count": 2.0 }, "geometry": { "type": "Polygon", "coordinates": [ [ [ 34.741774957275155, 31.257520119666943 ], [ 34.741763960635424, 31.259774831747713 ], [ 34.739139252538678, 31.259765357940918 ], [ 34.739150311564273, 31.257510646697245 ], [ 34.741774957275155, 31.257520119666943 ] ] ] } },
{ "type": "Feature", "properties": { "cell_id": 1270, "score_syntax": 71.066, "syntax_closeness_pct": 68.915, "syntax_betweenness_pct": 74.291, "segment_count": 1.0 }, "geometry": { "type": "Polygon", "coordinates": [ [ [ 34.741763960635424, 31.259774831747713 ], [ 34.741752962758646, 31.262029543033165 ], [ 34.739128192269042, 31.262020068389194 ], [ 34.739139252538678, 31.259765357940918 ], [ 34.741763960635424, 31.259774831747713 ] ] ] } },
{ "type": "Feature", "properties": { "cell_id": 1273, "score_syntax": 63.617, "syntax_closeness_pct": 57.841, "syntax_betweenness_pct": 72.282, "segment_count": 10.0 }, "geometry": { "type": "Polygon", "coordinates": [ [ [ 34.741730963293541, 31.26653896321784 ], [ 34.741719961704952, 31.268793672117024 ], [ 34.73909500399467, 31.268784194961409 ], [ 34.739106067997149, 31.266529486899479 ], [ 34.741730963293541, 31.26653896321784 ] ] ] } },
{ "type": "Feature", "properties": { "cell_id": 1274, "score_syntax": 75.048, "syntax_closeness_pct": 70.08, "syntax_betweenness_pct": 82.499, "segment_count": 4.0 }, "geometry": { "type": "Polygon", "coordinates": [ [ [ 34.741719961704952, 31.268793672117024 ], [ 34.741708958878853, 31.271048380220737 ], [ 34.739083938747662, 31.271038902227815 ], [ 34.73909500399467, 31.268784194961409 ], [ 34.741719961704952, 31.268793672117024 ] ] ] } },
{ "type": "Feature", "properties": { "cell_id": 1275, "score_syntax": 38.194, "syntax_closeness_pct": 32.838, "syntax_betweenness_pct": 46.228, "segment_count": 4.0 }, "geometry": { "type": "Polygon", "coordinates": [ [ [ 34.741708958878853, 31.271048380220737 ], [ 34.741697954815123, 31.273303087528898 ], [ 34.739072872255996, 31.273293608698651 ], [ 34.739083938747662, 31.271038902227815 ], [ 34.741708958878853, 31.271048380220737 ] ] ] } },
{ "type": "Feature", "properties": { "cell_id": 1276, "score_syntax": 47.26, "syntax_closeness_pct": 37.411, "syntax_betweenness_pct": 62.034, "segment_count": 2.0 }, "geometry": { "type": "Polygon", "coordinates": [ [ [ 34.741697954815123, 31.273303087528898 ], [ 34.741686949513642, 31.275557794041539 ], [ 34.739061804519558, 31.275548314373886 ], [ 34.739072872255996, 31.273293608698651 ], [ 34.741697954815123, 31.273303087528898 ] ] ] } },
{ "type": "Feature", "properties": { "cell_id": 1277, "score_syntax": 72.868, "syntax_closeness_pct": 69.383, "syntax_betweenness_pct": 78.094, "segment_count": 2.0 }, "geometry": { "type": "Polygon", "coordinates": [ [ [ 34.741686949513642, 31.275557794041539 ], [ 34.741675942974261, 31.2778124997586 ], [ 34.739050735538221, 31.277803019253543 ], [ 34.739061804519558, 31.275548314373886 ], [ 34.741686949513642, 31.275557794041539 ] ] ] } },
{ "type": "Feature", "properties": { "cell_id": 1278, "score_syntax": 68.16, "syntax_closeness_pct": 67.728, "syntax_betweenness_pct": 68.808, "segment_count": 1.0 }, "geometry": { "type": "Polygon", "coordinates": [ [ [ 34.741675942974261, 31.2778124997586 ], [ 34.741664935196887, 31.280067204680027 ], [ 34.739039665311864, 31.280057723337531 ], [ 34.739050735538221, 31.277803019253543 ], [ 34.741675942974261, 31.2778124997586 ] ] ] } },
{ "type": "Feature", "properties": { "cell_id": 1279, "score_syntax": 15.053, "syntax_closeness_pct": 2.998, "syntax_betweenness_pct": 33.137, "segment_count": 1.0 }, "geometry": { "type": "Polygon", "coordinates": [ [ [ 34.741664935196887, 31.280067204680027 ], [ 34.741653926181392, 31.28232190880583 ], [ 34.739028593840374, 31.282312426625847 ], [ 34.739039665311864, 31.280057723337531 ], [ 34.741664935196887, 31.280067204680027 ] ] ] } },
{ "type": "Feature", "properties": { "cell_id": 1280, "score_syntax": 74.245, "syntax_closeness_pct": 69.13, "syntax_betweenness_pct": 81.916, "segment_count": 1.0 }, "geometry": { "type": "Polygon", "coordinates": [ [ [ 34.741653926181392, 31.28232190880583 ], [ 34.741642915927642, 31.284576612135957 ], [ 34.739017521123628, 31.284567129118429 ], [ 34.739028593840374, 31.282312426625847 ], [ 34.741653926181392, 31.28232190880583 ] ] ] } },
{ "type": "Feature", "properties": { "cell_id": 1337, "score_syntax": 72.082, "syntax_closeness_pct": 68.551, "syntax_betweenness_pct": 77.378, "segment_count": 1.0 }, "geometry": { "type": "Polygon", "coordinates": [ [ [ 34.744541637645312, 31.228218198815952 ], [ 34.744530719370758, 31.230472922065239 ], [ 34.741906820508206, 31.230463512671832 ], [ 34.741917801077648, 31.228208790254417 ], [ 34.744541637645312, 31.228218198815952 ] ] ] } },
{ "type": "Feature", "properties": { "cell_id": 1339, "score_syntax": 72.971, "syntax_closeness_pct": 68.871, "syntax_betweenness_pct": 79.122, "segment_count": 1.0 }, "geometry": { "type": "Polygon", "coordinates": [ [ [ 34.744519799867781, 31.232727644519613 ], [ 34.744508879136227, 31.234982366179089 ], [ 34.741884855662825, 31.234972955121812 ], [ 34.7418958387033, 31.232718234294303 ], [ 34.744519799867781, 31.232727644519613 ] ] ] } },
{ "type": "Feature", "properties": { "cell_id": 1340, "score_syntax": 68.649, "syntax_closeness_pct": 68.544, "syntax_betweenness_pct": 68.808, "segment_count": 1.0 }, "geometry": { "type": "Polygon", "coordinates": [ [ [ 34.744508879136227, 31.234982366179089 ], [ 34.74449795717598, 31.237237087043603 ], [ 34.74187387138668, 31.237227675154337 ], [ 34.741884855662825, 31.234972955121812 ], [ 34.744508879136227, 31.234982366179089 ] ] ] } },
{ "type": "Feature", "properties": { "cell_id": 1342, "score_syntax": 45.246, "syntax_closeness_pct": 41.979, "syntax_betweenness_pct": 50.146, "segment_count": 6.0 }, "geometry": { "type": "Polygon", "coordinates": [ [ [ 34.744487033986928, 31.239491807113122 ], [ 34.74447610956895, 31.241746526387644 ], [ 34.7418518991268, 31.241737112834286 ], [ 34.74186288587471, 31.239482394391842 ], [ 34.744487033986928, 31.239491807113122 ] ] ] } },
{ "type": "Feature", "properties": { "cell_id": 1343, "score_syntax": 15.49, "syntax_closeness_pct": 3.725, "syntax_betweenness_pct": 33.137, "segment_count": 1.0 }, "geometry": { "type": "Polygon", "coordinates": [ [ [ 34.74447610956895, 31.241746526387644 ], [ 34.744465183921918, 31.244001244867086 ], [ 34.741840911142845, 31.243991830481637 ], [ 34.7418518991268, 31.241737112834286 ], [ 34.74447610956895, 31.241746526387644 ] ] ] } },
{ "type": "Feature", "properties": { "cell_id": 1346, "score_syntax": 70.714, "syntax_closeness_pct": 68.329, "syntax_betweenness_pct": 74.291, "segment_count": 1.0 }, "geometry": { "type": "Polygon", "coordinates": [ [ [ 34.74444332894025, 31.248510679440709 ], [ 34.74443239960533, 31.250765395534792 ], [ 34.741807939773437, 31.250755978652794 ], [ 34.741818931466284, 31.248501263390917 ], [ 34.74444332894025, 31.248510679440709 ] ] ] } },
{ "type": "Feature", "properties": { "cell_id": 1348, "score_syntax": 69.89, "syntax_closeness_pct": 68.344, "syntax_betweenness_pct": 72.21, "segment_count": 1.0 }, "geometry": { "type": "Polygon", "coordinates": [ [ [ 34.744421469040901, 31.25302011083371 ], [ 34.744410537246807, 31.255274825337398 ], [ 34.741785952678001, 31.255265406790837 ], [ 34.74179694684404, 31.253010693119428 ], [ 34.744421469040901, 31.25302011083371 ] ] ] } },
{ "type": "Feature", "properties": { "cell_id": 1351, "score_syntax": 52.369, "syntax_closeness_pct": 50.697, "syntax_betweenness_pct": 54.877, "segment_count": 8.0 }, "geometry": { "type": "Polygon", "coordinates": [ [ [ 34.744388669969183, 31.259784251958994 ], [ 34.744377734485404, 31.262038964076847 ], [ 34.741752962758646, 31.262029543033165 ], [ 34.741763960635424, 31.259774831747713 ], [ 34.744388669969183, 31.259784251958994 ] ] ] } },
{ "type": "Feature", "properties": { "cell_id": 1353, "score_syntax": 70.21, "syntax_closeness_pct": 66.136, "syntax_betweenness_pct": 76.322, "segment_count": 14.0 }, "geometry": { "type": "Polygon", "coordinates": [ [ [ 34.744366797771498, 31.264293675399355 ], [ 34.744355859827316, 31.266548385926473 ], [ 34.741730963293541, 31.26653896321784 ], [ 34.741741963644728, 31.264284253523211 ], [ 34.744366797771498, 31.264293675399355 ] ] ] } },
{ "type": "Feature", "properties": { "cell_id": 1354, "score_syntax": 21.229, "syntax_closeness_pct": 13.29, "syntax_betweenness_pct": 33.137, "segment_count": 1.0 }, "geometry": { "type": "Polygon", "coordinates": [ [ [ 34.744355859827316, 31.266548385926473 ], [ 34.744344920652772, 31.2688030956582 ], [ 34.741719961704952, 31.268793672117024 ], [ 34.741730963293541, 31.26653896321784 ], [ 34.744355859827316, 31.266548385926473 ] ] ] } },
{ "type": "Feature", "properties": { "cell_id": 1357, "score_syntax": 78.351, "syntax_closeness_pct": 69.754, "syntax_betweenness_pct": 91.247, "segment_count": 1.0 }, "geometry": { "type": "Polygon", "coordinates": [ [ [ 34.744323038612016, 31.273312512735242 ], [ 34.744312095745592, 31.275567220080532 ], [ 34.741686949513642, 31.275557794041539 ], [ 34.741697954815123, 31.273303087528898 ], [ 34.744323038612016, 31.273312512735242 ] ] ] } },
{ "type": "Feature", "properties": { "cell_id": 1358, "score_syntax": 75.12, "syntax_closeness_pct": 69.798, "syntax_betweenness_pct": 83.103, "segment_count": 1.0 }, "geometry": { "type": "Polygon", "coordinates": [ [ [ 34.744312095745592, 31.275567220080532 ], [ 34.744301151648294, 31.277821926630267 ], [ 34.741675942974261, 31.2778124997586 ], [ 34.741686949513642, 31.275557794041539 ], [ 34.744312095745592, 31.275567220080532 ] ] ] } },
{ "type": "Feature", "properties": { "cell_id": 1367, "score_syntax": 70.41, "syntax_closeness_pct": 67.906, "syntax_betweenness_pct": 74.165, "segment_count": 1.0 }, "geometry": { "type": "Polygon", "coordinates": [ [ [ 34.744213554544267, 31.295859550384808 ], [ 34.74420259936371, 31.298114249773214 ], [ 34.741576828395139, 31.298104815405633 ], [ 34.741587846080932, 31.295850116850275 ], [ 34.744213554544267, 31.295859550384808 ] ] ] } },
{ "type": "Feature", "properties": { "cell_id": 1418, "score_syntax": 43.812, "syntax_closeness_pct": 35.708, "syntax_betweenness_pct": 55.97, "segment_count": 2.0 }, "geometry": { "type": "Polygon", "coordinates": [ [ [ 34.747165475441292, 31.228227553848043 ], [ 34.747154619461774, 31.230482277924491 ], [ 34.744530719370758, 31.230472922065239 ], [ 34.744541637645312, 31.228218198815952 ], [ 34.747165475441292, 31.228227553848043 ] ] ] } },
{ "type": "Feature", "properties": { "cell_id": 1420, "score_syntax": 74.464, "syntax_closeness_pct": 69.472, "syntax_betweenness_pct": 81.953, "segment_count": 1.0 }, "geometry": { "type": "Polygon", "coordinates": [ [ [ 34.747143762260826, 31.232737001206058 ], [ 34.747132903838306, 31.234991723692744 ], [ 34.744508879136227, 31.234982366179089 ], [ 34.744519799867781, 31.232727644519613 ], [ 34.747143762260826, 31.232737001206058 ] ] ] } },
{ "type": "Feature", "properties": { "cell_id": 1423, "score_syntax": 60.537, "syntax_closeness_pct": 58.204, "syntax_betweenness_pct": 64.037, "segment_count": 9.0 }, "geometry": { "type": "Polygon", "coordinates": [ [ [ 34.747111183328087, 31.239501166281354 ], [ 34.747100321240161, 31.241755886383203 ], [ 34.74447610956895, 31.241746526387644 ], [ 34.744487033986928, 31.239491807113122 ], [ 34.747111183328087, 31.239501166281354 ] ] ] } },
{ "type": "Feature", "properties": { "cell_id": 1424, "score_syntax": 65.032, "syntax_closeness_pct": 63.582, "syntax_betweenness_pct": 67.207, "segment_count": 3.0 }, "geometry": { "type": "Polygon", "coordinates": [ [ [ 34.747100321240161, 31.241755886383203 ], [ 34.74708945793018, 31.244010605690033 ], [ 34.744465183921918, 31.244001244867086 ], [ 34.74447610956895, 31.241746526387644 ], [ 34.747100321240161, 31.241755886383203 ] ] ] } },
{ "type": "Feature", "properties": { "cell_id": 1430, "score_syntax": 27.496, "syntax_closeness_pct": 23.735, "syntax_betweenness_pct": 33.137, "segment_count": 2.0 }, "geometry": { "type": "Polygon", "coordinates": [ [ [ 34.7470351230454, 31.255284190297807 ], [ 34.747024252400635, 31.257538904833858 ], [ 34.744399604222956, 31.257529539045848 ], [ 34.744410537246807, 31.255274825337398 ], [ 34.7470351230454, 31.255284190297807 ] ] ] } },
{ "type": "Feature", "properties": { "cell_id": 1431, "score_syntax": 27.776, "syntax_closeness_pct": 24.202, "syntax_betweenness_pct": 33.137, "segment_count": 2.0 }, "geometry": { "type": "Polygon", "coordinates": [ [ [ 34.747024252400635, 31.257538904833858 ], [ 34.747013380532962, 31.259793618574633 ], [ 34.744388669969183, 31.259784251958994 ], [ 34.744399604222956, 31.257529539045848 ], [ 34.747024252400635, 31.257538904833858 ] ] ] } },
{ "type": "Feature", "properties": { "cell_id": 1432, "score_syntax": 38.526, "syntax_closeness_pct": 32.934, "syntax_betweenness_pct": 46.914, "segment_count": 7.0 }, "geometry": { "type": "Polygon", "coordinates": [ [ [ 34.747013380532962, 31.259793618574633 ], [ 34.747002507442311, 31.262048331520191 ], [ 34.744377734485404, 31.262038964076847 ], [ 34.744388669969183, 31.259784251958994 ], [ 34.747013380532962, 31.259793618574633 ] ] ] } },
{ "type": "Feature", "properties": { "cell_id": 1433, "score_syntax": 53.032, "syntax_closeness_pct": 49.111, "syntax_betweenness_pct": 58.915, "segment_count": 6.0 }, "geometry": { "type": "Polygon", "coordinates": [ [ [ 34.747002507442311, 31.262048331520191 ], [ 34.746991633128516, 31.264303043670417 ], [ 34.744366797771498, 31.264293675399355 ], [ 34.744377734485404, 31.262038964076847 ], [ 34.747002507442311, 31.262048331520191 ] ] ] } },
{ "type": "Feature", "properties": { "cell_id": 1434, "score_syntax": 63.963, "syntax_closeness_pct": 57.124, "syntax_betweenness_pct": 74.222, "segment_count": 3.0 }, "geometry": { "type": "Polygon", "coordinates": [ [ [ 34.746991633128516, 31.264303043670417 ], [ 34.746980757591466, 31.2665577550253 ], [ 34.744355859827316, 31.266548385926473 ], [ 34.744366797771498, 31.264293675399355 ], [ 34.746991633128516, 31.264303043670417 ] ] ] } },
{ "type": "Feature", "properties": { "cell_id": 1435, "score_syntax": 80.27, "syntax_closeness_pct": 71.067, "syntax_betweenness_pct": 94.075, "segment_count": 1.0 }, "geometry": { "type": "Polygon", "coordinates": [ [ [ 34.746980757591466, 31.2665577550253 ], [ 34.746969880831074, 31.268812465584816 ], [ 34.744344920652772, 31.2688030956582 ], [ 34.744355859827316, 31.266548385926473 ], [ 34.746980757591466, 31.2665577550253 ] ] ] } },
{ "type": "Feature", "properties": { "cell_id": 1437, "score_syntax": 78.27, "syntax_closeness_pct": 70.165, "syntax_betweenness_pct": 90.426, "segment_count": 4.0 }, "geometry": { "type": "Polygon", "coordinates": [ [ [ 34.746959002847163, 31.271067175348918 ], [ 34.746948123639655, 31.273321884317586 ], [ 34.744323038612016, 31.273312512735242 ], [ 34.744333980247696, 31.271057804594449 ], [ 34.746959002847163, 31.271067175348918 ] ] ] } },
{ "type": "Feature", "properties": { "cell_id": 1438, "score_syntax": 77.229, "syntax_closeness_pct": 70.117, "syntax_betweenness_pct": 87.897, "segment_count": 1.0 }, "geometry": { "type": "Polygon", "coordinates": [ [ [ 34.746948123639655, 31.273321884317586 ], [ 34.746937243208421, 31.275576592490768 ], [ 34.744312095745592, 31.275567220080532 ], [ 34.744323038612016, 31.273312512735242 ], [ 34.746948123639655, 31.273321884317586 ] ] ] } },
{ "type": "Feature", "properties": { "cell_id": 1439, "score_syntax": 14.982, "syntax_closeness_pct": 2.879, "syntax_betweenness_pct": 33.137, "segment_count": 1.0 }, "geometry": { "type": "Polygon", "coordinates": [ [ [ 34.746937243208421, 31.275576592490768 ], [ 34.746926361553328, 31.27783129986847 ], [ 34.744301151648294, 31.277821926630267 ], [ 34.744312095745592, 31.275567220080532 ], [ 34.746937243208421, 31.275576592490768 ] ] ] } },
{ "type": "Feature", "properties": { "cell_id": 1493, "score_syntax": 14.47, "syntax_closeness_pct": 2.026, "syntax_betweenness_pct": 33.137, "segment_count": 1.0 }, "geometry": { "type": "Polygon", "coordinates": [ [ [ 34.749854051068176, 31.21470848926824 ], [ 34.749843264667966, 31.216963218935273 ], [ 34.74721973702141, 31.216953921544228 ], [ 34.747230585674792, 31.214699192699356 ], [ 34.749854051068176, 31.21470848926824 ] ] ] } },
{ "type": "Feature", "properties": { "cell_id": 1499, "score_syntax": 29.288, "syntax_closeness_pct": 26.722, "syntax_betweenness_pct": 33.137, "segment_count": 1.0 }, "geometry": { "type": "Polygon", "coordinates": [ [ [ 34.749789314458603, 31.22823685535063 ], [ 34.749778520774242, 31.230491580249499 ], [ 34.747154619461774, 31.230482277924491 ], [ 34.747165475441292, 31.228227553848043 ], [ 34.749789314458603, 31.22823685535063 ] ] ] } },
{ "type": "Feature", "properties": { "cell_id": 1503, "score_syntax": 19.777, "syntax_closeness_pct": 10.871, "syntax_betweenness_pct": 33.137, "segment_count": 1.0 }, "geometry": { "type": "Polygon", "coordinates": [ [ [ 34.749746132434012, 31.23725575017702 ], [ 34.749735333891174, 31.23951047189643 ], [ 34.747111183328087, 31.239501166281354 ], [ 34.747122044194086, 31.237246445384521 ], [ 34.749746132434012, 31.23725575017702 ] ] ] } },
{ "type": "Feature", "properties": { "cell_id": 1504, "score_syntax": 16.62, "syntax_closeness_pct": 5.61, "syntax_betweenness_pct": 33.137, "segment_count": 2.0 }, "geometry": { "type": "Polygon", "coordinates": [ [ [ 34.749735333891174, 31.23951047189643 ], [ 34.749724534133399, 31.241765192820871 ], [ 34.747100321240161, 31.241755886383203 ], [ 34.747111183328087, 31.239501166281354 ], [ 34.749735333891174, 31.23951047189643 ] ] ] } },
{ "type": "Feature", "properties": { "cell_id": 1505, "score_syntax": 49.412, "syntax_closeness_pct": 44.994, "syntax_betweenness_pct": 56.04, "segment_count": 9.0 }, "geometry": { "type": "Polygon", "coordinates": [ [ [ 34.749724534133399, 31.241765192820871 ], [ 34.74971373316059, 31.24401991295035 ], [ 34.74708945793018, 31.244010605690033 ], [ 34.747100321240161, 31.241755886383203 ], [ 34.749724534133399, 31.241765192820871 ] ] ] } },
{ "type": "Feature", "properties": { "cell_id": 1506, "score_syntax": 18.099, "syntax_closeness_pct": 8.074, "syntax_betweenness_pct": 33.137, "segment_count": 4.0 }, "geometry": { "type": "Polygon", "coordinates": [ [ [ 34.74971373316059, 31.24401991295035 ], [ 34.749702930972624, 31.24627463228482 ], [ 34.747078593398037, 31.246265324201811 ], [ 34.74708945793018, 31.244010605690033 ], [ 34.74971373316059, 31.24401991295035 ] ] ] } },
{ "type": "Feature", "properties": { "cell_id": 1511, "score_syntax": 30.926, "syntax_closeness_pct": 29.452, "syntax_betweenness_pct": 33.137, "segment_count": 1.0 }, "geometry": { "type": "Polygon", "coordinates": [ [ [ 34.749659710066759, 31.255293501671947 ], [ 34.749648901801201, 31.257548217030855 ], [ 34.747024252400635, 31.257538904833858 ], [ 34.7470351230454, 31.255284190297807 ], [ 34.749659710066759, 31.255293501671947 ] ] ] } },
{ "type": "Feature", "properties": { "cell_id": 1514, "score_syntax": 68.147, "syntax_closeness_pct": 62.223, "syntax_betweenness_pct": 77.033, "segment_count": 7.0 }, "geometry": { "type": "Polygon", "coordinates": [ [ [ 34.749627281622338, 31.262057645363075 ], [ 34.749616469708783, 31.264312358336301 ], [ 34.746991633128516, 31.264303043670417 ], [ 34.747002507442311, 31.262048331520191 ], [ 34.749627281622338, 31.262057645363075 ] ] ] } },
{ "type": "Feature", "properties": { "cell_id": 1516, "score_syntax": 30.356, "syntax_closeness_pct": 28.503, "syntax_betweenness_pct": 33.137, "segment_count": 1.0 }, "geometry": { "type": "Polygon", "coordinates": [ [ [ 34.749605656578993, 31.266567070514217 ], [ 34.74959484223286, 31.268821781896783 ], [ 34.746969880831074, 31.268812465584816 ], [ 34.746980757591466, 31.2665577550253 ], [ 34.749605656578993, 31.266567070514217 ] ] ] } },
{ "type": "Feature", "properties": { "cell_id": 1517, "score_syntax": 35.801, "syntax_closeness_pct": 37.577, "syntax_betweenness_pct": 33.137, "segment_count": 7.0 }, "geometry": { "type": "Polygon", "coordinates": [ [ [ 34.74959484223286, 31.268821781896783 ], [ 34.749584026670227, 31.271076492484003 ], [ 34.746959002847163, 31.271067175348918 ], [ 34.746969880831074, 31.268812465584816 ], [ 34.74959484223286, 31.268821781896783 ] ] ] } },
{ "type": "Feature", "properties": { "cell_id": 1518, "score_syntax": 54.432, "syntax_closeness_pct": 50.289, "syntax_betweenness_pct": 60.647, "segment_count": 2.0 }, "geometry": { "type": "Polygon", "coordinates": [ [ [ 34.749584026670227, 31.271076492484003 ], [ 34.749573209891025, 31.273331202275841 ], [ 34.746948123639655, 31.273321884317586 ], [ 34.746959002847163, 31.271067175348918 ], [ 34.749584026670227, 31.271076492484003 ] ] ] } },
{ "type": "Feature", "properties": { "cell_id": 1521, "score_syntax": 39.318, "syntax_closeness_pct": 35.176, "syntax_betweenness_pct": 45.53, "segment_count": 3.0 }, "geometry": { "type": "Polygon", "coordinates": [ [ [ 34.749551572682329, 31.277840619473128 ], [ 34.749540752252614, 31.280095326878545 ], [ 34.746915478674275, 31.280086006450635 ], [ 34.746926361553328, 31.27783129986847 ], [ 34.749551572682329, 31.277840619473128 ] ] ] } },
{ "type": "Feature", "properties": { "cell_id": 1526, "score_syntax": 72.232, "syntax_closeness_pct": 68.188, "syntax_betweenness_pct": 78.298, "segment_count": 1.0 }, "geometry": { "type": "Polygon", "coordinates": [ [ [ 34.74949745836178, 31.289114148544609 ], [ 34.749486631845485, 31.291368851972063 ], [ 34.746861045915196, 31.291359527427254 ], [ 34.746871934915895, 31.289104824823252 ], [ 34.74949745836178, 31.289114148544609 ] ] ] } },
{ "type": "Feature", "properties": { "cell_id": 1579, "score_syntax": 71.305, "syntax_closeness_pct": 68.121, "syntax_betweenness_pct": 76.08, "segment_count": 2.0 }, "geometry": { "type": "Polygon", "coordinates": [ [ [ 34.752423884872002, 31.225991376812306 ], [ 34.752413154690231, 31.228246103323603 ], [ 34.749789314458603, 31.22823685535063 ], [ 34.749800106928639, 31.225982129657009 ], [ 34.752423884872002, 31.225991376812306 ] ] ] } },
{ "type": "Feature", "properties": { "cell_id": 1580, "score_syntax": 72.303, "syntax_closeness_pct": 68.893, "syntax_betweenness_pct": 77.419, "segment_count": 2.0 }, "geometry": { "type": "Polygon", "coordinates": [ [ [ 34.752413154690231, 31.228246103323603 ], [ 34.752402423301127, 31.230500829040153 ], [ 34.749778520774242, 31.230491580249499 ], [ 34.749789314458603, 31.22823685535063 ], [ 34.752413154690231, 31.228246103323603 ] ] ] } },
{ "type": "Feature", "properties": { "cell_id": 1584, "score_syntax": 20.825, "syntax_closeness_pct": 12.617, "syntax_betweenness_pct": 33.137, "segment_count": 5.0 }, "geometry": { "type": "Polygon", "coordinates": [ [ [ 34.752370221888732, 31.237265001420994 ], [ 34.752359485669174, 31.239519723958242 ], [ 34.749735333891174, 31.23951047189643 ], [ 34.749746132434012, 31.23725575017702 ], [ 34.752370221888732, 31.237265001420994 ] ] ] } },
{ "type": "Feature", "properties": { "cell_id": 1585, "score_syntax": 18.573, "syntax_closeness_pct": 8.864, "syntax_betweenness_pct": 33.137, "segment_count": 4.0 }, "geometry": { "type": "Polygon", "coordinates": [ [ [ 34.752359485669174, 31.239519723958242 ], [ 34.752348748241673, 31.241774445700575 ], [ 34.749724534133399, 31.241765192820871 ], [ 34.749735333891174, 31.23951047189643 ], [ 34.752359485669174, 31.239519723958242 ] ] ] } },
{ "type": "Feature", "properties": { "cell_id": 1586, "score_syntax": 64.335, "syntax_closeness_pct": 63.264, "syntax_betweenness_pct": 65.941, "segment_count": 20.0 }, "geometry": { "type": "Polygon", "coordinates": [ [ [ 34.752348748241673, 31.241774445700575 ], [ 34.752338009606163, 31.244029166647966 ], [ 34.74971373316059, 31.24401991295035 ], [ 34.749724534133399, 31.241765192820871 ], [ 34.752348748241673, 31.241774445700575 ] ] ] } },
{ "type": "Feature", "properties": { "cell_id": 1587, "score_syntax": 20.608, "syntax_closeness_pct": 12.256, "syntax_betweenness_pct": 33.137, "segment_count": 3.0 }, "geometry": { "type": "Polygon", "coordinates": [ [ [ 34.752338009606163, 31.244029166647966 ], [ 34.752327269762482, 31.246283886800413 ], [ 34.749702930972624, 31.24627463228482 ], [ 34.74971373316059, 31.24401991295035 ], [ 34.752338009606163, 31.244029166647966 ] ] ] } },
{ "type": "Feature", "properties": { "cell_id": 1592, "score_syntax": 32.903, "syntax_closeness_pct": 32.747, "syntax_betweenness_pct": 33.137, "segment_count": 1.0 }, "geometry": { "type": "Polygon", "coordinates": [ [ [ 34.75228429830387, 31.255302759459749 ], [ 34.752273552417648, 31.257557475636819 ], [ 34.749648901801201, 31.257548217030855 ], [ 34.749659710066759, 31.255293501671947 ], [ 34.75228429830387, 31.255302759459749 ] ] ] } },
{ "type": "Feature", "properties": { "cell_id": 1593, "score_syntax": 30.434, "syntax_closeness_pct": 28.632, "syntax_betweenness_pct": 33.137, "segment_count": 2.0 }, "geometry": { "type": "Polygon", "coordinates": [ [ [ 34.752273552417648, 31.257557475636819 ], [ 34.752262805322552, 31.259812191018735 ], [ 34.749638092319771, 31.259802931594596 ], [ 34.749648901801201, 31.257548217030855 ], [ 34.752273552417648, 31.257557475636819 ] ] ] } },
{ "type": "Feature", "properties": { "cell_id": 1594, "score_syntax": 38.454, "syntax_closeness_pct": 30.584, "syntax_betweenness_pct": 50.258, "segment_count": 2.0 }, "geometry": { "type": "Polygon", "coordinates": [ [ [ 34.752262805322552, 31.259812191018735 ], [ 34.752252057018481, 31.262066905605451 ], [ 34.749627281622338, 31.262057645363075 ], [ 34.749638092319771, 31.259802931594596 ], [ 34.752262805322552, 31.259812191018735 ] ] ] } },
{ "type": "Feature", "properties": { "cell_id": 1595, "score_syntax": 70.452, "syntax_closeness_pct": 63.233, "syntax_betweenness_pct": 81.281, "segment_count": 9.0 }, "geometry": { "type": "Polygon", "coordinates": [ [ [ 34.752252057018481, 31.262066905605451 ], [ 34.752241307505287, 31.264321619396938 ], [ 34.749616469708783, 31.264312358336301 ], [ 34.749627281622338, 31.262057645363075 ], [ 34.752252057018481, 31.262066905605451 ] ] ] } },
{ "type": "Feature", "properties": { "cell_id": 1596, "score_syntax": 16.207, "syntax_closeness_pct": 4.92, "syntax_betweenness_pct": 33.137, "segment_count": 1.0 }, "geometry": { "type": "Polygon", "coordinates": [ [ [ 34.752241307505287, 31.264321619396938 ], [ 34.752230556782877, 31.266576332393139 ], [ 34.749605656578993, 31.266567070514217 ], [ 34.749616469708783, 31.264312358336301 ], [ 34.752241307505287, 31.264321619396938 ] ] ] } },
{ "type": "Feature", "properties": { "cell_id": 1597, "score_syntax": 34.442, "syntax_closeness_pct": 33.725, "syntax_betweenness_pct": 35.518, "segment_count": 16.0 }, "geometry": { "type": "Polygon", "coordinates": [ [ [ 34.752230556782877, 31.266576332393139 ], [ 34.752219804851116, 31.268831044594066 ], [ 34.74959484223286, 31.268821781896783 ], [ 34.749605656578993, 31.266567070514217 ], [ 34.752230556782877, 31.266576332393139 ] ] ] } },
{ "type": "Feature", "properties": { "cell_id": 1598, "score_syntax": 33.885, "syntax_closeness_pct": 31.526, "syntax_betweenness_pct": 37.423, "segment_count": 17.0 }, "geometry": { "type": "Polygon", "coordinates": [ [ [ 34.752219804851116, 31.268831044594066 ], [ 34.752209051709904, 31.271085755999653 ], [ 34.749584026670227, 31.271076492484003 ], [ 34.74959484223286, 31.268821781896783 ], [ 34.752219804851116, 31.268831044594066 ] ] ] } },
{ "type": "Feature", "properties": { "cell_id": 1599, "score_syntax": 34.56, "syntax_closeness_pct": 33.814, "syntax_betweenness_pct": 35.681, "segment_count": 16.0 }, "geometry": { "type": "Polygon", "coordinates": [ [ [ 34.752209051709904, 31.271085755999653 ], [ 34.752198297359108, 31.273340466609884 ], [ 34.749573209891025, 31.273331202275841 ], [ 34.749584026670227, 31.271076492484003 ], [ 34.752209051709904, 31.271085755999653 ] ] ] } },
{ "type": "Feature", "properties": { "cell_id": 1600, "score_syntax": 40.416, "syntax_closeness_pct": 38.122, "syntax_betweenness_pct": 43.858, "segment_count": 14.0 }, "geometry": { "type": "Polygon", "coordinates": [ [ [ 34.752198297359108, 31.273340466609884 ], [ 34.752187541798598, 31.275595176424719 ], [ 34.74956239189509, 31.27558591127222 ], [ 34.749573209891025, 31.273331202275841 ], [ 34.752198297359108, 31.273340466609884 ] ] ] } },
{ "type": "Feature", "properties": { "cell_id": 1601, "score_syntax": 45.719, "syntax_closeness_pct": 46.013, "syntax_betweenness_pct": 45.279, "segment_count": 6.0 }, "geometry": { "type": "Polygon", "coordinates": [ [ [ 34.752187541798598, 31.275595176424719 ], [ 34.752176785028276, 31.277849885444134 ], [ 34.749551572682329, 31.277840619473128 ], [ 34.74956239189509, 31.27558591127222 ], [ 34.752187541798598, 31.275595176424719 ] ] ] } },
{ "type": "Feature", "properties": { "cell_id": 1602, "score_syntax": 29.856, "syntax_closeness_pct": 21.472, "syntax_betweenness_pct": 42.432, "segment_count": 4.0 }, "geometry": { "type": "Polygon", "coordinates": [ [ [ 34.752176785028276, 31.277849885444134 ], [ 34.752166027048027, 31.280104593668092 ], [ 34.749540752252614, 31.280095326878545 ], [ 34.749551572682329, 31.277840619473128 ], [ 34.752176785028276, 31.277849885444134 ] ] ] } },
{ "type": "Feature", "properties": { "cell_id": 1606, "score_syntax": 14.875, "syntax_closeness_pct": 2.701, "syntax_betweenness_pct": 33.137, "segment_count": 1.0 }, "geometry": { "type": "Polygon", "coordinates": [ [ [ 34.752133745846415, 31.286868713566854 ], [ 34.752122983025217, 31.289123418608661 ], [ 34.74949745836178, 31.289114148544609 ], [ 34.749508283660525, 31.286859444321497 ], [ 34.752133745846415, 31.286868713566854 ] ] ] } },
{ "type": "Feature", "properties": { "cell_id": 1659, "score_syntax": 15.824, "syntax_closeness_pct": 4.282, "syntax_betweenness_pct": 33.137, "segment_count": 1.0 }, "geometry": { "type": "Polygon", "coordinates": [ [ [ 34.755058330715748, 31.223745842323773 ], [ 34.755047664022563, 31.226000570442668 ], [ 34.752423884872002, 31.225991376812306 ], [ 34.752434613846567, 31.223736649506318 ], [ 34.755058330715748, 31.223745842323773 ] ] ] } },
{ "type": "Feature", "properties": { "cell_id": 1665, "score_syntax": 15.463, "syntax_closeness_pct": 3.681, "syntax_betweenness_pct": 33.137, "segment_count": 1.0 }, "geometry": { "type": "Polygon", "coordinates": [ [ [ 34.754994312551254, 31.237274199116367 ], [ 34.754983638655098, 31.239528922466739 ], [ 34.752359485669174, 31.239519723958242 ], [ 34.752370221888732, 31.237265001420994 ], [ 34.754994312551254, 31.237274199116367 ] ] ] } },
{ "type": "Feature", "properties": { "cell_id": 1666, "score_syntax": 73.587, "syntax_closeness_pct": 71.834, "syntax_betweenness_pct": 76.217, "segment_count": 6.0 }, "geometry": { "type": "Polygon", "coordinates": [ [ [ 34.754983638655098, 31.239528922466739 ], [ 34.754972963558011, 31.241783645022227 ], [ 34.752348748241673, 31.241774445700575 ], [ 34.752359485669174, 31.239519723958242 ], [ 34.754983638655098, 31.239528922466739 ] ] ] } },
{ "type": "Feature", "properties": { "cell_id": 1667, "score_syntax": 76.569, "syntax_closeness_pct": 72.012, "syntax_betweenness_pct": 83.404, "segment_count": 3.0 }, "geometry": { "type": "Polygon", "coordinates": [ [ [ 34.754972963558011, 31.241783645022227 ], [ 34.7549622872599, 31.244038366782821 ], [ 34.752338009606163, 31.244029166647966 ], [ 34.752348748241673, 31.241774445700575 ], [ 34.754972963558011, 31.241783645022227 ] ] ] } },
{ "type": "Feature", "properties": { "cell_id": 1670, "score_syntax": 76.965, "syntax_closeness_pct": 70.57, "syntax_betweenness_pct": 86.558, "segment_count": 1.0 }, "geometry": { "type": "Polygon", "coordinates": [ [ [ 34.754940931060105, 31.248547807919167 ], [ 34.754930251158193, 31.250802527294855 ], [ 34.752305786450215, 31.250793324720213 ], [ 34.752316528710551, 31.24853860615783 ], [ 34.754940931060105, 31.248547807919167 ] ] ] } },
{ "type": "Feature", "properties": { "cell_id": 1672, "score_syntax": 29.035, "syntax_closeness_pct": 26.301, "syntax_betweenness_pct": 33.137, "segment_count": 3.0 }, "geometry": { "type": "Polygon", "coordinates": [ [ [ 34.754919570054774, 31.253057245875514 ], [ 34.75490888774975, 31.255311963661114 ], [ 34.75228429830387, 31.255302759459749 ], [ 34.752295042981359, 31.253048042487524 ], [ 34.754919570054774, 31.253057245875514 ] ] ] } },
{ "type": "Feature", "properties": { "cell_id": 1673, "score_syntax": 54.404, "syntax_closeness_pct": 60.156, "syntax_betweenness_pct": 45.776, "segment_count": 37.0 }, "geometry": { "type": "Polygon", "coordinates": [ [ [ 34.75490888774975, 31.255311963661114 ], [ 34.75489820424297, 31.257566680651632 ], [ 34.752273552417648, 31.257557475636819 ], [ 34.75228429830387, 31.255302759459749 ], [ 34.75490888774975, 31.255311963661114 ] ] ] } },
{ "type": "Feature", "properties": { "cell_id": 1674, "score_syntax": 52.754, "syntax_closeness_pct": 53.671, "syntax_betweenness_pct": 51.377, "segment_count": 29.0 }, "geometry": { "type": "Polygon", "coordinates": [ [ [ 34.75489820424297, 31.257566680651632 ], [ 34.754887519534336, 31.259821396846974 ], [ 34.752262805322552, 31.259812191018735 ], [ 34.752273552417648, 31.257557475636819 ], [ 34.75489820424297, 31.257566680651632 ] ] ] } },
{ "type": "Feature", "properties": { "cell_id": 1675, "score_syntax": 44.634, "syntax_closeness_pct": 40.204, "syntax_betweenness_pct": 51.279, "segment_count": 7.0 }, "geometry": { "type": "Polygon", "coordinates": [ [ [ 34.754887519534336, 31.259821396846974 ], [ 34.754876833623719, 31.262076112247179 ], [ 34.752252057018481, 31.262066905605451 ], [ 34.752262805322552, 31.259812191018735 ], [ 34.754887519534336, 31.259821396846974 ] ] ] } },
{ "type": "Feature", "properties": { "cell_id": 1676, "score_syntax": 29.038, "syntax_closeness_pct": 26.305, "syntax_betweenness_pct": 33.137, "segment_count": 4.0 }, "geometry": { "type": "Polygon", "coordinates": [ [ [ 34.754876833623719, 31.262076112247179 ], [ 34.75486614651102, 31.264330826852209 ], [ 34.752241307505287, 31.264321619396938 ], [ 34.752252057018481, 31.262066905605451 ], [ 34.754876833623719, 31.262076112247179 ] ] ] } },
{ "type": "Feature", "properties": { "cell_id": 1677, "score_syntax": 60.984, "syntax_closeness_pct": 59.742, "syntax_betweenness_pct": 62.847, "segment_count": 20.0 }, "geometry": { "type": "Polygon", "coordinates": [ [ [ 34.75486614651102, 31.264330826852209 ], [ 34.754855458196104, 31.266585540662003 ], [ 34.752230556782877, 31.266576332393139 ], [ 34.752241307505287, 31.264321619396938 ], [ 34.75486614651102, 31.264330826852209 ] ] ] } },
{ "type": "Feature", "properties": { "cell_id": 1678, "score_syntax": 40.597, "syntax_closeness_pct": 43.352, "syntax_betweenness_pct": 36.465, "segment_count": 12.0 }, "geometry": { "type": "Polygon", "coordinates": [ [ [ 34.754855458196104, 31.266585540662003 ], [ 34.754844768678858, 31.268840253676533 ], [ 34.752219804851116, 31.268831044594066 ], [ 34.752230556782877, 31.266576332393139 ], [ 34.754855458196104, 31.266585540662003 ] ] ] } },
{ "type": "Feature", "properties": { "cell_id": 1679, "score_syntax": 29.531, "syntax_closeness_pct": 27.127, "syntax_betweenness_pct": 33.137, "segment_count": 14.0 }, "geometry": { "type": "Polygon", "coordinates": [ [ [ 34.754844768678858, 31.268840253676533 ], [ 34.75483407795916, 31.271094965895763 ], [ 34.752209051709904, 31.271085755999653 ], [ 34.752219804851116, 31.268831044594066 ], [ 34.754844768678858, 31.268840253676533 ] ] ] } },
{ "type": "Feature", "properties": { "cell_id": 1680, "score_syntax": 44.297, "syntax_closeness_pct": 44.732, "syntax_betweenness_pct": 43.645, "segment_count": 11.0 }, "geometry": { "type": "Polygon", "coordinates": [ [ [ 34.75483407795916, 31.271094965895763 ], [ 34.754823386036897, 31.27334967731969 ], [ 34.752198297359108, 31.273340466609884 ], [ 34.752209051709904, 31.271085755999653 ], [ 34.75483407795916, 31.271094965895763 ] ] ] } },
{ "type": "Feature", "properties": { "cell_id": 1681, "score_syntax": 35.267, "syntax_closeness_pct": 31.719, "syntax_betweenness_pct": 40.589, "segment_count": 11.0 }, "geometry": { "type": "Polygon", "coordinates": [ [ [ 34.754823386036897, 31.27334967731969 ], [ 34.754812692911941, 31.275604387948238 ], [ 34.752187541798598, 31.275595176424719 ], [ 34.752198297359108, 31.273340466609884 ], [ 34.754823386036897, 31.27334967731969 ] ] ] } },
{ "type": "Feature", "properties": { "cell_id": 1682, "score_syntax": 37.261, "syntax_closeness_pct": 36.396, "syntax_betweenness_pct": 38.56, "segment_count": 14.0 }, "geometry": { "type": "Polygon", "coordinates": [ [ [ 34.754812692911941, 31.275604387948238 ], [ 34.754801998584171, 31.277859097781398 ], [ 34.752176785028276, 31.277849885444134 ], [ 34.752187541798598, 31.275595176424719 ], [ 34.754812692911941, 31.275604387948238 ] ] ] } },
{ "type": "Feature", "properties": { "cell_id": 1683, "score_syntax": 57.049, "syntax_closeness_pct": 58.136, "syntax_betweenness_pct": 55.418, "segment_count": 5.0 }, "geometry": { "type": "Polygon", "coordinates": [ [ [ 34.754801998584171, 31.277859097781398 ], [ 34.754791303053501, 31.280113806819159 ], [ 34.752166027048027, 31.280104593668092 ], [ 34.752176785028276, 31.277849885444134 ], [ 34.754801998584171, 31.277859097781398 ] ] ] } },
{ "type": "Feature", "properties": { "cell_id": 1690, "score_syntax": 14.72, "syntax_closeness_pct": 2.441, "syntax_betweenness_pct": 33.137, "segment_count": 1.0 }, "geometry": { "type": "Polygon", "coordinates": [ [ [ 34.754727104601365, 31.29364204433999 ], [ 34.754716400646913, 31.295896747808893 ], [ 34.75209068729788, 31.295887528960169 ], [ 34.752101453751067, 31.29363282630533 ], [ 34.754727104601365, 31.29364204433999 ] ] ] } },
{ "type": "Feature", "properties": { "cell_id": 1745, "score_syntax": 78.531, "syntax_closeness_pct": 71.164, "syntax_betweenness_pct": 89.581, "segment_count": 1.0 }, "geometry": { "type": "Polygon", "coordinates": [ [ [ 34.757629014793437, 31.235028618309492 ], [ 34.757618404414572, 31.237283343263055 ], [ 34.754994312551254, 31.237274199116367 ], [ 34.755004985246636, 31.235019474971164 ], [ 34.757629014793437, 31.235028618309492 ] ] ] } },
{ "type": "Feature", "properties": { "cell_id": 1746, "score_syntax": 14.951, "syntax_closeness_pct": 2.827, "syntax_betweenness_pct": 33.137, "segment_count": 1.0 }, "geometry": { "type": "Polygon", "coordinates": [ [ [ 34.757618404414572, 31.237283343263055 ], [ 34.757607792841917, 31.239538067421808 ], [ 34.754983638655098, 31.239528922466739 ], [ 34.754994312551254, 31.237274199116367 ], [ 34.757618404414572, 31.237283343263055 ] ] ] } },
{ "type": "Feature", "properties": { "cell_id": 1747, "score_syntax": 81.406, "syntax_closeness_pct": 73.38, "syntax_betweenness_pct": 93.445, "segment_count": 3.0 }, "geometry": { "type": "Polygon", "coordinates": [ [ [ 34.757607792841917, 31.239538067421808 ], [ 34.757597180075365, 31.241792790785727 ], [ 34.754972963558011, 31.241783645022227 ], [ 34.754983638655098, 31.239528922466739 ], [ 34.757607792841917, 31.239538067421808 ] ] ] } },
{ "type": "Feature", "properties": { "cell_id": 1750, "score_syntax": 32.262, "syntax_closeness_pct": 26.745, "syntax_betweenness_pct": 40.536, "segment_count": 6.0 }, "geometry": { "type": "Polygon", "coordinates": [ [ [ 34.757575950960039, 31.246302235128947 ], [ 34.757565334611044, 31.248556956108182 ], [ 34.754940931060105, 31.248547807919167 ], [ 34.754951609760639, 31.246293087748477 ], [ 34.757575950960039, 31.246302235128947 ] ] ] } },
{ "type": "Feature", "properties": { "cell_id": 1751, "score_syntax": 37.218, "syntax_closeness_pct": 39.938, "syntax_betweenness_pct": 33.137, "segment_count": 3.0 }, "geometry": { "type": "Polygon", "coordinates": [ [ [ 34.757565334611044, 31.248556956108182 ], [ 34.757554717067677, 31.250811676292457 ], [ 34.754930251158193, 31.250802527294855 ], [ 34.754940931060105, 31.248547807919167 ], [ 34.757565334611044, 31.248556956108182 ] ] ] } },
{ "type": "Feature", "properties": { "cell_id": 1752, "score_syntax": 40.036, "syntax_closeness_pct": 42.514, "syntax_betweenness_pct": 36.318, "segment_count": 11.0 }, "geometry": { "type": "Polygon", "coordinates": [ [ [ 34.757554717067677, 31.250811676292457 ], [ 34.757544098329838, 31.253066395681728 ], [ 34.754919570054774, 31.253057245875514 ], [ 34.754930251158193, 31.250802527294855 ], [ 34.757554717067677, 31.250811676292457 ] ] ] } },
{ "type": "Feature", "properties": { "cell_id": 1753, "score_syntax": 52.587, "syntax_closeness_pct": 57.441, "syntax_betweenness_pct": 45.305, "segment_count": 51.0 }, "geometry": { "type": "Polygon", "coordinates": [ [ [ 34.757544098329838, 31.253066395681728 ], [ 34.757533478397349, 31.255321114275986 ], [ 34.75490888774975, 31.255311963661114 ], [ 34.754919570054774, 31.253057245875514 ], [ 34.757544098329838, 31.253066395681728 ] ] ] } },
{ "type": "Feature", "properties": { "cell_id": 1754, "score_syntax": 47.747, "syntax_closeness_pct": 51.941, "syntax_betweenness_pct": 41.455, "segment_count": 47.0 }, "geometry": { "type": "Polygon", "coordinates": [ [ [ 34.757533478397349, 31.255321114275986 ], [ 34.757522857270146, 31.257575832075176 ], [ 34.75489820424297, 31.257566680651632 ], [ 34.75490888774975, 31.255311963661114 ], [ 34.757533478397349, 31.255321114275986 ] ] ] } },
{ "type": "Feature", "properties": { "cell_id": 1755, "score_syntax": 52.102, "syntax_closeness_pct": 54.368, "syntax_betweenness_pct": 48.702, "segment_count": 30.0 }, "geometry": { "type": "Polygon", "coordinates": [ [ [ 34.757522857270146, 31.257575832075176 ], [ 34.757512234948088, 31.259830549079261 ], [ 34.754887519534336, 31.259821396846974 ], [ 34.75489820424297, 31.257566680651632 ], [ 34.757522857270146, 31.257575832075176 ] ] ] } },
{ "type": "Feature", "properties": { "cell_id": 1756, "score_syntax": 43.138, "syntax_closeness_pct": 42.099, "syntax_betweenness_pct": 44.697, "segment_count": 14.0 }, "geometry": { "type": "Polygon", "coordinates": [ [ [ 34.757512234948088, 31.259830549079261 ], [ 34.757501611431067, 31.262085265288242 ], [ 34.754876833623719, 31.262076112247179 ], [ 34.754887519534336, 31.259821396846974 ], [ 34.757512234948088, 31.259830549079261 ] ] ] } },
{ "type": "Feature", "properties": { "cell_id": 1757, "score_syntax": 29.796, "syntax_closeness_pct": 25.587, "syntax_betweenness_pct": 36.109, "segment_count": 12.0 }, "geometry": { "type": "Polygon", "coordinates": [ [ [ 34.757501611431067, 31.262085265288242 ], [ 34.75749098671897, 31.264339980702061 ], [ 34.75486614651102, 31.264330826852209 ], [ 34.754876833623719, 31.262076112247179 ], [ 34.757501611431067, 31.262085265288242 ] ] ] } },
{ "type": "Feature", "properties": { "cell_id": 1758, "score_syntax": 33.808, "syntax_closeness_pct": 28.034, "syntax_betweenness_pct": 42.47, "segment_count": 5.0 }, "geometry": { "type": "Polygon", "coordinates": [ [ [ 34.75749098671897, 31.264339980702061 ], [ 34.757480360811655, 31.266594695320695 ], [ 34.754855458196104, 31.266585540662003 ], [ 34.75486614651102, 31.264330826852209 ], [ 34.75749098671897, 31.264339980702061 ] ] ] } },
{ "type": "Feature", "properties": { "cell_id": 1759, "score_syntax": 50.207, "syntax_closeness_pct": 48.316, "syntax_betweenness_pct": 53.044, "segment_count": 14.0 }, "geometry": { "type": "Polygon", "coordinates": [ [ [ 34.757480360811655, 31.266594695320695 ], [ 34.757469733709044, 31.268849409144103 ], [ 34.754844768678858, 31.268840253676533 ], [ 34.754855458196104, 31.266585540662003 ], [ 34.757480360811655, 31.266594695320695 ] ] ] } },
{ "type": "Feature", "properties": { "cell_id": 1760, "score_syntax": 35.342, "syntax_closeness_pct": 34.197, "syntax_betweenness_pct": 37.059, "segment_count": 11.0 }, "geometry": { "type": "Polygon", "coordinates": [ [ [ 34.757469733709044, 31.268849409144103 ], [ 34.757459105410966, 31.271104122172257 ], [ 34.75483407795916, 31.271094965895763 ], [ 34.754844768678858, 31.268840253676533 ], [ 34.757469733709044, 31.268849409144103 ] ] ] } },
{ "type": "Feature", "properties": { "cell_id": 1761, "score_syntax": 23.389, "syntax_closeness_pct": 16.891, "syntax_betweenness_pct": 33.137, "segment_count": 5.0 }, "geometry": { "type": "Polygon", "coordinates": [ [ [ 34.757459105410966, 31.271104122172257 ], [ 34.75744847591735, 31.273358834405126 ], [ 34.754823386036897, 31.27334967731969 ], [ 34.75483407795916, 31.271094965895763 ], [ 34.757459105410966, 31.271104122172257 ] ] ] } },
{ "type": "Feature", "properties": { "cell_id": 1762, "score_syntax": 33.768, "syntax_closeness_pct": 31.592, "syntax_betweenness_pct": 37.03, "segment_count": 11.0 }, "geometry": { "type": "Polygon", "coordinates": [ [ [ 34.75744847591735, 31.273358834405126 ], [ 34.757437845228061, 31.275613545842681 ], [ 34.754812692911941, 31.275604387948238 ], [ 34.754823386036897, 31.27334967731969 ], [ 34.75744847591735, 31.273358834405126 ] ] ] } },
{ "type": "Feature", "properties": { "cell_id": 1763, "score_syntax": 44.967, "syntax_closeness_pct": 45.709, "syntax_betweenness_pct": 43.853, "segment_count": 15.0 }, "geometry": { "type": "Polygon", "coordinates": [ [ [ 34.757437845228061, 31.275613545842681 ], [ 34.757427213342986, 31.277868256484879 ], [ 34.754801998584171, 31.277859097781398 ], [ 34.754812692911941, 31.275604387948238 ], [ 34.757437845228061, 31.275613545842681 ] ] ] } },
{ "type": "Feature", "properties": { "cell_id": 1764, "score_syntax": 15.093, "syntax_closeness_pct": 3.065, "syntax_betweenness_pct": 33.137, "segment_count": 1.0 }, "geometry": { "type": "Polygon", "coordinates": [ [ [ 34.757427213342986, 31.277868256484879 ], [ 34.757416580262003, 31.280122966331682 ], [ 34.754791303053501, 31.280113806819159 ], [ 34.754801998584171, 31.277859097781398 ], [ 34.757427213342986, 31.277868256484879 ] ] ] } },
{ "type": "Feature", "properties": { "cell_id": 1765, "score_syntax": 14.826, "syntax_closeness_pct": 2.619, "syntax_betweenness_pct": 33.137, "segment_count": 4.0 }, "geometry": { "type": "Polygon", "coordinates": [ [ [ 34.757416580262003, 31.280122966331682 ], [ 34.757405945985006, 31.282377675383099 ], [ 34.75478060631977, 31.282368515061457 ], [ 34.754791303053501, 31.280113806819159 ], [ 34.757416580262003, 31.280122966331682 ] ] ] } },
{ "type": "Feature", "properties": { "cell_id": 1827, "score_syntax": 14.886, "syntax_closeness_pct": 2.72, "syntax_betweenness_pct": 33.137, "segment_count": 2.0 }, "geometry": { "type": "Polygon", "coordinates": [ [ [ 34.76024249747168, 31.237292433860969 ], [ 34.76023194822266, 31.23954715882337 ], [ 34.757607792841917, 31.239538067421808 ], [ 34.757618404414572, 31.237283343263055 ], [ 34.76024249747168, 31.237292433860969 ] ] ] } },
{ "type": "Feature", "properties": { "cell_id": 1828, "score_syntax": 61.805, "syntax_closeness_pct": 61.009, "syntax_betweenness_pct": 62.999, "segment_count": 18.0 }, "geometry": { "type": "Polygon", "coordinates": [ [ [ 34.76023194822266, 31.23954715882337 ], [ 34.760221397786736, 31.241801882991005 ], [ 34.757597180075365, 31.241792790785727 ], [ 34.757607792841917, 31.239538067421808 ], [ 34.76023194822266, 31.23954715882337 ] ] ] } },
{ "type": "Feature", "properties": { "cell_id": 1829, "score_syntax": 29.685, "syntax_closeness_pct": 27.384, "syntax_betweenness_pct": 33.137, "segment_count": 4.0 }, "geometry": { "type": "Polygon", "coordinates": [ [ [ 34.760221397786736, 31.241801882991005 ], [ 34.760210846163794, 31.244056606363806 ], [ 34.757586566114774, 31.24404751335479 ], [ 34.757597180075365, 31.241792790785727 ], [ 34.760221397786736, 31.241801882991005 ] ] ] } },
{ "type": "Feature", "properties": { "cell_id": 1830, "score_syntax": 35.662, "syntax_closeness_pct": 37.345, "syntax_betweenness_pct": 33.137, "segment_count": 14.0 }, "geometry": { "type": "Polygon", "coordinates": [ [ [ 34.760210846163794, 31.244056606363806 ], [ 34.760200293353719, 31.24631132894174 ], [ 34.757575950960039, 31.246302235128947 ], [ 34.757586566114774, 31.24404751335479 ], [ 34.760210846163794, 31.244056606363806 ] ] ] } },
{ "type": "Feature", "properties": { "cell_id": 1831, "score_syntax": 32.244, "syntax_closeness_pct": 31.649, "syntax_betweenness_pct": 33.137, "segment_count": 10.0 }, "geometry": { "type": "Polygon", "coordinates": [ [ [ 34.760200293353719, 31.24631132894174 ], [ 34.760189739356392, 31.248566050724797 ], [ 34.757565334611044, 31.248556956108182 ], [ 34.757575950960039, 31.246302235128947 ], [ 34.760200293353719, 31.24631132894174 ] ] ] } },
{ "type": "Feature", "properties": { "cell_id": 1832, "score_syntax": 40.363, "syntax_closeness_pct": 45.18, "syntax_betweenness_pct": 33.137, "segment_count": 4.0 }, "geometry": { "type": "Polygon", "coordinates": [ [ [ 34.760189739356392, 31.248566050724797 ], [ 34.76017918417169, 31.250820771712906 ], [ 34.757554717067677, 31.250811676292457 ], [ 34.757565334611044, 31.248556956108182 ], [ 34.760189739356392, 31.248566050724797 ] ] ] } },
{ "type": "Feature", "properties": { "cell_id": 1833, "score_syntax": 31.94, "syntax_closeness_pct": 31.142, "syntax_betweenness_pct": 33.137, "segment_count": 4.0 }, "geometry": { "type": "Polygon", "coordinates": [ [ [ 34.76017918417169, 31.250820771712906 ], [ 34.76016862779948, 31.253075491906081 ], [ 34.757544098329838, 31.253066395681728 ], [ 34.757554717067677, 31.250811676292457 ], [ 34.76017918417169, 31.250820771712906 ] ] ] } },
{ "type": "Feature", "properties": { "cell_id": 1834, "score_syntax": 37.604, "syntax_closeness_pct": 40.581, "syntax_betweenness_pct": 33.137, "segment_count": 8.0 }, "geometry": { "type": "Polygon", "coordinates": [ [ [ 34.76016862779948, 31.253075491906081 ], [ 34.760158070239683, 31.255330211304237 ], [ 34.757533478397349, 31.255321114275986 ], [ 34.757544098329838, 31.253066395681728 ], [ 34.76016862779948, 31.253075491906081 ] ] ] } },
{ "type": "Feature", "properties": { "cell_id": 1835, "score_syntax": 63.488, "syntax_closeness_pct": 59.937, "syntax_betweenness_pct": 68.814, "segment_count": 29.0 }, "geometry": { "type": "Polygon", "coordinates": [ [ [ 34.760158070239683, 31.255330211304237 ], [ 34.760147511492164, 31.257584929907388 ], [ 34.757522857270146, 31.257575832075176 ], [ 34.757533478397349, 31.255321114275986 ], [ 34.760158070239683, 31.255330211304237 ] ] ] } },
{ "type": "Feature", "properties": { "cell_id": 1836, "score_syntax": 23.936, "syntax_closeness_pct": 17.802, "syntax_betweenness_pct": 33.137, "segment_count": 9.0 }, "geometry": { "type": "Polygon", "coordinates": [ [ [ 34.760147511492164, 31.257584929907388 ], [ 34.760136951556809, 31.259839647715499 ], [ 34.757512234948088, 31.259830549079261 ], [ 34.757522857270146, 31.257575832075176 ], [ 34.760147511492164, 31.257584929907388 ] ] ] } },
{ "type": "Feature", "properties": { "cell_id": 1837, "score_syntax": 57.687, "syntax_closeness_pct": 57.316, "syntax_betweenness_pct": 58.244, "segment_count": 24.0 }, "geometry": { "type": "Polygon", "coordinates": [ [ [ 34.760136951556809, 31.259839647715499 ], [ 34.760126390433484, 31.262094364728505 ], [ 34.757501611431067, 31.262085265288242 ], [ 34.757512234948088, 31.259830549079261 ], [ 34.760136951556809, 31.259839647715499 ] ] ] } },
{ "type": "Feature", "properties": { "cell_id": 1838, "score_syntax": 37.359, "syntax_closeness_pct": 36.516, "syntax_betweenness_pct": 38.623, "segment_count": 9.0 }, "geometry": { "type": "Polygon", "coordinates": [ [ [ 34.760126390433484, 31.262094364728505 ], [ 34.760115828122103, 31.264349080946399 ], [ 34.75749098671897, 31.264339980702061 ], [ 34.757501611431067, 31.262085265288242 ], [ 34.760126390433484, 31.262094364728505 ] ] ] } },
{ "type": "Feature", "properties": { "cell_id": 1839, "score_syntax": 48.231, "syntax_closeness_pct": 42.807, "syntax_betweenness_pct": 56.367, "segment_count": 6.0 }, "geometry": { "type": "Polygon", "coordinates": [ [ [ 34.760115828122103, 31.264349080946399 ], [ 34.760105264622524, 31.266603796369143 ], [ 34.757480360811655, 31.266594695320695 ], [ 34.75749098671897, 31.264339980702061 ], [ 34.760115828122103, 31.264349080946399 ] ] ] } },
{ "type": "Feature", "properties": { "cell_id": 1840, "score_syntax": 29.54, "syntax_closeness_pct": 23.946, "syntax_betweenness_pct": 37.931, "segment_count": 10.0 }, "geometry": { "type": "Polygon", "coordinates": [ [ [ 34.760105264622524, 31.266603796369143 ], [ 34.760094699934648, 31.268858510996697 ], [ 34.757469733709044, 31.268849409144103 ], [ 34.757480360811655, 31.266594695320695 ], [ 34.760105264622524, 31.266603796369143 ] ] ] } },
{ "type": "Feature", "properties": { "cell_id": 1841, "score_syntax": 56.126, "syntax_closeness_pct": 54.644, "syntax_betweenness_pct": 58.349, "segment_count": 20.0 }, "geometry": { "type": "Polygon", "coordinates": [ [ [ 34.760094699934648, 31.268858510996697 ], [ 34.760084134058346, 31.271113224829048 ], [ 34.757459105410966, 31.271104122172257 ], [ 34.757469733709044, 31.268849409144103 ], [ 34.760094699934648, 31.268858510996697 ] ] ] } },
{ "type": "Feature", "properties": { "cell_id": 1842, "score_syntax": 27.228, "syntax_closeness_pct": 23.289, "syntax_betweenness_pct": 33.137, "segment_count": 12.0 }, "geometry": { "type": "Polygon", "coordinates": [ [ [ 34.760084134058346, 31.271113224829048 ], [ 34.760073566993498, 31.273367937866126 ], [ 34.75744847591735, 31.273358834405126 ], [ 34.757459105410966, 31.271104122172257 ], [ 34.760084134058346, 31.271113224829048 ] ] ] } },
{ "type": "Feature", "properties": { "cell_id": 1843, "score_syntax": 49.826, "syntax_closeness_pct": 49.34, "syntax_betweenness_pct": 50.555, "segment_count": 18.0 }, "geometry": { "type": "Polygon", "coordinates": [ [ [ 34.760073566993498, 31.273367937866126 ], [ 34.760062998739997, 31.275622650107938 ], [ 34.757437845228061, 31.275613545842681 ], [ 34.75744847591735, 31.273358834405126 ], [ 34.760073566993498, 31.273367937866126 ] ] ] } },
{ "type": "Feature", "properties": { "cell_id": 1844, "score_syntax": 44.177, "syntax_closeness_pct": 40.46, "syntax_betweenness_pct": 49.754, "segment_count": 5.0 }, "geometry": { "type": "Polygon", "coordinates": [ [ [ 34.760062998739997, 31.275622650107938 ], [ 34.760052429297716, 31.277877361554442 ], [ 34.757427213342986, 31.277868256484879 ], [ 34.757437845228061, 31.275613545842681 ], [ 34.760062998739997, 31.275622650107938 ] ] ] } },
{ "type": "Feature", "properties": { "cell_id": 1846, "score_syntax": 18.15, "syntax_closeness_pct": 8.159, "syntax_betweenness_pct": 33.137, "segment_count": 4.0 }, "geometry": { "type": "Polygon", "coordinates": [ [ [ 34.760041858666554, 31.280132072205596 ], [ 34.760031286846363, 31.282386782061376 ], [ 34.757405945985006, 31.282377675383099 ], [ 34.757416580262003, 31.280122966331682 ], [ 34.760041858666554, 31.280132072205596 ] ] ] } },
{ "type": "Feature", "properties": { "cell_id": 1849, "score_syntax": 73.712, "syntax_closeness_pct": 68.73, "syntax_betweenness_pct": 81.185, "segment_count": 1.0 }, "geometry": { "type": "Polygon", "coordinates": [ [ [ 34.760010139638517, 31.286896199386643 ], [ 34.75999956425062, 31.289150906856104 ], [ 34.757374035976632, 31.289141797764472 ], [ 34.757384673842438, 31.286887091099516 ], [ 34.760010139638517, 31.286896199386643 ] ] ] } },
{ "type": "Feature", "properties": { "cell_id": 1851, "score_syntax": 18.526, "syntax_closeness_pct": 8.786, "syntax_betweenness_pct": 33.137, "segment_count": 1.0 }, "geometry": { "type": "Polygon", "coordinates": [ [ [ 34.759988987673225, 31.291405613530042 ], [ 34.759978409906246, 31.293660319408431 ], [ 34.75735275665545, 31.293651208707722 ], [ 34.757363396914364, 31.291396503633887 ], [ 34.759988987673225, 31.291405613530042 ] ] ] } },
{ "type": "Feature", "properties": { "cell_id": 1852, "score_syntax": 32.851, "syntax_closeness_pct": 24.092, "syntax_betweenness_pct": 45.988, "segment_count": 3.0 }, "geometry": { "type": "Polygon", "coordinates": [ [ [ 34.759978409906246, 31.293660319408431 ], [ 34.759967830949563, 31.295915024491254 ], [ 34.757342115199819, 31.295905912985965 ], [ 34.75735275665545, 31.293651208707722 ], [ 34.759978409906246, 31.293660319408431 ] ] ] } },
{ "type": "Feature", "properties": { "cell_id": 1900, "score_syntax": 36.0, "syntax_closeness_pct": 37.908, "syntax_betweenness_pct": 33.137, "segment_count": 2.0 }, "geometry": { "type": "Polygon", "coordinates": [ [ [ 34.762950444655239, 31.219263636211867 ], [ 34.762939967164996, 31.221518368330102 ], [ 34.760316308991314, 31.221509336872558 ], [ 34.760326848749294, 31.219254605552948 ], [ 34.762950444655239, 31.219263636211867 ] ] ] } },
{ "type": "Feature", "properties": { "cell_id": 1902, "score_syntax": 41.46, "syntax_closeness_pct": 35.118, "syntax_betweenness_pct": 50.972, "segment_count": 2.0 }, "geometry": { "type": "Polygon", "coordinates": [ [ [ 34.762929488495786, 31.223773099653844 ], [ 34.762919008647465, 31.22602783018306 ], [ 34.760295225917297, 31.226018797128123 ], [ 34.760305768047346, 31.223764067397624 ], [ 34.762929488495786, 31.223773099653844 ] ] ] } },
{ "type": "Feature", "properties": { "cell_id": 1903, "score_syntax": 34.979, "syntax_closeness_pct": 36.207, "syntax_betweenness_pct": 33.137, "segment_count": 4.0 }, "geometry": { "type": "Polygon", "coordinates": [ [ [ 34.762919008647465, 31.22602783018306 ], [ 34.762908527619963, 31.228282559917702 ], [ 34.760284682601053, 31.228273526064019 ], [ 34.760295225917297, 31.226018797128123 ], [ 34.762919008647465, 31.22602783018306 ] ] ] } },
{ "type": "Feature", "properties": { "cell_id": 1905, "score_syntax": 33.627, "syntax_closeness_pct": 33.953, "syntax_betweenness_pct": 33.137, "segment_count": 7.0 }, "geometry": { "type": "Polygon", "coordinates": [ [ [ 34.762898045413131, 31.230537288857757 ], [ 34.762887562026869, 31.23279201700317 ], [ 34.760263592409473, 31.232782981551882 ], [ 34.760274138098488, 31.230528254205289 ], [ 34.762898045413131, 31.230537288857757 ] ] ] } },
{ "type": "Feature", "properties": { "cell_id": 1906, "score_syntax": 21.781, "syntax_closeness_pct": 14.21, "syntax_betweenness_pct": 33.137, "segment_count": 6.0 }, "geometry": { "type": "Polygon", "coordinates": [ [ [ 34.762887562026869, 31.23279201700317 ], [ 34.762877077461049, 31.235046744353941 ], [ 34.760253045533908, 31.235037708103789 ], [ 34.760263592409473, 31.232782981551882 ], [ 34.762887562026869, 31.23279201700317 ] ] ] } },
{ "type": "Feature", "properties": { "cell_id": 1907, "score_syntax": 31.908, "syntax_closeness_pct": 31.088, "syntax_betweenness_pct": 33.137, "segment_count": 7.0 }, "geometry": { "type": "Polygon", "coordinates": [ [ [ 34.762877077461049, 31.235046744353941 ], [ 34.762866591715564, 31.237301470910019 ], [ 34.76024249747168, 31.237292433860969 ], [ 34.760253045533908, 31.235037708103789 ], [ 34.762877077461049, 31.235046744353941 ] ] ] } },
{ "type": "Feature", "properties": { "cell_id": 1908, "score_syntax": 20.995, "syntax_closeness_pct": 12.899, "syntax_betweenness_pct": 33.137, "segment_count": 3.0 }, "geometry": { "type": "Polygon", "coordinates": [ [ [ 34.762866591715564, 31.237301470910019 ], [ 34.762856104790295, 31.239556196671376 ], [ 34.76023194822266, 31.23954715882337 ], [ 34.76024249747168, 31.237292433860969 ], [ 34.762866591715564, 31.237301470910019 ] ] ] } },
{ "type": "Feature", "properties": { "cell_id": 1909, "score_syntax": 63.688, "syntax_closeness_pct": 59.844, "syntax_betweenness_pct": 69.453, "segment_count": 12.0 }, "geometry": { "type": "Polygon", "coordinates": [ [ [ 34.762856104790295, 31.239556196671376 ], [ 34.762845616685141, 31.241810921637974 ], [ 34.760221397786736, 31.241801882991005 ], [ 34.76023194822266, 31.23954715882337 ], [ 34.762856104790295, 31.239556196671376 ] ] ] } },
{ "type": "Feature", "properties": { "cell_id": 1910, "score_syntax": 44.332, "syntax_closeness_pct": 43.356, "syntax_betweenness_pct": 45.796, "segment_count": 8.0 }, "geometry": { "type": "Polygon", "coordinates": [ [ [ 34.762845616685141, 31.241810921637974 ], [ 34.76283512739996, 31.24406564580978 ], [ 34.760210846163794, 31.244056606363806 ], [ 34.760221397786736, 31.241801882991005 ], [ 34.762845616685141, 31.241810921637974 ] ] ] } },
{ "type": "Feature", "properties": { "cell_id": 1911, "score_syntax": 49.645, "syntax_closeness_pct": 49.975, "syntax_betweenness_pct": 49.149, "segment_count": 31.0 }, "geometry": { "type": "Polygon", "coordinates": [ [ [ 34.76283512739996, 31.24406564580978 ], [ 34.762824636934631, 31.246320369186758 ], [ 34.760200293353719, 31.24631132894174 ], [ 34.760210846163794, 31.244056606363806 ], [ 34.76283512739996, 31.24406564580978 ] ] ] } },
{ "type": "Feature", "properties": { "cell_id": 1912, "score_syntax": 57.586, "syntax_closeness_pct": 56.394, "syntax_betweenness_pct": 59.373, "segment_count": 14.0 }, "geometry": { "type": "Polygon", "coordinates": [ [ [ 34.762824636934631, 31.246320369186758 ], [ 34.76281414528907, 31.248575091768892 ], [ 34.760189739356392, 31.248566050724797 ], [ 34.760200293353719, 31.24631132894174 ], [ 34.762824636934631, 31.246320369186758 ] ] ] } },
{ "type": "Feature", "properties": { "cell_id": 1913, "score_syntax": 35.216, "syntax_closeness_pct": 31.311, "syntax_betweenness_pct": 41.074, "segment_count": 7.0 }, "geometry": { "type": "Polygon", "coordinates": [ [ [ 34.76281414528907, 31.248575091768892 ], [ 34.762803652463148, 31.250829813556141 ], [ 34.76017918417169, 31.250820771712906 ], [ 34.760189739356392, 31.248566050724797 ], [ 34.76281414528907, 31.248575091768892 ] ] ] } },
{ "type": "Feature", "properties": { "cell_id": 1914, "score_syntax": 40.833, "syntax_closeness_pct": 43.483, "syntax_betweenness_pct": 36.859, "segment_count": 15.0 }, "geometry": { "type": "Polygon", "coordinates": [ [ [ 34.762803652463148, 31.250829813556141 ], [ 34.762793158456738, 31.253084534548442 ], [ 34.76016862779948, 31.253075491906081 ], [ 34.76017918417169, 31.250820771712906 ], [ 34.762803652463148, 31.250829813556141 ] ] ] } },
{ "type": "Feature", "properties": { "cell_id": 1915, "score_syntax": 65.849, "syntax_closeness_pct": 65.899, "syntax_betweenness_pct": 65.773, "segment_count": 13.0 }, "geometry": { "type": "Polygon", "coordinates": [ [ [ 34.762793158456738, 31.253084534548442 ], [ 34.762782663269739, 31.25533925474582 ], [ 34.760158070239683, 31.255330211304237 ], [ 34.76016862779948, 31.253075491906081 ], [ 34.762793158456738, 31.253084534548442 ] ] ] } },
{ "type": "Feature", "properties": { "cell_id": 1916, "score_syntax": 34.007, "syntax_closeness_pct": 34.587, "syntax_betweenness_pct": 33.137, "segment_count": 17.0 }, "geometry": { "type": "Polygon", "coordinates": [ [ [ 34.762782663269739, 31.25533925474582 ], [ 34.762772166902025, 31.2575939741482 ], [ 34.760147511492164, 31.257584929907388 ], [ 34.760158070239683, 31.255330211304237 ], [ 34.762782663269739, 31.25533925474582 ] ] ] } },
{ "type": "Feature", "properties": { "cell_id": 1917, "score_syntax": 42.302, "syntax_closeness_pct": 42.934, "syntax_betweenness_pct": 41.354, "segment_count": 14.0 }, "geometry": { "type": "Polygon", "coordinates": [ [ [ 34.762772166902025, 31.2575939741482 ], [ 34.762761669353488, 31.259848692755579 ], [ 34.760136951556809, 31.259839647715499 ], [ 34.760147511492164, 31.257584929907388 ], [ 34.762772166902025, 31.2575939741482 ] ] ] } },
{ "type": "Feature", "properties": { "cell_id": 1918, "score_syntax": 46.45, "syntax_closeness_pct": 43.282, "syntax_betweenness_pct": 51.201, "segment_count": 13.0 }, "geometry": { "type": "Polygon", "coordinates": [ [ [ 34.762761669353488, 31.259848692755579 ], [ 34.762751170623986, 31.262103410567885 ], [ 34.760126390433484, 31.262094364728505 ], [ 34.760136951556809, 31.259839647715499 ], [ 34.762761669353488, 31.259848692755579 ] ] ] } },
{ "type": "Feature", "properties": { "cell_id": 1919, "score_syntax": 44.741, "syntax_closeness_pct": 40.846, "syntax_betweenness_pct": 50.584, "segment_count": 11.0 }, "geometry": { "type": "Polygon", "coordinates": [ [ [ 34.762751170623986, 31.262103410567885 ], [ 34.762740670713448, 31.26435812758513 ], [ 34.760115828122103, 31.264349080946399 ], [ 34.760126390433484, 31.262094364728505 ], [ 34.762751170623986, 31.262103410567885 ] ] ] } },
{ "type": "Feature", "properties": { "cell_id": 1920, "score_syntax": 38.058, "syntax_closeness_pct": 33.441, "syntax_betweenness_pct": 44.984, "segment_count": 12.0 }, "geometry": { "type": "Polygon", "coordinates": [ [ [ 34.762740670713448, 31.26435812758513 ], [ 34.762730169621712, 31.266612843807252 ], [ 34.760105264622524, 31.266603796369143 ], [ 34.760115828122103, 31.264349080946399 ], [ 34.762740670713448, 31.26435812758513 ] ] ] } },
{ "type": "Feature", "properties": { "cell_id": 1921, "score_syntax": 47.42, "syntax_closeness_pct": 45.222, "syntax_betweenness_pct": 50.718, "segment_count": 10.0 }, "geometry": { "type": "Polygon", "coordinates": [ [ [ 34.762730169621712, 31.266612843807252 ], [ 34.762719667348684, 31.268867559234227 ], [ 34.760094699934648, 31.268858510996697 ], [ 34.760105264622524, 31.266603796369143 ], [ 34.762730169621712, 31.266612843807252 ] ] ] } },
{ "type": "Feature", "properties": { "cell_id": 1922, "score_syntax": 45.144, "syntax_closeness_pct": 43.842, "syntax_betweenness_pct": 47.096, "segment_count": 12.0 }, "geometry": { "type": "Polygon", "coordinates": [ [ [ 34.762719667348684, 31.268867559234227 ], [ 34.762709163894264, 31.271122273866023 ], [ 34.760084134058346, 31.271113224829048 ], [ 34.760094699934648, 31.268858510996697 ], [ 34.762719667348684, 31.268867559234227 ] ] ] } },
{ "type": "Feature", "properties": { "cell_id": 1923, "score_syntax": 39.719, "syntax_closeness_pct": 40.66, "syntax_betweenness_pct": 38.309, "segment_count": 17.0 }, "geometry": { "type": "Polygon", "coordinates": [ [ [ 34.762709163894264, 31.271122273866023 ], [ 34.762698659258298, 31.273376987702605 ], [ 34.760073566993498, 31.273367937866126 ], [ 34.760084134058346, 31.271113224829048 ], [ 34.762709163894264, 31.271122273866023 ] ] ] } },
{ "type": "Feature", "properties": { "cell_id": 1924, "score_syntax": 51.072, "syntax_closeness_pct": 47.909, "syntax_betweenness_pct": 55.817, "segment_count": 4.0 }, "geometry": { "type": "Polygon", "coordinates": [ [ [ 34.762698659258298, 31.273376987702605 ], [ 34.762688153440692, 31.275631700743951 ], [ 34.760062998739997, 31.275622650107938 ], [ 34.760073566993498, 31.273367937866126 ], [ 34.762698659258298, 31.273376987702605 ] ] ] } },
{ "type": "Feature", "properties": { "cell_id": 1925, "score_syntax": 27.402, "syntax_closeness_pct": 23.579, "syntax_betweenness_pct": 33.137, "segment_count": 2.0 }, "geometry": { "type": "Polygon", "coordinates": [ [ [ 34.762688153440692, 31.275631700743951 ], [ 34.762677646441333, 31.277886412990021 ], [ 34.760052429297716, 31.277877361554442 ], [ 34.760062998739997, 31.275622650107938 ], [ 34.762688153440692, 31.275631700743951 ] ] ] } },
{ "type": "Feature", "properties": { "cell_id": 1931, "score_syntax": 18.464, "syntax_closeness_pct": 8.682, "syntax_betweenness_pct": 33.137, "segment_count": 1.0 }, "geometry": { "type": "Polygon", "coordinates": [ [ [ 34.762625093714064, 31.289159962290057 ], [ 34.762614579621697, 31.291414669763792 ], [ 34.759988987673225, 31.291405613530042 ], [ 34.75999956425062, 31.289150906856104 ], [ 34.762625093714064, 31.289159962290057 ] ] ] } },
{ "type": "Feature", "properties": { "cell_id": 1932, "score_syntax": 68.129, "syntax_closeness_pct": 67.676, "syntax_betweenness_pct": 68.808, "segment_count": 1.0 }, "geometry": { "type": "Polygon", "coordinates": [ [ [ 34.762614579621697, 31.291414669763792 ], [ 34.76260406434676, 31.293669376442015 ], [ 34.759978409906246, 31.293660319408431 ], [ 34.759988987673225, 31.291405613530042 ], [ 34.762614579621697, 31.291414669763792 ] ] ] } },
{ "type": "Feature", "properties": { "cell_id": 1933, "score_syntax": 17.384, "syntax_closeness_pct": 6.883, "syntax_betweenness_pct": 33.137, "segment_count": 2.0 }, "geometry": { "type": "Polygon", "coordinates": [ [ [ 34.76260406434676, 31.293669376442015 ], [ 34.762593547889139, 31.29592408232471 ], [ 34.759967830949563, 31.295915024491254 ], [ 34.759978409906246, 31.293660319408431 ], [ 34.76260406434676, 31.293669376442015 ] ] ] } },
{ "type": "Feature", "properties": { "cell_id": 1935, "score_syntax": 68.706, "syntax_closeness_pct": 67.631, "syntax_betweenness_pct": 70.318, "segment_count": 1.0 }, "geometry": { "type": "Polygon", "coordinates": [ [ [ 34.762583030248692, 31.298178787411821 ], [ 34.762572511425333, 31.300433491703341 ], [ 34.759946669466565, 31.300424432270063 ], [ 34.759957250803041, 31.298169728778458 ], [ 34.762583030248692, 31.298178787411821 ] ] ] } },
{ "type": "Feature", "properties": { "cell_id": 1975, "score_syntax": 14.599, "syntax_closeness_pct": 2.241, "syntax_betweenness_pct": 33.137, "segment_count": 2.0 }, "geometry": { "type": "Polygon", "coordinates": [ [ [ 34.765636508469399, 31.20574419920489 ], [ 34.765626100276442, 31.207998936883126 ], [ 34.76300281442596, 31.20798996370436 ], [ 34.763013284844817, 31.205735226819826 ], [ 34.765636508469399, 31.20574419920489 ] ] ] } },
{ "type": "Feature", "properties": { "cell_id": 1983, "score_syntax": 36.888, "syntax_closeness_pct": 35.265, "syntax_betweenness_pct": 39.324, "segment_count": 7.0 }, "geometry": { "type": "Polygon", "coordinates": [ [ [ 34.765553210123308, 31.223782078389487 ], [ 34.76554279255685, 31.226036809712681 ], [ 34.762919008647465, 31.22602783018306 ], [ 34.762929488495786, 31.223773099653844 ], [ 34.765553210123308, 31.223782078389487 ] ] ] } },
{ "type": "Feature", "properties": { "cell_id": 1984, "score_syntax": 27.61, "syntax_closeness_pct": 23.925, "syntax_betweenness_pct": 33.137, "segment_count": 12.0 }, "geometry": { "type": "Polygon", "coordinates": [ [ [ 34.76554279255685, 31.226036809712681 ], [ 34.765532373818203, 31.228291540241344 ], [ 34.762908527619963, 31.228282559917702 ], [ 34.762919008647465, 31.22602783018306 ], [ 34.76554279255685, 31.226036809712681 ] ] ] } },
{ "type": "Feature", "properties": { "cell_id": 1985, "score_syntax": 19.553, "syntax_closeness_pct": 10.498, "syntax_betweenness_pct": 33.137, "segment_count": 5.0 }, "geometry": { "type": "Polygon", "coordinates": [ [ [ 34.765532373818203, 31.228291540241344 ], [ 34.765521953907232, 31.23054626997547 ], [ 34.762898045413131, 31.230537288857757 ], [ 34.762908527619963, 31.228282559917702 ], [ 34.765532373818203, 31.228291540241344 ] ] ] } },
{ "type": "Feature", "properties": { "cell_id": 1986, "score_syntax": 32.123, "syntax_closeness_pct": 31.446, "syntax_betweenness_pct": 33.137, "segment_count": 7.0 }, "geometry": { "type": "Polygon", "coordinates": [ [ [ 34.765521953907232, 31.23054626997547 ], [ 34.765511532823815, 31.232800998914978 ], [ 34.762887562026869, 31.23279201700317 ], [ 34.762898045413131, 31.230537288857757 ], [ 34.765521953907232, 31.23054626997547 ] ] ] } },
{ "type": "Feature", "properties": { "cell_id": 1987, "score_syntax": 44.778, "syntax_closeness_pct": 46.254, "syntax_betweenness_pct": 42.563, "segment_count": 18.0 }, "geometry": { "type": "Polygon", "coordinates": [ [ [ 34.765511532823815, 31.232800998914978 ], [ 34.765501110567861, 31.235055727059887 ], [ 34.762877077461049, 31.235046744353941 ], [ 34.762887562026869, 31.23279201700317 ], [ 34.765511532823815, 31.232800998914978 ] ] ] } },
{ "type": "Feature", "properties": { "cell_id": 1988, "score_syntax": 42.131, "syntax_closeness_pct": 46.518, "syntax_betweenness_pct": 35.55, "segment_count": 42.0 }, "geometry": { "type": "Polygon", "coordinates": [ [ [ 34.765501110567861, 31.235055727059887 ], [ 34.765490687139241, 31.237310454410139 ], [ 34.762866591715564, 31.237301470910019 ], [ 34.762877077461049, 31.235046744353941 ], [ 34.765501110567861, 31.235055727059887 ] ] ] } },
{ "type": "Feature", "properties": { "cell_id": 1989, "score_syntax": 34.872, "syntax_closeness_pct": 36.029, "syntax_betweenness_pct": 33.137, "segment_count": 29.0 }, "geometry": { "type": "Polygon", "coordinates": [ [ [ 34.765490687139241, 31.237310454410139 ], [ 34.765480262537842, 31.239565180965695 ], [ 34.762856104790295, 31.239556196671376 ], [ 34.762866591715564, 31.237301470910019 ], [ 34.765490687139241, 31.237310454410139 ] ] ] } },
{ "type": "Feature", "properties": { "cell_id": 1990, "score_syntax": 38.222, "syntax_closeness_pct": 36.043, "syntax_betweenness_pct": 41.49, "segment_count": 17.0 }, "geometry": { "type": "Polygon", "coordinates": [ [ [ 34.765480262537842, 31.239565180965695 ], [ 34.76546983676355, 31.241819906726537 ], [ 34.762845616685141, 31.241810921637974 ], [ 34.762856104790295, 31.239556196671376 ], [ 34.765480262537842, 31.239565180965695 ] ] ] } },
{ "type": "Feature", "properties": { "cell_id": 1991, "score_syntax": 46.296, "syntax_closeness_pct": 45.729, "syntax_betweenness_pct": 47.147, "segment_count": 22.0 }, "geometry": { "type": "Polygon", "coordinates": [ [ [ 34.76546983676355, 31.241819906726537 ], [ 34.765459409816245, 31.244074631692623 ], [ 34.76283512739996, 31.24406564580978 ], [ 34.762845616685141, 31.241810921637974 ], [ 34.76546983676355, 31.241819906726537 ] ] ] } },
{ "type": "Feature", "properties": { "cell_id": 1992, "score_syntax": 42.977, "syntax_closeness_pct": 42.685, "syntax_betweenness_pct": 43.416, "segment_count": 21.0 }, "geometry": { "type": "Polygon", "coordinates": [ [ [ 34.765459409816245, 31.244074631692623 ], [ 34.765448981695805, 31.246329355863914 ], [ 34.762824636934631, 31.246320369186758 ], [ 34.76283512739996, 31.24406564580978 ], [ 34.765459409816245, 31.244074631692623 ] ] ] } },
{ "type": "Feature", "properties": { "cell_id": 1993, "score_syntax": 32.959, "syntax_closeness_pct": 32.84, "syntax_betweenness_pct": 33.137, "segment_count": 13.0 }, "geometry": { "type": "Polygon", "coordinates": [ [ [ 34.765448981695805, 31.246329355863914 ], [ 34.765438552402145, 31.248584079240413 ], [ 34.76281414528907, 31.248575091768892 ], [ 34.762824636934631, 31.246320369186758 ], [ 34.765448981695805, 31.246329355863914 ] ] ] } },
{ "type": "Feature", "properties": { "cell_id": 1994, "score_syntax": 33.038, "syntax_closeness_pct": 30.496, "syntax_betweenness_pct": 36.852, "segment_count": 9.0 }, "geometry": { "type": "Polygon", "coordinates": [ [ [ 34.765438552402145, 31.248584079240413 ], [ 34.765428121935109, 31.250838801822049 ], [ 34.762803652463148, 31.250829813556141 ], [ 34.76281414528907, 31.248575091768892 ], [ 34.765438552402145, 31.248584079240413 ] ] ] } },
{ "type": "Feature", "properties": { "cell_id": 1995, "score_syntax": 48.389, "syntax_closeness_pct": 48.985, "syntax_betweenness_pct": 47.495, "segment_count": 11.0 }, "geometry": { "type": "Polygon", "coordinates": [ [ [ 34.765428121935109, 31.250838801822049 ], [ 34.765417690294598, 31.253093523608776 ], [ 34.762793158456738, 31.253084534548442 ], [ 34.762803652463148, 31.250829813556141 ], [ 34.765428121935109, 31.250838801822049 ] ] ] } },
{ "type": "Feature", "properties": { "cell_id": 1996, "score_syntax": 41.676, "syntax_closeness_pct": 40.011, "syntax_betweenness_pct": 44.174, "segment_count": 11.0 }, "geometry": { "type": "Polygon", "coordinates": [ [ [ 34.765417690294598, 31.253093523608776 ], [ 34.765407257480504, 31.255348244600626 ], [ 34.762782663269739, 31.25533925474582 ], [ 34.762793158456738, 31.253084534548442 ], [ 34.765417690294598, 31.253093523608776 ] ] ] } },
{ "type": "Feature", "properties": { "cell_id": 1997, "score_syntax": 39.156, "syntax_closeness_pct": 37.736, "syntax_betweenness_pct": 41.285, "segment_count": 15.0 }, "geometry": { "type": "Polygon", "coordinates": [ [ [ 34.765407257480504, 31.255348244600626 ], [ 34.765396823492722, 31.257602964797528 ], [ 34.762772166902025, 31.2575939741482 ], [ 34.762782663269739, 31.25533925474582 ], [ 34.765407257480504, 31.255348244600626 ] ] ] } },
{ "type": "Feature", "properties": { "cell_id": 1998, "score_syntax": 40.585, "syntax_closeness_pct": 45.55, "syntax_betweenness_pct": 33.137, "segment_count": 19.0 }, "geometry": { "type": "Polygon", "coordinates": [ [ [ 34.765396823492722, 31.257602964797528 ], [ 34.765386388331102, 31.259857684199424 ], [ 34.762761669353488, 31.259848692755579 ], [ 34.762772166902025, 31.2575939741482 ], [ 34.765396823492722, 31.257602964797528 ] ] ] } },
{ "type": "Feature", "properties": { "cell_id": 1999, "score_syntax": 67.917, "syntax_closeness_pct": 67.266, "syntax_betweenness_pct": 68.893, "segment_count": 45.0 }, "geometry": { "type": "Polygon", "coordinates": [ [ [ 34.765386388331102, 31.259857684199424 ], [ 34.765375951995559, 31.262112402806331 ], [ 34.762751170623986, 31.262103410567885 ], [ 34.762761669353488, 31.259848692755579 ], [ 34.765386388331102, 31.259857684199424 ] ] ] } },
{ "type": "Feature", "properties": { "cell_id": 2000, "score_syntax": 27.044, "syntax_closeness_pct": 22.983, "syntax_betweenness_pct": 33.137, "segment_count": 6.0 }, "geometry": { "type": "Polygon", "coordinates": [ [ [ 34.765375951995559, 31.262112402806331 ], [ 34.765365514485943, 31.264367120618157 ], [ 34.762740670713448, 31.26435812758513 ], [ 34.762751170623986, 31.262103410567885 ], [ 34.765375951995559, 31.262112402806331 ] ] ] } },
{ "type": "Feature", "properties": { "cell_id": 2001, "score_syntax": 48.47, "syntax_closeness_pct": 46.682, "syntax_betweenness_pct": 51.152, "segment_count": 15.0 }, "geometry": { "type": "Polygon", "coordinates": [ [ [ 34.765365514485943, 31.264367120618157 ], [ 34.765355075802191, 31.266621837634951 ], [ 34.762730169621712, 31.266612843807252 ], [ 34.762740670713448, 31.26435812758513 ], [ 34.765365514485943, 31.264367120618157 ] ] ] } },
{ "type": "Feature", "properties": { "cell_id": 2002, "score_syntax": 41.586, "syntax_closeness_pct": 40.139, "syntax_betweenness_pct": 43.757, "segment_count": 13.0 }, "geometry": { "type": "Polygon", "coordinates": [ [ [ 34.765355075802191, 31.266621837634951 ], [ 34.765344635944132, 31.268876553856611 ], [ 34.762719667348684, 31.268867559234227 ], [ 34.762730169621712, 31.266612843807252 ], [ 34.765355075802191, 31.266621837634951 ] ] ] } },
{ "type": "Feature", "properties": { "cell_id": 2003, "score_syntax": 47.068, "syntax_closeness_pct": 45.084, "syntax_betweenness_pct": 50.044, "segment_count": 12.0 }, "geometry": { "type": "Polygon", "coordinates": [ [ [ 34.765344635944132, 31.268876553856611 ], [ 34.765334194911688, 31.271131269283138 ], [ 34.762709163894264, 31.271122273866023 ], [ 34.762719667348684, 31.268867559234227 ], [ 34.765344635944132, 31.268876553856611 ] ] ] } },
{ "type": "Feature", "properties": { "cell_id": 2004, "score_syntax": 63.023, "syntax_closeness_pct": 62.565, "syntax_betweenness_pct": 63.709, "segment_count": 20.0 }, "geometry": { "type": "Polygon", "coordinates": [ [ [ 34.765334194911688, 31.271131269283138 ], [ 34.765323752704738, 31.273385983914483 ], [ 34.762698659258298, 31.273376987702605 ], [ 34.762709163894264, 31.271122273866023 ], [ 34.765334194911688, 31.271131269283138 ] ] ] } },
{ "type": "Feature", "properties": { "cell_id": 2005, "score_syntax": 37.245, "syntax_closeness_pct": 30.152, "syntax_betweenness_pct": 47.884, "segment_count": 3.0 }, "geometry": { "type": "Polygon", "coordinates": [ [ [ 34.765323752704738, 31.273385983914483 ], [ 34.765313309323155, 31.275640697750628 ], [ 34.762688153440692, 31.275631700743951 ], [ 34.762698659258298, 31.273376987702605 ], [ 34.765323752704738, 31.273385983914483 ] ] ] } },
{ "type": "Feature", "properties": { "cell_id": 2008, "score_syntax": 14.973, "syntax_closeness_pct": 2.864, "syntax_betweenness_pct": 33.137, "segment_count": 1.0 }, "geometry": { "type": "Polygon", "coordinates": [ [ [ 34.765292419035646, 31.280150123037163 ], [ 34.765281972129479, 31.282404834487497 ], [ 34.762656628896877, 31.282395835096189 ], [ 34.762667138260099, 31.280141124440778 ], [ 34.765292419035646, 31.280150123037163 ] ] ] } },
{ "type": "Feature", "properties": { "cell_id": 2012, "score_syntax": 18.023, "syntax_closeness_pct": 7.947, "syntax_betweenness_pct": 33.137, "segment_count": 1.0 }, "geometry": { "type": "Polygon", "coordinates": [ [ [ 34.765250624359965, 31.289168964066306 ], [ 34.76524017275274, 31.291423672335096 ], [ 34.762614579621697, 31.291414669763792 ], [ 34.762625093714064, 31.289159962290057 ], [ 34.765250624359965, 31.289168964066306 ] ] ] } },
{ "type": "Feature", "properties": { "cell_id": 2015, "score_syntax": 15.138, "syntax_closeness_pct": 3.139, "syntax_betweenness_pct": 33.137, "segment_count": 1.0 }, "geometry": { "type": "Polygon", "coordinates": [ [ [ 34.765219266011528, 31.295933086486233 ], [ 34.765208810877283, 31.298187792368523 ], [ 34.762583030248692, 31.298178787411821 ], [ 34.762593547889139, 31.29592408232471 ], [ 34.765219266011528, 31.295933086486233 ] ] ] } },
{ "type": "Feature", "properties": { "cell_id": 2055, "score_syntax": 14.394, "syntax_closeness_pct": 1.9, "syntax_betweenness_pct": 33.137, "segment_count": 1.0 }, "geometry": { "type": "Polygon", "coordinates": [ [ [ 34.768270078067964, 31.203498378845712 ], [ 34.768259733265154, 31.205753118107094 ], [ 34.765636508469399, 31.20574419920489 ], [ 34.76564691549121, 31.203489460732431 ], [ 34.768270078067964, 31.203498378845712 ] ] ] } },
{ "type": "Feature", "properties": { "cell_id": 2064, "score_syntax": 23.246, "syntax_closeness_pct": 16.652, "syntax_betweenness_pct": 33.137, "segment_count": 1.0 }, "geometry": { "type": "Polygon", "coordinates": [ [ [ 34.768176932922906, 31.223791003604447 ], [ 34.768166577638439, 31.226045735716902 ], [ 34.76554279255685, 31.226036809712681 ], [ 34.765553210123308, 31.223782078389487 ], [ 34.768176932922906, 31.223791003604447 ] ] ] } },
{ "type": "Feature", "properties": { "cell_id": 2065, "score_syntax": 27.811, "syntax_closeness_pct": 24.261, "syntax_betweenness_pct": 33.137, "segment_count": 7.0 }, "geometry": { "type": "Polygon", "coordinates": [ [ [ 34.768166577638439, 31.226045735716902 ], [ 34.768156221188754, 31.22830046703487 ], [ 34.765532373818203, 31.228291540241344 ], [ 34.76554279255685, 31.226036809712681 ], [ 34.768166577638439, 31.226045735716902 ] ] ] } },
{ "type": "Feature", "properties": { "cell_id": 2066, "score_syntax": 20.362, "syntax_closeness_pct": 11.846, "syntax_betweenness_pct": 33.137, "segment_count": 3.0 }, "geometry": { "type": "Polygon", "coordinates": [ [ [ 34.768156221188754, 31.22830046703487 ], [ 34.76814586357375, 31.230555197558324 ], [ 34.765521953907232, 31.23054626997547 ], [ 34.765532373818203, 31.228291540241344 ], [ 34.768156221188754, 31.22830046703487 ] ] ] } },
{ "type": "Feature", "properties": { "cell_id": 2067, "score_syntax": 53.721, "syntax_closeness_pct": 56.515, "syntax_betweenness_pct": 49.53, "segment_count": 27.0 }, "geometry": { "type": "Polygon", "coordinates": [ [ [ 34.76814586357375, 31.230555197558324 ], [ 34.768135504793314, 31.232809927287217 ], [ 34.765511532823815, 31.232800998914978 ], [ 34.765521953907232, 31.23054626997547 ], [ 34.76814586357375, 31.230555197558324 ] ] ] } },
{ "type": "Feature", "properties": { "cell_id": 2068, "score_syntax": 46.717, "syntax_closeness_pct": 48.869, "syntax_betweenness_pct": 43.489, "segment_count": 30.0 }, "geometry": { "type": "Polygon", "coordinates": [ [ [ 34.768135504793314, 31.232809927287217 ], [ 34.768125144847339, 31.235064656221518 ], [ 34.765501110567861, 31.235055727059887 ], [ 34.765511532823815, 31.232800998914978 ], [ 34.768135504793314, 31.232809927287217 ] ] ] } },
{ "type": "Feature", "properties": { "cell_id": 2069, "score_syntax": 40.089, "syntax_closeness_pct": 42.229, "syntax_betweenness_pct": 36.88, "segment_count": 33.0 }, "geometry": { "type": "Polygon", "coordinates": [ [ [ 34.768125144847339, 31.235064656221518 ], [ 34.768114783735697, 31.237319384361211 ], [ 34.765490687139241, 31.237310454410139 ], [ 34.765501110567861, 31.235055727059887 ], [ 34.768125144847339, 31.235064656221518 ] ] ] } },
{ "type": "Feature", "properties": { "cell_id": 2070, "score_syntax": 53.86, "syntax_closeness_pct": 55.945, "syntax_betweenness_pct": 50.733, "segment_count": 43.0 }, "geometry": { "type": "Polygon", "coordinates": [ [ [ 34.768114783735697, 31.237319384361211 ], [ 34.768104421458283, 31.239574111706268 ], [ 34.765480262537842, 31.239565180965695 ], [ 34.765490687139241, 31.237310454410139 ], [ 34.768114783735697, 31.237319384361211 ] ] ] } },
{ "type": "Feature", "properties": { "cell_id": 2071, "score_syntax": 51.295, "syntax_closeness_pct": 50.317, "syntax_betweenness_pct": 52.76, "segment_count": 29.0 }, "geometry": { "type": "Polygon", "coordinates": [ [ [ 34.768104421458283, 31.239574111706268 ], [ 34.768094058014974, 31.241828838256616 ], [ 34.76546983676355, 31.241819906726537 ], [ 34.765480262537842, 31.239565180965695 ], [ 34.768104421458283, 31.239574111706268 ] ] ] } },
{ "type": "Feature", "properties": { "cell_id": 2072, "score_syntax": 63.836, "syntax_closeness_pct": 65.248, "syntax_betweenness_pct": 61.716, "segment_count": 20.0 }, "geometry": { "type": "Polygon", "coordinates": [ [ [ 34.768094058014974, 31.241828838256616 ], [ 34.768083693405657, 31.24408356401225 ], [ 34.765459409816245, 31.244074631692623 ], [ 34.76546983676355, 31.241819906726537 ], [ 34.768094058014974, 31.241828838256616 ] ] ] } },
{ "type": "Feature", "properties": { "cell_id": 2073, "score_syntax": 41.44, "syntax_closeness_pct": 41.411, "syntax_betweenness_pct": 41.482, "segment_count": 14.0 }, "geometry": { "type": "Polygon", "coordinates": [ [ [ 34.768083693405657, 31.24408356401225 ], [ 34.768073327630219, 31.246338288973156 ], [ 34.765448981695805, 31.246329355863914 ], [ 34.765459409816245, 31.244074631692623 ], [ 34.768083693405657, 31.24408356401225 ] ] ] } },
{ "type": "Feature", "properties": { "cell_id": 2074, "score_syntax": 44.054, "syntax_closeness_pct": 44.364, "syntax_betweenness_pct": 43.588, "segment_count": 15.0 }, "geometry": { "type": "Polygon", "coordinates": [ [ [ 34.768073327630219, 31.246338288973156 ], [ 34.768062960688553, 31.248593013139264 ], [ 34.765438552402145, 31.248584079240413 ], [ 34.765448981695805, 31.246329355863914 ], [ 34.768073327630219, 31.246338288973156 ] ] ] } },
{ "type": "Feature", "properties": { "cell_id": 2075, "score_syntax": 35.764, "syntax_closeness_pct": 35.587, "syntax_betweenness_pct": 36.031, "segment_count": 12.0 }, "geometry": { "type": "Polygon", "coordinates": [ [ [ 34.768062960688553, 31.248593013139264 ], [ 34.768052592580538, 31.250847736510572 ], [ 34.765428121935109, 31.250838801822049 ], [ 34.765438552402145, 31.248584079240413 ], [ 34.768062960688553, 31.248593013139264 ] ] ] } },
{ "type": "Feature", "properties": { "cell_id": 2076, "score_syntax": 63.927, "syntax_closeness_pct": 64.748, "syntax_betweenness_pct": 62.697, "segment_count": 27.0 }, "geometry": { "type": "Polygon", "coordinates": [ [ [ 34.768052592580538, 31.250847736510572 ], [ 34.768042223306047, 31.253102459087017 ], [ 34.765417690294598, 31.253093523608776 ], [ 34.765428121935109, 31.250838801822049 ], [ 34.768052592580538, 31.250847736510572 ] ] ] } },
{ "type": "Feature", "properties": { "cell_id": 2077, "score_syntax": 66.305, "syntax_closeness_pct": 65.744, "syntax_betweenness_pct": 67.147, "segment_count": 36.0 }, "geometry": { "type": "Polygon", "coordinates": [ [ [ 34.768042223306047, 31.253102459087017 ], [ 34.768031852864979, 31.255357180868586 ], [ 34.765407257480504, 31.255348244600626 ], [ 34.765417690294598, 31.253093523608776 ], [ 34.768042223306047, 31.253102459087017 ] ] ] } },
{ "type": "Feature", "properties": { "cell_id": 2078, "score_syntax": 44.608, "syntax_closeness_pct": 48.224, "syntax_betweenness_pct": 39.185, "segment_count": 25.0 }, "geometry": { "type": "Polygon", "coordinates": [ [ [ 34.768031852864979, 31.255357180868586 ], [ 34.768021481257222, 31.257611901855245 ], [ 34.765396823492722, 31.257602964797528 ], [ 34.765407257480504, 31.255348244600626 ], [ 34.768031852864979, 31.255357180868586 ] ] ] } },
{ "type": "Feature", "properties": { "cell_id": 2079, "score_syntax": 37.701, "syntax_closeness_pct": 39.868, "syntax_betweenness_pct": 34.451, "segment_count": 29.0 }, "geometry": { "type": "Polygon", "coordinates": [ [ [ 34.768021481257222, 31.257611901855245 ], [ 34.768011108482661, 31.259866622046975 ], [ 34.765386388331102, 31.259857684199424 ], [ 34.765396823492722, 31.257602964797528 ], [ 34.768021481257222, 31.257611901855245 ] ] ] } },
{ "type": "Feature", "properties": { "cell_id": 2080, "score_syntax": 33.601, "syntax_closeness_pct": 33.911, "syntax_betweenness_pct": 33.137, "segment_count": 14.0 }, "geometry": { "type": "Polygon", "coordinates": [ [ [ 34.768011108482661, 31.259866622046975 ], [ 34.768000734541161, 31.26212134144372 ], [ 34.765375951995559, 31.262112402806331 ], [ 34.765386388331102, 31.259857684199424 ], [ 34.768011108482661, 31.259866622046975 ] ] ] } },
{ "type": "Feature", "properties": { "cell_id": 2081, "score_syntax": 43.533, "syntax_closeness_pct": 42.521, "syntax_betweenness_pct": 45.051, "segment_count": 17.0 }, "geometry": { "type": "Polygon", "coordinates": [ [ [ 34.768000734541161, 31.26212134144372 ], [ 34.767990359432616, 31.264376060045453 ], [ 34.765365514485943, 31.264367120618157 ], [ 34.765375951995559, 31.262112402806331 ], [ 34.768000734541161, 31.26212134144372 ] ] ] } },
{ "type": "Feature", "properties": { "cell_id": 2082, "score_syntax": 42.587, "syntax_closeness_pct": 45.915, "syntax_betweenness_pct": 37.596, "segment_count": 8.0 }, "geometry": { "type": "Polygon", "coordinates": [ [ [ 34.767990359432616, 31.264376060045453 ], [ 34.767979983156941, 31.266630777852136 ], [ 34.765355075802191, 31.266621837634951 ], [ 34.765365514485943, 31.264367120618157 ], [ 34.767990359432616, 31.264376060045453 ] ] ] } },
{ "type": "Feature", "properties": { "cell_id": 2083, "score_syntax": 55.763, "syntax_closeness_pct": 52.458, "syntax_betweenness_pct": 60.72, "segment_count": 13.0 }, "geometry": { "type": "Polygon", "coordinates": [ [ [ 34.767979983156941, 31.266630777852136 ], [ 34.767969605713994, 31.268885494863778 ], [ 34.765344635944132, 31.268876553856611 ], [ 34.765355075802191, 31.266621837634951 ], [ 34.767979983156941, 31.266630777852136 ] ] ] } },
{ "type": "Feature", "properties": { "cell_id": 2084, "score_syntax": 59.233, "syntax_closeness_pct": 59.534, "syntax_betweenness_pct": 58.78, "segment_count": 22.0 }, "geometry": { "type": "Polygon", "coordinates": [ [ [ 34.767969605713994, 31.268885494863778 ], [ 34.767959227103646, 31.271140211080283 ], [ 34.765334194911688, 31.271131269283138 ], [ 34.765344635944132, 31.268876553856611 ], [ 34.767969605713994, 31.268885494863778 ] ] ] } },
{ "type": "Feature", "properties": { "cell_id": 2085, "score_syntax": 25.756, "syntax_closeness_pct": 20.835, "syntax_betweenness_pct": 33.137, "segment_count": 4.0 }, "geometry": { "type": "Polygon", "coordinates": [ [ [ 34.767959227103646, 31.271140211080283 ], [ 34.767948847325812, 31.273394926501677 ], [ 34.765323752704738, 31.273385983914483 ], [ 34.765334194911688, 31.271131269283138 ], [ 34.767959227103646, 31.271140211080283 ] ] ] } },
{ "type": "Feature", "properties": { "cell_id": 2086, "score_syntax": 15.975, "syntax_closeness_pct": 4.534, "syntax_betweenness_pct": 33.137, "segment_count": 1.0 }, "geometry": { "type": "Polygon", "coordinates": [ [ [ 34.767948847325812, 31.273394926501677 ], [ 34.767938466380372, 31.275649641127877 ], [ 34.765313309323155, 31.275640697750628 ], [ 34.765323752704738, 31.273385983914483 ], [ 34.767948847325812, 31.273394926501677 ] ] ] } },
{ "type": "Feature", "properties": { "cell_id": 2090, "score_syntax": 15.276, "syntax_closeness_pct": 3.369, "syntax_betweenness_pct": 33.137, "segment_count": 1.0 }, "geometry": { "type": "Polygon", "coordinates": [ [ [ 34.767907316537176, 31.282413780235164 ], [ 34.767896930920116, 31.284668491680367 ], [ 34.765271524048217, 31.284659545142485 ], [ 34.765281972129479, 31.282404834487497 ], [ 34.767907316537176, 31.282413780235164 ] ] ] } },
{ "type": "Feature", "properties": { "cell_id": 2093, "score_syntax": 14.59, "syntax_closeness_pct": 2.226, "syntax_betweenness_pct": 33.137, "segment_count": 1.0 }, "geometry": { "type": "Polygon", "coordinates": [ [ [ 34.767876156181316, 31.289177912184741 ], [ 34.767865767059348, 31.291432621243853 ], [ 34.76524017275274, 31.291423672335096 ], [ 34.765250624359965, 31.289168964066306 ], [ 34.767876156181316, 31.289177912184741 ] ] ] } },
{ "type": "Feature", "properties": { "cell_id": 2096, "score_syntax": 15.681, "syntax_closeness_pct": 4.044, "syntax_betweenness_pct": 33.137, "segment_count": 1.0 }, "geometry": { "type": "Polygon", "coordinates": [ [ [ 34.767844985309679, 31.29594203697577 ], [ 34.767834592681773, 31.298196743648472 ], [ 34.765208810877283, 31.298187792368523 ], [ 34.765219266011528, 31.295933086486233 ], [ 34.767844985309679, 31.29594203697577 ] ] ] } },
{ "type": "Feature", "properties": { "cell_id": 2144, "score_syntax": 14.728, "syntax_closeness_pct": 2.456, "syntax_betweenness_pct": 33.137, "segment_count": 2.0 }, "geometry": { "type": "Polygon", "coordinates": [ [ [ 34.770810948731899, 31.221545141607251 ], [ 34.770800656887609, 31.223799875298667 ], [ 34.768176932922906, 31.223791003604447 ], [ 34.768187287042302, 31.221536270697527 ], [ 34.770810948731899, 31.221545141607251 ] ] ] } },
{ "type": "Feature", "properties": { "cell_id": 2146, "score_syntax": 37.171, "syntax_closeness_pct": 39.861, "syntax_betweenness_pct": 33.137, "segment_count": 7.0 }, "geometry": { "type": "Polygon", "coordinates": [ [ [ 34.770790363885212, 31.226054608195653 ], [ 34.770780069724623, 31.228309340298203 ], [ 34.768156221188754, 31.22830046703487 ], [ 34.768166577638439, 31.226045735716902 ], [ 34.770790363885212, 31.226054608195653 ] ] ] } },
{ "type": "Feature", "properties": { "cell_id": 2147, "score_syntax": 28.22, "syntax_closeness_pct": 24.942, "syntax_betweenness_pct": 33.137, "segment_count": 16.0 }, "geometry": { "type": "Polygon", "coordinates": [ [ [ 34.770780069724623, 31.228309340298203 ], [ 34.7707697744057, 31.23056407160626 ], [ 34.76814586357375, 31.230555197558324 ], [ 34.768156221188754, 31.22830046703487 ], [ 34.770780069724623, 31.228309340298203 ] ] ] } },
{ "type": "Feature", "properties": { "cell_id": 2148, "score_syntax": 42.458, "syntax_closeness_pct": 45.109, "syntax_betweenness_pct": 38.483, "segment_count": 24.0 }, "geometry": { "type": "Polygon", "coordinates": [ [ [ 34.7707697744057, 31.23056407160626 ], [ 34.770759477928365, 31.232818802119787 ], [ 34.768135504793314, 31.232809927287217 ], [ 34.76814586357375, 31.230555197558324 ], [ 34.7707697744057, 31.23056407160626 ] ] ] } },
{ "type": "Feature", "properties": { "cell_id": 2149, "score_syntax": 47.288, "syntax_closeness_pct": 44.909, "syntax_betweenness_pct": 50.857, "segment_count": 27.0 }, "geometry": { "type": "Polygon", "coordinates": [ [ [ 34.770759477928365, 31.232818802119787 ], [ 34.770749180292476, 31.235073531838779 ], [ 34.768125144847339, 31.235064656221518 ], [ 34.768135504793314, 31.232809927287217 ], [ 34.770759477928365, 31.232818802119787 ] ] ] } },
{ "type": "Feature", "properties": { "cell_id": 2150, "score_syntax": 56.415, "syntax_closeness_pct": 54.131, "syntax_betweenness_pct": 59.839, "segment_count": 29.0 }, "geometry": { "type": "Polygon", "coordinates": [ [ [ 34.770749180292476, 31.235073531838779 ], [ 34.770738881497934, 31.237328260763185 ], [ 34.768114783735697, 31.237319384361211 ], [ 34.768125144847339, 31.235064656221518 ], [ 34.770749180292476, 31.235073531838779 ] ] ] } },
{ "type": "Feature", "properties": { "cell_id": 2151, "score_syntax": 46.773, "syntax_closeness_pct": 47.792, "syntax_betweenness_pct": 45.243, "segment_count": 32.0 }, "geometry": { "type": "Polygon", "coordinates": [ [ [ 34.770738881497934, 31.237328260763185 ], [ 34.77072858154461, 31.239582988892984 ], [ 34.768104421458283, 31.239574111706268 ], [ 34.768114783735697, 31.237319384361211 ], [ 34.770738881497934, 31.237328260763185 ] ] ] } },
{ "type": "Feature", "properties": { "cell_id": 2152, "score_syntax": 34.442, "syntax_closeness_pct": 33.059, "syntax_betweenness_pct": 36.517, "segment_count": 16.0 }, "geometry": { "type": "Polygon", "coordinates": [ [ [ 34.77072858154461, 31.239582988892984 ], [ 34.770718280432405, 31.241837716228133 ], [ 34.768094058014974, 31.241828838256616 ], [ 34.768104421458283, 31.239574111706268 ], [ 34.77072858154461, 31.239582988892984 ] ] ] } },
{ "type": "Feature", "properties": { "cell_id": 2153, "score_syntax": 30.659, "syntax_closeness_pct": 29.008, "syntax_betweenness_pct": 33.137, "segment_count": 19.0 }, "geometry": { "type": "Polygon", "coordinates": [ [ [ 34.770718280432405, 31.241837716228133 ], [ 34.770707978161198, 31.244092442768601 ], [ 34.768083693405657, 31.24408356401225 ], [ 34.768094058014974, 31.241828838256616 ], [ 34.770718280432405, 31.241837716228133 ] ] ] } },
{ "type": "Feature", "properties": { "cell_id": 2154, "score_syntax": 40.429, "syntax_closeness_pct": 42.823, "syntax_betweenness_pct": 36.838, "segment_count": 25.0 }, "geometry": { "type": "Polygon", "coordinates": [ [ [ 34.770707978161198, 31.244092442768601 ], [ 34.770697674730876, 31.246347168514362 ], [ 34.768073327630219, 31.246338288973156 ], [ 34.768083693405657, 31.24408356401225 ], [ 34.770707978161198, 31.244092442768601 ] ] ] } },
{ "type": "Feature", "properties": { "cell_id": 2155, "score_syntax": 58.321, "syntax_closeness_pct": 61.871, "syntax_betweenness_pct": 52.997, "segment_count": 42.0 }, "geometry": { "type": "Polygon", "coordinates": [ [ [ 34.770697674730876, 31.246347168514362 ], [ 34.770687370141317, 31.24860189346537 ], [ 34.768062960688553, 31.248593013139264 ], [ 34.768073327630219, 31.246338288973156 ], [ 34.770697674730876, 31.246347168514362 ] ] ] } },
{ "type": "Feature", "properties": { "cell_id": 2156, "score_syntax": 61.796, "syntax_closeness_pct": 65.037, "syntax_betweenness_pct": 56.933, "segment_count": 51.0 }, "geometry": { "type": "Polygon", "coordinates": [ [ [ 34.770687370141317, 31.24860189346537 ], [ 34.77067706439243, 31.250856617621604 ], [ 34.768052592580538, 31.250847736510572 ], [ 34.768062960688553, 31.248593013139264 ], [ 34.770687370141317, 31.24860189346537 ] ] ] } },
{ "type": "Feature", "properties": { "cell_id": 2157, "score_syntax": 63.229, "syntax_closeness_pct": 62.733, "syntax_betweenness_pct": 63.973, "segment_count": 28.0 }, "geometry": { "type": "Polygon", "coordinates": [ [ [ 34.77067706439243, 31.250856617621604 ], [ 34.770666757484065, 31.253111340983018 ], [ 34.768042223306047, 31.253102459087017 ], [ 34.768052592580538, 31.250847736510572 ], [ 34.77067706439243, 31.250856617621604 ] ] ] } },
{ "type": "Feature", "properties": { "cell_id": 2158, "score_syntax": 49.542, "syntax_closeness_pct": 50.654, "syntax_betweenness_pct": 47.873, "segment_count": 28.0 }, "geometry": { "type": "Polygon", "coordinates": [ [ [ 34.770666757484065, 31.253111340983018 ], [ 34.770656449416151, 31.255366063549605 ], [ 34.768031852864979, 31.255357180868586 ], [ 34.768042223306047, 31.253102459087017 ], [ 34.770666757484065, 31.253111340983018 ] ] ] } },
{ "type": "Feature", "properties": { "cell_id": 2159, "score_syntax": 35.328, "syntax_closeness_pct": 34.754, "syntax_betweenness_pct": 36.19, "segment_count": 17.0 }, "geometry": { "type": "Polygon", "coordinates": [ [ [ 34.770656449416151, 31.255366063549605 ], [ 34.770646140188546, 31.257620785321315 ], [ 34.768021481257222, 31.257611901855245 ], [ 34.768031852864979, 31.255357180868586 ], [ 34.770656449416151, 31.255366063549605 ] ] ] } },
{ "type": "Feature", "properties": { "cell_id": 2160, "score_syntax": 49.818, "syntax_closeness_pct": 50.275, "syntax_betweenness_pct": 49.131, "segment_count": 25.0 }, "geometry": { "type": "Polygon", "coordinates": [ [ [ 34.770646140188546, 31.257620785321315 ], [ 34.770635829801137, 31.259875506298116 ], [ 34.768011108482661, 31.259866622046975 ], [ 34.768021481257222, 31.257611901855245 ], [ 34.770646140188546, 31.257620785321315 ] ] ] } },
{ "type": "Feature", "properties": { "cell_id": 2161, "score_syntax": 58.159, "syntax_closeness_pct": 58.49, "syntax_betweenness_pct": 57.663, "segment_count": 49.0 }, "geometry": { "type": "Polygon", "coordinates": [ [ [ 34.770635829801137, 31.259875506298116 ], [ 34.770625518253816, 31.262130226479979 ], [ 34.768000734541161, 31.26212134144372 ], [ 34.768011108482661, 31.259866622046975 ], [ 34.770635829801137, 31.259875506298116 ] ] ] } },
{ "type": "Feature", "properties": { "cell_id": 2162, "score_syntax": 56.143, "syntax_closeness_pct": 57.69, "syntax_betweenness_pct": 53.823, "segment_count": 16.0 }, "geometry": { "type": "Polygon", "coordinates": [ [ [ 34.770625518253816, 31.262130226479979 ], [ 34.770615205546463, 31.264384945866876 ], [ 34.767990359432616, 31.264376060045453 ], [ 34.768000734541161, 31.26212134144372 ], [ 34.770625518253816, 31.262130226479979 ] ] ] } },
{ "type": "Feature", "properties": { "cell_id": 2163, "score_syntax": 55.417, "syntax_closeness_pct": 54.767, "syntax_betweenness_pct": 56.391, "segment_count": 29.0 }, "geometry": { "type": "Polygon", "coordinates": [ [ [ 34.770615205546463, 31.264384945866876 ], [ 34.770604891678971, 31.266639664458769 ], [ 34.767979983156941, 31.266630777852136 ], [ 34.767990359432616, 31.264376060045453 ], [ 34.770615205546463, 31.264384945866876 ] ] ] } },
{ "type": "Feature", "properties": { "cell_id": 2164, "score_syntax": 51.563, "syntax_closeness_pct": 51.879, "syntax_betweenness_pct": 51.09, "segment_count": 14.0 }, "geometry": { "type": "Polygon", "coordinates": [ [ [ 34.770604891678971, 31.266639664458769 ], [ 34.77059457665122, 31.268894382255613 ], [ 34.767969605713994, 31.268885494863778 ], [ 34.767979983156941, 31.266630777852136 ], [ 34.770604891678971, 31.266639664458769 ] ] ] } },
{ "type": "Feature", "properties": { "cell_id": 2165, "score_syntax": 33.119, "syntax_closeness_pct": 28.917, "syntax_betweenness_pct": 39.421, "segment_count": 8.0 }, "geometry": { "type": "Polygon", "coordinates": [ [ [ 34.77059457665122, 31.268894382255613 ], [ 34.77058426046311, 31.2711490992574 ], [ 34.767959227103646, 31.271140211080283 ], [ 34.767969605713994, 31.268885494863778 ], [ 34.77059457665122, 31.268894382255613 ] ] ] } },
{ "type": "Feature", "properties": { "cell_id": 2166, "score_syntax": 56.279, "syntax_closeness_pct": 56.265, "syntax_betweenness_pct": 56.3, "segment_count": 4.0 }, "geometry": { "type": "Polygon", "coordinates": [ [ [ 34.77058426046311, 31.2711490992574 ], [ 34.770573943114499, 31.273403815464079 ], [ 34.767948847325812, 31.273394926501677 ], [ 34.767959227103646, 31.271140211080283 ], [ 34.77058426046311, 31.2711490992574 ] ] ] } },
{ "type": "Feature", "properties": { "cell_id": 2167, "score_syntax": 18.319, "syntax_closeness_pct": 8.44, "syntax_betweenness_pct": 33.137, "segment_count": 3.0 }, "geometry": { "type": "Polygon", "coordinates": [ [ [ 34.770573943114499, 31.273403815464079 ], [ 34.770563624605302, 31.275658530875621 ], [ 34.767938466380372, 31.275649641127877 ], [ 34.767948847325812, 31.273394926501677 ], [ 34.770573943114499, 31.273403815464079 ] ] ] } },
{ "type": "Feature", "properties": { "cell_id": 2168, "score_syntax": 14.581, "syntax_closeness_pct": 2.211, "syntax_betweenness_pct": 33.137, "segment_count": 1.0 }, "geometry": { "type": "Polygon", "coordinates": [ [ [ 34.770563624605302, 31.275658530875621 ], [ 34.770553304935376, 31.277913245492009 ], [ 34.76792808426719, 31.277904354958881 ], [ 34.767938466380372, 31.275649641127877 ], [ 34.770563624605302, 31.275658530875621 ] ] ] } },
{ "type": "Feature", "properties": { "cell_id": 2169, "score_syntax": 69.814, "syntax_closeness_pct": 67.431, "syntax_betweenness_pct": 73.39, "segment_count": 1.0 }, "geometry": { "type": "Polygon", "coordinates": [ [ [ 34.770553304935376, 31.277913245492009 ], [ 34.770542984104637, 31.280167959313189 ], [ 34.767917700986146, 31.280159067994656 ], [ 34.76792808426719, 31.277904354958881 ], [ 34.770553304935376, 31.277913245492009 ] ] ] } },
{ "type": "Feature", "properties": { "cell_id": 2180, "score_syntax": 68.67, "syntax_closeness_pct": 67.572, "syntax_betweenness_pct": 70.318, "segment_count": 1.0 }, "geometry": { "type": "Polygon", "coordinates": [ [ [ 34.770439711926478, 31.302715053781956 ], [ 34.770429378319079, 31.304969758853812 ], [ 34.767803407784285, 31.304960858893359 ], [ 34.767813803919189, 31.302706154607321 ], [ 34.770439711926478, 31.302715053781956 ] ] ] } },
{ "type": "Feature", "properties": { "cell_id": 2224, "score_syntax": 42.629, "syntax_closeness_pct": 37.528, "syntax_betweenness_pct": 50.282, "segment_count": 7.0 }, "geometry": { "type": "Polygon", "coordinates": [ [ [ 34.773444839997616, 31.21929922373533 ], [ 34.773434611579496, 31.221553959000872 ], [ 34.770810948731899, 31.221545141607251 ], [ 34.770821239418247, 31.219290407121466 ], [ 34.773444839997616, 31.21929922373533 ] ] ] } },
{ "type": "Feature", "properties": { "cell_id": 2225, "score_syntax": 37.333, "syntax_closeness_pct": 31.869, "syntax_betweenness_pct": 45.53, "segment_count": 3.0 }, "geometry": { "type": "Polygon", "coordinates": [ [ [ 34.773434611579496, 31.221553959000872 ], [ 34.77342438201039, 31.223808693472048 ], [ 34.770800656887609, 31.223799875298667 ], [ 34.770810948731899, 31.221545141607251 ], [ 34.773434611579496, 31.221553959000872 ] ] ] } },
{ "type": "Feature", "properties": { "cell_id": 2226, "score_syntax": 22.589, "syntax_closeness_pct": 15.557, "syntax_betweenness_pct": 33.137, "segment_count": 2.0 }, "geometry": { "type": "Polygon", "coordinates": [ [ [ 34.77342438201039, 31.223808693472048 ], [ 34.773414151290204, 31.226063427148858 ], [ 34.770790363885212, 31.226054608195653 ], [ 34.770800656887609, 31.223799875298667 ], [ 34.77342438201039, 31.223808693472048 ] ] ] } },
{ "type": "Feature", "properties": { "cell_id": 2228, "score_syntax": 30.392, "syntax_closeness_pct": 28.563, "syntax_betweenness_pct": 33.137, "segment_count": 6.0 }, "geometry": { "type": "Polygon", "coordinates": [ [ [ 34.773403919418811, 31.228318160031243 ], [ 34.773393686396091, 31.230572892119177 ], [ 34.7707697744057, 31.23056407160626 ], [ 34.770780069724623, 31.228309340298203 ], [ 34.773403919418811, 31.228318160031243 ] ] ] } },
{ "type": "Feature", "properties": { "cell_id": 2229, "score_syntax": 58.342, "syntax_closeness_pct": 57.934, "syntax_betweenness_pct": 58.953, "segment_count": 25.0 }, "geometry": { "type": "Polygon", "coordinates": [ [ [ 34.773393686396091, 31.230572892119177 ], [ 34.773383452221964, 31.232827623412629 ], [ 34.770759477928365, 31.232818802119787 ], [ 34.7707697744057, 31.23056407160626 ], [ 34.773393686396091, 31.230572892119177 ] ] ] } },
{ "type": "Feature", "properties": { "cell_id": 2230, "score_syntax": 36.041, "syntax_closeness_pct": 33.536, "syntax_betweenness_pct": 39.799, "segment_count": 25.0 }, "geometry": { "type": "Polygon", "coordinates": [ [ [ 34.773383452221964, 31.232827623412629 ], [ 34.773373216896267, 31.235082353911569 ], [ 34.770749180292476, 31.235073531838779 ], [ 34.770759477928365, 31.232818802119787 ], [ 34.773383452221964, 31.232827623412629 ] ] ] } },
{ "type": "Feature", "properties": { "cell_id": 2231, "score_syntax": 50.455, "syntax_closeness_pct": 49.325, "syntax_betweenness_pct": 52.15, "segment_count": 27.0 }, "geometry": { "type": "Polygon", "coordinates": [ [ [ 34.773373216896267, 31.235082353911569 ], [ 34.773362980418931, 31.237337083615976 ], [ 34.770738881497934, 31.237328260763185 ], [ 34.770749180292476, 31.235073531838779 ], [ 34.773373216896267, 31.235082353911569 ] ] ] } },
{ "type": "Feature", "properties": { "cell_id": 2232, "score_syntax": 57.063, "syntax_closeness_pct": 57.905, "syntax_betweenness_pct": 55.8, "segment_count": 39.0 }, "geometry": { "type": "Polygon", "coordinates": [ [ [ 34.773362980418931, 31.237337083615976 ], [ 34.773352742789818, 31.239591812525791 ], [ 34.77072858154461, 31.239582988892984 ], [ 34.770738881497934, 31.237328260763185 ], [ 34.773362980418931, 31.237337083615976 ] ] ] } },
{ "type": "Feature", "properties": { "cell_id": 2233, "score_syntax": 36.156, "syntax_closeness_pct": 38.168, "syntax_betweenness_pct": 33.137, "segment_count": 25.0 }, "geometry": { "type": "Polygon", "coordinates": [ [ [ 34.773352742789818, 31.239591812525791 ], [ 34.773342504008838, 31.241846540641003 ], [ 34.770718280432405, 31.241837716228133 ], [ 34.77072858154461, 31.239582988892984 ], [ 34.773352742789818, 31.239591812525791 ] ] ] } },
{ "type": "Feature", "properties": { "cell_id": 2234, "score_syntax": 34.825, "syntax_closeness_pct": 35.951, "syntax_betweenness_pct": 33.137, "segment_count": 14.0 }, "geometry": { "type": "Polygon", "coordinates": [ [ [ 34.773342504008838, 31.241846540641003 ], [ 34.773332264075847, 31.244101267961558 ], [ 34.770707978161198, 31.244092442768601 ], [ 34.770718280432405, 31.241837716228133 ], [ 34.773342504008838, 31.241846540641003 ] ] ] } },
{ "type": "Feature", "properties": { "cell_id": 2235, "score_syntax": 31.172, "syntax_closeness_pct": 29.862, "syntax_betweenness_pct": 33.137, "segment_count": 26.0 }, "geometry": { "type": "Polygon", "coordinates": [ [ [ 34.773332264075847, 31.244101267961558 ], [ 34.773322022990747, 31.246355994487466 ], [ 34.770697674730876, 31.246347168514362 ], [ 34.770707978161198, 31.244092442768601 ], [ 34.773332264075847, 31.244101267961558 ] ] ] } },
{ "type": "Feature", "properties": { "cell_id": 2236, "score_syntax": 58.576, "syntax_closeness_pct": 60.52, "syntax_betweenness_pct": 55.661, "segment_count": 18.0 }, "geometry": { "type": "Polygon", "coordinates": [ [ [ 34.773322022990747, 31.246355994487466 ], [ 34.773311780753424, 31.24861072021864 ], [ 34.770687370141317, 31.24860189346537 ], [ 34.770697674730876, 31.246347168514362 ], [ 34.773322022990747, 31.246355994487466 ] ] ] } },
{ "type": "Feature", "properties": { "cell_id": 2237, "score_syntax": 56.441, "syntax_closeness_pct": 62.158, "syntax_betweenness_pct": 47.866, "segment_count": 18.0 }, "geometry": { "type": "Polygon", "coordinates": [ [ [ 34.773311780753424, 31.24861072021864 ], [ 34.773301537363785, 31.250865445155085 ], [ 34.77067706439243, 31.250856617621604 ], [ 34.770687370141317, 31.24860189346537 ], [ 34.773311780753424, 31.24861072021864 ] ] ] } },
{ "type": "Feature", "properties": { "cell_id": 2238, "score_syntax": 48.806, "syntax_closeness_pct": 51.994, "syntax_betweenness_pct": 44.024, "segment_count": 23.0 }, "geometry": { "type": "Polygon", "coordinates": [ [ [ 34.773301537363785, 31.250865445155085 ], [ 34.773291292821661, 31.25312016929675 ], [ 34.770666757484065, 31.253111340983018 ], [ 34.77067706439243, 31.250856617621604 ], [ 34.773301537363785, 31.250865445155085 ] ] ] } },
{ "type": "Feature", "properties": { "cell_id": 2239, "score_syntax": 54.421, "syntax_closeness_pct": 54.775, "syntax_betweenness_pct": 53.891, "segment_count": 17.0 }, "geometry": { "type": "Polygon", "coordinates": [ [ [ 34.773291292821661, 31.25312016929675 ], [ 34.773281047127007, 31.255374892643612 ], [ 34.770656449416151, 31.255366063549605 ], [ 34.770666757484065, 31.253111340983018 ], [ 34.773291292821661, 31.25312016929675 ] ] ] } },
{ "type": "Feature", "properties": { "cell_id": 2240, "score_syntax": 37.94, "syntax_closeness_pct": 39.162, "syntax_betweenness_pct": 36.106, "segment_count": 25.0 }, "geometry": { "type": "Polygon", "coordinates": [ [ [ 34.773281047127007, 31.255374892643612 ], [ 34.773270800279668, 31.257629615195636 ], [ 34.770646140188546, 31.257620785321315 ], [ 34.770656449416151, 31.255366063549605 ], [ 34.773281047127007, 31.255374892643612 ] ] ] } },
{ "type": "Feature", "properties": { "cell_id": 2241, "score_syntax": 64.8, "syntax_closeness_pct": 68.414, "syntax_betweenness_pct": 59.378, "segment_count": 29.0 }, "geometry": { "type": "Polygon", "coordinates": [ [ [ 34.773270800279668, 31.257629615195636 ], [ 34.773260552279531, 31.259884336952787 ], [ 34.770635829801137, 31.259875506298116 ], [ 34.770646140188546, 31.257620785321315 ], [ 34.773270800279668, 31.257629615195636 ] ] ] } },
{ "type": "Feature", "properties": { "cell_id": 2242, "score_syntax": 61.021, "syntax_closeness_pct": 62.181, "syntax_betweenness_pct": 59.283, "segment_count": 33.0 }, "geometry": { "type": "Polygon", "coordinates": [ [ [ 34.773260552279531, 31.259884336952787 ], [ 34.773250303126488, 31.262139057915039 ], [ 34.770625518253816, 31.262130226479979 ], [ 34.770635829801137, 31.259875506298116 ], [ 34.773260552279531, 31.259884336952787 ] ] ] } },
{ "type": "Feature", "properties": { "cell_id": 2243, "score_syntax": 72.736, "syntax_closeness_pct": 72.752, "syntax_betweenness_pct": 72.711, "segment_count": 32.0 }, "geometry": { "type": "Polygon", "coordinates": [ [ [ 34.773250303126488, 31.262139057915039 ], [ 34.773240052820448, 31.264393778082368 ], [ 34.770615205546463, 31.264384945866876 ], [ 34.770625518253816, 31.262130226479979 ], [ 34.773250303126488, 31.262139057915039 ] ] ] } },
{ "type": "Feature", "properties": { "cell_id": 2244, "score_syntax": 38.079, "syntax_closeness_pct": 39.329, "syntax_betweenness_pct": 36.204, "segment_count": 18.0 }, "geometry": { "type": "Polygon", "coordinates": [ [ [ 34.773240052820448, 31.264393778082368 ], [ 34.773229801361239, 31.266648497454703 ], [ 34.770604891678971, 31.266639664458769 ], [ 34.770615205546463, 31.264384945866876 ], [ 34.773240052820448, 31.264393778082368 ] ] ] } },
{ "type": "Feature", "properties": { "cell_id": 2245, "score_syntax": 43.329, "syntax_closeness_pct": 45.474, "syntax_betweenness_pct": 40.112, "segment_count": 14.0 }, "geometry": { "type": "Polygon", "coordinates": [ [ [ 34.773229801361239, 31.266648497454703 ], [ 34.77321954874882, 31.268903216032061 ], [ 34.77059457665122, 31.268894382255613 ], [ 34.770604891678971, 31.266639664458769 ], [ 34.773229801361239, 31.266648497454703 ] ] ] } },
{ "type": "Feature", "properties": { "cell_id": 2246, "score_syntax": 64.898, "syntax_closeness_pct": 62.879, "syntax_betweenness_pct": 67.926, "segment_count": 19.0 }, "geometry": { "type": "Polygon", "coordinates": [ [ [ 34.77321954874882, 31.268903216032061 ], [ 34.773209294983033, 31.271157933814376 ], [ 34.77058426046311, 31.2711490992574 ], [ 34.77059457665122, 31.268894382255613 ], [ 34.77321954874882, 31.268903216032061 ] ] ] } },
{ "type": "Feature", "properties": { "cell_id": 2247, "score_syntax": 40.957, "syntax_closeness_pct": 46.171, "syntax_betweenness_pct": 33.137, "segment_count": 2.0 }, "geometry": { "type": "Polygon", "coordinates": [ [ [ 34.773209294983033, 31.271157933814376 ], [ 34.773199040063787, 31.273412650801625 ], [ 34.770573943114499, 31.273403815464079 ], [ 34.77058426046311, 31.2711490992574 ], [ 34.773209294983033, 31.271157933814376 ] ] ] } },
{ "type": "Feature", "properties": { "cell_id": 2248, "score_syntax": 15.668, "syntax_closeness_pct": 4.022, "syntax_betweenness_pct": 33.137, "segment_count": 3.0 }, "geometry": { "type": "Polygon", "coordinates": [ [ [ 34.773199040063787, 31.273412650801625 ], [ 34.773188783990946, 31.275667366993765 ], [ 34.770563624605302, 31.275658530875621 ], [ 34.770573943114499, 31.273403815464079 ], [ 34.773199040063787, 31.273412650801625 ] ] ] } },
{ "type": "Feature", "properties": { "cell_id": 2249, "score_syntax": 20.596, "syntax_closeness_pct": 12.235, "syntax_betweenness_pct": 33.137, "segment_count": 5.0 }, "geometry": { "type": "Polygon", "coordinates": [ [ [ 34.773188783990946, 31.275667366993765 ], [ 34.773178526764404, 31.277922082390802 ], [ 34.770553304935376, 31.277913245492009 ], [ 34.770563624605302, 31.275658530875621 ], [ 34.773188783990946, 31.275667366993765 ] ] ] } },
{ "type": "Feature", "properties": { "cell_id": 2250, "score_syntax": 14.817, "syntax_closeness_pct": 2.605, "syntax_betweenness_pct": 33.137, "segment_count": 1.0 }, "geometry": { "type": "Polygon", "coordinates": [ [ [ 34.773178526764404, 31.277922082390802 ], [ 34.773168268384048, 31.280176796992663 ], [ 34.770542984104637, 31.280167959313189 ], [ 34.770553304935376, 31.277913245492009 ], [ 34.773178526764404, 31.277922082390802 ] ] ] } },
{ "type": "Feature", "properties": { "cell_id": 2253, "score_syntax": 14.554, "syntax_closeness_pct": 2.167, "syntax_betweenness_pct": 33.137, "segment_count": 2.0 }, "geometry": { "type": "Polygon", "coordinates": [ [ [ 34.773147748161456, 31.28468622381078 ], [ 34.773137486318973, 31.286940936026944 ], [ 34.770512014646293, 31.286932096005216 ], [ 34.770522338960191, 31.284677384569825 ], [ 34.773147748161456, 31.28468622381078 ] ] ] } },
{ "type": "Feature", "properties": { "cell_id": 2254, "score_syntax": 19.608, "syntax_closeness_pct": 10.589, "syntax_betweenness_pct": 33.137, "segment_count": 1.0 }, "geometry": { "type": "Polygon", "coordinates": [ [ [ 34.773137486318973, 31.286940936026944 ], [ 34.773127223322255, 31.28919564744783 ], [ 34.770501689171084, 31.289186806645276 ], [ 34.770512014646293, 31.286932096005216 ], [ 34.773137486318973, 31.286940936026944 ] ] ] } },
{ "type": "Feature", "properties": { "cell_id": 2303, "score_syntax": 15.022, "syntax_closeness_pct": 2.946, "syntax_betweenness_pct": 33.137, "segment_count": 1.0 }, "geometry": { "type": "Polygon", "coordinates": [ [ [ 34.776088770596004, 31.214798512373836 ], [ 34.776078606733797, 31.217053250002902 ], [ 34.773455067264884, 31.217044487675469 ], [ 34.773465293381385, 31.214789750821321 ], [ 34.776088770596004, 31.214798512373836 ] ] ] } },
{ "type": "Feature", "properties": { "cell_id": 2305, "score_syntax": 54.226, "syntax_closeness_pct": 49.753, "syntax_betweenness_pct": 60.936, "segment_count": 9.0 }, "geometry": { "type": "Polygon", "coordinates": [ [ [ 34.776068441727872, 31.219307986837737 ], [ 34.776058275578059, 31.221562722878279 ], [ 34.773434611579496, 31.221553959000872 ], [ 34.773444839997616, 31.21929922373533 ], [ 34.776068441727872, 31.219307986837737 ] ] ] } },
{ "type": "Feature", "properties": { "cell_id": 2306, "score_syntax": 40.706, "syntax_closeness_pct": 33.573, "syntax_betweenness_pct": 51.405, "segment_count": 10.0 }, "geometry": { "type": "Polygon", "coordinates": [ [ [ 34.776058275578059, 31.221562722878279 ], [ 34.776048108284265, 31.223817458124515 ], [ 34.77342438201039, 31.223808693472048 ], [ 34.773434611579496, 31.221553959000872 ], [ 34.776058275578059, 31.221562722878279 ] ] ] } },
{ "type": "Feature", "properties": { "cell_id": 2307, "score_syntax": 57.589, "syntax_closeness_pct": 54.527, "syntax_betweenness_pct": 62.183, "segment_count": 5.0 }, "geometry": { "type": "Polygon", "coordinates": [ [ [ 34.776048108284265, 31.223817458124515 ], [ 34.77603793984639, 31.22607219257641 ], [ 34.773414151290204, 31.226063427148858 ], [ 34.77342438201039, 31.223808693472048 ], [ 34.776048108284265, 31.223817458124515 ] ] ] } },
{ "type": "Feature", "properties": { "cell_id": 2308, "score_syntax": 78.77, "syntax_closeness_pct": 72.787, "syntax_betweenness_pct": 87.745, "segment_count": 4.0 }, "geometry": { "type": "Polygon", "coordinates": [ [ [ 34.77603793984639, 31.22607219257641 ], [ 34.776027770264314, 31.228326926233922 ], [ 34.773403919418811, 31.228318160031243 ], [ 34.773414151290204, 31.226063427148858 ], [ 34.77603793984639, 31.22607219257641 ] ] ] } },
{ "type": "Feature", "properties": { "cell_id": 2309, "score_syntax": 80.916, "syntax_closeness_pct": 74.132, "syntax_betweenness_pct": 91.092, "segment_count": 2.0 }, "geometry": { "type": "Polygon", "coordinates": [ [ [ 34.776027770264314, 31.228326926233922 ], [ 34.776017599537916, 31.230581659097005 ], [ 34.773393686396091, 31.230572892119177 ], [ 34.773403919418811, 31.228318160031243 ], [ 34.776027770264314, 31.228326926233922 ] ] ] } },
{ "type": "Feature", "properties": { "cell_id": 2311, "score_syntax": 57.745, "syntax_closeness_pct": 57.655, "syntax_betweenness_pct": 57.88, "segment_count": 22.0 }, "geometry": { "type": "Polygon", "coordinates": [ [ [ 34.776007427667089, 31.232836391165641 ], [ 34.775997254651735, 31.235091122439815 ], [ 34.773373216896267, 31.235082353911569 ], [ 34.773383452221964, 31.232827623412629 ], [ 34.776007427667089, 31.232836391165641 ] ] ] } },
{ "type": "Feature", "properties": { "cell_id": 2312, "score_syntax": 44.172, "syntax_closeness_pct": 45.797, "syntax_betweenness_pct": 41.735, "segment_count": 26.0 }, "geometry": { "type": "Polygon", "coordinates": [ [ [ 34.775997254651735, 31.235091122439815 ], [ 34.775987080491703, 31.237345852919479 ], [ 34.773362980418931, 31.237337083615976 ], [ 34.773373216896267, 31.235082353911569 ], [ 34.775997254651735, 31.235091122439815 ] ] ] } },
{ "type": "Feature", "properties": { "cell_id": 2313, "score_syntax": 46.797, "syntax_closeness_pct": 46.258, "syntax_betweenness_pct": 47.605, "segment_count": 34.0 }, "geometry": { "type": "Polygon", "coordinates": [ [ [ 34.775987080491703, 31.237345852919479 ], [ 34.775976905186923, 31.239600582604584 ], [ 34.773352742789818, 31.239591812525791 ], [ 34.773362980418931, 31.237337083615976 ], [ 34.775987080491703, 31.237345852919479 ] ] ] } },
{ "type": "Feature", "properties": { "cell_id": 2314, "score_syntax": 43.218, "syntax_closeness_pct": 45.623, "syntax_betweenness_pct": 39.61, "segment_count": 29.0 }, "geometry": { "type": "Polygon", "coordinates": [ [ [ 34.775976905186923, 31.239600582604584 ], [ 34.775966728737259, 31.241855311495144 ], [ 34.773342504008838, 31.241846540641003 ], [ 34.773352742789818, 31.239591812525791 ], [ 34.775976905186923, 31.239600582604584 ] ] ] } },
{ "type": "Feature", "properties": { "cell_id": 2315, "score_syntax": 56.955, "syntax_closeness_pct": 60.516, "syntax_betweenness_pct": 51.613, "segment_count": 25.0 }, "geometry": { "type": "Polygon", "coordinates": [ [ [ 34.775966728737259, 31.241855311495144 ], [ 34.775956551142613, 31.244110039591082 ], [ 34.773332264075847, 31.244101267961558 ], [ 34.773342504008838, 31.241846540641003 ], [ 34.775966728737259, 31.241855311495144 ] ] ] } },
{ "type": "Feature", "properties": { "cell_id": 2316, "score_syntax": 60.492, "syntax_closeness_pct": 60.575, "syntax_betweenness_pct": 60.368, "segment_count": 24.0 }, "geometry": { "type": "Polygon", "coordinates": [ [ [ 34.775956551142613, 31.244110039591082 ], [ 34.775946372402863, 31.24636476689237 ], [ 34.773322022990747, 31.246355994487466 ], [ 34.773332264075847, 31.244101267961558 ], [ 34.775956551142613, 31.244110039591082 ] ] ] } },
{ "type": "Feature", "properties": { "cell_id": 2317, "score_syntax": 43.482, "syntax_closeness_pct": 45.148, "syntax_betweenness_pct": 40.983, "segment_count": 20.0 }, "geometry": { "type": "Polygon", "coordinates": [ [ [ 34.775946372402863, 31.24636476689237 ], [ 34.775936192517882, 31.248619493399008 ], [ 34.773311780753424, 31.24861072021864 ], [ 34.773322022990747, 31.246355994487466 ], [ 34.775946372402863, 31.24636476689237 ] ] ] } },
{ "type": "Feature", "properties": { "cell_id": 2318, "score_syntax": 64.558, "syntax_closeness_pct": 67.451, "syntax_betweenness_pct": 60.219, "segment_count": 33.0 }, "geometry": { "type": "Polygon", "coordinates": [ [ [ 34.775936192517882, 31.248619493399008 ], [ 34.775926011487584, 31.25087421911093 ], [ 34.773301537363785, 31.250865445155085 ], [ 34.773311780753424, 31.24861072021864 ], [ 34.775936192517882, 31.248619493399008 ] ] ] } },
{ "type": "Feature", "properties": { "cell_id": 2319, "score_syntax": 36.781, "syntax_closeness_pct": 35.199, "syntax_betweenness_pct": 39.154, "segment_count": 10.0 }, "geometry": { "type": "Polygon", "coordinates": [ [ [ 34.775926011487584, 31.25087421911093 ], [ 34.775915829311835, 31.253128944028099 ], [ 34.773291292821661, 31.25312016929675 ], [ 34.773301537363785, 31.250865445155085 ], [ 34.775926011487584, 31.25087421911093 ] ] ] } },
{ "type": "Feature", "properties": { "cell_id": 2320, "score_syntax": 36.451, "syntax_closeness_pct": 38.66, "syntax_betweenness_pct": 33.137, "segment_count": 16.0 }, "geometry": { "type": "Polygon", "coordinates": [ [ [ 34.775915829311835, 31.253128944028099 ], [ 34.775905645990534, 31.255383668150504 ], [ 34.773281047127007, 31.255374892643612 ], [ 34.773291292821661, 31.25312016929675 ], [ 34.775915829311835, 31.253128944028099 ] ] ] } },
{ "type": "Feature", "properties": { "cell_id": 2321, "score_syntax": 66.61, "syntax_closeness_pct": 67.835, "syntax_betweenness_pct": 64.771, "segment_count": 26.0 }, "geometry": { "type": "Polygon", "coordinates": [ [ [ 34.775905645990534, 31.255383668150504 ], [ 34.775895461523568, 31.25763839147811 ], [ 34.773270800279668, 31.257629615195636 ], [ 34.773281047127007, 31.255374892643612 ], [ 34.775905645990534, 31.255383668150504 ] ] ] } },
{ "type": "Feature", "properties": { "cell_id": 2322, "score_syntax": 55.663, "syntax_closeness_pct": 56.592, "syntax_betweenness_pct": 54.269, "segment_count": 30.0 }, "geometry": { "type": "Polygon", "coordinates": [ [ [ 34.775895461523568, 31.25763839147811 ], [ 34.775885275910817, 31.259893114010907 ], [ 34.773260552279531, 31.259884336952787 ], [ 34.773270800279668, 31.257629615195636 ], [ 34.775895461523568, 31.25763839147811 ] ] ] } },
{ "type": "Feature", "properties": { "cell_id": 2323, "score_syntax": 61.187, "syntax_closeness_pct": 61.985, "syntax_betweenness_pct": 59.991, "segment_count": 30.0 }, "geometry": { "type": "Polygon", "coordinates": [ [ [ 34.775885275910817, 31.259893114010907 ], [ 34.77587508915218, 31.262147835748806 ], [ 34.773250303126488, 31.262139057915039 ], [ 34.773260552279531, 31.259884336952787 ], [ 34.775885275910817, 31.259893114010907 ] ] ] } },
{ "type": "Feature", "properties": { "cell_id": 2324, "score_syntax": 46.344, "syntax_closeness_pct": 46.788, "syntax_betweenness_pct": 45.679, "segment_count": 22.0 }, "geometry": { "type": "Polygon", "coordinates": [ [ [ 34.77587508915218, 31.262147835748806 ], [ 34.775864901247537, 31.264402556691817 ], [ 34.773240052820448, 31.264393778082368 ], [ 34.773250303126488, 31.262139057915039 ], [ 34.77587508915218, 31.262147835748806 ] ] ] } },
{ "type": "Feature", "properties": { "cell_id": 2325, "score_syntax": 37.116, "syntax_closeness_pct": 38.405, "syntax_betweenness_pct": 35.182, "segment_count": 26.0 }, "geometry": { "type": "Polygon", "coordinates": [ [ [ 34.775864901247537, 31.264402556691817 ], [ 34.775854712196782, 31.266657276839908 ], [ 34.773229801361239, 31.266648497454703 ], [ 34.773240052820448, 31.264393778082368 ], [ 34.775864901247537, 31.264402556691817 ] ] ] } },
{ "type": "Feature", "properties": { "cell_id": 2326, "score_syntax": 59.481, "syntax_closeness_pct": 60.473, "syntax_betweenness_pct": 57.993, "segment_count": 27.0 }, "geometry": { "type": "Polygon", "coordinates": [ [ [ 34.775854712196782, 31.266657276839908 ], [ 34.77584452199978, 31.268911996193015 ], [ 34.77321954874882, 31.268903216032061 ], [ 34.773229801361239, 31.266648497454703 ], [ 34.775854712196782, 31.266657276839908 ] ] ] } },
{ "type": "Feature", "properties": { "cell_id": 2327, "score_syntax": 56.451, "syntax_closeness_pct": 58.358, "syntax_betweenness_pct": 53.591, "segment_count": 21.0 }, "geometry": { "type": "Polygon", "coordinates": [ [ [ 34.77584452199978, 31.268911996193015 ], [ 34.775834330656444, 31.271166714751143 ], [ 34.773209294983033, 31.271157933814376 ], [ 34.77321954874882, 31.268903216032061 ], [ 34.77584452199978, 31.268911996193015 ] ] ] } },
{ "type": "Feature", "properties": { "cell_id": 2328, "score_syntax": 31.543, "syntax_closeness_pct": 26.196, "syntax_betweenness_pct": 39.562, "segment_count": 6.0 }, "geometry": { "type": "Polygon", "coordinates": [ [ [ 34.775834330656444, 31.271166714751143 ], [ 34.775824138166648, 31.273421432514226 ], [ 34.773199040063787, 31.273412650801625 ], [ 34.773209294983033, 31.271157933814376 ], [ 34.775834330656444, 31.271166714751143 ] ] ] } },
{ "type": "Feature", "properties": { "cell_id": 2330, "score_syntax": 16.198, "syntax_closeness_pct": 4.905, "syntax_betweenness_pct": 33.137, "segment_count": 1.0 }, "geometry": { "type": "Polygon", "coordinates": [ [ [ 34.775813944530277, 31.275676149482248 ], [ 34.77580374974724, 31.277930865655176 ], [ 34.773178526764404, 31.277922082390802 ], [ 34.773188783990946, 31.275667366993765 ], [ 34.775813944530277, 31.275676149482248 ] ] ] } },
{ "type": "Feature", "properties": { "cell_id": 2331, "score_syntax": 40.155, "syntax_closeness_pct": 34.632, "syntax_betweenness_pct": 48.439, "segment_count": 3.0 }, "geometry": { "type": "Polygon", "coordinates": [ [ [ 34.77580374974724, 31.277930865655176 ], [ 34.775793553817394, 31.280185581032992 ], [ 34.773168268384048, 31.280176796992663 ], [ 34.773178526764404, 31.277922082390802 ], [ 34.77580374974724, 31.277930865655176 ] ] ] } },
{ "type": "Feature", "properties": { "cell_id": 2335, "score_syntax": 23.473, "syntax_closeness_pct": 17.03, "syntax_betweenness_pct": 33.137, "segment_count": 2.0 }, "geometry": { "type": "Polygon", "coordinates": [ [ [ 34.775762959145951, 31.286949722395338 ], [ 34.775752758627789, 31.28920443459231 ], [ 34.773127223322255, 31.28919564744783 ], [ 34.773137486318973, 31.286940936026944 ], [ 34.775762959145951, 31.286949722395338 ] ] ] } },
{ "type": "Feature", "properties": { "cell_id": 2336, "score_syntax": 17.61, "syntax_closeness_pct": 7.259, "syntax_betweenness_pct": 33.137, "segment_count": 5.0 }, "geometry": { "type": "Polygon", "coordinates": [ [ [ 34.775752758627789, 31.28920443459231 ], [ 34.775742556962271, 31.291459145993997 ], [ 34.773116959171134, 31.291450358073401 ], [ 34.773127223322255, 31.28919564744783 ], [ 34.775752758627789, 31.28920443459231 ] ] ] } },
{ "type": "Feature", "properties": { "cell_id": 2337, "score_syntax": 22.177, "syntax_closeness_pct": 14.871, "syntax_betweenness_pct": 33.137, "segment_count": 1.0 }, "geometry": { "type": "Polygon", "coordinates": [ [ [ 34.775742556962271, 31.291459145993997 ], [ 34.775732354149284, 31.293713856600384 ], [ 34.773106693865529, 31.293705067903609 ], [ 34.773116959171134, 31.291450358073401 ], [ 34.775742556962271, 31.291459145993997 ] ] ] } },
{ "type": "Feature", "properties": { "cell_id": 2338, "score_syntax": 14.893, "syntax_closeness_pct": 2.731, "syntax_betweenness_pct": 33.137, "segment_count": 1.0 }, "geometry": { "type": "Polygon", "coordinates": [ [ [ 34.775732354149284, 31.293713856600384 ], [ 34.775722150188713, 31.2959685664114 ], [ 34.773096427405306, 31.295959776938425 ], [ 34.773106693865529, 31.293705067903609 ], [ 34.775732354149284, 31.293713856600384 ] ] ] } },
{ "type": "Feature", "properties": { "cell_id": 2340, "score_syntax": 15.597, "syntax_closeness_pct": 3.903, "syntax_betweenness_pct": 33.137, "segment_count": 1.0 }, "geometry": { "type": "Polygon", "coordinates": [ [ [ 34.775711945080431, 31.298223275427038 ], [ 34.775701738824331, 31.300477983647255 ], [ 34.773075891020589, 31.300469192621762 ], [ 34.773086159790374, 31.298214485177809 ], [ 34.775711945080431, 31.298223275427038 ] ] ] } },
{ "type": "Feature", "properties": { "cell_id": 2386, "score_syntax": 15.16, "syntax_closeness_pct": 3.176, "syntax_betweenness_pct": 33.137, "segment_count": 1.0 }, "geometry": { "type": "Polygon", "coordinates": [ [ [ 34.778692044601982, 31.219316696428621 ], [ 34.778681940720595, 31.221571433239429 ], [ 34.776058275578059, 31.221562722878279 ], [ 34.776068441727872, 31.219307986837737 ], [ 34.778692044601982, 31.219316696428621 ] ] ] } },
{ "type": "Feature", "properties": { "cell_id": 2387, "score_syntax": 60.995, "syntax_closeness_pct": 56.125, "syntax_betweenness_pct": 68.3, "segment_count": 8.0 }, "geometry": { "type": "Polygon", "coordinates": [ [ [ 34.778681940720595, 31.221571433239429 ], [ 34.778671835702227, 31.22382616925599 ], [ 34.776048108284265, 31.223817458124515 ], [ 34.776058275578059, 31.221562722878279 ], [ 34.778681940720595, 31.221571433239429 ] ] ] } },
{ "type": "Feature", "properties": { "cell_id": 2388, "score_syntax": 64.001, "syntax_closeness_pct": 60.155, "syntax_betweenness_pct": 69.77, "segment_count": 6.0 }, "geometry": { "type": "Polygon", "coordinates": [ [ [ 34.778671835702227, 31.22382616925599 ], [ 34.778661729546783, 31.226080904478245 ], [ 34.77603793984639, 31.22607219257641 ], [ 34.776048108284265, 31.223817458124515 ], [ 34.778671835702227, 31.22382616925599 ] ] ] } },
{ "type": "Feature", "properties": { "cell_id": 2390, "score_syntax": 80.651, "syntax_closeness_pct": 75.219, "syntax_betweenness_pct": 88.798, "segment_count": 12.0 }, "geometry": { "type": "Polygon", "coordinates": [ [ [ 34.778651622254124, 31.228335638906138 ], [ 34.778641513824169, 31.230590372539652 ], [ 34.776017599537916, 31.230581659097005 ], [ 34.776027770264314, 31.228326926233922 ], [ 34.778651622254124, 31.228335638906138 ] ] ] } },
{ "type": "Feature", "properties": { "cell_id": 2391, "score_syntax": 57.02, "syntax_closeness_pct": 52.113, "syntax_betweenness_pct": 64.379, "segment_count": 11.0 }, "geometry": { "type": "Polygon", "coordinates": [ [ [ 34.778641513824169, 31.230590372539652 ], [ 34.778631404256764, 31.23284510537875 ], [ 34.776007427667089, 31.232836391165641 ], [ 34.776017599537916, 31.230581659097005 ], [ 34.778641513824169, 31.230590372539652 ] ] ] } },
{ "type": "Feature", "properties": { "cell_id": 2392, "score_syntax": 61.313, "syntax_closeness_pct": 60.213, "syntax_betweenness_pct": 62.963, "segment_count": 16.0 }, "geometry": { "type": "Polygon", "coordinates": [ [ [ 34.778631404256764, 31.23284510537875 ], [ 34.778621293551829, 31.235099837423419 ], [ 34.775997254651735, 31.235091122439815 ], [ 34.776007427667089, 31.232836391165641 ], [ 34.778631404256764, 31.23284510537875 ] ] ] } },
{ "type": "Feature", "properties": { "cell_id": 2393, "score_syntax": 57.327, "syntax_closeness_pct": 56.782, "syntax_betweenness_pct": 58.145, "segment_count": 36.0 }, "geometry": { "type": "Polygon", "coordinates": [ [ [ 34.778621293551829, 31.235099837423419 ], [ 34.778611181709245, 31.237354568673627 ], [ 34.775987080491703, 31.237345852919479 ], [ 34.775997254651735, 31.235091122439815 ], [ 34.778621293551829, 31.235099837423419 ] ] ] } },
{ "type": "Feature", "properties": { "cell_id": 2394, "score_syntax": 53.525, "syntax_closeness_pct": 54.739, "syntax_betweenness_pct": 51.703, "segment_count": 35.0 }, "geometry": { "type": "Polygon", "coordinates": [ [ [ 34.778611181709245, 31.237354568673627 ], [ 34.778601068728904, 31.239609299129313 ], [ 34.775976905186923, 31.239600582604584 ], [ 34.775987080491703, 31.237345852919479 ], [ 34.778611181709245, 31.237354568673627 ] ] ] } },
{ "type": "Feature", "properties": { "cell_id": 2395, "score_syntax": 64.951, "syntax_closeness_pct": 65.973, "syntax_betweenness_pct": 63.417, "segment_count": 45.0 }, "geometry": { "type": "Polygon", "coordinates": [ [ [ 34.778601068728904, 31.239609299129313 ], [ 34.778590954610671, 31.241864028790463 ], [ 34.775966728737259, 31.241855311495144 ], [ 34.775976905186923, 31.239600582604584 ], [ 34.778601068728904, 31.239609299129313 ] ] ] } },
{ "type": "Feature", "properties": { "cell_id": 2396, "score_syntax": 61.535, "syntax_closeness_pct": 61.836, "syntax_betweenness_pct": 61.082, "segment_count": 29.0 }, "geometry": { "type": "Polygon", "coordinates": [ [ [ 34.778590954610671, 31.241864028790463 ], [ 34.778580839354461, 31.244118757657038 ], [ 34.775956551142613, 31.244110039591082 ], [ 34.775966728737259, 31.241855311495144 ], [ 34.778590954610671, 31.241864028790463 ] ] ] } },
{ "type": "Feature", "properties": { "cell_id": 2397, "score_syntax": 52.127, "syntax_closeness_pct": 55.867, "syntax_betweenness_pct": 46.517, "segment_count": 29.0 }, "geometry": { "type": "Polygon", "coordinates": [ [ [ 34.778580839354461, 31.244118757657038 ], [ 34.778570722960161, 31.246373485729016 ], [ 34.775946372402863, 31.24636476689237 ], [ 34.775956551142613, 31.244110039591082 ], [ 34.778580839354461, 31.244118757657038 ] ] ] } },
{ "type": "Feature", "properties": { "cell_id": 2398, "score_syntax": 42.45, "syntax_closeness_pct": 47.007, "syntax_betweenness_pct": 35.615, "segment_count": 16.0 }, "geometry": { "type": "Polygon", "coordinates": [ [ [ 34.778570722960161, 31.246373485729016 ], [ 34.77856060542765, 31.248628213006356 ], [ 34.775936192517882, 31.248619493399008 ], [ 34.775946372402863, 31.24636476689237 ], [ 34.778570722960161, 31.246373485729016 ] ] ] } },
{ "type": "Feature", "properties": { "cell_id": 2399, "score_syntax": 50.486, "syntax_closeness_pct": 52.545, "syntax_betweenness_pct": 47.397, "segment_count": 23.0 }, "geometry": { "type": "Polygon", "coordinates": [ [ [ 34.77856060542765, 31.248628213006356 ], [ 34.778550486756821, 31.250882939489028 ], [ 34.775926011487584, 31.25087421911093 ], [ 34.775936192517882, 31.248619493399008 ], [ 34.77856060542765, 31.248628213006356 ] ] ] } },
{ "type": "Feature", "properties": { "cell_id": 2400, "score_syntax": 61.166, "syntax_closeness_pct": 64.0, "syntax_betweenness_pct": 56.915, "segment_count": 26.0 }, "geometry": { "type": "Polygon", "coordinates": [ [ [ 34.778550486756821, 31.250882939489028 ], [ 34.778540366947546, 31.253137665176997 ], [ 34.775915829311835, 31.253128944028099 ], [ 34.775926011487584, 31.25087421911093 ], [ 34.778550486756821, 31.250882939489028 ] ] ] } },
{ "type": "Feature", "properties": { "cell_id": 2401, "score_syntax": 49.922, "syntax_closeness_pct": 52.253, "syntax_betweenness_pct": 46.426, "segment_count": 31.0 }, "geometry": { "type": "Polygon", "coordinates": [ [ [ 34.778540366947546, 31.253137665176997 ], [ 34.778530245999733, 31.255392390070224 ], [ 34.775905645990534, 31.255383668150504 ], [ 34.775915829311835, 31.253128944028099 ], [ 34.778540366947546, 31.253137665176997 ] ] ] } },
{ "type": "Feature", "properties": { "cell_id": 2402, "score_syntax": 51.765, "syntax_closeness_pct": 52.954, "syntax_betweenness_pct": 49.983, "segment_count": 16.0 }, "geometry": { "type": "Polygon", "coordinates": [ [ [ 34.778530245999733, 31.255392390070224 ], [ 34.778520123913268, 31.257647114168687 ], [ 34.775895461523568, 31.25763839147811 ], [ 34.775905645990534, 31.255383668150504 ], [ 34.778530245999733, 31.255392390070224 ] ] ] } },
{ "type": "Feature", "properties": { "cell_id": 2403, "score_syntax": 42.057, "syntax_closeness_pct": 41.633, "syntax_betweenness_pct": 42.694, "segment_count": 19.0 }, "geometry": { "type": "Polygon", "coordinates": [ [ [ 34.778520123913268, 31.257647114168687 ], [ 34.778510000688009, 31.259901837472359 ], [ 34.775885275910817, 31.259893114010907 ], [ 34.775895461523568, 31.25763839147811 ], [ 34.778520123913268, 31.257647114168687 ] ] ] } },
{ "type": "Feature", "properties": { "cell_id": 2404, "score_syntax": 39.084, "syntax_closeness_pct": 38.937, "syntax_betweenness_pct": 39.305, "segment_count": 18.0 }, "geometry": { "type": "Polygon", "coordinates": [ [ [ 34.778510000688009, 31.259901837472359 ], [ 34.778499876323885, 31.262156559981214 ], [ 34.77587508915218, 31.262147835748806 ], [ 34.775885275910817, 31.259893114010907 ], [ 34.778510000688009, 31.259901837472359 ] ] ] } },
{ "type": "Feature", "properties": { "cell_id": 2405, "score_syntax": 58.53, "syntax_closeness_pct": 58.382, "syntax_betweenness_pct": 58.751, "segment_count": 30.0 }, "geometry": { "type": "Polygon", "coordinates": [ [ [ 34.778499876323885, 31.262156559981214 ], [ 34.778489750820754, 31.264411281695178 ], [ 34.775864901247537, 31.264402556691817 ], [ 34.77587508915218, 31.262147835748806 ], [ 34.778499876323885, 31.262156559981214 ] ] ] } },
{ "type": "Feature", "properties": { "cell_id": 2406, "score_syntax": 58.822, "syntax_closeness_pct": 61.33, "syntax_betweenness_pct": 55.059, "segment_count": 33.0 }, "geometry": { "type": "Polygon", "coordinates": [ [ [ 34.778489750820754, 31.264411281695178 ], [ 34.77847962417853, 31.266666002614269 ], [ 34.775854712196782, 31.266657276839908 ], [ 34.775864901247537, 31.264402556691817 ], [ 34.778489750820754, 31.264411281695178 ] ] ] } },
{ "type": "Feature", "properties": { "cell_id": 2407, "score_syntax": 44.738, "syntax_closeness_pct": 47.841, "syntax_betweenness_pct": 40.084, "segment_count": 35.0 }, "geometry": { "type": "Polygon", "coordinates": [ [ [ 34.77847962417853, 31.266666002614269 ], [ 34.778469496397086, 31.268920722738425 ], [ 34.77584452199978, 31.268911996193015 ], [ 34.775854712196782, 31.266657276839908 ], [ 34.77847962417853, 31.266666002614269 ] ] ] } },
{ "type": "Feature", "properties": { "cell_id": 2408, "score_syntax": 48.153, "syntax_closeness_pct": 50.655, "syntax_betweenness_pct": 44.4, "segment_count": 19.0 }, "geometry": { "type": "Polygon", "coordinates": [ [ [ 34.778469496397086, 31.268920722738425 ], [ 34.778459367476309, 31.271175442067609 ], [ 34.775834330656444, 31.271166714751143 ], [ 34.77584452199978, 31.268911996193015 ], [ 34.778469496397086, 31.268920722738425 ] ] ] } },
{ "type": "Feature", "properties": { "cell_id": 2409, "score_syntax": 36.595, "syntax_closeness_pct": 33.982, "syntax_betweenness_pct": 40.515, "segment_count": 11.0 }, "geometry": { "type": "Polygon", "coordinates": [ [ [ 34.778459367476309, 31.271175442067609 ], [ 34.778449237416083, 31.273430160601798 ], [ 34.775824138166648, 31.273421432514226 ], [ 34.775834330656444, 31.271166714751143 ], [ 34.778459367476309, 31.271175442067609 ] ] ] } },
{ "type": "Feature", "properties": { "cell_id": 2410, "score_syntax": 36.465, "syntax_closeness_pct": 38.684, "syntax_betweenness_pct": 33.137, "segment_count": 3.0 }, "geometry": { "type": "Polygon", "coordinates": [ [ [ 34.778449237416083, 31.273430160601798 ], [ 34.778439106216304, 31.275684878340964 ], [ 34.775813944530277, 31.275676149482248 ], [ 34.775824138166648, 31.273421432514226 ], [ 34.778449237416083, 31.273430160601798 ] ] ] } },
{ "type": "Feature", "properties": { "cell_id": 2411, "score_syntax": 36.768, "syntax_closeness_pct": 39.188, "syntax_betweenness_pct": 33.137, "segment_count": 1.0 }, "geometry": { "type": "Polygon", "coordinates": [ [ [ 34.778439106216304, 31.275684878340964 ], [ 34.778428973876863, 31.277939595285094 ], [ 34.77580374974724, 31.277930865655176 ], [ 34.775813944530277, 31.275676149482248 ], [ 34.778439106216304, 31.275684878340964 ] ] ] } },
{ "type": "Feature", "properties": { "cell_id": 2412, "score_syntax": 17.062, "syntax_closeness_pct": 6.345, "syntax_betweenness_pct": 33.137, "segment_count": 2.0 }, "geometry": { "type": "Polygon", "coordinates": [ [ [ 34.778428973876863, 31.277939595285094 ], [ 34.778418840397649, 31.280194311434112 ], [ 34.775793553817394, 31.280185581032992 ], [ 34.77580374974724, 31.277930865655176 ], [ 34.778428973876863, 31.277939595285094 ] ] ] } },
{ "type": "Feature", "properties": { "cell_id": 2413, "score_syntax": 45.384, "syntax_closeness_pct": 39.641, "syntax_betweenness_pct": 54.0, "segment_count": 2.0 }, "geometry": { "type": "Polygon", "coordinates": [ [ [ 34.778418840397649, 31.280194311434112 ], [ 34.778408705778517, 31.282449026788015 ], [ 34.775783356740632, 31.282440295615647 ], [ 34.775793553817394, 31.280185581032992 ], [ 34.778418840397649, 31.280194311434112 ] ] ] } },
{ "type": "Feature", "properties": { "cell_id": 2415, "score_syntax": 15.659, "syntax_closeness_pct": 4.007, "syntax_betweenness_pct": 33.137, "segment_count": 1.0 }, "geometry": { "type": "Polygon", "coordinates": [ [ [ 34.778398570019412, 31.284703741346771 ], [ 34.77838843312017, 31.28695845511033 ], [ 34.775762959145951, 31.286949722395338 ], [ 34.77577315851687, 31.284695009403098 ], [ 34.778398570019412, 31.284703741346771 ] ] ] } },
{ "type": "Feature", "properties": { "cell_id": 2416, "score_syntax": 25.174, "syntax_closeness_pct": 19.865, "syntax_betweenness_pct": 33.137, "segment_count": 1.0 }, "geometry": { "type": "Polygon", "coordinates": [ [ [ 34.77838843312017, 31.28695845511033 ], [ 34.778378295080707, 31.289213168078657 ], [ 34.775752758627789, 31.28920443459231 ], [ 34.775762959145951, 31.286949722395338 ], [ 34.77838843312017, 31.28695845511033 ] ] ] } },
{ "type": "Feature", "properties": { "cell_id": 2422, "score_syntax": 14.403, "syntax_closeness_pct": 1.915, "syntax_betweenness_pct": 33.137, "segment_count": 1.0 }, "geometry": { "type": "Polygon", "coordinates": [ [ [ 34.778327587776012, 31.300486720990932 ], [ 34.778317442892813, 31.302741429187272 ], [ 34.775691531420307, 31.302732691072009 ], [ 34.775701738824331, 31.300477983647255 ], [ 34.778327587776012, 31.300486720990932 ] ] ] } },
{ "type": "Feature", "properties": { "cell_id": 2460, "score_syntax": 14.417, "syntax_closeness_pct": 1.937, "syntax_betweenness_pct": 33.137, "segment_count": 1.0 }, "geometry": { "type": "Polygon", "coordinates": [ [ [ 34.781385908272739, 31.203542167237028 ], [ 34.781375874566635, 31.2057969103722 ], [ 34.778752644019967, 31.205788258885573 ], [ 34.77876273994562, 31.203533516515712 ], [ 34.781385908272739, 31.203542167237028 ] ] ] } },
{ "type": "Feature", "properties": { "cell_id": 2467, "score_syntax": 14.475, "syntax_closeness_pct": 2.033, "syntax_betweenness_pct": 33.137, "segment_count": 1.0 }, "geometry": { "type": "Polygon", "coordinates": [ [ [ 34.781315648612953, 31.219325352507841 ], [ 34.781305607000114, 31.221580090084235 ], [ 34.778681940720595, 31.221571433239429 ], [ 34.778692044601982, 31.219316696428621 ], [ 34.781315648612953, 31.219325352507841 ] ] ] } },
{ "type": "Feature", "properties": { "cell_id": 2468, "score_syntax": 30.021, "syntax_closeness_pct": 27.944, "syntax_betweenness_pct": 33.137, "segment_count": 3.0 }, "geometry": { "type": "Polygon", "coordinates": [ [ [ 34.781305607000114, 31.221580090084235 ], [ 34.781295564257299, 31.223834826866383 ], [ 34.778671835702227, 31.22382616925599 ], [ 34.778681940720595, 31.221571433239429 ], [ 34.781305607000114, 31.221580090084235 ] ] ] } },
{ "type": "Feature", "properties": { "cell_id": 2469, "score_syntax": 36.069, "syntax_closeness_pct": 33.867, "syntax_betweenness_pct": 39.371, "segment_count": 8.0 }, "geometry": { "type": "Polygon", "coordinates": [ [ [ 34.781295564257299, 31.223834826866383 ], [ 34.781285520384387, 31.226089562854259 ], [ 34.778661729546783, 31.226080904478245 ], [ 34.778671835702227, 31.22382616925599 ], [ 34.781295564257299, 31.223834826866383 ] ] ] } },
{ "type": "Feature", "properties": { "cell_id": 2470, "score_syntax": 74.948, "syntax_closeness_pct": 71.527, "syntax_betweenness_pct": 80.079, "segment_count": 1.0 }, "geometry": { "type": "Polygon", "coordinates": [ [ [ 34.781285520384387, 31.226089562854259 ], [ 34.781275475381257, 31.228344298047816 ], [ 34.778651622254124, 31.228335638906138 ], [ 34.778661729546783, 31.226080904478245 ], [ 34.781285520384387, 31.226089562854259 ] ] ] } },
{ "type": "Feature", "properties": { "cell_id": 2471, "score_syntax": 52.299, "syntax_closeness_pct": 49.171, "syntax_betweenness_pct": 56.99, "segment_count": 18.0 }, "geometry": { "type": "Polygon", "coordinates": [ [ [ 34.781275475381257, 31.228344298047816 ], [ 34.781265429247831, 31.230599032447053 ], [ 34.778641513824169, 31.230590372539652 ], [ 34.778651622254124, 31.228335638906138 ], [ 34.781275475381257, 31.228344298047816 ] ] ] } },
{ "type": "Feature", "properties": { "cell_id": 2472, "score_syntax": 19.075, "syntax_closeness_pct": 9.7, "syntax_betweenness_pct": 33.137, "segment_count": 5.0 }, "geometry": { "type": "Polygon", "coordinates": [ [ [ 34.781265429247831, 31.230599032447053 ], [ 34.781255381983975, 31.232853766051875 ], [ 34.778631404256764, 31.23284510537875 ], [ 34.778641513824169, 31.230590372539652 ], [ 34.781265429247831, 31.230599032447053 ] ] ] } },
{ "type": "Feature", "properties": { "cell_id": 2473, "score_syntax": 15.786, "syntax_closeness_pct": 4.219, "syntax_betweenness_pct": 33.137, "segment_count": 4.0 }, "geometry": { "type": "Polygon", "coordinates": [ [ [ 34.781255381983975, 31.232853766051875 ], [ 34.781245333589588, 31.235108498862321 ], [ 34.778621293551829, 31.235099837423419 ], [ 34.778631404256764, 31.23284510537875 ], [ 34.781255381983975, 31.232853766051875 ] ] ] } },
{ "type": "Feature", "properties": { "cell_id": 2474, "score_syntax": 35.098, "syntax_closeness_pct": 32.326, "syntax_betweenness_pct": 39.256, "segment_count": 19.0 }, "geometry": { "type": "Polygon", "coordinates": [ [ [ 34.781245333589588, 31.235108498862321 ], [ 34.78123528406455, 31.237363230878323 ], [ 34.778611181709245, 31.237354568673627 ], [ 34.778621293551829, 31.235099837423419 ], [ 34.781245333589588, 31.235108498862321 ] ] ] } },
{ "type": "Feature", "properties": { "cell_id": 2475, "score_syntax": 40.359, "syntax_closeness_pct": 43.15, "syntax_betweenness_pct": 36.173, "segment_count": 27.0 }, "geometry": { "type": "Polygon", "coordinates": [ [ [ 34.78123528406455, 31.237363230878323 ], [ 34.781225233408755, 31.239617962099857 ], [ 34.778601068728904, 31.239609299129313 ], [ 34.778611181709245, 31.237354568673627 ], [ 34.78123528406455, 31.237363230878323 ] ] ] } },
{ "type": "Feature", "properties": { "cell_id": 2476, "score_syntax": 34.547, "syntax_closeness_pct": 33.704, "syntax_betweenness_pct": 35.813, "segment_count": 18.0 }, "geometry": { "type": "Polygon", "coordinates": [ [ [ 34.781225233408755, 31.239617962099857 ], [ 34.78121518162208, 31.241872692526883 ], [ 34.778590954610671, 31.241864028790463 ], [ 34.778601068728904, 31.239609299129313 ], [ 34.781225233408755, 31.239617962099857 ] ] ] } },
{ "type": "Feature", "properties": { "cell_id": 2477, "score_syntax": 64.392, "syntax_closeness_pct": 63.779, "syntax_betweenness_pct": 65.311, "segment_count": 24.0 }, "geometry": { "type": "Polygon", "coordinates": [ [ [ 34.78121518162208, 31.241872692526883 ], [ 34.781205128704435, 31.244127422159387 ], [ 34.778580839354461, 31.244118757657038 ], [ 34.778590954610671, 31.241864028790463 ], [ 34.78121518162208, 31.241872692526883 ] ] ] } },
{ "type": "Feature", "properties": { "cell_id": 2478, "score_syntax": 66.032, "syntax_closeness_pct": 69.548, "syntax_betweenness_pct": 60.759, "segment_count": 34.0 }, "geometry": { "type": "Polygon", "coordinates": [ [ [ 34.781205128704435, 31.244127422159387 ], [ 34.781195074655692, 31.24638215099732 ], [ 34.778570722960161, 31.246373485729016 ], [ 34.778580839354461, 31.244118757657038 ], [ 34.781205128704435, 31.244127422159387 ] ] ] } },
{ "type": "Feature", "properties": { "cell_id": 2479, "score_syntax": 47.411, "syntax_closeness_pct": 52.407, "syntax_betweenness_pct": 39.918, "segment_count": 31.0 }, "geometry": { "type": "Polygon", "coordinates": [ [ [ 34.781195074655692, 31.24638215099732 ], [ 34.78118501947575, 31.248636879040646 ], [ 34.77856060542765, 31.248628213006356 ], [ 34.778570722960161, 31.246373485729016 ], [ 34.781195074655692, 31.24638215099732 ] ] ] } },
{ "type": "Feature", "properties": { "cell_id": 2480, "score_syntax": 72.71, "syntax_closeness_pct": 76.833, "syntax_betweenness_pct": 66.527, "segment_count": 37.0 }, "geometry": { "type": "Polygon", "coordinates": [ [ [ 34.78118501947575, 31.248636879040646 ], [ 34.781174963164496, 31.250891606289319 ], [ 34.778550486756821, 31.250882939489028 ], [ 34.77856060542765, 31.248628213006356 ], [ 34.78118501947575, 31.248636879040646 ] ] ] } },
{ "type": "Feature", "properties": { "cell_id": 2481, "score_syntax": 61.191, "syntax_closeness_pct": 66.82, "syntax_betweenness_pct": 52.748, "segment_count": 32.0 }, "geometry": { "type": "Polygon", "coordinates": [ [ [ 34.781174963164496, 31.250891606289319 ], [ 34.781164905721809, 31.253146332743352 ], [ 34.778540366947546, 31.253137665176997 ], [ 34.778550486756821, 31.250882939489028 ], [ 34.781174963164496, 31.250891606289319 ] ] ] } },
{ "type": "Feature", "properties": { "cell_id": 2482, "score_syntax": 43.003, "syntax_closeness_pct": 42.274, "syntax_betweenness_pct": 44.096, "segment_count": 16.0 }, "geometry": { "type": "Polygon", "coordinates": [ [ [ 34.781164905721809, 31.253146332743352 ], [ 34.781154847147583, 31.255401058402686 ], [ 34.778530245999733, 31.255392390070224 ], [ 34.778540366947546, 31.253137665176997 ], [ 34.781164905721809, 31.253146332743352 ] ] ] } },
{ "type": "Feature", "properties": { "cell_id": 2483, "score_syntax": 67.629, "syntax_closeness_pct": 68.381, "syntax_betweenness_pct": 66.501, "segment_count": 15.0 }, "geometry": { "type": "Polygon", "coordinates": [ [ [ 34.781154847147583, 31.255401058402686 ], [ 34.781144787441718, 31.257655783267285 ], [ 34.778520123913268, 31.257647114168687 ], [ 34.778530245999733, 31.255392390070224 ], [ 34.781154847147583, 31.255401058402686 ] ] ] } },
{ "type": "Feature", "properties": { "cell_id": 2484, "score_syntax": 51.298, "syntax_closeness_pct": 54.118, "syntax_betweenness_pct": 47.068, "segment_count": 19.0 }, "geometry": { "type": "Polygon", "coordinates": [ [ [ 34.781144787441718, 31.257655783267285 ], [ 34.78113472660408, 31.259910507337111 ], [ 34.778510000688009, 31.259901837472359 ], [ 34.778520123913268, 31.257647114168687 ], [ 34.781144787441718, 31.257655783267285 ] ] ] } },
{ "type": "Feature", "properties": { "cell_id": 2485, "score_syntax": 42.268, "syntax_closeness_pct": 42.792, "syntax_betweenness_pct": 41.483, "segment_count": 18.0 }, "geometry": { "type": "Polygon", "coordinates": [ [ [ 34.78113472660408, 31.259910507337111 ], [ 34.781124664634568, 31.262165230612148 ], [ 34.778499876323885, 31.262156559981214 ], [ 34.778510000688009, 31.259901837472359 ], [ 34.78113472660408, 31.259910507337111 ] ] ] } },
{ "type": "Feature", "properties": { "cell_id": 2486, "score_syntax": 62.733, "syntax_closeness_pct": 62.793, "syntax_betweenness_pct": 62.642, "segment_count": 28.0 }, "geometry": { "type": "Polygon", "coordinates": [ [ [ 34.781124664634568, 31.262165230612148 ], [ 34.781114601533091, 31.264419953092357 ], [ 34.778489750820754, 31.264411281695178 ], [ 34.778499876323885, 31.262156559981214 ], [ 34.781124664634568, 31.262165230612148 ] ] ] } },
{ "type": "Feature", "properties": { "cell_id": 2487, "score_syntax": 47.669, "syntax_closeness_pct": 47.618, "syntax_betweenness_pct": 47.746, "segment_count": 20.0 }, "geometry": { "type": "Polygon", "coordinates": [ [ [ 34.781114601533091, 31.264419953092357 ], [ 34.781104537299498, 31.266674674777697 ], [ 34.77847962417853, 31.266666002614269 ], [ 34.778489750820754, 31.264411281695178 ], [ 34.781114601533091, 31.264419953092357 ] ] ] } },
{ "type": "Feature", "properties": { "cell_id": 2488, "score_syntax": 32.794, "syntax_closeness_pct": 32.566, "syntax_betweenness_pct": 33.137, "segment_count": 17.0 }, "geometry": { "type": "Polygon", "coordinates": [ [ [ 34.781104537299498, 31.266674674777697 ], [ 34.781094471933727, 31.268929395668167 ], [ 34.778469496397086, 31.268920722738425 ], [ 34.77847962417853, 31.266666002614269 ], [ 34.781104537299498, 31.266674674777697 ] ] ] } },
{ "type": "Feature", "properties": { "cell_id": 2489, "score_syntax": 37.399, "syntax_closeness_pct": 40.24, "syntax_betweenness_pct": 33.137, "segment_count": 16.0 }, "geometry": { "type": "Polygon", "coordinates": [ [ [ 34.781094471933727, 31.268929395668167 ], [ 34.781084405435621, 31.271184115763706 ], [ 34.778459367476309, 31.271175442067609 ], [ 34.778469496397086, 31.268920722738425 ], [ 34.781094471933727, 31.268929395668167 ] ] ] } },
{ "type": "Feature", "properties": { "cell_id": 2490, "score_syntax": 43.656, "syntax_closeness_pct": 45.001, "syntax_betweenness_pct": 41.638, "segment_count": 20.0 }, "geometry": { "type": "Polygon", "coordinates": [ [ [ 34.781084405435621, 31.271184115763706 ], [ 34.78107433780508, 31.273438835064283 ], [ 34.778449237416083, 31.273430160601798 ], [ 34.778459367476309, 31.271175442067609 ], [ 34.781084405435621, 31.271184115763706 ] ] ] } },
{ "type": "Feature", "properties": { "cell_id": 2491, "score_syntax": 37.029, "syntax_closeness_pct": 38.137, "syntax_betweenness_pct": 35.366, "segment_count": 16.0 }, "geometry": { "type": "Polygon", "coordinates": [ [ [ 34.78107433780508, 31.273438835064283 ], [ 34.781064269042005, 31.275693553569862 ], [ 34.778439106216304, 31.275684878340964 ], [ 34.778449237416083, 31.273430160601798 ], [ 34.78107433780508, 31.273438835064283 ] ] ] } },
{ "type": "Feature", "properties": { "cell_id": 2492, "score_syntax": 22.426, "syntax_closeness_pct": 15.285, "syntax_betweenness_pct": 33.137, "segment_count": 4.0 }, "geometry": { "type": "Polygon", "coordinates": [ [ [ 34.781064269042005, 31.275693553569862 ], [ 34.781054199146283, 31.277948271280422 ], [ 34.778428973876863, 31.277939595285094 ], [ 34.778439106216304, 31.275684878340964 ], [ 34.781064269042005, 31.275693553569862 ] ] ] } },
{ "type": "Feature", "properties": { "cell_id": 2493, "score_syntax": 22.947, "syntax_closeness_pct": 16.155, "syntax_betweenness_pct": 33.137, "segment_count": 2.0 }, "geometry": { "type": "Polygon", "coordinates": [ [ [ 34.781054199146283, 31.277948271280422 ], [ 34.781044128117792, 31.280202988195928 ], [ 34.778418840397649, 31.280194311434112 ], [ 34.778428973876863, 31.277939595285094 ], [ 34.781054199146283, 31.277948271280422 ] ] ] } },
{ "type": "Feature", "properties": { "cell_id": 2494, "score_syntax": 19.412, "syntax_closeness_pct": 10.263, "syntax_betweenness_pct": 33.137, "segment_count": 1.0 }, "geometry": { "type": "Polygon", "coordinates": [ [ [ 34.781044128117792, 31.280202988195928 ], [ 34.781034055956425, 31.282457704316357 ], [ 34.778408705778517, 31.282449026788015 ], [ 34.778418840397649, 31.280194311434112 ], [ 34.781044128117792, 31.280202988195928 ] ] ] } },
{ "type": "Feature", "properties": { "cell_id": 2496, "score_syntax": 23.666, "syntax_closeness_pct": 17.353, "syntax_betweenness_pct": 33.137, "segment_count": 2.0 }, "geometry": { "type": "Polygon", "coordinates": [ [ [ 34.781023982662063, 31.284712419641668 ], [ 34.781013908234613, 31.286967134171807 ], [ 34.77838843312017, 31.28695845511033 ], [ 34.778398570019412, 31.284703741346771 ], [ 34.781023982662063, 31.284712419641668 ] ] ] } },
{ "type": "Feature", "properties": { "cell_id": 2497, "score_syntax": 25.045, "syntax_closeness_pct": 19.65, "syntax_betweenness_pct": 33.137, "segment_count": 1.0 }, "geometry": { "type": "Polygon", "coordinates": [ [ [ 34.781013908234613, 31.286967134171807 ], [ 34.78100383267396, 31.28922184790677 ], [ 34.778378295080707, 31.289213168078657 ], [ 34.77838843312017, 31.28695845511033 ], [ 34.781013908234613, 31.286967134171807 ] ] ] } },
{ "type": "Feature", "properties": { "cell_id": 2501, "score_syntax": 71.282, "syntax_closeness_pct": 67.661, "syntax_betweenness_pct": 76.714, "segment_count": 1.0 }, "geometry": { "type": "Polygon", "coordinates": [ [ [ 34.780973599191604, 31.295985984340245 ], [ 34.780963519096964, 31.298240694894151 ], [ 34.778337731518313, 31.298232011999175 ], [ 34.778347874119817, 31.295977302212041 ], [ 34.780973599191604, 31.295985984340245 ] ] ] } },
{ "type": "Feature", "properties": { "cell_id": 2502, "score_syntax": 16.011, "syntax_closeness_pct": 4.593, "syntax_betweenness_pct": 33.137, "segment_count": 1.0 }, "geometry": { "type": "Polygon", "coordinates": [ [ [ 34.780963519096964, 31.298240694894151 ], [ 34.780953437868583, 31.300495404652708 ], [ 34.778327587776012, 31.300486720990932 ], [ 34.778337731518313, 31.298232011999175 ], [ 34.780963519096964, 31.298240694894151 ] ] ] } },
{ "type": "Feature", "properties": { "cell_id": 2539, "score_syntax": 14.755, "syntax_closeness_pct": 2.501, "syntax_betweenness_pct": 33.137, "segment_count": 1.0 }, "geometry": { "type": "Polygon", "coordinates": [ [ [ 34.784029017335577, 31.19904127430636 ], [ 34.784019048093256, 31.20129601979 ], [ 34.781395940849741, 31.201287423307864 ], [ 34.781405972297755, 31.199032678584739 ], [ 34.784029017335577, 31.19904127430636 ] ] ] } },
{ "type": "Feature", "properties": { "cell_id": 2545, "score_syntax": 44.947, "syntax_closeness_pct": 35.786, "syntax_betweenness_pct": 58.69, "segment_count": 2.0 }, "geometry": { "type": "Polygon", "coordinates": [ [ [ 34.783969185049592, 31.212569735298757 ], [ 34.783959209073693, 31.214824476018443 ], [ 34.78133572844915, 31.214815874972469 ], [ 34.781345766672707, 31.212561135013534 ], [ 34.783969185049592, 31.212569735298757 ] ] ] } },
{ "type": "Feature", "properties": { "cell_id": 2550, "score_syntax": 64.44, "syntax_closeness_pct": 59.418, "syntax_betweenness_pct": 71.972, "segment_count": 5.0 }, "geometry": { "type": "Polygon", "coordinates": [ [ [ 34.783919293942439, 31.223843430955615 ], [ 34.783909312352172, 31.226098167704397 ], [ 34.781285520384387, 31.226089562854259 ], [ 34.781295564257299, 31.223834826866383 ], [ 34.783919293942439, 31.223843430955615 ] ] ] } },
{ "type": "Feature", "properties": { "cell_id": 2551, "score_syntax": 43.126, "syntax_closeness_pct": 49.785, "syntax_betweenness_pct": 33.137, "segment_count": 2.0 }, "geometry": { "type": "Polygon", "coordinates": [ [ [ 34.783909312352172, 31.226098167704397 ], [ 34.783899329638707, 31.228352903658898 ], [ 34.781275475381257, 31.228344298047816 ], [ 34.781285520384387, 31.226089562854259 ], [ 34.783909312352172, 31.226098167704397 ] ] ] } },
{ "type": "Feature", "properties": { "cell_id": 2552, "score_syntax": 47.652, "syntax_closeness_pct": 47.071, "syntax_betweenness_pct": 48.524, "segment_count": 21.0 }, "geometry": { "type": "Polygon", "coordinates": [ [ [ 34.783899329638707, 31.228352903658898 ], [ 34.783889345801931, 31.230607638819102 ], [ 34.781265429247831, 31.230599032447053 ], [ 34.781275475381257, 31.228344298047816 ], [ 34.783899329638707, 31.228352903658898 ] ] ] } },
{ "type": "Feature", "properties": { "cell_id": 2553, "score_syntax": 32.707, "syntax_closeness_pct": 32.422, "syntax_betweenness_pct": 33.137, "segment_count": 8.0 }, "geometry": { "type": "Polygon", "coordinates": [ [ [ 34.783889345801931, 31.230607638819102 ], [ 34.78387936084173, 31.23286237318495 ], [ 34.781255381983975, 31.232853766051875 ], [ 34.781265429247831, 31.230599032447053 ], [ 34.783889345801931, 31.230607638819102 ] ] ] } },
{ "type": "Feature", "properties": { "cell_id": 2554, "score_syntax": 38.814, "syntax_closeness_pct": 40.122, "syntax_betweenness_pct": 36.852, "segment_count": 18.0 }, "geometry": { "type": "Polygon", "coordinates": [ [ [ 34.78387936084173, 31.23286237318495 ], [ 34.783869374757991, 31.235117106756434 ], [ 34.781245333589588, 31.235108498862321 ], [ 34.781255381983975, 31.232853766051875 ], [ 34.78387936084173, 31.23286237318495 ] ] ] } },
{ "type": "Feature", "properties": { "cell_id": 2555, "score_syntax": 66.655, "syntax_closeness_pct": 65.066, "syntax_betweenness_pct": 69.039, "segment_count": 18.0 }, "geometry": { "type": "Polygon", "coordinates": [ [ [ 34.783869374757991, 31.235117106756434 ], [ 34.783859387550613, 31.237371839533516 ], [ 34.78123528406455, 31.237363230878323 ], [ 34.781245333589588, 31.235108498862321 ], [ 34.783869374757991, 31.235117106756434 ] ] ] } },
{ "type": "Feature", "properties": { "cell_id": 2556, "score_syntax": 42.001, "syntax_closeness_pct": 43.175, "syntax_betweenness_pct": 40.238, "segment_count": 20.0 }, "geometry": { "type": "Polygon", "coordinates": [ [ [ 34.783859387550613, 31.237371839533516 ], [ 34.78384939921947, 31.239626571516162 ], [ 34.781225233408755, 31.239617962099857 ], [ 34.78123528406455, 31.237363230878323 ], [ 34.783859387550613, 31.237371839533516 ] ] ] } },
{ "type": "Feature", "properties": { "cell_id": 2557, "score_syntax": 62.046, "syntax_closeness_pct": 62.924, "syntax_betweenness_pct": 60.73, "segment_count": 8.0 }, "geometry": { "type": "Polygon", "coordinates": [ [ [ 34.78384939921947, 31.239626571516162 ], [ 34.783839409764468, 31.241881302704343 ], [ 34.78121518162208, 31.241872692526883 ], [ 34.781225233408755, 31.239617962099857 ], [ 34.78384939921947, 31.239626571516162 ] ] ] } },
{ "type": "Feature", "properties": { "cell_id": 2558, "score_syntax": 53.788, "syntax_closeness_pct": 55.657, "syntax_betweenness_pct": 50.985, "segment_count": 10.0 }, "geometry": { "type": "Polygon", "coordinates": [ [ [ 34.783839409764468, 31.241881302704343 ], [ 34.783829419185494, 31.244136033098027 ], [ 34.781205128704435, 31.244127422159387 ], [ 34.78121518162208, 31.241872692526883 ], [ 34.783839409764468, 31.241881302704343 ] ] ] } },
{ "type": "Feature", "properties": { "cell_id": 2559, "score_syntax": 64.98, "syntax_closeness_pct": 65.148, "syntax_betweenness_pct": 64.727, "segment_count": 43.0 }, "geometry": { "type": "Polygon", "coordinates": [ [ [ 34.783829419185494, 31.244136033098027 ], [ 34.783819427482435, 31.24639076269716 ], [ 34.781195074655692, 31.24638215099732 ], [ 34.781205128704435, 31.244127422159387 ], [ 34.783829419185494, 31.244136033098027 ] ] ] } },
{ "type": "Feature", "properties": { "cell_id": 2560, "score_syntax": 79.037, "syntax_closeness_pct": 81.097, "syntax_betweenness_pct": 75.946, "segment_count": 49.0 }, "geometry": { "type": "Polygon", "coordinates": [ [ [ 34.783819427482435, 31.24639076269716 ], [ 34.783809434655169, 31.248645491501758 ], [ 34.78118501947575, 31.248636879040646 ], [ 34.781195074655692, 31.24638215099732 ], [ 34.783819427482435, 31.24639076269716 ] ] ] } },
{ "type": "Feature", "properties": { "cell_id": 2561, "score_syntax": 37.793, "syntax_closeness_pct": 36.436, "syntax_betweenness_pct": 39.827, "segment_count": 27.0 }, "geometry": { "type": "Polygon", "coordinates": [ [ [ 34.783809434655169, 31.248645491501758 ], [ 34.783799440703596, 31.250900219511745 ], [ 34.781174963164496, 31.250891606289319 ], [ 34.78118501947575, 31.248636879040646 ], [ 34.783809434655169, 31.248645491501758 ] ] ] } },
{ "type": "Feature", "properties": { "cell_id": 2562, "score_syntax": 33.815, "syntax_closeness_pct": 34.267, "syntax_betweenness_pct": 33.137, "segment_count": 13.0 }, "geometry": { "type": "Polygon", "coordinates": [ [ [ 34.783799440703596, 31.250900219511745 ], [ 34.783789445627605, 31.253154946727101 ], [ 34.781164905721809, 31.253146332743352 ], [ 34.781174963164496, 31.250891606289319 ], [ 34.783799440703596, 31.250900219511745 ] ] ] } },
{ "type": "Feature", "properties": { "cell_id": 2563, "score_syntax": 67.179, "syntax_closeness_pct": 69.41, "syntax_betweenness_pct": 63.832, "segment_count": 25.0 }, "geometry": { "type": "Polygon", "coordinates": [ [ [ 34.783789445627605, 31.253154946727101 ], [ 34.783779449427087, 31.255409673147781 ], [ 34.781154847147583, 31.255401058402686 ], [ 34.781164905721809, 31.253146332743352 ], [ 34.783789445627605, 31.253154946727101 ] ] ] } },
{ "type": "Feature", "properties": { "cell_id": 2564, "score_syntax": 31.947, "syntax_closeness_pct": 28.617, "syntax_betweenness_pct": 36.941, "segment_count": 9.0 }, "geometry": { "type": "Polygon", "coordinates": [ [ [ 34.783779449427087, 31.255409673147781 ], [ 34.783769452101929, 31.25766439877378 ], [ 34.781144787441718, 31.257655783267285 ], [ 34.781154847147583, 31.255401058402686 ], [ 34.783779449427087, 31.255409673147781 ] ] ] } },
{ "type": "Feature", "properties": { "cell_id": 2565, "score_syntax": 46.272, "syntax_closeness_pct": 49.539, "syntax_betweenness_pct": 41.371, "segment_count": 14.0 }, "geometry": { "type": "Polygon", "coordinates": [ [ [ 34.783769452101929, 31.25766439877378 ], [ 34.783759453652031, 31.259919123605037 ], [ 34.78113472660408, 31.259910507337111 ], [ 34.781144787441718, 31.257655783267285 ], [ 34.783769452101929, 31.25766439877378 ] ] ] } },
{ "type": "Feature", "properties": { "cell_id": 2566, "score_syntax": 24.949, "syntax_closeness_pct": 19.49, "syntax_betweenness_pct": 33.137, "segment_count": 9.0 }, "geometry": { "type": "Polygon", "coordinates": [ [ [ 34.783759453652031, 31.259919123605037 ], [ 34.783749454077252, 31.262173847641556 ], [ 34.781124664634568, 31.262165230612148 ], [ 34.78113472660408, 31.259910507337111 ], [ 34.783759453652031, 31.259919123605037 ] ] ] } },
{ "type": "Feature", "properties": { "cell_id": 2567, "score_syntax": 54.694, "syntax_closeness_pct": 57.232, "syntax_betweenness_pct": 50.888, "segment_count": 26.0 }, "geometry": { "type": "Polygon", "coordinates": [ [ [ 34.783749454077252, 31.262173847641556 ], [ 34.783739453377514, 31.264428570883268 ], [ 34.781114601533091, 31.264419953092357 ], [ 34.781124664634568, 31.262165230612148 ], [ 34.783749454077252, 31.262173847641556 ] ] ] } },
{ "type": "Feature", "properties": { "cell_id": 2568, "score_syntax": 38.131, "syntax_closeness_pct": 40.096, "syntax_betweenness_pct": 35.183, "segment_count": 28.0 }, "geometry": { "type": "Polygon", "coordinates": [ [ [ 34.783739453377514, 31.264428570883268 ], [ 34.783729451552695, 31.266683293330168 ], [ 34.781104537299498, 31.266674674777697 ], [ 34.781114601533091, 31.264419953092357 ], [ 34.783739453377514, 31.264428570883268 ] ] ] } },
{ "type": "Feature", "properties": { "cell_id": 2569, "score_syntax": 71.818, "syntax_closeness_pct": 73.193, "syntax_betweenness_pct": 69.756, "segment_count": 30.0 }, "geometry": { "type": "Polygon", "coordinates": [ [ [ 34.783729451552695, 31.266683293330168 ], [ 34.783719448602675, 31.268938014982201 ], [ 34.781094471933727, 31.268929395668167 ], [ 34.781104537299498, 31.266674674777697 ], [ 34.783729451552695, 31.266683293330168 ] ] ] } },
{ "type": "Feature", "properties": { "cell_id": 2570, "score_syntax": 75.534, "syntax_closeness_pct": 76.909, "syntax_betweenness_pct": 73.47, "segment_count": 24.0 }, "geometry": { "type": "Polygon", "coordinates": [ [ [ 34.783719448602675, 31.268938014982201 ], [ 34.783709444527361, 31.271192735839342 ], [ 34.781084405435621, 31.271184115763706 ], [ 34.781094471933727, 31.268929395668167 ], [ 34.783719448602675, 31.268938014982201 ] ] ] } },
{ "type": "Feature", "properties": { "cell_id": 2571, "score_syntax": 67.131, "syntax_closeness_pct": 67.28, "syntax_betweenness_pct": 66.906, "segment_count": 19.0 }, "geometry": { "type": "Polygon", "coordinates": [ [ [ 34.783709444527361, 31.271192735839342 ], [ 34.783699439326618, 31.273447455901572 ], [ 34.78107433780508, 31.273438835064283 ], [ 34.781084405435621, 31.271184115763706 ], [ 34.783709444527361, 31.271192735839342 ] ] ] } },
{ "type": "Feature", "properties": { "cell_id": 2572, "score_syntax": 36.962, "syntax_closeness_pct": 39.512, "syntax_betweenness_pct": 33.137, "segment_count": 3.0 }, "geometry": { "type": "Polygon", "coordinates": [ [ [ 34.783699439326618, 31.273447455901572 ], [ 34.783689433000355, 31.275702175168824 ], [ 34.781064269042005, 31.275693553569862 ], [ 34.78107433780508, 31.273438835064283 ], [ 34.783699439326618, 31.273447455901572 ] ] ] } },
{ "type": "Feature", "properties": { "cell_id": 2573, "score_syntax": 21.393, "syntax_closeness_pct": 13.563, "syntax_betweenness_pct": 33.137, "segment_count": 4.0 }, "geometry": { "type": "Polygon", "coordinates": [ [ [ 34.783689433000355, 31.275702175168824 ], [ 34.783679425548463, 31.277956893641115 ], [ 34.781054199146283, 31.277948271280422 ], [ 34.781064269042005, 31.275693553569862 ], [ 34.783689433000355, 31.275702175168824 ] ] ] } },
{ "type": "Feature", "properties": { "cell_id": 2574, "score_syntax": 16.563, "syntax_closeness_pct": 5.514, "syntax_betweenness_pct": 33.137, "segment_count": 1.0 }, "geometry": { "type": "Polygon", "coordinates": [ [ [ 34.783679425548463, 31.277956893641115 ], [ 34.78366941697081, 31.280211611318386 ], [ 34.781044128117792, 31.280202988195928 ], [ 34.781054199146283, 31.277948271280422 ], [ 34.783679425548463, 31.277956893641115 ] ] ] } },
{ "type": "Feature", "properties": { "cell_id": 2575, "score_syntax": 18.804, "syntax_closeness_pct": 9.25, "syntax_betweenness_pct": 33.137, "segment_count": 2.0 }, "geometry": { "type": "Polygon", "coordinates": [ [ [ 34.78366941697081, 31.280211611318386 ], [ 34.783659407267308, 31.282466328200591 ], [ 34.781034055956425, 31.282457704316357 ], [ 34.781044128117792, 31.280202988195928 ], [ 34.78366941697081, 31.280211611318386 ] ] ] } },
{ "type": "Feature", "properties": { "cell_id": 2577, "score_syntax": 15.677, "syntax_closeness_pct": 4.037, "syntax_betweenness_pct": 33.137, "segment_count": 1.0 }, "geometry": { "type": "Polygon", "coordinates": [ [ [ 34.783649396437831, 31.284721044287714 ], [ 34.783639384482271, 31.286975759579725 ], [ 34.781013908234613, 31.286967134171807 ], [ 34.781023982662063, 31.284712419641668 ], [ 34.783649396437831, 31.284721044287714 ] ] ] } },
{ "type": "Feature", "properties": { "cell_id": 2578, "score_syntax": 72.219, "syntax_closeness_pct": 67.817, "syntax_betweenness_pct": 78.822, "segment_count": 1.0 }, "geometry": { "type": "Polygon", "coordinates": [ [ [ 34.783639384482271, 31.286975759579725 ], [ 34.783629371400529, 31.289230474076589 ], [ 34.78100383267396, 31.28922184790677 ], [ 34.781013908234613, 31.286967134171807 ], [ 34.783639384482271, 31.286975759579725 ] ] ] } },
{ "type": "Feature", "properties": { "cell_id": 2582, "score_syntax": 15.837, "syntax_closeness_pct": 4.304, "syntax_betweenness_pct": 33.137, "segment_count": 1.0 }, "geometry": { "type": "Polygon", "coordinates": [ [ [ 34.783599325397027, 31.295994612795962 ], [ 34.783589307809414, 31.298249324111897 ], [ 34.780963519096964, 31.298240694894151 ], [ 34.780973599191604, 31.295985984340245 ], [ 34.783599325397027, 31.295994612795962 ] ] ] } },
{ "type": "Feature", "properties": { "cell_id": 2623, "score_syntax": 15.202, "syntax_closeness_pct": 3.247, "syntax_betweenness_pct": 33.137, "segment_count": 2.0 }, "geometry": { "type": "Polygon", "coordinates": [ [ [ 34.786622339040619, 31.205814052895303 ], [ 34.786612428658778, 31.208068796752997 ], [ 34.783989133633909, 31.208060251477274 ], [ 34.783999106242526, 31.20580550837548 ], [ 34.786622339040619, 31.205814052895303 ] ] ] } },
{ "type": "Feature", "properties": { "cell_id": 2625, "score_syntax": 15.254, "syntax_closeness_pct": 3.332, "syntax_betweenness_pct": 33.137, "segment_count": 1.0 }, "geometry": { "type": "Polygon", "coordinates": [ [ [ 34.786602517161626, 31.210323539816702 ], [ 34.786592604549014, 31.212578282086405 ], [ 34.783969185049592, 31.212569735298757 ], [ 34.783979159902977, 31.210314993785033 ], [ 34.786602517161626, 31.210323539816702 ] ] ] } },
{ "type": "Feature", "properties": { "cell_id": 2626, "score_syntax": 14.662, "syntax_closeness_pct": 2.345, "syntax_betweenness_pct": 33.137, "segment_count": 1.0 }, "geometry": { "type": "Polygon", "coordinates": [ [ [ 34.786592604549014, 31.212578282086405 ], [ 34.786582690820879, 31.214833023562058 ], [ 34.783959209073693, 31.214824476018443 ], [ 34.783969185049592, 31.212569735298757 ], [ 34.786592604549014, 31.212578282086405 ] ] ] } },
{ "type": "Feature", "properties": { "cell_id": 2631, "score_syntax": 29.518, "syntax_closeness_pct": 27.105, "syntax_betweenness_pct": 33.137, "segment_count": 3.0 }, "geometry": { "type": "Polygon", "coordinates": [ [ [ 34.786543024750685, 31.223851981523612 ], [ 34.786533105443183, 31.226106719028571 ], [ 34.783909312352172, 31.226098167704397 ], [ 34.783919293942439, 31.223843430955615 ], [ 34.786543024750685, 31.223851981523612 ] ] ] } },
{ "type": "Feature", "properties": { "cell_id": 2632, "score_syntax": 58.188, "syntax_closeness_pct": 58.126, "syntax_betweenness_pct": 58.28, "segment_count": 2.0 }, "geometry": { "type": "Polygon", "coordinates": [ [ [ 34.786533105443183, 31.226106719028571 ], [ 34.786523185019469, 31.228361455739268 ], [ 34.783899329638707, 31.228352903658898 ], [ 34.783909312352172, 31.226098167704397 ], [ 34.786533105443183, 31.226106719028571 ] ] ] } },
{ "type": "Feature", "properties": { "cell_id": 2633, "score_syntax": 51.532, "syntax_closeness_pct": 44.746, "syntax_betweenness_pct": 61.712, "segment_count": 8.0 }, "geometry": { "type": "Polygon", "coordinates": [ [ [ 34.786523185019469, 31.228361455739268 ], [ 34.786513263479456, 31.230616191655724 ], [ 34.783889345801931, 31.230607638819102 ], [ 34.783899329638707, 31.228352903658898 ], [ 34.786523185019469, 31.228361455739268 ] ] ] } },
{ "type": "Feature", "properties": { "cell_id": 2634, "score_syntax": 24.923, "syntax_closeness_pct": 19.447, "syntax_betweenness_pct": 33.137, "segment_count": 9.0 }, "geometry": { "type": "Polygon", "coordinates": [ [ [ 34.786513263479456, 31.230616191655724 ], [ 34.78650334082301, 31.232870926777849 ], [ 34.78387936084173, 31.23286237318495 ], [ 34.783889345801931, 31.230607638819102 ], [ 34.786513263479456, 31.230616191655724 ] ] ] } },
{ "type": "Feature", "properties": { "cell_id": 2635, "score_syntax": 28.127, "syntax_closeness_pct": 23.608, "syntax_betweenness_pct": 34.907, "segment_count": 21.0 }, "geometry": { "type": "Polygon", "coordinates": [ [ [ 34.78650334082301, 31.232870926777849 ], [ 34.786493417050032, 31.235125661105645 ], [ 34.783869374757991, 31.235117106756434 ], [ 34.78387936084173, 31.23286237318495 ], [ 34.78650334082301, 31.232870926777849 ] ] ] } },
{ "type": "Feature", "properties": { "cell_id": 2636, "score_syntax": 57.001, "syntax_closeness_pct": 57.082, "syntax_betweenness_pct": 56.88, "segment_count": 28.0 }, "geometry": { "type": "Polygon", "coordinates": [ [ [ 34.786493417050032, 31.235125661105645 ], [ 34.786483492160421, 31.237380394639096 ], [ 34.783859387550613, 31.237371839533516 ], [ 34.783869374757991, 31.235117106756434 ], [ 34.786493417050032, 31.235125661105645 ] ] ] } },
{ "type": "Feature", "properties": { "cell_id": 2637, "score_syntax": 57.175, "syntax_closeness_pct": 58.171, "syntax_betweenness_pct": 55.682, "segment_count": 17.0 }, "geometry": { "type": "Polygon", "coordinates": [ [ [ 34.786483492160421, 31.237380394639096 ], [ 34.786473566154058, 31.239635127378133 ], [ 34.78384939921947, 31.239626571516162 ], [ 34.783859387550613, 31.237371839533516 ], [ 34.786483492160421, 31.237380394639096 ] ] ] } },
{ "type": "Feature", "properties": { "cell_id": 2638, "score_syntax": 51.747, "syntax_closeness_pct": 51.025, "syntax_betweenness_pct": 52.83, "segment_count": 16.0 }, "geometry": { "type": "Polygon", "coordinates": [ [ [ 34.786473566154058, 31.239635127378133 ], [ 34.786463639030828, 31.241889859322747 ], [ 34.783839409764468, 31.241881302704343 ], [ 34.78384939921947, 31.239626571516162 ], [ 34.786473566154058, 31.239635127378133 ] ] ] } },
{ "type": "Feature", "properties": { "cell_id": 2639, "score_syntax": 49.828, "syntax_closeness_pct": 53.24, "syntax_betweenness_pct": 44.709, "segment_count": 37.0 }, "geometry": { "type": "Polygon", "coordinates": [ [ [ 34.786463639030828, 31.241889859322747 ], [ 34.786453710790632, 31.244144590472885 ], [ 34.783829419185494, 31.244136033098027 ], [ 34.783839409764468, 31.241881302704343 ], [ 34.786463639030828, 31.241889859322747 ] ] ] } },
{ "type": "Feature", "properties": { "cell_id": 2640, "score_syntax": 59.759, "syntax_closeness_pct": 61.678, "syntax_betweenness_pct": 56.88, "segment_count": 33.0 }, "geometry": { "type": "Polygon", "coordinates": [ [ [ 34.786453710790632, 31.244144590472885 ], [ 34.786443781433341, 31.24639932082853 ], [ 34.783819427482435, 31.24639076269716 ], [ 34.783829419185494, 31.244136033098027 ], [ 34.786453710790632, 31.244144590472885 ] ] ] } },
{ "type": "Feature", "properties": { "cell_id": 2641, "score_syntax": 57.318, "syntax_closeness_pct": 61.521, "syntax_betweenness_pct": 51.014, "segment_count": 17.0 }, "geometry": { "type": "Polygon", "coordinates": [ [ [ 34.786443781433341, 31.24639932082853 ], [ 34.786433850958886, 31.248654050389636 ], [ 34.783809434655169, 31.248645491501758 ], [ 34.783819427482435, 31.24639076269716 ], [ 34.786443781433341, 31.24639932082853 ] ] ] } },
{ "type": "Feature", "properties": { "cell_id": 2642, "score_syntax": 61.47, "syntax_closeness_pct": 62.891, "syntax_betweenness_pct": 59.34, "segment_count": 16.0 }, "geometry": { "type": "Polygon", "coordinates": [ [ [ 34.786433850958886, 31.248654050389636 ], [ 34.78642391936711, 31.250908779156184 ], [ 34.783799440703596, 31.250900219511745 ], [ 34.783809434655169, 31.248645491501758 ], [ 34.786433850958886, 31.248654050389636 ] ] ] } },
{ "type": "Feature", "properties": { "cell_id": 2643, "score_syntax": 67.304, "syntax_closeness_pct": 71.097, "syntax_betweenness_pct": 61.616, "segment_count": 14.0 }, "geometry": { "type": "Polygon", "coordinates": [ [ [ 34.78642391936711, 31.250908779156184 ], [ 34.786413986657941, 31.253163507128143 ], [ 34.783789445627605, 31.253154946727101 ], [ 34.783799440703596, 31.250900219511745 ], [ 34.78642391936711, 31.250908779156184 ] ] ] } },
{ "type": "Feature", "properties": { "cell_id": 2644, "score_syntax": 63.884, "syntax_closeness_pct": 62.813, "syntax_betweenness_pct": 65.49, "segment_count": 9.0 }, "geometry": { "type": "Polygon", "coordinates": [ [ [ 34.786413986657941, 31.253163507128143 ], [ 34.786404052831237, 31.255418234305466 ], [ 34.783779449427087, 31.255409673147781 ], [ 34.783789445627605, 31.253154946727101 ], [ 34.786413986657941, 31.253163507128143 ] ] ] } },
{ "type": "Feature", "properties": { "cell_id": 2645, "score_syntax": 44.001, "syntax_closeness_pct": 46.704, "syntax_betweenness_pct": 39.948, "segment_count": 15.0 }, "geometry": { "type": "Polygon", "coordinates": [ [ [ 34.786404052831237, 31.255418234305466 ], [ 34.7863941178869, 31.257672960688122 ], [ 34.783769452101929, 31.25766439877378 ], [ 34.783779449427087, 31.255409673147781 ], [ 34.786404052831237, 31.255418234305466 ] ] ] } },
{ "type": "Feature", "properties": { "cell_id": 2646, "score_syntax": 29.55, "syntax_closeness_pct": 24.622, "syntax_betweenness_pct": 36.941, "segment_count": 9.0 }, "geometry": { "type": "Polygon", "coordinates": [ [ [ 34.7863941178869, 31.257672960688122 ], [ 34.786384181824829, 31.259927686276093 ], [ 34.783759453652031, 31.259919123605037 ], [ 34.783769452101929, 31.25766439877378 ], [ 34.7863941178869, 31.257672960688122 ] ] ] } },
{ "type": "Feature", "properties": { "cell_id": 2647, "score_syntax": 27.484, "syntax_closeness_pct": 19.283, "syntax_betweenness_pct": 39.784, "segment_count": 6.0 }, "geometry": { "type": "Polygon", "coordinates": [ [ [ 34.786384181824829, 31.259927686276093 ], [ 34.786374244644904, 31.262182411069343 ], [ 34.783749454077252, 31.262173847641556 ], [ 34.783759453652031, 31.259919123605037 ], [ 34.786384181824829, 31.259927686276093 ] ] ] } },
{ "type": "Feature", "properties": { "cell_id": 2648, "score_syntax": 66.107, "syntax_closeness_pct": 69.559, "syntax_betweenness_pct": 60.929, "segment_count": 17.0 }, "geometry": { "type": "Polygon", "coordinates": [ [ [ 34.786374244644904, 31.262182411069343 ], [ 34.786364306347032, 31.264437135067841 ], [ 34.783739453377514, 31.264428570883268 ], [ 34.783749454077252, 31.262173847641556 ], [ 34.786374244644904, 31.262182411069343 ] ] ] } },
{ "type": "Feature", "properties": { "cell_id": 2649, "score_syntax": 37.601, "syntax_closeness_pct": 38.19, "syntax_betweenness_pct": 36.718, "segment_count": 27.0 }, "geometry": { "type": "Polygon", "coordinates": [ [ [ 34.786364306347032, 31.264437135067841 ], [ 34.786354366931064, 31.266691858271546 ], [ 34.783729451552695, 31.266683293330168 ], [ 34.783739453377514, 31.264428570883268 ], [ 34.786364306347032, 31.264437135067841 ] ] ] } },
{ "type": "Feature", "properties": { "cell_id": 2650, "score_syntax": 64.72, "syntax_closeness_pct": 65.923, "syntax_betweenness_pct": 62.914, "segment_count": 38.0 }, "geometry": { "type": "Polygon", "coordinates": [ [ [ 34.786354366931064, 31.266691858271546 ], [ 34.786344426396937, 31.268946580680435 ], [ 34.783719448602675, 31.268938014982201 ], [ 34.783729451552695, 31.266683293330168 ], [ 34.786354366931064, 31.266691858271546 ] ] ] } },
{ "type": "Feature", "properties": { "cell_id": 2651, "score_syntax": 45.176, "syntax_closeness_pct": 45.814, "syntax_betweenness_pct": 44.218, "segment_count": 13.0 }, "geometry": { "type": "Polygon", "coordinates": [ [ [ 34.786344426396937, 31.268946580680435 ], [ 34.786334484744508, 31.271201302294443 ], [ 34.783709444527361, 31.271192735839342 ], [ 34.783719448602675, 31.268938014982201 ], [ 34.786344426396937, 31.268946580680435 ] ] ] } },
{ "type": "Feature", "properties": { "cell_id": 2652, "score_syntax": 65.135, "syntax_closeness_pct": 66.261, "syntax_betweenness_pct": 63.445, "segment_count": 15.0 }, "geometry": { "type": "Polygon", "coordinates": [ [ [ 34.786334484744508, 31.271201302294443 ], [ 34.786324541973684, 31.273456023113596 ], [ 34.783699439326618, 31.273447455901572 ], [ 34.783709444527361, 31.271192735839342 ], [ 34.786334484744508, 31.271201302294443 ] ] ] } },
{ "type": "Feature", "properties": { "cell_id": 2654, "score_syntax": 21.854, "syntax_closeness_pct": 14.332, "syntax_betweenness_pct": 33.137, "segment_count": 3.0 }, "geometry": { "type": "Polygon", "coordinates": [ [ [ 34.786314598084346, 31.2757107431378 ], [ 34.786304653076385, 31.277965462367082 ], [ 34.783679425548463, 31.277956893641115 ], [ 34.783689433000355, 31.275702175168824 ], [ 34.786314598084346, 31.2757107431378 ] ] ] } },
{ "type": "Feature", "properties": { "cell_id": 2655, "score_syntax": 36.502, "syntax_closeness_pct": 29.121, "syntax_betweenness_pct": 47.573, "segment_count": 3.0 }, "geometry": { "type": "Polygon", "coordinates": [ [ [ 34.786304653076385, 31.277965462367082 ], [ 34.78629470694969, 31.280220180801354 ], [ 34.78366941697081, 31.280211611318386 ], [ 34.783679425548463, 31.277956893641115 ], [ 34.786304653076385, 31.277965462367082 ] ] ] } },
{ "type": "Feature", "properties": { "cell_id": 2656, "score_syntax": 15.561, "syntax_closeness_pct": 3.844, "syntax_betweenness_pct": 33.137, "segment_count": 1.0 }, "geometry": { "type": "Polygon", "coordinates": [ [ [ 34.78629470694969, 31.280220180801354 ], [ 34.786284759704152, 31.282474898440626 ], [ 34.783659407267308, 31.282466328200591 ], [ 34.78366941697081, 31.280211611318386 ], [ 34.78629470694969, 31.280220180801354 ] ] ] } },
{ "type": "Feature", "properties": { "cell_id": 2664, "score_syntax": 14.728, "syntax_closeness_pct": 2.456, "syntax_betweenness_pct": 33.137, "segment_count": 1.0 }, "geometry": { "type": "Polygon", "coordinates": [ [ [ 34.786215097648594, 31.29825789965231 ], [ 34.786205141448356, 31.300512610930287 ], [ 34.78357928909503, 31.300504034632528 ], [ 34.783589307809414, 31.298249324111897 ], [ 34.786215097648594, 31.29825789965231 ] ] ] } },
{ "type": "Feature", "properties": { "cell_id": 2697, "score_syntax": 14.386, "syntax_closeness_pct": 1.885, "syntax_betweenness_pct": 33.137, "segment_count": 1.0 }, "geometry": { "type": "Polygon", "coordinates": [ [ [ 34.789314479014465, 31.190039309441925 ], [ 34.789304638614773, 31.192294059607473 ], [ 34.78668177791598, 31.192285573077474 ], [ 34.786691680493618, 31.190030823662838 ], [ 34.789314479014465, 31.190039309441925 ] ] ] } },
{ "type": "Feature", "properties": { "cell_id": 2703, "score_syntax": 16.028, "syntax_closeness_pct": 4.623, "syntax_betweenness_pct": 33.137, "segment_count": 1.0 }, "geometry": { "type": "Polygon", "coordinates": [ [ [ 34.78925542000065, 31.203567798528855 ], [ 34.789245572953931, 31.205822543931621 ], [ 34.786622339040619, 31.205814052895303 ], [ 34.786632248307235, 31.203559308243669 ], [ 34.78925542000065, 31.203567798528855 ] ] ] } },
{ "type": "Feature", "properties": { "cell_id": 2711, "score_syntax": 26.759, "syntax_closeness_pct": 22.507, "syntax_betweenness_pct": 33.137, "segment_count": 1.0 }, "geometry": { "type": "Polygon", "coordinates": [ [ [ 34.789176612590552, 31.221605739519703 ], [ 34.789166756675016, 31.223860478570291 ], [ 34.786543024750685, 31.223851981523612 ], [ 34.786552942942102, 31.221597243224448 ], [ 34.789176612590552, 31.221605739519703 ] ] ] } },
{ "type": "Feature", "properties": { "cell_id": 2712, "score_syntax": 42.634, "syntax_closeness_pct": 38.449, "syntax_betweenness_pct": 48.912, "segment_count": 3.0 }, "geometry": { "type": "Polygon", "coordinates": [ [ [ 34.789166756675016, 31.223860478570291 ], [ 34.789156899650379, 31.226115216826692 ], [ 34.786533105443183, 31.226106719028571 ], [ 34.786543024750685, 31.223851981523612 ], [ 34.789166756675016, 31.223860478570291 ] ] ] } },
{ "type": "Feature", "properties": { "cell_id": 2713, "score_syntax": 29.25, "syntax_closeness_pct": 26.659, "syntax_betweenness_pct": 33.137, "segment_count": 2.0 }, "geometry": { "type": "Polygon", "coordinates": [ [ [ 34.789156899650379, 31.226115216826692 ], [ 34.78914704151655, 31.228369954288894 ], [ 34.786523185019469, 31.228361455739268 ], [ 34.786533105443183, 31.226106719028571 ], [ 34.789156899650379, 31.226115216826692 ] ] ] } },
{ "type": "Feature", "properties": { "cell_id": 2714, "score_syntax": 40.521, "syntax_closeness_pct": 45.444, "syntax_betweenness_pct": 33.137, "segment_count": 2.0 }, "geometry": { "type": "Polygon", "coordinates": [ [ [ 34.78914704151655, 31.228369954288894 ], [ 34.789137182273386, 31.230624690956859 ], [ 34.786513263479456, 31.230616191655724 ], [ 34.786523185019469, 31.228361455739268 ], [ 34.78914704151655, 31.228369954288894 ] ] ] } },
{ "type": "Feature", "properties": { "cell_id": 2715, "score_syntax": 46.531, "syntax_closeness_pct": 41.284, "syntax_betweenness_pct": 54.401, "segment_count": 7.0 }, "geometry": { "type": "Polygon", "coordinates": [ [ [ 34.789137182273386, 31.230624690956859 ], [ 34.789127321920823, 31.232879426830536 ], [ 34.78650334082301, 31.232870926777849 ], [ 34.786513263479456, 31.230616191655724 ], [ 34.789137182273386, 31.230624690956859 ] ] ] } },
{ "type": "Feature", "properties": { "cell_id": 2716, "score_syntax": 29.366, "syntax_closeness_pct": 23.667, "syntax_betweenness_pct": 37.914, "segment_count": 7.0 }, "geometry": { "type": "Polygon", "coordinates": [ [ [ 34.789127321920823, 31.232879426830536 ], [ 34.789117460458719, 31.23513416190994 ], [ 34.786493417050032, 31.235125661105645 ], [ 34.78650334082301, 31.232870926777849 ], [ 34.789127321920823, 31.232879426830536 ] ] ] } },
{ "type": "Feature", "properties": { "cell_id": 2717, "score_syntax": 72.537, "syntax_closeness_pct": 76.354, "syntax_betweenness_pct": 66.813, "segment_count": 20.0 }, "geometry": { "type": "Polygon", "coordinates": [ [ [ 34.789117460458719, 31.23513416190994 ], [ 34.789107597886975, 31.237388896195 ], [ 34.786483492160421, 31.237380394639096 ], [ 34.786493417050032, 31.235125661105645 ], [ 34.789117460458719, 31.23513416190994 ] ] ] } },
{ "type": "Feature", "properties": { "cell_id": 2718, "score_syntax": 69.036, "syntax_closeness_pct": 71.667, "syntax_betweenness_pct": 65.088, "segment_count": 11.0 }, "geometry": { "type": "Polygon", "coordinates": [ [ [ 34.789107597886975, 31.237388896195 ], [ 34.789097734205505, 31.239643629685698 ], [ 34.786473566154058, 31.239635127378133 ], [ 34.786483492160421, 31.237380394639096 ], [ 34.789107597886975, 31.237388896195 ] ] ] } },
{ "type": "Feature", "properties": { "cell_id": 2719, "score_syntax": 70.34, "syntax_closeness_pct": 75.519, "syntax_betweenness_pct": 62.572, "segment_count": 18.0 }, "geometry": { "type": "Polygon", "coordinates": [ [ [ 34.789097734205505, 31.239643629685698 ], [ 34.789087869414161, 31.241898362381995 ], [ 34.786463639030828, 31.241889859322747 ], [ 34.786473566154058, 31.239635127378133 ], [ 34.789097734205505, 31.239643629685698 ] ] ] } },
{ "type": "Feature", "properties": { "cell_id": 2720, "score_syntax": 59.091, "syntax_closeness_pct": 59.624, "syntax_betweenness_pct": 58.292, "segment_count": 15.0 }, "geometry": { "type": "Polygon", "coordinates": [ [ [ 34.789087869414161, 31.241898362381995 ], [ 34.789078003512856, 31.244153094283874 ], [ 34.786453710790632, 31.244144590472885 ], [ 34.786463639030828, 31.241889859322747 ], [ 34.789087869414161, 31.241898362381995 ] ] ] } },
{ "type": "Feature", "properties": { "cell_id": 2721, "score_syntax": 74.84, "syntax_closeness_pct": 76.388, "syntax_betweenness_pct": 72.517, "segment_count": 28.0 }, "geometry": { "type": "Polygon", "coordinates": [ [ [ 34.789078003512856, 31.244153094283874 ], [ 34.789068136501477, 31.24640782539128 ], [ 34.786443781433341, 31.24639932082853 ], [ 34.786453710790632, 31.244144590472885 ], [ 34.789078003512856, 31.244153094283874 ] ] ] } },
{ "type": "Feature", "properties": { "cell_id": 2722, "score_syntax": 64.517, "syntax_closeness_pct": 68.405, "syntax_betweenness_pct": 58.686, "segment_count": 19.0 }, "geometry": { "type": "Polygon", "coordinates": [ [ [ 34.789068136501477, 31.24640782539128 ], [ 34.789058268379904, 31.248662555704204 ], [ 34.786433850958886, 31.248654050389636 ], [ 34.786443781433341, 31.24639932082853 ], [ 34.789068136501477, 31.24640782539128 ] ] ] } },
{ "type": "Feature", "properties": { "cell_id": 2723, "score_syntax": 31.988, "syntax_closeness_pct": 31.222, "syntax_betweenness_pct": 33.137, "segment_count": 12.0 }, "geometry": { "type": "Polygon", "coordinates": [ [ [ 34.789058268379904, 31.248662555704204 ], [ 34.789048399148044, 31.250917285222581 ], [ 34.78642391936711, 31.250908779156184 ], [ 34.786433850958886, 31.248654050389636 ], [ 34.789058268379904, 31.248662555704204 ] ] ] } },
{ "type": "Feature", "properties": { "cell_id": 2724, "score_syntax": 64.666, "syntax_closeness_pct": 68.076, "syntax_betweenness_pct": 59.552, "segment_count": 27.0 }, "geometry": { "type": "Polygon", "coordinates": [ [ [ 34.789048399148044, 31.250917285222581 ], [ 34.78903852880579, 31.253172013946401 ], [ 34.786413986657941, 31.253163507128143 ], [ 34.78642391936711, 31.250908779156184 ], [ 34.789048399148044, 31.250917285222581 ] ] ] } },
{ "type": "Feature", "properties": { "cell_id": 2725, "score_syntax": 46.029, "syntax_closeness_pct": 47.599, "syntax_betweenness_pct": 43.675, "segment_count": 12.0 }, "geometry": { "type": "Polygon", "coordinates": [ [ [ 34.78903852880579, 31.253172013946401 ], [ 34.789028657353008, 31.255426741875645 ], [ 34.786404052831237, 31.255418234305466 ], [ 34.786413986657941, 31.253163507128143 ], [ 34.78903852880579, 31.253172013946401 ] ] ] } },
{ "type": "Feature", "properties": { "cell_id": 2726, "score_syntax": 70.364, "syntax_closeness_pct": 73.352, "syntax_betweenness_pct": 65.881, "segment_count": 24.0 }, "geometry": { "type": "Polygon", "coordinates": [ [ [ 34.789028657353008, 31.255426741875645 ], [ 34.789018784789612, 31.25768146901024 ], [ 34.7863941178869, 31.257672960688122 ], [ 34.786404052831237, 31.255418234305466 ], [ 34.789028657353008, 31.255426741875645 ] ] ] } },
{ "type": "Feature", "properties": { "cell_id": 2727, "score_syntax": 74.911, "syntax_closeness_pct": 77.855, "syntax_betweenness_pct": 70.495, "segment_count": 27.0 }, "geometry": { "type": "Polygon", "coordinates": [ [ [ 34.789018784789612, 31.25768146901024 ], [ 34.789008911115481, 31.259936195350186 ], [ 34.786384181824829, 31.259927686276093 ], [ 34.7863941178869, 31.257672960688122 ], [ 34.789018784789612, 31.25768146901024 ] ] ] } },
{ "type": "Feature", "properties": { "cell_id": 2728, "score_syntax": 46.835, "syntax_closeness_pct": 51.643, "syntax_betweenness_pct": 39.624, "segment_count": 31.0 }, "geometry": { "type": "Polygon", "coordinates": [ [ [ 34.789008911115481, 31.259936195350186 ], [ 34.788999036330516, 31.262190920895446 ], [ 34.786374244644904, 31.262182411069343 ], [ 34.786384181824829, 31.259927686276093 ], [ 34.789008911115481, 31.259936195350186 ] ] ] } },
{ "type": "Feature", "properties": { "cell_id": 2729, "score_syntax": 72.058, "syntax_closeness_pct": 74.132, "syntax_betweenness_pct": 68.949, "segment_count": 31.0 }, "geometry": { "type": "Polygon", "coordinates": [ [ [ 34.788999036330516, 31.262190920895446 ], [ 34.788989160434589, 31.264445645645974 ], [ 34.786364306347032, 31.264437135067841 ], [ 34.786374244644904, 31.262182411069343 ], [ 34.788999036330516, 31.262190920895446 ] ] ] } },
{ "type": "Feature", "properties": { "cell_id": 2730, "score_syntax": 73.096, "syntax_closeness_pct": 76.641, "syntax_betweenness_pct": 67.78, "segment_count": 24.0 }, "geometry": { "type": "Polygon", "coordinates": [ [ [ 34.788989160434589, 31.264445645645974 ], [ 34.788979283427622, 31.266700369601757 ], [ 34.786354366931064, 31.266691858271546 ], [ 34.786364306347032, 31.264437135067841 ], [ 34.788989160434589, 31.264445645645974 ] ] ] } },
{ "type": "Feature", "properties": { "cell_id": 2731, "score_syntax": 52.016, "syntax_closeness_pct": 52.699, "syntax_betweenness_pct": 50.991, "segment_count": 16.0 }, "geometry": { "type": "Polygon", "coordinates": [ [ [ 34.788979283427622, 31.266700369601757 ], [ 34.788969405309473, 31.268955092762752 ], [ 34.786344426396937, 31.268946580680435 ], [ 34.786354366931064, 31.266691858271546 ], [ 34.788979283427622, 31.266700369601757 ] ] ] } },
{ "type": "Feature", "properties": { "cell_id": 2732, "score_syntax": 49.687, "syntax_closeness_pct": 52.998, "syntax_betweenness_pct": 44.721, "segment_count": 15.0 }, "geometry": { "type": "Polygon", "coordinates": [ [ [ 34.788969405309473, 31.268955092762752 ], [ 34.788959526080049, 31.27120981512893 ], [ 34.786334484744508, 31.271201302294443 ], [ 34.786344426396937, 31.268946580680435 ], [ 34.788969405309473, 31.268955092762752 ] ] ] } },
{ "type": "Feature", "properties": { "cell_id": 2733, "score_syntax": 68.937, "syntax_closeness_pct": 70.282, "syntax_betweenness_pct": 66.919, "segment_count": 19.0 }, "geometry": { "type": "Polygon", "coordinates": [ [ [ 34.788959526080049, 31.27120981512893 ], [ 34.788949645739244, 31.27346453670026 ], [ 34.786324541973684, 31.273456023113596 ], [ 34.786334484744508, 31.271201302294443 ], [ 34.788959526080049, 31.27120981512893 ] ] ] } },
{ "type": "Feature", "properties": { "cell_id": 2734, "score_syntax": 14.51, "syntax_closeness_pct": 2.093, "syntax_betweenness_pct": 33.137, "segment_count": 1.0 }, "geometry": { "type": "Polygon", "coordinates": [ [ [ 34.788949645739244, 31.27346453670026 ], [ 34.788939764286937, 31.275719257476698 ], [ 34.786314598084346, 31.2757107431378 ], [ 34.786324541973684, 31.273456023113596 ], [ 34.788949645739244, 31.27346453670026 ] ] ] } },
{ "type": "Feature", "properties": { "cell_id": 2735, "score_syntax": 15.225, "syntax_closeness_pct": 3.285, "syntax_betweenness_pct": 33.137, "segment_count": 3.0 }, "geometry": { "type": "Polygon", "coordinates": [ [ [ 34.788939764286937, 31.275719257476698 ], [ 34.788929881723028, 31.277973977458217 ], [ 34.786304653076385, 31.277965462367082 ], [ 34.786314598084346, 31.2757107431378 ], [ 34.788939764286937, 31.275719257476698 ] ] ] } },
{ "type": "Feature", "properties": { "cell_id": 2736, "score_syntax": 16.319, "syntax_closeness_pct": 5.108, "syntax_betweenness_pct": 33.137, "segment_count": 3.0 }, "geometry": { "type": "Polygon", "coordinates": [ [ [ 34.788929881723028, 31.277973977458217 ], [ 34.788919998047419, 31.280228696644805 ], [ 34.78629470694969, 31.280220180801354 ], [ 34.786304653076385, 31.277965462367082 ], [ 34.788929881723028, 31.277973977458217 ] ] ] } },
{ "type": "Feature", "properties": { "cell_id": 2737, "score_syntax": 21.898, "syntax_closeness_pct": 14.405, "syntax_betweenness_pct": 33.137, "segment_count": 4.0 }, "geometry": { "type": "Polygon", "coordinates": [ [ [ 34.788919998047419, 31.280228696644805 ], [ 34.788910113259952, 31.282483415036399 ], [ 34.786284759704152, 31.282474898440626 ], [ 34.78629470694969, 31.280220180801354 ], [ 34.788919998047419, 31.280228696644805 ] ] ] } },
{ "type": "Feature", "properties": { "cell_id": 2738, "score_syntax": 19.413, "syntax_closeness_pct": 10.263, "syntax_betweenness_pct": 33.137, "segment_count": 6.0 }, "geometry": { "type": "Polygon", "coordinates": [ [ [ 34.788910113259952, 31.282483415036399 ], [ 34.788900227360585, 31.284738132632974 ], [ 34.786274811339666, 31.284729615284846 ], [ 34.786284759704152, 31.282474898440626 ], [ 34.788910113259952, 31.282483415036399 ] ] ] } },
{ "type": "Feature", "properties": { "cell_id": 2739, "score_syntax": 51.884, "syntax_closeness_pct": 48.738, "syntax_betweenness_pct": 56.602, "segment_count": 2.0 }, "geometry": { "type": "Polygon", "coordinates": [ [ [ 34.788900227360585, 31.284738132632974 ], [ 34.788890340349141, 31.286992849434494 ], [ 34.786264861856125, 31.286984331333976 ], [ 34.786274811339666, 31.284729615284846 ], [ 34.788900227360585, 31.284738132632974 ] ] ] } },
{ "type": "Feature", "properties": { "cell_id": 2786, "score_syntax": 14.586, "syntax_closeness_pct": 2.219, "syntax_betweenness_pct": 33.137, "segment_count": 1.0 }, "geometry": { "type": "Polygon", "coordinates": [ [ [ 34.791859022047497, 31.208085726839645 ], [ 34.791849235018233, 31.210340471401054 ], [ 34.789225875535692, 31.210332032355389 ], [ 34.789235724798985, 31.208077288540498 ], [ 34.791859022047497, 31.208085726839645 ] ] ] } },
{ "type": "Feature", "properties": { "cell_id": 2789, "score_syntax": 14.421, "syntax_closeness_pct": 1.944, "syntax_betweenness_pct": 33.137, "segment_count": 1.0 }, "geometry": { "type": "Polygon", "coordinates": [ [ [ 34.791829657655235, 31.214849958142 ], [ 34.791819867321294, 31.217104700321453 ], [ 34.789196321094799, 31.217096259036165 ], [ 34.789206173683723, 31.214841517603258 ], [ 34.791829657655235, 31.214849958142 ] ] ] } },
{ "type": "Feature", "properties": { "cell_id": 2791, "score_syntax": 17.011, "syntax_closeness_pct": 6.261, "syntax_betweenness_pct": 33.137, "segment_count": 3.0 }, "geometry": { "type": "Polygon", "coordinates": [ [ [ 34.791810075885579, 31.219359441706914 ], [ 34.791800283348003, 31.221614182298275 ], [ 34.789176612590552, 31.221605739519703 ], [ 34.789186467397116, 31.219350999674994 ], [ 34.791810075885579, 31.219359441706914 ] ] ] } },
{ "type": "Feature", "properties": { "cell_id": 2792, "score_syntax": 24.679, "syntax_closeness_pct": 19.04, "syntax_betweenness_pct": 33.137, "segment_count": 6.0 }, "geometry": { "type": "Polygon", "coordinates": [ [ [ 34.791800283348003, 31.221614182298275 ], [ 34.791790489708447, 31.223868922095541 ], [ 34.789166756675016, 31.223860478570291 ], [ 34.789176612590552, 31.221605739519703 ], [ 34.791800283348003, 31.221614182298275 ] ] ] } },
{ "type": "Feature", "properties": { "cell_id": 2793, "score_syntax": 22.369, "syntax_closeness_pct": 15.19, "syntax_betweenness_pct": 33.137, "segment_count": 1.0 }, "geometry": { "type": "Polygon", "coordinates": [ [ [ 34.791790489708447, 31.223868922095541 ], [ 34.791780694966782, 31.226123661098693 ], [ 34.789156899650379, 31.226115216826692 ], [ 34.789166756675016, 31.223860478570291 ], [ 34.791790489708447, 31.223868922095541 ] ] ] } },
{ "type": "Feature", "properties": { "cell_id": 2794, "score_syntax": 25.569, "syntax_closeness_pct": 20.524, "syntax_betweenness_pct": 33.137, "segment_count": 4.0 }, "geometry": { "type": "Polygon", "coordinates": [ [ [ 34.791780694966782, 31.226123661098693 ], [ 34.791770899122923, 31.228378399307644 ], [ 34.78914704151655, 31.228369954288894 ], [ 34.789156899650379, 31.226115216826692 ], [ 34.791780694966782, 31.226123661098693 ] ] ] } },
{ "type": "Feature", "properties": { "cell_id": 2795, "score_syntax": 42.633, "syntax_closeness_pct": 38.936, "syntax_betweenness_pct": 48.179, "segment_count": 6.0 }, "geometry": { "type": "Polygon", "coordinates": [ [ [ 34.791770899122923, 31.228378399307644 ], [ 34.79176110217675, 31.230633136722414 ], [ 34.789137182273386, 31.230624690956859 ], [ 34.78914704151655, 31.228369954288894 ], [ 34.791770899122923, 31.228378399307644 ] ] ] } },
{ "type": "Feature", "properties": { "cell_id": 2796, "score_syntax": 46.124, "syntax_closeness_pct": 40.012, "syntax_betweenness_pct": 55.291, "segment_count": 4.0 }, "geometry": { "type": "Polygon", "coordinates": [ [ [ 34.79176110217675, 31.230633136722414 ], [ 34.791751304128177, 31.232887873342918 ], [ 34.789127321920823, 31.232879426830536 ], [ 34.789137182273386, 31.230624690956859 ], [ 34.79176110217675, 31.230633136722414 ] ] ] } },
{ "type": "Feature", "properties": { "cell_id": 2797, "score_syntax": 44.846, "syntax_closeness_pct": 40.022, "syntax_betweenness_pct": 52.083, "segment_count": 5.0 }, "geometry": { "type": "Polygon", "coordinates": [ [ [ 34.791751304128177, 31.232887873342918 ], [ 34.791741504977047, 31.235142609169181 ], [ 34.789117460458719, 31.23513416190994 ], [ 34.789127321920823, 31.232879426830536 ], [ 34.791751304128177, 31.232887873342918 ] ] ] } },
{ "type": "Feature", "properties": { "cell_id": 2798, "score_syntax": 63.044, "syntax_closeness_pct": 64.678, "syntax_betweenness_pct": 60.593, "segment_count": 13.0 }, "geometry": { "type": "Polygon", "coordinates": [ [ [ 34.791741504977047, 31.235142609169181 ], [ 34.791731704723297, 31.237397344201138 ], [ 34.789107597886975, 31.237388896195 ], [ 34.789117460458719, 31.23513416190994 ], [ 34.791741504977047, 31.235142609169181 ] ] ] } },
{ "type": "Feature", "properties": { "cell_id": 2799, "score_syntax": 61.98, "syntax_closeness_pct": 63.941, "syntax_betweenness_pct": 59.039, "segment_count": 20.0 }, "geometry": { "type": "Polygon", "coordinates": [ [ [ 34.791731704723297, 31.237397344201138 ], [ 34.791721903366806, 31.23965207843877 ], [ 34.789097734205505, 31.239643629685698 ], [ 34.789107597886975, 31.237388896195 ], [ 34.791731704723297, 31.237397344201138 ] ] ] } },
{ "type": "Feature", "properties": { "cell_id": 2800, "score_syntax": 74.356, "syntax_closeness_pct": 76.721, "syntax_betweenness_pct": 70.808, "segment_count": 21.0 }, "geometry": { "type": "Polygon", "coordinates": [ [ [ 34.791721903366806, 31.23965207843877 ], [ 34.791712100907461, 31.241906811882046 ], [ 34.789087869414161, 31.241898362381995 ], [ 34.789097734205505, 31.239643629685698 ], [ 34.791721903366806, 31.23965207843877 ] ] ] } },
{ "type": "Feature", "properties": { "cell_id": 2801, "score_syntax": 50.615, "syntax_closeness_pct": 51.691, "syntax_betweenness_pct": 49.001, "segment_count": 21.0 }, "geometry": { "type": "Polygon", "coordinates": [ [ [ 34.791712100907461, 31.241906811882046 ], [ 34.791702297345161, 31.244161544530936 ], [ 34.789078003512856, 31.244153094283874 ], [ 34.789087869414161, 31.241898362381995 ], [ 34.791712100907461, 31.241906811882046 ] ] ] } },
{ "type": "Feature", "properties": { "cell_id": 2802, "score_syntax": 78.838, "syntax_closeness_pct": 79.715, "syntax_betweenness_pct": 77.522, "segment_count": 30.0 }, "geometry": { "type": "Polygon", "coordinates": [ [ [ 34.791702297345161, 31.244161544530936 ], [ 34.791692492679772, 31.246416276385371 ], [ 34.789068136501477, 31.24640782539128 ], [ 34.789078003512856, 31.244153094283874 ], [ 34.791702297345161, 31.244161544530936 ] ] ] } },
{ "type": "Feature", "properties": { "cell_id": 2803, "score_syntax": 72.094, "syntax_closeness_pct": 74.661, "syntax_betweenness_pct": 68.244, "segment_count": 19.0 }, "geometry": { "type": "Polygon", "coordinates": [ [ [ 34.791692492679772, 31.246416276385371 ], [ 34.791682686911216, 31.248671007445349 ], [ 34.789058268379904, 31.248662555704204 ], [ 34.789068136501477, 31.24640782539128 ], [ 34.791692492679772, 31.246416276385371 ] ] ] } },
{ "type": "Feature", "properties": { "cell_id": 2804, "score_syntax": 54.936, "syntax_closeness_pct": 54.818, "syntax_betweenness_pct": 55.112, "segment_count": 22.0 }, "geometry": { "type": "Polygon", "coordinates": [ [ [ 34.791682686911216, 31.248671007445349 ], [ 34.791672880039364, 31.250925737710844 ], [ 34.789048399148044, 31.250917285222581 ], [ 34.789058268379904, 31.248662555704204 ], [ 34.791682686911216, 31.248671007445349 ] ] ] } },
{ "type": "Feature", "properties": { "cell_id": 2805, "score_syntax": 81.067, "syntax_closeness_pct": 84.665, "syntax_betweenness_pct": 75.67, "segment_count": 29.0 }, "geometry": { "type": "Polygon", "coordinates": [ [ [ 34.791672880039364, 31.250925737710844 ], [ 34.791663072064146, 31.253180467181807 ], [ 34.78903852880579, 31.253172013946401 ], [ 34.789048399148044, 31.250917285222581 ], [ 34.791672880039364, 31.250925737710844 ] ] ] } },
{ "type": "Feature", "properties": { "cell_id": 2806, "score_syntax": 43.099, "syntax_closeness_pct": 46.404, "syntax_betweenness_pct": 38.141, "segment_count": 36.0 }, "geometry": { "type": "Polygon", "coordinates": [ [ [ 34.791663072064146, 31.253180467181807 ], [ 34.791653262985413, 31.255435195858212 ], [ 34.789028657353008, 31.255426741875645 ], [ 34.78903852880579, 31.253172013946401 ], [ 34.791663072064146, 31.253180467181807 ] ] ] } },
{ "type": "Feature", "properties": { "cell_id": 2807, "score_syntax": 41.454, "syntax_closeness_pct": 41.467, "syntax_betweenness_pct": 41.435, "segment_count": 15.0 }, "geometry": { "type": "Polygon", "coordinates": [ [ [ 34.791653262985413, 31.255435195858212 ], [ 34.791643452803051, 31.257689923740028 ], [ 34.789018784789612, 31.25768146901024 ], [ 34.789028657353008, 31.255426741875645 ], [ 34.791653262985413, 31.255435195858212 ] ] ] } },
{ "type": "Feature", "properties": { "cell_id": 2808, "score_syntax": 37.733, "syntax_closeness_pct": 36.302, "syntax_betweenness_pct": 39.88, "segment_count": 15.0 }, "geometry": { "type": "Polygon", "coordinates": [ [ [ 34.791643452803051, 31.257689923740028 ], [ 34.791633641516981, 31.259944650827226 ], [ 34.789008911115481, 31.259936195350186 ], [ 34.789018784789612, 31.25768146901024 ], [ 34.791643452803051, 31.257689923740028 ] ] ] } },
{ "type": "Feature", "properties": { "cell_id": 2809, "score_syntax": 50.04, "syntax_closeness_pct": 54.021, "syntax_betweenness_pct": 44.068, "segment_count": 37.0 }, "geometry": { "type": "Polygon", "coordinates": [ [ [ 34.791633641516981, 31.259944650827226 ], [ 34.791623829127076, 31.262199377119757 ], [ 34.788999036330516, 31.262190920895446 ], [ 34.789008911115481, 31.259936195350186 ], [ 34.791633641516981, 31.259944650827226 ] ] ] } },
{ "type": "Feature", "properties": { "cell_id": 2810, "score_syntax": 65.506, "syntax_closeness_pct": 69.312, "syntax_betweenness_pct": 59.797, "segment_count": 53.0 }, "geometry": { "type": "Polygon", "coordinates": [ [ [ 34.791623829127076, 31.262199377119757 ], [ 34.791614015633243, 31.26445410261762 ], [ 34.788989160434589, 31.264445645645974 ], [ 34.788999036330516, 31.262190920895446 ], [ 34.791623829127076, 31.262199377119757 ] ] ] } },
{ "type": "Feature", "properties": { "cell_id": 2811, "score_syntax": 59.608, "syntax_closeness_pct": 61.172, "syntax_betweenness_pct": 57.261, "segment_count": 23.0 }, "geometry": { "type": "Polygon", "coordinates": [ [ [ 34.791614015633243, 31.26445410261762 ], [ 34.791604201035341, 31.266708827320748 ], [ 34.788979283427622, 31.266700369601757 ], [ 34.788989160434589, 31.264445645645974 ], [ 34.791614015633243, 31.26445410261762 ] ] ] } },
{ "type": "Feature", "properties": { "cell_id": 2812, "score_syntax": 27.901, "syntax_closeness_pct": 24.41, "syntax_betweenness_pct": 33.137, "segment_count": 6.0 }, "geometry": { "type": "Polygon", "coordinates": [ [ [ 34.791604201035341, 31.266708827320748 ], [ 34.791594385333305, 31.268963551229131 ], [ 34.788969405309473, 31.268955092762752 ], [ 34.788979283427622, 31.266700369601757 ], [ 34.791604201035341, 31.266708827320748 ] ] ] } },
{ "type": "Feature", "properties": { "cell_id": 2813, "score_syntax": 42.945, "syntax_closeness_pct": 43.183, "syntax_betweenness_pct": 42.588, "segment_count": 18.0 }, "geometry": { "type": "Polygon", "coordinates": [ [ [ 34.791594385333305, 31.268963551229131 ], [ 34.791584568526993, 31.271218274342722 ], [ 34.788959526080049, 31.27120981512893 ], [ 34.788969405309473, 31.268955092762752 ], [ 34.791594385333305, 31.268963551229131 ] ] ] } },
{ "type": "Feature", "properties": { "cell_id": 2814, "score_syntax": 24.153, "syntax_closeness_pct": 18.164, "syntax_betweenness_pct": 33.137, "segment_count": 8.0 }, "geometry": { "type": "Polygon", "coordinates": [ [ [ 34.791584568526993, 31.271218274342722 ], [ 34.79157475061632, 31.273472996661507 ], [ 34.788949645739244, 31.27346453670026 ], [ 34.788959526080049, 31.27120981512893 ], [ 34.791584568526993, 31.271218274342722 ] ] ] } },
{ "type": "Feature", "properties": { "cell_id": 2815, "score_syntax": 51.028, "syntax_closeness_pct": 43.986, "syntax_betweenness_pct": 61.593, "segment_count": 4.0 }, "geometry": { "type": "Polygon", "coordinates": [ [ [ 34.79157475061632, 31.273472996661507 ], [ 34.791564931601151, 31.275727718185436 ], [ 34.788939764286937, 31.275719257476698 ], [ 34.788949645739244, 31.27346453670026 ], [ 34.79157475061632, 31.273472996661507 ] ] ] } },
{ "type": "Feature", "properties": { "cell_id": 2816, "score_syntax": 16.042, "syntax_closeness_pct": 4.645, "syntax_betweenness_pct": 33.137, "segment_count": 2.0 }, "geometry": { "type": "Polygon", "coordinates": [ [ [ 34.791564931601151, 31.275727718185436 ], [ 34.791555111481408, 31.277982438914485 ], [ 34.788929881723028, 31.277973977458217 ], [ 34.788939764286937, 31.275719257476698 ], [ 34.791564931601151, 31.275727718185436 ] ] ] } },
{ "type": "Feature", "properties": { "cell_id": 2817, "score_syntax": 17.765, "syntax_closeness_pct": 7.517, "syntax_betweenness_pct": 33.137, "segment_count": 2.0 }, "geometry": { "type": "Polygon", "coordinates": [ [ [ 34.791555111481408, 31.277982438914485 ], [ 34.791545290256948, 31.280237158848603 ], [ 34.788919998047419, 31.280228696644805 ], [ 34.788929881723028, 31.277973977458217 ], [ 34.791555111481408, 31.277982438914485 ] ] ] } },
{ "type": "Feature", "properties": { "cell_id": 2819, "score_syntax": 37.129, "syntax_closeness_pct": 31.864, "syntax_betweenness_pct": 45.027, "segment_count": 3.0 }, "geometry": { "type": "Polygon", "coordinates": [ [ [ 34.791535467927687, 31.282491877987805 ], [ 34.791525644493518, 31.284746596332006 ], [ 34.788900227360585, 31.284738132632974 ], [ 34.788910113259952, 31.282483415036399 ], [ 34.791535467927687, 31.282491877987805 ] ] ] } },
{ "type": "Feature", "properties": { "cell_id": 2820, "score_syntax": 45.112, "syntax_closeness_pct": 38.587, "syntax_betweenness_pct": 54.899, "segment_count": 2.0 }, "geometry": { "type": "Polygon", "coordinates": [ [ [ 34.791525644493518, 31.284746596332006 ], [ 34.791515819954306, 31.287001313881198 ], [ 34.788890340349141, 31.286992849434494 ], [ 34.788900227360585, 31.284738132632974 ], [ 34.791525644493518, 31.284746596332006 ] ] ] } },
{ "type": "Feature", "properties": { "cell_id": 2821, "score_syntax": 64.887, "syntax_closeness_pct": 62.109, "syntax_betweenness_pct": 69.055, "segment_count": 5.0 }, "geometry": { "type": "Polygon", "coordinates": [ [ [ 34.791515819954306, 31.287001313881198 ], [ 34.791505994309965, 31.289256030635343 ], [ 34.788880452225548, 31.289247565440952 ], [ 34.788890340349141, 31.286992849434494 ], [ 34.791515819954306, 31.287001313881198 ] ] ] } },
{ "type": "Feature", "properties": { "cell_id": 2822, "score_syntax": 72.758, "syntax_closeness_pct": 67.995, "syntax_betweenness_pct": 79.903, "segment_count": 2.0 }, "geometry": { "type": "Polygon", "coordinates": [ [ [ 34.791505994309965, 31.289256030635343 ], [ 34.791496167560396, 31.29151074659443 ], [ 34.788870562989715, 31.291502280652288 ], [ 34.788880452225548, 31.289247565440952 ], [ 34.791505994309965, 31.289256030635343 ] ] ] } },
{ "type": "Feature", "properties": { "cell_id": 2826, "score_syntax": 71.912, "syntax_closeness_pct": 70.485, "syntax_betweenness_pct": 74.054, "segment_count": 2.0 }, "geometry": { "type": "Polygon", "coordinates": [ [ [ 34.791466680679093, 31.298274889700881 ], [ 34.791456849507455, 31.300529602479322 ], [ 34.788830994921497, 31.300521133545924 ], [ 34.788840888607488, 31.298266421515336 ], [ 34.791466680679093, 31.298274889700881 ] ] ] } },
{ "type": "Feature", "properties": { "cell_id": 2827, "score_syntax": 14.43, "syntax_closeness_pct": 1.959, "syntax_betweenness_pct": 33.137, "segment_count": 1.0 }, "geometry": { "type": "Polygon", "coordinates": [ [ [ 34.791456849507455, 31.300529602479322 ], [ 34.79144701723002, 31.302784314462539 ], [ 34.788821100122682, 31.30277584478122 ], [ 34.788830994921497, 31.300521133545924 ], [ 34.791456849507455, 31.300529602479322 ] ] ] } },
{ "type": "Feature", "properties": { "cell_id": 2828, "score_syntax": 14.724, "syntax_closeness_pct": 2.449, "syntax_betweenness_pct": 33.137, "segment_count": 1.0 }, "geometry": { "type": "Polygon", "coordinates": [ [ [ 34.79144701723002, 31.302784314462539 ], [ 34.791437183846689, 31.30503902565048 ], [ 34.788811204210965, 31.305030555221215 ], [ 34.788821100122682, 31.30277584478122 ], [ 34.79144701723002, 31.302784314462539 ] ] ] } },
{ "type": "Feature", "properties": { "cell_id": 2865, "score_syntax": 17.315, "syntax_closeness_pct": 6.768, "syntax_betweenness_pct": 33.137, "segment_count": 1.0 }, "geometry": { "type": "Polygon", "coordinates": [ [ [ 34.794501766704805, 31.203584618662514 ], [ 34.794492044098206, 31.205839365553377 ], [ 34.791868807975462, 31.20583098148434 ], [ 34.791878592802171, 31.203576235335166 ], [ 34.794501766704805, 31.203584618662514 ] ] ] } },
{ "type": "Feature", "properties": { "cell_id": 2871, "score_syntax": 20.654, "syntax_closeness_pct": 12.333, "syntax_betweenness_pct": 33.137, "segment_count": 1.0 }, "geometry": { "type": "Polygon", "coordinates": [ [ [ 34.794443414649557, 31.217113088099463 ], [ 34.79443368547593, 31.219367830226812 ], [ 34.791810075885579, 31.219359441706914 ], [ 34.791819867321294, 31.217104700321453 ], [ 34.794443414649557, 31.217113088099463 ] ] ] } },
{ "type": "Feature", "properties": { "cell_id": 2872, "score_syntax": 16.024, "syntax_closeness_pct": 4.616, "syntax_betweenness_pct": 33.137, "segment_count": 2.0 }, "geometry": { "type": "Polygon", "coordinates": [ [ [ 34.79443368547593, 31.219367830226812 ], [ 34.794423955207442, 31.221622571560115 ], [ 34.791800283348003, 31.221614182298275 ], [ 34.791810075885579, 31.219359441706914 ], [ 34.79443368547593, 31.219367830226812 ] ] ] } },
{ "type": "Feature", "properties": { "cell_id": 2873, "score_syntax": 26.456, "syntax_closeness_pct": 22.002, "syntax_betweenness_pct": 33.137, "segment_count": 3.0 }, "geometry": { "type": "Polygon", "coordinates": [ [ [ 34.794423955207442, 31.221622571560115 ], [ 34.794414223843965, 31.223877312099351 ], [ 34.791790489708447, 31.223868922095541 ], [ 34.791800283348003, 31.221614182298275 ], [ 34.794423955207442, 31.221622571560115 ] ] ] } },
{ "type": "Feature", "properties": { "cell_id": 2874, "score_syntax": 79.612, "syntax_closeness_pct": 77.664, "syntax_betweenness_pct": 82.532, "segment_count": 2.0 }, "geometry": { "type": "Polygon", "coordinates": [ [ [ 34.794414223843965, 31.223877312099351 ], [ 34.794404491385393, 31.22613205184448 ], [ 34.791780694966782, 31.226123661098693 ], [ 34.791790489708447, 31.223868922095541 ], [ 34.794414223843965, 31.223877312099351 ] ] ] } },
{ "type": "Feature", "properties": { "cell_id": 2875, "score_syntax": 46.005, "syntax_closeness_pct": 49.828, "syntax_betweenness_pct": 40.271, "segment_count": 5.0 }, "geometry": { "type": "Polygon", "coordinates": [ [ [ 34.794404491385393, 31.22613205184448 ], [ 34.794394757831618, 31.228386790795465 ], [ 34.791770899122923, 31.228378399307644 ], [ 34.791780694966782, 31.226123661098693 ], [ 34.794404491385393, 31.22613205184448 ] ] ] } },
{ "type": "Feature", "properties": { "cell_id": 2876, "score_syntax": 65.679, "syntax_closeness_pct": 69.338, "syntax_betweenness_pct": 60.19, "segment_count": 3.0 }, "geometry": { "type": "Polygon", "coordinates": [ [ [ 34.794394757831618, 31.228386790795465 ], [ 34.794385023182535, 31.230641528952297 ], [ 34.79176110217675, 31.230633136722414 ], [ 34.791770899122923, 31.228378399307644 ], [ 34.794394757831618, 31.228386790795465 ] ] ] } },
{ "type": "Feature", "properties": { "cell_id": 2877, "score_syntax": 47.369, "syntax_closeness_pct": 42.158, "syntax_betweenness_pct": 55.185, "segment_count": 4.0 }, "geometry": { "type": "Polygon", "coordinates": [ [ [ 34.794385023182535, 31.230641528952297 ], [ 34.794375287438037, 31.232896266314921 ], [ 34.791751304128177, 31.232887873342918 ], [ 34.79176110217675, 31.230633136722414 ], [ 34.794385023182535, 31.230641528952297 ] ] ] } },
{ "type": "Feature", "properties": { "cell_id": 2878, "score_syntax": 62.675, "syntax_closeness_pct": 63.838, "syntax_betweenness_pct": 60.931, "segment_count": 15.0 }, "geometry": { "type": "Polygon", "coordinates": [ [ [ 34.794375287438037, 31.232896266314921 ], [ 34.794365550598023, 31.23515100288332 ], [ 34.791741504977047, 31.235142609169181 ], [ 34.791751304128177, 31.232887873342918 ], [ 34.794375287438037, 31.232896266314921 ] ] ] } },
{ "type": "Feature", "properties": { "cell_id": 2879, "score_syntax": 71.285, "syntax_closeness_pct": 74.564, "syntax_betweenness_pct": 66.367, "segment_count": 24.0 }, "geometry": { "type": "Polygon", "coordinates": [ [ [ 34.794365550598023, 31.23515100288332 ], [ 34.794355812662353, 31.237405738657447 ], [ 34.791731704723297, 31.237397344201138 ], [ 34.791741504977047, 31.235142609169181 ], [ 34.794365550598023, 31.23515100288332 ] ] ] } },
{ "type": "Feature", "properties": { "cell_id": 2880, "score_syntax": 73.954, "syntax_closeness_pct": 74.813, "syntax_betweenness_pct": 72.665, "segment_count": 33.0 }, "geometry": { "type": "Polygon", "coordinates": [ [ [ 34.794355812662353, 31.237405738657447 ], [ 34.794346073630962, 31.23966047363729 ], [ 34.791721903366806, 31.23965207843877 ], [ 34.791731704723297, 31.237397344201138 ], [ 34.794355812662353, 31.237405738657447 ] ] ] } },
{ "type": "Feature", "properties": { "cell_id": 2881, "score_syntax": 71.123, "syntax_closeness_pct": 74.303, "syntax_betweenness_pct": 66.353, "segment_count": 21.0 }, "geometry": { "type": "Polygon", "coordinates": [ [ [ 34.794346073630962, 31.23966047363729 ], [ 34.794336333503736, 31.241915207822803 ], [ 34.791712100907461, 31.241906811882046 ], [ 34.791721903366806, 31.23965207843877 ], [ 34.794346073630962, 31.23966047363729 ] ] ] } },
{ "type": "Feature", "properties": { "cell_id": 2882, "score_syntax": 74.457, "syntax_closeness_pct": 76.828, "syntax_betweenness_pct": 70.901, "segment_count": 40.0 }, "geometry": { "type": "Polygon", "coordinates": [ [ [ 34.794336333503736, 31.241915207822803 ], [ 34.794326592280513, 31.244169941213958 ], [ 34.791702297345161, 31.244161544530936 ], [ 34.791712100907461, 31.241906811882046 ], [ 34.794336333503736, 31.241915207822803 ] ] ] } },
{ "type": "Feature", "properties": { "cell_id": 2883, "score_syntax": 32.189, "syntax_closeness_pct": 31.557, "syntax_betweenness_pct": 33.137, "segment_count": 15.0 }, "geometry": { "type": "Polygon", "coordinates": [ [ [ 34.794326592280513, 31.244169941213958 ], [ 34.794316849961263, 31.246424673810715 ], [ 34.791692492679772, 31.246416276385371 ], [ 34.791702297345161, 31.244161544530936 ], [ 34.794326592280513, 31.244169941213958 ] ] ] } },
{ "type": "Feature", "properties": { "cell_id": 2884, "score_syntax": 35.643, "syntax_closeness_pct": 37.314, "syntax_betweenness_pct": 33.137, "segment_count": 10.0 }, "geometry": { "type": "Polygon", "coordinates": [ [ [ 34.794316849961263, 31.246424673810715 ], [ 34.794307106545823, 31.248679405613029 ], [ 34.791682686911216, 31.248671007445349 ], [ 34.791692492679772, 31.246416276385371 ], [ 34.794316849961263, 31.246424673810715 ] ] ] } },
{ "type": "Feature", "properties": { "cell_id": 2885, "score_syntax": 52.891, "syntax_closeness_pct": 55.215, "syntax_betweenness_pct": 49.404, "segment_count": 19.0 }, "geometry": { "type": "Polygon", "coordinates": [ [ [ 34.794307106545823, 31.248679405613029 ], [ 34.794297362034101, 31.250934136620906 ], [ 34.791672880039364, 31.250925737710844 ], [ 34.791682686911216, 31.248671007445349 ], [ 34.794307106545823, 31.248679405613029 ] ] ] } },
{ "type": "Feature", "properties": { "cell_id": 2886, "score_syntax": 46.425, "syntax_closeness_pct": 48.008, "syntax_betweenness_pct": 44.052, "segment_count": 22.0 }, "geometry": { "type": "Polygon", "coordinates": [ [ [ 34.794297362034101, 31.250934136620906 ], [ 34.794287616426018, 31.253188866834282 ], [ 34.791663072064146, 31.253180467181807 ], [ 34.791672880039364, 31.250925737710844 ], [ 34.794297362034101, 31.250934136620906 ] ] ] } },
{ "type": "Feature", "properties": { "cell_id": 2887, "score_syntax": 55.51, "syntax_closeness_pct": 56.755, "syntax_betweenness_pct": 53.641, "segment_count": 19.0 }, "geometry": { "type": "Polygon", "coordinates": [ [ [ 34.794287616426018, 31.253188866834282 ], [ 34.794277869721412, 31.255443596253141 ], [ 34.791653262985413, 31.255435195858212 ], [ 34.791663072064146, 31.253180467181807 ], [ 34.794287616426018, 31.253188866834282 ] ] ] } },
{ "type": "Feature", "properties": { "cell_id": 2888, "score_syntax": 38.624, "syntax_closeness_pct": 39.162, "syntax_betweenness_pct": 37.817, "segment_count": 28.0 }, "geometry": { "type": "Polygon", "coordinates": [ [ [ 34.794277869721412, 31.255443596253141 ], [ 34.794268121920219, 31.257698324877435 ], [ 34.791643452803051, 31.257689923740028 ], [ 34.791653262985413, 31.255435195858212 ], [ 34.794277869721412, 31.255443596253141 ] ] ] } },
{ "type": "Feature", "properties": { "cell_id": 2889, "score_syntax": 40.286, "syntax_closeness_pct": 37.769, "syntax_betweenness_pct": 44.063, "segment_count": 11.0 }, "geometry": { "type": "Polygon", "coordinates": [ [ [ 34.794268121920219, 31.257698324877435 ], [ 34.794258373022295, 31.259953052707136 ], [ 34.791633641516981, 31.259944650827226 ], [ 34.791643452803051, 31.257689923740028 ], [ 34.794268121920219, 31.257698324877435 ] ] ] } },
{ "type": "Feature", "properties": { "cell_id": 2890, "score_syntax": 33.244, "syntax_closeness_pct": 33.316, "syntax_betweenness_pct": 33.137, "segment_count": 14.0 }, "geometry": { "type": "Polygon", "coordinates": [ [ [ 34.794258373022295, 31.259953052707136 ], [ 34.79424862302757, 31.26220777974223 ], [ 34.791623829127076, 31.262199377119757 ], [ 34.791633641516981, 31.259944650827226 ], [ 34.794258373022295, 31.259953052707136 ] ] ] } },
{ "type": "Feature", "properties": { "cell_id": 2891, "score_syntax": 65.217, "syntax_closeness_pct": 66.661, "syntax_betweenness_pct": 63.052, "segment_count": 34.0 }, "geometry": { "type": "Polygon", "coordinates": [ [ [ 34.79424862302757, 31.26220777974223 ], [ 34.79423887193591, 31.264462505982667 ], [ 34.791614015633243, 31.26445410261762 ], [ 34.791623829127076, 31.262199377119757 ], [ 34.79424862302757, 31.26220777974223 ] ] ] } },
{ "type": "Feature", "properties": { "cell_id": 2892, "score_syntax": 43.076, "syntax_closeness_pct": 44.679, "syntax_betweenness_pct": 40.671, "segment_count": 28.0 }, "geometry": { "type": "Polygon", "coordinates": [ [ [ 34.79423887193591, 31.264462505982667 ], [ 34.794229119747229, 31.266717231428427 ], [ 34.791604201035341, 31.266708827320748 ], [ 34.791614015633243, 31.26445410261762 ], [ 34.79423887193591, 31.264462505982667 ] ] ] } },
{ "type": "Feature", "properties": { "cell_id": 2893, "score_syntax": 43.371, "syntax_closeness_pct": 46.794, "syntax_betweenness_pct": 38.235, "segment_count": 23.0 }, "geometry": { "type": "Polygon", "coordinates": [ [ [ 34.794229119747229, 31.266717231428427 ], [ 34.794219366461391, 31.268971956079461 ], [ 34.791594385333305, 31.268963551229131 ], [ 34.791604201035341, 31.266708827320748 ], [ 34.794229119747229, 31.266717231428427 ] ] ] } },
{ "type": "Feature", "properties": { "cell_id": 2894, "score_syntax": 38.53, "syntax_closeness_pct": 38.563, "syntax_betweenness_pct": 38.481, "segment_count": 9.0 }, "geometry": { "type": "Polygon", "coordinates": [ [ [ 34.794219366461391, 31.268971956079461 ], [ 34.794209612078312, 31.271226679935737 ], [ 34.791584568526993, 31.271218274342722 ], [ 34.791594385333305, 31.268963551229131 ], [ 34.794219366461391, 31.268971956079461 ] ] ] } },
{ "type": "Feature", "properties": { "cell_id": 2895, "score_syntax": 27.886, "syntax_closeness_pct": 24.386, "syntax_betweenness_pct": 33.137, "segment_count": 5.0 }, "geometry": { "type": "Polygon", "coordinates": [ [ [ 34.794209612078312, 31.271226679935737 ], [ 34.794199856597878, 31.273481402997245 ], [ 34.79157475061632, 31.273472996661507 ], [ 34.791584568526993, 31.271218274342722 ], [ 34.794209612078312, 31.271226679935737 ] ] ] } },
{ "type": "Feature", "properties": { "cell_id": 2897, "score_syntax": 19.742, "syntax_closeness_pct": 10.812, "syntax_betweenness_pct": 33.137, "segment_count": 2.0 }, "geometry": { "type": "Polygon", "coordinates": [ [ [ 34.794190100019954, 31.275736125263926 ], [ 34.794180342344482, 31.277990846735772 ], [ 34.791555111481408, 31.277982438914485 ], [ 34.791564931601151, 31.275727718185436 ], [ 34.794190100019954, 31.275736125263926 ] ] ] } },
{ "type": "Feature", "properties": { "cell_id": 2898, "score_syntax": 42.971, "syntax_closeness_pct": 42.344, "syntax_betweenness_pct": 43.911, "segment_count": 8.0 }, "geometry": { "type": "Polygon", "coordinates": [ [ [ 34.794180342344482, 31.277990846735772 ], [ 34.794170583571322, 31.280245567412727 ], [ 34.791545290256948, 31.280237158848603 ], [ 34.791555111481408, 31.277982438914485 ], [ 34.794180342344482, 31.277990846735772 ] ] ] } },
{ "type": "Feature", "properties": { "cell_id": 2899, "score_syntax": 78.43, "syntax_closeness_pct": 78.016, "syntax_betweenness_pct": 79.052, "segment_count": 2.0 }, "geometry": { "type": "Polygon", "coordinates": [ [ [ 34.794170583571322, 31.280245567412727 ], [ 34.794160823700345, 31.282500287294773 ], [ 34.791535467927687, 31.282491877987805 ], [ 34.791545290256948, 31.280237158848603 ], [ 34.794170583571322, 31.280245567412727 ] ] ] } },
{ "type": "Feature", "properties": { "cell_id": 2902, "score_syntax": 20.868, "syntax_closeness_pct": 12.689, "syntax_betweenness_pct": 33.137, "segment_count": 2.0 }, "geometry": { "type": "Polygon", "coordinates": [ [ [ 34.79414130066462, 31.287009724673997 ], [ 34.794131537499631, 31.28926444217111 ], [ 34.791505994309965, 31.289256030635343 ], [ 34.791515819954306, 31.287001313881198 ], [ 34.79414130066462, 31.287009724673997 ] ] ] } },
{ "type": "Feature", "properties": { "cell_id": 2903, "score_syntax": 72.717, "syntax_closeness_pct": 68.074, "syntax_betweenness_pct": 79.682, "segment_count": 3.0 }, "geometry": { "type": "Polygon", "coordinates": [ [ [ 34.794131537499631, 31.28926444217111 ], [ 34.794121773236434, 31.2915191588732 ], [ 34.791496167560396, 31.29151074659443 ], [ 34.791505994309965, 31.289256030635343 ], [ 34.794131537499631, 31.28926444217111 ] ] ] } },
{ "type": "Feature", "properties": { "cell_id": 2904, "score_syntax": 18.726, "syntax_closeness_pct": 9.12, "syntax_betweenness_pct": 33.137, "segment_count": 2.0 }, "geometry": { "type": "Polygon", "coordinates": [ [ [ 34.794121773236434, 31.2915191588732 ], [ 34.794112007874901, 31.293773874780193 ], [ 34.791486339705457, 31.293765461758401 ], [ 34.791496167560396, 31.29151074659443 ], [ 34.794121773236434, 31.2915191588732 ] ] ] } },
{ "type": "Feature", "properties": { "cell_id": 2905, "score_syntax": 73.483, "syntax_closeness_pct": 68.336, "syntax_betweenness_pct": 81.204, "segment_count": 1.0 }, "geometry": { "type": "Polygon", "coordinates": [ [ [ 34.794112007874901, 31.293773874780193 ], [ 34.794102241414912, 31.296028589892096 ], [ 34.791476510745063, 31.296020176127218 ], [ 34.791486339705457, 31.293765461758401 ], [ 34.794112007874901, 31.293773874780193 ] ] ] } },
{ "type": "Feature", "properties": { "cell_id": 2906, "score_syntax": 34.199, "syntax_closeness_pct": 34.907, "syntax_betweenness_pct": 33.137, "segment_count": 1.0 }, "geometry": { "type": "Polygon", "coordinates": [ [ [ 34.794102241414912, 31.296028589892096 ], [ 34.794092473856395, 31.298283304208844 ], [ 34.791466680679093, 31.298274889700881 ], [ 34.791476510745063, 31.296020176127218 ], [ 34.794102241414912, 31.296028589892096 ] ] ] } },
{ "type": "Feature", "properties": { "cell_id": 2908, "score_syntax": 15.298, "syntax_closeness_pct": 3.406, "syntax_betweenness_pct": 33.137, "segment_count": 1.0 }, "geometry": { "type": "Polygon", "coordinates": [ [ [ 34.794082705199202, 31.300538017730435 ], [ 34.794072935443253, 31.302792730456833 ], [ 34.79144701723002, 31.302784314462539 ], [ 34.791456849507455, 31.300529602479322 ], [ 34.794082705199202, 31.300538017730435 ] ] ] } },
{ "type": "Feature", "properties": { "cell_id": 2909, "score_syntax": 42.537, "syntax_closeness_pct": 36.914, "syntax_betweenness_pct": 50.972, "segment_count": 2.0 }, "geometry": { "type": "Polygon", "coordinates": [ [ [ 34.794072935443253, 31.302792730456833 ], [ 34.794063164588422, 31.305047442387963 ], [ 34.791437183846689, 31.30503902565048 ], [ 34.79144701723002, 31.302784314462539 ], [ 34.794072935443253, 31.302792730456833 ] ] ] } },
{ "type": "Feature", "properties": { "cell_id": 2947, "score_syntax": 18.673, "syntax_closeness_pct": 9.031, "syntax_betweenness_pct": 33.137, "segment_count": 1.0 }, "geometry": { "type": "Polygon", "coordinates": [ [ [ 34.797115281315193, 31.205847696138662 ], [ 34.797105619841574, 31.208102442972688 ], [ 34.794482320397364, 31.208094111650414 ], [ 34.794492044098206, 31.205839365553377 ], [ 34.797115281315193, 31.205847696138662 ] ] ] } },
{ "type": "Feature", "properties": { "cell_id": 2953, "score_syntax": 25.248, "syntax_closeness_pct": 19.99, "syntax_betweenness_pct": 33.137, "segment_count": 5.0 }, "geometry": { "type": "Polygon", "coordinates": [ [ [ 34.797057296161157, 31.219376165234593 ], [ 34.797047628161863, 31.221630907305116 ], [ 34.794423955207442, 31.221622571560115 ], [ 34.79443368547593, 31.219367830226812 ], [ 34.797057296161157, 31.219376165234593 ] ] ] } },
{ "type": "Feature", "properties": { "cell_id": 2954, "score_syntax": 17.235, "syntax_closeness_pct": 6.634, "syntax_betweenness_pct": 33.137, "segment_count": 1.0 }, "geometry": { "type": "Polygon", "coordinates": [ [ [ 34.797047628161863, 31.221630907305116 ], [ 34.797037959074579, 31.223885648581575 ], [ 34.794414223843965, 31.223877312099351 ], [ 34.794423955207442, 31.221622571560115 ], [ 34.797047628161863, 31.221630907305116 ] ] ] } },
{ "type": "Feature", "properties": { "cell_id": 2955, "score_syntax": 24.325, "syntax_closeness_pct": 18.45, "syntax_betweenness_pct": 33.137, "segment_count": 3.0 }, "geometry": { "type": "Polygon", "coordinates": [ [ [ 34.797037959074579, 31.223885648581575 ], [ 34.797028288899206, 31.226140389063985 ], [ 34.794404491385393, 31.22613205184448 ], [ 34.794414223843965, 31.223877312099351 ], [ 34.797037959074579, 31.223885648581575 ] ] ] } },
{ "type": "Feature", "properties": { "cell_id": 2956, "score_syntax": 34.749, "syntax_closeness_pct": 35.824, "syntax_betweenness_pct": 33.137, "segment_count": 3.0 }, "geometry": { "type": "Polygon", "coordinates": [ [ [ 34.797028288899206, 31.226140389063985 ], [ 34.797018617635622, 31.22839512875229 ], [ 34.794394757831618, 31.228386790795465 ], [ 34.794404491385393, 31.22613205184448 ], [ 34.797028288899206, 31.226140389063985 ] ] ] } },
{ "type": "Feature", "properties": { "cell_id": 2957, "score_syntax": 43.208, "syntax_closeness_pct": 41.355, "syntax_betweenness_pct": 45.988, "segment_count": 3.0 }, "geometry": { "type": "Polygon", "coordinates": [ [ [ 34.797018617635622, 31.22839512875229 ], [ 34.797008945283736, 31.230649867646449 ], [ 34.794385023182535, 31.230641528952297 ], [ 34.794394757831618, 31.228386790795465 ], [ 34.797018617635622, 31.22839512875229 ] ] ] } },
{ "type": "Feature", "properties": { "cell_id": 2958, "score_syntax": 54.443, "syntax_closeness_pct": 52.852, "syntax_betweenness_pct": 56.831, "segment_count": 12.0 }, "geometry": { "type": "Polygon", "coordinates": [ [ [ 34.797008945283736, 31.230649867646449 ], [ 34.796999271843426, 31.232904605746445 ], [ 34.794375287438037, 31.232896266314921 ], [ 34.794385023182535, 31.230641528952297 ], [ 34.797008945283736, 31.230649867646449 ] ] ] } },
{ "type": "Feature", "properties": { "cell_id": 2959, "score_syntax": 56.877, "syntax_closeness_pct": 54.697, "syntax_betweenness_pct": 60.147, "segment_count": 19.0 }, "geometry": { "type": "Polygon", "coordinates": [ [ [ 34.796999271843426, 31.232904605746445 ], [ 34.796989597314614, 31.235159343052263 ], [ 34.794365550598023, 31.23515100288332 ], [ 34.794375287438037, 31.232896266314921 ], [ 34.796999271843426, 31.232904605746445 ] ] ] } },
{ "type": "Feature", "properties": { "cell_id": 2960, "score_syntax": 47.312, "syntax_closeness_pct": 48.451, "syntax_betweenness_pct": 45.605, "segment_count": 8.0 }, "geometry": { "type": "Polygon", "coordinates": [ [ [ 34.796989597314614, 31.235159343052263 ], [ 34.796979921697172, 31.237414079563848 ], [ 34.794355812662353, 31.237405738657447 ], [ 34.794365550598023, 31.23515100288332 ], [ 34.796989597314614, 31.235159343052263 ] ] ] } },
{ "type": "Feature", "properties": { "cell_id": 2961, "score_syntax": 69.863, "syntax_closeness_pct": 74.227, "syntax_betweenness_pct": 63.318, "segment_count": 37.0 }, "geometry": { "type": "Polygon", "coordinates": [ [ [ 34.796979921697172, 31.237414079563848 ], [ 34.796970244990966, 31.239668815281156 ], [ 34.794346073630962, 31.23966047363729 ], [ 34.794355812662353, 31.237405738657447 ], [ 34.796979921697172, 31.237414079563848 ] ] ] } },
{ "type": "Feature", "properties": { "cell_id": 2962, "score_syntax": 69.279, "syntax_closeness_pct": 75.055, "syntax_betweenness_pct": 60.617, "segment_count": 40.0 }, "geometry": { "type": "Polygon", "coordinates": [ [ [ 34.796970244990966, 31.239668815281156 ], [ 34.796960567195939, 31.241923550204177 ], [ 34.794336333503736, 31.241915207822803 ], [ 34.794346073630962, 31.23966047363729 ], [ 34.796970244990966, 31.239668815281156 ] ] ] } },
{ "type": "Feature", "properties": { "cell_id": 2963, "score_syntax": 70.25, "syntax_closeness_pct": 75.703, "syntax_betweenness_pct": 62.072, "segment_count": 55.0 }, "geometry": { "type": "Polygon", "coordinates": [ [ [ 34.796960567195939, 31.241923550204177 ], [ 34.796950888311947, 31.244178284332872 ], [ 34.794326592280513, 31.244169941213958 ], [ 34.794336333503736, 31.241915207822803 ], [ 34.796960567195939, 31.241923550204177 ] ] ] } },
{ "type": "Feature", "properties": { "cell_id": 2964, "score_syntax": 72.65, "syntax_closeness_pct": 74.905, "syntax_betweenness_pct": 69.268, "segment_count": 28.0 }, "geometry": { "type": "Polygon", "coordinates": [ [ [ 34.796950888311947, 31.244178284332872 ], [ 34.796941208338914, 31.246433017667211 ], [ 34.794316849961263, 31.246424673810715 ], [ 34.794326592280513, 31.244169941213958 ], [ 34.796950888311947, 31.244178284332872 ] ] ] } },
{ "type": "Feature", "properties": { "cell_id": 2965, "score_syntax": 44.871, "syntax_closeness_pct": 45.945, "syntax_betweenness_pct": 43.26, "segment_count": 21.0 }, "geometry": { "type": "Polygon", "coordinates": [ [ [ 34.796941208338914, 31.246433017667211 ], [ 34.796931527276698, 31.248687750207154 ], [ 34.794307106545823, 31.248679405613029 ], [ 34.794316849961263, 31.246424673810715 ], [ 34.796941208338914, 31.246433017667211 ] ] ] } },
{ "type": "Feature", "properties": { "cell_id": 2966, "score_syntax": 35.347, "syntax_closeness_pct": 34.247, "syntax_betweenness_pct": 36.997, "segment_count": 13.0 }, "geometry": { "type": "Polygon", "coordinates": [ [ [ 34.796931527276698, 31.248687750207154 ], [ 34.796921845125219, 31.250942481952677 ], [ 34.794297362034101, 31.250934136620906 ], [ 34.794307106545823, 31.248679405613029 ], [ 34.796931527276698, 31.248687750207154 ] ] ] } },
{ "type": "Feature", "properties": { "cell_id": 2967, "score_syntax": 49.979, "syntax_closeness_pct": 53.874, "syntax_betweenness_pct": 44.136, "segment_count": 25.0 }, "geometry": { "type": "Polygon", "coordinates": [ [ [ 34.796921845125219, 31.250942481952677 ], [ 34.796912161884364, 31.253197212903732 ], [ 34.794287616426018, 31.253188866834282 ], [ 34.794297362034101, 31.250934136620906 ], [ 34.796921845125219, 31.250942481952677 ] ] ] } },
{ "type": "Feature", "properties": { "cell_id": 2968, "score_syntax": 46.557, "syntax_closeness_pct": 49.278, "syntax_betweenness_pct": 42.476, "segment_count": 26.0 }, "geometry": { "type": "Polygon", "coordinates": [ [ [ 34.796912161884364, 31.253197212903732 ], [ 34.796902477554028, 31.255451943060311 ], [ 34.794277869721412, 31.255443596253141 ], [ 34.794287616426018, 31.253188866834282 ], [ 34.796912161884364, 31.253197212903732 ] ] ] } },
{ "type": "Feature", "properties": { "cell_id": 2969, "score_syntax": 86.072, "syntax_closeness_pct": 86.6, "syntax_betweenness_pct": 85.279, "segment_count": 21.0 }, "geometry": { "type": "Polygon", "coordinates": [ [ [ 34.796902477554028, 31.255451943060311 ], [ 34.796892792134102, 31.257706672422351 ], [ 34.794268121920219, 31.257698324877435 ], [ 34.794277869721412, 31.255443596253141 ], [ 34.796902477554028, 31.255451943060311 ] ] ] } },
{ "type": "Feature", "properties": { "cell_id": 2970, "score_syntax": 71.817, "syntax_closeness_pct": 74.135, "syntax_betweenness_pct": 68.339, "segment_count": 36.0 }, "geometry": { "type": "Polygon", "coordinates": [ [ [ 34.796892792134102, 31.257706672422351 ], [ 34.796883105624453, 31.259961400989855 ], [ 34.794258373022295, 31.259953052707136 ], [ 34.794268121920219, 31.257698324877435 ], [ 34.796892792134102, 31.257706672422351 ] ] ] } },
{ "type": "Feature", "properties": { "cell_id": 2971, "score_syntax": 62.876, "syntax_closeness_pct": 64.991, "syntax_betweenness_pct": 59.704, "segment_count": 33.0 }, "geometry": { "type": "Polygon", "coordinates": [ [ [ 34.796883105624453, 31.259961400989855 ], [ 34.796873418025001, 31.26221612876277 ], [ 34.79424862302757, 31.26220777974223 ], [ 34.794258373022295, 31.259953052707136 ], [ 34.796883105624453, 31.259961400989855 ] ] ] } },
{ "type": "Feature", "properties": { "cell_id": 2972, "score_syntax": 44.25, "syntax_closeness_pct": 44.14, "syntax_betweenness_pct": 44.416, "segment_count": 24.0 }, "geometry": { "type": "Polygon", "coordinates": [ [ [ 34.796873418025001, 31.26221612876277 ], [ 34.796863729335641, 31.264470855741067 ], [ 34.79423887193591, 31.264462505982667 ], [ 34.79424862302757, 31.26220777974223 ], [ 34.796873418025001, 31.26221612876277 ] ] ] } },
{ "type": "Feature", "properties": { "cell_id": 2973, "score_syntax": 41.16, "syntax_closeness_pct": 42.009, "syntax_betweenness_pct": 39.887, "segment_count": 24.0 }, "geometry": { "type": "Polygon", "coordinates": [ [ [ 34.796863729335641, 31.264470855741067 ], [ 34.796854039556258, 31.2667255819247 ], [ 34.794229119747229, 31.266717231428427 ], [ 34.79423887193591, 31.264462505982667 ], [ 34.796863729335641, 31.264470855741067 ] ] ] } },
{ "type": "Feature", "properties": { "cell_id": 2974, "score_syntax": 40.692, "syntax_closeness_pct": 39.726, "syntax_betweenness_pct": 42.142, "segment_count": 32.0 }, "geometry": { "type": "Polygon", "coordinates": [ [ [ 34.796854039556258, 31.2667255819247 ], [ 34.79684434868674, 31.268980307313672 ], [ 34.794219366461391, 31.268971956079461 ], [ 34.794229119747229, 31.266717231428427 ], [ 34.796854039556258, 31.2667255819247 ] ] ] } },
{ "type": "Feature", "properties": { "cell_id": 2975, "score_syntax": 62.533, "syntax_closeness_pct": 63.668, "syntax_betweenness_pct": 60.831, "segment_count": 27.0 }, "geometry": { "type": "Polygon", "coordinates": [ [ [ 34.79684434868674, 31.268980307313672 ], [ 34.796834656726993, 31.271235031907896 ], [ 34.794209612078312, 31.271226679935737 ], [ 34.794219366461391, 31.268971956079461 ], [ 34.79684434868674, 31.268980307313672 ] ] ] } },
{ "type": "Feature", "properties": { "cell_id": 2976, "score_syntax": 42.926, "syntax_closeness_pct": 41.945, "syntax_betweenness_pct": 44.397, "segment_count": 15.0 }, "geometry": { "type": "Polygon", "coordinates": [ [ [ 34.796834656726993, 31.271235031907896 ], [ 34.796824963676883, 31.273489755707399 ], [ 34.794199856597878, 31.273481402997245 ], [ 34.794209612078312, 31.271226679935737 ], [ 34.796834656726993, 31.271235031907896 ] ] ] } },
{ "type": "Feature", "properties": { "cell_id": 2977, "score_syntax": 75.629, "syntax_closeness_pct": 73.734, "syntax_betweenness_pct": 78.471, "segment_count": 40.0 }, "geometry": { "type": "Polygon", "coordinates": [ [ [ 34.796824963676883, 31.273489755707399 ], [ 34.796815269536339, 31.275744478712109 ], [ 34.794190100019954, 31.275736125263926 ], [ 34.794199856597878, 31.273481402997245 ], [ 34.796824963676883, 31.273489755707399 ] ] ] } },
{ "type": "Feature", "properties": { "cell_id": 2978, "score_syntax": 66.037, "syntax_closeness_pct": 64.631, "syntax_betweenness_pct": 68.145, "segment_count": 3.0 }, "geometry": { "type": "Polygon", "coordinates": [ [ [ 34.796815269536339, 31.275744478712109 ], [ 34.796805574305239, 31.277999200922007 ], [ 34.794180342344482, 31.277990846735772 ], [ 34.794190100019954, 31.275736125263926 ], [ 34.796815269536339, 31.275744478712109 ] ] ] } },
{ "type": "Feature", "properties": { "cell_id": 2979, "score_syntax": 28.735, "syntax_closeness_pct": 25.801, "syntax_betweenness_pct": 33.137, "segment_count": 3.0 }, "geometry": { "type": "Polygon", "coordinates": [ [ [ 34.796805574305239, 31.277999200922007 ], [ 34.796795877983456, 31.280253922337071 ], [ 34.794170583571322, 31.280245567412727 ], [ 34.794180342344482, 31.277990846735772 ], [ 34.796805574305239, 31.277999200922007 ] ] ] } },
{ "type": "Feature", "properties": { "cell_id": 2980, "score_syntax": 14.533, "syntax_closeness_pct": 2.13, "syntax_betweenness_pct": 33.137, "segment_count": 1.0 }, "geometry": { "type": "Polygon", "coordinates": [ [ [ 34.796795877983456, 31.280253922337071 ], [ 34.796786180570898, 31.282508642957247 ], [ 34.794160823700345, 31.282500287294773 ], [ 34.794170583571322, 31.280245567412727 ], [ 34.796795877983456, 31.280253922337071 ] ] ] } },
{ "type": "Feature", "properties": { "cell_id": 2981, "score_syntax": 30.268, "syntax_closeness_pct": 28.356, "syntax_betweenness_pct": 33.137, "segment_count": 4.0 }, "geometry": { "type": "Polygon", "coordinates": [ [ [ 34.796786180570898, 31.282508642957247 ], [ 34.796776482067465, 31.284763362782513 ], [ 34.794151062731494, 31.284755006381879 ], [ 34.794160823700345, 31.282500287294773 ], [ 34.796786180570898, 31.282508642957247 ] ] ] } },
{ "type": "Feature", "properties": { "cell_id": 2982, "score_syntax": 38.464, "syntax_closeness_pct": 42.015, "syntax_betweenness_pct": 33.137, "segment_count": 3.0 }, "geometry": { "type": "Polygon", "coordinates": [ [ [ 34.796776482067465, 31.284763362782513 ], [ 34.796766782473043, 31.287018081812832 ], [ 34.79414130066462, 31.287009724673997 ], [ 34.794151062731494, 31.284755006381879 ], [ 34.796776482067465, 31.284763362782513 ] ] ] } },
{ "type": "Feature", "properties": { "cell_id": 2983, "score_syntax": 46.935, "syntax_closeness_pct": 43.166, "syntax_betweenness_pct": 52.59, "segment_count": 4.0 }, "geometry": { "type": "Polygon", "coordinates": [ [ [ 34.796766782473043, 31.287018081812832 ], [ 34.796757081787526, 31.289272800048192 ], [ 34.794131537499631, 31.28926444217111 ], [ 34.79414130066462, 31.287009724673997 ], [ 34.796766782473043, 31.287018081812832 ] ] ] } },
{ "type": "Feature", "properties": { "cell_id": 2984, "score_syntax": 36.201, "syntax_closeness_pct": 29.571, "syntax_betweenness_pct": 46.146, "segment_count": 3.0 }, "geometry": { "type": "Polygon", "coordinates": [ [ [ 34.796757081787526, 31.289272800048192 ], [ 34.796747380010807, 31.291527517488536 ], [ 34.794121773236434, 31.2915191588732 ], [ 34.794131537499631, 31.28926444217111 ], [ 34.796757081787526, 31.289272800048192 ] ] ] } },
{ "type": "Feature", "properties": { "cell_id": 2985, "score_syntax": 18.94, "syntax_closeness_pct": 9.476, "syntax_betweenness_pct": 33.137, "segment_count": 1.0 }, "geometry": { "type": "Polygon", "coordinates": [ [ [ 34.796747380010807, 31.291527517488536 ], [ 34.796737677142772, 31.293782234133836 ], [ 34.794112007874901, 31.293773874780193 ], [ 34.794121773236434, 31.2915191588732 ], [ 34.796747380010807, 31.291527517488536 ] ] ] } },
{ "type": "Feature", "properties": { "cell_id": 2986, "score_syntax": 64.877, "syntax_closeness_pct": 59.831, "syntax_betweenness_pct": 72.447, "segment_count": 6.0 }, "geometry": { "type": "Polygon", "coordinates": [ [ [ 34.796737677142772, 31.293782234133836 ], [ 34.796727973183302, 31.296036949984078 ], [ 34.794102241414912, 31.296028589892096 ], [ 34.794112007874901, 31.293773874780193 ], [ 34.796737677142772, 31.293782234133836 ] ] ] } },
{ "type": "Feature", "properties": { "cell_id": 2988, "score_syntax": 42.94, "syntax_closeness_pct": 36.057, "syntax_betweenness_pct": 53.263, "segment_count": 2.0 }, "geometry": { "type": "Polygon", "coordinates": [ [ [ 34.796718268132331, 31.298291665039191 ], [ 34.796708561989718, 31.300546379299188 ], [ 34.794082705199202, 31.300538017730435 ], [ 34.794092473856395, 31.298283304208844 ], [ 34.796718268132331, 31.298291665039191 ] ] ] } },
{ "type": "Feature", "properties": { "cell_id": 3033, "score_syntax": 14.853, "syntax_closeness_pct": 2.664, "syntax_betweenness_pct": 33.137, "segment_count": 1.0 }, "geometry": { "type": "Polygon", "coordinates": [ [ [ 34.799690512583368, 31.21712970313326 ], [ 34.79968090793426, 31.219384446730228 ], [ 34.797057296161157, 31.219376165234593 ], [ 34.797066963072567, 31.217121422370091 ], [ 34.799690512583368, 31.21712970313326 ] ] ] } },
{ "type": "Feature", "properties": { "cell_id": 3035, "score_syntax": 59.802, "syntax_closeness_pct": 60.543, "syntax_betweenness_pct": 58.69, "segment_count": 13.0 }, "geometry": { "type": "Polygon", "coordinates": [ [ [ 34.79967130220426, 31.221639189533196 ], [ 34.79966169539329, 31.223893931542175 ], [ 34.797037959074579, 31.223885648581575 ], [ 34.797047628161863, 31.221630907305116 ], [ 34.79967130220426, 31.221639189533196 ] ] ] } },
{ "type": "Feature", "properties": { "cell_id": 3036, "score_syntax": 51.938, "syntax_closeness_pct": 50.709, "syntax_betweenness_pct": 53.783, "segment_count": 28.0 }, "geometry": { "type": "Polygon", "coordinates": [ [ [ 34.79966169539329, 31.223893931542175 ], [ 34.799652087501201, 31.226148672757137 ], [ 34.797028288899206, 31.226140389063985 ], [ 34.797037959074579, 31.223885648581575 ], [ 34.79966169539329, 31.223893931542175 ] ] ] } },
{ "type": "Feature", "properties": { "cell_id": 3037, "score_syntax": 83.845, "syntax_closeness_pct": 81.122, "syntax_betweenness_pct": 87.929, "segment_count": 3.0 }, "geometry": { "type": "Polygon", "coordinates": [ [ [ 34.799652087501201, 31.226148672757137 ], [ 34.799642478527929, 31.228403413178022 ], [ 34.797018617635622, 31.22839512875229 ], [ 34.797028288899206, 31.226140389063985 ], [ 34.799652087501201, 31.226148672757137 ] ] ] } },
{ "type": "Feature", "properties": { "cell_id": 3038, "score_syntax": 70.117, "syntax_closeness_pct": 68.955, "syntax_betweenness_pct": 71.86, "segment_count": 24.0 }, "geometry": { "type": "Polygon", "coordinates": [ [ [ 34.799642478527929, 31.228403413178022 ], [ 34.799632868473353, 31.2306581528048 ], [ 34.797008945283736, 31.230649867646449 ], [ 34.797018617635622, 31.22839512875229 ], [ 34.799642478527929, 31.228403413178022 ] ] ] } },
{ "type": "Feature", "properties": { "cell_id": 3039, "score_syntax": 40.636, "syntax_closeness_pct": 40.691, "syntax_betweenness_pct": 40.554, "segment_count": 13.0 }, "geometry": { "type": "Polygon", "coordinates": [ [ [ 34.799632868473353, 31.2306581528048 ], [ 34.799623257337359, 31.232912891637447 ], [ 34.796999271843426, 31.232904605746445 ], [ 34.797008945283736, 31.230649867646449 ], [ 34.799632868473353, 31.2306581528048 ] ] ] } },
{ "type": "Feature", "properties": { "cell_id": 3040, "score_syntax": 68.081, "syntax_closeness_pct": 72.084, "syntax_betweenness_pct": 62.076, "segment_count": 6.0 }, "geometry": { "type": "Polygon", "coordinates": [ [ [ 34.799623257337359, 31.232912891637447 ], [ 34.799613645119834, 31.235167629675939 ], [ 34.796989597314614, 31.235159343052263 ], [ 34.796999271843426, 31.232904605746445 ], [ 34.799623257337359, 31.232912891637447 ] ] ] } },
{ "type": "Feature", "properties": { "cell_id": 3041, "score_syntax": 73.628, "syntax_closeness_pct": 74.946, "syntax_betweenness_pct": 71.651, "segment_count": 41.0 }, "geometry": { "type": "Polygon", "coordinates": [ [ [ 34.799613645119834, 31.235167629675939 ], [ 34.799604031820692, 31.237422366920224 ], [ 34.796979921697172, 31.237414079563848 ], [ 34.796989597314614, 31.235159343052263 ], [ 34.799613645119834, 31.235167629675939 ] ] ] } },
{ "type": "Feature", "properties": { "cell_id": 3042, "score_syntax": 71.699, "syntax_closeness_pct": 73.98, "syntax_betweenness_pct": 68.278, "segment_count": 25.0 }, "geometry": { "type": "Polygon", "coordinates": [ [ [ 34.799604031820692, 31.237422366920224 ], [ 34.799594417439828, 31.23967710337029 ], [ 34.796970244990966, 31.239668815281156 ], [ 34.796979921697172, 31.237414079563848 ], [ 34.799604031820692, 31.237422366920224 ] ] ] } },
{ "type": "Feature", "properties": { "cell_id": 3043, "score_syntax": 77.811, "syntax_closeness_pct": 80.586, "syntax_betweenness_pct": 73.648, "segment_count": 28.0 }, "geometry": { "type": "Polygon", "coordinates": [ [ [ 34.799594417439828, 31.23967710337029 ], [ 34.799584801977097, 31.241931839026105 ], [ 34.796960567195939, 31.241923550204177 ], [ 34.796970244990966, 31.239668815281156 ], [ 34.799594417439828, 31.23967710337029 ] ] ] } },
{ "type": "Feature", "properties": { "cell_id": 3044, "score_syntax": 63.017, "syntax_closeness_pct": 69.685, "syntax_betweenness_pct": 53.014, "segment_count": 73.0 }, "geometry": { "type": "Polygon", "coordinates": [ [ [ 34.799584801977097, 31.241931839026105 ], [ 34.799575185432438, 31.24418657388761 ], [ 34.796950888311947, 31.244178284332872 ], [ 34.796960567195939, 31.241923550204177 ], [ 34.799584801977097, 31.241931839026105 ] ] ] } },
{ "type": "Feature", "properties": { "cell_id": 3045, "score_syntax": 51.055, "syntax_closeness_pct": 54.855, "syntax_betweenness_pct": 45.355, "segment_count": 27.0 }, "geometry": { "type": "Polygon", "coordinates": [ [ [ 34.799575185432438, 31.24418657388761 ], [ 34.799565567805736, 31.246441307954804 ], [ 34.796941208338914, 31.246433017667211 ], [ 34.796950888311947, 31.244178284332872 ], [ 34.799575185432438, 31.24418657388761 ] ] ] } },
{ "type": "Feature", "properties": { "cell_id": 3046, "score_syntax": 53.121, "syntax_closeness_pct": 55.523, "syntax_betweenness_pct": 49.519, "segment_count": 36.0 }, "geometry": { "type": "Polygon", "coordinates": [ [ [ 34.799565567805736, 31.246441307954804 ], [ 34.799555949096856, 31.248696041227639 ], [ 34.796931527276698, 31.248687750207154 ], [ 34.796941208338914, 31.246433017667211 ], [ 34.799565567805736, 31.246441307954804 ] ] ] } },
{ "type": "Feature", "properties": { "cell_id": 3047, "score_syntax": 67.306, "syntax_closeness_pct": 69.758, "syntax_betweenness_pct": 63.629, "segment_count": 34.0 }, "geometry": { "type": "Polygon", "coordinates": [ [ [ 34.799555949096856, 31.248696041227639 ], [ 34.79954632930572, 31.250950773706087 ], [ 34.796921845125219, 31.250942481952677 ], [ 34.796931527276698, 31.248687750207154 ], [ 34.799555949096856, 31.248696041227639 ] ] ] } },
{ "type": "Feature", "properties": { "cell_id": 3048, "score_syntax": 44.859, "syntax_closeness_pct": 43.189, "syntax_betweenness_pct": 47.363, "segment_count": 19.0 }, "geometry": { "type": "Polygon", "coordinates": [ [ [ 34.79954632930572, 31.250950773706087 ], [ 34.799536708432214, 31.253205505390099 ], [ 34.796912161884364, 31.253197212903732 ], [ 34.796921845125219, 31.250942481952677 ], [ 34.79954632930572, 31.250950773706087 ] ] ] } },
{ "type": "Feature", "properties": { "cell_id": 3049, "score_syntax": 65.874, "syntax_closeness_pct": 68.016, "syntax_betweenness_pct": 62.66, "segment_count": 18.0 }, "geometry": { "type": "Polygon", "coordinates": [ [ [ 34.799536708432214, 31.253205505390099 ], [ 34.799527086476232, 31.255460236279664 ], [ 34.796902477554028, 31.255451943060311 ], [ 34.796912161884364, 31.253197212903732 ], [ 34.799536708432214, 31.253205505390099 ] ] ] } },
{ "type": "Feature", "properties": { "cell_id": 3050, "score_syntax": 65.631, "syntax_closeness_pct": 71.322, "syntax_betweenness_pct": 57.093, "segment_count": 39.0 }, "geometry": { "type": "Polygon", "coordinates": [ [ [ 34.799527086476232, 31.255460236279664 ], [ 34.799517463437653, 31.257714966374724 ], [ 34.796892792134102, 31.257706672422351 ], [ 34.796902477554028, 31.255451943060311 ], [ 34.799527086476232, 31.255460236279664 ] ] ] } },
{ "type": "Feature", "properties": { "cell_id": 3051, "score_syntax": 75.903, "syntax_closeness_pct": 78.363, "syntax_betweenness_pct": 72.214, "segment_count": 32.0 }, "geometry": { "type": "Polygon", "coordinates": [ [ [ 34.799517463437653, 31.257714966374724 ], [ 34.799507839316405, 31.259969695675277 ], [ 34.796883105624453, 31.259961400989855 ], [ 34.796892792134102, 31.257706672422351 ], [ 34.799517463437653, 31.257714966374724 ] ] ] } },
{ "type": "Feature", "properties": { "cell_id": 3052, "score_syntax": 57.25, "syntax_closeness_pct": 60.345, "syntax_betweenness_pct": 52.607, "segment_count": 35.0 }, "geometry": { "type": "Polygon", "coordinates": [ [ [ 34.799507839316405, 31.259969695675277 ], [ 34.799498214112347, 31.262224424181291 ], [ 34.796873418025001, 31.26221612876277 ], [ 34.796883105624453, 31.259961400989855 ], [ 34.799507839316405, 31.259969695675277 ] ] ] } },
{ "type": "Feature", "properties": { "cell_id": 3053, "score_syntax": 57.225, "syntax_closeness_pct": 61.885, "syntax_betweenness_pct": 50.234, "segment_count": 39.0 }, "geometry": { "type": "Polygon", "coordinates": [ [ [ 34.799498214112347, 31.262224424181291 ], [ 34.79948858782538, 31.264479151892715 ], [ 34.796863729335641, 31.264470855741067 ], [ 34.796873418025001, 31.26221612876277 ], [ 34.799498214112347, 31.262224424181291 ] ] ] } },
{ "type": "Feature", "properties": { "cell_id": 3054, "score_syntax": 46.791, "syntax_closeness_pct": 47.084, "syntax_betweenness_pct": 46.353, "segment_count": 18.0 }, "geometry": { "type": "Polygon", "coordinates": [ [ [ 34.79948858782538, 31.264479151892715 ], [ 34.79947896045541, 31.266733878809514 ], [ 34.796854039556258, 31.2667255819247 ], [ 34.796863729335641, 31.264470855741067 ], [ 34.79948858782538, 31.264479151892715 ] ] ] } },
{ "type": "Feature", "properties": { "cell_id": 3055, "score_syntax": 43.842, "syntax_closeness_pct": 44.333, "syntax_betweenness_pct": 43.107, "segment_count": 12.0 }, "geometry": { "type": "Polygon", "coordinates": [ [ [ 34.79947896045541, 31.266733878809514 ], [ 34.79946933200231, 31.268988604931661 ], [ 34.79684434868674, 31.268980307313672 ], [ 34.796854039556258, 31.2667255819247 ], [ 34.79947896045541, 31.266733878809514 ] ] ] } },
{ "type": "Feature", "properties": { "cell_id": 3056, "score_syntax": 36.1, "syntax_closeness_pct": 34.539, "syntax_betweenness_pct": 38.442, "segment_count": 22.0 }, "geometry": { "type": "Polygon", "coordinates": [ [ [ 34.79946933200231, 31.268988604931661 ], [ 34.799459702466002, 31.271243330259129 ], [ 34.796834656726993, 31.271235031907896 ], [ 34.79684434868674, 31.268980307313672 ], [ 34.79946933200231, 31.268988604931661 ] ] ] } },
{ "type": "Feature", "properties": { "cell_id": 3057, "score_syntax": 40.685, "syntax_closeness_pct": 37.709, "syntax_betweenness_pct": 45.148, "segment_count": 16.0 }, "geometry": { "type": "Polygon", "coordinates": [ [ [ 34.799459702466002, 31.271243330259129 ], [ 34.799450071846358, 31.27349805479189 ], [ 34.796824963676883, 31.273489755707399 ], [ 34.796834656726993, 31.271235031907896 ], [ 34.799459702466002, 31.271243330259129 ] ] ] } },
{ "type": "Feature", "properties": { "cell_id": 3058, "score_syntax": 16.238, "syntax_closeness_pct": 4.972, "syntax_betweenness_pct": 33.137, "segment_count": 1.0 }, "geometry": { "type": "Polygon", "coordinates": [ [ [ 34.799450071846358, 31.27349805479189 ], [ 34.799440440143279, 31.275752778529888 ], [ 34.796815269536339, 31.275744478712109 ], [ 34.796824963676883, 31.273489755707399 ], [ 34.799450071846358, 31.27349805479189 ] ] ] } },
{ "type": "Feature", "properties": { "cell_id": 3059, "score_syntax": 56.85, "syntax_closeness_pct": 53.721, "syntax_betweenness_pct": 61.544, "segment_count": 25.0 }, "geometry": { "type": "Polygon", "coordinates": [ [ [ 34.799440440143279, 31.275752778529888 ], [ 34.79943080735665, 31.278007501473123 ], [ 34.796805574305239, 31.277999200922007 ], [ 34.796815269536339, 31.275744478712109 ], [ 34.799440440143279, 31.275752778529888 ] ] ] } },
{ "type": "Feature", "properties": { "cell_id": 3060, "score_syntax": 46.906, "syntax_closeness_pct": 48.36, "syntax_betweenness_pct": 44.723, "segment_count": 24.0 }, "geometry": { "type": "Polygon", "coordinates": [ [ [ 34.79943080735665, 31.278007501473123 ], [ 34.799421173486365, 31.280262223621541 ], [ 34.796795877983456, 31.280253922337071 ], [ 34.796805574305239, 31.277999200922007 ], [ 34.79943080735665, 31.278007501473123 ] ] ] } },
{ "type": "Feature", "properties": { "cell_id": 3061, "score_syntax": 47.065, "syntax_closeness_pct": 50.214, "syntax_betweenness_pct": 42.34, "segment_count": 26.0 }, "geometry": { "type": "Polygon", "coordinates": [ [ [ 34.799421173486365, 31.280262223621541 ], [ 34.799411538532333, 31.282516944975111 ], [ 34.796786180570898, 31.282508642957247 ], [ 34.796795877983456, 31.280253922337071 ], [ 34.799421173486365, 31.280262223621541 ] ] ] } },
{ "type": "Feature", "properties": { "cell_id": 3062, "score_syntax": 51.445, "syntax_closeness_pct": 52.121, "syntax_betweenness_pct": 50.432, "segment_count": 44.0 }, "geometry": { "type": "Polygon", "coordinates": [ [ [ 34.799411538532333, 31.282516944975111 ], [ 34.799401902494438, 31.284771665533825 ], [ 34.796776482067465, 31.284763362782513 ], [ 34.796786180570898, 31.282508642957247 ], [ 34.799411538532333, 31.282516944975111 ] ] ] } },
{ "type": "Feature", "properties": { "cell_id": 3063, "score_syntax": 61.69, "syntax_closeness_pct": 59.164, "syntax_betweenness_pct": 65.478, "segment_count": 23.0 }, "geometry": { "type": "Polygon", "coordinates": [ [ [ 34.799401902494438, 31.284771665533825 ], [ 34.799392265372568, 31.287026385297612 ], [ 34.796766782473043, 31.287018081812832 ], [ 34.796776482067465, 31.284763362782513 ], [ 34.799401902494438, 31.284771665533825 ] ] ] } },
{ "type": "Feature", "properties": { "cell_id": 3064, "score_syntax": 47.449, "syntax_closeness_pct": 46.814, "syntax_betweenness_pct": 48.401, "segment_count": 14.0 }, "geometry": { "type": "Polygon", "coordinates": [ [ [ 34.799392265372568, 31.287026385297612 ], [ 34.799382627166608, 31.289281104266458 ], [ 34.796757081787526, 31.289272800048192 ], [ 34.796766782473043, 31.287018081812832 ], [ 34.799392265372568, 31.287026385297612 ] ] ] } },
{ "type": "Feature", "properties": { "cell_id": 3065, "score_syntax": 53.627, "syntax_closeness_pct": 48.276, "syntax_betweenness_pct": 61.654, "segment_count": 3.0 }, "geometry": { "type": "Polygon", "coordinates": [ [ [ 34.799382627166608, 31.289281104266458 ], [ 34.799372987876481, 31.291535822440341 ], [ 34.796747380010807, 31.291527517488536 ], [ 34.796757081787526, 31.289272800048192 ], [ 34.799382627166608, 31.289281104266458 ] ] ] } },
{ "type": "Feature", "properties": { "cell_id": 3066, "score_syntax": 64.387, "syntax_closeness_pct": 59.988, "syntax_betweenness_pct": 70.985, "segment_count": 7.0 }, "geometry": { "type": "Polygon", "coordinates": [ [ [ 34.799372987876481, 31.291535822440341 ], [ 34.799363347502052, 31.293790539819224 ], [ 34.796737677142772, 31.293782234133836 ], [ 34.796747380010807, 31.291527517488536 ], [ 34.799372987876481, 31.291535822440341 ] ] ] } },
{ "type": "Feature", "properties": { "cell_id": 3067, "score_syntax": 37.676, "syntax_closeness_pct": 29.388, "syntax_betweenness_pct": 50.109, "segment_count": 3.0 }, "geometry": { "type": "Polygon", "coordinates": [ [ [ 34.799363347502052, 31.293790539819224 ], [ 34.799353706043235, 31.296045256403048 ], [ 34.796727973183302, 31.296036949984078 ], [ 34.796737677142772, 31.293782234133836 ], [ 34.799363347502052, 31.293790539819224 ] ] ] } },
{ "type": "Feature", "properties": { "cell_id": 3068, "score_syntax": 71.94, "syntax_closeness_pct": 68.314, "syntax_betweenness_pct": 77.378, "segment_count": 1.0 }, "geometry": { "type": "Polygon", "coordinates": [ [ [ 34.799353706043235, 31.296045256403048 ], [ 34.799344063499909, 31.298299972191813 ], [ 34.796718268132331, 31.298291665039191 ], [ 34.796727973183302, 31.296036949984078 ], [ 34.799353706043235, 31.296045256403048 ] ] ] } },
{ "type": "Feature", "properties": { "cell_id": 3069, "score_syntax": 70.322, "syntax_closeness_pct": 68.104, "syntax_betweenness_pct": 73.648, "segment_count": 3.0 }, "geometry": { "type": "Polygon", "coordinates": [ [ [ 34.799344063499909, 31.298299972191813 ], [ 34.799334419871954, 31.300554687185475 ], [ 34.796708561989718, 31.300546379299188 ], [ 34.796718268132331, 31.298291665039191 ], [ 34.799344063499909, 31.298299972191813 ] ] ] } },
{ "type": "Feature", "properties": { "cell_id": 3108, "score_syntax": 14.541, "syntax_closeness_pct": 2.145, "syntax_betweenness_pct": 33.137, "segment_count": 1.0 }, "geometry": { "type": "Polygon", "coordinates": [ [ [ 34.802371294949502, 31.203609447770052 ], [ 34.802361759003894, 31.205864196857657 ], [ 34.799738519619424, 31.205855973240116 ], [ 34.79974811778547, 31.203601224880046 ], [ 34.802371294949502, 31.203609447770052 ] ] ] } },
{ "type": "Feature", "properties": { "cell_id": 3110, "score_syntax": 51.138, "syntax_closeness_pct": 46.184, "syntax_betweenness_pct": 58.568, "segment_count": 9.0 }, "geometry": { "type": "Polygon", "coordinates": [ [ [ 34.802352221985018, 31.208118945151504 ], [ 34.802342683892803, 31.210373692651597 ], [ 34.799719320046478, 31.210365467578914 ], [ 34.79972892037312, 31.208110720806417 ], [ 34.802352221985018, 31.208118945151504 ] ] ] } },
{ "type": "Feature", "properties": { "cell_id": 3112, "score_syntax": 15.632, "syntax_closeness_pct": 3.963, "syntax_betweenness_pct": 33.137, "segment_count": 1.0 }, "geometry": { "type": "Polygon", "coordinates": [ [ [ 34.802333144727122, 31.212628439357868 ], [ 34.802323604487867, 31.214883185270306 ], [ 34.799700116151712, 31.214874958742374 ], [ 34.799709718639363, 31.212620213557578 ], [ 34.802333144727122, 31.212628439357868 ] ] ] } },
{ "type": "Feature", "properties": { "cell_id": 3113, "score_syntax": 15.459, "syntax_closeness_pct": 3.673, "syntax_betweenness_pct": 33.137, "segment_count": 1.0 }, "geometry": { "type": "Polygon", "coordinates": [ [ [ 34.802323604487867, 31.214883185270306 ], [ 34.802314063174954, 31.217137930388891 ], [ 34.799690512583368, 31.21712970313326 ], [ 34.799700116151712, 31.214874958742374 ], [ 34.802323604487867, 31.214883185270306 ] ] ] } },
{ "type": "Feature", "properties": { "cell_id": 3115, "score_syntax": 65.409, "syntax_closeness_pct": 66.628, "syntax_betweenness_pct": 63.579, "segment_count": 19.0 }, "geometry": { "type": "Polygon", "coordinates": [ [ [ 34.802304520788255, 31.219392674713557 ], [ 34.802294977327662, 31.221647418244299 ], [ 34.79967130220426, 31.221639189533196 ], [ 34.79968090793426, 31.219384446730228 ], [ 34.802304520788255, 31.219392674713557 ] ] ] } },
{ "type": "Feature", "properties": { "cell_id": 3116, "score_syntax": 59.742, "syntax_closeness_pct": 58.532, "syntax_betweenness_pct": 61.558, "segment_count": 11.0 }, "geometry": { "type": "Polygon", "coordinates": [ [ [ 34.802294977327662, 31.221647418244299 ], [ 34.802285432793084, 31.223902160981059 ], [ 34.79966169539329, 31.223893931542175 ], [ 34.79967130220426, 31.221639189533196 ], [ 34.802294977327662, 31.221647418244299 ] ] ] } },
{ "type": "Feature", "properties": { "cell_id": 3117, "score_syntax": 32.036, "syntax_closeness_pct": 31.303, "syntax_betweenness_pct": 33.137, "segment_count": 3.0 }, "geometry": { "type": "Polygon", "coordinates": [ [ [ 34.802285432793084, 31.223902160981059 ], [ 34.802275887184415, 31.226156902923833 ], [ 34.799652087501201, 31.226148672757137 ], [ 34.79966169539329, 31.223893931542175 ], [ 34.802285432793084, 31.223902160981059 ] ] ] } },
{ "type": "Feature", "properties": { "cell_id": 3119, "score_syntax": 69.894, "syntax_closeness_pct": 69.529, "syntax_betweenness_pct": 70.443, "segment_count": 8.0 }, "geometry": { "type": "Polygon", "coordinates": [ [ [ 34.802266340501539, 31.228411644072583 ], [ 34.802256792744373, 31.230666384427249 ], [ 34.799632868473353, 31.2306581528048 ], [ 34.799642478527929, 31.228403413178022 ], [ 34.802266340501539, 31.228411644072583 ] ] ] } },
{ "type": "Feature", "properties": { "cell_id": 3120, "score_syntax": 46.267, "syntax_closeness_pct": 49.823, "syntax_betweenness_pct": 40.933, "segment_count": 8.0 }, "geometry": { "type": "Polygon", "coordinates": [ [ [ 34.802256792744373, 31.230666384427249 ], [ 34.802247243912795, 31.232921123987811 ], [ 34.799623257337359, 31.232912891637447 ], [ 34.799632868473353, 31.2306581528048 ], [ 34.802256792744373, 31.230666384427249 ] ] ] } },
{ "type": "Feature", "properties": { "cell_id": 3121, "score_syntax": 69.186, "syntax_closeness_pct": 72.835, "syntax_betweenness_pct": 63.714, "segment_count": 19.0 }, "geometry": { "type": "Polygon", "coordinates": [ [ [ 34.802247243912795, 31.232921123987811 ], [ 34.802237694006692, 31.235175862754264 ], [ 34.799613645119834, 31.235167629675939 ], [ 34.799623257337359, 31.232912891637447 ], [ 34.802247243912795, 31.232921123987811 ] ] ] } },
{ "type": "Feature", "properties": { "cell_id": 3122, "score_syntax": 59.995, "syntax_closeness_pct": 59.404, "syntax_betweenness_pct": 60.881, "segment_count": 23.0 }, "geometry": { "type": "Polygon", "coordinates": [ [ [ 34.802237694006692, 31.235175862754264 ], [ 34.802228143025957, 31.237430600726533 ], [ 34.799604031820692, 31.237422366920224 ], [ 34.799613645119834, 31.235167629675939 ], [ 34.802237694006692, 31.235175862754264 ] ] ] } },
{ "type": "Feature", "properties": { "cell_id": 3123, "score_syntax": 70.423, "syntax_closeness_pct": 76.347, "syntax_betweenness_pct": 61.537, "segment_count": 2.0 }, "geometry": { "type": "Polygon", "coordinates": [ [ [ 34.802228143025957, 31.237430600726533 ], [ 34.802218590970497, 31.239685337904636 ], [ 34.799594417439828, 31.23967710337029 ], [ 34.799604031820692, 31.237422366920224 ], [ 34.802228143025957, 31.237430600726533 ] ] ] } },
{ "type": "Feature", "properties": { "cell_id": 3124, "score_syntax": 73.833, "syntax_closeness_pct": 73.595, "syntax_betweenness_pct": 74.189, "segment_count": 19.0 }, "geometry": { "type": "Polygon", "coordinates": [ [ [ 34.802218590970497, 31.239685337904636 ], [ 34.802209037840207, 31.241940074288504 ], [ 34.799584801977097, 31.241931839026105 ], [ 34.799594417439828, 31.23967710337029 ], [ 34.802218590970497, 31.239685337904636 ] ] ] } },
{ "type": "Feature", "properties": { "cell_id": 3125, "score_syntax": 61.191, "syntax_closeness_pct": 67.361, "syntax_betweenness_pct": 51.936, "segment_count": 27.0 }, "geometry": { "type": "Polygon", "coordinates": [ [ [ 34.802209037840207, 31.241940074288504 ], [ 34.802199483634986, 31.24419480987811 ], [ 34.799575185432438, 31.24418657388761 ], [ 34.799584801977097, 31.241931839026105 ], [ 34.802209037840207, 31.241940074288504 ] ] ] } },
{ "type": "Feature", "properties": { "cell_id": 3126, "score_syntax": 53.982, "syntax_closeness_pct": 57.849, "syntax_betweenness_pct": 48.182, "segment_count": 24.0 }, "geometry": { "type": "Polygon", "coordinates": [ [ [ 34.802199483634986, 31.24419480987811 ], [ 34.802189928354707, 31.246449544673418 ], [ 34.799565567805736, 31.246441307954804 ], [ 34.799575185432438, 31.24418657388761 ], [ 34.802199483634986, 31.24419480987811 ] ] ] } },
{ "type": "Feature", "properties": { "cell_id": 3127, "score_syntax": 52.508, "syntax_closeness_pct": 55.054, "syntax_betweenness_pct": 48.688, "segment_count": 30.0 }, "geometry": { "type": "Polygon", "coordinates": [ [ [ 34.802189928354707, 31.246449544673418 ], [ 34.802180371999277, 31.248704278674406 ], [ 34.799555949096856, 31.248696041227639 ], [ 34.799565567805736, 31.246441307954804 ], [ 34.802189928354707, 31.246449544673418 ] ] ] } },
{ "type": "Feature", "properties": { "cell_id": 3128, "score_syntax": 69.635, "syntax_closeness_pct": 74.623, "syntax_betweenness_pct": 62.154, "segment_count": 53.0 }, "geometry": { "type": "Polygon", "coordinates": [ [ [ 34.802180371999277, 31.248704278674406 ], [ 34.802170814568584, 31.250959011881047 ], [ 34.79954632930572, 31.250950773706087 ], [ 34.799555949096856, 31.248696041227639 ], [ 34.802180371999277, 31.248704278674406 ] ] ] } },
{ "type": "Feature", "properties": { "cell_id": 3129, "score_syntax": 39.319, "syntax_closeness_pct": 41.388, "syntax_betweenness_pct": 36.215, "segment_count": 14.0 }, "geometry": { "type": "Polygon", "coordinates": [ [ [ 34.802170814568584, 31.250959011881047 ], [ 34.802161256062547, 31.253213744293284 ], [ 34.799536708432214, 31.253205505390099 ], [ 34.79954632930572, 31.250950773706087 ], [ 34.802170814568584, 31.250959011881047 ] ] ] } },
{ "type": "Feature", "properties": { "cell_id": 3130, "score_syntax": 30.983, "syntax_closeness_pct": 29.548, "syntax_betweenness_pct": 33.137, "segment_count": 13.0 }, "geometry": { "type": "Polygon", "coordinates": [ [ [ 34.802161256062547, 31.253213744293284 ], [ 34.802151696481012, 31.255468475911105 ], [ 34.799527086476232, 31.255460236279664 ], [ 34.799536708432214, 31.253205505390099 ], [ 34.802161256062547, 31.253213744293284 ] ] ] } },
{ "type": "Feature", "properties": { "cell_id": 3131, "score_syntax": 55.599, "syntax_closeness_pct": 60.364, "syntax_betweenness_pct": 48.451, "segment_count": 35.0 }, "geometry": { "type": "Polygon", "coordinates": [ [ [ 34.802151696481012, 31.255468475911105 ], [ 34.802142135823921, 31.257723206734475 ], [ 34.799517463437653, 31.257714966374724 ], [ 34.799527086476232, 31.255460236279664 ], [ 34.802151696481012, 31.255468475911105 ] ] ] } },
{ "type": "Feature", "properties": { "cell_id": 3132, "score_syntax": 32.979, "syntax_closeness_pct": 32.874, "syntax_betweenness_pct": 33.137, "segment_count": 14.0 }, "geometry": { "type": "Polygon", "coordinates": [ [ [ 34.802142135823921, 31.257723206734475 ], [ 34.802132574091154, 31.259977936763352 ], [ 34.799507839316405, 31.259969695675277 ], [ 34.799517463437653, 31.257714966374724 ], [ 34.802142135823921, 31.257723206734475 ] ] ] } },
{ "type": "Feature", "properties": { "cell_id": 3133, "score_syntax": 65.467, "syntax_closeness_pct": 72.089, "syntax_betweenness_pct": 55.534, "segment_count": 37.0 }, "geometry": { "type": "Polygon", "coordinates": [ [ [ 34.802132574091154, 31.259977936763352 ], [ 34.802123011282596, 31.262232665997715 ], [ 34.799498214112347, 31.262224424181291 ], [ 34.799507839316405, 31.259969695675277 ], [ 34.802132574091154, 31.259977936763352 ] ] ] } },
{ "type": "Feature", "properties": { "cell_id": 3134, "score_syntax": 45.722, "syntax_closeness_pct": 53.327, "syntax_betweenness_pct": 34.315, "segment_count": 63.0 }, "geometry": { "type": "Polygon", "coordinates": [ [ [ 34.802123011282596, 31.262232665997715 ], [ 34.802113447398135, 31.264487394437534 ], [ 34.79948858782538, 31.264479151892715 ], [ 34.799498214112347, 31.262224424181291 ], [ 34.802123011282596, 31.262232665997715 ] ] ] } },
{ "type": "Feature", "properties": { "cell_id": 3135, "score_syntax": 46.985, "syntax_closeness_pct": 56.217, "syntax_betweenness_pct": 33.137, "segment_count": 69.0 }, "geometry": { "type": "Polygon", "coordinates": [ [ [ 34.802113447398135, 31.264487394437534 ], [ 34.802103882437677, 31.266742122082753 ], [ 34.79947896045541, 31.266733878809514 ], [ 34.79948858782538, 31.264479151892715 ], [ 34.802113447398135, 31.264487394437534 ] ] ] } },
{ "type": "Feature", "properties": { "cell_id": 3136, "score_syntax": 46.591, "syntax_closeness_pct": 49.435, "syntax_betweenness_pct": 42.325, "segment_count": 17.0 }, "geometry": { "type": "Polygon", "coordinates": [ [ [ 34.802103882437677, 31.266742122082753 ], [ 34.802094316401124, 31.268996848933369 ], [ 34.79946933200231, 31.268988604931661 ], [ 34.79947896045541, 31.266733878809514 ], [ 34.802103882437677, 31.266742122082753 ] ] ] } },
{ "type": "Feature", "properties": { "cell_id": 3137, "score_syntax": 28.422, "syntax_closeness_pct": 25.278, "syntax_betweenness_pct": 33.137, "segment_count": 4.0 }, "geometry": { "type": "Polygon", "coordinates": [ [ [ 34.802094316401124, 31.268996848933369 ], [ 34.802084749288348, 31.271251574989357 ], [ 34.799459702466002, 31.271243330259129 ], [ 34.79946933200231, 31.268988604931661 ], [ 34.802094316401124, 31.268996848933369 ] ] ] } },
{ "type": "Feature", "properties": { "cell_id": 3138, "score_syntax": 33.624, "syntax_closeness_pct": 29.406, "syntax_betweenness_pct": 39.95, "segment_count": 5.0 }, "geometry": { "type": "Polygon", "coordinates": [ [ [ 34.802084749288348, 31.271251574989357 ], [ 34.802075181099276, 31.273506300250645 ], [ 34.799450071846358, 31.27349805479189 ], [ 34.799459702466002, 31.271243330259129 ], [ 34.802084749288348, 31.271251574989357 ] ] ] } },
{ "type": "Feature", "properties": { "cell_id": 3139, "score_syntax": 36.835, "syntax_closeness_pct": 33.325, "syntax_betweenness_pct": 42.099, "segment_count": 12.0 }, "geometry": { "type": "Polygon", "coordinates": [ [ [ 34.802075181099276, 31.273506300250645 ], [ 34.802065611833761, 31.275761024717205 ], [ 34.799440440143279, 31.275752778529888 ], [ 34.799450071846358, 31.27349805479189 ], [ 34.802075181099276, 31.273506300250645 ] ] ] } },
{ "type": "Feature", "properties": { "cell_id": 3140, "score_syntax": 66.798, "syntax_closeness_pct": 64.35, "syntax_betweenness_pct": 70.47, "segment_count": 13.0 }, "geometry": { "type": "Polygon", "coordinates": [ [ [ 34.802065611833761, 31.275761024717205 ], [ 34.802056041491724, 31.278015748389041 ], [ 34.79943080735665, 31.278007501473123 ], [ 34.799440440143279, 31.275752778529888 ], [ 34.802065611833761, 31.275761024717205 ] ] ] } },
{ "type": "Feature", "properties": { "cell_id": 3141, "score_syntax": 40.941, "syntax_closeness_pct": 39.116, "syntax_betweenness_pct": 43.678, "segment_count": 25.0 }, "geometry": { "type": "Polygon", "coordinates": [ [ [ 34.802056041491724, 31.278015748389041 ], [ 34.802046470073037, 31.280270471266089 ], [ 34.799421173486365, 31.280262223621541 ], [ 34.79943080735665, 31.278007501473123 ], [ 34.802056041491724, 31.278015748389041 ] ] ] } },
{ "type": "Feature", "properties": { "cell_id": 3142, "score_syntax": 44.356, "syntax_closeness_pct": 46.026, "syntax_betweenness_pct": 41.851, "segment_count": 31.0 }, "geometry": { "type": "Polygon", "coordinates": [ [ [ 34.802046470073037, 31.280270471266089 ], [ 34.802036897577636, 31.282525193348327 ], [ 34.799411538532333, 31.282516944975111 ], [ 34.799421173486365, 31.280262223621541 ], [ 34.802046470073037, 31.280270471266089 ] ] ] } },
{ "type": "Feature", "properties": { "cell_id": 3143, "score_syntax": 51.697, "syntax_closeness_pct": 51.905, "syntax_betweenness_pct": 51.386, "segment_count": 35.0 }, "geometry": { "type": "Polygon", "coordinates": [ [ [ 34.802036897577636, 31.282525193348327 ], [ 34.802027324005373, 31.284779914635742 ], [ 34.799401902494438, 31.284771665533825 ], [ 34.799411538532333, 31.282516944975111 ], [ 34.802036897577636, 31.282525193348327 ] ] ] } },
{ "type": "Feature", "properties": { "cell_id": 3144, "score_syntax": 56.402, "syntax_closeness_pct": 54.715, "syntax_betweenness_pct": 58.934, "segment_count": 27.0 }, "geometry": { "type": "Polygon", "coordinates": [ [ [ 34.802027324005373, 31.284779914635742 ], [ 34.802017749356168, 31.287034635128268 ], [ 34.799392265372568, 31.287026385297612 ], [ 34.799401902494438, 31.284771665533825 ], [ 34.802027324005373, 31.284779914635742 ] ] ] } },
{ "type": "Feature", "properties": { "cell_id": 3145, "score_syntax": 49.899, "syntax_closeness_pct": 49.342, "syntax_betweenness_pct": 50.736, "segment_count": 22.0 }, "geometry": { "type": "Polygon", "coordinates": [ [ [ 34.802017749356168, 31.287034635128268 ], [ 34.802008173629893, 31.289289354825875 ], [ 34.799382627166608, 31.289281104266458 ], [ 34.799392265372568, 31.287026385297612 ], [ 34.802017749356168, 31.287034635128268 ] ] ] } },
{ "type": "Feature", "properties": { "cell_id": 3146, "score_syntax": 64.903, "syntax_closeness_pct": 61.074, "syntax_betweenness_pct": 70.647, "segment_count": 7.0 }, "geometry": { "type": "Polygon", "coordinates": [ [ [ 34.802008173629893, 31.289289354825875 ], [ 34.801998596826451, 31.291544073728556 ], [ 34.799372987876481, 31.291535822440341 ], [ 34.799382627166608, 31.289281104266458 ], [ 34.802008173629893, 31.289289354825875 ] ] ] } },
{ "type": "Feature", "properties": { "cell_id": 3147, "score_syntax": 73.516, "syntax_closeness_pct": 68.766, "syntax_betweenness_pct": 80.642, "segment_count": 7.0 }, "geometry": { "type": "Polygon", "coordinates": [ [ [ 34.801998596826451, 31.291544073728556 ], [ 34.801989018945747, 31.293798791836259 ], [ 34.799363347502052, 31.293790539819224 ], [ 34.799372987876481, 31.291535822440341 ], [ 34.801998596826451, 31.291544073728556 ] ] ] } },
{ "type": "Feature", "properties": { "cell_id": 3148, "score_syntax": 53.83, "syntax_closeness_pct": 47.818, "syntax_betweenness_pct": 62.848, "segment_count": 3.0 }, "geometry": { "type": "Polygon", "coordinates": [ [ [ 34.801989018945747, 31.293798791836259 ], [ 34.801979439987655, 31.296053509148972 ], [ 34.799353706043235, 31.296045256403048 ], [ 34.799363347502052, 31.293790539819224 ], [ 34.801989018945747, 31.293798791836259 ] ] ] } },
{ "type": "Feature", "properties": { "cell_id": 3149, "score_syntax": 15.343, "syntax_closeness_pct": 3.48, "syntax_betweenness_pct": 33.137, "segment_count": 1.0 }, "geometry": { "type": "Polygon", "coordinates": [ [ [ 34.801979439987655, 31.296053509148972 ], [ 34.801969859952102, 31.298308225666641 ], [ 34.799344063499909, 31.298299972191813 ], [ 34.799353706043235, 31.296045256403048 ], [ 34.801979439987655, 31.296053509148972 ] ] ] } },
{ "type": "Feature", "properties": { "cell_id": 3150, "score_syntax": 69.278, "syntax_closeness_pct": 67.973, "syntax_betweenness_pct": 71.236, "segment_count": 5.0 }, "geometry": { "type": "Polygon", "coordinates": [ [ [ 34.801969859952102, 31.298308225666641 ], [ 34.801960278838941, 31.300562941389245 ], [ 34.799334419871954, 31.300554687185475 ], [ 34.799344063499909, 31.298299972191813 ], [ 34.801969859952102, 31.298308225666641 ] ] ] } },
{ "type": "Feature", "properties": { "cell_id": 3151, "score_syntax": 70.853, "syntax_closeness_pct": 68.18, "syntax_betweenness_pct": 74.863, "segment_count": 1.0 }, "geometry": { "type": "Polygon", "coordinates": [ [ [ 34.801960278838941, 31.300562941389245 ], [ 34.801950696648078, 31.302817656316751 ], [ 34.799324775159306, 31.30280940138401 ], [ 34.799334419871954, 31.300554687185475 ], [ 34.801960278838941, 31.300562941389245 ] ] ] } },
{ "type": "Feature", "properties": { "cell_id": 3175, "score_syntax": 14.363, "syntax_closeness_pct": 1.848, "syntax_betweenness_pct": 33.137, "segment_count": 1.0 }, "geometry": { "type": "Polygon", "coordinates": [ [ [ 34.805126993439465, 31.172051036514421 ], [ 34.805117534630995, 31.174305797433295 ], [ 34.802495164624681, 31.17429763741578 ], [ 34.80250468555586, 31.172042877219255 ], [ 34.805126993439465, 31.172051036514421 ] ] ] } },
{ "type": "Feature", "properties": { "cell_id": 3187, "score_syntax": 71.842, "syntax_closeness_pct": 69.62, "syntax_betweenness_pct": 75.174, "segment_count": 2.0 }, "geometry": { "type": "Polygon", "coordinates": [ [ [ 34.805013417438488, 31.199108115179051 ], [ 34.805003945845606, 31.201362866576744 ], [ 34.802380829821978, 31.201354697888767 ], [ 34.802390363621406, 31.199099947213774 ], [ 34.805013417438488, 31.199108115179051 ] ] ] } },
{ "type": "Feature", "properties": { "cell_id": 3188, "score_syntax": 31.042, "syntax_closeness_pct": 29.645, "syntax_betweenness_pct": 33.137, "segment_count": 5.0 }, "geometry": { "type": "Polygon", "coordinates": [ [ [ 34.805003945845606, 31.201362866576744 ], [ 34.804994473186689, 31.203617617180818 ], [ 34.802371294949502, 31.203609447770052 ], [ 34.802380829821978, 31.201354697888767 ], [ 34.805003945845606, 31.201362866576744 ] ] ] } },
{ "type": "Feature", "properties": { "cell_id": 3189, "score_syntax": 27.467, "syntax_closeness_pct": 23.687, "syntax_betweenness_pct": 33.137, "segment_count": 1.0 }, "geometry": { "type": "Polygon", "coordinates": [ [ [ 34.804994473186689, 31.203617617180818 ], [ 34.80498499946161, 31.205872366991201 ], [ 34.802361759003894, 31.205864196857657 ], [ 34.802371294949502, 31.203609447770052 ], [ 34.804994473186689, 31.203617617180818 ] ] ] } },
{ "type": "Feature", "properties": { "cell_id": 3190, "score_syntax": 34.316, "syntax_closeness_pct": 35.102, "syntax_betweenness_pct": 33.137, "segment_count": 5.0 }, "geometry": { "type": "Polygon", "coordinates": [ [ [ 34.80498499946161, 31.205872366991201 ], [ 34.804975524670283, 31.208127116007891 ], [ 34.802352221985018, 31.208118945151504 ], [ 34.802361759003894, 31.205864196857657 ], [ 34.80498499946161, 31.205872366991201 ] ] ] } },
{ "type": "Feature", "properties": { "cell_id": 3191, "score_syntax": 50.968, "syntax_closeness_pct": 47.997, "syntax_betweenness_pct": 55.423, "segment_count": 8.0 }, "geometry": { "type": "Polygon", "coordinates": [ [ [ 34.804975524670283, 31.208127116007891 ], [ 34.804966048812588, 31.210381864230825 ], [ 34.802342683892803, 31.210373692651597 ], [ 34.802352221985018, 31.208118945151504 ], [ 34.804975524670283, 31.208127116007891 ] ] ] } },
{ "type": "Feature", "properties": { "cell_id": 3193, "score_syntax": 57.69, "syntax_closeness_pct": 49.107, "syntax_betweenness_pct": 70.564, "segment_count": 3.0 }, "geometry": { "type": "Polygon", "coordinates": [ [ [ 34.804956571888425, 31.212636611659992 ], [ 34.804947093897695, 31.214891358295368 ], [ 34.802323604487867, 31.214883185270306 ], [ 34.802333144727122, 31.212628439357868 ], [ 34.804956571888425, 31.212636611659992 ] ] ] } },
{ "type": "Feature", "properties": { "cell_id": 3196, "score_syntax": 57.867, "syntax_closeness_pct": 53.782, "syntax_betweenness_pct": 63.994, "segment_count": 25.0 }, "geometry": { "type": "Polygon", "coordinates": [ [ [ 34.804928134716114, 31.219400849184556 ], [ 34.804918653525043, 31.221655593438321 ], [ 34.802294977327662, 31.221647418244299 ], [ 34.802304520788255, 31.219392674713557 ], [ 34.804928134716114, 31.219400849184556 ] ] ] } },
{ "type": "Feature", "properties": { "cell_id": 3197, "score_syntax": 42.527, "syntax_closeness_pct": 42.203, "syntax_betweenness_pct": 43.012, "segment_count": 12.0 }, "geometry": { "type": "Polygon", "coordinates": [ [ [ 34.804918653525043, 31.221655593438321 ], [ 34.804909171266978, 31.223910336898157 ], [ 34.802285432793084, 31.223902160981059 ], [ 34.802294977327662, 31.221647418244299 ], [ 34.804918653525043, 31.221655593438321 ] ] ] } },
{ "type": "Feature", "properties": { "cell_id": 3198, "score_syntax": 22.611, "syntax_closeness_pct": 15.593, "syntax_betweenness_pct": 33.137, "segment_count": 4.0 }, "geometry": { "type": "Polygon", "coordinates": [ [ [ 34.804909171266978, 31.223910336898157 ], [ 34.804899687941834, 31.22616507956403 ], [ 34.802275887184415, 31.226156902923833 ], [ 34.802285432793084, 31.223902160981059 ], [ 34.804909171266978, 31.223910336898157 ] ] ] } },
{ "type": "Feature", "properties": { "cell_id": 3199, "score_syntax": 66.317, "syntax_closeness_pct": 63.114, "syntax_betweenness_pct": 71.123, "segment_count": 15.0 }, "geometry": { "type": "Polygon", "coordinates": [ [ [ 34.804899687941834, 31.22616507956403 ], [ 34.804890203549469, 31.228419821435896 ], [ 34.802266340501539, 31.228411644072583 ], [ 34.802275887184415, 31.226156902923833 ], [ 34.804899687941834, 31.22616507956403 ] ] ] } },
{ "type": "Feature", "properties": { "cell_id": 3200, "score_syntax": 78.687, "syntax_closeness_pct": 74.229, "syntax_betweenness_pct": 85.373, "segment_count": 14.0 }, "geometry": { "type": "Polygon", "coordinates": [ [ [ 34.804890203549469, 31.228419821435896 ], [ 34.804880718089819, 31.23067456251372 ], [ 34.802256792744373, 31.230666384427249 ], [ 34.802266340501539, 31.228411644072583 ], [ 34.804890203549469, 31.228419821435896 ] ] ] } },
{ "type": "Feature", "properties": { "cell_id": 3201, "score_syntax": 61.766, "syntax_closeness_pct": 63.666, "syntax_betweenness_pct": 58.917, "segment_count": 5.0 }, "geometry": { "type": "Polygon", "coordinates": [ [ [ 34.804880718089819, 31.23067456251372 ], [ 34.804871231562757, 31.232929302797483 ], [ 34.802247243912795, 31.232921123987811 ], [ 34.802256792744373, 31.230666384427249 ], [ 34.804880718089819, 31.23067456251372 ] ] ] } },
{ "type": "Feature", "properties": { "cell_id": 3202, "score_syntax": 41.911, "syntax_closeness_pct": 47.76, "syntax_betweenness_pct": 33.137, "segment_count": 6.0 }, "geometry": { "type": "Polygon", "coordinates": [ [ [ 34.804871231562757, 31.232929302797483 ], [ 34.804861743968161, 31.235184042287166 ], [ 34.802237694006692, 31.235175862754264 ], [ 34.802247243912795, 31.232921123987811 ], [ 34.804871231562757, 31.232929302797483 ] ] ] } },
{ "type": "Feature", "properties": { "cell_id": 3203, "score_syntax": 55.862, "syntax_closeness_pct": 62.417, "syntax_betweenness_pct": 46.03, "segment_count": 4.0 }, "geometry": { "type": "Polygon", "coordinates": [ [ [ 34.804861743968161, 31.235184042287166 ], [ 34.804852255305946, 31.237438780982707 ], [ 34.802228143025957, 31.237430600726533 ], [ 34.802237694006692, 31.235175862754264 ], [ 34.804861743968161, 31.235184042287166 ] ] ] } },
{ "type": "Feature", "properties": { "cell_id": 3205, "score_syntax": 41.133, "syntax_closeness_pct": 40.055, "syntax_betweenness_pct": 42.751, "segment_count": 12.0 }, "geometry": { "type": "Polygon", "coordinates": [ [ [ 34.804842765576026, 31.239693518884099 ], [ 34.804833274778261, 31.241948255991289 ], [ 34.802209037840207, 31.241940074288504 ], [ 34.802218590970497, 31.239685337904636 ], [ 34.804842765576026, 31.239693518884099 ] ] ] } },
{ "type": "Feature", "properties": { "cell_id": 3206, "score_syntax": 52.951, "syntax_closeness_pct": 56.111, "syntax_betweenness_pct": 48.211, "segment_count": 37.0 }, "geometry": { "type": "Polygon", "coordinates": [ [ [ 34.804833274778261, 31.241948255991289 ], [ 34.804823782912571, 31.24420299230426 ], [ 34.802199483634986, 31.24419480987811 ], [ 34.802209037840207, 31.241940074288504 ], [ 34.804833274778261, 31.241948255991289 ] ] ] } },
{ "type": "Feature", "properties": { "cell_id": 3207, "score_syntax": 57.089, "syntax_closeness_pct": 59.406, "syntax_betweenness_pct": 53.615, "segment_count": 20.0 }, "geometry": { "type": "Polygon", "coordinates": [ [ [ 34.804823782912571, 31.24420299230426 ], [ 34.804814289978836, 31.246457727822975 ], [ 34.802189928354707, 31.246449544673418 ], [ 34.802199483634986, 31.24419480987811 ], [ 34.804823782912571, 31.24420299230426 ] ] ] } },
{ "type": "Feature", "properties": { "cell_id": 3208, "score_syntax": 61.176, "syntax_closeness_pct": 61.748, "syntax_betweenness_pct": 60.32, "segment_count": 31.0 }, "geometry": { "type": "Polygon", "coordinates": [ [ [ 34.804814289978836, 31.246457727822975 ], [ 34.804804795976949, 31.248712462547392 ], [ 34.802180371999277, 31.248704278674406 ], [ 34.802189928354707, 31.246449544673418 ], [ 34.804814289978836, 31.246457727822975 ] ] ] } },
{ "type": "Feature", "properties": { "cell_id": 3209, "score_syntax": 37.465, "syntax_closeness_pct": 40.351, "syntax_betweenness_pct": 33.137, "segment_count": 20.0 }, "geometry": { "type": "Polygon", "coordinates": [ [ [ 34.804804795976949, 31.248712462547392 ], [ 34.804795300906818, 31.25096719647749 ], [ 34.802170814568584, 31.250959011881047 ], [ 34.802180371999277, 31.248704278674406 ], [ 34.804804795976949, 31.248712462547392 ] ] ] } },
{ "type": "Feature", "properties": { "cell_id": 3210, "score_syntax": 38.67, "syntax_closeness_pct": 40.201, "syntax_betweenness_pct": 36.372, "segment_count": 14.0 }, "geometry": { "type": "Polygon", "coordinates": [ [ [ 34.804795300906818, 31.25096719647749 ], [ 34.804785804768329, 31.253221929613225 ], [ 34.802161256062547, 31.253213744293284 ], [ 34.802170814568584, 31.250959011881047 ], [ 34.804795300906818, 31.25096719647749 ] ] ] } },
{ "type": "Feature", "properties": { "cell_id": 3211, "score_syntax": 41.118, "syntax_closeness_pct": 41.55, "syntax_betweenness_pct": 40.471, "segment_count": 7.0 }, "geometry": { "type": "Polygon", "coordinates": [ [ [ 34.804785804768329, 31.253221929613225 ], [ 34.804776307561383, 31.255476661954592 ], [ 34.802151696481012, 31.255468475911105 ], [ 34.802161256062547, 31.253213744293284 ], [ 34.804785804768329, 31.253221929613225 ] ] ] } },
{ "type": "Feature", "properties": { "cell_id": 3212, "score_syntax": 57.008, "syntax_closeness_pct": 60.419, "syntax_betweenness_pct": 51.892, "segment_count": 30.0 }, "geometry": { "type": "Polygon", "coordinates": [ [ [ 34.804776307561383, 31.255476661954592 ], [ 34.804766809285866, 31.257731393501508 ], [ 34.802142135823921, 31.257723206734475 ], [ 34.802151696481012, 31.255468475911105 ], [ 34.804776307561383, 31.255476661954592 ] ] ] } },
{ "type": "Feature", "properties": { "cell_id": 3213, "score_syntax": 31.442, "syntax_closeness_pct": 30.313, "syntax_betweenness_pct": 33.137, "segment_count": 23.0 }, "geometry": { "type": "Polygon", "coordinates": [ [ [ 34.804766809285866, 31.257731393501508 ], [ 34.804757309941685, 31.259986124253988 ], [ 34.802132574091154, 31.259977936763352 ], [ 34.802142135823921, 31.257723206734475 ], [ 34.804766809285866, 31.257731393501508 ] ] ] } },
{ "type": "Feature", "properties": { "cell_id": 3214, "score_syntax": 52.035, "syntax_closeness_pct": 59.763, "syntax_betweenness_pct": 40.444, "segment_count": 26.0 }, "geometry": { "type": "Polygon", "coordinates": [ [ [ 34.804757309941685, 31.259986124253988 ], [ 34.80474780952872, 31.262240854211981 ], [ 34.802123011282596, 31.262232665997715 ], [ 34.802132574091154, 31.259977936763352 ], [ 34.804757309941685, 31.259986124253988 ] ] ] } },
{ "type": "Feature", "properties": { "cell_id": 3215, "score_syntax": 35.997, "syntax_closeness_pct": 37.904, "syntax_betweenness_pct": 33.137, "segment_count": 25.0 }, "geometry": { "type": "Polygon", "coordinates": [ [ [ 34.80474780952872, 31.262240854211981 ], [ 34.804738308046886, 31.264495583375471 ], [ 34.802113447398135, 31.264487394437534 ], [ 34.802123011282596, 31.262232665997715 ], [ 34.80474780952872, 31.262240854211981 ] ] ] } },
{ "type": "Feature", "properties": { "cell_id": 3216, "score_syntax": 35.52, "syntax_closeness_pct": 37.109, "syntax_betweenness_pct": 33.137, "segment_count": 12.0 }, "geometry": { "type": "Polygon", "coordinates": [ [ [ 34.804738308046886, 31.264495583375471 ], [ 34.804728805496048, 31.266750311744389 ], [ 34.802103882437677, 31.266742122082753 ], [ 34.802113447398135, 31.264487394437534 ], [ 34.804738308046886, 31.264495583375471 ] ] ] } },
{ "type": "Feature", "properties": { "cell_id": 3217, "score_syntax": 78.517, "syntax_closeness_pct": 79.603, "syntax_betweenness_pct": 76.889, "segment_count": 3.0 }, "geometry": { "type": "Polygon", "coordinates": [ [ [ 34.804728805496048, 31.266750311744389 ], [ 34.804719301876133, 31.269005039318753 ], [ 34.802094316401124, 31.268996848933369 ], [ 34.802103882437677, 31.266742122082753 ], [ 34.804728805496048, 31.266750311744389 ] ] ] } },
{ "type": "Feature", "properties": { "cell_id": 3218, "score_syntax": 67.53, "syntax_closeness_pct": 69.463, "syntax_betweenness_pct": 64.631, "segment_count": 15.0 }, "geometry": { "type": "Polygon", "coordinates": [ [ [ 34.804719301876133, 31.269005039318753 ], [ 34.804709797187016, 31.271259766098474 ], [ 34.802084749288348, 31.271251574989357 ], [ 34.802094316401124, 31.268996848933369 ], [ 34.804719301876133, 31.269005039318753 ] ] ] } },
{ "type": "Feature", "properties": { "cell_id": 3219, "score_syntax": 47.035, "syntax_closeness_pct": 44.462, "syntax_betweenness_pct": 50.894, "segment_count": 14.0 }, "geometry": { "type": "Polygon", "coordinates": [ [ [ 34.804709797187016, 31.271259766098474 ], [ 34.804700291428595, 31.273514492083574 ], [ 34.802075181099276, 31.273506300250645 ], [ 34.802084749288348, 31.271251574989357 ], [ 34.804709797187016, 31.271259766098474 ] ] ] } },
{ "type": "Feature", "properties": { "cell_id": 3220, "score_syntax": 58.29, "syntax_closeness_pct": 59.037, "syntax_betweenness_pct": 57.17, "segment_count": 26.0 }, "geometry": { "type": "Polygon", "coordinates": [ [ [ 34.804700291428595, 31.273514492083574 ], [ 34.804690784600773, 31.275769217273979 ], [ 34.802065611833761, 31.275761024717205 ], [ 34.802075181099276, 31.273506300250645 ], [ 34.804700291428595, 31.273514492083574 ] ] ] } },
{ "type": "Feature", "properties": { "cell_id": 3221, "score_syntax": 52.232, "syntax_closeness_pct": 51.667, "syntax_betweenness_pct": 53.079, "segment_count": 32.0 }, "geometry": { "type": "Polygon", "coordinates": [ [ [ 34.804690784600773, 31.275769217273979 ], [ 34.804681276703427, 31.278023941669662 ], [ 34.802056041491724, 31.278015748389041 ], [ 34.802065611833761, 31.275761024717205 ], [ 34.804690784600773, 31.275769217273979 ] ] ] } },
{ "type": "Feature", "properties": { "cell_id": 3222, "score_syntax": 42.948, "syntax_closeness_pct": 43.026, "syntax_betweenness_pct": 42.83, "segment_count": 25.0 }, "geometry": { "type": "Polygon", "coordinates": [ [ [ 34.804681276703427, 31.278023941669662 ], [ 34.804671767736465, 31.280278665270618 ], [ 34.802046470073037, 31.280270471266089 ], [ 34.802056041491724, 31.278015748389041 ], [ 34.804681276703427, 31.278023941669662 ] ] ] } },
{ "type": "Feature", "properties": { "cell_id": 3223, "score_syntax": 62.643, "syntax_closeness_pct": 59.22, "syntax_betweenness_pct": 67.776, "segment_count": 44.0 }, "geometry": { "type": "Polygon", "coordinates": [ [ [ 34.804671767736465, 31.280278665270618 ], [ 34.804662257699782, 31.282533388076804 ], [ 34.802036897577636, 31.282525193348327 ], [ 34.802046470073037, 31.280270471266089 ], [ 34.804671767736465, 31.280278665270618 ] ] ] } },
{ "type": "Feature", "properties": { "cell_id": 3224, "score_syntax": 39.236, "syntax_closeness_pct": 39.257, "syntax_betweenness_pct": 39.203, "segment_count": 23.0 }, "geometry": { "type": "Polygon", "coordinates": [ [ [ 34.804662257699782, 31.282533388076804 ], [ 34.80465274659327, 31.284788110088158 ], [ 34.802027324005373, 31.284779914635742 ], [ 34.802036897577636, 31.282525193348327 ], [ 34.804662257699782, 31.282533388076804 ] ] ] } },
{ "type": "Feature", "properties": { "cell_id": 3225, "score_syntax": 51.295, "syntax_closeness_pct": 51.009, "syntax_betweenness_pct": 51.724, "segment_count": 31.0 }, "geometry": { "type": "Polygon", "coordinates": [ [ [ 34.80465274659327, 31.284788110088158 ], [ 34.804643234416822, 31.287042831304696 ], [ 34.802017749356168, 31.287034635128268 ], [ 34.802027324005373, 31.284779914635742 ], [ 34.80465274659327, 31.284788110088158 ] ] ] } },
{ "type": "Feature", "properties": { "cell_id": 3226, "score_syntax": 42.512, "syntax_closeness_pct": 42.392, "syntax_betweenness_pct": 42.692, "segment_count": 15.0 }, "geometry": { "type": "Polygon", "coordinates": [ [ [ 34.804643234416822, 31.287042831304696 ], [ 34.80463372117034, 31.289297551726357 ], [ 34.802008173629893, 31.289289354825875 ], [ 34.802017749356168, 31.287034635128268 ], [ 34.804643234416822, 31.287042831304696 ] ] ] } },
{ "type": "Feature", "properties": { "cell_id": 3227, "score_syntax": 43.465, "syntax_closeness_pct": 37.5, "syntax_betweenness_pct": 52.414, "segment_count": 2.0 }, "geometry": { "type": "Polygon", "coordinates": [ [ [ 34.80463372117034, 31.289297551726357 ], [ 34.804624206853703, 31.291552271353105 ], [ 34.801998596826451, 31.291544073728556 ], [ 34.802008173629893, 31.289289354825875 ], [ 34.80463372117034, 31.289297551726357 ] ] ] } },
{ "type": "Feature", "properties": { "cell_id": 3228, "score_syntax": 74.989, "syntax_closeness_pct": 68.96, "syntax_betweenness_pct": 84.035, "segment_count": 2.0 }, "geometry": { "type": "Polygon", "coordinates": [ [ [ 34.804624206853703, 31.291552271353105 ], [ 34.80461469146681, 31.293806990184912 ], [ 34.801989018945747, 31.293798791836259 ], [ 34.801998596826451, 31.291544073728556 ], [ 34.804624206853703, 31.291552271353105 ] ] ] } },
{ "type": "Feature", "properties": { "cell_id": 3229, "score_syntax": 49.244, "syntax_closeness_pct": 46.839, "syntax_betweenness_pct": 52.853, "segment_count": 2.0 }, "geometry": { "type": "Polygon", "coordinates": [ [ [ 34.80461469146681, 31.293806990184912 ], [ 34.804605175009591, 31.29606170822176 ], [ 34.801979439987655, 31.296053509148972 ], [ 34.801989018945747, 31.293798791836259 ], [ 34.80461469146681, 31.293806990184912 ] ] ] } },
{ "type": "Feature", "properties": { "cell_id": 3230, "score_syntax": 70.222, "syntax_closeness_pct": 68.25, "syntax_betweenness_pct": 73.182, "segment_count": 3.0 }, "geometry": { "type": "Polygon", "coordinates": [ [ [ 34.804605175009591, 31.29606170822176 ], [ 34.804595657481869, 31.298316425463597 ], [ 34.801969859952102, 31.298308225666641 ], [ 34.801979439987655, 31.296053509148972 ], [ 34.804605175009591, 31.29606170822176 ] ] ] } },
{ "type": "Feature", "properties": { "cell_id": 3231, "score_syntax": 68.565, "syntax_closeness_pct": 68.403, "syntax_betweenness_pct": 68.808, "segment_count": 1.0 }, "geometry": { "type": "Polygon", "coordinates": [ [ [ 34.804595657481869, 31.298316425463597 ], [ 34.804586138883607, 31.300571141910396 ], [ 34.801960278838941, 31.300562941389245 ], [ 34.801969859952102, 31.298308225666641 ], [ 34.804595657481869, 31.298316425463597 ] ] ] } },
{ "type": "Feature", "properties": { "cell_id": 3268, "score_syntax": 16.821, "syntax_closeness_pct": 5.944, "syntax_betweenness_pct": 33.137, "segment_count": 1.0 }, "geometry": { "type": "Polygon", "coordinates": [ [ [ 34.807636472321519, 31.199116229674434 ], [ 34.807627062935296, 31.201370981790134 ], [ 34.805003945845606, 31.201362866576744 ], [ 34.805013417438488, 31.199108115179051 ], [ 34.807636472321519, 31.199116229674434 ] ] ] } },
{ "type": "Feature", "properties": { "cell_id": 3269, "score_syntax": 14.457, "syntax_closeness_pct": 2.004, "syntax_betweenness_pct": 33.137, "segment_count": 1.0 }, "geometry": { "type": "Polygon", "coordinates": [ [ [ 34.807627062935296, 31.201370981790134 ], [ 34.807617652490016, 31.203625733112244 ], [ 34.804994473186689, 31.203617617180818 ], [ 34.805003945845606, 31.201362866576744 ], [ 34.807627062935296, 31.201370981790134 ] ] ] } },
{ "type": "Feature", "properties": { "cell_id": 3270, "score_syntax": 35.49, "syntax_closeness_pct": 37.059, "syntax_betweenness_pct": 33.137, "segment_count": 5.0 }, "geometry": { "type": "Polygon", "coordinates": [ [ [ 34.807617652490016, 31.203625733112244 ], [ 34.807608240985594, 31.205880483640684 ], [ 34.80498499946161, 31.205872366991201 ], [ 34.804994473186689, 31.203617617180818 ], [ 34.807617652490016, 31.203625733112244 ] ] ] } },
{ "type": "Feature", "properties": { "cell_id": 3271, "score_syntax": 39.74, "syntax_closeness_pct": 39.636, "syntax_betweenness_pct": 39.897, "segment_count": 11.0 }, "geometry": { "type": "Polygon", "coordinates": [ [ [ 34.807608240985594, 31.205880483640684 ], [ 34.807598828421909, 31.208135233375479 ], [ 34.804975524670283, 31.208127116007891 ], [ 34.80498499946161, 31.205872366991201 ], [ 34.807608240985594, 31.205880483640684 ] ] ] } },
{ "type": "Feature", "properties": { "cell_id": 3272, "score_syntax": 71.449, "syntax_closeness_pct": 70.154, "syntax_betweenness_pct": 73.39, "segment_count": 1.0 }, "geometry": { "type": "Polygon", "coordinates": [ [ [ 34.807598828421909, 31.208135233375479 ], [ 34.807589414798841, 31.210389982316542 ], [ 34.804966048812588, 31.210381864230825 ], [ 34.804975524670283, 31.208127116007891 ], [ 34.807598828421909, 31.208135233375479 ] ] ] } },
{ "type": "Feature", "properties": { "cell_id": 3273, "score_syntax": 45.407, "syntax_closeness_pct": 40.735, "syntax_betweenness_pct": 52.414, "segment_count": 2.0 }, "geometry": { "type": "Polygon", "coordinates": [ [ [ 34.807589414798841, 31.210389982316542 ], [ 34.807580000116317, 31.212644730463886 ], [ 34.804956571888425, 31.212636611659992 ], [ 34.804966048812588, 31.210381864230825 ], [ 34.807589414798841, 31.210389982316542 ] ] ] } },
{ "type": "Feature", "properties": { "cell_id": 3274, "score_syntax": 23.611, "syntax_closeness_pct": 17.26, "syntax_betweenness_pct": 33.137, "segment_count": 2.0 }, "geometry": { "type": "Polygon", "coordinates": [ [ [ 34.807580000116317, 31.212644730463886 ], [ 34.807570584374218, 31.214899477817458 ], [ 34.804947093897695, 31.214891358295368 ], [ 34.804956571888425, 31.212636611659992 ], [ 34.807580000116317, 31.212644730463886 ] ] ] } },
{ "type": "Feature", "properties": { "cell_id": 3275, "score_syntax": 25.471, "syntax_closeness_pct": 20.36, "syntax_betweenness_pct": 33.137, "segment_count": 3.0 }, "geometry": { "type": "Polygon", "coordinates": [ [ [ 34.807570584374218, 31.214899477817458 ], [ 34.80756116757243, 31.217154224377229 ], [ 34.804937614840298, 31.217146104136905 ], [ 34.804947093897695, 31.214891358295368 ], [ 34.807570584374218, 31.214899477817458 ] ] ] } },
{ "type": "Feature", "properties": { "cell_id": 3277, "score_syntax": 43.6, "syntax_closeness_pct": 41.033, "syntax_betweenness_pct": 47.451, "segment_count": 11.0 }, "geometry": { "type": "Polygon", "coordinates": [ [ [ 34.807551749710868, 31.219408970143164 ], [ 34.807542330789424, 31.221663715115231 ], [ 34.804918653525043, 31.221655593438321 ], [ 34.804928134716114, 31.219400849184556 ], [ 34.807551749710868, 31.219408970143164 ] ] ] } },
{ "type": "Feature", "properties": { "cell_id": 3278, "score_syntax": 27.12, "syntax_closeness_pct": 23.109, "syntax_betweenness_pct": 33.137, "segment_count": 6.0 }, "geometry": { "type": "Polygon", "coordinates": [ [ [ 34.807542330789424, 31.221663715115231 ], [ 34.807532910807979, 31.223918459293394 ], [ 34.804909171266978, 31.223910336898157 ], [ 34.804918653525043, 31.221655593438321 ], [ 34.807542330789424, 31.221663715115231 ] ] ] } },
{ "type": "Feature", "properties": { "cell_id": 3279, "score_syntax": 19.216, "syntax_closeness_pct": 9.936, "syntax_betweenness_pct": 33.137, "segment_count": 1.0 }, "geometry": { "type": "Polygon", "coordinates": [ [ [ 34.807532910807979, 31.223918459293394 ], [ 34.807523489766439, 31.226173202677632 ], [ 34.804899687941834, 31.22616507956403 ], [ 34.804909171266978, 31.223910336898157 ], [ 34.807532910807979, 31.223918459293394 ] ] ] } },
{ "type": "Feature", "properties": { "cell_id": 3280, "score_syntax": 41.783, "syntax_closeness_pct": 43.178, "syntax_betweenness_pct": 39.691, "segment_count": 13.0 }, "geometry": { "type": "Polygon", "coordinates": [ [ [ 34.807523489766439, 31.226173202677632 ], [ 34.807514067664705, 31.228427945267892 ], [ 34.804890203549469, 31.228419821435896 ], [ 34.804899687941834, 31.22616507956403 ], [ 34.807523489766439, 31.226173202677632 ] ] ] } },
{ "type": "Feature", "properties": { "cell_id": 3281, "score_syntax": 45.417, "syntax_closeness_pct": 44.9, "syntax_betweenness_pct": 46.194, "segment_count": 9.0 }, "geometry": { "type": "Polygon", "coordinates": [ [ [ 34.807514067664705, 31.228427945267892 ], [ 34.807504644502664, 31.230682687064164 ], [ 34.804880718089819, 31.23067456251372 ], [ 34.804890203549469, 31.228419821435896 ], [ 34.807514067664705, 31.228427945267892 ] ] ] } },
{ "type": "Feature", "properties": { "cell_id": 3282, "score_syntax": 23.838, "syntax_closeness_pct": 17.639, "syntax_betweenness_pct": 33.137, "segment_count": 2.0 }, "geometry": { "type": "Polygon", "coordinates": [ [ [ 34.807504644502664, 31.230682687064164 ], [ 34.807495220280224, 31.232937428066386 ], [ 34.804871231562757, 31.232929302797483 ], [ 34.804880718089819, 31.23067456251372 ], [ 34.807504644502664, 31.230682687064164 ] ] ] } },
{ "type": "Feature", "properties": { "cell_id": 3283, "score_syntax": 29.357, "syntax_closeness_pct": 26.837, "syntax_betweenness_pct": 33.137, "segment_count": 7.0 }, "geometry": { "type": "Polygon", "coordinates": [ [ [ 34.807495220280224, 31.232937428066386 ], [ 34.807485794997255, 31.235192168274565 ], [ 34.804861743968161, 31.235184042287166 ], [ 34.804871231562757, 31.232929302797483 ], [ 34.807495220280224, 31.232937428066386 ] ] ] } },
{ "type": "Feature", "properties": { "cell_id": 3284, "score_syntax": 31.426, "syntax_closeness_pct": 30.286, "syntax_betweenness_pct": 33.137, "segment_count": 15.0 }, "geometry": { "type": "Polygon", "coordinates": [ [ [ 34.807485794997255, 31.235192168274565 ], [ 34.807476368653674, 31.237446907688646 ], [ 34.804852255305946, 31.237438780982707 ], [ 34.804861743968161, 31.235184042287166 ], [ 34.807485794997255, 31.235192168274565 ] ] ] } },
{ "type": "Feature", "properties": { "cell_id": 3285, "score_syntax": 47.994, "syntax_closeness_pct": 57.899, "syntax_betweenness_pct": 33.137, "segment_count": 2.0 }, "geometry": { "type": "Polygon", "coordinates": [ [ [ 34.807476368653674, 31.237446907688646 ], [ 34.80746694124938, 31.239701646308614 ], [ 34.804842765576026, 31.239693518884099 ], [ 34.804852255305946, 31.237438780982707 ], [ 34.807476368653674, 31.237446907688646 ] ] ] } },
{ "type": "Feature", "properties": { "cell_id": 3286, "score_syntax": 26.235, "syntax_closeness_pct": 21.634, "syntax_betweenness_pct": 33.137, "segment_count": 8.0 }, "geometry": { "type": "Polygon", "coordinates": [ [ [ 34.80746694124938, 31.239701646308614 ], [ 34.807457512784261, 31.241956384134401 ], [ 34.804833274778261, 31.241948255991289 ], [ 34.804842765576026, 31.239693518884099 ], [ 34.80746694124938, 31.239701646308614 ] ] ] } },
{ "type": "Feature", "properties": { "cell_id": 3287, "score_syntax": 46.314, "syntax_closeness_pct": 47.59, "syntax_betweenness_pct": 44.399, "segment_count": 22.0 }, "geometry": { "type": "Polygon", "coordinates": [ [ [ 34.807457512784261, 31.241956384134401 ], [ 34.807448083258201, 31.244211121166003 ], [ 34.804823782912571, 31.24420299230426 ], [ 34.804833274778261, 31.241948255991289 ], [ 34.807457512784261, 31.241956384134401 ] ] ] } },
{ "type": "Feature", "properties": { "cell_id": 3288, "score_syntax": 70.143, "syntax_closeness_pct": 72.667, "syntax_betweenness_pct": 66.357, "segment_count": 45.0 }, "geometry": { "type": "Polygon", "coordinates": [ [ [ 34.807448083258201, 31.244211121166003 ], [ 34.807438652671102, 31.246465857403379 ], [ 34.804814289978836, 31.246457727822975 ], [ 34.804823782912571, 31.24420299230426 ], [ 34.807448083258201, 31.244211121166003 ] ] ] } },
{ "type": "Feature", "properties": { "cell_id": 3289, "score_syntax": 39.094, "syntax_closeness_pct": 43.066, "syntax_betweenness_pct": 33.137, "segment_count": 21.0 }, "geometry": { "type": "Polygon", "coordinates": [ [ [ 34.807438652671102, 31.246465857403379 ], [ 34.807429221022872, 31.24872059284651 ], [ 34.804804795976949, 31.248712462547392 ], [ 34.804814289978836, 31.246457727822975 ], [ 34.807438652671102, 31.246465857403379 ] ] ] } },
{ "type": "Feature", "properties": { "cell_id": 3290, "score_syntax": 40.4, "syntax_closeness_pct": 43.989, "syntax_betweenness_pct": 35.016, "segment_count": 22.0 }, "geometry": { "type": "Polygon", "coordinates": [ [ [ 34.807429221022872, 31.24872059284651 ], [ 34.807419788313403, 31.250975327495333 ], [ 34.804795300906818, 31.25096719647749 ], [ 34.804804795976949, 31.248712462547392 ], [ 34.807429221022872, 31.24872059284651 ] ] ] } },
{ "type": "Feature", "properties": { "cell_id": 3291, "score_syntax": 68.513, "syntax_closeness_pct": 74.364, "syntax_betweenness_pct": 59.737, "segment_count": 20.0 }, "geometry": { "type": "Polygon", "coordinates": [ [ [ 34.807419788313403, 31.250975327495333 ], [ 34.807410354542583, 31.253230061349843 ], [ 34.804785804768329, 31.253221929613225 ], [ 34.804795300906818, 31.25096719647749 ], [ 34.807419788313403, 31.250975327495333 ] ] ] } },
{ "type": "Feature", "properties": { "cell_id": 3292, "score_syntax": 37.693, "syntax_closeness_pct": 36.529, "syntax_betweenness_pct": 39.439, "segment_count": 17.0 }, "geometry": { "type": "Polygon", "coordinates": [ [ [ 34.807410354542583, 31.253230061349843 ], [ 34.807400919710311, 31.255484794410002 ], [ 34.804776307561383, 31.255476661954592 ], [ 34.804785804768329, 31.253221929613225 ], [ 34.807410354542583, 31.253230061349843 ] ] ] } },
{ "type": "Feature", "properties": { "cell_id": 3293, "score_syntax": 44.477, "syntax_closeness_pct": 44.551, "syntax_betweenness_pct": 44.364, "segment_count": 15.0 }, "geometry": { "type": "Polygon", "coordinates": [ [ [ 34.807400919710311, 31.255484794410002 ], [ 34.807391483816495, 31.25773952667577 ], [ 34.804766809285866, 31.257731393501508 ], [ 34.804776307561383, 31.255476661954592 ], [ 34.807400919710311, 31.255484794410002 ] ] ] } },
{ "type": "Feature", "properties": { "cell_id": 3294, "score_syntax": 55.145, "syntax_closeness_pct": 55.19, "syntax_betweenness_pct": 55.077, "segment_count": 27.0 }, "geometry": { "type": "Polygon", "coordinates": [ [ [ 34.807391483816495, 31.25773952667577 ], [ 34.807382046860994, 31.259994258147103 ], [ 34.804757309941685, 31.259986124253988 ], [ 34.804766809285866, 31.257731393501508 ], [ 34.807391483816495, 31.25773952667577 ] ] ] } },
{ "type": "Feature", "properties": { "cell_id": 3295, "score_syntax": 63.787, "syntax_closeness_pct": 64.355, "syntax_betweenness_pct": 62.934, "segment_count": 36.0 }, "geometry": { "type": "Polygon", "coordinates": [ [ [ 34.807382046860994, 31.259994258147103 ], [ 34.80737260884375, 31.262248988824009 ], [ 34.80474780952872, 31.262240854211981 ], [ 34.804757309941685, 31.259986124253988 ], [ 34.807382046860994, 31.259994258147103 ] ] ] } },
{ "type": "Feature", "properties": { "cell_id": 3296, "score_syntax": 53.962, "syntax_closeness_pct": 55.66, "syntax_betweenness_pct": 51.414, "segment_count": 34.0 }, "geometry": { "type": "Polygon", "coordinates": [ [ [ 34.80737260884375, 31.262248988824009 ], [ 34.807363169764621, 31.264503718706433 ], [ 34.804738308046886, 31.264495583375471 ], [ 34.80474780952872, 31.262240854211981 ], [ 34.80737260884375, 31.262248988824009 ] ] ] } },
{ "type": "Feature", "properties": { "cell_id": 3297, "score_syntax": 60.579, "syntax_closeness_pct": 64.646, "syntax_betweenness_pct": 54.48, "segment_count": 3.0 }, "geometry": { "type": "Polygon", "coordinates": [ [ [ 34.807363169764621, 31.264503718706433 ], [ 34.807353729623536, 31.266758447794313 ], [ 34.804728805496048, 31.266750311744389 ], [ 34.804738308046886, 31.264495583375471 ], [ 34.807363169764621, 31.264503718706433 ] ] ] } },
{ "type": "Feature", "properties": { "cell_id": 3298, "score_syntax": 71.99, "syntax_closeness_pct": 72.072, "syntax_betweenness_pct": 71.869, "segment_count": 14.0 }, "geometry": { "type": "Polygon", "coordinates": [ [ [ 34.807353729623536, 31.266758447794313 ], [ 34.807344288420346, 31.269013176087679 ], [ 34.804719301876133, 31.269005039318753 ], [ 34.804728805496048, 31.266750311744389 ], [ 34.807353729623536, 31.266758447794313 ] ] ] } },
{ "type": "Feature", "properties": { "cell_id": 3299, "score_syntax": 45.477, "syntax_closeness_pct": 49.625, "syntax_betweenness_pct": 39.255, "segment_count": 17.0 }, "geometry": { "type": "Polygon", "coordinates": [ [ [ 34.807344288420346, 31.269013176087679 ], [ 34.807334846154987, 31.271267903586441 ], [ 34.804709797187016, 31.271259766098474 ], [ 34.804719301876133, 31.269005039318753 ], [ 34.807344288420346, 31.269013176087679 ] ] ] } },
{ "type": "Feature", "properties": { "cell_id": 3300, "score_syntax": 45.053, "syntax_closeness_pct": 48.436, "syntax_betweenness_pct": 39.978, "segment_count": 13.0 }, "geometry": { "type": "Polygon", "coordinates": [ [ [ 34.807334846154987, 31.271267903586441 ], [ 34.807325402827324, 31.2735226302906 ], [ 34.804700291428595, 31.273514492083574 ], [ 34.804709797187016, 31.271259766098474 ], [ 34.807334846154987, 31.271267903586441 ] ] ] } },
{ "type": "Feature", "properties": { "cell_id": 3301, "score_syntax": 42.19, "syntax_closeness_pct": 41.502, "syntax_betweenness_pct": 43.223, "segment_count": 16.0 }, "geometry": { "type": "Polygon", "coordinates": [ [ [ 34.807325402827324, 31.2735226302906 ], [ 34.807315958437286, 31.275777356200102 ], [ 34.804690784600773, 31.275769217273979 ], [ 34.804700291428595, 31.273514492083574 ], [ 34.807325402827324, 31.2735226302906 ] ] ] } },
{ "type": "Feature", "properties": { "cell_id": 3302, "score_syntax": 37.325, "syntax_closeness_pct": 36.667, "syntax_betweenness_pct": 38.313, "segment_count": 9.0 }, "geometry": { "type": "Polygon", "coordinates": [ [ [ 34.807315958437286, 31.275777356200102 ], [ 34.807306512984752, 31.278032081314944 ], [ 34.804681276703427, 31.278023941669662 ], [ 34.804690784600773, 31.275769217273979 ], [ 34.807315958437286, 31.275777356200102 ] ] ] } },
{ "type": "Feature", "properties": { "cell_id": 3303, "score_syntax": 36.442, "syntax_closeness_pct": 30.706, "syntax_betweenness_pct": 45.046, "segment_count": 13.0 }, "geometry": { "type": "Polygon", "coordinates": [ [ [ 34.807306512984752, 31.278032081314944 ], [ 34.807297066469616, 31.280286805635072 ], [ 34.804671767736465, 31.280278665270618 ], [ 34.804681276703427, 31.278023941669662 ], [ 34.807306512984752, 31.278032081314944 ] ] ] } },
{ "type": "Feature", "properties": { "cell_id": 3304, "score_syntax": 45.063, "syntax_closeness_pct": 44.504, "syntax_betweenness_pct": 45.902, "segment_count": 19.0 }, "geometry": { "type": "Polygon", "coordinates": [ [ [ 34.807297066469616, 31.280286805635072 ], [ 34.807287618891756, 31.282541529160451 ], [ 34.804662257699782, 31.282533388076804 ], [ 34.804671767736465, 31.280278665270618 ], [ 34.807297066469616, 31.280286805635072 ] ] ] } },
{ "type": "Feature", "properties": { "cell_id": 3305, "score_syntax": 36.84, "syntax_closeness_pct": 34.851, "syntax_betweenness_pct": 39.823, "segment_count": 14.0 }, "geometry": { "type": "Polygon", "coordinates": [ [ [ 34.807287618891756, 31.282541529160451 ], [ 34.807278170251109, 31.284796251891059 ], [ 34.80465274659327, 31.284788110088158 ], [ 34.804662257699782, 31.282533388076804 ], [ 34.807287618891756, 31.282541529160451 ] ] ] } },
{ "type": "Feature", "properties": { "cell_id": 3306, "score_syntax": 51.503, "syntax_closeness_pct": 50.845, "syntax_betweenness_pct": 52.489, "segment_count": 31.0 }, "geometry": { "type": "Polygon", "coordinates": [ [ [ 34.807278170251109, 31.284796251891059 ], [ 34.807268720547519, 31.287050973826865 ], [ 34.804643234416822, 31.287042831304696 ], [ 34.80465274659327, 31.284788110088158 ], [ 34.807278170251109, 31.284796251891059 ] ] ] } },
{ "type": "Feature", "properties": { "cell_id": 3307, "score_syntax": 42.935, "syntax_closeness_pct": 43.982, "syntax_betweenness_pct": 41.364, "segment_count": 23.0 }, "geometry": { "type": "Polygon", "coordinates": [ [ [ 34.807268720547519, 31.287050973826865 ], [ 34.807259269780921, 31.289305694967808 ], [ 34.80463372117034, 31.289297551726357 ], [ 34.804643234416822, 31.287042831304696 ], [ 34.807268720547519, 31.287050973826865 ] ] ] } },
{ "type": "Feature", "properties": { "cell_id": 3308, "score_syntax": 35.524, "syntax_closeness_pct": 32.36, "syntax_betweenness_pct": 40.271, "segment_count": 5.0 }, "geometry": { "type": "Polygon", "coordinates": [ [ [ 34.807259269780921, 31.289305694967808 ], [ 34.807249817951195, 31.291560415313889 ], [ 34.804624206853703, 31.291552271353105 ], [ 34.80463372117034, 31.289297551726357 ], [ 34.807259269780921, 31.289305694967808 ] ] ] } },
{ "type": "Feature", "properties": { "cell_id": 3309, "score_syntax": 72.677, "syntax_closeness_pct": 68.511, "syntax_betweenness_pct": 78.925, "segment_count": 4.0 }, "geometry": { "type": "Polygon", "coordinates": [ [ [ 34.807249817951195, 31.291560415313889 ], [ 34.807240365058242, 31.293815134865088 ], [ 34.80461469146681, 31.293806990184912 ], [ 34.804624206853703, 31.291552271353105 ], [ 34.807249817951195, 31.291560415313889 ] ] ] } },
{ "type": "Feature", "properties": { "cell_id": 3310, "score_syntax": 70.251, "syntax_closeness_pct": 68.561, "syntax_betweenness_pct": 72.785, "segment_count": 3.0 }, "geometry": { "type": "Polygon", "coordinates": [ [ [ 34.807240365058242, 31.293815134865088 ], [ 34.807230911101954, 31.296069853621326 ], [ 34.804605175009591, 31.29606170822176 ], [ 34.80461469146681, 31.293806990184912 ], [ 34.807240365058242, 31.293815134865088 ] ] ] } },
{ "type": "Feature", "properties": { "cell_id": 3311, "score_syntax": 70.246, "syntax_closeness_pct": 68.151, "syntax_betweenness_pct": 73.39, "segment_count": 1.0 }, "geometry": { "type": "Polygon", "coordinates": [ [ [ 34.807230911101954, 31.296069853621326 ], [ 34.807221456082225, 31.298324571582597 ], [ 34.804595657481869, 31.298316425463597 ], [ 34.804605175009591, 31.29606170822176 ], [ 34.807230911101954, 31.296069853621326 ] ] ] } },
{ "type": "Feature", "properties": { "cell_id": 3312, "score_syntax": 59.091, "syntax_closeness_pct": 58.714, "syntax_betweenness_pct": 59.655, "segment_count": 3.0 }, "geometry": { "type": "Polygon", "coordinates": [ [ [ 34.807221456082225, 31.298324571582597 ], [ 34.807211999998948, 31.300579288748882 ], [ 34.804586138883607, 31.300571141910396 ], [ 34.804595657481869, 31.298316425463597 ], [ 34.807221456082225, 31.298324571582597 ] ] ] } },
{ "type": "Feature", "properties": { "cell_id": 3350, "score_syntax": 15.254, "syntax_closeness_pct": 3.332, "syntax_betweenness_pct": 33.137, "segment_count": 2.0 }, "geometry": { "type": "Polygon", "coordinates": [ [ [ 34.810250181084022, 31.201379043528817 ], [ 34.8102408328525, 31.203633795564247 ], [ 34.807617652490016, 31.203625733112244 ], [ 34.807627062935296, 31.201370981790134 ], [ 34.810250181084022, 31.201379043528817 ] ] ] } },
{ "type": "Feature", "properties": { "cell_id": 3351, "score_syntax": 45.618, "syntax_closeness_pct": 53.94, "syntax_betweenness_pct": 33.137, "segment_count": 23.0 }, "geometry": { "type": "Polygon", "coordinates": [ [ [ 34.8102408328525, 31.203633795564247 ], [ 34.810231483568835, 31.205888546806047 ], [ 34.807608240985594, 31.205880483640684 ], [ 34.807617652490016, 31.203625733112244 ], [ 34.8102408328525, 31.203633795564247 ] ] ] } },
{ "type": "Feature", "properties": { "cell_id": 3352, "score_syntax": 30.998, "syntax_closeness_pct": 29.572, "syntax_betweenness_pct": 33.137, "segment_count": 6.0 }, "geometry": { "type": "Polygon", "coordinates": [ [ [ 34.810231483568835, 31.205888546806047 ], [ 34.810222133232877, 31.2081432972542 ], [ 34.807598828421909, 31.208135233375479 ], [ 34.807608240985594, 31.205880483640684 ], [ 34.810231483568835, 31.205888546806047 ] ] ] } },
{ "type": "Feature", "properties": { "cell_id": 3353, "score_syntax": 18.877, "syntax_closeness_pct": 9.37, "syntax_betweenness_pct": 33.137, "segment_count": 2.0 }, "geometry": { "type": "Polygon", "coordinates": [ [ [ 34.810222133232877, 31.2081432972542 ], [ 34.810212781844562, 31.210398046908686 ], [ 34.807589414798841, 31.210389982316542 ], [ 34.807598828421909, 31.208135233375479 ], [ 34.810222133232877, 31.2081432972542 ] ] ] } },
{ "type": "Feature", "properties": { "cell_id": 3354, "score_syntax": 70.987, "syntax_closeness_pct": 69.932, "syntax_betweenness_pct": 72.57, "segment_count": 1.0 }, "geometry": { "type": "Polygon", "coordinates": [ [ [ 34.810212781844562, 31.210398046908686 ], [ 34.810203429403771, 31.212652795769479 ], [ 34.807580000116317, 31.212644730463886 ], [ 34.807589414798841, 31.210389982316542 ], [ 34.810212781844562, 31.210398046908686 ] ] ] } },
{ "type": "Feature", "properties": { "cell_id": 3355, "score_syntax": 37.178, "syntax_closeness_pct": 33.55, "syntax_betweenness_pct": 42.62, "segment_count": 13.0 }, "geometry": { "type": "Polygon", "coordinates": [ [ [ 34.810203429403771, 31.212652795769479 ], [ 34.810194075910395, 31.214907543836517 ], [ 34.807570584374218, 31.214899477817458 ], [ 34.807580000116317, 31.212644730463886 ], [ 34.810203429403771, 31.212652795769479 ] ] ] } },
{ "type": "Feature", "properties": { "cell_id": 3356, "score_syntax": 33.996, "syntax_closeness_pct": 33.291, "syntax_betweenness_pct": 35.053, "segment_count": 21.0 }, "geometry": { "type": "Polygon", "coordinates": [ [ [ 34.810194075910395, 31.214907543836517 ], [ 34.810184721364351, 31.217162291109794 ], [ 34.80756116757243, 31.217154224377229 ], [ 34.807570584374218, 31.214899477817458 ], [ 34.810194075910395, 31.214907543836517 ] ] ] } },
{ "type": "Feature", "properties": { "cell_id": 3357, "score_syntax": 41.721, "syntax_closeness_pct": 41.259, "syntax_betweenness_pct": 42.415, "segment_count": 8.0 }, "geometry": { "type": "Polygon", "coordinates": [ [ [ 34.810184721364351, 31.217162291109794 ], [ 34.81017536576551, 31.219417037589267 ], [ 34.807551749710868, 31.219408970143164 ], [ 34.80756116757243, 31.217154224377229 ], [ 34.810184721364351, 31.217162291109794 ] ] ] } },
{ "type": "Feature", "properties": { "cell_id": 3358, "score_syntax": 52.185, "syntax_closeness_pct": 51.097, "syntax_betweenness_pct": 53.817, "segment_count": 14.0 }, "geometry": { "type": "Polygon", "coordinates": [ [ [ 34.81017536576551, 31.219417037589267 ], [ 34.810166009113786, 31.22167178327491 ], [ 34.807542330789424, 31.221663715115231 ], [ 34.807551749710868, 31.219408970143164 ], [ 34.81017536576551, 31.219417037589267 ] ] ] } },
{ "type": "Feature", "properties": { "cell_id": 3359, "score_syntax": 35.091, "syntax_closeness_pct": 33.954, "syntax_betweenness_pct": 36.796, "segment_count": 11.0 }, "geometry": { "type": "Polygon", "coordinates": [ [ [ 34.810166009113786, 31.22167178327491 ], [ 34.810156651409066, 31.223926528166675 ], [ 34.807532910807979, 31.223918459293394 ], [ 34.807542330789424, 31.221663715115231 ], [ 34.810166009113786, 31.22167178327491 ] ] ] } },
{ "type": "Feature", "properties": { "cell_id": 3360, "score_syntax": 60.652, "syntax_closeness_pct": 60.058, "syntax_betweenness_pct": 61.544, "segment_count": 19.0 }, "geometry": { "type": "Polygon", "coordinates": [ [ [ 34.810156651409066, 31.223926528166675 ], [ 34.810147292651244, 31.226181272264551 ], [ 34.807523489766439, 31.226173202677632 ], [ 34.807532910807979, 31.223918459293394 ], [ 34.810156651409066, 31.223926528166675 ] ] ] } },
{ "type": "Feature", "properties": { "cell_id": 3361, "score_syntax": 51.223, "syntax_closeness_pct": 49.708, "syntax_betweenness_pct": 53.497, "segment_count": 11.0 }, "geometry": { "type": "Polygon", "coordinates": [ [ [ 34.810147292651244, 31.226181272264551 ], [ 34.810137932840242, 31.228436015568494 ], [ 34.807514067664705, 31.228427945267892 ], [ 34.807523489766439, 31.226173202677632 ], [ 34.810147292651244, 31.226181272264551 ] ] ] } },
{ "type": "Feature", "properties": { "cell_id": 3362, "score_syntax": 57.339, "syntax_closeness_pct": 53.09, "syntax_betweenness_pct": 63.712, "segment_count": 21.0 }, "geometry": { "type": "Polygon", "coordinates": [ [ [ 34.810137932840242, 31.228436015568494 ], [ 34.810128571975909, 31.230690758078481 ], [ 34.807504644502664, 31.230682687064164 ], [ 34.807514067664705, 31.228427945267892 ], [ 34.810137932840242, 31.228436015568494 ] ] ] } },
{ "type": "Feature", "properties": { "cell_id": 3363, "score_syntax": 52.208, "syntax_closeness_pct": 53.906, "syntax_betweenness_pct": 49.662, "segment_count": 9.0 }, "geometry": { "type": "Polygon", "coordinates": [ [ [ 34.810128571975909, 31.230690758078481 ], [ 34.810119210058197, 31.232945499794443 ], [ 34.807495220280224, 31.232937428066386 ], [ 34.807504644502664, 31.230682687064164 ], [ 34.810128571975909, 31.230690758078481 ] ] ] } },
{ "type": "Feature", "properties": { "cell_id": 3364, "score_syntax": 63.626, "syntax_closeness_pct": 62.82, "syntax_betweenness_pct": 64.835, "segment_count": 12.0 }, "geometry": { "type": "Polygon", "coordinates": [ [ [ 34.810119210058197, 31.232945499794443 ], [ 34.810109847086963, 31.235200240716406 ], [ 34.807485794997255, 31.235192168274565 ], [ 34.807495220280224, 31.232937428066386 ], [ 34.810119210058197, 31.232945499794443 ] ] ] } },
{ "type": "Feature", "properties": { "cell_id": 3365, "score_syntax": 35.036, "syntax_closeness_pct": 30.728, "syntax_betweenness_pct": 41.497, "segment_count": 8.0 }, "geometry": { "type": "Polygon", "coordinates": [ [ [ 34.810109847086963, 31.235200240716406 ], [ 34.810100483062115, 31.237454980844273 ], [ 34.807476368653674, 31.237446907688646 ], [ 34.807485794997255, 31.235192168274565 ], [ 34.810109847086963, 31.235200240716406 ] ] ] } },
{ "type": "Feature", "properties": { "cell_id": 3366, "score_syntax": 42.645, "syntax_closeness_pct": 48.983, "syntax_betweenness_pct": 33.137, "segment_count": 1.0 }, "geometry": { "type": "Polygon", "coordinates": [ [ [ 34.810100483062115, 31.237454980844273 ], [ 34.810091117983553, 31.239709720178084 ], [ 34.80746694124938, 31.239701646308614 ], [ 34.807476368653674, 31.237446907688646 ], [ 34.810100483062115, 31.237454980844273 ] ] ] } },
{ "type": "Feature", "properties": { "cell_id": 3367, "score_syntax": 64.325, "syntax_closeness_pct": 64.906, "syntax_betweenness_pct": 63.455, "segment_count": 3.0 }, "geometry": { "type": "Polygon", "coordinates": [ [ [ 34.810091117983553, 31.239709720178084 ], [ 34.810081751851172, 31.24196445871776 ], [ 34.807457512784261, 31.241956384134401 ], [ 34.80746694124938, 31.239701646308614 ], [ 34.810091117983553, 31.239709720178084 ] ] ] } },
{ "type": "Feature", "properties": { "cell_id": 3368, "score_syntax": 53.392, "syntax_closeness_pct": 51.704, "syntax_betweenness_pct": 55.923, "segment_count": 27.0 }, "geometry": { "type": "Polygon", "coordinates": [ [ [ 34.810081751851172, 31.24196445871776 ], [ 34.810072384664856, 31.244219196463263 ], [ 34.807448083258201, 31.244211121166003 ], [ 34.807457512784261, 31.241956384134401 ], [ 34.810081751851172, 31.24196445871776 ] ] ] } },
{ "type": "Feature", "properties": { "cell_id": 3369, "score_syntax": 46.089, "syntax_closeness_pct": 47.232, "syntax_betweenness_pct": 44.375, "segment_count": 28.0 }, "geometry": { "type": "Polygon", "coordinates": [ [ [ 34.810072384664856, 31.244219196463263 ], [ 34.810063016424508, 31.246473933414578 ], [ 34.807438652671102, 31.246465857403379 ], [ 34.807448083258201, 31.244211121166003 ], [ 34.810072384664856, 31.244219196463263 ] ] ] } },
{ "type": "Feature", "properties": { "cell_id": 3370, "score_syntax": 41.755, "syntax_closeness_pct": 40.862, "syntax_betweenness_pct": 43.095, "segment_count": 4.0 }, "geometry": { "type": "Polygon", "coordinates": [ [ [ 34.810063016424508, 31.246473933414578 ], [ 34.81005364713004, 31.24872866957168 ], [ 34.807429221022872, 31.24872059284651 ], [ 34.807438652671102, 31.246465857403379 ], [ 34.810063016424508, 31.246473933414578 ] ] ] } },
{ "type": "Feature", "properties": { "cell_id": 3371, "score_syntax": 43.744, "syntax_closeness_pct": 40.11, "syntax_betweenness_pct": 49.196, "segment_count": 10.0 }, "geometry": { "type": "Polygon", "coordinates": [ [ [ 34.81005364713004, 31.24872866957168 ], [ 34.81004427678134, 31.250983404934516 ], [ 34.807419788313403, 31.250975327495333 ], [ 34.807429221022872, 31.24872059284651 ], [ 34.81005364713004, 31.24872866957168 ] ] ] } },
{ "type": "Feature", "properties": { "cell_id": 3372, "score_syntax": 47.942, "syntax_closeness_pct": 49.416, "syntax_betweenness_pct": 45.732, "segment_count": 23.0 }, "geometry": { "type": "Polygon", "coordinates": [ [ [ 34.81004427678134, 31.250983404934516 ], [ 34.810034905378295, 31.253238139503061 ], [ 34.807410354542583, 31.253230061349843 ], [ 34.807419788313403, 31.250975327495333 ], [ 34.81004427678134, 31.250983404934516 ] ] ] } },
{ "type": "Feature", "properties": { "cell_id": 3373, "score_syntax": 36.963, "syntax_closeness_pct": 37.278, "syntax_betweenness_pct": 36.492, "segment_count": 13.0 }, "geometry": { "type": "Polygon", "coordinates": [ [ [ 34.810034905378295, 31.253238139503061 ], [ 34.810025532920804, 31.255492873277273 ], [ 34.807400919710311, 31.255484794410002 ], [ 34.807410354542583, 31.253230061349843 ], [ 34.810034905378295, 31.253238139503061 ] ] ] } },
{ "type": "Feature", "properties": { "cell_id": 3374, "score_syntax": 32.351, "syntax_closeness_pct": 26.63, "syntax_betweenness_pct": 40.932, "segment_count": 16.0 }, "geometry": { "type": "Polygon", "coordinates": [ [ [ 34.810025532920804, 31.255492873277273 ], [ 34.810016159408768, 31.257747606257173 ], [ 34.807391483816495, 31.25773952667577 ], [ 34.807400919710311, 31.255484794410002 ], [ 34.810025532920804, 31.255492873277273 ] ] ] } },
{ "type": "Feature", "properties": { "cell_id": 3375, "score_syntax": 37.431, "syntax_closeness_pct": 40.294, "syntax_betweenness_pct": 33.137, "segment_count": 15.0 }, "geometry": { "type": "Polygon", "coordinates": [ [ [ 34.810016159408768, 31.257747606257173 ], [ 34.810006784842081, 31.26000233844265 ], [ 34.807382046860994, 31.259994258147103 ], [ 34.807391483816495, 31.25773952667577 ], [ 34.810016159408768, 31.257747606257173 ] ] ] } },
{ "type": "Feature", "properties": { "cell_id": 3376, "score_syntax": 54.878, "syntax_closeness_pct": 57.43, "syntax_betweenness_pct": 51.05, "segment_count": 43.0 }, "geometry": { "type": "Polygon", "coordinates": [ [ [ 34.810006784842081, 31.26000233844265 ], [ 34.809997409220628, 31.262257069833712 ], [ 34.80737260884375, 31.262248988824009 ], [ 34.807382046860994, 31.259994258147103 ], [ 34.810006784842081, 31.26000233844265 ] ] ] } },
{ "type": "Feature", "properties": { "cell_id": 3377, "score_syntax": 63.085, "syntax_closeness_pct": 61.227, "syntax_betweenness_pct": 65.872, "segment_count": 10.0 }, "geometry": { "type": "Polygon", "coordinates": [ [ [ 34.809997409220628, 31.262257069833712 ], [ 34.809988032544346, 31.264511800430345 ], [ 34.807363169764621, 31.264503718706433 ], [ 34.80737260884375, 31.262248988824009 ], [ 34.809997409220628, 31.262257069833712 ] ] ] } },
{ "type": "Feature", "properties": { "cell_id": 3378, "score_syntax": 42.473, "syntax_closeness_pct": 42.851, "syntax_betweenness_pct": 41.907, "segment_count": 14.0 }, "geometry": { "type": "Polygon", "coordinates": [ [ [ 34.809988032544346, 31.264511800430345 ], [ 34.809978654813065, 31.266766530232466 ], [ 34.807353729623536, 31.266758447794313 ], [ 34.807363169764621, 31.264503718706433 ], [ 34.809988032544346, 31.264511800430345 ] ] ] } },
{ "type": "Feature", "properties": { "cell_id": 3379, "score_syntax": 60.74, "syntax_closeness_pct": 61.758, "syntax_betweenness_pct": 59.213, "segment_count": 46.0 }, "geometry": { "type": "Polygon", "coordinates": [ [ [ 34.809978654813065, 31.266766530232466 ], [ 34.809969276026742, 31.269021259240102 ], [ 34.807344288420346, 31.269013176087679 ], [ 34.807353729623536, 31.266758447794313 ], [ 34.809978654813065, 31.266766530232466 ] ] ] } },
{ "type": "Feature", "properties": { "cell_id": 3380, "score_syntax": 47.18, "syntax_closeness_pct": 49.58, "syntax_betweenness_pct": 43.58, "segment_count": 21.0 }, "geometry": { "type": "Polygon", "coordinates": [ [ [ 34.809969276026742, 31.269021259240102 ], [ 34.809959896185234, 31.271275987453173 ], [ 34.807334846154987, 31.271267903586441 ], [ 34.807344288420346, 31.269013176087679 ], [ 34.809969276026742, 31.269021259240102 ] ] ] } },
{ "type": "Feature", "properties": { "cell_id": 3381, "score_syntax": 37.224, "syntax_closeness_pct": 39.948, "syntax_betweenness_pct": 33.137, "segment_count": 12.0 }, "geometry": { "type": "Polygon", "coordinates": [ [ [ 34.809959896185234, 31.271275987453173 ], [ 34.80995051528847, 31.273530714871665 ], [ 34.807325402827324, 31.2735226302906 ], [ 34.807334846154987, 31.271267903586441 ], [ 34.809959896185234, 31.271275987453173 ] ] ] } },
{ "type": "Feature", "properties": { "cell_id": 3382, "score_syntax": 44.201, "syntax_closeness_pct": 44.216, "syntax_betweenness_pct": 44.178, "segment_count": 14.0 }, "geometry": { "type": "Polygon", "coordinates": [ [ [ 34.80995051528847, 31.273530714871665 ], [ 34.809941133336309, 31.27578544149555 ], [ 34.807315958437286, 31.275777356200102 ], [ 34.807325402827324, 31.2735226302906 ], [ 34.80995051528847, 31.273530714871665 ] ] ] } },
{ "type": "Feature", "properties": { "cell_id": 3383, "score_syntax": 35.245, "syntax_closeness_pct": 31.894, "syntax_betweenness_pct": 40.271, "segment_count": 5.0 }, "geometry": { "type": "Polygon", "coordinates": [ [ [ 34.809941133336309, 31.27578544149555 ], [ 34.809931750328673, 31.278040167324782 ], [ 34.807306512984752, 31.278032081314944 ], [ 34.807315958437286, 31.275777356200102 ], [ 34.809941133336309, 31.27578544149555 ] ] ] } },
{ "type": "Feature", "properties": { "cell_id": 3384, "score_syntax": 16.79, "syntax_closeness_pct": 5.892, "syntax_betweenness_pct": 33.137, "segment_count": 1.0 }, "geometry": { "type": "Polygon", "coordinates": [ [ [ 34.809931750328673, 31.278040167324782 ], [ 34.809922366265454, 31.280294892359354 ], [ 34.807297066469616, 31.280286805635072 ], [ 34.807306512984752, 31.278032081314944 ], [ 34.809931750328673, 31.278040167324782 ] ] ] } },
{ "type": "Feature", "properties": { "cell_id": 3385, "score_syntax": 14.864, "syntax_closeness_pct": 2.681, "syntax_betweenness_pct": 33.137, "segment_count": 2.0 }, "geometry": { "type": "Polygon", "coordinates": [ [ [ 34.809922366265454, 31.280294892359354 ], [ 34.809912981146539, 31.282549616599198 ], [ 34.807287618891756, 31.282541529160451 ], [ 34.807297066469616, 31.280286805635072 ], [ 34.809922366265454, 31.280294892359354 ] ] ] } },
{ "type": "Feature", "properties": { "cell_id": 3386, "score_syntax": 27.724, "syntax_closeness_pct": 24.115, "syntax_betweenness_pct": 33.137, "segment_count": 5.0 }, "geometry": { "type": "Polygon", "coordinates": [ [ [ 34.809912981146539, 31.282549616599198 ], [ 34.80990359497185, 31.28480434004431 ], [ 34.807278170251109, 31.284796251891059 ], [ 34.807287618891756, 31.282541529160451 ], [ 34.809912981146539, 31.282549616599198 ] ] ] } },
{ "type": "Feature", "properties": { "cell_id": 3387, "score_syntax": 46.639, "syntax_closeness_pct": 45.185, "syntax_betweenness_pct": 48.822, "segment_count": 25.0 }, "geometry": { "type": "Polygon", "coordinates": [ [ [ 34.80990359497185, 31.28480434004431 ], [ 34.809894207741245, 31.287059062694649 ], [ 34.807268720547519, 31.287050973826865 ], [ 34.807278170251109, 31.284796251891059 ], [ 34.80990359497185, 31.28480434004431 ] ] ] } },
{ "type": "Feature", "properties": { "cell_id": 3388, "score_syntax": 26.54, "syntax_closeness_pct": 22.142, "syntax_betweenness_pct": 33.137, "segment_count": 8.0 }, "geometry": { "type": "Polygon", "coordinates": [ [ [ 34.809894207741245, 31.287059062694649 ], [ 34.809884819454631, 31.289313784550178 ], [ 34.807259269780921, 31.289305694967808 ], [ 34.807268720547519, 31.287050973826865 ], [ 34.809894207741245, 31.287059062694649 ] ] ] } },
{ "type": "Feature", "properties": { "cell_id": 3389, "score_syntax": 57.326, "syntax_closeness_pct": 48.652, "syntax_betweenness_pct": 70.336, "segment_count": 3.0 }, "geometry": { "type": "Polygon", "coordinates": [ [ [ 34.809884819454631, 31.289313784550178 ], [ 34.80987543011193, 31.291568505610861 ], [ 34.807249817951195, 31.291560415313889 ], [ 34.807259269780921, 31.289305694967808 ], [ 34.809884819454631, 31.289313784550178 ] ] ] } },
{ "type": "Feature", "properties": { "cell_id": 3390, "score_syntax": 72.993, "syntax_closeness_pct": 68.743, "syntax_betweenness_pct": 79.367, "segment_count": 6.0 }, "geometry": { "type": "Polygon", "coordinates": [ [ [ 34.80987543011193, 31.291568505610861 ], [ 34.809866039713015, 31.293823225876686 ], [ 34.807240365058242, 31.293815134865088 ], [ 34.807249817951195, 31.291560415313889 ], [ 34.80987543011193, 31.291568505610861 ] ] ] } },
{ "type": "Feature", "properties": { "cell_id": 3391, "score_syntax": 71.376, "syntax_closeness_pct": 68.605, "syntax_betweenness_pct": 75.532, "segment_count": 4.0 }, "geometry": { "type": "Polygon", "coordinates": [ [ [ 34.809866039713015, 31.293823225876686 ], [ 34.809856648257771, 31.296077945347612 ], [ 34.807230911101954, 31.296069853621326 ], [ 34.807240365058242, 31.293815134865088 ], [ 34.809866039713015, 31.293823225876686 ] ] ] } },
{ "type": "Feature", "properties": { "cell_id": 3392, "score_syntax": 54.754, "syntax_closeness_pct": 52.822, "syntax_betweenness_pct": 57.651, "segment_count": 3.0 }, "geometry": { "type": "Polygon", "coordinates": [ [ [ 34.809856648257771, 31.296077945347612 ], [ 34.809847255746106, 31.298332664023579 ], [ 34.807221456082225, 31.298324571582597 ], [ 34.807230911101954, 31.296069853621326 ], [ 34.809856648257771, 31.296077945347612 ] ] ] } },
{ "type": "Feature", "properties": { "cell_id": 3393, "score_syntax": 36.725, "syntax_closeness_pct": 29.846, "syntax_betweenness_pct": 47.045, "segment_count": 3.0 }, "geometry": { "type": "Polygon", "coordinates": [ [ [ 34.809847255746106, 31.298332664023579 ], [ 34.809837862177936, 31.300587381904599 ], [ 34.807211999998948, 31.300579288748882 ], [ 34.807221456082225, 31.298324571582597 ], [ 34.809847255746106, 31.298332664023579 ] ] ] } },
{ "type": "Feature", "properties": { "cell_id": 3394, "score_syntax": 15.454, "syntax_closeness_pct": 3.666, "syntax_betweenness_pct": 33.137, "segment_count": 1.0 }, "geometry": { "type": "Polygon", "coordinates": [ [ [ 34.809837862177936, 31.300587381904599 ], [ 34.809828467553132, 31.302842098990613 ], [ 34.807202542852025, 31.302834005120129 ], [ 34.807211999998948, 31.300579288748882 ], [ 34.809837862177936, 31.300587381904599 ] ] ] } },
{ "type": "Feature", "properties": { "cell_id": 3431, "score_syntax": 24.586, "syntax_closeness_pct": 18.885, "syntax_betweenness_pct": 33.137, "segment_count": 1.0 }, "geometry": { "type": "Polygon", "coordinates": [ [ [ 34.812873300284814, 31.201387051792764 ], [ 34.812864014267163, 31.203641804536751 ], [ 34.8102408328525, 31.203633795564247 ], [ 34.810250181084022, 31.201379043528817 ], [ 34.812873300284814, 31.201387051792764 ] ] ] } },
{ "type": "Feature", "properties": { "cell_id": 3432, "score_syntax": 29.564, "syntax_closeness_pct": 27.182, "syntax_betweenness_pct": 33.137, "segment_count": 2.0 }, "geometry": { "type": "Polygon", "coordinates": [ [ [ 34.812864014267163, 31.203641804536751 ], [ 34.812854727204332, 31.205896556487172 ], [ 34.810231483568835, 31.205888546806047 ], [ 34.8102408328525, 31.203633795564247 ], [ 34.812864014267163, 31.203641804536751 ] ] ] } },
{ "type": "Feature", "properties": { "cell_id": 3433, "score_syntax": 22.332, "syntax_closeness_pct": 15.129, "syntax_betweenness_pct": 33.137, "segment_count": 4.0 }, "geometry": { "type": "Polygon", "coordinates": [ [ [ 34.812854727204332, 31.205896556487172 ], [ 34.812845439096229, 31.208151307643977 ], [ 34.810222133232877, 31.2081432972542 ], [ 34.810231483568835, 31.205888546806047 ], [ 34.812854727204332, 31.205896556487172 ] ] ] } },
{ "type": "Feature", "properties": { "cell_id": 3434, "score_syntax": 17.774, "syntax_closeness_pct": 7.532, "syntax_betweenness_pct": 33.137, "segment_count": 1.0 }, "geometry": { "type": "Polygon", "coordinates": [ [ [ 34.812845439096229, 31.208151307643977 ], [ 34.812836149942761, 31.210406058007155 ], [ 34.810212781844562, 31.210398046908686 ], [ 34.810222133232877, 31.2081432972542 ], [ 34.812845439096229, 31.208151307643977 ] ] ] } },
{ "type": "Feature", "properties": { "cell_id": 3435, "score_syntax": 17.034, "syntax_closeness_pct": 6.3, "syntax_betweenness_pct": 33.137, "segment_count": 2.0 }, "geometry": { "type": "Polygon", "coordinates": [ [ [ 34.812836149942761, 31.210406058007155 ], [ 34.812826859743808, 31.212660807576665 ], [ 34.810203429403771, 31.212652795769479 ], [ 34.810212781844562, 31.210398046908686 ], [ 34.812836149942761, 31.210406058007155 ] ] ] } },
{ "type": "Feature", "properties": { "cell_id": 3436, "score_syntax": 43.414, "syntax_closeness_pct": 37.064, "syntax_betweenness_pct": 52.939, "segment_count": 7.0 }, "geometry": { "type": "Polygon", "coordinates": [ [ [ 34.812826859743808, 31.212660807576665 ], [ 34.812817568499263, 31.214915556352452 ], [ 34.810194075910395, 31.214907543836517 ], [ 34.810203429403771, 31.212652795769479 ], [ 34.812826859743808, 31.212660807576665 ] ] ] } },
{ "type": "Feature", "properties": { "cell_id": 3437, "score_syntax": 31.024, "syntax_closeness_pct": 25.903, "syntax_betweenness_pct": 38.706, "segment_count": 16.0 }, "geometry": { "type": "Polygon", "coordinates": [ [ [ 34.812817568499263, 31.214915556352452 ], [ 34.81280827620904, 31.217170304334516 ], [ 34.810184721364351, 31.217162291109794 ], [ 34.810194075910395, 31.214907543836517 ], [ 34.812817568499263, 31.214915556352452 ] ] ] } },
{ "type": "Feature", "properties": { "cell_id": 3438, "score_syntax": 39.483, "syntax_closeness_pct": 43.714, "syntax_betweenness_pct": 33.137, "segment_count": 14.0 }, "geometry": { "type": "Polygon", "coordinates": [ [ [ 34.81280827620904, 31.217170304334516 ], [ 34.812798982873041, 31.219425051522812 ], [ 34.81017536576551, 31.219417037589267 ], [ 34.810184721364351, 31.217162291109794 ], [ 34.81280827620904, 31.217170304334516 ] ] ] } },
{ "type": "Feature", "properties": { "cell_id": 3439, "score_syntax": 54.073, "syntax_closeness_pct": 54.538, "syntax_betweenness_pct": 53.376, "segment_count": 14.0 }, "geometry": { "type": "Polygon", "coordinates": [ [ [ 34.812798982873041, 31.219425051522812 ], [ 34.812789688491144, 31.2216797979173 ], [ 34.810166009113786, 31.22167178327491 ], [ 34.81017536576551, 31.219417037589267 ], [ 34.812798982873041, 31.219425051522812 ] ] ] } },
{ "type": "Feature", "properties": { "cell_id": 3440, "score_syntax": 29.505, "syntax_closeness_pct": 27.084, "syntax_betweenness_pct": 33.137, "segment_count": 15.0 }, "geometry": { "type": "Polygon", "coordinates": [ [ [ 34.812789688491144, 31.2216797979173 ], [ 34.812780393063242, 31.223934543517956 ], [ 34.810156651409066, 31.223926528166675 ], [ 34.810166009113786, 31.22167178327491 ], [ 34.812789688491144, 31.2216797979173 ] ] ] } },
{ "type": "Feature", "properties": { "cell_id": 3441, "score_syntax": 35.457, "syntax_closeness_pct": 33.495, "syntax_betweenness_pct": 38.401, "segment_count": 14.0 }, "geometry": { "type": "Polygon", "coordinates": [ [ [ 34.812780393063242, 31.223934543517956 ], [ 34.812771096589259, 31.226189288324743 ], [ 34.810147292651244, 31.226181272264551 ], [ 34.810156651409066, 31.223926528166675 ], [ 34.812780393063242, 31.223934543517956 ] ] ] } },
{ "type": "Feature", "properties": { "cell_id": 3442, "score_syntax": 50.23, "syntax_closeness_pct": 51.937, "syntax_betweenness_pct": 47.668, "segment_count": 21.0 }, "geometry": { "type": "Polygon", "coordinates": [ [ [ 34.812771096589259, 31.226189288324743 ], [ 34.812761799069072, 31.228444032337645 ], [ 34.810137932840242, 31.228436015568494 ], [ 34.810147292651244, 31.226181272264551 ], [ 34.812771096589259, 31.226189288324743 ] ] ] } },
{ "type": "Feature", "properties": { "cell_id": 3443, "score_syntax": 59.835, "syntax_closeness_pct": 55.49, "syntax_betweenness_pct": 66.353, "segment_count": 7.0 }, "geometry": { "type": "Polygon", "coordinates": [ [ [ 34.812761799069072, 31.228444032337645 ], [ 34.812752500502583, 31.23069877555659 ], [ 34.810128571975909, 31.230690758078481 ], [ 34.810137932840242, 31.228436015568494 ], [ 34.812761799069072, 31.228444032337645 ] ] ] } },
{ "type": "Feature", "properties": { "cell_id": 3444, "score_syntax": 39.377, "syntax_closeness_pct": 43.537, "syntax_betweenness_pct": 33.137, "segment_count": 1.0 }, "geometry": { "type": "Polygon", "coordinates": [ [ [ 34.812752500502583, 31.23069877555659 ], [ 34.812743200889692, 31.232953517981574 ], [ 34.810119210058197, 31.232945499794443 ], [ 34.810128571975909, 31.230690758078481 ], [ 34.812752500502583, 31.23069877555659 ] ] ] } },
{ "type": "Feature", "properties": { "cell_id": 3445, "score_syntax": 52.057, "syntax_closeness_pct": 49.284, "syntax_betweenness_pct": 56.217, "segment_count": 2.0 }, "geometry": { "type": "Polygon", "coordinates": [ [ [ 34.812743200889692, 31.232953517981574 ], [ 34.812733900230285, 31.235208259612584 ], [ 34.810109847086963, 31.235200240716406 ], [ 34.810119210058197, 31.232945499794443 ], [ 34.812743200889692, 31.232953517981574 ] ] ] } },
{ "type": "Feature", "properties": { "cell_id": 3447, "score_syntax": 18.154, "syntax_closeness_pct": 8.166, "syntax_betweenness_pct": 33.137, "segment_count": 2.0 }, "geometry": { "type": "Polygon", "coordinates": [ [ [ 34.812724598524277, 31.237463000449544 ], [ 34.812715295771554, 31.239717740492445 ], [ 34.810091117983553, 31.239709720178084 ], [ 34.810100483062115, 31.237454980844273 ], [ 34.812724598524277, 31.237463000449544 ] ] ] } },
{ "type": "Feature", "properties": { "cell_id": 3448, "score_syntax": 62.704, "syntax_closeness_pct": 62.707, "syntax_betweenness_pct": 62.7, "segment_count": 7.0 }, "geometry": { "type": "Polygon", "coordinates": [ [ [ 34.812715295771554, 31.239717740492445 ], [ 34.812705991972017, 31.241972479741275 ], [ 34.810081751851172, 31.24196445871776 ], [ 34.810091117983553, 31.239709720178084 ], [ 34.812715295771554, 31.239717740492445 ] ] ] } },
{ "type": "Feature", "properties": { "cell_id": 3449, "score_syntax": 52.116, "syntax_closeness_pct": 56.312, "syntax_betweenness_pct": 45.821, "segment_count": 49.0 }, "geometry": { "type": "Polygon", "coordinates": [ [ [ 34.812705991972017, 31.241972479741275 ], [ 34.812696687125538, 31.244227218195967 ], [ 34.810072384664856, 31.244219196463263 ], [ 34.810081751851172, 31.24196445871776 ], [ 34.812705991972017, 31.241972479741275 ] ] ] } },
{ "type": "Feature", "properties": { "cell_id": 3450, "score_syntax": 61.291, "syntax_closeness_pct": 63.219, "syntax_betweenness_pct": 58.399, "segment_count": 49.0 }, "geometry": { "type": "Polygon", "coordinates": [ [ [ 34.812696687125538, 31.244227218195967 ], [ 34.81268738123206, 31.246481955856488 ], [ 34.810063016424508, 31.246473933414578 ], [ 34.810072384664856, 31.244219196463263 ], [ 34.812696687125538, 31.244227218195967 ] ] ] } },
{ "type": "Feature", "properties": { "cell_id": 3451, "score_syntax": 37.803, "syntax_closeness_pct": 37.619, "syntax_betweenness_pct": 38.078, "segment_count": 23.0 }, "geometry": { "type": "Polygon", "coordinates": [ [ [ 34.81268738123206, 31.246481955856488 ], [ 34.812678074291448, 31.248736692722836 ], [ 34.81005364713004, 31.24872866957168 ], [ 34.810063016424508, 31.246473933414578 ], [ 34.81268738123206, 31.246481955856488 ] ] ] } },
{ "type": "Feature", "properties": { "cell_id": 3452, "score_syntax": 28.96, "syntax_closeness_pct": 26.175, "syntax_betweenness_pct": 33.137, "segment_count": 6.0 }, "geometry": { "type": "Polygon", "coordinates": [ [ [ 34.812678074291448, 31.248736692722836 ], [ 34.812668766303624, 31.250991428794944 ], [ 34.81004427678134, 31.250983404934516 ], [ 34.81005364713004, 31.24872866957168 ], [ 34.812678074291448, 31.248736692722836 ] ] ] } },
{ "type": "Feature", "properties": { "cell_id": 3453, "score_syntax": 26.709, "syntax_closeness_pct": 22.424, "syntax_betweenness_pct": 33.137, "segment_count": 5.0 }, "geometry": { "type": "Polygon", "coordinates": [ [ [ 34.812668766303624, 31.250991428794944 ], [ 34.812659457268452, 31.253246164072795 ], [ 34.810034905378295, 31.253238139503061 ], [ 34.81004427678134, 31.250983404934516 ], [ 34.812668766303624, 31.250991428794944 ] ] ] } },
{ "type": "Feature", "properties": { "cell_id": 3454, "score_syntax": 30.146, "syntax_closeness_pct": 28.152, "syntax_betweenness_pct": 33.137, "segment_count": 15.0 }, "geometry": { "type": "Polygon", "coordinates": [ [ [ 34.812659457268452, 31.253246164072795 ], [ 34.812650147185842, 31.255500898556374 ], [ 34.810025532920804, 31.255492873277273 ], [ 34.810034905378295, 31.253238139503061 ], [ 34.812659457268452, 31.253246164072795 ] ] ] } },
{ "type": "Feature", "properties": { "cell_id": 3455, "score_syntax": 74.473, "syntax_closeness_pct": 74.378, "syntax_betweenness_pct": 74.614, "segment_count": 29.0 }, "geometry": { "type": "Polygon", "coordinates": [ [ [ 34.812650147185842, 31.255500898556374 ], [ 34.812640836055699, 31.257755632245619 ], [ 34.810016159408768, 31.257747606257173 ], [ 34.810025532920804, 31.255492873277273 ], [ 34.812650147185842, 31.255500898556374 ] ] ] } },
{ "type": "Feature", "properties": { "cell_id": 3456, "score_syntax": 48.464, "syntax_closeness_pct": 44.601, "syntax_betweenness_pct": 54.26, "segment_count": 20.0 }, "geometry": { "type": "Polygon", "coordinates": [ [ [ 34.812640836055699, 31.257755632245619 ], [ 34.812631523877926, 31.260010365140523 ], [ 34.810006784842081, 31.26000233844265 ], [ 34.810016159408768, 31.257747606257173 ], [ 34.812640836055699, 31.257755632245619 ] ] ] } },
{ "type": "Feature", "properties": { "cell_id": 3457, "score_syntax": 30.147, "syntax_closeness_pct": 28.154, "syntax_betweenness_pct": 33.137, "segment_count": 14.0 }, "geometry": { "type": "Polygon", "coordinates": [ [ [ 34.812631523877926, 31.260010365140523 ], [ 34.812622210652385, 31.262265097241027 ], [ 34.809997409220628, 31.262257069833712 ], [ 34.810006784842081, 31.26000233844265 ], [ 34.812631523877926, 31.260010365140523 ] ] ] } },
{ "type": "Feature", "properties": { "cell_id": 3458, "score_syntax": 66.035, "syntax_closeness_pct": 68.148, "syntax_betweenness_pct": 62.867, "segment_count": 34.0 }, "geometry": { "type": "Polygon", "coordinates": [ [ [ 34.812622210652385, 31.262265097241027 ], [ 34.812612896379015, 31.264519828547122 ], [ 34.809988032544346, 31.264511800430345 ], [ 34.809997409220628, 31.262257069833712 ], [ 34.812622210652385, 31.262265097241027 ] ] ] } },
{ "type": "Feature", "properties": { "cell_id": 3459, "score_syntax": 60.906, "syntax_closeness_pct": 62.835, "syntax_betweenness_pct": 58.012, "segment_count": 11.0 }, "geometry": { "type": "Polygon", "coordinates": [ [ [ 34.812612896379015, 31.264519828547122 ], [ 34.812603581057687, 31.266774559058767 ], [ 34.809978654813065, 31.266766530232466 ], [ 34.809988032544346, 31.264511800430345 ], [ 34.812612896379015, 31.264519828547122 ] ] ] } },
{ "type": "Feature", "properties": { "cell_id": 3460, "score_syntax": 37.917, "syntax_closeness_pct": 33.601, "syntax_betweenness_pct": 44.391, "segment_count": 8.0 }, "geometry": { "type": "Polygon", "coordinates": [ [ [ 34.812603581057687, 31.266774559058767 ], [ 34.8125942646883, 31.269029288775929 ], [ 34.809969276026742, 31.269021259240102 ], [ 34.809978654813065, 31.266766530232466 ], [ 34.812603581057687, 31.266774559058767 ] ] ] } },
{ "type": "Feature", "properties": { "cell_id": 3461, "score_syntax": 74.825, "syntax_closeness_pct": 70.653, "syntax_betweenness_pct": 81.083, "segment_count": 10.0 }, "geometry": { "type": "Polygon", "coordinates": [ [ [ 34.8125942646883, 31.269029288775929 ], [ 34.812584947270786, 31.27128401769858 ], [ 34.809959896185234, 31.271275987453173 ], [ 34.809969276026742, 31.269021259240102 ], [ 34.8125942646883, 31.269029288775929 ] ] ] } },
{ "type": "Feature", "properties": { "cell_id": 3462, "score_syntax": 66.077, "syntax_closeness_pct": 62.702, "syntax_betweenness_pct": 71.139, "segment_count": 19.0 }, "geometry": { "type": "Polygon", "coordinates": [ [ [ 34.812584947270786, 31.27128401769858 ], [ 34.812575628804971, 31.273538745826684 ], [ 34.80995051528847, 31.273530714871665 ], [ 34.809959896185234, 31.271275987453173 ], [ 34.812584947270786, 31.27128401769858 ] ] ] } },
{ "type": "Feature", "properties": { "cell_id": 3463, "score_syntax": 40.359, "syntax_closeness_pct": 36.926, "syntax_betweenness_pct": 45.507, "segment_count": 6.0 }, "geometry": { "type": "Polygon", "coordinates": [ [ [ 34.812575628804971, 31.273538745826684 ], [ 34.812566309290816, 31.275793473160206 ], [ 34.809941133336309, 31.27578544149555 ], [ 34.80995051528847, 31.273530714871665 ], [ 34.812575628804971, 31.273538745826684 ] ] ] } },
{ "type": "Feature", "properties": { "cell_id": 3464, "score_syntax": 75.353, "syntax_closeness_pct": 77.033, "syntax_betweenness_pct": 72.833, "segment_count": 1.0 }, "geometry": { "type": "Polygon", "coordinates": [ [ [ 34.812566309290816, 31.275793473160206 ], [ 34.812556988728183, 31.278048199699107 ], [ 34.809931750328673, 31.278040167324782 ], [ 34.809941133336309, 31.27578544149555 ], [ 34.812566309290816, 31.275793473160206 ] ] ] } },
{ "type": "Feature", "properties": { "cell_id": 3465, "score_syntax": 16.959, "syntax_closeness_pct": 6.174, "syntax_betweenness_pct": 33.137, "segment_count": 4.0 }, "geometry": { "type": "Polygon", "coordinates": [ [ [ 34.812556988728183, 31.278048199699107 ], [ 34.812547667116995, 31.28030292544338 ], [ 34.809922366265454, 31.280294892359354 ], [ 34.809931750328673, 31.278040167324782 ], [ 34.812556988728183, 31.278048199699107 ] ] ] } },
{ "type": "Feature", "properties": { "cell_id": 3466, "score_syntax": 15.514, "syntax_closeness_pct": 3.766, "syntax_betweenness_pct": 33.137, "segment_count": 3.0 }, "geometry": { "type": "Polygon", "coordinates": [ [ [ 34.812547667116995, 31.28030292544338 ], [ 34.812538344457117, 31.282557650392977 ], [ 34.809912981146539, 31.282549616599198 ], [ 34.809922366265454, 31.280294892359354 ], [ 34.812547667116995, 31.28030292544338 ] ] ] } },
{ "type": "Feature", "properties": { "cell_id": 3467, "score_syntax": 74.831, "syntax_closeness_pct": 70.696, "syntax_betweenness_pct": 81.033, "segment_count": 4.0 }, "geometry": { "type": "Polygon", "coordinates": [ [ [ 34.812538344457117, 31.282557650392977 ], [ 34.812529020748492, 31.284812374547872 ], [ 34.80990359497185, 31.28480434004431 ], [ 34.809912981146539, 31.282549616599198 ], [ 34.812538344457117, 31.282557650392977 ] ] ] } },
{ "type": "Feature", "properties": { "cell_id": 3468, "score_syntax": 78.409, "syntax_closeness_pct": 69.828, "syntax_betweenness_pct": 91.281, "segment_count": 1.0 }, "geometry": { "type": "Polygon", "coordinates": [ [ [ 34.812529020748492, 31.284812374547872 ], [ 34.812519695990964, 31.287067097908 ], [ 34.809894207741245, 31.287059062694649 ], [ 34.80990359497185, 31.28480434004431 ], [ 34.812529020748492, 31.284812374547872 ] ] ] } },
{ "type": "Feature", "properties": { "cell_id": 3469, "score_syntax": 78.986, "syntax_closeness_pct": 69.583, "syntax_betweenness_pct": 93.091, "segment_count": 3.0 }, "geometry": { "type": "Polygon", "coordinates": [ [ [ 34.812519695990964, 31.287067097908 ], [ 34.812510370184448, 31.289321820473365 ], [ 34.809884819454631, 31.289313784550178 ], [ 34.809894207741245, 31.287059062694649 ], [ 34.812519695990964, 31.287067097908 ] ] ] } },
{ "type": "Feature", "properties": { "cell_id": 3470, "score_syntax": 68.526, "syntax_closeness_pct": 59.61, "syntax_betweenness_pct": 81.901, "segment_count": 6.0 }, "geometry": { "type": "Polygon", "coordinates": [ [ [ 34.812510370184448, 31.289321820473365 ], [ 34.812501043328865, 31.291576542243931 ], [ 34.80987543011193, 31.291568505610861 ], [ 34.809884819454631, 31.289313784550178 ], [ 34.812510370184448, 31.289321820473365 ] ] ] } },
{ "type": "Feature", "properties": { "cell_id": 3471, "score_syntax": 16.411, "syntax_closeness_pct": 5.261, "syntax_betweenness_pct": 33.137, "segment_count": 1.0 }, "geometry": { "type": "Polygon", "coordinates": [ [ [ 34.812501043328865, 31.291576542243931 ], [ 34.812491715424073, 31.293831263219662 ], [ 34.809866039713015, 31.293823225876686 ], [ 34.80987543011193, 31.291568505610861 ], [ 34.812501043328865, 31.291576542243931 ] ] ] } },
{ "type": "Feature", "properties": { "cell_id": 3473, "score_syntax": 21.324, "syntax_closeness_pct": 13.45, "syntax_betweenness_pct": 33.137, "segment_count": 2.0 }, "geometry": { "type": "Polygon", "coordinates": [ [ [ 34.812482386470002, 31.296085983400513 ], [ 34.81247305646653, 31.298340702786469 ], [ 34.809847255746106, 31.298332664023579 ], [ 34.809856648257771, 31.296077945347612 ], [ 34.812482386470002, 31.296085983400513 ] ] ] } },
{ "type": "Feature", "properties": { "cell_id": 3474, "score_syntax": 15.432, "syntax_closeness_pct": 3.629, "syntax_betweenness_pct": 33.137, "segment_count": 2.0 }, "geometry": { "type": "Polygon", "coordinates": [ [ [ 34.81247305646653, 31.298340702786469 ], [ 34.812463725413565, 31.300595421377484 ], [ 34.809837862177936, 31.300587381904599 ], [ 34.809847255746106, 31.298332664023579 ], [ 34.81247305646653, 31.298340702786469 ] ] ] } },
{ "type": "Feature", "properties": { "cell_id": 3512, "score_syntax": 68.36, "syntax_closeness_pct": 68.399, "syntax_betweenness_pct": 68.303, "segment_count": 2.0 }, "geometry": { "type": "Polygon", "coordinates": [ [ [ 34.815496420530664, 31.201395006581841 ], [ 34.815487196726984, 31.203649760029691 ], [ 34.812864014267163, 31.203641804536751 ], [ 34.812873300284814, 31.201387051792764 ], [ 34.815496420530664, 31.201395006581841 ] ] ] } },
{ "type": "Feature", "properties": { "cell_id": 3513, "score_syntax": 21.879, "syntax_closeness_pct": 14.374, "syntax_betweenness_pct": 33.137, "segment_count": 1.0 }, "geometry": { "type": "Polygon", "coordinates": [ [ [ 34.815487196726984, 31.203649760029691 ], [ 34.815477971885116, 31.205904512684022 ], [ 34.812854727204332, 31.205896556487172 ], [ 34.812864014267163, 31.203641804536751 ], [ 34.815487196726984, 31.203649760029691 ] ] ] } },
{ "type": "Feature", "properties": { "cell_id": 3514, "score_syntax": 57.819, "syntax_closeness_pct": 61.88, "syntax_betweenness_pct": 51.727, "segment_count": 2.0 }, "geometry": { "type": "Polygon", "coordinates": [ [ [ 34.815477971885116, 31.205904512684022 ], [ 34.81546874600496, 31.208159264544758 ], [ 34.812845439096229, 31.208151307643977 ], [ 34.812854727204332, 31.205896556487172 ], [ 34.815477971885116, 31.205904512684022 ] ] ] } },
{ "type": "Feature", "properties": { "cell_id": 3515, "score_syntax": 19.827, "syntax_closeness_pct": 10.954, "syntax_betweenness_pct": 33.137, "segment_count": 3.0 }, "geometry": { "type": "Polygon", "coordinates": [ [ [ 34.81546874600496, 31.208159264544758 ], [ 34.815459519086431, 31.210414015611875 ], [ 34.812836149942761, 31.210406058007155 ], [ 34.812845439096229, 31.208151307643977 ], [ 34.81546874600496, 31.208159264544758 ] ] ] } },
{ "type": "Feature", "properties": { "cell_id": 3516, "score_syntax": 52.316, "syntax_closeness_pct": 48.058, "syntax_betweenness_pct": 58.703, "segment_count": 3.0 }, "geometry": { "type": "Polygon", "coordinates": [ [ [ 34.815459519086431, 31.210414015611875 ], [ 34.815450291129423, 31.212668765885379 ], [ 34.812826859743808, 31.212660807576665 ], [ 34.812836149942761, 31.210406058007155 ], [ 34.815459519086431, 31.210414015611875 ] ] ] } },
{ "type": "Feature", "properties": { "cell_id": 3517, "score_syntax": 37.511, "syntax_closeness_pct": 36.95, "syntax_betweenness_pct": 38.352, "segment_count": 8.0 }, "geometry": { "type": "Polygon", "coordinates": [ [ [ 34.815450291129423, 31.212668765885379 ], [ 34.815441062133829, 31.214923515365211 ], [ 34.812817568499263, 31.214915556352452 ], [ 34.812826859743808, 31.212660807576665 ], [ 34.815450291129423, 31.212668765885379 ] ] ] } },
{ "type": "Feature", "properties": { "cell_id": 3518, "score_syntax": 35.309, "syntax_closeness_pct": 36.757, "syntax_betweenness_pct": 33.137, "segment_count": 13.0 }, "geometry": { "type": "Polygon", "coordinates": [ [ [ 34.815441062133829, 31.214923515365211 ], [ 34.815431832099534, 31.217178264051306 ], [ 34.81280827620904, 31.217170304334516 ], [ 34.812817568499263, 31.214915556352452 ], [ 34.815441062133829, 31.214923515365211 ] ] ] } },
{ "type": "Feature", "properties": { "cell_id": 3519, "score_syntax": 33.366, "syntax_closeness_pct": 33.519, "syntax_betweenness_pct": 33.137, "segment_count": 2.0 }, "geometry": { "type": "Polygon", "coordinates": [ [ [ 34.815431832099534, 31.217178264051306 ], [ 34.815422601026455, 31.219433011943703 ], [ 34.812798982873041, 31.219425051522812 ], [ 34.81280827620904, 31.217170304334516 ], [ 34.815431832099534, 31.217178264051306 ] ] ] } },
{ "type": "Feature", "properties": { "cell_id": 3520, "score_syntax": 34.006, "syntax_closeness_pct": 30.551, "syntax_betweenness_pct": 39.19, "segment_count": 6.0 }, "geometry": { "type": "Polygon", "coordinates": [ [ [ 34.815422601026455, 31.219433011943703 ], [ 34.815413368914491, 31.221687759042322 ], [ 34.812789688491144, 31.2216797979173 ], [ 34.812798982873041, 31.219425051522812 ], [ 34.815422601026455, 31.219433011943703 ] ] ] } },
{ "type": "Feature", "properties": { "cell_id": 3521, "score_syntax": 50.124, "syntax_closeness_pct": 46.442, "syntax_betweenness_pct": 55.648, "segment_count": 4.0 }, "geometry": { "type": "Polygon", "coordinates": [ [ [ 34.815413368914491, 31.221687759042322 ], [ 34.815404135763536, 31.223942505347139 ], [ 34.812780393063242, 31.223934543517956 ], [ 34.812789688491144, 31.2216797979173 ], [ 34.815413368914491, 31.221687759042322 ] ] ] } },
{ "type": "Feature", "properties": { "cell_id": 3522, "score_syntax": 59.655, "syntax_closeness_pct": 57.615, "syntax_betweenness_pct": 62.715, "segment_count": 15.0 }, "geometry": { "type": "Polygon", "coordinates": [ [ [ 34.815404135763536, 31.223942505347139 ], [ 34.815394901573477, 31.226197250858107 ], [ 34.812771096589259, 31.226189288324743 ], [ 34.812780393063242, 31.223934543517956 ], [ 34.815404135763536, 31.223942505347139 ] ] ] } },
{ "type": "Feature", "properties": { "cell_id": 3523, "score_syntax": 68.473, "syntax_closeness_pct": 66.999, "syntax_betweenness_pct": 70.684, "segment_count": 22.0 }, "geometry": { "type": "Polygon", "coordinates": [ [ [ 34.815394901573477, 31.226197250858107 ], [ 34.815385666344206, 31.22845199557522 ], [ 34.812761799069072, 31.228444032337645 ], [ 34.812771096589259, 31.226189288324743 ], [ 34.815394901573477, 31.226197250858107 ] ] ] } },
{ "type": "Feature", "properties": { "cell_id": 3524, "score_syntax": 73.398, "syntax_closeness_pct": 66.639, "syntax_betweenness_pct": 83.537, "segment_count": 11.0 }, "geometry": { "type": "Polygon", "coordinates": [ [ [ 34.815385666344206, 31.22845199557522 ], [ 34.815376430075652, 31.23070673949843 ], [ 34.812752500502583, 31.23069877555659 ], [ 34.812761799069072, 31.228444032337645 ], [ 34.815385666344206, 31.22845199557522 ] ] ] } },
{ "type": "Feature", "properties": { "cell_id": 3525, "score_syntax": 66.32, "syntax_closeness_pct": 62.944, "syntax_betweenness_pct": 71.382, "segment_count": 8.0 }, "geometry": { "type": "Polygon", "coordinates": [ [ [ 34.815376430075652, 31.23070673949843 ], [ 34.815367192767688, 31.232961482627712 ], [ 34.812743200889692, 31.232953517981574 ], [ 34.812752500502583, 31.23069877555659 ], [ 34.815376430075652, 31.23070673949843 ] ] ] } },
{ "type": "Feature", "properties": { "cell_id": 3526, "score_syntax": 49.163, "syntax_closeness_pct": 45.359, "syntax_betweenness_pct": 54.868, "segment_count": 12.0 }, "geometry": { "type": "Polygon", "coordinates": [ [ [ 34.815367192767688, 31.232961482627712 ], [ 34.815357954420222, 31.235216224963022 ], [ 34.812733900230285, 31.235208259612584 ], [ 34.812743200889692, 31.232953517981574 ], [ 34.815367192767688, 31.232961482627712 ] ] ] } },
{ "type": "Feature", "properties": { "cell_id": 3527, "score_syntax": 17.167, "syntax_closeness_pct": 6.52, "syntax_betweenness_pct": 33.137, "segment_count": 3.0 }, "geometry": { "type": "Polygon", "coordinates": [ [ [ 34.815357954420222, 31.235216224963022 ], [ 34.815348715033153, 31.237470966504343 ], [ 34.812724598524277, 31.237463000449544 ], [ 34.812733900230285, 31.235208259612584 ], [ 34.815357954420222, 31.235216224963022 ] ] ] } },
{ "type": "Feature", "properties": { "cell_id": 3528, "score_syntax": 19.065, "syntax_closeness_pct": 9.684, "syntax_betweenness_pct": 33.137, "segment_count": 1.0 }, "geometry": { "type": "Polygon", "coordinates": [ [ [ 34.815348715033153, 31.237470966504343 ], [ 34.815339474606368, 31.23972570725164 ], [ 34.812715295771554, 31.239717740492445 ], [ 34.812724598524277, 31.237463000449544 ], [ 34.815348715033153, 31.237470966504343 ] ] ] } },
{ "type": "Feature", "properties": { "cell_id": 3529, "score_syntax": 30.428, "syntax_closeness_pct": 28.622, "syntax_betweenness_pct": 33.137, "segment_count": 5.0 }, "geometry": { "type": "Polygon", "coordinates": [ [ [ 34.815339474606368, 31.23972570725164 ], [ 34.815330233139761, 31.241980447204877 ], [ 34.812705991972017, 31.241972479741275 ], [ 34.812715295771554, 31.239717740492445 ], [ 34.815339474606368, 31.23972570725164 ] ] ] } },
{ "type": "Feature", "properties": { "cell_id": 3530, "score_syntax": 54.385, "syntax_closeness_pct": 60.58, "syntax_betweenness_pct": 45.091, "segment_count": 20.0 }, "geometry": { "type": "Polygon", "coordinates": [ [ [ 34.815330233139761, 31.241980447204877 ], [ 34.815320990633253, 31.244235186364008 ], [ 34.812696687125538, 31.244227218195967 ], [ 34.812705991972017, 31.241972479741275 ], [ 34.815330233139761, 31.241980447204877 ] ] ] } },
{ "type": "Feature", "properties": { "cell_id": 3531, "score_syntax": 40.888, "syntax_closeness_pct": 46.055, "syntax_betweenness_pct": 33.137, "segment_count": 16.0 }, "geometry": { "type": "Polygon", "coordinates": [ [ [ 34.815320990633253, 31.244235186364008 ], [ 34.815311747086731, 31.24648992472903 ], [ 34.81268738123206, 31.246481955856488 ], [ 34.812696687125538, 31.244227218195967 ], [ 34.815320990633253, 31.244235186364008 ] ] ] } },
{ "type": "Feature", "properties": { "cell_id": 3532, "score_syntax": 37.953, "syntax_closeness_pct": 32.892, "syntax_betweenness_pct": 45.546, "segment_count": 10.0 }, "geometry": { "type": "Polygon", "coordinates": [ [ [ 34.815311747086731, 31.24648992472903 ], [ 34.815302502500089, 31.248744662299888 ], [ 34.812678074291448, 31.248736692722836 ], [ 34.81268738123206, 31.246481955856488 ], [ 34.815311747086731, 31.24648992472903 ] ] ] } },
{ "type": "Feature", "properties": { "cell_id": 3533, "score_syntax": 37.241, "syntax_closeness_pct": 30.704, "syntax_betweenness_pct": 47.045, "segment_count": 3.0 }, "geometry": { "type": "Polygon", "coordinates": [ [ [ 34.815302502500089, 31.248744662299888 ], [ 34.815293256873211, 31.250999399076544 ], [ 34.812668766303624, 31.250991428794944 ], [ 34.812678074291448, 31.248736692722836 ], [ 34.815302502500089, 31.248744662299888 ] ] ] } },
{ "type": "Feature", "properties": { "cell_id": 3534, "score_syntax": 52.117, "syntax_closeness_pct": 50.749, "syntax_betweenness_pct": 54.169, "segment_count": 16.0 }, "geometry": { "type": "Polygon", "coordinates": [ [ [ 34.815293256873211, 31.250999399076544 ], [ 34.815284010206021, 31.253254135058967 ], [ 34.812659457268452, 31.253246164072795 ], [ 34.812668766303624, 31.250991428794944 ], [ 34.815293256873211, 31.250999399076544 ] ] ] } },
{ "type": "Feature", "properties": { "cell_id": 3535, "score_syntax": 68.469, "syntax_closeness_pct": 65.285, "syntax_betweenness_pct": 73.246, "segment_count": 27.0 }, "geometry": { "type": "Polygon", "coordinates": [ [ [ 34.815284010206021, 31.253254135058967 ], [ 34.815274762498412, 31.255508870247159 ], [ 34.812650147185842, 31.255500898556374 ], [ 34.812659457268452, 31.253246164072795 ], [ 34.815284010206021, 31.253254135058967 ] ] ] } },
{ "type": "Feature", "properties": { "cell_id": 3536, "score_syntax": 43.703, "syntax_closeness_pct": 44.654, "syntax_betweenness_pct": 42.276, "segment_count": 19.0 }, "geometry": { "type": "Polygon", "coordinates": [ [ [ 34.815274762498412, 31.255508870247159 ], [ 34.815265513750276, 31.257763604641077 ], [ 34.812640836055699, 31.257755632245619 ], [ 34.812650147185842, 31.255500898556374 ], [ 34.815274762498412, 31.255508870247159 ] ] ] } },
{ "type": "Feature", "properties": { "cell_id": 3537, "score_syntax": 22.666, "syntax_closeness_pct": 15.686, "syntax_betweenness_pct": 33.137, "segment_count": 5.0 }, "geometry": { "type": "Polygon", "coordinates": [ [ [ 34.815265513750276, 31.257763604641077 ], [ 34.815256263961487, 31.260018338240634 ], [ 34.812631523877926, 31.260010365140523 ], [ 34.812640836055699, 31.257755632245619 ], [ 34.815265513750276, 31.257763604641077 ] ] ] } },
{ "type": "Feature", "properties": { "cell_id": 3538, "score_syntax": 51.067, "syntax_closeness_pct": 50.2, "syntax_betweenness_pct": 52.368, "segment_count": 6.0 }, "geometry": { "type": "Polygon", "coordinates": [ [ [ 34.815256263961487, 31.260018338240634 ], [ 34.81524701313198, 31.262273071045875 ], [ 34.812622210652385, 31.262265097241027 ], [ 34.812631523877926, 31.260010365140523 ], [ 34.815256263961487, 31.260018338240634 ] ] ] } },
{ "type": "Feature", "properties": { "cell_id": 3539, "score_syntax": 52.339, "syntax_closeness_pct": 56.167, "syntax_betweenness_pct": 46.598, "segment_count": 37.0 }, "geometry": { "type": "Polygon", "coordinates": [ [ [ 34.81524701313198, 31.262273071045875 ], [ 34.815237761261628, 31.264527803056716 ], [ 34.812612896379015, 31.264519828547122 ], [ 34.812622210652385, 31.262265097241027 ], [ 34.81524701313198, 31.262273071045875 ] ] ] } },
{ "type": "Feature", "properties": { "cell_id": 3540, "score_syntax": 47.062, "syntax_closeness_pct": 52.942, "syntax_betweenness_pct": 38.242, "segment_count": 40.0 }, "geometry": { "type": "Polygon", "coordinates": [ [ [ 34.815237761261628, 31.264527803056716 ], [ 34.815228508350351, 31.26678253427313 ], [ 34.812603581057687, 31.266774559058767 ], [ 34.812612896379015, 31.264519828547122 ], [ 34.815237761261628, 31.264527803056716 ] ] ] } },
{ "type": "Feature", "properties": { "cell_id": 3541, "score_syntax": 65.325, "syntax_closeness_pct": 65.89, "syntax_betweenness_pct": 64.479, "segment_count": 17.0 }, "geometry": { "type": "Polygon", "coordinates": [ [ [ 34.815228508350351, 31.26678253427313 ], [ 34.815219254398023, 31.269037264695115 ], [ 34.8125942646883, 31.269029288775929 ], [ 34.812603581057687, 31.266774559058767 ], [ 34.815228508350351, 31.26678253427313 ] ] ] } },
{ "type": "Feature", "properties": { "cell_id": 3542, "score_syntax": 34.361, "syntax_closeness_pct": 33.111, "syntax_betweenness_pct": 36.235, "segment_count": 12.0 }, "geometry": { "type": "Polygon", "coordinates": [ [ [ 34.815219254398023, 31.269037264695115 ], [ 34.815209999404566, 31.271291994322603 ], [ 34.812584947270786, 31.27128401769858 ], [ 34.8125942646883, 31.269029288775929 ], [ 34.815219254398023, 31.269037264695115 ] ] ] } },
{ "type": "Feature", "properties": { "cell_id": 3543, "score_syntax": 45.685, "syntax_closeness_pct": 46.73, "syntax_betweenness_pct": 44.118, "segment_count": 11.0 }, "geometry": { "type": "Polygon", "coordinates": [ [ [ 34.815209999404566, 31.271291994322603 ], [ 34.81520074336985, 31.273546723155583 ], [ 34.812575628804971, 31.273538745826684 ], [ 34.812584947270786, 31.27128401769858 ], [ 34.815209999404566, 31.271291994322603 ] ] ] } },
{ "type": "Feature", "properties": { "cell_id": 3544, "score_syntax": 74.407, "syntax_closeness_pct": 72.797, "syntax_betweenness_pct": 76.822, "segment_count": 15.0 }, "geometry": { "type": "Polygon", "coordinates": [ [ [ 34.81520074336985, 31.273546723155583 ], [ 34.815191486293791, 31.27580145119401 ], [ 34.812566309290816, 31.275793473160206 ], [ 34.812575628804971, 31.273538745826684 ], [ 34.81520074336985, 31.273546723155583 ] ] ] } },
{ "type": "Feature", "properties": { "cell_id": 3545, "score_syntax": 15.151, "syntax_closeness_pct": 3.161, "syntax_betweenness_pct": 33.137, "segment_count": 1.0 }, "geometry": { "type": "Polygon", "coordinates": [ [ [ 34.815191486293791, 31.27580145119401 ], [ 34.815182228176276, 31.278056178437868 ], [ 34.812556988728183, 31.278048199699107 ], [ 34.812566309290816, 31.275793473160206 ], [ 34.815191486293791, 31.27580145119401 ] ] ] } },
{ "type": "Feature", "properties": { "cell_id": 3546, "score_syntax": 15.347, "syntax_closeness_pct": 3.488, "syntax_betweenness_pct": 33.137, "segment_count": 1.0 }, "geometry": { "type": "Polygon", "coordinates": [ [ [ 34.815182228176276, 31.278056178437868 ], [ 34.815172969017205, 31.280310904887106 ], [ 34.812547667116995, 31.28030292544338 ], [ 34.812556988728183, 31.278048199699107 ], [ 34.815182228176276, 31.278056178437868 ] ] ] } },
{ "type": "Feature", "properties": { "cell_id": 3547, "score_syntax": 15.12, "syntax_closeness_pct": 3.109, "syntax_betweenness_pct": 33.137, "segment_count": 1.0 }, "geometry": { "type": "Polygon", "coordinates": [ [ [ 34.815172969017205, 31.280310904887106 ], [ 34.815163708816485, 31.282565630541711 ], [ 34.812538344457117, 31.282557650392977 ], [ 34.812547667116995, 31.28030292544338 ], [ 34.815172969017205, 31.280310904887106 ] ] ] } },
{ "type": "Feature", "properties": { "cell_id": 3548, "score_syntax": 60.058, "syntax_closeness_pct": 53.938, "syntax_betweenness_pct": 69.239, "segment_count": 4.0 }, "geometry": { "type": "Polygon", "coordinates": [ [ [ 34.815163708816485, 31.282565630541711 ], [ 34.81515444757401, 31.284820355401646 ], [ 34.812529020748492, 31.284812374547872 ], [ 34.812538344457117, 31.282557650392977 ], [ 34.815163708816485, 31.282565630541711 ] ] ] } },
{ "type": "Feature", "properties": { "cell_id": 3550, "score_syntax": 48.678, "syntax_closeness_pct": 37.7, "syntax_betweenness_pct": 65.144, "segment_count": 2.0 }, "geometry": { "type": "Polygon", "coordinates": [ [ [ 34.815145185289659, 31.287075079466852 ], [ 34.815135921963353, 31.289329802737306 ], [ 34.812510370184448, 31.289321820473365 ], [ 34.812519695990964, 31.287067097908 ], [ 34.815145185289659, 31.287075079466852 ] ] ] } },
{ "type": "Feature", "properties": { "cell_id": 3551, "score_syntax": 46.396, "syntax_closeness_pct": 37.871, "syntax_betweenness_pct": 59.185, "segment_count": 2.0 }, "geometry": { "type": "Polygon", "coordinates": [ [ [ 34.815135921963353, 31.289329802737306 ], [ 34.815126657594988, 31.291584525213025 ], [ 34.812501043328865, 31.291576542243931 ], [ 34.812510370184448, 31.289321820473365 ], [ 34.815135921963353, 31.289329802737306 ] ] ] } },
{ "type": "Feature", "properties": { "cell_id": 3552, "score_syntax": 18.914, "syntax_closeness_pct": 9.432, "syntax_betweenness_pct": 33.137, "segment_count": 1.0 }, "geometry": { "type": "Polygon", "coordinates": [ [ [ 34.815126657594988, 31.291584525213025 ], [ 34.815117392184455, 31.293839246893938 ], [ 34.812491715424073, 31.293831263219662 ], [ 34.812501043328865, 31.291576542243931 ], [ 34.815126657594988, 31.291584525213025 ] ] ] } },
{ "type": "Feature", "properties": { "cell_id": 3553, "score_syntax": 20.534, "syntax_closeness_pct": 12.133, "syntax_betweenness_pct": 33.137, "segment_count": 1.0 }, "geometry": { "type": "Polygon", "coordinates": [ [ [ 34.815117392184455, 31.293839246893938 ], [ 34.815108125731641, 31.296093967779974 ], [ 34.812482386470002, 31.296085983400513 ], [ 34.812491715424073, 31.293831263219662 ], [ 34.815117392184455, 31.293839246893938 ] ] ] } },
{ "type": "Feature", "properties": { "cell_id": 3595, "score_syntax": 17.44, "syntax_closeness_pct": 6.975, "syntax_betweenness_pct": 33.137, "segment_count": 2.0 }, "geometry": { "type": "Polygon", "coordinates": [ [ [ 34.818101217604173, 31.20591241539649 ], [ 34.818092053952086, 31.208167167956432 ], [ 34.81546874600496, 31.208159264544758 ], [ 34.815477971885116, 31.205904512684022 ], [ 34.818101217604173, 31.20591241539649 ] ] ] } },
{ "type": "Feature", "properties": { "cell_id": 3596, "score_syntax": 18.486, "syntax_closeness_pct": 8.719, "syntax_betweenness_pct": 33.137, "segment_count": 1.0 }, "geometry": { "type": "Polygon", "coordinates": [ [ [ 34.818092053952086, 31.208167167956432 ], [ 34.818082889268609, 31.210421919722801 ], [ 34.815459519086431, 31.210414015611875 ], [ 34.81546874600496, 31.208159264544758 ], [ 34.818092053952086, 31.208167167956432 ] ] ] } },
{ "type": "Feature", "properties": { "cell_id": 3597, "score_syntax": 18.005, "syntax_closeness_pct": 7.918, "syntax_betweenness_pct": 33.137, "segment_count": 1.0 }, "geometry": { "type": "Polygon", "coordinates": [ [ [ 34.818082889268609, 31.210421919722801 ], [ 34.818073723553624, 31.212676670695551 ], [ 34.815450291129423, 31.212668765885379 ], [ 34.815459519086431, 31.210414015611875 ], [ 34.818082889268609, 31.210421919722801 ] ] ] } },
{ "type": "Feature", "properties": { "cell_id": 3600, "score_syntax": 33.902, "syntax_closeness_pct": 34.412, "syntax_betweenness_pct": 33.137, "segment_count": 3.0 }, "geometry": { "type": "Polygon", "coordinates": [ [ [ 34.818055389028821, 31.217186170260128 ], [ 34.818046220218768, 31.219440918851877 ], [ 34.815422601026455, 31.219433011943703 ], [ 34.815431832099534, 31.217178264051306 ], [ 34.818055389028821, 31.217186170260128 ] ] ] } },
{ "type": "Feature", "properties": { "cell_id": 3601, "score_syntax": 23.68, "syntax_closeness_pct": 17.375, "syntax_betweenness_pct": 33.137, "segment_count": 8.0 }, "geometry": { "type": "Polygon", "coordinates": [ [ [ 34.818046220218768, 31.219440918851877 ], [ 34.818037050376837, 31.221695666649893 ], [ 34.815413368914491, 31.221687759042322 ], [ 34.815422601026455, 31.219433011943703 ], [ 34.818046220218768, 31.219440918851877 ] ] ] } },
{ "type": "Feature", "properties": { "cell_id": 3602, "score_syntax": 27.371, "syntax_closeness_pct": 23.527, "syntax_betweenness_pct": 33.137, "segment_count": 9.0 }, "geometry": { "type": "Polygon", "coordinates": [ [ [ 34.818037050376837, 31.221695666649893 ], [ 34.8180278795029, 31.223950413654137 ], [ 34.815404135763536, 31.223942505347139 ], [ 34.815413368914491, 31.221687759042322 ], [ 34.818037050376837, 31.221695666649893 ] ] ] } },
{ "type": "Feature", "properties": { "cell_id": 3603, "score_syntax": 49.863, "syntax_closeness_pct": 49.285, "syntax_betweenness_pct": 50.731, "segment_count": 14.0 }, "geometry": { "type": "Polygon", "coordinates": [ [ [ 34.8180278795029, 31.223950413654137 ], [ 34.818018707596877, 31.226205159864588 ], [ 34.815394901573477, 31.226197250858107 ], [ 34.815404135763536, 31.223942505347139 ], [ 34.8180278795029, 31.223950413654137 ] ] ] } },
{ "type": "Feature", "properties": { "cell_id": 3604, "score_syntax": 50.137, "syntax_closeness_pct": 46.915, "syntax_betweenness_pct": 54.971, "segment_count": 14.0 }, "geometry": { "type": "Polygon", "coordinates": [ [ [ 34.818018707596877, 31.226205159864588 ], [ 34.818009534658643, 31.228459905281195 ], [ 34.815385666344206, 31.22845199557522 ], [ 34.815394901573477, 31.226197250858107 ], [ 34.818018707596877, 31.226205159864588 ] ] ] } },
{ "type": "Feature", "properties": { "cell_id": 3605, "score_syntax": 28.039, "syntax_closeness_pct": 24.64, "syntax_betweenness_pct": 33.137, "segment_count": 11.0 }, "geometry": { "type": "Polygon", "coordinates": [ [ [ 34.818009534658643, 31.228459905281195 ], [ 34.818000360688124, 31.230714649903931 ], [ 34.815376430075652, 31.23070673949843 ], [ 34.815385666344206, 31.22845199557522 ], [ 34.818009534658643, 31.228459905281195 ] ] ] } },
{ "type": "Feature", "properties": { "cell_id": 3606, "score_syntax": 37.36, "syntax_closeness_pct": 34.896, "syntax_betweenness_pct": 41.055, "segment_count": 16.0 }, "geometry": { "type": "Polygon", "coordinates": [ [ [ 34.818000360688124, 31.230714649903931 ], [ 34.817991185685187, 31.232969393732766 ], [ 34.815367192767688, 31.232961482627712 ], [ 34.815376430075652, 31.23070673949843 ], [ 34.818000360688124, 31.230714649903931 ] ] ] } },
{ "type": "Feature", "properties": { "cell_id": 3607, "score_syntax": 38.908, "syntax_closeness_pct": 38.053, "syntax_betweenness_pct": 40.192, "segment_count": 20.0 }, "geometry": { "type": "Polygon", "coordinates": [ [ [ 34.817991185685187, 31.232969393732766 ], [ 34.817982009649768, 31.235224136767687 ], [ 34.815357954420222, 31.235216224963022 ], [ 34.815367192767688, 31.232961482627712 ], [ 34.817991185685187, 31.232969393732766 ] ] ] } },
{ "type": "Feature", "properties": { "cell_id": 3608, "score_syntax": 21.224, "syntax_closeness_pct": 13.282, "syntax_betweenness_pct": 33.137, "segment_count": 9.0 }, "geometry": { "type": "Polygon", "coordinates": [ [ [ 34.817982009649768, 31.235224136767687 ], [ 34.817972832581731, 31.237478879008624 ], [ 34.815348715033153, 31.237470966504343 ], [ 34.815357954420222, 31.235216224963022 ], [ 34.817982009649768, 31.235224136767687 ] ] ] } },
{ "type": "Feature", "properties": { "cell_id": 3609, "score_syntax": 43.601, "syntax_closeness_pct": 40.907, "syntax_betweenness_pct": 47.643, "segment_count": 3.0 }, "geometry": { "type": "Polygon", "coordinates": [ [ [ 34.817972832581731, 31.237478879008624 ], [ 34.817963654480998, 31.239733620455574 ], [ 34.815339474606368, 31.23972570725164 ], [ 34.815348715033153, 31.237470966504343 ], [ 34.817972832581731, 31.237478879008624 ] ] ] } },
{ "type": "Feature", "properties": { "cell_id": 3612, "score_syntax": 23.62, "syntax_closeness_pct": 17.275, "syntax_betweenness_pct": 33.137, "segment_count": 1.0 }, "geometry": { "type": "Polygon", "coordinates": [ [ [ 34.817945295180991, 31.244243100967363 ], [ 34.817936113981517, 31.246497840032134 ], [ 34.815311747086731, 31.24648992472903 ], [ 34.815320990633253, 31.244235186364008 ], [ 34.817945295180991, 31.244243100967363 ] ] ] } },
{ "type": "Feature", "properties": { "cell_id": 3613, "score_syntax": 59.675, "syntax_closeness_pct": 58.221, "syntax_betweenness_pct": 61.855, "segment_count": 7.0 }, "geometry": { "type": "Polygon", "coordinates": [ [ [ 34.817936113981517, 31.246497840032134 ], [ 34.817926931748943, 31.248752578302774 ], [ 34.815302502500089, 31.248744662299888 ], [ 34.815311747086731, 31.24648992472903 ], [ 34.817936113981517, 31.246497840032134 ] ] ] } },
{ "type": "Feature", "properties": { "cell_id": 3614, "score_syntax": 53.204, "syntax_closeness_pct": 46.956, "syntax_betweenness_pct": 62.575, "segment_count": 4.0 }, "geometry": { "type": "Polygon", "coordinates": [ [ [ 34.817926931748943, 31.248752578302774 ], [ 34.817917748483154, 31.251007315779276 ], [ 34.815293256873211, 31.250999399076544 ], [ 34.815302502500089, 31.248744662299888 ], [ 34.817926931748943, 31.248752578302774 ] ] ] } },
{ "type": "Feature", "properties": { "cell_id": 3615, "score_syntax": 55.059, "syntax_closeness_pct": 55.357, "syntax_betweenness_pct": 54.613, "segment_count": 10.0 }, "geometry": { "type": "Polygon", "coordinates": [ [ [ 34.817917748483154, 31.251007315779276 ], [ 34.817908564184044, 31.253262052461544 ], [ 34.815284010206021, 31.253254135058967 ], [ 34.815293256873211, 31.250999399076544 ], [ 34.817917748483154, 31.251007315779276 ] ] ] } },
{ "type": "Feature", "properties": { "cell_id": 3616, "score_syntax": 67.775, "syntax_closeness_pct": 68.796, "syntax_betweenness_pct": 66.244, "segment_count": 26.0 }, "geometry": { "type": "Polygon", "coordinates": [ [ [ 34.817908564184044, 31.253262052461544 ], [ 34.817899378851507, 31.255516788349617 ], [ 34.815274762498412, 31.255508870247159 ], [ 34.815284010206021, 31.253254135058967 ], [ 34.817908564184044, 31.253262052461544 ] ] ] } },
{ "type": "Feature", "properties": { "cell_id": 3617, "score_syntax": 39.309, "syntax_closeness_pct": 43.424, "syntax_betweenness_pct": 33.137, "segment_count": 6.0 }, "geometry": { "type": "Polygon", "coordinates": [ [ [ 34.817899378851507, 31.255516788349617 ], [ 34.817890192485471, 31.257771523443441 ], [ 34.815265513750276, 31.257763604641077 ], [ 34.815274762498412, 31.255508870247159 ], [ 34.817899378851507, 31.255516788349617 ] ] ] } },
{ "type": "Feature", "properties": { "cell_id": 3618, "score_syntax": 33.496, "syntax_closeness_pct": 31.357, "syntax_betweenness_pct": 36.704, "segment_count": 10.0 }, "geometry": { "type": "Polygon", "coordinates": [ [ [ 34.817890192485471, 31.257771523443441 ], [ 34.817881005085802, 31.260026257742961 ], [ 34.815256263961487, 31.260018338240634 ], [ 34.815265513750276, 31.257763604641077 ], [ 34.817890192485471, 31.257771523443441 ] ] ] } },
{ "type": "Feature", "properties": { "cell_id": 3620, "score_syntax": 76.421, "syntax_closeness_pct": 74.614, "syntax_betweenness_pct": 79.132, "segment_count": 13.0 }, "geometry": { "type": "Polygon", "coordinates": [ [ [ 34.817871816652413, 31.262280991248172 ], [ 34.8178626271852, 31.264535723959028 ], [ 34.815237761261628, 31.264527803056716 ], [ 34.81524701313198, 31.262273071045875 ], [ 34.817871816652413, 31.262280991248172 ] ] ] } },
{ "type": "Feature", "properties": { "cell_id": 3621, "score_syntax": 23.07, "syntax_closeness_pct": 16.359, "syntax_betweenness_pct": 33.137, "segment_count": 2.0 }, "geometry": { "type": "Polygon", "coordinates": [ [ [ 34.8178626271852, 31.264535723959028 ], [ 34.817853436684061, 31.266790455875505 ], [ 34.815228508350351, 31.26678253427313 ], [ 34.815237761261628, 31.264527803056716 ], [ 34.8178626271852, 31.264535723959028 ] ] ] } },
{ "type": "Feature", "properties": { "cell_id": 3622, "score_syntax": 39.691, "syntax_closeness_pct": 37.984, "syntax_betweenness_pct": 42.251, "segment_count": 4.0 }, "geometry": { "type": "Polygon", "coordinates": [ [ [ 34.817853436684061, 31.266790455875505 ], [ 34.817844245148898, 31.269045186997555 ], [ 34.815219254398023, 31.269037264695115 ], [ 34.815228508350351, 31.26678253427313 ], [ 34.817853436684061, 31.266790455875505 ] ] ] } },
{ "type": "Feature", "properties": { "cell_id": 3624, "score_syntax": 52.683, "syntax_closeness_pct": 50.775, "syntax_betweenness_pct": 55.545, "segment_count": 2.0 }, "geometry": { "type": "Polygon", "coordinates": [ [ [ 34.817835052579596, 31.271299917325173 ], [ 34.817825858976065, 31.27355464685828 ], [ 34.81520074336985, 31.273546723155583 ], [ 34.815209999404566, 31.271291994322603 ], [ 34.817835052579596, 31.271299917325173 ] ] ] } },
{ "type": "Feature", "properties": { "cell_id": 3625, "score_syntax": 43.91, "syntax_closeness_pct": 39.11, "syntax_betweenness_pct": 51.11, "segment_count": 6.0 }, "geometry": { "type": "Polygon", "coordinates": [ [ [ 34.817825858976065, 31.27355464685828 ], [ 34.817816664338203, 31.275809375596893 ], [ 34.815191486293791, 31.27580145119401 ], [ 34.81520074336985, 31.273546723155583 ], [ 34.817825858976065, 31.27355464685828 ] ] ] } },
{ "type": "Feature", "properties": { "cell_id": 3626, "score_syntax": 53.585, "syntax_closeness_pct": 47.919, "syntax_betweenness_pct": 62.084, "segment_count": 10.0 }, "geometry": { "type": "Polygon", "coordinates": [ [ [ 34.817816664338203, 31.275809375596893 ], [ 34.817807468665912, 31.278064103540952 ], [ 34.815182228176276, 31.278056178437868 ], [ 34.815191486293791, 31.27580145119401 ], [ 34.817816664338203, 31.275809375596893 ] ] ] } },
{ "type": "Feature", "properties": { "cell_id": 3628, "score_syntax": 56.06, "syntax_closeness_pct": 48.908, "syntax_betweenness_pct": 66.789, "segment_count": 3.0 }, "geometry": { "type": "Polygon", "coordinates": [ [ [ 34.817798271959077, 31.280318830690451 ], [ 34.8177890742176, 31.282573557045314 ], [ 34.815163708816485, 31.282565630541711 ], [ 34.815172969017205, 31.280310904887106 ], [ 34.817798271959077, 31.280318830690451 ] ] ] } },
{ "type": "Feature", "properties": { "cell_id": 3633, "score_syntax": 36.232, "syntax_closeness_pct": 30.034, "syntax_betweenness_pct": 45.53, "segment_count": 3.0 }, "geometry": { "type": "Polygon", "coordinates": [ [ [ 34.817752272903277, 31.291592454518049 ], [ 34.817743069987088, 31.293847176899405 ], [ 34.815117392184455, 31.293839246893938 ], [ 34.815126657594988, 31.291584525213025 ], [ 34.817752272903277, 31.291592454518049 ] ] ] } },
{ "type": "Feature", "properties": { "cell_id": 3634, "score_syntax": 16.661, "syntax_closeness_pct": 5.677, "syntax_betweenness_pct": 33.137, "segment_count": 3.0 }, "geometry": { "type": "Polygon", "coordinates": [ [ [ 34.817743069987088, 31.293847176899405 ], [ 34.817733866035638, 31.296101898485936 ], [ 34.815108125731641, 31.296093967779974 ], [ 34.815117392184455, 31.293839246893938 ], [ 34.817743069987088, 31.293847176899405 ] ] ] } },
{ "type": "Feature", "properties": { "cell_id": 3635, "score_syntax": 46.354, "syntax_closeness_pct": 42.772, "syntax_betweenness_pct": 51.727, "segment_count": 2.0 }, "geometry": { "type": "Polygon", "coordinates": [ [ [ 34.817733866035638, 31.296101898485936 ], [ 34.817724661048842, 31.298356619277616 ], [ 34.815098858236446, 31.298348687871176 ], [ 34.815108125731641, 31.296093967779974 ], [ 34.817733866035638, 31.296101898485936 ] ] ] } },
{ "type": "Feature", "properties": { "cell_id": 3636, "score_syntax": 15.111, "syntax_closeness_pct": 3.094, "syntax_betweenness_pct": 33.137, "segment_count": 1.0 }, "geometry": { "type": "Polygon", "coordinates": [ [ [ 34.817724661048842, 31.298356619277616 ], [ 34.81771545502658, 31.300611339274447 ], [ 34.815089589698779, 31.300603407167458 ], [ 34.815098858236446, 31.298348687871176 ], [ 34.817724661048842, 31.298356619277616 ] ] ] } },
{ "type": "Feature", "properties": { "cell_id": 3674, "score_syntax": 33.344, "syntax_closeness_pct": 26.051, "syntax_betweenness_pct": 44.284, "segment_count": 3.0 }, "geometry": { "type": "Polygon", "coordinates": [ [ [ 34.820742664129639, 31.201410755735189 ], [ 34.820733564754171, 31.203665510576606 ], [ 34.818110380224994, 31.20365766204301 ], [ 34.818119541814625, 31.201402907896011 ], [ 34.820742664129639, 31.201410755735189 ] ] ] } },
{ "type": "Feature", "properties": { "cell_id": 3675, "score_syntax": 35.875, "syntax_closeness_pct": 37.7, "syntax_betweenness_pct": 33.137, "segment_count": 9.0 }, "geometry": { "type": "Polygon", "coordinates": [ [ [ 34.820733564754171, 31.203665510576606 ], [ 34.82072446435452, 31.20592026462452 ], [ 34.818101217604173, 31.20591241539649 ], [ 34.818110380224994, 31.20365766204301 ], [ 34.820733564754171, 31.203665510576606 ] ] ] } },
{ "type": "Feature", "properties": { "cell_id": 3677, "score_syntax": 27.292, "syntax_closeness_pct": 23.395, "syntax_betweenness_pct": 33.137, "segment_count": 7.0 }, "geometry": { "type": "Polygon", "coordinates": [ [ [ 34.820715362930578, 31.208175017878951 ], [ 34.82070626048224, 31.210429770339832 ], [ 34.818082889268609, 31.210421919722801 ], [ 34.818092053952086, 31.208167167956432 ], [ 34.820715362930578, 31.208175017878951 ] ] ] } },
{ "type": "Feature", "properties": { "cell_id": 3678, "score_syntax": 33.839, "syntax_closeness_pct": 28.111, "syntax_betweenness_pct": 42.432, "segment_count": 4.0 }, "geometry": { "type": "Polygon", "coordinates": [ [ [ 34.82070626048224, 31.210429770339832 ], [ 34.82069715700942, 31.212684522007144 ], [ 34.818073723553624, 31.212676670695551 ], [ 34.818082889268609, 31.210421919722801 ], [ 34.82070626048224, 31.210429770339832 ] ] ] } },
{ "type": "Feature", "properties": { "cell_id": 3679, "score_syntax": 27.679, "syntax_closeness_pct": 24.04, "syntax_betweenness_pct": 33.137, "segment_count": 3.0 }, "geometry": { "type": "Polygon", "coordinates": [ [ [ 34.82069715700942, 31.212684522007144 ], [ 34.820688052511997, 31.214939272880834 ], [ 34.818064556807066, 31.214931420874692 ], [ 34.818073723553624, 31.212676670695551 ], [ 34.82069715700942, 31.212684522007144 ] ] ] } },
{ "type": "Feature", "properties": { "cell_id": 3680, "score_syntax": 40.514, "syntax_closeness_pct": 45.433, "syntax_betweenness_pct": 33.137, "segment_count": 2.0 }, "geometry": { "type": "Polygon", "coordinates": [ [ [ 34.820688052511997, 31.214939272880834 ], [ 34.820678946989887, 31.217194022960893 ], [ 34.818055389028821, 31.217186170260128 ], [ 34.818064556807066, 31.214931420874692 ], [ 34.820688052511997, 31.214939272880834 ] ] ] } },
{ "type": "Feature", "properties": { "cell_id": 3681, "score_syntax": 32.83, "syntax_closeness_pct": 32.627, "syntax_betweenness_pct": 33.137, "segment_count": 4.0 }, "geometry": { "type": "Polygon", "coordinates": [ [ [ 34.820678946989887, 31.217194022960893 ], [ 34.820669840442982, 31.219448772247276 ], [ 34.818046220218768, 31.219440918851877 ], [ 34.818055389028821, 31.217186170260128 ], [ 34.820678946989887, 31.217194022960893 ] ] ] } },
{ "type": "Feature", "properties": { "cell_id": 3682, "score_syntax": 29.06, "syntax_closeness_pct": 26.342, "syntax_betweenness_pct": 33.137, "segment_count": 7.0 }, "geometry": { "type": "Polygon", "coordinates": [ [ [ 34.820669840442982, 31.219448772247276 ], [ 34.820660732871183, 31.221703520739961 ], [ 34.818037050376837, 31.221695666649893 ], [ 34.818046220218768, 31.219440918851877 ], [ 34.820669840442982, 31.219448772247276 ] ] ] } },
{ "type": "Feature", "properties": { "cell_id": 3683, "score_syntax": 44.179, "syntax_closeness_pct": 45.795, "syntax_betweenness_pct": 41.755, "segment_count": 5.0 }, "geometry": { "type": "Polygon", "coordinates": [ [ [ 34.820660732871183, 31.221703520739961 ], [ 34.820651624274383, 31.223958268438924 ], [ 34.8180278795029, 31.223950413654137 ], [ 34.818037050376837, 31.221695666649893 ], [ 34.820660732871183, 31.221703520739961 ] ] ] } },
{ "type": "Feature", "properties": { "cell_id": 3684, "score_syntax": 46.742, "syntax_closeness_pct": 48.865, "syntax_betweenness_pct": 43.559, "segment_count": 26.0 }, "geometry": { "type": "Polygon", "coordinates": [ [ [ 34.820651624274383, 31.223958268438924 ], [ 34.820642514652477, 31.226213015344086 ], [ 34.818018707596877, 31.226205159864588 ], [ 34.8180278795029, 31.223950413654137 ], [ 34.820651624274383, 31.223958268438924 ] ] ] } },
{ "type": "Feature", "properties": { "cell_id": 3685, "score_syntax": 58.232, "syntax_closeness_pct": 54.871, "syntax_betweenness_pct": 63.274, "segment_count": 35.0 }, "geometry": { "type": "Polygon", "coordinates": [ [ [ 34.820642514652477, 31.226213015344086 ], [ 34.820633404005385, 31.228467761455477 ], [ 34.818009534658643, 31.228459905281195 ], [ 34.818018707596877, 31.226205159864588 ], [ 34.820642514652477, 31.226213015344086 ] ] ] } },
{ "type": "Feature", "properties": { "cell_id": 3686, "score_syntax": 39.881, "syntax_closeness_pct": 38.919, "syntax_betweenness_pct": 41.323, "segment_count": 14.0 }, "geometry": { "type": "Polygon", "coordinates": [ [ [ 34.820633404005385, 31.228467761455477 ], [ 34.820624292332987, 31.230722506773017 ], [ 34.818000360688124, 31.230714649903931 ], [ 34.818009534658643, 31.228459905281195 ], [ 34.820633404005385, 31.228467761455477 ] ] ] } },
{ "type": "Feature", "properties": { "cell_id": 3687, "score_syntax": 58.681, "syntax_closeness_pct": 55.471, "syntax_betweenness_pct": 63.496, "segment_count": 14.0 }, "geometry": { "type": "Polygon", "coordinates": [ [ [ 34.820624292332987, 31.230722506773017 ], [ 34.820615179635205, 31.232977251296671 ], [ 34.817991185685187, 31.232969393732766 ], [ 34.818000360688124, 31.230714649903931 ], [ 34.820624292332987, 31.230722506773017 ] ] ] } },
{ "type": "Feature", "properties": { "cell_id": 3688, "score_syntax": 53.432, "syntax_closeness_pct": 50.701, "syntax_betweenness_pct": 57.529, "segment_count": 15.0 }, "geometry": { "type": "Polygon", "coordinates": [ [ [ 34.820615179635205, 31.232977251296671 ], [ 34.820606065911917, 31.235231995026457 ], [ 34.817982009649768, 31.235224136767687 ], [ 34.817991185685187, 31.232969393732766 ], [ 34.820615179635205, 31.232977251296671 ] ] ] } },
{ "type": "Feature", "properties": { "cell_id": 3689, "score_syntax": 19.737, "syntax_closeness_pct": 10.804, "syntax_betweenness_pct": 33.137, "segment_count": 3.0 }, "geometry": { "type": "Polygon", "coordinates": [ [ [ 34.820606065911917, 31.235231995026457 ], [ 34.820596951163012, 31.237486737962296 ], [ 34.817972832581731, 31.237478879008624 ], [ 34.817982009649768, 31.235224136767687 ], [ 34.820606065911917, 31.235231995026457 ] ] ] } },
{ "type": "Feature", "properties": { "cell_id": 3690, "score_syntax": 22.555, "syntax_closeness_pct": 15.5, "syntax_betweenness_pct": 33.137, "segment_count": 2.0 }, "geometry": { "type": "Polygon", "coordinates": [ [ [ 34.820596951163012, 31.237486737962296 ], [ 34.820587835388423, 31.239741480104179 ], [ 34.817963654480998, 31.239733620455574 ], [ 34.817972832581731, 31.237478879008624 ], [ 34.820596951163012, 31.237486737962296 ] ] ] } },
{ "type": "Feature", "properties": { "cell_id": 3692, "score_syntax": 45.29, "syntax_closeness_pct": 41.503, "syntax_betweenness_pct": 50.972, "segment_count": 2.0 }, "geometry": { "type": "Polygon", "coordinates": [ [ [ 34.820578718588031, 31.241996221452077 ], [ 34.820569600761722, 31.244250962005921 ], [ 34.817945295180991, 31.244243100967363 ], [ 34.817954475347442, 31.241988361108515 ], [ 34.820578718588031, 31.241996221452077 ] ] ] } },
{ "type": "Feature", "properties": { "cell_id": 3693, "score_syntax": 21.864, "syntax_closeness_pct": 14.35, "syntax_betweenness_pct": 33.137, "segment_count": 4.0 }, "geometry": { "type": "Polygon", "coordinates": [ [ [ 34.820569600761722, 31.244250962005921 ], [ 34.820560481909418, 31.246505701765727 ], [ 34.817936113981517, 31.246497840032134 ], [ 34.817945295180991, 31.244243100967363 ], [ 34.820569600761722, 31.244250962005921 ] ] ] } },
{ "type": "Feature", "properties": { "cell_id": 3694, "score_syntax": 35.536, "syntax_closeness_pct": 32.888, "syntax_betweenness_pct": 39.507, "segment_count": 6.0 }, "geometry": { "type": "Polygon", "coordinates": [ [ [ 34.820560481909418, 31.246505701765727 ], [ 34.820551362031011, 31.24876044073142 ], [ 34.817926931748943, 31.248752578302774 ], [ 34.817936113981517, 31.246497840032134 ], [ 34.820560481909418, 31.246505701765727 ] ] ] } },
{ "type": "Feature", "properties": { "cell_id": 3695, "score_syntax": 73.592, "syntax_closeness_pct": 71.598, "syntax_betweenness_pct": 76.585, "segment_count": 31.0 }, "geometry": { "type": "Polygon", "coordinates": [ [ [ 34.820551362031011, 31.24876044073142 ], [ 34.82054224112639, 31.251015178902986 ], [ 34.817917748483154, 31.251007315779276 ], [ 34.817926931748943, 31.248752578302774 ], [ 34.820551362031011, 31.24876044073142 ] ] ] } },
{ "type": "Feature", "properties": { "cell_id": 3696, "score_syntax": 77.141, "syntax_closeness_pct": 76.325, "syntax_betweenness_pct": 78.366, "segment_count": 23.0 }, "geometry": { "type": "Polygon", "coordinates": [ [ [ 34.82054224112639, 31.251015178902986 ], [ 34.82053311919546, 31.253269916280402 ], [ 34.817908564184044, 31.253262052461544 ], [ 34.817917748483154, 31.251007315779276 ], [ 34.82054224112639, 31.251015178902986 ] ] ] } },
{ "type": "Feature", "properties": { "cell_id": 3697, "score_syntax": 53.546, "syntax_closeness_pct": 53.886, "syntax_betweenness_pct": 53.036, "segment_count": 29.0 }, "geometry": { "type": "Polygon", "coordinates": [ [ [ 34.82053311919546, 31.253269916280402 ], [ 34.820523996238137, 31.255524652863638 ], [ 34.817899378851507, 31.255516788349617 ], [ 34.817908564184044, 31.253262052461544 ], [ 34.82053311919546, 31.253269916280402 ] ] ] } },
{ "type": "Feature", "properties": { "cell_id": 3698, "score_syntax": 37.555, "syntax_closeness_pct": 34.509, "syntax_betweenness_pct": 42.124, "segment_count": 10.0 }, "geometry": { "type": "Polygon", "coordinates": [ [ [ 34.820523996238137, 31.255524652863638 ], [ 34.8205148722543, 31.257779388652647 ], [ 34.817890192485471, 31.257771523443441 ], [ 34.817899378851507, 31.255516788349617 ], [ 34.820523996238137, 31.255524652863638 ] ] ] } },
{ "type": "Feature", "properties": { "cell_id": 3699, "score_syntax": 40.069, "syntax_closeness_pct": 44.691, "syntax_betweenness_pct": 33.137, "segment_count": 4.0 }, "geometry": { "type": "Polygon", "coordinates": [ [ [ 34.8205148722543, 31.257779388652647 ], [ 34.820505747243828, 31.260034123647387 ], [ 34.817881005085802, 31.260026257742961 ], [ 34.817890192485471, 31.257771523443441 ], [ 34.8205148722543, 31.257779388652647 ] ] ] } },
{ "type": "Feature", "properties": { "cell_id": 3701, "score_syntax": 76.91, "syntax_closeness_pct": 77.074, "syntax_betweenness_pct": 76.664, "segment_count": 2.0 }, "geometry": { "type": "Polygon", "coordinates": [ [ [ 34.820496621206665, 31.262288857847857 ], [ 34.820487494142704, 31.26454359125399 ], [ 34.8178626271852, 31.264535723959028 ], [ 34.817871816652413, 31.262280991248172 ], [ 34.820496621206665, 31.262288857847857 ] ] ] } },
{ "type": "Feature", "properties": { "cell_id": 3702, "score_syntax": 16.585, "syntax_closeness_pct": 5.551, "syntax_betweenness_pct": 33.137, "segment_count": 3.0 }, "geometry": { "type": "Polygon", "coordinates": [ [ [ 34.820487494142704, 31.26454359125399 ], [ 34.820478366051795, 31.266798323865792 ], [ 34.817853436684061, 31.266790455875505 ], [ 34.8178626271852, 31.264535723959028 ], [ 34.820487494142704, 31.26454359125399 ] ] ] } },
{ "type": "Feature", "properties": { "cell_id": 3703, "score_syntax": 39.615, "syntax_closeness_pct": 34.882, "syntax_betweenness_pct": 46.715, "segment_count": 3.0 }, "geometry": { "type": "Polygon", "coordinates": [ [ [ 34.820478366051795, 31.266798323865792 ], [ 34.820469236933896, 31.269053055683191 ], [ 34.817844245148898, 31.269045186997555 ], [ 34.817853436684061, 31.266790455875505 ], [ 34.820478366051795, 31.266798323865792 ] ] ] } },
{ "type": "Feature", "properties": { "cell_id": 3705, "score_syntax": 34.893, "syntax_closeness_pct": 29.295, "syntax_betweenness_pct": 43.291, "segment_count": 4.0 }, "geometry": { "type": "Polygon", "coordinates": [ [ [ 34.820460106788872, 31.271307786706171 ], [ 34.820450975616623, 31.273562516934714 ], [ 34.817825858976065, 31.27355464685828 ], [ 34.817835052579596, 31.271299917325173 ], [ 34.820460106788872, 31.271307786706171 ] ] ] } },
{ "type": "Feature", "properties": { "cell_id": 3706, "score_syntax": 41.583, "syntax_closeness_pct": 35.064, "syntax_betweenness_pct": 51.362, "segment_count": 5.0 }, "geometry": { "type": "Polygon", "coordinates": [ [ [ 34.820450975616623, 31.273562516934714 ], [ 34.820441843417058, 31.275817246368767 ], [ 34.817816664338203, 31.275809375596893 ], [ 34.817825858976065, 31.27355464685828 ], [ 34.820450975616623, 31.273562516934714 ] ] ] } },
{ "type": "Feature", "properties": { "cell_id": 3707, "score_syntax": 45.296, "syntax_closeness_pct": 39.239, "syntax_betweenness_pct": 54.382, "segment_count": 6.0 }, "geometry": { "type": "Polygon", "coordinates": [ [ [ 34.820441843417058, 31.275817246368767 ], [ 34.82043271019009, 31.27807197500832 ], [ 34.817807468665912, 31.278064103540952 ], [ 34.817816664338203, 31.275809375596893 ], [ 34.820441843417058, 31.275817246368767 ] ] ] } },
{ "type": "Feature", "properties": { "cell_id": 3708, "score_syntax": 52.949, "syntax_closeness_pct": 48.494, "syntax_betweenness_pct": 59.631, "segment_count": 9.0 }, "geometry": { "type": "Polygon", "coordinates": [ [ [ 34.82043271019009, 31.27807197500832 ], [ 34.820423575935578, 31.280326702853305 ], [ 34.817798271959077, 31.280318830690451 ], [ 34.817807468665912, 31.278064103540952 ], [ 34.82043271019009, 31.27807197500832 ] ] ] } },
{ "type": "Feature", "properties": { "cell_id": 3709, "score_syntax": 58.707, "syntax_closeness_pct": 51.658, "syntax_betweenness_pct": 69.281, "segment_count": 9.0 }, "geometry": { "type": "Polygon", "coordinates": [ [ [ 34.820423575935578, 31.280326702853305 ], [ 34.820414440653458, 31.28258142990374 ], [ 34.8177890742176, 31.282573557045314 ], [ 34.817798271959077, 31.280318830690451 ], [ 34.820423575935578, 31.280326702853305 ] ] ] } },
{ "type": "Feature", "properties": { "cell_id": 3710, "score_syntax": 81.5, "syntax_closeness_pct": 71.023, "syntax_betweenness_pct": 97.217, "segment_count": 1.0 }, "geometry": { "type": "Polygon", "coordinates": [ [ [ 34.820414440653458, 31.28258142990374 ], [ 34.820405304343609, 31.28483615615955 ], [ 34.817779875441381, 31.284828282605552 ], [ 34.8177890742176, 31.282573557045314 ], [ 34.820414440653458, 31.28258142990374 ] ] ] } },
{ "type": "Feature", "properties": { "cell_id": 3713, "score_syntax": 57.345, "syntax_closeness_pct": 52.801, "syntax_betweenness_pct": 64.161, "segment_count": 4.0 }, "geometry": { "type": "Polygon", "coordinates": [ [ [ 34.820387028640354, 31.289345606287185 ], [ 34.820377889246728, 31.291600330158971 ], [ 34.817752272903277, 31.291592454518049 ], [ 34.817761474784334, 31.289337731341959 ], [ 34.820387028640354, 31.289345606287185 ] ] ] } },
{ "type": "Feature", "properties": { "cell_id": 3715, "score_syntax": 16.527, "syntax_closeness_pct": 5.454, "syntax_betweenness_pct": 33.137, "segment_count": 1.0 }, "geometry": { "type": "Polygon", "coordinates": [ [ [ 34.820368748824976, 31.293855053236012 ], [ 34.820359607374996, 31.296109775518289 ], [ 34.817733866035638, 31.296101898485936 ], [ 34.817743069987088, 31.293847176899405 ], [ 34.820368748824976, 31.293855053236012 ] ] ] } },
{ "type": "Feature", "properties": { "cell_id": 3717, "score_syntax": 14.813, "syntax_closeness_pct": 2.597, "syntax_betweenness_pct": 33.137, "segment_count": 1.0 }, "geometry": { "type": "Polygon", "coordinates": [ [ [ 34.820350464896677, 31.298364497005739 ], [ 34.820341321389947, 31.300619217698387 ], [ 34.81771545502658, 31.300611339274447 ], [ 34.817724661048842, 31.298356619277616 ], [ 34.820350464896677, 31.298364497005739 ] ] ] } },
{ "type": "Feature", "properties": { "cell_id": 3755, "score_syntax": 48.027, "syntax_closeness_pct": 35.062, "syntax_betweenness_pct": 67.474, "segment_count": 2.0 }, "geometry": { "type": "Polygon", "coordinates": [ [ [ 34.823365787468738, 31.201418550099312 ], [ 34.823356750307546, 31.203673305630414 ], [ 34.820733564754171, 31.203665510576606 ], [ 34.820742664129639, 31.201410755735189 ], [ 34.823365787468738, 31.201418550099312 ] ] ] } },
{ "type": "Feature", "properties": { "cell_id": 3756, "score_syntax": 25.272, "syntax_closeness_pct": 12.598, "syntax_betweenness_pct": 44.284, "segment_count": 3.0 }, "geometry": { "type": "Polygon", "coordinates": [ [ [ 34.823356750307546, 31.203673305630414 ], [ 34.823347712129156, 31.205928060368059 ], [ 34.82072446435452, 31.20592026462452 ], [ 34.820733564754171, 31.203665510576606 ], [ 34.823356750307546, 31.203673305630414 ] ] ] } },
{ "type": "Feature", "properties": { "cell_id": 3758, "score_syntax": 20.325, "syntax_closeness_pct": 11.784, "syntax_betweenness_pct": 33.137, "segment_count": 1.0 }, "geometry": { "type": "Polygon", "coordinates": [ [ [ 34.82333867293346, 31.208182814312224 ], [ 34.82332963272038, 31.210437567462897 ], [ 34.82070626048224, 31.210429770339832 ], [ 34.820715362930578, 31.208175017878951 ], [ 34.82333867293346, 31.208182814312224 ] ] ] } },
{ "type": "Feature", "properties": { "cell_id": 3761, "score_syntax": 34.743, "syntax_closeness_pct": 35.815, "syntax_betweenness_pct": 33.137, "segment_count": 5.0 }, "geometry": { "type": "Polygon", "coordinates": [ [ [ 34.82331154924163, 31.214947071383573 ], [ 34.823302505975761, 31.217201822153513 ], [ 34.820678946989887, 31.217194022960893 ], [ 34.820688052511997, 31.214939272880834 ], [ 34.82331154924163, 31.214947071383573 ] ] ] } },
{ "type": "Feature", "properties": { "cell_id": 3762, "score_syntax": 32.783, "syntax_closeness_pct": 32.547, "syntax_betweenness_pct": 33.137, "segment_count": 1.0 }, "geometry": { "type": "Polygon", "coordinates": [ [ [ 34.823302505975761, 31.217201822153513 ], [ 34.823293461692082, 31.219456572129815 ], [ 34.820669840442982, 31.219448772247276 ], [ 34.820678946989887, 31.217194022960893 ], [ 34.823302505975761, 31.217201822153513 ] ] ] } },
{ "type": "Feature", "properties": { "cell_id": 3763, "score_syntax": 30.534, "syntax_closeness_pct": 28.798, "syntax_betweenness_pct": 33.137, "segment_count": 4.0 }, "geometry": { "type": "Polygon", "coordinates": [ [ [ 34.823293461692082, 31.219456572129815 ], [ 34.823284416390514, 31.221711321312441 ], [ 34.820660732871183, 31.221703520739961 ], [ 34.820669840442982, 31.219448772247276 ], [ 34.823293461692082, 31.219456572129815 ] ] ] } },
{ "type": "Feature", "properties": { "cell_id": 3764, "score_syntax": 33.517, "syntax_closeness_pct": 33.77, "syntax_betweenness_pct": 33.137, "segment_count": 15.0 }, "geometry": { "type": "Polygon", "coordinates": [ [ [ 34.823284416390514, 31.221711321312441 ], [ 34.823275370070938, 31.223966069701373 ], [ 34.820651624274383, 31.223958268438924 ], [ 34.820660732871183, 31.221703520739961 ], [ 34.823284416390514, 31.221711321312441 ] ] ] } },
{ "type": "Feature", "properties": { "cell_id": 3765, "score_syntax": 48.326, "syntax_closeness_pct": 48.094, "syntax_betweenness_pct": 48.672, "segment_count": 48.0 }, "geometry": { "type": "Polygon", "coordinates": [ [ [ 34.823275370070938, 31.223966069701373 ], [ 34.823266322733282, 31.226220817296557 ], [ 34.820642514652477, 31.226213015344086 ], [ 34.820651624274383, 31.223958268438924 ], [ 34.823275370070938, 31.223966069701373 ] ] ] } },
{ "type": "Feature", "properties": { "cell_id": 3766, "score_syntax": 55.552, "syntax_closeness_pct": 51.623, "syntax_betweenness_pct": 61.447, "segment_count": 26.0 }, "geometry": { "type": "Polygon", "coordinates": [ [ [ 34.823266322733282, 31.226220817296557 ], [ 34.823257274377426, 31.228475564097987 ], [ 34.820633404005385, 31.228467761455477 ], [ 34.820642514652477, 31.226213015344086 ], [ 34.823266322733282, 31.226220817296557 ] ] ] } },
{ "type": "Feature", "properties": { "cell_id": 3767, "score_syntax": 48.765, "syntax_closeness_pct": 46.976, "syntax_betweenness_pct": 51.447, "segment_count": 31.0 }, "geometry": { "type": "Polygon", "coordinates": [ [ [ 34.823257274377426, 31.228475564097987 ], [ 34.823248225003269, 31.230730310105599 ], [ 34.820624292332987, 31.230722506773017 ], [ 34.820633404005385, 31.228467761455477 ], [ 34.823257274377426, 31.228475564097987 ] ] ] } },
{ "type": "Feature", "properties": { "cell_id": 3768, "score_syntax": 42.092, "syntax_closeness_pct": 39.042, "syntax_betweenness_pct": 46.667, "segment_count": 14.0 }, "geometry": { "type": "Polygon", "coordinates": [ [ [ 34.823248225003269, 31.230730310105599 ], [ 34.823239174610706, 31.232985055319368 ], [ 34.820615179635205, 31.232977251296671 ], [ 34.820624292332987, 31.230722506773017 ], [ 34.823248225003269, 31.230730310105599 ] ] ] } },
{ "type": "Feature", "properties": { "cell_id": 3769, "score_syntax": 35.317, "syntax_closeness_pct": 28.508, "syntax_betweenness_pct": 45.53, "segment_count": 4.0 }, "geometry": { "type": "Polygon", "coordinates": [ [ [ 34.823239174610706, 31.232985055319368 ], [ 34.823230123199664, 31.235239799739293 ], [ 34.820606065911917, 31.235231995026457 ], [ 34.820615179635205, 31.232977251296671 ], [ 34.823239174610706, 31.232985055319368 ] ] ] } },
{ "type": "Feature", "properties": { "cell_id": 3770, "score_syntax": 26.553, "syntax_closeness_pct": 22.163, "syntax_betweenness_pct": 33.137, "segment_count": 6.0 }, "geometry": { "type": "Polygon", "coordinates": [ [ [ 34.823230123199664, 31.235239799739293 ], [ 34.82322107077001, 31.237494543365287 ], [ 34.820596951163012, 31.237486737962296 ], [ 34.820606065911917, 31.235231995026457 ], [ 34.823230123199664, 31.235239799739293 ] ] ] } },
{ "type": "Feature", "properties": { "cell_id": 3771, "score_syntax": 25.716, "syntax_closeness_pct": 20.769, "syntax_betweenness_pct": 33.137, "segment_count": 7.0 }, "geometry": { "type": "Polygon", "coordinates": [ [ [ 34.82322107077001, 31.237494543365287 ], [ 34.823212017321673, 31.239749286197387 ], [ 34.820587835388423, 31.239741480104179 ], [ 34.820596951163012, 31.237486737962296 ], [ 34.82322107077001, 31.237494543365287 ] ] ] } },
{ "type": "Feature", "properties": { "cell_id": 3774, "score_syntax": 23.007, "syntax_closeness_pct": 16.254, "syntax_betweenness_pct": 33.137, "segment_count": 5.0 }, "geometry": { "type": "Polygon", "coordinates": [ [ [ 34.82319390736847, 31.244258769479636 ], [ 34.823184850863427, 31.246513509929724 ], [ 34.820560481909418, 31.246505701765727 ], [ 34.820569600761722, 31.244250962005921 ], [ 34.82319390736847, 31.244258769479636 ] ] ] } },
{ "type": "Feature", "properties": { "cell_id": 3775, "score_syntax": 29.178, "syntax_closeness_pct": 26.54, "syntax_betweenness_pct": 33.137, "segment_count": 8.0 }, "geometry": { "type": "Polygon", "coordinates": [ [ [ 34.823184850863427, 31.246513509929724 ], [ 34.823175793339288, 31.248768249585744 ], [ 34.820551362031011, 31.24876044073142 ], [ 34.820560481909418, 31.246505701765727 ], [ 34.823184850863427, 31.246513509929724 ] ] ] } },
{ "type": "Feature", "properties": { "cell_id": 3776, "score_syntax": 42.371, "syntax_closeness_pct": 44.298, "syntax_betweenness_pct": 39.48, "segment_count": 32.0 }, "geometry": { "type": "Polygon", "coordinates": [ [ [ 34.823175793339288, 31.248768249585744 ], [ 34.823166734795947, 31.251022988447687 ], [ 34.82054224112639, 31.251015178902986 ], [ 34.820551362031011, 31.24876044073142 ], [ 34.823175793339288, 31.248768249585744 ] ] ] } },
{ "type": "Feature", "properties": { "cell_id": 3777, "score_syntax": 45.627, "syntax_closeness_pct": 46.653, "syntax_betweenness_pct": 44.088, "segment_count": 25.0 }, "geometry": { "type": "Polygon", "coordinates": [ [ [ 34.823166734795947, 31.251022988447687 ], [ 34.823157675233311, 31.25327772651551 ], [ 34.82053311919546, 31.253269916280402 ], [ 34.82054224112639, 31.251015178902986 ], [ 34.823166734795947, 31.251022988447687 ] ] ] } },
{ "type": "Feature", "properties": { "cell_id": 3778, "score_syntax": 39.862, "syntax_closeness_pct": 35.736, "syntax_betweenness_pct": 46.052, "segment_count": 12.0 }, "geometry": { "type": "Polygon", "coordinates": [ [ [ 34.823157675233311, 31.25327772651551 ], [ 34.823148614651259, 31.255532463789152 ], [ 34.820523996238137, 31.255524652863638 ], [ 34.82053311919546, 31.253269916280402 ], [ 34.823157675233311, 31.25327772651551 ] ] ] } },
{ "type": "Feature", "properties": { "cell_id": 3779, "score_syntax": 62.333, "syntax_closeness_pct": 62.439, "syntax_betweenness_pct": 62.175, "segment_count": 21.0 }, "geometry": { "type": "Polygon", "coordinates": [ [ [ 34.823148614651259, 31.255532463789152 ], [ 34.823139553049714, 31.257787200268623 ], [ 34.8205148722543, 31.257779388652647 ], [ 34.820523996238137, 31.255524652863638 ], [ 34.823148614651259, 31.255532463789152 ] ] ] } },
{ "type": "Feature", "properties": { "cell_id": 3780, "score_syntax": 17.73, "syntax_closeness_pct": 7.458, "syntax_betweenness_pct": 33.137, "segment_count": 2.0 }, "geometry": { "type": "Polygon", "coordinates": [ [ [ 34.823139553049714, 31.257787200268623 ], [ 34.823130490428582, 31.260041935953854 ], [ 34.820505747243828, 31.260034123647387 ], [ 34.8205148722543, 31.257779388652647 ], [ 34.823139553049714, 31.257787200268623 ] ] ] } },
{ "type": "Feature", "properties": { "cell_id": 3781, "score_syntax": 46.107, "syntax_closeness_pct": 44.838, "syntax_betweenness_pct": 48.009, "segment_count": 5.0 }, "geometry": { "type": "Polygon", "coordinates": [ [ [ 34.823130490428582, 31.260041935953854 ], [ 34.823121426787736, 31.262296670844844 ], [ 34.820496621206665, 31.262288857847857 ], [ 34.820505747243828, 31.260034123647387 ], [ 34.823130490428582, 31.260041935953854 ] ] ] } },
{ "type": "Feature", "properties": { "cell_id": 3782, "score_syntax": 72.298, "syntax_closeness_pct": 69.891, "syntax_betweenness_pct": 75.907, "segment_count": 2.0 }, "geometry": { "type": "Polygon", "coordinates": [ [ [ 34.823121426787736, 31.262296670844844 ], [ 34.823112362127098, 31.264551404941532 ], [ 34.820487494142704, 31.26454359125399 ], [ 34.820496621206665, 31.262288857847857 ], [ 34.823121426787736, 31.262296670844844 ] ] ] } },
{ "type": "Feature", "properties": { "cell_id": 3783, "score_syntax": 71.769, "syntax_closeness_pct": 70.062, "syntax_betweenness_pct": 74.329, "segment_count": 4.0 }, "geometry": { "type": "Polygon", "coordinates": [ [ [ 34.823112362127098, 31.264551404941532 ], [ 34.823103296446554, 31.266806138243908 ], [ 34.820478366051795, 31.266798323865792 ], [ 34.820487494142704, 31.26454359125399 ], [ 34.823112362127098, 31.264551404941532 ] ] ] } },
{ "type": "Feature", "properties": { "cell_id": 3786, "score_syntax": 44.553, "syntax_closeness_pct": 42.92, "syntax_betweenness_pct": 47.003, "segment_count": 6.0 }, "geometry": { "type": "Polygon", "coordinates": [ [ [ 34.82308516202535, 31.271315602465577 ], [ 34.823076093284492, 31.273570333384804 ], [ 34.820450975616623, 31.273562516934714 ], [ 34.820460106788872, 31.271307786706171 ], [ 34.82308516202535, 31.271315602465577 ] ] ] } },
{ "type": "Feature", "properties": { "cell_id": 3787, "score_syntax": 56.188, "syntax_closeness_pct": 58.554, "syntax_betweenness_pct": 52.639, "segment_count": 29.0 }, "geometry": { "type": "Polygon", "coordinates": [ [ [ 34.823076093284492, 31.273570333384804 ], [ 34.823067023523336, 31.275825063509572 ], [ 34.820441843417058, 31.275817246368767 ], [ 34.820450975616623, 31.273562516934714 ], [ 34.823076093284492, 31.273570333384804 ] ] ] } },
{ "type": "Feature", "properties": { "cell_id": 3788, "score_syntax": 61.757, "syntax_closeness_pct": 62.209, "syntax_betweenness_pct": 61.08, "segment_count": 11.0 }, "geometry": { "type": "Polygon", "coordinates": [ [ [ 34.823067023523336, 31.275825063509572 ], [ 34.82305795274177, 31.278079792839861 ], [ 34.82043271019009, 31.27807197500832 ], [ 34.820441843417058, 31.275817246368767 ], [ 34.823067023523336, 31.275825063509572 ] ] ] } },
{ "type": "Feature", "properties": { "cell_id": 3789, "score_syntax": 67.368, "syntax_closeness_pct": 62.867, "syntax_betweenness_pct": 74.119, "segment_count": 22.0 }, "geometry": { "type": "Polygon", "coordinates": [ [ [ 34.82305795274177, 31.278079792839861 ], [ 34.823048880939716, 31.28033452137565 ], [ 34.820423575935578, 31.280326702853305 ], [ 34.82043271019009, 31.27807197500832 ], [ 34.82305795274177, 31.278079792839861 ] ] ] } },
{ "type": "Feature", "properties": { "cell_id": 3790, "score_syntax": 71.16, "syntax_closeness_pct": 61.563, "syntax_betweenness_pct": 85.556, "segment_count": 6.0 }, "geometry": { "type": "Polygon", "coordinates": [ [ [ 34.823048880939716, 31.28033452137565 ], [ 34.823039808117045, 31.282589249116878 ], [ 34.820414440653458, 31.28258142990374 ], [ 34.820423575935578, 31.280326702853305 ], [ 34.823048880939716, 31.28033452137565 ] ] ] } },
{ "type": "Feature", "properties": { "cell_id": 3793, "score_syntax": 15.214, "syntax_closeness_pct": 3.265, "syntax_betweenness_pct": 33.137, "segment_count": 1.0 }, "geometry": { "type": "Polygon", "coordinates": [ [ [ 34.823021659409491, 31.287098702215573 ], [ 34.823012583524395, 31.289353427572969 ], [ 34.820387028640354, 31.289345606287185 ], [ 34.820396167005939, 31.287090881620703 ], [ 34.823021659409491, 31.287098702215573 ] ] ] } },
{ "type": "Feature", "properties": { "cell_id": 3794, "score_syntax": 31.843, "syntax_closeness_pct": 30.981, "syntax_betweenness_pct": 33.137, "segment_count": 1.0 }, "geometry": { "type": "Polygon", "coordinates": [ [ [ 34.823012583524395, 31.289353427572969 ], [ 34.823003506618306, 31.29160815213568 ], [ 34.820377889246728, 31.291600330158971 ], [ 34.820387028640354, 31.289345606287185 ], [ 34.823012583524395, 31.289353427572969 ] ] ] } },
{ "type": "Feature", "properties": { "cell_id": 3795, "score_syntax": 42.567, "syntax_closeness_pct": 35.437, "syntax_betweenness_pct": 53.263, "segment_count": 2.0 }, "geometry": { "type": "Polygon", "coordinates": [ [ [ 34.823003506618306, 31.29160815213568 ], [ 34.822994428691089, 31.293862875903702 ], [ 34.820368748824976, 31.293855053236012 ], [ 34.820377889246728, 31.291600330158971 ], [ 34.823003506618306, 31.29160815213568 ] ] ] } },
{ "type": "Feature", "properties": { "cell_id": 3798, "score_syntax": 17.226, "syntax_closeness_pct": 6.619, "syntax_betweenness_pct": 33.137, "segment_count": 1.0 }, "geometry": { "type": "Polygon", "coordinates": [ [ [ 34.822976269772965, 31.298372321055481 ], [ 34.822967188781831, 31.300627042439174 ], [ 34.820341321389947, 31.300619217698387 ], [ 34.820350464896677, 31.298364497005739 ], [ 34.822976269772965, 31.298372321055481 ] ] ] } },
{ "type": "Feature", "properties": { "cell_id": 3835, "score_syntax": 27.021, "syntax_closeness_pct": 22.944, "syntax_betweenness_pct": 33.137, "segment_count": 1.0 }, "geometry": { "type": "Polygon", "coordinates": [ [ [ 34.825997885761673, 31.199171533978831 ], [ 34.82598891182495, 31.201426290988287 ], [ 34.823365787468738, 31.201418550099312 ], [ 34.823374823612845, 31.199163793774794 ], [ 34.825997885761673, 31.199171533978831 ] ] ] } },
{ "type": "Feature", "properties": { "cell_id": 3836, "score_syntax": 49.668, "syntax_closeness_pct": 37.768, "syntax_betweenness_pct": 67.516, "segment_count": 3.0 }, "geometry": { "type": "Polygon", "coordinates": [ [ [ 34.82598891182495, 31.201426290988287 ], [ 34.825979936878134, 31.203681047204356 ], [ 34.823356750307546, 31.203673305630414 ], [ 34.823365787468738, 31.201418550099312 ], [ 34.82598891182495, 31.201426290988287 ] ] ] } },
{ "type": "Feature", "properties": { "cell_id": 3838, "score_syntax": 15.325, "syntax_closeness_pct": 3.451, "syntax_betweenness_pct": 33.137, "segment_count": 1.0 }, "geometry": { "type": "Polygon", "coordinates": [ [ [ 34.825970960921097, 31.205935802627 ], [ 34.825961983953754, 31.208190557256213 ], [ 34.82333867293346, 31.208182814312224 ], [ 34.823347712129156, 31.205928060368059 ], [ 34.825970960921097, 31.205935802627 ] ] ] } },
{ "type": "Feature", "properties": { "cell_id": 3839, "score_syntax": 28.044, "syntax_closeness_pct": 24.648, "syntax_betweenness_pct": 33.137, "segment_count": 5.0 }, "geometry": { "type": "Polygon", "coordinates": [ [ [ 34.825961983953754, 31.208190557256213 ], [ 34.825953005976018, 31.210445311091931 ], [ 34.82332963272038, 31.210437567462897 ], [ 34.82333867293346, 31.208182814312224 ], [ 34.825961983953754, 31.208190557256213 ] ] ] } },
{ "type": "Feature", "properties": { "cell_id": 3840, "score_syntax": 31.047, "syntax_closeness_pct": 29.654, "syntax_betweenness_pct": 33.137, "segment_count": 6.0 }, "geometry": { "type": "Polygon", "coordinates": [ [ [ 34.825953005976018, 31.210445311091931 ], [ 34.825944026987784, 31.21270006413415 ], [ 34.823320591489797, 31.212692319820029 ], [ 34.82332963272038, 31.210437567462897 ], [ 34.825953005976018, 31.210445311091931 ] ] ] } },
{ "type": "Feature", "properties": { "cell_id": 3841, "score_syntax": 69.498, "syntax_closeness_pct": 68.785, "syntax_betweenness_pct": 70.566, "segment_count": 2.0 }, "geometry": { "type": "Polygon", "coordinates": [ [ [ 34.825944026987784, 31.21270006413415 ], [ 34.825935046988945, 31.214954816382829 ], [ 34.82331154924163, 31.214947071383573 ], [ 34.823320591489797, 31.212692319820029 ], [ 34.825944026987784, 31.21270006413415 ] ] ] } },
{ "type": "Feature", "properties": { "cell_id": 3843, "score_syntax": 30.975, "syntax_closeness_pct": 29.534, "syntax_betweenness_pct": 33.137, "segment_count": 1.0 }, "geometry": { "type": "Polygon", "coordinates": [ [ [ 34.825926065979424, 31.217209567837923 ], [ 34.825917083959069, 31.219464318499409 ], [ 34.823293461692082, 31.219456572129815 ], [ 34.823302505975761, 31.217201822153513 ], [ 34.825926065979424, 31.217209567837923 ] ] ] } },
{ "type": "Feature", "properties": { "cell_id": 3844, "score_syntax": 24.421, "syntax_closeness_pct": 18.61, "syntax_betweenness_pct": 33.137, "segment_count": 6.0 }, "geometry": { "type": "Polygon", "coordinates": [ [ [ 34.825917083959069, 31.219464318499409 ], [ 34.825908100927833, 31.221719068367253 ], [ 34.823284416390514, 31.221711321312441 ], [ 34.823293461692082, 31.219456572129815 ], [ 34.825917083959069, 31.219464318499409 ] ] ] } },
{ "type": "Feature", "properties": { "cell_id": 3845, "score_syntax": 26.379, "syntax_closeness_pct": 21.873, "syntax_betweenness_pct": 33.137, "segment_count": 4.0 }, "geometry": { "type": "Polygon", "coordinates": [ [ [ 34.825908100927833, 31.221719068367253 ], [ 34.825899116885608, 31.223973817441454 ], [ 34.823275370070938, 31.223966069701373 ], [ 34.823284416390514, 31.221711321312441 ], [ 34.825908100927833, 31.221719068367253 ] ] ] } },
{ "type": "Feature", "properties": { "cell_id": 3846, "score_syntax": 37.258, "syntax_closeness_pct": 36.014, "syntax_betweenness_pct": 39.124, "segment_count": 19.0 }, "geometry": { "type": "Polygon", "coordinates": [ [ [ 34.825899116885608, 31.223973817441454 ], [ 34.825890131832281, 31.226228565721915 ], [ 34.823266322733282, 31.226220817296557 ], [ 34.823275370070938, 31.223966069701373 ], [ 34.825899116885608, 31.223973817441454 ] ] ] } },
{ "type": "Feature", "properties": { "cell_id": 3847, "score_syntax": 27.456, "syntax_closeness_pct": 23.669, "syntax_betweenness_pct": 33.137, "segment_count": 9.0 }, "geometry": { "type": "Polygon", "coordinates": [ [ [ 34.825890131832281, 31.226228565721915 ], [ 34.825881145767752, 31.228483313208638 ], [ 34.823257274377426, 31.228475564097987 ], [ 34.823266322733282, 31.226220817296557 ], [ 34.825890131832281, 31.226228565721915 ] ] ] } },
{ "type": "Feature", "properties": { "cell_id": 3848, "score_syntax": 36.021, "syntax_closeness_pct": 35.038, "syntax_betweenness_pct": 37.496, "segment_count": 9.0 }, "geometry": { "type": "Polygon", "coordinates": [ [ [ 34.825881145767752, 31.228483313208638 ], [ 34.825872158691929, 31.230738059901608 ], [ 34.823248225003269, 31.230730310105599 ], [ 34.823257274377426, 31.228475564097987 ], [ 34.825881145767752, 31.228483313208638 ] ] ] } },
{ "type": "Feature", "properties": { "cell_id": 3849, "score_syntax": 50.564, "syntax_closeness_pct": 50.022, "syntax_betweenness_pct": 51.377, "segment_count": 12.0 }, "geometry": { "type": "Polygon", "coordinates": [ [ [ 34.825872158691929, 31.230738059901608 ], [ 34.825863170604713, 31.232992805800759 ], [ 34.823239174610706, 31.232985055319368 ], [ 34.823248225003269, 31.230730310105599 ], [ 34.825872158691929, 31.230738059901608 ] ] ] } },
{ "type": "Feature", "properties": { "cell_id": 3850, "score_syntax": 37.504, "syntax_closeness_pct": 34.188, "syntax_betweenness_pct": 42.479, "segment_count": 5.0 }, "geometry": { "type": "Polygon", "coordinates": [ [ [ 34.825863170604713, 31.232992805800759 ], [ 34.825854181505996, 31.235247550906077 ], [ 34.823230123199664, 31.235239799739293 ], [ 34.823239174610706, 31.232985055319368 ], [ 34.825863170604713, 31.232992805800759 ] ] ] } },
{ "type": "Feature", "properties": { "cell_id": 3851, "score_syntax": 23.086, "syntax_closeness_pct": 16.385, "syntax_betweenness_pct": 33.137, "segment_count": 5.0 }, "geometry": { "type": "Polygon", "coordinates": [ [ [ 34.825854181505996, 31.235247550906077 ], [ 34.825845191395693, 31.237502295217553 ], [ 34.82322107077001, 31.237494543365287 ], [ 34.823230123199664, 31.235239799739293 ], [ 34.825854181505996, 31.235247550906077 ] ] ] } },
{ "type": "Feature", "properties": { "cell_id": 3852, "score_syntax": 44.855, "syntax_closeness_pct": 52.668, "syntax_betweenness_pct": 33.137, "segment_count": 4.0 }, "geometry": { "type": "Polygon", "coordinates": [ [ [ 34.825845191395693, 31.237502295217553 ], [ 34.825836200273699, 31.2397570387351 ], [ 34.823212017321673, 31.239749286197387 ], [ 34.82322107077001, 31.237494543365287 ], [ 34.825845191395693, 31.237502295217553 ] ] ] } },
{ "type": "Feature", "properties": { "cell_id": 3856, "score_syntax": 31.635, "syntax_closeness_pct": 30.633, "syntax_betweenness_pct": 33.137, "segment_count": 3.0 }, "geometry": { "type": "Polygon", "coordinates": [ [ [ 34.825809220836533, 31.246521264524059 ], [ 34.825800225666768, 31.248776004865679 ], [ 34.823175793339288, 31.248768249585744 ], [ 34.823184850863427, 31.246513509929724 ], [ 34.825809220836533, 31.246521264524059 ] ] ] } },
{ "type": "Feature", "properties": { "cell_id": 3857, "score_syntax": 25.741, "syntax_closeness_pct": 20.811, "syntax_betweenness_pct": 33.137, "segment_count": 5.0 }, "geometry": { "type": "Polygon", "coordinates": [ [ [ 34.825800225666768, 31.248776004865679 ], [ 34.825791229484793, 31.251030744413267 ], [ 34.823166734795947, 31.251022988447687 ], [ 34.823175793339288, 31.248768249585744 ], [ 34.825800225666768, 31.248776004865679 ] ] ] } },
{ "type": "Feature", "properties": { "cell_id": 3858, "score_syntax": 30.708, "syntax_closeness_pct": 29.089, "syntax_betweenness_pct": 33.137, "segment_count": 1.0 }, "geometry": { "type": "Polygon", "coordinates": [ [ [ 34.825791229484793, 31.251030744413267 ], [ 34.825782232290543, 31.253285483166735 ], [ 34.823157675233311, 31.25327772651551 ], [ 34.823166734795947, 31.251022988447687 ], [ 34.825791229484793, 31.251030744413267 ] ] ] } },
{ "type": "Feature", "properties": { "cell_id": 3859, "score_syntax": 33.522, "syntax_closeness_pct": 33.778, "syntax_betweenness_pct": 33.137, "segment_count": 7.0 }, "geometry": { "type": "Polygon", "coordinates": [ [ [ 34.825782232290543, 31.253285483166735 ], [ 34.825773234083897, 31.255540221126079 ], [ 34.823148614651259, 31.255532463789152 ], [ 34.823157675233311, 31.25327772651551 ], [ 34.825782232290543, 31.253285483166735 ] ] ] } },
{ "type": "Feature", "properties": { "cell_id": 3860, "score_syntax": 51.337, "syntax_closeness_pct": 53.554, "syntax_betweenness_pct": 48.012, "segment_count": 13.0 }, "geometry": { "type": "Polygon", "coordinates": [ [ [ 34.825773234083897, 31.255540221126079 ], [ 34.825764234864764, 31.257794958291299 ], [ 34.823139553049714, 31.257787200268623 ], [ 34.823148614651259, 31.255532463789152 ], [ 34.825773234083897, 31.255540221126079 ] ] ] } },
{ "type": "Feature", "properties": { "cell_id": 3861, "score_syntax": 42.997, "syntax_closeness_pct": 40.549, "syntax_betweenness_pct": 46.669, "segment_count": 7.0 }, "geometry": { "type": "Polygon", "coordinates": [ [ [ 34.825764234864764, 31.257794958291299 ], [ 34.825755234633029, 31.260049694662289 ], [ 34.823130490428582, 31.260041935953854 ], [ 34.823139553049714, 31.257787200268623 ], [ 34.825764234864764, 31.257794958291299 ] ] ] } },
{ "type": "Feature", "properties": { "cell_id": 3862, "score_syntax": 14.671, "syntax_closeness_pct": 2.36, "syntax_betweenness_pct": 33.137, "segment_count": 1.0 }, "geometry": { "type": "Polygon", "coordinates": [ [ [ 34.825755234633029, 31.260049694662289 ], [ 34.825746233388614, 31.262304430239073 ], [ 34.823121426787736, 31.262296670844844 ], [ 34.823130490428582, 31.260041935953854 ], [ 34.825755234633029, 31.260049694662289 ] ] ] } },
{ "type": "Feature", "properties": { "cell_id": 3863, "score_syntax": 73.398, "syntax_closeness_pct": 70.29, "syntax_betweenness_pct": 78.061, "segment_count": 4.0 }, "geometry": { "type": "Polygon", "coordinates": [ [ [ 34.825746233388614, 31.262304430239073 ], [ 34.825737231131399, 31.264559165021581 ], [ 34.823112362127098, 31.264551404941532 ], [ 34.823121426787736, 31.262296670844844 ], [ 34.825746233388614, 31.262304430239073 ] ] ] } },
{ "type": "Feature", "properties": { "cell_id": 3865, "score_syntax": 71.858, "syntax_closeness_pct": 69.635, "syntax_betweenness_pct": 75.193, "segment_count": 1.0 }, "geometry": { "type": "Polygon", "coordinates": [ [ [ 34.825728227861298, 31.266813899009819 ], [ 34.825719223578211, 31.269068632203734 ], [ 34.82309422974599, 31.269060870751929 ], [ 34.823103296446554, 31.266806138243908 ], [ 34.825728227861298, 31.266813899009819 ] ] ] } },
{ "type": "Feature", "properties": { "cell_id": 3867, "score_syntax": 41.302, "syntax_closeness_pct": 41.105, "syntax_betweenness_pct": 41.598, "segment_count": 14.0 }, "geometry": { "type": "Polygon", "coordinates": [ [ [ 34.82571021828204, 31.271323364603305 ], [ 34.825701211972678, 31.273578096208475 ], [ 34.823076093284492, 31.273570333384804 ], [ 34.82308516202535, 31.271315602465577 ], [ 34.82571021828204, 31.271323364603305 ] ] ] } },
{ "type": "Feature", "properties": { "cell_id": 3868, "score_syntax": 32.016, "syntax_closeness_pct": 29.411, "syntax_betweenness_pct": 35.923, "segment_count": 12.0 }, "geometry": { "type": "Polygon", "coordinates": [ [ [ 34.825701211972678, 31.273578096208475 ], [ 34.825692204650018, 31.275832827019215 ], [ 34.823067023523336, 31.275825063509572 ], [ 34.823076093284492, 31.273570333384804 ], [ 34.825701211972678, 31.273578096208475 ] ] ] } },
{ "type": "Feature", "properties": { "cell_id": 3869, "score_syntax": 49.297, "syntax_closeness_pct": 47.636, "syntax_betweenness_pct": 51.79, "segment_count": 5.0 }, "geometry": { "type": "Polygon", "coordinates": [ [ [ 34.825692204650018, 31.275832827019215 ], [ 34.825683196313982, 31.278087557035526 ], [ 34.82305795274177, 31.278079792839861 ], [ 34.823067023523336, 31.275825063509572 ], [ 34.825692204650018, 31.275832827019215 ] ] ] } },
{ "type": "Feature", "properties": { "cell_id": 3870, "score_syntax": 17.079, "syntax_closeness_pct": 6.374, "syntax_betweenness_pct": 33.137, "segment_count": 1.0 }, "geometry": { "type": "Polygon", "coordinates": [ [ [ 34.825683196313982, 31.278087557035526 ], [ 34.825674186964442, 31.280342286257355 ], [ 34.823048880939716, 31.28033452137565 ], [ 34.82305795274177, 31.278079792839861 ], [ 34.825683196313982, 31.278087557035526 ] ] ] } },
{ "type": "Feature", "properties": { "cell_id": 3871, "score_syntax": 47.36, "syntax_closeness_pct": 56.842, "syntax_betweenness_pct": 33.137, "segment_count": 7.0 }, "geometry": { "type": "Polygon", "coordinates": [ [ [ 34.825674186964442, 31.280342286257355 ], [ 34.825665176601326, 31.282597014684679 ], [ 34.823039808117045, 31.282589249116878 ], [ 34.823048880939716, 31.28033452137565 ], [ 34.825674186964442, 31.280342286257355 ] ] ] } },
{ "type": "Feature", "properties": { "cell_id": 3872, "score_syntax": 43.375, "syntax_closeness_pct": 50.2, "syntax_betweenness_pct": 33.137, "segment_count": 1.0 }, "geometry": { "type": "Polygon", "coordinates": [ [ [ 34.825665176601326, 31.282597014684679 ], [ 34.825656165224522, 31.284851742317439 ], [ 34.823030734273665, 31.284843976063527 ], [ 34.823039808117045, 31.282589249116878 ], [ 34.825665176601326, 31.282597014684679 ] ] ] } },
{ "type": "Feature", "properties": { "cell_id": 3874, "score_syntax": 42.534, "syntax_closeness_pct": 35.177, "syntax_betweenness_pct": 53.569, "segment_count": 2.0 }, "geometry": { "type": "Polygon", "coordinates": [ [ [ 34.825647152833938, 31.287106469155628 ], [ 34.825638139429444, 31.289361195199209 ], [ 34.823012583524395, 31.289353427572969 ], [ 34.823021659409491, 31.287098702215573 ], [ 34.825647152833938, 31.287106469155628 ] ] ] } },
{ "type": "Feature", "properties": { "cell_id": 3875, "score_syntax": 16.647, "syntax_closeness_pct": 5.654, "syntax_betweenness_pct": 33.137, "segment_count": 1.0 }, "geometry": { "type": "Polygon", "coordinates": [ [ [ 34.825638139429444, 31.289361195199209 ], [ 34.825629125010977, 31.291615920448134 ], [ 34.823003506618306, 31.29160815213568 ], [ 34.823012583524395, 31.289353427572969 ], [ 34.825638139429444, 31.289361195199209 ] ] ] } },
{ "type": "Feature", "properties": { "cell_id": 3876, "score_syntax": 70.46, "syntax_closeness_pct": 68.099, "syntax_betweenness_pct": 74.002, "segment_count": 1.0 }, "geometry": { "type": "Polygon", "coordinates": [ [ [ 34.825629125010977, 31.291615920448134 ], [ 34.825620109578431, 31.29387064490238 ], [ 34.822994428691089, 31.293862875903702 ], [ 34.823003506618306, 31.29160815213568 ], [ 34.825629125010977, 31.291615920448134 ] ] ] } },
{ "type": "Feature", "properties": { "cell_id": 3877, "score_syntax": 71.284, "syntax_closeness_pct": 68.232, "syntax_betweenness_pct": 75.861, "segment_count": 1.0 }, "geometry": { "type": "Polygon", "coordinates": [ [ [ 34.825620109578431, 31.29387064490238 ], [ 34.825611093131677, 31.296125368561935 ], [ 34.82298534974268, 31.296117598876986 ], [ 34.822994428691089, 31.293862875903702 ], [ 34.825620109578431, 31.29387064490238 ] ] ] } },
{ "type": "Feature", "properties": { "cell_id": 3878, "score_syntax": 17.146, "syntax_closeness_pct": 6.486, "syntax_betweenness_pct": 33.137, "segment_count": 3.0 }, "geometry": { "type": "Polygon", "coordinates": [ [ [ 34.825611093131677, 31.296125368561935 ], [ 34.825602075670652, 31.298380091426736 ], [ 34.822976269772965, 31.298372321055481 ], [ 34.82298534974268, 31.296117598876986 ], [ 34.825611093131677, 31.296125368561935 ] ] ] } },
{ "type": "Feature", "properties": { "cell_id": 3916, "score_syntax": 15.058, "syntax_closeness_pct": 3.005, "syntax_betweenness_pct": 33.137, "segment_count": 1.0 }, "geometry": { "type": "Polygon", "coordinates": [ [ [ 34.828620948920509, 31.199179220712409 ], [ 34.828612037191256, 31.201433978402058 ], [ 34.82598891182495, 31.201426290988287 ], [ 34.825997885761673, 31.199171533978831 ], [ 34.828620948920509, 31.199179220712409 ] ] ] } },
{ "type": "Feature", "properties": { "cell_id": 3920, "score_syntax": 16.54, "syntax_closeness_pct": 5.476, "syntax_betweenness_pct": 33.137, "segment_count": 2.0 }, "geometry": { "type": "Polygon", "coordinates": [ [ [ 34.828585295984446, 31.208198246710804 ], [ 34.828576380242161, 31.210453001226863 ], [ 34.825953005976018, 31.210445311091931 ], [ 34.825961983953754, 31.208190557256213 ], [ 34.828585295984446, 31.208198246710804 ] ] ] } },
{ "type": "Feature", "properties": { "cell_id": 3921, "score_syntax": 19.422, "syntax_closeness_pct": 10.278, "syntax_betweenness_pct": 33.137, "segment_count": 2.0 }, "geometry": { "type": "Polygon", "coordinates": [ [ [ 34.828576380242161, 31.210453001226863 ], [ 34.82856746349637, 31.212707754949452 ], [ 34.825944026987784, 31.21270006413415 ], [ 34.825953005976018, 31.210445311091931 ], [ 34.828576380242161, 31.210453001226863 ] ] ] } },
{ "type": "Feature", "properties": { "cell_id": 3924, "score_syntax": 70.563, "syntax_closeness_pct": 69.245, "syntax_betweenness_pct": 72.54, "segment_count": 2.0 }, "geometry": { "type": "Polygon", "coordinates": [ [ [ 34.828549626993869, 31.21721726001406 ], [ 34.828540707236975, 31.219472011356007 ], [ 34.825917083959069, 31.219464318499409 ], [ 34.825926065979424, 31.217209567837923 ], [ 34.828549626993869, 31.21721726001406 ] ] ] } },
{ "type": "Feature", "properties": { "cell_id": 3926, "score_syntax": 76.32, "syntax_closeness_pct": 70.499, "syntax_betweenness_pct": 85.049, "segment_count": 2.0 }, "geometry": { "type": "Polygon", "coordinates": [ [ [ 34.828531786476177, 31.221726761904357 ], [ 34.828522864711374, 31.223981511659051 ], [ 34.825899116885608, 31.223973817441454 ], [ 34.825908100927833, 31.221719068367253 ], [ 34.828531786476177, 31.221726761904357 ] ] ] } },
{ "type": "Feature", "properties": { "cell_id": 3927, "score_syntax": 68.656, "syntax_closeness_pct": 63.679, "syntax_betweenness_pct": 76.123, "segment_count": 6.0 }, "geometry": { "type": "Polygon", "coordinates": [ [ [ 34.828522864711374, 31.223981511659051 ], [ 34.828513941942468, 31.226236260620084 ], [ 34.825890131832281, 31.226228565721915 ], [ 34.825899116885608, 31.223973817441454 ], [ 34.828522864711374, 31.223981511659051 ] ] ] } },
{ "type": "Feature", "properties": { "cell_id": 3928, "score_syntax": 45.171, "syntax_closeness_pct": 41.303, "syntax_betweenness_pct": 50.972, "segment_count": 2.0 }, "geometry": { "type": "Polygon", "coordinates": [ [ [ 34.828513941942468, 31.226236260620084 ], [ 34.828505018169395, 31.228491008787412 ], [ 34.825881145767752, 31.228483313208638 ], [ 34.825890131832281, 31.226228565721915 ], [ 34.828513941942468, 31.226236260620084 ] ] ] } },
{ "type": "Feature", "properties": { "cell_id": 3929, "score_syntax": 26.691, "syntax_closeness_pct": 22.395, "syntax_betweenness_pct": 33.137, "segment_count": 5.0 }, "geometry": { "type": "Polygon", "coordinates": [ [ [ 34.828505018169395, 31.228491008787412 ], [ 34.82849609339199, 31.230745756160989 ], [ 34.825872158691929, 31.230738059901608 ], [ 34.825881145767752, 31.228483313208638 ], [ 34.828505018169395, 31.228491008787412 ] ] ] } },
{ "type": "Feature", "properties": { "cell_id": 3930, "score_syntax": 33.536, "syntax_closeness_pct": 33.803, "syntax_betweenness_pct": 33.137, "segment_count": 4.0 }, "geometry": { "type": "Polygon", "coordinates": [ [ [ 34.82849609339199, 31.230745756160989 ], [ 34.82848716761022, 31.23300050274079 ], [ 34.825863170604713, 31.232992805800759 ], [ 34.825872158691929, 31.230738059901608 ], [ 34.82849609339199, 31.230745756160989 ] ] ] } },
{ "type": "Feature", "properties": { "cell_id": 3931, "score_syntax": 22.678, "syntax_closeness_pct": 15.706, "syntax_betweenness_pct": 33.137, "segment_count": 2.0 }, "geometry": { "type": "Polygon", "coordinates": [ [ [ 34.82848716761022, 31.23300050274079 ], [ 34.828478240823941, 31.235255248526808 ], [ 34.825854181505996, 31.235247550906077 ], [ 34.825863170604713, 31.232992805800759 ], [ 34.82848716761022, 31.23300050274079 ] ] ] } },
{ "type": "Feature", "properties": { "cell_id": 3932, "score_syntax": 22.105, "syntax_closeness_pct": 14.75, "syntax_betweenness_pct": 33.137, "segment_count": 4.0 }, "geometry": { "type": "Polygon", "coordinates": [ [ [ 34.828478240823941, 31.235255248526808 ], [ 34.828469313033075, 31.23750999351897 ], [ 34.825845191395693, 31.237502295217553 ], [ 34.825854181505996, 31.235247550906077 ], [ 34.828478240823941, 31.235255248526808 ] ] ] } },
{ "type": "Feature", "properties": { "cell_id": 3933, "score_syntax": 32.364, "syntax_closeness_pct": 31.849, "syntax_betweenness_pct": 33.137, "segment_count": 3.0 }, "geometry": { "type": "Polygon", "coordinates": [ [ [ 34.828469313033075, 31.23750999351897 ], [ 34.828460384237523, 31.239764737717273 ], [ 34.825836200273699, 31.2397570387351 ], [ 34.825845191395693, 31.237502295217553 ], [ 34.828469313033075, 31.23750999351897 ] ] ] } },
{ "type": "Feature", "properties": { "cell_id": 3940, "score_syntax": 29.444, "syntax_closeness_pct": 22.254, "syntax_betweenness_pct": 40.228, "segment_count": 8.0 }, "geometry": { "type": "Polygon", "coordinates": [ [ [ 34.828406790360162, 31.25329318623405 ], [ 34.828397854529015, 31.255547924874381 ], [ 34.825773234083897, 31.255540221126079 ], [ 34.825782232290543, 31.253285483166735 ], [ 34.828406790360162, 31.25329318623405 ] ] ] } },
{ "type": "Feature", "properties": { "cell_id": 3941, "score_syntax": 80.774, "syntax_closeness_pct": 76.776, "syntax_betweenness_pct": 86.77, "segment_count": 10.0 }, "geometry": { "type": "Polygon", "coordinates": [ [ [ 34.828397854529015, 31.255547924874381 ], [ 34.828388917692379, 31.257802662720575 ], [ 34.825764234864764, 31.257794958291299 ], [ 34.825773234083897, 31.255540221126079 ], [ 34.828397854529015, 31.255547924874381 ] ] ] } },
{ "type": "Feature", "properties": { "cell_id": 3942, "score_syntax": 18.094, "syntax_closeness_pct": 8.066, "syntax_betweenness_pct": 33.137, "segment_count": 1.0 }, "geometry": { "type": "Polygon", "coordinates": [ [ [ 34.828388917692379, 31.257802662720575 ], [ 34.828379979850162, 31.260057399772613 ], [ 34.825755234633029, 31.260049694662289 ], [ 34.825764234864764, 31.257794958291299 ], [ 34.828388917692379, 31.257802662720575 ] ] ] } },
{ "type": "Feature", "properties": { "cell_id": 3943, "score_syntax": 14.693, "syntax_closeness_pct": 2.397, "syntax_betweenness_pct": 33.137, "segment_count": 1.0 }, "geometry": { "type": "Polygon", "coordinates": [ [ [ 34.828379979850162, 31.260057399772613 ], [ 34.828371041002264, 31.262312136030445 ], [ 34.825746233388614, 31.262304430239073 ], [ 34.825755234633029, 31.260049694662289 ], [ 34.828379979850162, 31.260057399772613 ] ] ] } },
{ "type": "Feature", "properties": { "cell_id": 3944, "score_syntax": 74.703, "syntax_closeness_pct": 70.844, "syntax_betweenness_pct": 80.491, "segment_count": 1.0 }, "geometry": { "type": "Polygon", "coordinates": [ [ [ 34.828371041002264, 31.262312136030445 ], [ 34.828362101148599, 31.264566871494079 ], [ 34.825737231131399, 31.264559165021581 ], [ 34.825746233388614, 31.262304430239073 ], [ 34.828371041002264, 31.262312136030445 ] ] ] } },
{ "type": "Feature", "properties": { "cell_id": 3945, "score_syntax": 14.461, "syntax_closeness_pct": 2.011, "syntax_betweenness_pct": 33.137, "segment_count": 1.0 }, "geometry": { "type": "Polygon", "coordinates": [ [ [ 34.828362101148599, 31.264566871494079 ], [ 34.828353160289048, 31.26682160616344 ], [ 34.825728227861298, 31.266813899009819 ], [ 34.825737231131399, 31.264559165021581 ], [ 34.828362101148599, 31.264566871494079 ] ] ] } },
{ "type": "Feature", "properties": { "cell_id": 3948, "score_syntax": 39.879, "syntax_closeness_pct": 44.374, "syntax_betweenness_pct": 33.137, "segment_count": 10.0 }, "geometry": { "type": "Polygon", "coordinates": [ [ [ 34.828335275551915, 31.271331073119256 ], [ 34.828326331674141, 31.273585805405645 ], [ 34.825701211972678, 31.273578096208475 ], [ 34.82571021828204, 31.271323364603305 ], [ 34.828335275551915, 31.271331073119256 ] ] ] } },
{ "type": "Feature", "properties": { "cell_id": 3950, "score_syntax": 29.37, "syntax_closeness_pct": 26.859, "syntax_betweenness_pct": 33.137, "segment_count": 2.0 }, "geometry": { "type": "Polygon", "coordinates": [ [ [ 34.82831738679009, 31.275840536897643 ], [ 34.828308440899669, 31.278095267595255 ], [ 34.825683196313982, 31.278087557035526 ], [ 34.825692204650018, 31.275832827019215 ], [ 34.82831738679009, 31.275840536897643 ] ] ] } },
{ "type": "Feature", "properties": { "cell_id": 3952, "score_syntax": 37.804, "syntax_closeness_pct": 40.916, "syntax_betweenness_pct": 33.137, "segment_count": 6.0 }, "geometry": { "type": "Polygon", "coordinates": [ [ [ 34.828299494002771, 31.280349997498408 ], [ 34.828290546099311, 31.282604726607065 ], [ 34.825665176601326, 31.282597014684679 ], [ 34.825674186964442, 31.280342286257355 ], [ 34.828299494002771, 31.280349997498408 ] ] ] } },
{ "type": "Feature", "properties": { "cell_id": 3954, "score_syntax": 31.167, "syntax_closeness_pct": 7.287, "syntax_betweenness_pct": 66.986, "segment_count": 1.0 }, "geometry": { "type": "Polygon", "coordinates": [ [ [ 34.828281597189168, 31.284859454921197 ], [ 34.828272647272264, 31.287114182440789 ], [ 34.825647152833938, 31.287106469155628 ], [ 34.825656165224522, 31.284851742317439 ], [ 34.828281597189168, 31.284859454921197 ] ] ] } },
{ "type": "Feature", "properties": { "cell_id": 3955, "score_syntax": 15.102, "syntax_closeness_pct": 3.08, "syntax_betweenness_pct": 33.137, "segment_count": 1.0 }, "geometry": { "type": "Polygon", "coordinates": [ [ [ 34.828272647272264, 31.287114182440789 ], [ 34.828263696348493, 31.28936890916582 ], [ 34.825638139429444, 31.289361195199209 ], [ 34.825647152833938, 31.287106469155628 ], [ 34.828272647272264, 31.287114182440789 ] ] ] } },
{ "type": "Feature", "properties": { "cell_id": 3956, "score_syntax": 17.703, "syntax_closeness_pct": 7.413, "syntax_betweenness_pct": 33.137, "segment_count": 1.0 }, "geometry": { "type": "Polygon", "coordinates": [ [ [ 34.828263696348493, 31.28936890916582 ], [ 34.828254744417755, 31.291623635096226 ], [ 34.825629125010977, 31.291615920448134 ], [ 34.825638139429444, 31.289361195199209 ], [ 34.828263696348493, 31.28936890916582 ] ] ] } },
{ "type": "Feature", "properties": { "cell_id": 3959, "score_syntax": 23.433, "syntax_closeness_pct": 16.963, "syntax_betweenness_pct": 33.137, "segment_count": 2.0 }, "geometry": { "type": "Polygon", "coordinates": [ [ [ 34.828236837534966, 31.296133084573075 ], [ 34.828227882582731, 31.29838780811944 ], [ 34.825602075670652, 31.298380091426736 ], [ 34.825611093131677, 31.296125368561935 ], [ 34.828236837534966, 31.296133084573075 ] ] ] } },
{ "type": "Feature", "properties": { "cell_id": 4001, "score_syntax": 27.374, "syntax_closeness_pct": 12.385, "syntax_betweenness_pct": 49.857, "segment_count": 2.0 }, "geometry": { "type": "Polygon", "coordinates": [ [ [ 34.831208609018546, 31.208205882675934 ], [ 34.831199755511804, 31.210460637867612 ], [ 34.828576380242161, 31.210453001226863 ], [ 34.828585295984446, 31.208198246710804 ], [ 34.831208609018546, 31.208205882675934 ] ] ] } },
{ "type": "Feature", "properties": { "cell_id": 4002, "score_syntax": 15.757, "syntax_closeness_pct": 4.17, "syntax_betweenness_pct": 33.137, "segment_count": 1.0 }, "geometry": { "type": "Polygon", "coordinates": [ [ [ 34.831199755511804, 31.210460637867612 ], [ 34.831190901008554, 31.212715392265839 ], [ 34.82856746349637, 31.212707754949452 ], [ 34.828576380242161, 31.210453001226863 ], [ 34.831199755511804, 31.210460637867612 ] ] ] } },
{ "type": "Feature", "properties": { "cell_id": 4004, "score_syntax": 32.119, "syntax_closeness_pct": 31.441, "syntax_betweenness_pct": 33.137, "segment_count": 3.0 }, "geometry": { "type": "Polygon", "coordinates": [ [ [ 34.831182045508697, 31.214970145870595 ], [ 34.831173189012134, 31.217224898681827 ], [ 34.828549626993869, 31.21721726001406 ], [ 34.828558545746979, 31.214962507878518 ], [ 34.831182045508697, 31.214970145870595 ] ] ] } },
{ "type": "Feature", "properties": { "cell_id": 4005, "score_syntax": 27.315, "syntax_closeness_pct": 23.434, "syntax_betweenness_pct": 33.137, "segment_count": 3.0 }, "geometry": { "type": "Polygon", "coordinates": [ [ [ 34.831173189012134, 31.217224898681827 ], [ 34.831164331518771, 31.219479650699515 ], [ 34.828540707236975, 31.219472011356007 ], [ 34.828549626993869, 31.21721726001406 ], [ 34.831173189012134, 31.217224898681827 ] ] ] } },
{ "type": "Feature", "properties": { "cell_id": 4008, "score_syntax": 66.663, "syntax_closeness_pct": 61.775, "syntax_betweenness_pct": 73.996, "segment_count": 5.0 }, "geometry": { "type": "Polygon", "coordinates": [ [ [ 34.831146613541229, 31.223989152354129 ], [ 34.831137753056872, 31.226243901990991 ], [ 34.828513941942468, 31.226236260620084 ], [ 34.828522864711374, 31.223981511659051 ], [ 34.831146613541229, 31.223989152354129 ] ] ] } },
{ "type": "Feature", "properties": { "cell_id": 4009, "score_syntax": 63.497, "syntax_closeness_pct": 57.804, "syntax_betweenness_pct": 72.037, "segment_count": 5.0 }, "geometry": { "type": "Polygon", "coordinates": [ [ [ 34.831137753056872, 31.226243901990991 ], [ 34.831128891575311, 31.228498650834162 ], [ 34.828505018169395, 31.228491008787412 ], [ 34.828513941942468, 31.226236260620084 ], [ 34.831137753056872, 31.226243901990991 ] ] ] } },
{ "type": "Feature", "properties": { "cell_id": 4010, "score_syntax": 73.859, "syntax_closeness_pct": 70.043, "syntax_betweenness_pct": 79.582, "segment_count": 2.0 }, "geometry": { "type": "Polygon", "coordinates": [ [ [ 34.831128891575311, 31.228498650834162 ], [ 34.831120029096454, 31.23075339888366 ], [ 34.82849609339199, 31.230745756160989 ], [ 34.828505018169395, 31.228491008787412 ], [ 34.831128891575311, 31.228498650834162 ] ] ] } },
{ "type": "Feature", "properties": { "cell_id": 4011, "score_syntax": 42.924, "syntax_closeness_pct": 42.86, "syntax_betweenness_pct": 43.02, "segment_count": 9.0 }, "geometry": { "type": "Polygon", "coordinates": [ [ [ 34.831120029096454, 31.23075339888366 ], [ 34.8311111656202, 31.233008146139383 ], [ 34.82848716761022, 31.23300050274079 ], [ 34.82849609339199, 31.230745756160989 ], [ 34.831120029096454, 31.23075339888366 ] ] ] } },
{ "type": "Feature", "properties": { "cell_id": 4013, "score_syntax": 27.137, "syntax_closeness_pct": 23.137, "syntax_betweenness_pct": 33.137, "segment_count": 1.0 }, "geometry": { "type": "Polygon", "coordinates": [ [ [ 34.83110230114648, 31.235262892601352 ], [ 34.831093435675157, 31.237517638269509 ], [ 34.828469313033075, 31.23750999351897 ], [ 34.828478240823941, 31.235255248526808 ], [ 34.83110230114648, 31.235262892601352 ] ] ] } },
{ "type": "Feature", "properties": { "cell_id": 4014, "score_syntax": 14.782, "syntax_closeness_pct": 2.545, "syntax_betweenness_pct": 33.137, "segment_count": 1.0 }, "geometry": { "type": "Polygon", "coordinates": [ [ [ 34.831093435675157, 31.237517638269509 ], [ 34.831084569206141, 31.239772383143833 ], [ 34.828460384237523, 31.239764737717273 ], [ 34.828469313033075, 31.23750999351897 ], [ 34.831093435675157, 31.237517638269509 ] ] ] } },
{ "type": "Feature", "properties": { "cell_id": 4015, "score_syntax": 33.227, "syntax_closeness_pct": 28.51, "syntax_betweenness_pct": 40.303, "segment_count": 6.0 }, "geometry": { "type": "Polygon", "coordinates": [ [ [ 34.831084569206141, 31.239772383143833 ], [ 34.831075701739344, 31.242027127224283 ], [ 34.828451454437186, 31.242019481121684 ], [ 34.828460384237523, 31.239764737717273 ], [ 34.831084569206141, 31.239772383143833 ] ] ] } },
{ "type": "Feature", "properties": { "cell_id": 4016, "score_syntax": 73.502, "syntax_closeness_pct": 69.786, "syntax_betweenness_pct": 79.076, "segment_count": 3.0 }, "geometry": { "type": "Polygon", "coordinates": [ [ [ 34.831075701739344, 31.242027127224283 ], [ 34.831066833274676, 31.244281870510846 ], [ 34.828442523631949, 31.244274223732162 ], [ 34.828451454437186, 31.242019481121684 ], [ 34.831075701739344, 31.242027127224283 ] ] ] } },
{ "type": "Feature", "properties": { "cell_id": 4018, "score_syntax": 46.221, "syntax_closeness_pct": 36.947, "syntax_betweenness_pct": 60.131, "segment_count": 2.0 }, "geometry": { "type": "Polygon", "coordinates": [ [ [ 34.831057963812022, 31.246536613003457 ], [ 34.831049093351282, 31.248791354702124 ], [ 34.828424659006437, 31.248783706571174 ], [ 34.828433591821735, 31.24652896554867 ], [ 34.831057963812022, 31.246536613003457 ] ] ] } },
{ "type": "Feature", "properties": { "cell_id": 4020, "score_syntax": 70.371, "syntax_closeness_pct": 68.359, "syntax_betweenness_pct": 73.39, "segment_count": 1.0 }, "geometry": { "type": "Polygon", "coordinates": [ [ [ 34.831040221892373, 31.251046095606785 ], [ 34.831031349435179, 31.253300835717393 ], [ 34.828406790360162, 31.25329318623405 ], [ 34.828415725185948, 31.251038446799658 ], [ 34.831040221892373, 31.251046095606785 ] ] ] } },
{ "type": "Feature", "properties": { "cell_id": 4021, "score_syntax": 45.915, "syntax_closeness_pct": 43.294, "syntax_betweenness_pct": 49.847, "segment_count": 3.0 }, "geometry": { "type": "Polygon", "coordinates": [ [ [ 34.831031349435179, 31.253300835717393 ], [ 34.831022475979616, 31.255555575033952 ], [ 34.828397854529015, 31.255547924874381 ], [ 34.828406790360162, 31.25329318623405 ], [ 34.831031349435179, 31.253300835717393 ] ] ] } },
{ "type": "Feature", "properties": { "cell_id": 4022, "score_syntax": 43.486, "syntax_closeness_pct": 37.992, "syntax_betweenness_pct": 51.727, "segment_count": 2.0 }, "geometry": { "type": "Polygon", "coordinates": [ [ [ 34.831022475979616, 31.255555575033952 ], [ 34.831013601525584, 31.257810313556426 ], [ 34.828388917692379, 31.257802662720575 ], [ 34.828397854529015, 31.255547924874381 ], [ 34.831022475979616, 31.255555575033952 ] ] ] } },
{ "type": "Feature", "properties": { "cell_id": 4023, "score_syntax": 69.404, "syntax_closeness_pct": 64.042, "syntax_betweenness_pct": 77.446, "segment_count": 6.0 }, "geometry": { "type": "Polygon", "coordinates": [ [ [ 34.831013601525584, 31.257810313556426 ], [ 34.831004726072976, 31.260065051284744 ], [ 34.828379979850162, 31.260057399772613 ], [ 34.828388917692379, 31.257802662720575 ], [ 34.831013601525584, 31.257810313556426 ] ] ] } },
{ "type": "Feature", "properties": { "cell_id": 4024, "score_syntax": 76.051, "syntax_closeness_pct": 71.852, "syntax_betweenness_pct": 82.349, "segment_count": 5.0 }, "geometry": { "type": "Polygon", "coordinates": [ [ [ 34.831004726072976, 31.260065051284744 ], [ 34.830995849621715, 31.262319788218932 ], [ 34.828371041002264, 31.262312136030445 ], [ 34.828379979850162, 31.260057399772613 ], [ 34.831004726072976, 31.260065051284744 ] ] ] } },
{ "type": "Feature", "properties": { "cell_id": 4025, "score_syntax": 75.288, "syntax_closeness_pct": 71.616, "syntax_betweenness_pct": 80.797, "segment_count": 3.0 }, "geometry": { "type": "Polygon", "coordinates": [ [ [ 34.830995849621715, 31.262319788218932 ], [ 34.830986972171672, 31.264574524358913 ], [ 34.828362101148599, 31.264566871494079 ], [ 34.828371041002264, 31.262312136030445 ], [ 34.830995849621715, 31.262319788218932 ] ] ] } },
{ "type": "Feature", "properties": { "cell_id": 4026, "score_syntax": 19.809, "syntax_closeness_pct": 10.923, "syntax_betweenness_pct": 33.137, "segment_count": 1.0 }, "geometry": { "type": "Polygon", "coordinates": [ [ [ 34.830986972171672, 31.264574524358913 ], [ 34.830978093722756, 31.266829259704657 ], [ 34.828353160289048, 31.26682160616344 ], [ 34.828362101148599, 31.264566871494079 ], [ 34.830986972171672, 31.264574524358913 ] ] ] } },
{ "type": "Feature", "properties": { "cell_id": 4027, "score_syntax": 48.385, "syntax_closeness_pct": 46.54, "syntax_betweenness_pct": 51.153, "segment_count": 3.0 }, "geometry": { "type": "Polygon", "coordinates": [ [ [ 34.830978093722756, 31.266829259704657 ], [ 34.830969214274887, 31.269083994256171 ], [ 34.828344218423524, 31.269076340038495 ], [ 34.828353160289048, 31.26682160616344 ], [ 34.830978093722756, 31.266829259704657 ] ] ] } },
{ "type": "Feature", "properties": { "cell_id": 4029, "score_syntax": 20.187, "syntax_closeness_pct": 11.554, "syntax_betweenness_pct": 33.137, "segment_count": 1.0 }, "geometry": { "type": "Polygon", "coordinates": [ [ [ 34.830960333827974, 31.271338728013387 ], [ 34.830951452381875, 31.273593460976262 ], [ 34.828326331674141, 31.273585805405645 ], [ 34.828335275551915, 31.271331073119256 ], [ 34.830960333827974, 31.271338728013387 ] ] ] } },
{ "type": "Feature", "properties": { "cell_id": 4031, "score_syntax": 29.434, "syntax_closeness_pct": 26.966, "syntax_betweenness_pct": 33.137, "segment_count": 2.0 }, "geometry": { "type": "Polygon", "coordinates": [ [ [ 34.830942569936532, 31.275848193144803 ], [ 34.830933686491825, 31.278102924518937 ], [ 34.828308440899669, 31.278095267595255 ], [ 34.82831738679009, 31.275840536897643 ], [ 34.830942569936532, 31.275848193144803 ] ] ] } },
{ "type": "Feature", "properties": { "cell_id": 4032, "score_syntax": 29.957, "syntax_closeness_pct": 5.543, "syntax_betweenness_pct": 66.578, "segment_count": 1.0 }, "geometry": { "type": "Polygon", "coordinates": [ [ [ 34.830933686491825, 31.278102924518937 ], [ 34.830924802047669, 31.280357655098683 ], [ 34.828299494002771, 31.280349997498408 ], [ 34.828308440899669, 31.278095267595255 ], [ 34.830933686491825, 31.278102924518937 ] ] ] } },
{ "type": "Feature", "properties": { "cell_id": 4033, "score_syntax": 22.634, "syntax_closeness_pct": 4.278, "syntax_betweenness_pct": 50.169, "segment_count": 2.0 }, "geometry": { "type": "Polygon", "coordinates": [ [ [ 34.830924802047669, 31.280357655098683 ], [ 34.830915916603956, 31.282612384883951 ], [ 34.828290546099311, 31.282604726607065 ], [ 34.828299494002771, 31.280349997498408 ], [ 34.830924802047669, 31.280357655098683 ] ] ] } },
{ "type": "Feature", "properties": { "cell_id": 4041, "score_syntax": 16.447, "syntax_closeness_pct": 5.321, "syntax_betweenness_pct": 33.137, "segment_count": 1.0 }, "geometry": { "type": "Polygon", "coordinates": [ [ [ 34.830853690502174, 31.298395471133539 ], [ 34.830844797058482, 31.300650194562056 ], [ 34.828218926623116, 31.300642530871084 ], [ 34.828227882582731, 31.29838780811944 ], [ 34.830853690502174, 31.298395471133539 ] ] ] } },
{ "type": "Feature", "properties": { "cell_id": 4080, "score_syntax": 17.206, "syntax_closeness_pct": 6.586, "syntax_betweenness_pct": 33.137, "segment_count": 2.0 }, "geometry": { "type": "Polygon", "coordinates": [ [ [ 34.833849502623096, 31.203703951046322 ], [ 34.83384071333073, 31.205958708495594 ], [ 34.831217461528873, 31.205951126690849 ], [ 34.831226313042897, 31.203696369912386 ], [ 34.833849502623096, 31.203703951046322 ] ] ] } },
{ "type": "Feature", "properties": { "cell_id": 4081, "score_syntax": 25.733, "syntax_closeness_pct": 17.944, "syntax_betweenness_pct": 37.417, "segment_count": 8.0 }, "geometry": { "type": "Polygon", "coordinates": [ [ [ 34.83384071333073, 31.205958708495594 ], [ 34.833831923049061, 31.208213465151555 ], [ 34.831208609018546, 31.208205882675934 ], [ 34.831217461528873, 31.205951126690849 ], [ 34.83384071333073, 31.205958708495594 ] ] ] } },
{ "type": "Feature", "properties": { "cell_id": 4082, "score_syntax": 35.307, "syntax_closeness_pct": 33.915, "syntax_betweenness_pct": 37.395, "segment_count": 8.0 }, "geometry": { "type": "Polygon", "coordinates": [ [ [ 34.833831923049061, 31.208213465151555 ], [ 34.833823131777962, 31.210468221014104 ], [ 34.831199755511804, 31.210460637867612 ], [ 34.831208609018546, 31.208205882675934 ], [ 34.833831923049061, 31.208213465151555 ] ] ] } },
{ "type": "Feature", "properties": { "cell_id": 4085, "score_syntax": 19.27, "syntax_closeness_pct": 10.025, "syntax_betweenness_pct": 33.137, "segment_count": 2.0 }, "geometry": { "type": "Polygon", "coordinates": [ [ [ 34.833805546267122, 31.214977730358957 ], [ 34.833796752027204, 31.217232483841162 ], [ 34.831173189012134, 31.217224898681827 ], [ 34.831182045508697, 31.214970145870595 ], [ 34.833805546267122, 31.214977730358957 ] ] ] } },
{ "type": "Feature", "properties": { "cell_id": 4086, "score_syntax": 18.825, "syntax_closeness_pct": 9.283, "syntax_betweenness_pct": 33.137, "segment_count": 1.0 }, "geometry": { "type": "Polygon", "coordinates": [ [ [ 34.833796752027204, 31.217232483841162 ], [ 34.83378795679748, 31.219487236529861 ], [ 34.831164331518771, 31.219479650699515 ], [ 34.831173189012134, 31.217224898681827 ], [ 34.833796752027204, 31.217232483841162 ] ] ] } },
{ "type": "Feature", "properties": { "cell_id": 4089, "score_syntax": 28.063, "syntax_closeness_pct": 24.681, "syntax_betweenness_pct": 33.137, "segment_count": 2.0 }, "geometry": { "type": "Polygon", "coordinates": [ [ [ 34.833770363368195, 31.223996739526612 ], [ 34.833761565168459, 31.226251489834574 ], [ 34.831137753056872, 31.226243901990991 ], [ 34.831146613541229, 31.223989152354129 ], [ 34.833770363368195, 31.223996739526612 ] ] ] } },
{ "type": "Feature", "properties": { "cell_id": 4091, "score_syntax": 15.009, "syntax_closeness_pct": 2.924, "syntax_betweenness_pct": 33.137, "segment_count": 1.0 }, "geometry": { "type": "Polygon", "coordinates": [ [ [ 34.833752765978538, 31.228506239348903 ], [ 34.833743965798313, 31.230760988069541 ], [ 34.831120029096454, 31.23075339888366 ], [ 34.831128891575311, 31.228498650834162 ], [ 34.833752765978538, 31.228506239348903 ] ] ] } },
{ "type": "Feature", "properties": { "cell_id": 4092, "score_syntax": 19.056, "syntax_closeness_pct": 9.669, "syntax_betweenness_pct": 33.137, "segment_count": 1.0 }, "geometry": { "type": "Polygon", "coordinates": [ [ [ 34.833743965798313, 31.230760988069541 ], [ 34.833735164627704, 31.233015735996478 ], [ 34.8311111656202, 31.233008146139383 ], [ 34.831120029096454, 31.23075339888366 ], [ 34.833743965798313, 31.230760988069541 ] ] ] } },
{ "type": "Feature", "properties": { "cell_id": 4094, "score_syntax": 77.142, "syntax_closeness_pct": 70.659, "syntax_betweenness_pct": 86.866, "segment_count": 1.0 }, "geometry": { "type": "Polygon", "coordinates": [ [ [ 34.833726362466606, 31.235270483129657 ], [ 34.83371755931492, 31.237525229469096 ], [ 34.831093435675157, 31.237517638269509 ], [ 34.83110230114648, 31.235262892601352 ], [ 34.833726362466606, 31.235270483129657 ] ] ] } },
{ "type": "Feature", "properties": { "cell_id": 4095, "score_syntax": 43.438, "syntax_closeness_pct": 36.027, "syntax_betweenness_pct": 54.553, "segment_count": 2.0 }, "geometry": { "type": "Polygon", "coordinates": [ [ [ 34.83371755931492, 31.237525229469096 ], [ 34.833708755172552, 31.239779975014706 ], [ 34.831084569206141, 31.239772383143833 ], [ 34.831093435675157, 31.237517638269509 ], [ 34.83371755931492, 31.237525229469096 ] ] ] } },
{ "type": "Feature", "properties": { "cell_id": 4096, "score_syntax": 27.084, "syntax_closeness_pct": 23.048, "syntax_betweenness_pct": 33.137, "segment_count": 1.0 }, "geometry": { "type": "Polygon", "coordinates": [ [ [ 34.833708755172552, 31.239779975014706 ], [ 34.833699950039396, 31.242034719766476 ], [ 34.831075701739344, 31.242027127224283 ], [ 34.831084569206141, 31.239772383143833 ], [ 34.833708755172552, 31.239779975014706 ] ] ] } },
{ "type": "Feature", "properties": { "cell_id": 4098, "score_syntax": 14.635, "syntax_closeness_pct": 2.3, "syntax_betweenness_pct": 33.137, "segment_count": 1.0 }, "geometry": { "type": "Polygon", "coordinates": [ [ [ 34.833691143915374, 31.244289463724392 ], [ 34.833682336800379, 31.246544206888391 ], [ 34.831057963812022, 31.246536613003457 ], [ 34.831066833274676, 31.244281870510846 ], [ 34.833691143915374, 31.244289463724392 ] ] ] } },
{ "type": "Feature", "properties": { "cell_id": 4100, "score_syntax": 71.38, "syntax_closeness_pct": 69.768, "syntax_betweenness_pct": 73.798, "segment_count": 1.0 }, "geometry": { "type": "Polygon", "coordinates": [ [ [ 34.833673528694312, 31.248798949258468 ], [ 34.833664719597081, 31.25105369083456 ], [ 34.831040221892373, 31.251046095606785 ], [ 34.831049093351282, 31.248791354702124 ], [ 34.833673528694312, 31.248798949258468 ] ] ] } },
{ "type": "Feature", "properties": { "cell_id": 4102, "score_syntax": 51.853, "syntax_closeness_pct": 49.622, "syntax_betweenness_pct": 55.2, "segment_count": 2.0 }, "geometry": { "type": "Polygon", "coordinates": [ [ [ 34.833655909508558, 31.253308431616663 ], [ 34.833647098428685, 31.255563171604749 ], [ 34.831022475979616, 31.255555575033952 ], [ 34.831031349435179, 31.253300835717393 ], [ 34.833655909508558, 31.253308431616663 ] ] ] } },
{ "type": "Feature", "properties": { "cell_id": 4103, "score_syntax": 36.892, "syntax_closeness_pct": 29.72, "syntax_betweenness_pct": 47.65, "segment_count": 3.0 }, "geometry": { "type": "Polygon", "coordinates": [ [ [ 34.833647098428685, 31.255563171604749 ], [ 34.833638286357349, 31.257817910798742 ], [ 34.831013601525584, 31.257810313556426 ], [ 34.831022475979616, 31.255555575033952 ], [ 34.833647098428685, 31.255563171604749 ] ] ] } },
{ "type": "Feature", "properties": { "cell_id": 4104, "score_syntax": 65.335, "syntax_closeness_pct": 61.953, "syntax_betweenness_pct": 70.408, "segment_count": 12.0 }, "geometry": { "type": "Polygon", "coordinates": [ [ [ 34.833638286357349, 31.257817910798742 ], [ 34.833629473294465, 31.260072649198641 ], [ 34.831004726072976, 31.260065051284744 ], [ 34.831013601525584, 31.257810313556426 ], [ 34.833638286357349, 31.257817910798742 ] ] ] } },
{ "type": "Feature", "properties": { "cell_id": 4105, "score_syntax": 78.143, "syntax_closeness_pct": 73.21, "syntax_betweenness_pct": 85.544, "segment_count": 23.0 }, "geometry": { "type": "Polygon", "coordinates": [ [ [ 34.833629473294465, 31.260072649198641 ], [ 34.833620659239905, 31.262327386804422 ], [ 34.830995849621715, 31.262319788218932 ], [ 34.831004726072976, 31.260065051284744 ], [ 34.833629473294465, 31.260072649198641 ] ] ] } },
{ "type": "Feature", "properties": { "cell_id": 4106, "score_syntax": 25.013, "syntax_closeness_pct": 12.166, "syntax_betweenness_pct": 44.284, "segment_count": 3.0 }, "geometry": { "type": "Polygon", "coordinates": [ [ [ 34.833620659239905, 31.262327386804422 ], [ 34.833611844193605, 31.264582123616041 ], [ 34.830986972171672, 31.264574524358913 ], [ 34.830995849621715, 31.262319788218932 ], [ 34.833620659239905, 31.262327386804422 ] ] ] } },
{ "type": "Feature", "properties": { "cell_id": 4107, "score_syntax": 26.452, "syntax_closeness_pct": 17.614, "syntax_betweenness_pct": 39.709, "segment_count": 6.0 }, "geometry": { "type": "Polygon", "coordinates": [ [ [ 34.833611844193605, 31.264582123616041 ], [ 34.833603028155444, 31.266836859633464 ], [ 34.830978093722756, 31.266829259704657 ], [ 34.830986972171672, 31.264574524358913 ], [ 34.833611844193605, 31.264582123616041 ] ] ] } },
{ "type": "Feature", "properties": { "cell_id": 4109, "score_syntax": 22.378, "syntax_closeness_pct": 15.205, "syntax_betweenness_pct": 33.137, "segment_count": 1.0 }, "geometry": { "type": "Polygon", "coordinates": [ [ [ 34.83359421112533, 31.269091594856661 ], [ 34.833585393103178, 31.271346329285613 ], [ 34.830960333827974, 31.271338728013387 ], [ 34.830969214274887, 31.269083994256171 ], [ 34.83359421112533, 31.269091594856661 ] ] ] } },
{ "type": "Feature", "properties": { "cell_id": 4110, "score_syntax": 20.08, "syntax_closeness_pct": 11.376, "syntax_betweenness_pct": 33.137, "segment_count": 1.0 }, "geometry": { "type": "Polygon", "coordinates": [ [ [ 34.833585393103178, 31.271346329285613 ], [ 34.833576574088873, 31.27360106292025 ], [ 34.830951452381875, 31.273593460976262 ], [ 34.830960333827974, 31.271338728013387 ], [ 34.833585393103178, 31.271346329285613 ] ] ] } },
{ "type": "Feature", "properties": { "cell_id": 4111, "score_syntax": 27.196, "syntax_closeness_pct": 18.776, "syntax_betweenness_pct": 39.825, "segment_count": 10.0 }, "geometry": { "type": "Polygon", "coordinates": [ [ [ 34.833576574088873, 31.27360106292025 ], [ 34.833567754082317, 31.275855795760567 ], [ 34.830942569936532, 31.275848193144803 ], [ 34.830951452381875, 31.273593460976262 ], [ 34.833576574088873, 31.27360106292025 ] ] ] } },
{ "type": "Feature", "properties": { "cell_id": 4112, "score_syntax": 29.163, "syntax_closeness_pct": 26.514, "syntax_betweenness_pct": 33.137, "segment_count": 5.0 }, "geometry": { "type": "Polygon", "coordinates": [ [ [ 34.833567754082317, 31.275855795760567 ], [ 34.833558933083438, 31.278110527806557 ], [ 34.830933686491825, 31.278102924518937 ], [ 34.830942569936532, 31.275848193144803 ], [ 34.833567754082317, 31.275855795760567 ] ] ] } },
{ "type": "Feature", "properties": { "cell_id": 4117, "score_syntax": 30.598, "syntax_closeness_pct": 6.612, "syntax_betweenness_pct": 66.578, "segment_count": 1.0 }, "geometry": { "type": "Polygon", "coordinates": [ [ [ 34.833523639162514, 31.287129448046215 ], [ 34.833514813200452, 31.289384176119935 ], [ 34.830889254274503, 31.289376569472743 ], [ 34.830898142717466, 31.287121842071027 ], [ 34.833523639162514, 31.287129448046215 ] ] ] } },
{ "type": "Feature", "properties": { "cell_id": 4159, "score_syntax": 27.191, "syntax_closeness_pct": 23.226, "syntax_betweenness_pct": 33.137, "segment_count": 1.0 }, "geometry": { "type": "Polygon", "coordinates": [ [ [ 34.836490144387128, 31.199201960089464 ], [ 34.836481419280879, 31.201456719791398 ], [ 34.833858290926216, 31.201449192803683 ], [ 34.833867078240253, 31.199194433767786 ], [ 34.836490144387128, 31.199201960089464 ] ] ] } },
{ "type": "Feature", "properties": { "cell_id": 4160, "score_syntax": 29.15, "syntax_closeness_pct": 26.492, "syntax_betweenness_pct": 33.137, "segment_count": 5.0 }, "geometry": { "type": "Polygon", "coordinates": [ [ [ 34.836481419280879, 31.201456719791398 ], [ 34.836472693192519, 31.2037114787001 ], [ 34.833849502623096, 31.203703951046322 ], [ 34.833858290926216, 31.201449192803683 ], [ 34.836481419280879, 31.201456719791398 ] ] ] } },
{ "type": "Feature", "properties": { "cell_id": 4161, "score_syntax": 37.62, "syntax_closeness_pct": 40.608, "syntax_betweenness_pct": 33.137, "segment_count": 3.0 }, "geometry": { "type": "Polygon", "coordinates": [ [ [ 34.836472693192519, 31.2037114787001 ], [ 34.836463966121904, 31.205966236815492 ], [ 34.83384071333073, 31.205958708495594 ], [ 34.833849502623096, 31.203703951046322 ], [ 34.836472693192519, 31.2037114787001 ] ] ] } },
{ "type": "Feature", "properties": { "cell_id": 4162, "score_syntax": 41.237, "syntax_closeness_pct": 46.637, "syntax_betweenness_pct": 33.137, "segment_count": 6.0 }, "geometry": { "type": "Polygon", "coordinates": [ [ [ 34.836463966121904, 31.205966236815492 ], [ 34.836455238068972, 31.208220994137569 ], [ 34.833831923049061, 31.208213465151555 ], [ 34.83384071333073, 31.205958708495594 ], [ 34.836463966121904, 31.205966236815492 ] ] ] } },
{ "type": "Feature", "properties": { "cell_id": 4163, "score_syntax": 33.667, "syntax_closeness_pct": 34.021, "syntax_betweenness_pct": 33.137, "segment_count": 8.0 }, "geometry": { "type": "Polygon", "coordinates": [ [ [ 34.836455238068972, 31.208220994137569 ], [ 34.836446509033628, 31.210475750666298 ], [ 34.833823131777962, 31.210468221014104 ], [ 34.833831923049061, 31.208213465151555 ], [ 34.836455238068972, 31.208220994137569 ] ] ] } },
{ "type": "Feature", "properties": { "cell_id": 4167, "score_syntax": 14.501, "syntax_closeness_pct": 2.078, "syntax_betweenness_pct": 33.137, "segment_count": 1.0 }, "geometry": { "type": "Polygon", "coordinates": [ [ [ 34.836420316032083, 31.217240015492013 ], [ 34.836411583066074, 31.21949476884701 ], [ 34.83378795679748, 31.219487236529861 ], [ 34.833796752027204, 31.217232483841162 ], [ 34.836420316032083, 31.217240015492013 ] ] ] } },
{ "type": "Feature", "properties": { "cell_id": 4168, "score_syntax": 14.8, "syntax_closeness_pct": 2.575, "syntax_betweenness_pct": 33.137, "segment_count": 1.0 }, "geometry": { "type": "Polygon", "coordinates": [ [ [ 34.836411583066074, 31.21949476884701 ], [ 34.836402849117164, 31.221749521408487 ], [ 34.833779160577841, 31.22174198842503 ], [ 34.83378795679748, 31.219487236529861 ], [ 34.836411583066074, 31.21949476884701 ] ] ] } },
{ "type": "Feature", "properties": { "cell_id": 4177, "score_syntax": 15.232, "syntax_closeness_pct": 3.295, "syntax_betweenness_pct": 33.137, "segment_count": 1.0 }, "geometry": { "type": "Polygon", "coordinates": [ [ [ 34.836332942129722, 31.239787513329802 ], [ 34.836324199330328, 31.242042258748171 ], [ 34.833699950039396, 31.242034719766476 ], [ 34.833708755172552, 31.239779975014706 ], [ 34.836332942129722, 31.239787513329802 ] ] ] } },
{ "type": "Feature", "properties": { "cell_id": 4178, "score_syntax": 71.913, "syntax_closeness_pct": 69.59, "syntax_betweenness_pct": 75.397, "segment_count": 1.0 }, "geometry": { "type": "Polygon", "coordinates": [ [ [ 34.836324199330328, 31.242042258748171 ], [ 34.836315455547052, 31.244297003372715 ], [ 34.833691143915374, 31.244289463724392 ], [ 34.833699950039396, 31.242034719766476 ], [ 34.836324199330328, 31.242042258748171 ] ] ] } },
{ "type": "Feature", "properties": { "cell_id": 4180, "score_syntax": 72.308, "syntax_closeness_pct": 69.724, "syntax_betweenness_pct": 76.184, "segment_count": 1.0 }, "geometry": { "type": "Polygon", "coordinates": [ [ [ 34.836306710779809, 31.246551747203377 ], [ 34.836297965028514, 31.248806490240128 ], [ 34.833673528694312, 31.248798949258468 ], [ 34.833682336800379, 31.246544206888391 ], [ 34.836306710779809, 31.246551747203377 ] ] ] } },
{ "type": "Feature", "properties": { "cell_id": 4181, "score_syntax": 21.821, "syntax_closeness_pct": 14.277, "syntax_betweenness_pct": 33.137, "segment_count": 1.0 }, "geometry": { "type": "Polygon", "coordinates": [ [ [ 34.836297965028514, 31.248806490240128 ], [ 34.836289218293039, 31.251061232482968 ], [ 34.833664719597081, 31.25105369083456 ], [ 34.833673528694312, 31.248798949258468 ], [ 34.836297965028514, 31.248806490240128 ] ] ] } },
{ "type": "Feature", "properties": { "cell_id": 4183, "score_syntax": 50.038, "syntax_closeness_pct": 46.783, "syntax_betweenness_pct": 54.922, "segment_count": 2.0 }, "geometry": { "type": "Polygon", "coordinates": [ [ [ 34.836280470573314, 31.253315973931795 ], [ 34.836271721869224, 31.255570714586643 ], [ 34.833647098428685, 31.255563171604749 ], [ 34.833655909508558, 31.253308431616663 ], [ 34.836280470573314, 31.253315973931795 ] ] ] } },
{ "type": "Feature", "properties": { "cell_id": 4184, "score_syntax": 56.935, "syntax_closeness_pct": 54.152, "syntax_betweenness_pct": 61.109, "segment_count": 6.0 }, "geometry": { "type": "Polygon", "coordinates": [ [ [ 34.836271721869224, 31.255570714586643 ], [ 34.836262972180691, 31.257825454447477 ], [ 34.833638286357349, 31.257817910798742 ], [ 34.833647098428685, 31.255563171604749 ], [ 34.836271721869224, 31.255570714586643 ] ] ] } },
{ "type": "Feature", "properties": { "cell_id": 4185, "score_syntax": 45.69, "syntax_closeness_pct": 38.535, "syntax_betweenness_pct": 56.424, "segment_count": 2.0 }, "geometry": { "type": "Polygon", "coordinates": [ [ [ 34.836262972180691, 31.257825454447477 ], [ 34.836254221507602, 31.260080193514217 ], [ 34.833629473294465, 31.260072649198641 ], [ 34.833638286357349, 31.257817910798742 ], [ 34.836262972180691, 31.257825454447477 ] ] ] } },
{ "type": "Feature", "properties": { "cell_id": 4186, "score_syntax": 42.514, "syntax_closeness_pct": 31.486, "syntax_betweenness_pct": 59.058, "segment_count": 4.0 }, "geometry": { "type": "Polygon", "coordinates": [ [ [ 34.836254221507602, 31.260080193514217 ], [ 34.836245469849878, 31.262334931786864 ], [ 34.833620659239905, 31.262327386804422 ], [ 34.833629473294465, 31.260072649198641 ], [ 34.836254221507602, 31.260080193514217 ] ] ] } },
{ "type": "Feature", "properties": { "cell_id": 4187, "score_syntax": 35.083, "syntax_closeness_pct": 25.026, "syntax_betweenness_pct": 50.169, "segment_count": 2.0 }, "geometry": { "type": "Polygon", "coordinates": [ [ [ 34.836245469849878, 31.262334931786864 ], [ 34.836236717207399, 31.264589669265394 ], [ 34.833611844193605, 31.264582123616041 ], [ 34.833620659239905, 31.262327386804422 ], [ 34.836245469849878, 31.262334931786864 ] ] ] } },
{ "type": "Feature", "properties": { "cell_id": 4188, "score_syntax": 18.794, "syntax_closeness_pct": 9.231, "syntax_betweenness_pct": 33.137, "segment_count": 4.0 }, "geometry": { "type": "Polygon", "coordinates": [ [ [ 34.836236717207399, 31.264589669265394 ], [ 34.836227963580086, 31.266844405949751 ], [ 34.833603028155444, 31.266836859633464 ], [ 34.833611844193605, 31.264582123616041 ], [ 34.836236717207399, 31.264589669265394 ] ] ] } },
{ "type": "Feature", "properties": { "cell_id": 4189, "score_syntax": 33.455, "syntax_closeness_pct": 33.667, "syntax_betweenness_pct": 33.137, "segment_count": 12.0 }, "geometry": { "type": "Polygon", "coordinates": [ [ [ 34.836227963580086, 31.266844405949751 ], [ 34.836219208967826, 31.269099141839916 ], [ 34.83359421112533, 31.269091594856661 ], [ 34.833603028155444, 31.266836859633464 ], [ 34.836227963580086, 31.266844405949751 ] ] ] } },
{ "type": "Feature", "properties": { "cell_id": 4190, "score_syntax": 34.312, "syntax_closeness_pct": 35.096, "syntax_betweenness_pct": 33.137, "segment_count": 12.0 }, "geometry": { "type": "Polygon", "coordinates": [ [ [ 34.836219208967826, 31.269099141839916 ], [ 34.836210453370526, 31.271353876935859 ], [ 34.833585393103178, 31.271346329285613 ], [ 34.83359421112533, 31.269091594856661 ], [ 34.836219208967826, 31.269099141839916 ] ] ] } },
{ "type": "Feature", "properties": { "cell_id": 4191, "score_syntax": 33.735, "syntax_closeness_pct": 34.133, "syntax_betweenness_pct": 33.137, "segment_count": 11.0 }, "geometry": { "type": "Polygon", "coordinates": [ [ [ 34.836210453370526, 31.271353876935859 ], [ 34.836201696788109, 31.273608611237524 ], [ 34.833576574088873, 31.27360106292025 ], [ 34.833585393103178, 31.271346329285613 ], [ 34.836210453370526, 31.271353876935859 ] ] ] } },
{ "type": "Feature", "properties": { "cell_id": 4192, "score_syntax": 31.666, "syntax_closeness_pct": 30.685, "syntax_betweenness_pct": 33.137, "segment_count": 21.0 }, "geometry": { "type": "Polygon", "coordinates": [ [ [ 34.836201696788109, 31.273608611237524 ], [ 34.836192939220467, 31.275863344744913 ], [ 34.833567754082317, 31.275855795760567 ], [ 34.833576574088873, 31.27360106292025 ], [ 34.836201696788109, 31.273608611237524 ] ] ] } },
{ "type": "Feature", "properties": { "cell_id": 4193, "score_syntax": 27.502, "syntax_closeness_pct": 23.746, "syntax_betweenness_pct": 33.137, "segment_count": 9.0 }, "geometry": { "type": "Polygon", "coordinates": [ [ [ 34.836192939220467, 31.275863344744913 ], [ 34.836184180667495, 31.278118077457979 ], [ 34.833558933083438, 31.278110527806557 ], [ 34.833567754082317, 31.275855795760567 ], [ 34.836192939220467, 31.275863344744913 ] ] ] } },
{ "type": "Feature", "properties": { "cell_id": 4194, "score_syntax": 19.038, "syntax_closeness_pct": 9.639, "syntax_betweenness_pct": 33.137, "segment_count": 1.0 }, "geometry": { "type": "Polygon", "coordinates": [ [ [ 34.836184180667495, 31.278118077457979 ], [ 34.836175421129099, 31.280372809376672 ], [ 34.833550111092109, 31.280365259058133 ], [ 34.833558933083438, 31.278110527806557 ], [ 34.836184180667495, 31.278118077457979 ] ] ] } },
{ "type": "Feature", "properties": { "cell_id": 4198, "score_syntax": 14.555, "syntax_closeness_pct": 2.167, "syntax_betweenness_pct": 33.137, "segment_count": 1.0 }, "geometry": { "type": "Polygon", "coordinates": [ [ [ 34.836149136600397, 31.287137000366325 ], [ 34.836140373119342, 31.289391729107273 ], [ 34.833514813200452, 31.289384176119935 ], [ 34.833523639162514, 31.287129448046215 ], [ 34.836149136600397, 31.287137000366325 ] ] ] } },
{ "type": "Feature", "properties": { "cell_id": 4200, "score_syntax": 14.519, "syntax_closeness_pct": 2.107, "syntax_betweenness_pct": 33.137, "segment_count": 1.0 }, "geometry": { "type": "Polygon", "coordinates": [ [ [ 34.83613160865238, 31.291646457053716 ], [ 34.836122843199398, 31.293901184205595 ], [ 34.833497158297448, 31.293893629883669 ], [ 34.83350598624547, 31.291638903399086 ], [ 34.83613160865238, 31.291646457053716 ] ] ] } },
{ "type": "Feature", "properties": { "cell_id": 4202, "score_syntax": 16.095, "syntax_closeness_pct": 4.734, "syntax_betweenness_pct": 33.137, "segment_count": 1.0 }, "geometry": { "type": "Polygon", "coordinates": [ [ [ 34.836114076760332, 31.296155910562913 ], [ 34.836105309335053, 31.298410636125595 ], [ 34.833479499421948, 31.298403080468944 ], [ 34.833488329356314, 31.296148355573646 ], [ 34.836114076760332, 31.296155910562913 ] ] ] } },
{ "type": "Feature", "properties": { "cell_id": 4240, "score_syntax": 53.276, "syntax_closeness_pct": 50.848, "syntax_betweenness_pct": 56.917, "segment_count": 3.0 }, "geometry": { "type": "Polygon", "coordinates": [ [ [ 34.839113211516072, 31.199209432940375 ], [ 34.839104548617698, 31.201464193303643 ], [ 34.836481419280879, 31.201456719791398 ], [ 34.836490144387128, 31.199201960089464 ], [ 34.839113211516072, 31.199209432940375 ] ] ] } },
{ "type": "Feature", "properties": { "cell_id": 4241, "score_syntax": 28.164, "syntax_closeness_pct": 24.849, "syntax_betweenness_pct": 33.137, "segment_count": 15.0 }, "geometry": { "type": "Polygon", "coordinates": [ [ [ 34.839104548617698, 31.201464193303643 ], [ 34.839095884744168, 31.203718952873668 ], [ 34.836472693192519, 31.2037114787001 ], [ 34.836481419280879, 31.201456719791398 ], [ 34.839104548617698, 31.201464193303643 ] ] ] } },
{ "type": "Feature", "properties": { "cell_id": 4242, "score_syntax": 34.816, "syntax_closeness_pct": 35.935, "syntax_betweenness_pct": 33.137, "segment_count": 6.0 }, "geometry": { "type": "Polygon", "coordinates": [ [ [ 34.839095884744168, 31.203718952873668 ], [ 34.839087219895411, 31.205973711650451 ], [ 34.836463966121904, 31.205966236815492 ], [ 34.836472693192519, 31.2037114787001 ], [ 34.839095884744168, 31.203718952873668 ] ] ] } },
{ "type": "Feature", "properties": { "cell_id": 4243, "score_syntax": 36.319, "syntax_closeness_pct": 35.556, "syntax_betweenness_pct": 37.463, "segment_count": 8.0 }, "geometry": { "type": "Polygon", "coordinates": [ [ [ 34.839087219895411, 31.205973711650451 ], [ 34.839078554071328, 31.208228469633919 ], [ 34.836455238068972, 31.208220994137569 ], [ 34.836463966121904, 31.205966236815492 ], [ 34.839087219895411, 31.205973711650451 ] ] ] } },
{ "type": "Feature", "properties": { "cell_id": 4244, "score_syntax": 27.808, "syntax_closeness_pct": 24.256, "syntax_betweenness_pct": 33.137, "segment_count": 10.0 }, "geometry": { "type": "Polygon", "coordinates": [ [ [ 34.839078554071328, 31.208228469633919 ], [ 34.839069887271812, 31.210483226824074 ], [ 34.836446509033628, 31.210475750666298 ], [ 34.836455238068972, 31.208220994137569 ], [ 34.839078554071328, 31.208228469633919 ] ] ] } },
{ "type": "Feature", "properties": { "cell_id": 4246, "score_syntax": 15.316, "syntax_closeness_pct": 3.436, "syntax_betweenness_pct": 33.137, "segment_count": 1.0 }, "geometry": { "type": "Polygon", "coordinates": [ [ [ 34.83906121949677, 31.212737983220887 ], [ 34.839052550746118, 31.214992738824304 ], [ 34.836429048015262, 31.214985261343561 ], [ 34.83643777901576, 31.21273050640163 ], [ 34.83906121949677, 31.212737983220887 ] ] ] } },
{ "type": "Feature", "properties": { "cell_id": 4247, "score_syntax": 22.979, "syntax_closeness_pct": 16.207, "syntax_betweenness_pct": 33.137, "segment_count": 1.0 }, "geometry": { "type": "Polygon", "coordinates": [ [ [ 34.839052550746118, 31.214992738824304 ], [ 34.839043881019755, 31.217247493634304 ], [ 34.836420316032083, 31.217240015492013 ], [ 34.836429048015262, 31.214985261343561 ], [ 34.839052550746118, 31.214992738824304 ] ] ] } },
{ "type": "Feature", "properties": { "cell_id": 4250, "score_syntax": 74.196, "syntax_closeness_pct": 69.608, "syntax_betweenness_pct": 81.08, "segment_count": 3.0 }, "geometry": { "type": "Polygon", "coordinates": [ [ [ 34.839026538639494, 31.221757000873914 ], [ 34.839017865985404, 31.224011753303479 ], [ 34.836394114185261, 31.224004273176419 ], [ 34.836402849117164, 31.221749521408487 ], [ 34.839026538639494, 31.221757000873914 ] ] ] } },
{ "type": "Feature", "properties": { "cell_id": 4259, "score_syntax": 43.834, "syntax_closeness_pct": 36.929, "syntax_betweenness_pct": 54.191, "segment_count": 2.0 }, "geometry": { "type": "Polygon", "coordinates": [ [ [ 34.838948449605127, 31.242049744169311 ], [ 34.838939768162696, 31.244304489455743 ], [ 34.836315455547052, 31.244297003372715 ], [ 34.836324199330328, 31.242042258748171 ], [ 34.838948449605127, 31.242049744169311 ] ] ] } },
{ "type": "Feature", "properties": { "cell_id": 4260, "score_syntax": 71.756, "syntax_closeness_pct": 69.514, "syntax_betweenness_pct": 75.119, "segment_count": 3.0 }, "geometry": { "type": "Polygon", "coordinates": [ [ [ 34.838939768162696, 31.244304489455743 ], [ 34.838931085743319, 31.246559233948336 ], [ 34.836306710779809, 31.246551747203377 ], [ 34.836315455547052, 31.244297003372715 ], [ 34.838939768162696, 31.244304489455743 ] ] ] } },
{ "type": "Feature", "properties": { "cell_id": 4261, "score_syntax": 20.95, "syntax_closeness_pct": 12.827, "syntax_betweenness_pct": 33.137, "segment_count": 2.0 }, "geometry": { "type": "Polygon", "coordinates": [ [ [ 34.838931085743319, 31.246559233948336 ], [ 34.838922402346867, 31.24881397764705 ], [ 34.836297965028514, 31.248806490240128 ], [ 34.836306710779809, 31.246551747203377 ], [ 34.838931085743319, 31.246559233948336 ] ] ] } },
{ "type": "Feature", "properties": { "cell_id": 4262, "score_syntax": 72.1, "syntax_closeness_pct": 70.039, "syntax_betweenness_pct": 75.193, "segment_count": 2.0 }, "geometry": { "type": "Polygon", "coordinates": [ [ [ 34.838922402346867, 31.24881397764705 ], [ 34.83891371797327, 31.251068720551867 ], [ 34.836289218293039, 31.251061232482968 ], [ 34.836297965028514, 31.248806490240128 ], [ 34.838922402346867, 31.24881397764705 ] ] ] } },
{ "type": "Feature", "properties": { "cell_id": 4265, "score_syntax": 37.848, "syntax_closeness_pct": 40.989, "syntax_betweenness_pct": 33.137, "segment_count": 11.0 }, "geometry": { "type": "Polygon", "coordinates": [ [ [ 34.83889634629422, 31.255578203979631 ], [ 34.838887658988583, 31.257832944502535 ], [ 34.836262972180691, 31.257825454447477 ], [ 34.836271721869224, 31.255570714586643 ], [ 34.83889634629422, 31.255578203979631 ] ] ] } },
{ "type": "Feature", "properties": { "cell_id": 4266, "score_syntax": 30.884, "syntax_closeness_pct": 29.383, "syntax_betweenness_pct": 33.137, "segment_count": 6.0 }, "geometry": { "type": "Polygon", "coordinates": [ [ [ 34.838887658988583, 31.257832944502535 ], [ 34.838878970705395, 31.26008768423139 ], [ 34.836254221507602, 31.260080193514217 ], [ 34.836262972180691, 31.257825454447477 ], [ 34.838887658988583, 31.257832944502535 ] ] ] } },
{ "type": "Feature", "properties": { "cell_id": 4267, "score_syntax": 16.649, "syntax_closeness_pct": 5.656, "syntax_betweenness_pct": 33.137, "segment_count": 4.0 }, "geometry": { "type": "Polygon", "coordinates": [ [ [ 34.838878970705395, 31.26008768423139 ], [ 34.838870281444564, 31.262342423166192 ], [ 34.836245469849878, 31.262334931786864 ], [ 34.836254221507602, 31.260080193514217 ], [ 34.838878970705395, 31.26008768423139 ] ] ] } },
{ "type": "Feature", "properties": { "cell_id": 4268, "score_syntax": 70.864, "syntax_closeness_pct": 70.733, "syntax_betweenness_pct": 71.06, "segment_count": 1.0 }, "geometry": { "type": "Polygon", "coordinates": [ [ [ 34.838870281444564, 31.262342423166192 ], [ 34.838861591206026, 31.264597161306888 ], [ 34.836236717207399, 31.264589669265394 ], [ 34.836245469849878, 31.262334931786864 ], [ 34.838870281444564, 31.262342423166192 ] ] ] } },
{ "type": "Feature", "properties": { "cell_id": 4269, "score_syntax": 36.085, "syntax_closeness_pct": 28.933, "syntax_betweenness_pct": 46.813, "segment_count": 3.0 }, "geometry": { "type": "Polygon", "coordinates": [ [ [ 34.838861591206026, 31.264597161306888 ], [ 34.838852899989647, 31.266851898653453 ], [ 34.836227963580086, 31.266844405949751 ], [ 34.836236717207399, 31.264589669265394 ], [ 34.838861591206026, 31.264597161306888 ] ] ] } },
{ "type": "Feature", "properties": { "cell_id": 4270, "score_syntax": 32.275, "syntax_closeness_pct": 31.701, "syntax_betweenness_pct": 33.137, "segment_count": 11.0 }, "geometry": { "type": "Polygon", "coordinates": [ [ [ 34.838852899989647, 31.266851898653453 ], [ 34.838844207795354, 31.269106635205855 ], [ 34.836219208967826, 31.269099141839916 ], [ 34.836227963580086, 31.266844405949751 ], [ 34.838852899989647, 31.266851898653453 ] ] ] } },
{ "type": "Feature", "properties": { "cell_id": 4271, "score_syntax": 26.705, "syntax_closeness_pct": 22.417, "syntax_betweenness_pct": 33.137, "segment_count": 11.0 }, "geometry": { "type": "Polygon", "coordinates": [ [ [ 34.838844207795354, 31.269106635205855 ], [ 34.838835514623028, 31.271361370964062 ], [ 34.836210453370526, 31.271353876935859 ], [ 34.836219208967826, 31.269099141839916 ], [ 34.838844207795354, 31.269106635205855 ] ] ] } },
{ "type": "Feature", "properties": { "cell_id": 4272, "score_syntax": 31.158, "syntax_closeness_pct": 29.839, "syntax_betweenness_pct": 33.137, "segment_count": 10.0 }, "geometry": { "type": "Polygon", "coordinates": [ [ [ 34.838835514623028, 31.271361370964062 ], [ 34.838826820472583, 31.273616105928042 ], [ 34.836201696788109, 31.273608611237524 ], [ 34.836210453370526, 31.271353876935859 ], [ 34.838835514623028, 31.271361370964062 ] ] ] } },
{ "type": "Feature", "properties": { "cell_id": 4273, "score_syntax": 32.236, "syntax_closeness_pct": 31.636, "syntax_betweenness_pct": 33.137, "segment_count": 6.0 }, "geometry": { "type": "Polygon", "coordinates": [ [ [ 34.838826820472583, 31.273616105928042 ], [ 34.838818125343941, 31.275870840097738 ], [ 34.836192939220467, 31.275863344744913 ], [ 34.836201696788109, 31.273608611237524 ], [ 34.838826820472583, 31.273616105928042 ] ] ] } },
{ "type": "Feature", "properties": { "cell_id": 4274, "score_syntax": 20.026, "syntax_closeness_pct": 11.285, "syntax_betweenness_pct": 33.137, "segment_count": 4.0 }, "geometry": { "type": "Polygon", "coordinates": [ [ [ 34.838818125343941, 31.275870840097738 ], [ 34.838809429236974, 31.278125573473172 ], [ 34.836184180667495, 31.278118077457979 ], [ 34.836192939220467, 31.275863344744913 ], [ 34.838818125343941, 31.275870840097738 ] ] ] } },
{ "type": "Feature", "properties": { "cell_id": 4275, "score_syntax": 14.777, "syntax_closeness_pct": 2.538, "syntax_betweenness_pct": 33.137, "segment_count": 1.0 }, "geometry": { "type": "Polygon", "coordinates": [ [ [ 34.838809429236974, 31.278125573473172 ], [ 34.838800732151604, 31.280380306054258 ], [ 34.836175421129099, 31.280372809376672 ], [ 34.836184180667495, 31.278118077457979 ], [ 34.838809429236974, 31.278125573473172 ] ] ] } },
{ "type": "Feature", "properties": { "cell_id": 4277, "score_syntax": 15.227, "syntax_closeness_pct": 3.287, "syntax_betweenness_pct": 33.137, "segment_count": 1.0 }, "geometry": { "type": "Polygon", "coordinates": [ [ [ 34.838792034087739, 31.282635037841001 ], [ 34.83878333504525, 31.284889768833342 ], [ 34.836157899095639, 31.284882270830888 ], [ 34.836166660605187, 31.282627540500993 ], [ 34.838792034087739, 31.282635037841001 ] ] ] } },
{ "type": "Feature", "properties": { "cell_id": 4278, "score_syntax": 22.68, "syntax_closeness_pct": 15.709, "syntax_betweenness_pct": 33.137, "segment_count": 1.0 }, "geometry": { "type": "Polygon", "coordinates": [ [ [ 34.83878333504525, 31.284889768833342 ], [ 34.838774635024095, 31.287144499031275 ], [ 34.836149136600397, 31.287137000366325 ], [ 34.836157899095639, 31.284882270830888 ], [ 34.83878333504525, 31.284889768833342 ] ] ] } },
{ "type": "Feature", "properties": { "cell_id": 4282, "score_syntax": 14.898, "syntax_closeness_pct": 2.738, "syntax_betweenness_pct": 33.137, "segment_count": 1.0 }, "geometry": { "type": "Polygon", "coordinates": [ [ [ 34.838748529087461, 31.293908684858181 ], [ 34.838739825150547, 31.296163411878091 ], [ 34.836114076760332, 31.296155910562913 ], [ 34.836122843199398, 31.293901184205595 ], [ 34.838748529087461, 31.293908684858181 ] ] ] } },
{ "type": "Feature", "properties": { "cell_id": 4283, "score_syntax": 17.082, "syntax_closeness_pct": 6.378, "syntax_betweenness_pct": 33.137, "segment_count": 2.0 }, "geometry": { "type": "Polygon", "coordinates": [ [ [ 34.838739825150547, 31.296163411878091 ], [ 34.838731120234463, 31.298418138103408 ], [ 34.836105309335053, 31.298410636125595 ], [ 34.836114076760332, 31.296155910562913 ], [ 34.838739825150547, 31.296163411878091 ] ] ] } },
{ "type": "Feature", "properties": { "cell_id": 4321, "score_syntax": 42.815, "syntax_closeness_pct": 26.291, "syntax_betweenness_pct": 67.602, "segment_count": 1.0 }, "geometry": { "type": "Polygon", "coordinates": [ [ [ 34.841736279620044, 31.199216852320447 ], [ 34.841727678929615, 31.201471613340303 ], [ 34.839104548617698, 31.201464193303643 ], [ 34.839113211516072, 31.199209432940375 ], [ 34.841736279620044, 31.199216852320447 ] ] ] } },
{ "type": "Feature", "properties": { "cell_id": 4322, "score_syntax": 51.422, "syntax_closeness_pct": 57.743, "syntax_betweenness_pct": 41.942, "segment_count": 33.0 }, "geometry": { "type": "Polygon", "coordinates": [ [ [ 34.841727678929615, 31.201471613340303 ], [ 34.841719077271051, 31.203726373566948 ], [ 34.839095884744168, 31.203718952873668 ], [ 34.839104548617698, 31.201464193303643 ], [ 34.841727678929615, 31.201471613340303 ] ] ] } },
{ "type": "Feature", "properties": { "cell_id": 4323, "score_syntax": 52.77, "syntax_closeness_pct": 58.223, "syntax_betweenness_pct": 44.59, "segment_count": 22.0 }, "geometry": { "type": "Polygon", "coordinates": [ [ [ 34.841719077271051, 31.203726373566948 ], [ 34.841710474644252, 31.205981133000364 ], [ 34.839087219895411, 31.205973711650451 ], [ 34.839095884744168, 31.203718952873668 ], [ 34.841719077271051, 31.203726373566948 ] ] ] } },
{ "type": "Feature", "properties": { "cell_id": 4324, "score_syntax": 25.929, "syntax_closeness_pct": 21.123, "syntax_betweenness_pct": 33.137, "segment_count": 5.0 }, "geometry": { "type": "Polygon", "coordinates": [ [ [ 34.841710474644252, 31.205981133000364 ], [ 34.841701871049096, 31.208235891640534 ], [ 34.839078554071328, 31.208228469633919 ], [ 34.839087219895411, 31.205973711650451 ], [ 34.841710474644252, 31.205981133000364 ] ] ] } },
{ "type": "Feature", "properties": { "cell_id": 4325, "score_syntax": 16.272, "syntax_closeness_pct": 5.029, "syntax_betweenness_pct": 33.137, "segment_count": 2.0 }, "geometry": { "type": "Polygon", "coordinates": [ [ [ 34.841701871049096, 31.208235891640534 ], [ 34.841693266485514, 31.210490649487411 ], [ 34.839069887271812, 31.210483226824074 ], [ 34.839078554071328, 31.208228469633919 ], [ 34.841701871049096, 31.208235891640534 ] ] ] } },
{ "type": "Feature", "properties": { "cell_id": 4326, "score_syntax": 15.303, "syntax_closeness_pct": 3.413, "syntax_betweenness_pct": 33.137, "segment_count": 1.0 }, "geometry": { "type": "Polygon", "coordinates": [ [ [ 34.841693266485514, 31.210490649487411 ], [ 34.841684660953419, 31.212745406540954 ], [ 34.83906121949677, 31.212737983220887 ], [ 34.839069887271812, 31.210483226824074 ], [ 34.841693266485514, 31.210490649487411 ] ] ] } },
{ "type": "Feature", "properties": { "cell_id": 4328, "score_syntax": 28.49, "syntax_closeness_pct": 25.393, "syntax_betweenness_pct": 33.137, "segment_count": 4.0 }, "geometry": { "type": "Polygon", "coordinates": [ [ [ 34.841676054452684, 31.21500016280115 ], [ 34.841667446983244, 31.217254918267958 ], [ 34.839043881019755, 31.217247493634304 ], [ 34.839052550746118, 31.214992738824304 ], [ 34.841676054452684, 31.21500016280115 ] ] ] } },
{ "type": "Feature", "properties": { "cell_id": 4339, "score_syntax": 17.048, "syntax_closeness_pct": 6.322, "syntax_betweenness_pct": 33.137, "segment_count": 1.0 }, "geometry": { "type": "Polygon", "coordinates": [ [ [ 34.84158131898841, 31.239802429292439 ], [ 34.841572700856794, 31.24205717602981 ], [ 34.838948449605127, 31.242049744169311 ], [ 34.838957130070689, 31.23979499808906 ], [ 34.84158131898841, 31.239802429292439 ] ] ] } },
{ "type": "Feature", "properties": { "cell_id": 4340, "score_syntax": 33.722, "syntax_closeness_pct": 34.112, "syntax_betweenness_pct": 33.137, "segment_count": 1.0 }, "geometry": { "type": "Polygon", "coordinates": [ [ [ 34.841572700856794, 31.24205717602981 ], [ 34.841564081755315, 31.244311921973409 ], [ 34.838939768162696, 31.244304489455743 ], [ 34.838948449605127, 31.242049744169311 ], [ 34.841572700856794, 31.24205717602981 ] ] ] } },
{ "type": "Feature", "properties": { "cell_id": 4341, "score_syntax": 44.623, "syntax_closeness_pct": 48.502, "syntax_betweenness_pct": 38.805, "segment_count": 7.0 }, "geometry": { "type": "Polygon", "coordinates": [ [ [ 34.841564081755315, 31.244311921973409 ], [ 34.841555461683868, 31.246566667123215 ], [ 34.838931085743319, 31.246559233948336 ], [ 34.838939768162696, 31.244304489455743 ], [ 34.841564081755315, 31.244311921973409 ] ] ] } },
{ "type": "Feature", "properties": { "cell_id": 4346, "score_syntax": 33.793, "syntax_closeness_pct": 34.23, "syntax_betweenness_pct": 33.137, "segment_count": 5.0 }, "geometry": { "type": "Polygon", "coordinates": [ [ [ 34.841520971696653, 31.255585639783618 ], [ 34.841512346774003, 31.257840380963874 ], [ 34.838887658988583, 31.257832944502535 ], [ 34.83889634629422, 31.255578203979631 ], [ 34.841520971696653, 31.255585639783618 ] ] ] } },
{ "type": "Feature", "properties": { "cell_id": 4347, "score_syntax": 35.654, "syntax_closeness_pct": 37.333, "syntax_betweenness_pct": 33.137, "segment_count": 1.0 }, "geometry": { "type": "Polygon", "coordinates": [ [ [ 34.841512346774003, 31.257840380963874 ], [ 34.841503720880816, 31.260095121350105 ], [ 34.838878970705395, 31.26008768423139 ], [ 34.838887658988583, 31.257832944502535 ], [ 34.841512346774003, 31.257840380963874 ] ] ] } },
{ "type": "Feature", "properties": { "cell_id": 4348, "score_syntax": 42.583, "syntax_closeness_pct": 44.701, "syntax_betweenness_pct": 39.407, "segment_count": 16.0 }, "geometry": { "type": "Polygon", "coordinates": [ [ [ 34.841503720880816, 31.260095121350105 ], [ 34.841495094017013, 31.262349860942319 ], [ 34.838870281444564, 31.262342423166192 ], [ 34.838878970705395, 31.26008768423139 ], [ 34.841503720880816, 31.260095121350105 ] ] ] } },
{ "type": "Feature", "properties": { "cell_id": 4349, "score_syntax": 27.669, "syntax_closeness_pct": 24.023, "syntax_betweenness_pct": 33.137, "segment_count": 5.0 }, "geometry": { "type": "Polygon", "coordinates": [ [ [ 34.841495094017013, 31.262349860942319 ], [ 34.841486466182488, 31.264604599740469 ], [ 34.838861591206026, 31.264597161306888 ], [ 34.838870281444564, 31.262342423166192 ], [ 34.841495094017013, 31.262349860942319 ] ] ] } },
{ "type": "Feature", "properties": { "cell_id": 4350, "score_syntax": 47.989, "syntax_closeness_pct": 57.891, "syntax_betweenness_pct": 33.137, "segment_count": 3.0 }, "geometry": { "type": "Polygon", "coordinates": [ [ [ 34.841486466182488, 31.264604599740469 ], [ 34.841477837377141, 31.266859337744499 ], [ 34.838852899989647, 31.266851898653453 ], [ 34.838861591206026, 31.264597161306888 ], [ 34.841486466182488, 31.264604599740469 ] ] ] } },
{ "type": "Feature", "properties": { "cell_id": 4351, "score_syntax": 15.329, "syntax_closeness_pct": 3.458, "syntax_betweenness_pct": 33.137, "segment_count": 1.0 }, "geometry": { "type": "Polygon", "coordinates": [ [ [ 34.841477837377141, 31.266859337744499 ], [ 34.841469207600888, 31.269114074954413 ], [ 34.838844207795354, 31.269106635205855 ], [ 34.838852899989647, 31.266851898653453 ], [ 34.841477837377141, 31.266859337744499 ] ] ] } },
{ "type": "Feature", "properties": { "cell_id": 4352, "score_syntax": 33.319, "syntax_closeness_pct": 28.482, "syntax_betweenness_pct": 40.573, "segment_count": 10.0 }, "geometry": { "type": "Polygon", "coordinates": [ [ [ 34.841469207600888, 31.269114074954413 ], [ 34.841460576853635, 31.271368811370152 ], [ 34.838835514623028, 31.271361370964062 ], [ 34.838844207795354, 31.269106635205855 ], [ 34.841469207600888, 31.269114074954413 ] ] ] } },
{ "type": "Feature", "properties": { "cell_id": 4353, "score_syntax": 34.731, "syntax_closeness_pct": 35.794, "syntax_betweenness_pct": 33.137, "segment_count": 15.0 }, "geometry": { "type": "Polygon", "coordinates": [ [ [ 34.841460576853635, 31.271368811370152 ], [ 34.841451945135269, 31.273623546991708 ], [ 34.838826820472583, 31.273616105928042 ], [ 34.838835514623028, 31.271361370964062 ], [ 34.841460576853635, 31.271368811370152 ] ] ] } },
{ "type": "Feature", "properties": { "cell_id": 4354, "score_syntax": 19.658, "syntax_closeness_pct": 10.672, "syntax_betweenness_pct": 33.137, "segment_count": 5.0 }, "geometry": { "type": "Polygon", "coordinates": [ [ [ 34.841451945135269, 31.273623546991708 ], [ 34.841443312445705, 31.275878281819008 ], [ 34.838818125343941, 31.275870840097738 ], [ 34.838826820472583, 31.273616105928042 ], [ 34.841451945135269, 31.273623546991708 ] ] ] } },
{ "type": "Feature", "properties": { "cell_id": 4355, "score_syntax": 19.62, "syntax_closeness_pct": 10.608, "syntax_betweenness_pct": 33.137, "segment_count": 2.0 }, "geometry": { "type": "Polygon", "coordinates": [ [ [ 34.841443312445705, 31.275878281819008 ], [ 34.84143467878485, 31.278133015852049 ], [ 34.838809429236974, 31.278125573473172 ], [ 34.838818125343941, 31.275870840097738 ], [ 34.841443312445705, 31.275878281819008 ] ] ] } },
{ "type": "Feature", "properties": { "cell_id": 4357, "score_syntax": 29.414, "syntax_closeness_pct": 4.638, "syntax_betweenness_pct": 66.578, "segment_count": 1.0 }, "geometry": { "type": "Polygon", "coordinates": [ [ [ 34.841426044152612, 31.280387749090803 ], [ 34.841417408548878, 31.282642481535245 ], [ 34.838792034087739, 31.282635037841001 ], [ 34.838800732151604, 31.280380306054258 ], [ 34.841426044152612, 31.280387749090803 ] ] ] } },
{ "type": "Feature", "properties": { "cell_id": 4402, "score_syntax": 32.024, "syntax_closeness_pct": 19.794, "syntax_betweenness_pct": 50.369, "segment_count": 2.0 }, "geometry": { "type": "Polygon", "coordinates": [ [ [ 34.84435934869208, 31.199224218229602 ], [ 34.844350810209711, 31.201478979901324 ], [ 34.841727678929615, 31.201471613340303 ], [ 34.841736279620044, 31.199216852320447 ], [ 34.84435934869208, 31.199224218229602 ] ] ] } },
{ "type": "Feature", "properties": { "cell_id": 4403, "score_syntax": 29.178, "syntax_closeness_pct": 20.794, "syntax_betweenness_pct": 41.753, "segment_count": 4.0 }, "geometry": { "type": "Polygon", "coordinates": [ [ [ 34.844350810209711, 31.201478979901324 ], [ 34.844342270766184, 31.203733740779874 ], [ 34.841719077271051, 31.203726373566948 ], [ 34.841727678929615, 31.201471613340303 ], [ 34.844350810209711, 31.201478979901324 ] ] ] } },
{ "type": "Feature", "properties": { "cell_id": 4404, "score_syntax": 44.894, "syntax_closeness_pct": 52.731, "syntax_betweenness_pct": 33.137, "segment_count": 11.0 }, "geometry": { "type": "Polygon", "coordinates": [ [ [ 34.844342270766184, 31.203733740779874 ], [ 34.844333730361427, 31.205988500865235 ], [ 34.841710474644252, 31.205981133000364 ], [ 34.841719077271051, 31.203726373566948 ], [ 34.844342270766184, 31.203733740779874 ] ] ] } },
{ "type": "Feature", "properties": { "cell_id": 4405, "score_syntax": 46.156, "syntax_closeness_pct": 45.807, "syntax_betweenness_pct": 46.679, "segment_count": 24.0 }, "geometry": { "type": "Polygon", "coordinates": [ [ [ 34.844333730361427, 31.205988500865235 ], [ 34.844325188995292, 31.208243260157342 ], [ 34.841701871049096, 31.208235891640534 ], [ 34.841710474644252, 31.205981133000364 ], [ 34.844333730361427, 31.205988500865235 ] ] ] } },
{ "type": "Feature", "properties": { "cell_id": 4406, "score_syntax": 27.173, "syntax_closeness_pct": 23.197, "syntax_betweenness_pct": 33.137, "segment_count": 1.0 }, "geometry": { "type": "Polygon", "coordinates": [ [ [ 34.844325188995292, 31.208243260157342 ], [ 34.844316646667764, 31.2104980186562 ], [ 34.841693266485514, 31.210490649487411 ], [ 34.841701871049096, 31.208235891640534 ], [ 34.844325188995292, 31.208243260157342 ] ] ] } },
{ "type": "Feature", "properties": { "cell_id": 4407, "score_syntax": 23.392, "syntax_closeness_pct": 16.897, "syntax_betweenness_pct": 33.137, "segment_count": 2.0 }, "geometry": { "type": "Polygon", "coordinates": [ [ [ 34.844316646667764, 31.2104980186562 ], [ 34.84430810337868, 31.212752776361786 ], [ 34.841684660953419, 31.212745406540954 ], [ 34.841693266485514, 31.210490649487411 ], [ 34.844316646667764, 31.2104980186562 ] ] ] } },
{ "type": "Feature", "properties": { "cell_id": 4408, "score_syntax": 71.723, "syntax_closeness_pct": 68.826, "syntax_betweenness_pct": 76.069, "segment_count": 2.0 }, "geometry": { "type": "Polygon", "coordinates": [ [ [ 34.84430810337868, 31.212752776361786 ], [ 34.844299559127975, 31.215007533274026 ], [ 34.841676054452684, 31.21500016280115 ], [ 34.841684660953419, 31.212745406540954 ], [ 34.84430810337868, 31.212752776361786 ] ] ] } },
{ "type": "Feature", "properties": { "cell_id": 4409, "score_syntax": 15.492, "syntax_closeness_pct": 3.729, "syntax_betweenness_pct": 33.137, "segment_count": 2.0 }, "geometry": { "type": "Polygon", "coordinates": [ [ [ 34.844299559127975, 31.215007533274026 ], [ 34.844291013915537, 31.217262289392892 ], [ 34.841667446983244, 31.217254918267958 ], [ 34.841676054452684, 31.21500016280115 ], [ 34.844299559127975, 31.215007533274026 ] ] ] } },
{ "type": "Feature", "properties": { "cell_id": 4422, "score_syntax": 36.71, "syntax_closeness_pct": 39.092, "syntax_betweenness_pct": 33.137, "segment_count": 3.0 }, "geometry": { "type": "Polygon", "coordinates": [ [ [ 34.844188396317868, 31.24431930092565 ], [ 34.844179838594478, 31.246574046727915 ], [ 34.841555461683868, 31.246566667123215 ], [ 34.841564081755315, 31.244311921973409 ], [ 34.844188396317868, 31.24431930092565 ] ] ] } },
{ "type": "Feature", "properties": { "cell_id": 4423, "score_syntax": 46.279, "syntax_closeness_pct": 55.04, "syntax_betweenness_pct": 33.137, "segment_count": 4.0 }, "geometry": { "type": "Polygon", "coordinates": [ [ [ 34.844179838594478, 31.246574046727915 ], [ 34.844171279908039, 31.248828791736372 ], [ 34.841546840642387, 31.248821411479152 ], [ 34.841555461683868, 31.246566667123215 ], [ 34.844179838594478, 31.246574046727915 ] ] ] } },
{ "type": "Feature", "properties": { "cell_id": 4427, "score_syntax": 25.554, "syntax_closeness_pct": 20.498, "syntax_betweenness_pct": 33.137, "segment_count": 3.0 }, "geometry": { "type": "Polygon", "coordinates": [ [ [ 34.84414559806951, 31.255593021998518 ], [ 34.844137035529947, 31.257847763831389 ], [ 34.841512346774003, 31.257840380963874 ], [ 34.841520971696653, 31.255585639783618 ], [ 34.84414559806951, 31.255593021998518 ] ] ] } },
{ "type": "Feature", "properties": { "cell_id": 4428, "score_syntax": 33.113, "syntax_closeness_pct": 33.098, "syntax_betweenness_pct": 33.137, "segment_count": 14.0 }, "geometry": { "type": "Polygon", "coordinates": [ [ [ 34.844137035529947, 31.257847763831389 ], [ 34.844128472026867, 31.260102504870282 ], [ 34.841503720880816, 31.260095121350105 ], [ 34.841512346774003, 31.257840380963874 ], [ 34.844137035529947, 31.257847763831389 ] ] ] } },
{ "type": "Feature", "properties": { "cell_id": 4429, "score_syntax": 41.929, "syntax_closeness_pct": 45.313, "syntax_betweenness_pct": 36.852, "segment_count": 9.0 }, "geometry": { "type": "Polygon", "coordinates": [ [ [ 34.844128472026867, 31.260102504870282 ], [ 34.84411990756017, 31.262357245115187 ], [ 34.841495094017013, 31.262349860942319 ], [ 34.841503720880816, 31.260095121350105 ], [ 34.844128472026867, 31.260102504870282 ] ] ] } },
{ "type": "Feature", "properties": { "cell_id": 4430, "score_syntax": 33.584, "syntax_closeness_pct": 33.882, "syntax_betweenness_pct": 33.137, "segment_count": 8.0 }, "geometry": { "type": "Polygon", "coordinates": [ [ [ 34.84411990756017, 31.262357245115187 ], [ 34.844111342129757, 31.264611984566034 ], [ 34.841486466182488, 31.264604599740469 ], [ 34.841495094017013, 31.262349860942319 ], [ 34.84411990756017, 31.262357245115187 ] ] ] } },
{ "type": "Feature", "properties": { "cell_id": 4431, "score_syntax": 39.728, "syntax_closeness_pct": 44.123, "syntax_betweenness_pct": 33.137, "segment_count": 2.0 }, "geometry": { "type": "Polygon", "coordinates": [ [ [ 34.844111342129757, 31.264611984566034 ], [ 34.84410277573555, 31.266866723222837 ], [ 34.841477837377141, 31.266859337744499 ], [ 34.841486466182488, 31.264604599740469 ], [ 34.844111342129757, 31.264611984566034 ] ] ] } },
{ "type": "Feature", "properties": { "cell_id": 4432, "score_syntax": 28.769, "syntax_closeness_pct": 25.857, "syntax_betweenness_pct": 33.137, "segment_count": 10.0 }, "geometry": { "type": "Polygon", "coordinates": [ [ [ 34.84410277573555, 31.266866723222837 ], [ 34.844094208377435, 31.269121461085515 ], [ 34.841469207600888, 31.269114074954413 ], [ 34.841477837377141, 31.266859337744499 ], [ 34.84410277573555, 31.266866723222837 ] ] ] } },
{ "type": "Feature", "properties": { "cell_id": 4433, "score_syntax": 40.964, "syntax_closeness_pct": 42.95, "syntax_betweenness_pct": 37.984, "segment_count": 20.0 }, "geometry": { "type": "Polygon", "coordinates": [ [ [ 34.844094208377435, 31.269121461085515 ], [ 34.84408564005534, 31.271376198154062 ], [ 34.841460576853635, 31.271368811370152 ], [ 34.841469207600888, 31.269114074954413 ], [ 34.844094208377435, 31.269121461085515 ] ] ] } },
{ "type": "Feature", "properties": { "cell_id": 4434, "score_syntax": 23.694, "syntax_closeness_pct": 17.399, "syntax_betweenness_pct": 33.137, "segment_count": 4.0 }, "geometry": { "type": "Polygon", "coordinates": [ [ [ 34.84408564005534, 31.271376198154062 ], [ 34.844077070769153, 31.273630934428439 ], [ 34.841451945135269, 31.273623546991708 ], [ 34.841460576853635, 31.271368811370152 ], [ 34.84408564005534, 31.271376198154062 ] ] ] } },
{ "type": "Feature", "properties": { "cell_id": 4435, "score_syntax": 26.891, "syntax_closeness_pct": 22.727, "syntax_betweenness_pct": 33.137, "segment_count": 3.0 }, "geometry": { "type": "Polygon", "coordinates": [ [ [ 34.844077070769153, 31.273630934428439 ], [ 34.844068500518787, 31.275885669908611 ], [ 34.841443312445705, 31.275878281819008 ], [ 34.841451945135269, 31.273623546991708 ], [ 34.844077070769153, 31.273630934428439 ] ] ] } },
{ "type": "Feature", "properties": { "cell_id": 4437, "score_syntax": 15.249, "syntax_closeness_pct": 3.324, "syntax_betweenness_pct": 33.137, "segment_count": 1.0 }, "geometry": { "type": "Polygon", "coordinates": [ [ [ 34.844059929304116, 31.278140404594556 ], [ 34.844051357125096, 31.280395138486242 ], [ 34.841426044152612, 31.280387749090803 ], [ 34.84143467878485, 31.278133015852049 ], [ 34.844059929304116, 31.278140404594556 ] ] ] } },
{ "type": "Feature", "properties": { "cell_id": 4439, "score_syntax": 15.383, "syntax_closeness_pct": 3.547, "syntax_betweenness_pct": 33.137, "segment_count": 1.0 }, "geometry": { "type": "Polygon", "coordinates": [ [ [ 34.844042783981607, 31.282649871583629 ], [ 34.844034209873548, 31.284904603886691 ], [ 34.841408771973555, 31.284897213185296 ], [ 34.841417408548878, 31.282642481535245 ], [ 34.844042783981607, 31.282649871583629 ] ] ] } },
{ "type": "Feature", "properties": { "cell_id": 4441, "score_syntax": 19.377, "syntax_closeness_pct": 10.203, "syntax_betweenness_pct": 33.137, "segment_count": 1.0 }, "geometry": { "type": "Polygon", "coordinates": [ [ [ 34.844025634800829, 31.287159335395362 ], [ 34.844017058763356, 31.289414066109661 ], [ 34.841391495907807, 31.289406674102217 ], [ 34.841400134426571, 31.287151944040964 ], [ 34.844025634800829, 31.287159335395362 ] ] ] } },
{ "type": "Feature", "properties": { "cell_id": 4442, "score_syntax": 15.45, "syntax_closeness_pct": 3.658, "syntax_betweenness_pct": 33.137, "segment_count": 1.0 }, "geometry": { "type": "Polygon", "coordinates": [ [ [ 34.844017058763356, 31.289414066109661 ], [ 34.844008481761051, 31.291668796029544 ], [ 34.841382856417177, 31.291661403369009 ], [ 34.841391495907807, 31.289406674102217 ], [ 34.844017058763356, 31.289414066109661 ] ] ] } },
{ "type": "Feature", "properties": { "cell_id": 4444, "score_syntax": 14.435, "syntax_closeness_pct": 1.966, "syntax_betweenness_pct": 33.137, "segment_count": 1.0 }, "geometry": { "type": "Polygon", "coordinates": [ [ [ 34.843999903793794, 31.293923525154948 ], [ 34.843991324861484, 31.29617825348587 ], [ 34.841365574519934, 31.296170859519098 ], [ 34.841374215954588, 31.293916131841321 ], [ 34.843999903793794, 31.293923525154948 ] ] ] } },
{ "type": "Feature", "properties": { "cell_id": 4483, "score_syntax": 22.97, "syntax_closeness_pct": 16.192, "syntax_betweenness_pct": 33.137, "segment_count": 1.0 }, "geometry": { "type": "Polygon", "coordinates": [ [ [ 34.846982418725162, 31.199231530667795 ], [ 34.84697394245093, 31.201486292986658 ], [ 34.844350810209711, 31.201478979901324 ], [ 34.84435934869208, 31.199224218229602 ], [ 34.846982418725162, 31.199231530667795 ] ] ] } },
{ "type": "Feature", "properties": { "cell_id": 4484, "score_syntax": 26.213, "syntax_closeness_pct": 21.596, "syntax_betweenness_pct": 33.137, "segment_count": 3.0 }, "geometry": { "type": "Polygon", "coordinates": [ [ [ 34.84697394245093, 31.201486292986658 ], [ 34.846965465222553, 31.203741054512367 ], [ 34.844342270766184, 31.203733740779874 ], [ 34.844350810209711, 31.201478979901324 ], [ 34.84697394245093, 31.201486292986658 ] ] ] } },
{ "type": "Feature", "properties": { "cell_id": 4485, "score_syntax": 29.678, "syntax_closeness_pct": 27.372, "syntax_betweenness_pct": 33.137, "segment_count": 3.0 }, "geometry": { "type": "Polygon", "coordinates": [ [ [ 34.846965465222553, 31.203741054512367 ], [ 34.846956987039924, 31.205995815244929 ], [ 34.844333730361427, 31.205988500865235 ], [ 34.844342270766184, 31.203733740779874 ], [ 34.846965465222553, 31.203741054512367 ] ] ] } },
{ "type": "Feature", "properties": { "cell_id": 4486, "score_syntax": 24.489, "syntax_closeness_pct": 18.724, "syntax_betweenness_pct": 33.137, "segment_count": 4.0 }, "geometry": { "type": "Polygon", "coordinates": [ [ [ 34.846956987039924, 31.205995815244929 ], [ 34.846948507902937, 31.208250575184294 ], [ 34.844325188995292, 31.208243260157342 ], [ 34.844333730361427, 31.205988500865235 ], [ 34.846956987039924, 31.205995815244929 ] ] ] } },
{ "type": "Feature", "properties": { "cell_id": 4487, "score_syntax": 14.929, "syntax_closeness_pct": 2.79, "syntax_betweenness_pct": 33.137, "segment_count": 1.0 }, "geometry": { "type": "Polygon", "coordinates": [ [ [ 34.846948507902937, 31.208250575184294 ], [ 34.846940027811513, 31.210505334330417 ], [ 34.844316646667764, 31.2104980186562 ], [ 34.844325188995292, 31.208243260157342 ], [ 34.846948507902937, 31.208250575184294 ] ] ] } },
{ "type": "Feature", "properties": { "cell_id": 4491, "score_syntax": 24.978, "syntax_closeness_pct": 19.538, "syntax_betweenness_pct": 33.137, "segment_count": 1.0 }, "geometry": { "type": "Polygon", "coordinates": [ [ [ 34.846914581809656, 31.217269607009072 ], [ 34.846906097899549, 31.219524362981947 ], [ 34.844282467741316, 31.219517044718391 ], [ 34.844291013915537, 31.217262289392892 ], [ 34.846914581809656, 31.217269607009072 ] ] ] } },
{ "type": "Feature", "properties": { "cell_id": 4492, "score_syntax": 62.358, "syntax_closeness_pct": 58.306, "syntax_betweenness_pct": 68.436, "segment_count": 12.0 }, "geometry": { "type": "Polygon", "coordinates": [ [ [ 34.846906097899549, 31.219524362981947 ], [ 34.8468976130345, 31.221779118161425 ], [ 34.844273920605161, 31.221771799250469 ], [ 34.844282467741316, 31.219517044718391 ], [ 34.846906097899549, 31.219524362981947 ] ] ] } },
{ "type": "Feature", "properties": { "cell_id": 4493, "score_syntax": 62.518, "syntax_closeness_pct": 59.116, "syntax_betweenness_pct": 67.622, "segment_count": 10.0 }, "geometry": { "type": "Polygon", "coordinates": [ [ [ 34.8468976130345, 31.221779118161425 ], [ 34.846889127214453, 31.22403387254748 ], [ 34.844265372507003, 31.22402655298907 ], [ 34.844273920605161, 31.221771799250469 ], [ 34.8468976130345, 31.221779118161425 ] ] ] } },
{ "type": "Feature", "properties": { "cell_id": 4499, "score_syntax": 14.443, "syntax_closeness_pct": 1.981, "syntax_betweenness_pct": 33.137, "segment_count": 1.0 }, "geometry": { "type": "Polygon", "coordinates": [ [ [ 34.846846683785898, 31.235307632575193 ], [ 34.846838192233861, 31.2375623822 ], [ 34.84421406371073, 31.2375550587563 ], [ 34.844222617582886, 31.235300309779124 ], [ 34.846846683785898, 31.235307632575193 ] ] ] } },
{ "type": "Feature", "properties": { "cell_id": 4504, "score_syntax": 64.439, "syntax_closeness_pct": 67.508, "syntax_betweenness_pct": 59.836, "segment_count": 3.0 }, "geometry": { "type": "Polygon", "coordinates": [ [ [ 34.846804216468144, 31.24658137276241 ], [ 34.846795720136853, 31.248836118418627 ], [ 34.844171279908039, 31.248828791736372 ], [ 34.844179838594478, 31.246574046727915 ], [ 34.846804216468144, 31.24658137276241 ] ] ] } },
{ "type": "Feature", "properties": { "cell_id": 4508, "score_syntax": 35.236, "syntax_closeness_pct": 36.636, "syntax_betweenness_pct": 33.137, "segment_count": 1.0 }, "geometry": { "type": "Polygon", "coordinates": [ [ [ 34.846770225405805, 31.255600350624281 ], [ 34.846761725249429, 31.257855093105047 ], [ 34.844137035529947, 31.257847763831389 ], [ 34.84414559806951, 31.255593021998518 ], [ 34.846770225405805, 31.255600350624281 ] ] ] } },
{ "type": "Feature", "properties": { "cell_id": 4509, "score_syntax": 26.546, "syntax_closeness_pct": 22.152, "syntax_betweenness_pct": 33.137, "segment_count": 10.0 }, "geometry": { "type": "Polygon", "coordinates": [ [ [ 34.846761725249429, 31.257855093105047 ], [ 34.846753224136528, 31.260109834791862 ], [ 34.844128472026867, 31.260102504870282 ], [ 34.844137035529947, 31.257847763831389 ], [ 34.846761725249429, 31.257855093105047 ] ] ] } },
{ "type": "Feature", "properties": { "cell_id": 4510, "score_syntax": 28.125, "syntax_closeness_pct": 22.307, "syntax_betweenness_pct": 36.852, "segment_count": 9.0 }, "geometry": { "type": "Polygon", "coordinates": [ [ [ 34.846753224136528, 31.260109834791862 ], [ 34.846744722067037, 31.262364575684721 ], [ 34.84411990756017, 31.262357245115187 ], [ 34.844128472026867, 31.260102504870282 ], [ 34.846753224136528, 31.260109834791862 ] ] ] } },
{ "type": "Feature", "properties": { "cell_id": 4511, "score_syntax": 38.304, "syntax_closeness_pct": 41.749, "syntax_betweenness_pct": 33.137, "segment_count": 15.0 }, "geometry": { "type": "Polygon", "coordinates": [ [ [ 34.846744722067037, 31.262364575684721 ], [ 34.846736219040842, 31.26461931578357 ], [ 34.844111342129757, 31.264611984566034 ], [ 34.84411990756017, 31.262357245115187 ], [ 34.846744722067037, 31.262364575684721 ] ] ] } },
{ "type": "Feature", "properties": { "cell_id": 4512, "score_syntax": 31.696, "syntax_closeness_pct": 30.736, "syntax_betweenness_pct": 33.137, "segment_count": 15.0 }, "geometry": { "type": "Polygon", "coordinates": [ [ [ 34.846736219040842, 31.26461931578357 ], [ 34.846727715057852, 31.266874055088373 ], [ 34.84410277573555, 31.266866723222837 ], [ 34.844111342129757, 31.264611984566034 ], [ 34.846736219040842, 31.26461931578357 ] ] ] } },
{ "type": "Feature", "properties": { "cell_id": 4513, "score_syntax": 36.108, "syntax_closeness_pct": 38.088, "syntax_betweenness_pct": 33.137, "segment_count": 8.0 }, "geometry": { "type": "Polygon", "coordinates": [ [ [ 34.846727715057852, 31.266874055088373 ], [ 34.846719210117989, 31.269128793599098 ], [ 34.844094208377435, 31.269121461085515 ], [ 34.84410277573555, 31.266866723222837 ], [ 34.846727715057852, 31.266874055088373 ] ] ] } },
{ "type": "Feature", "properties": { "cell_id": 4514, "score_syntax": 40.88, "syntax_closeness_pct": 40.468, "syntax_betweenness_pct": 41.497, "segment_count": 4.0 }, "geometry": { "type": "Polygon", "coordinates": [ [ [ 34.846719210117989, 31.269128793599098 ], [ 34.846710704221145, 31.271383531315724 ], [ 34.84408564005534, 31.271376198154062 ], [ 34.844094208377435, 31.269121461085515 ], [ 34.846719210117989, 31.269128793599098 ] ] ] } },
{ "type": "Feature", "properties": { "cell_id": 4516, "score_syntax": 15.794, "syntax_closeness_pct": 4.233, "syntax_betweenness_pct": 33.137, "segment_count": 2.0 }, "geometry": { "type": "Polygon", "coordinates": [ [ [ 34.846702197367208, 31.273638268238194 ], [ 34.846693689556119, 31.275893004366509 ], [ 34.844068500518787, 31.275885669908611 ], [ 34.844077070769153, 31.273630934428439 ], [ 34.846702197367208, 31.273638268238194 ] ] ] } },
{ "type": "Feature", "properties": { "cell_id": 4517, "score_syntax": 17.952, "syntax_closeness_pct": 7.829, "syntax_betweenness_pct": 33.137, "segment_count": 3.0 }, "geometry": { "type": "Polygon", "coordinates": [ [ [ 34.846693689556119, 31.275893004366509 ], [ 34.846685180787773, 31.278147739700625 ], [ 34.844059929304116, 31.278140404594556 ], [ 34.844068500518787, 31.275885669908611 ], [ 34.846693689556119, 31.275893004366509 ] ] ] } },
{ "type": "Feature", "properties": { "cell_id": 4519, "score_syntax": 18.522, "syntax_closeness_pct": 8.779, "syntax_betweenness_pct": 33.137, "segment_count": 1.0 }, "geometry": { "type": "Polygon", "coordinates": [ [ [ 34.846676671062063, 31.280402474240493 ], [ 34.846668160378904, 31.282657207986105 ], [ 34.844042783981607, 31.282649871583629 ], [ 34.844051357125096, 31.280395138486242 ], [ 34.846676671062063, 31.280402474240493 ] ] ] } },
{ "type": "Feature", "properties": { "cell_id": 4521, "score_syntax": 17.903, "syntax_closeness_pct": 7.747, "syntax_betweenness_pct": 33.137, "segment_count": 1.0 }, "geometry": { "type": "Polygon", "coordinates": [ [ [ 34.846659648738182, 31.284911940937402 ], [ 34.846651136139833, 31.287166673094397 ], [ 34.844025634800829, 31.287159335395362 ], [ 34.844034209873548, 31.284904603886691 ], [ 34.846659648738182, 31.284911940937402 ] ] ] } },
{ "type": "Feature", "properties": { "cell_id": 4522, "score_syntax": 19.27, "syntax_closeness_pct": 10.025, "syntax_betweenness_pct": 33.137, "segment_count": 1.0 }, "geometry": { "type": "Polygon", "coordinates": [ [ [ 34.846651136139833, 31.287166673094397 ], [ 34.846642622583751, 31.289421404457006 ], [ 34.844017058763356, 31.289414066109661 ], [ 34.844025634800829, 31.287159335395362 ], [ 34.846651136139833, 31.287166673094397 ] ] ] } },
{ "type": "Feature", "properties": { "cell_id": 4523, "score_syntax": 20.0, "syntax_closeness_pct": 11.242, "syntax_betweenness_pct": 33.137, "segment_count": 1.0 }, "geometry": { "type": "Polygon", "coordinates": [ [ [ 34.846642622583751, 31.289421404457006 ], [ 34.84663410806985, 31.29167613502522 ], [ 34.844008481761051, 31.291668796029544 ], [ 34.844017058763356, 31.289414066109661 ], [ 34.846642622583751, 31.289421404457006 ] ] ] } },
{ "type": "Feature", "properties": { "cell_id": 4524, "score_syntax": 14.537, "syntax_closeness_pct": 2.137, "syntax_betweenness_pct": 33.137, "segment_count": 1.0 }, "geometry": { "type": "Polygon", "coordinates": [ [ [ 34.84663410806985, 31.29167613502522 ], [ 34.846625592598024, 31.293930864799012 ], [ 34.843999903793794, 31.293923525154948 ], [ 34.844008481761051, 31.291668796029544 ], [ 34.84663410806985, 31.29167613502522 ] ] ] } },
{ "type": "Feature", "properties": { "cell_id": 4574, "score_syntax": 19.447, "syntax_closeness_pct": 10.322, "syntax_betweenness_pct": 33.137, "segment_count": 2.0 }, "geometry": { "type": "Polygon", "coordinates": [ [ [ 34.849521306418836, 31.221786383554079 ], [ 34.849512882877001, 31.224041138582859 ], [ 34.846889127214453, 31.22403387254748 ], [ 34.8468976130345, 31.221779118161425 ], [ 34.849521306418836, 31.221786383554079 ] ] ] } },
{ "type": "Feature", "properties": { "cell_id": 4584, "score_syntax": 18.856, "syntax_closeness_pct": 9.335, "syntax_betweenness_pct": 33.137, "segment_count": 2.0 }, "geometry": { "type": "Polygon", "coordinates": [ [ [ 34.84943702832485, 31.244333898133579 ], [ 34.849428595297837, 31.246588645226602 ], [ 34.846804216468144, 31.24658137276241 ], [ 34.846812711843391, 31.244326626312397 ], [ 34.84943702832485, 31.244333898133579 ] ] ] } },
{ "type": "Feature", "properties": { "cell_id": 4585, "score_syntax": 59.51, "syntax_closeness_pct": 65.656, "syntax_betweenness_pct": 50.289, "segment_count": 7.0 }, "geometry": { "type": "Polygon", "coordinates": [ [ [ 34.849428595297837, 31.246588645226602 ], [ 34.849420161321788, 31.24884339152587 ], [ 34.846795720136853, 31.248836118418627 ], [ 34.846804216468144, 31.24658137276241 ], [ 34.849428595297837, 31.246588645226602 ] ] ] } },
{ "type": "Feature", "properties": { "cell_id": 4586, "score_syntax": 24.292, "syntax_closeness_pct": 18.396, "syntax_betweenness_pct": 33.137, "segment_count": 1.0 }, "geometry": { "type": "Polygon", "coordinates": [ [ [ 34.849420161321788, 31.24884339152587 ], [ 34.84941172639661, 31.251098137031359 ], [ 34.846787222849429, 31.251090863281043 ], [ 34.846795720136853, 31.248836118418627 ], [ 34.849420161321788, 31.24884339152587 ] ] ] } },
{ "type": "Feature", "properties": { "cell_id": 4590, "score_syntax": 18.818, "syntax_closeness_pct": 9.271, "syntax_betweenness_pct": 33.137, "segment_count": 4.0 }, "geometry": { "type": "Polygon", "coordinates": [ [ [ 34.849386415925409, 31.257862368784778 ], [ 34.849377977202792, 31.260117111114777 ], [ 34.846753224136528, 31.260109834791862 ], [ 34.846761725249429, 31.257855093105047 ], [ 34.849386415925409, 31.257862368784778 ] ] ] } },
{ "type": "Feature", "properties": { "cell_id": 4591, "score_syntax": 23.524, "syntax_closeness_pct": 9.684, "syntax_betweenness_pct": 44.284, "segment_count": 3.0 }, "geometry": { "type": "Polygon", "coordinates": [ [ [ 34.849377977202792, 31.260117111114777 ], [ 34.849369537530585, 31.262371852650862 ], [ 34.846744722067037, 31.262364575684721 ], [ 34.846753224136528, 31.260109834791862 ], [ 34.849377977202792, 31.260117111114777 ] ] ] } },
{ "type": "Feature", "properties": { "cell_id": 4592, "score_syntax": 28.456, "syntax_closeness_pct": 25.335, "syntax_betweenness_pct": 33.137, "segment_count": 7.0 }, "geometry": { "type": "Polygon", "coordinates": [ [ [ 34.849369537530585, 31.262371852650862 ], [ 34.849361096908716, 31.264626593392951 ], [ 34.846736219040842, 31.26461931578357 ], [ 34.846744722067037, 31.262364575684721 ], [ 34.849369537530585, 31.262371852650862 ] ] ] } },
{ "type": "Feature", "properties": { "cell_id": 4593, "score_syntax": 32.608, "syntax_closeness_pct": 30.928, "syntax_betweenness_pct": 35.128, "segment_count": 17.0 }, "geometry": { "type": "Polygon", "coordinates": [ [ [ 34.849361096908716, 31.264626593392951 ], [ 34.84935265533705, 31.26688133334104 ], [ 34.846727715057852, 31.266874055088373 ], [ 34.846736219040842, 31.26461931578357 ], [ 34.849361096908716, 31.264626593392951 ] ] ] } },
{ "type": "Feature", "properties": { "cell_id": 4594, "score_syntax": 28.082, "syntax_closeness_pct": 21.925, "syntax_betweenness_pct": 37.317, "segment_count": 8.0 }, "geometry": { "type": "Polygon", "coordinates": [ [ [ 34.84935265533705, 31.26688133334104 ], [ 34.849344212815502, 31.269136072495076 ], [ 34.846719210117989, 31.269128793599098 ], [ 34.846727715057852, 31.266874055088373 ], [ 34.84935265533705, 31.26688133334104 ] ] ] } },
{ "type": "Feature", "properties": { "cell_id": 4595, "score_syntax": 35.768, "syntax_closeness_pct": 36.631, "syntax_betweenness_pct": 34.474, "segment_count": 25.0 }, "geometry": { "type": "Polygon", "coordinates": [ [ [ 34.849344212815502, 31.269136072495076 ], [ 34.849335769344016, 31.271390810855053 ], [ 34.846710704221145, 31.271383531315724 ], [ 34.846719210117989, 31.269128793599098 ], [ 34.849344212815502, 31.269136072495076 ] ] ] } },
{ "type": "Feature", "properties": { "cell_id": 4596, "score_syntax": 44.97, "syntax_closeness_pct": 52.859, "syntax_betweenness_pct": 33.137, "segment_count": 3.0 }, "geometry": { "type": "Polygon", "coordinates": [ [ [ 34.849335769344016, 31.271390810855053 ], [ 34.849327324922442, 31.273645548420905 ], [ 34.846702197367208, 31.273638268238194 ], [ 34.846710704221145, 31.271383531315724 ], [ 34.849335769344016, 31.271390810855053 ] ] ] } },
{ "type": "Feature", "properties": { "cell_id": 4597, "score_syntax": 29.859, "syntax_closeness_pct": 27.674, "syntax_betweenness_pct": 33.137, "segment_count": 3.0 }, "geometry": { "type": "Polygon", "coordinates": [ [ [ 34.849327324922442, 31.273645548420905 ], [ 34.849318879550736, 31.27590028519262 ], [ 34.846693689556119, 31.275893004366509 ], [ 34.846702197367208, 31.273638268238194 ], [ 34.849327324922442, 31.273645548420905 ] ] ] } },
{ "type": "Feature", "properties": { "cell_id": 4598, "score_syntax": 18.308, "syntax_closeness_pct": 8.422, "syntax_betweenness_pct": 33.137, "segment_count": 2.0 }, "geometry": { "type": "Polygon", "coordinates": [ [ [ 34.849318879550736, 31.27590028519262 ], [ 34.849310433228766, 31.278155021170175 ], [ 34.846685180787773, 31.278147739700625 ], [ 34.846693689556119, 31.275893004366509 ], [ 34.849318879550736, 31.27590028519262 ] ] ] } },
{ "type": "Feature", "properties": { "cell_id": 4599, "score_syntax": 16.104, "syntax_closeness_pct": 4.749, "syntax_betweenness_pct": 33.137, "segment_count": 1.0 }, "geometry": { "type": "Polygon", "coordinates": [ [ [ 34.849310433228766, 31.278155021170175 ], [ 34.849301985956473, 31.280409756353521 ], [ 34.846676671062063, 31.280402474240493 ], [ 34.846685180787773, 31.278147739700625 ], [ 34.849310433228766, 31.278155021170175 ] ] ] } },
{ "type": "Feature", "properties": { "cell_id": 4600, "score_syntax": 21.523, "syntax_closeness_pct": 13.78, "syntax_betweenness_pct": 33.137, "segment_count": 1.0 }, "geometry": { "type": "Polygon", "coordinates": [ [ [ 34.849301985956473, 31.280409756353521 ], [ 34.849293537733736, 31.282664490742611 ], [ 34.846668160378904, 31.282657207986105 ], [ 34.846676671062063, 31.280402474240493 ], [ 34.849301985956473, 31.280409756353521 ] ] ] } },
{ "type": "Feature", "properties": { "cell_id": 4601, "score_syntax": 20.436, "syntax_closeness_pct": 11.969, "syntax_betweenness_pct": 33.137, "segment_count": 1.0 }, "geometry": { "type": "Polygon", "coordinates": [ [ [ 34.849293537733736, 31.282664490742611 ], [ 34.849285088560471, 31.284919224337433 ], [ 34.846659648738182, 31.284911940937402 ], [ 34.846668160378904, 31.282657207986105 ], [ 34.849293537733736, 31.282664490742611 ] ] ] } },
{ "type": "Feature", "properties": { "cell_id": 4602, "score_syntax": 21.46, "syntax_closeness_pct": 13.676, "syntax_betweenness_pct": 33.137, "segment_count": 2.0 }, "geometry": { "type": "Polygon", "coordinates": [ [ [ 34.849285088560471, 31.284919224337433 ], [ 34.849276638436585, 31.287173957137963 ], [ 34.846651136139833, 31.287166673094397 ], [ 34.846659648738182, 31.284911940937402 ], [ 34.849285088560471, 31.284919224337433 ] ] ] } },
{ "type": "Feature", "properties": { "cell_id": 4603, "score_syntax": 19.421, "syntax_closeness_pct": 10.278, "syntax_betweenness_pct": 33.137, "segment_count": 1.0 }, "geometry": { "type": "Polygon", "coordinates": [ [ [ 34.849276638436585, 31.287173957137963 ], [ 34.849268187361993, 31.289428689144163 ], [ 34.846642622583751, 31.289421404457006 ], [ 34.846651136139833, 31.287166673094397 ], [ 34.849276638436585, 31.287173957137963 ] ] ] } },
{ "type": "Feature", "properties": { "cell_id": 4604, "score_syntax": 24.708, "syntax_closeness_pct": 19.089, "syntax_betweenness_pct": 33.137, "segment_count": 2.0 }, "geometry": { "type": "Polygon", "coordinates": [ [ [ 34.849268187361993, 31.289428689144163 ], [ 34.849259735336581, 31.291683420356005 ], [ 34.84663410806985, 31.29167613502522 ], [ 34.846642622583751, 31.289421404457006 ], [ 34.849268187361993, 31.289428689144163 ] ] ] } },
{ "type": "Feature", "properties": { "cell_id": 4605, "score_syntax": 20.886, "syntax_closeness_pct": 12.719, "syntax_betweenness_pct": 33.137, "segment_count": 1.0 }, "geometry": { "type": "Polygon", "coordinates": [ [ [ 34.849259735336581, 31.291683420356005 ], [ 34.849251282360271, 31.293938150773425 ], [ 34.846625592598024, 31.293930864799012 ], [ 34.84663410806985, 31.29167613502522 ], [ 34.849259735336581, 31.291683420356005 ] ] ] } },
{ "type": "Feature", "properties": { "cell_id": 4606, "score_syntax": 15.308, "syntax_closeness_pct": 3.421, "syntax_betweenness_pct": 33.137, "segment_count": 2.0 }, "geometry": { "type": "Polygon", "coordinates": [ [ [ 34.849251282360271, 31.293938150773425 ], [ 34.849242828432963, 31.296192880396433 ], [ 34.846617076168165, 31.296185593778336 ], [ 34.846625592598024, 31.293930864799012 ], [ 34.849251282360271, 31.293938150773425 ] ] ] } },
{ "type": "Feature", "properties": { "cell_id": 4607, "score_syntax": 19.191, "syntax_closeness_pct": 9.895, "syntax_betweenness_pct": 33.137, "segment_count": 2.0 }, "geometry": { "type": "Polygon", "coordinates": [ [ [ 34.849242828432963, 31.296192880396433 ], [ 34.849234373554573, 31.298447609224969 ], [ 34.846608558780211, 31.298440321963177 ], [ 34.846617076168165, 31.296185593778336 ], [ 34.849242828432963, 31.296192880396433 ] ] ] } },
{ "type": "Feature", "properties": { "cell_id": 4608, "score_syntax": 14.786, "syntax_closeness_pct": 2.553, "syntax_betweenness_pct": 33.137, "segment_count": 1.0 }, "geometry": { "type": "Polygon", "coordinates": [ [ [ 34.849234373554573, 31.298447609224969 ], [ 34.849225917724986, 31.300702337259018 ], [ 34.846600040434041, 31.300695049353493 ], [ 34.846608558780211, 31.298440321963177 ], [ 34.849234373554573, 31.298447609224969 ] ] ] } },
{ "type": "Feature", "properties": { "cell_id": 4654, "score_syntax": 21.444, "syntax_closeness_pct": 13.649, "syntax_betweenness_pct": 33.137, "segment_count": 3.0 }, "geometry": { "type": "Polygon", "coordinates": [ [ [ 34.852153361073725, 31.219538838968258 ], [ 34.8521450007512, 31.221793595428387 ], [ 34.849521306418836, 31.221786383554079 ], [ 34.84952972901268, 31.219531627731925 ], [ 34.852153361073725, 31.219538838968258 ] ] ] } },
{ "type": "Feature", "properties": { "cell_id": 4656, "score_syntax": 18.575, "syntax_closeness_pct": 8.868, "syntax_betweenness_pct": 33.137, "segment_count": 1.0 }, "geometry": { "type": "Polygon", "coordinates": [ [ [ 34.852136639487647, 31.224048351095146 ], [ 34.852128277283008, 31.226303105968523 ], [ 34.849504458387074, 31.226295892818197 ], [ 34.849512882877001, 31.224041138582859 ], [ 34.852136639487647, 31.224048351095146 ] ] ] } },
{ "type": "Feature", "properties": { "cell_id": 4657, "score_syntax": 18.157, "syntax_closeness_pct": 8.17, "syntax_betweenness_pct": 33.137, "segment_count": 1.0 }, "geometry": { "type": "Polygon", "coordinates": [ [ [ 34.852128277283008, 31.226303105968523 ], [ 34.852119914137191, 31.22855786004844 ], [ 34.849496032948942, 31.228550646260075 ], [ 34.849504458387074, 31.226295892818197 ], [ 34.852128277283008, 31.226303105968523 ] ] ] } },
{ "type": "Feature", "properties": { "cell_id": 4660, "score_syntax": 14.559, "syntax_closeness_pct": 2.174, "syntax_betweenness_pct": 33.137, "segment_count": 1.0 }, "geometry": { "type": "Polygon", "coordinates": [ [ [ 34.852103185021583, 31.233067365827864 ], [ 34.852094819051622, 31.235322117527296 ], [ 34.849470750944477, 31.235314901824612 ], [ 34.849479179227735, 31.233060150763308 ], [ 34.852103185021583, 31.233067365827864 ] ] ] } },
{ "type": "Feature", "properties": { "cell_id": 4662, "score_syntax": 70.327, "syntax_closeness_pct": 68.692, "syntax_betweenness_pct": 72.778, "segment_count": 1.0 }, "geometry": { "type": "Polygon", "coordinates": [ [ [ 34.852086452140099, 31.237576868433166 ], [ 34.852078084286916, 31.239831618545455 ], [ 34.849453891532164, 31.239824401566402 ], [ 34.84946232171265, 31.237569652092311 ], [ 34.852086452140099, 31.237576868433166 ] ] ] } },
{ "type": "Feature", "properties": { "cell_id": 4663, "score_syntax": 15.819, "syntax_closeness_pct": 4.274, "syntax_betweenness_pct": 33.137, "segment_count": 1.0 }, "geometry": { "type": "Polygon", "coordinates": [ [ [ 34.852078084286916, 31.239831618545455 ], [ 34.852069715492014, 31.242086367864125 ], [ 34.849445460402933, 31.242079150246838 ], [ 34.849453891532164, 31.239824401566402 ], [ 34.852078084286916, 31.239831618545455 ] ] ] } },
{ "type": "Feature", "properties": { "cell_id": 4664, "score_syntax": 22.636, "syntax_closeness_pct": 15.635, "syntax_betweenness_pct": 33.137, "segment_count": 2.0 }, "geometry": { "type": "Polygon", "coordinates": [ [ [ 34.852069715492014, 31.242086367864125 ], [ 34.852061345755253, 31.244341116389126 ], [ 34.84943702832485, 31.244333898133579 ], [ 34.849445460402933, 31.242079150246838 ], [ 34.852069715492014, 31.242086367864125 ] ] ] } },
{ "type": "Feature", "properties": { "cell_id": 4665, "score_syntax": 35.632, "syntax_closeness_pct": 37.295, "syntax_betweenness_pct": 33.137, "segment_count": 7.0 }, "geometry": { "type": "Polygon", "coordinates": [ [ [ 34.852061345755253, 31.244341116389126 ], [ 34.852052975076568, 31.24659586412043 ], [ 34.849428595297837, 31.246588645226602 ], [ 34.84943702832485, 31.244333898133579 ], [ 34.852061345755253, 31.244341116389126 ] ] ] } },
{ "type": "Feature", "properties": { "cell_id": 4666, "score_syntax": 49.471, "syntax_closeness_pct": 51.871, "syntax_betweenness_pct": 45.872, "segment_count": 9.0 }, "geometry": { "type": "Polygon", "coordinates": [ [ [ 34.852052975076568, 31.24659586412043 ], [ 34.852044603455845, 31.248850611058021 ], [ 34.849420161321788, 31.24884339152587 ], [ 34.849428595297837, 31.246588645226602 ], [ 34.852052975076568, 31.24659586412043 ] ] ] } },
{ "type": "Feature", "properties": { "cell_id": 4667, "score_syntax": 32.251, "syntax_closeness_pct": 31.66, "syntax_betweenness_pct": 33.137, "segment_count": 2.0 }, "geometry": { "type": "Polygon", "coordinates": [ [ [ 34.852044603455845, 31.248850611058021 ], [ 34.852036230893006, 31.25110535720184 ], [ 34.84941172639661, 31.251098137031359 ], [ 34.849420161321788, 31.24884339152587 ], [ 34.852044603455845, 31.248850611058021 ] ] ] } },
{ "type": "Feature", "properties": { "cell_id": 4672, "score_syntax": 29.566, "syntax_closeness_pct": 27.184, "syntax_betweenness_pct": 33.137, "segment_count": 8.0 }, "geometry": { "type": "Polygon", "coordinates": [ [ [ 34.852002731218661, 31.260124333838966 ], [ 34.851994353943844, 31.26237907601352 ], [ 34.849369537530585, 31.262371852650862 ], [ 34.849377977202792, 31.260117111114777 ], [ 34.852002731218661, 31.260124333838966 ] ] ] } },
{ "type": "Feature", "properties": { "cell_id": 4673, "score_syntax": 30.138, "syntax_closeness_pct": 28.139, "syntax_betweenness_pct": 33.137, "segment_count": 13.0 }, "geometry": { "type": "Polygon", "coordinates": [ [ [ 34.851994353943844, 31.26237907601352 ], [ 34.851985975726357, 31.264633817394145 ], [ 34.849361096908716, 31.264626593392951 ], [ 34.849369537530585, 31.262371852650862 ], [ 34.851994353943844, 31.26237907601352 ] ] ] } },
{ "type": "Feature", "properties": { "cell_id": 4674, "score_syntax": 33.077, "syntax_closeness_pct": 33.037, "syntax_betweenness_pct": 33.137, "segment_count": 11.0 }, "geometry": { "type": "Polygon", "coordinates": [ [ [ 34.851985975726357, 31.264633817394145 ], [ 34.851977596566115, 31.266888557980788 ], [ 34.84935265533705, 31.26688133334104 ], [ 34.849361096908716, 31.264626593392951 ], [ 34.851985975726357, 31.264633817394145 ] ] ] } },
{ "type": "Feature", "properties": { "cell_id": 4675, "score_syntax": 32.555, "syntax_closeness_pct": 30.275, "syntax_betweenness_pct": 35.975, "segment_count": 12.0 }, "geometry": { "type": "Polygon", "coordinates": [ [ [ 34.851977596566115, 31.266888557980788 ], [ 34.851969216463004, 31.269143297773411 ], [ 34.849344212815502, 31.269136072495076 ], [ 34.84935265533705, 31.26688133334104 ], [ 34.851977596566115, 31.266888557980788 ] ] ] } },
{ "type": "Feature", "properties": { "cell_id": 4676, "score_syntax": 24.277, "syntax_closeness_pct": 18.371, "syntax_betweenness_pct": 33.137, "segment_count": 5.0 }, "geometry": { "type": "Polygon", "coordinates": [ [ [ 34.851969216463004, 31.269143297773411 ], [ 34.851960835416939, 31.271398036771984 ], [ 34.849335769344016, 31.271390810855053 ], [ 34.849344212815502, 31.269136072495076 ], [ 34.851969216463004, 31.269143297773411 ] ] ] } },
{ "type": "Feature", "properties": { "cell_id": 4677, "score_syntax": 35.079, "syntax_closeness_pct": 36.374, "syntax_betweenness_pct": 33.137, "segment_count": 5.0 }, "geometry": { "type": "Polygon", "coordinates": [ [ [ 34.851960835416939, 31.271398036771984 ], [ 34.851952453427828, 31.273652774976494 ], [ 34.849327324922442, 31.273645548420905 ], [ 34.849335769344016, 31.271390810855053 ], [ 34.851960835416939, 31.271398036771984 ] ] ] } },
{ "type": "Feature", "properties": { "cell_id": 4678, "score_syntax": 30.751, "syntax_closeness_pct": 29.16, "syntax_betweenness_pct": 33.137, "segment_count": 3.0 }, "geometry": { "type": "Polygon", "coordinates": [ [ [ 34.851952453427828, 31.273652774976494 ], [ 34.851944070495591, 31.275907512386876 ], [ 34.849318879550736, 31.27590028519262 ], [ 34.849327324922442, 31.273645548420905 ], [ 34.851952453427828, 31.273652774976494 ] ] ] } },
{ "type": "Feature", "properties": { "cell_id": 4679, "score_syntax": 36.981, "syntax_closeness_pct": 39.544, "syntax_betweenness_pct": 33.137, "segment_count": 1.0 }, "geometry": { "type": "Polygon", "coordinates": [ [ [ 34.851944070495591, 31.275907512386876 ], [ 34.851935686620124, 31.278162249003124 ], [ 34.849310433228766, 31.278155021170175 ], [ 34.849318879550736, 31.27590028519262 ], [ 34.851944070495591, 31.275907512386876 ] ] ] } },
{ "type": "Feature", "properties": { "cell_id": 4680, "score_syntax": 18.725, "syntax_closeness_pct": 9.118, "syntax_betweenness_pct": 33.137, "segment_count": 7.0 }, "geometry": { "type": "Polygon", "coordinates": [ [ [ 34.851935686620124, 31.278162249003124 ], [ 34.851927301801304, 31.280416984825202 ], [ 34.849301985956473, 31.280409756353521 ], [ 34.849310433228766, 31.278155021170175 ], [ 34.851935686620124, 31.278162249003124 ] ] ] } },
{ "type": "Feature", "properties": { "cell_id": 4681, "score_syntax": 21.758, "syntax_closeness_pct": 14.171, "syntax_betweenness_pct": 33.137, "segment_count": 4.0 }, "geometry": { "type": "Polygon", "coordinates": [ [ [ 34.851927301801304, 31.280416984825202 ], [ 34.851918916039104, 31.282671719853056 ], [ 34.849293537733736, 31.282664490742611 ], [ 34.849301985956473, 31.280409756353521 ], [ 34.851927301801304, 31.280416984825202 ] ] ] } },
{ "type": "Feature", "properties": { "cell_id": 4684, "score_syntax": 27.698, "syntax_closeness_pct": 24.072, "syntax_betweenness_pct": 33.137, "segment_count": 4.0 }, "geometry": { "type": "Polygon", "coordinates": [ [ [ 34.851902141684043, 31.287181187526031 ], [ 34.851893753091019, 31.289435920171083 ], [ 34.849268187361993, 31.289428689144163 ], [ 34.849276638436585, 31.287173957137963 ], [ 34.851902141684043, 31.287181187526031 ] ] ] } },
{ "type": "Feature", "properties": { "cell_id": 4685, "score_syntax": 25.993, "syntax_closeness_pct": 21.23, "syntax_betweenness_pct": 33.137, "segment_count": 2.0 }, "geometry": { "type": "Polygon", "coordinates": [ [ [ 34.851893753091019, 31.289435920171083 ], [ 34.851885363554203, 31.291690652021792 ], [ 34.849259735336581, 31.291683420356005 ], [ 34.849268187361993, 31.289428689144163 ], [ 34.851893753091019, 31.289435920171083 ] ] ] } },
{ "type": "Feature", "properties": { "cell_id": 4686, "score_syntax": 16.287, "syntax_closeness_pct": 5.053, "syntax_betweenness_pct": 33.137, "segment_count": 1.0 }, "geometry": { "type": "Polygon", "coordinates": [ [ [ 34.851885363554203, 31.291690652021792 ], [ 34.851876973073523, 31.293945383078142 ], [ 34.849251282360271, 31.293938150773425 ], [ 34.849259735336581, 31.291683420356005 ], [ 34.851885363554203, 31.291690652021792 ] ] ] } },
{ "type": "Feature", "properties": { "cell_id": 4738, "score_syntax": 14.377, "syntax_closeness_pct": 1.87, "syntax_betweenness_pct": 33.137, "segment_count": 1.0 }, "geometry": { "type": "Polygon", "coordinates": [ [ [ 34.854752097120148, 31.226310265590946 ], [ 34.85474379626671, 31.228565020304195 ], [ 34.852119914137191, 31.22855786004844 ], [ 34.852128277283008, 31.226303105968523 ], [ 34.854752097120148, 31.226310265590946 ] ] ] } },
{ "type": "Feature", "properties": { "cell_id": 4743, "score_syntax": 19.069, "syntax_closeness_pct": 9.691, "syntax_betweenness_pct": 33.137, "segment_count": 2.0 }, "geometry": { "type": "Polygon", "coordinates": [ [ [ 34.85471058350921, 31.237584031222525 ], [ 34.854702277983442, 31.239838781968267 ], [ 34.852078084286916, 31.239831618545455 ], [ 34.852086452140099, 31.237576868433166 ], [ 34.85471058350921, 31.237584031222525 ] ] ] } },
{ "type": "Feature", "properties": { "cell_id": 4744, "score_syntax": 24.456, "syntax_closeness_pct": 18.67, "syntax_betweenness_pct": 33.137, "segment_count": 2.0 }, "geometry": { "type": "Polygon", "coordinates": [ [ [ 34.854702277983442, 31.239838781968267 ], [ 34.85469397152292, 31.242093531920435 ], [ 34.852069715492014, 31.242086367864125 ], [ 34.852078084286916, 31.239831618545455 ], [ 34.854702277983442, 31.239838781968267 ] ] ] } },
{ "type": "Feature", "properties": { "cell_id": 4745, "score_syntax": 21.638, "syntax_closeness_pct": 13.971, "syntax_betweenness_pct": 33.137, "segment_count": 4.0 }, "geometry": { "type": "Polygon", "coordinates": [ [ [ 34.85469397152292, 31.242093531920435 ], [ 34.854685664127572, 31.244348281078963 ], [ 34.852061345755253, 31.244341116389126 ], [ 34.852069715492014, 31.242086367864125 ], [ 34.85469397152292, 31.242093531920435 ] ] ] } },
{ "type": "Feature", "properties": { "cell_id": 4746, "score_syntax": 27.983, "syntax_closeness_pct": 24.547, "syntax_betweenness_pct": 33.137, "segment_count": 7.0 }, "geometry": { "type": "Polygon", "coordinates": [ [ [ 34.854685664127572, 31.244348281078963 ], [ 34.854677355797314, 31.246603029443843 ], [ 34.852052975076568, 31.24659586412043 ], [ 34.852061345755253, 31.244341116389126 ], [ 34.854685664127572, 31.244348281078963 ] ] ] } },
{ "type": "Feature", "properties": { "cell_id": 4747, "score_syntax": 36.396, "syntax_closeness_pct": 38.569, "syntax_betweenness_pct": 33.137, "segment_count": 9.0 }, "geometry": { "type": "Polygon", "coordinates": [ [ [ 34.854677355797314, 31.246603029443843 ], [ 34.854669046532024, 31.248857777015012 ], [ 34.852044603455845, 31.248850611058021 ], [ 34.852052975076568, 31.24659586412043 ], [ 34.854677355797314, 31.246603029443843 ] ] ] } },
{ "type": "Feature", "properties": { "cell_id": 4748, "score_syntax": 23.432, "syntax_closeness_pct": 16.962, "syntax_betweenness_pct": 33.137, "segment_count": 4.0 }, "geometry": { "type": "Polygon", "coordinates": [ [ [ 34.854669046532024, 31.248857777015012 ], [ 34.85466073633161, 31.25111252379245 ], [ 34.852036230893006, 31.25110535720184 ], [ 34.852044603455845, 31.248850611058021 ], [ 34.854669046532024, 31.248857777015012 ] ] ] } },
{ "type": "Feature", "properties": { "cell_id": 4749, "score_syntax": 19.207, "syntax_closeness_pct": 9.921, "syntax_betweenness_pct": 33.137, "segment_count": 3.0 }, "geometry": { "type": "Polygon", "coordinates": [ [ [ 34.85466073633161, 31.25111252379245 ], [ 34.854652425196036, 31.253367269776138 ], [ 34.852027857387959, 31.253360102551877 ], [ 34.852036230893006, 31.25110535720184 ], [ 34.85466073633161, 31.25111252379245 ] ] ] } },
{ "type": "Feature", "properties": { "cell_id": 4750, "score_syntax": 32.128, "syntax_closeness_pct": 31.456, "syntax_betweenness_pct": 33.137, "segment_count": 9.0 }, "geometry": { "type": "Polygon", "coordinates": [ [ [ 34.854652425196036, 31.253367269776138 ], [ 34.854644113125126, 31.255622014966036 ], [ 34.852019482940626, 31.255614847108102 ], [ 34.852027857387959, 31.253360102551877 ], [ 34.854652425196036, 31.253367269776138 ] ] ] } },
{ "type": "Feature", "properties": { "cell_id": 4753, "score_syntax": 30.344, "syntax_closeness_pct": 28.483, "syntax_betweenness_pct": 33.137, "segment_count": 3.0 }, "geometry": { "type": "Polygon", "coordinates": [ [ [ 34.854627486177101, 31.260131502964327 ], [ 34.854619171299767, 31.262386245772653 ], [ 34.851994353943844, 31.26237907601352 ], [ 34.852002731218661, 31.260124333838966 ], [ 34.854627486177101, 31.260131502964327 ] ] ] } },
{ "type": "Feature", "properties": { "cell_id": 4754, "score_syntax": 33.22, "syntax_closeness_pct": 33.275, "syntax_betweenness_pct": 33.137, "segment_count": 7.0 }, "geometry": { "type": "Polygon", "coordinates": [ [ [ 34.854619171299767, 31.262386245772653 ], [ 34.854610855486783, 31.264640987787057 ], [ 34.851985975726357, 31.264633817394145 ], [ 34.851994353943844, 31.26237907601352 ], [ 34.854619171299767, 31.262386245772653 ] ] ] } },
{ "type": "Feature", "properties": { "cell_id": 4755, "score_syntax": 33.767, "syntax_closeness_pct": 34.187, "syntax_betweenness_pct": 33.137, "segment_count": 18.0 }, "geometry": { "type": "Polygon", "coordinates": [ [ [ 34.854610855486783, 31.264640987787057 ], [ 34.854602538738035, 31.266895729007537 ], [ 34.851977596566115, 31.266888557980788 ], [ 34.851985975726357, 31.264633817394145 ], [ 34.854610855486783, 31.264640987787057 ] ] ] } },
{ "type": "Feature", "properties": { "cell_id": 4756, "score_syntax": 24.553, "syntax_closeness_pct": 18.83, "syntax_betweenness_pct": 33.137, "segment_count": 8.0 }, "geometry": { "type": "Polygon", "coordinates": [ [ [ 34.854602538738035, 31.266895729007537 ], [ 34.854594221053439, 31.269150469434013 ], [ 34.851969216463004, 31.269143297773411 ], [ 34.851977596566115, 31.266888557980788 ], [ 34.854602538738035, 31.266895729007537 ] ] ] } },
{ "type": "Feature", "properties": { "cell_id": 4757, "score_syntax": 35.424, "syntax_closeness_pct": 36.948, "syntax_betweenness_pct": 33.137, "segment_count": 7.0 }, "geometry": { "type": "Polygon", "coordinates": [ [ [ 34.854594221053439, 31.269150469434013 ], [ 34.854585902432916, 31.271405209066476 ], [ 34.851960835416939, 31.271398036771984 ], [ 34.851969216463004, 31.269143297773411 ], [ 34.854594221053439, 31.269150469434013 ] ] ] } },
{ "type": "Feature", "properties": { "cell_id": 4758, "score_syntax": 28.406, "syntax_closeness_pct": 25.251, "syntax_betweenness_pct": 33.137, "segment_count": 12.0 }, "geometry": { "type": "Polygon", "coordinates": [ [ [ 34.854585902432916, 31.271405209066476 ], [ 34.854577582876352, 31.273659947904889 ], [ 34.851952453427828, 31.273652774976494 ], [ 34.851960835416939, 31.271398036771984 ], [ 34.854585902432916, 31.271405209066476 ] ] ] } },
{ "type": "Feature", "properties": { "cell_id": 4759, "score_syntax": 31.014, "syntax_closeness_pct": 29.599, "syntax_betweenness_pct": 33.137, "segment_count": 7.0 }, "geometry": { "type": "Polygon", "coordinates": [ [ [ 34.854577582876352, 31.273659947904889 ], [ 34.85456926238367, 31.275914685949207 ], [ 34.851944070495591, 31.275907512386876 ], [ 34.851952453427828, 31.273652774976494 ], [ 34.854577582876352, 31.273659947904889 ] ] ] } },
{ "type": "Feature", "properties": { "cell_id": 4760, "score_syntax": 29.771, "syntax_closeness_pct": 27.527, "syntax_betweenness_pct": 33.137, "segment_count": 6.0 }, "geometry": { "type": "Polygon", "coordinates": [ [ [ 34.85456926238367, 31.275914685949207 ], [ 34.854560940954777, 31.278169423199433 ], [ 34.851935686620124, 31.278162249003124 ], [ 34.851944070495591, 31.275907512386876 ], [ 34.85456926238367, 31.275914685949207 ] ] ] } },
{ "type": "Feature", "properties": { "cell_id": 4761, "score_syntax": 45.581, "syntax_closeness_pct": 50.546, "syntax_betweenness_pct": 38.135, "segment_count": 18.0 }, "geometry": { "type": "Polygon", "coordinates": [ [ [ 34.854560940954777, 31.278169423199433 ], [ 34.85455261858958, 31.280424159655503 ], [ 34.851927301801304, 31.280416984825202 ], [ 34.851935686620124, 31.278162249003124 ], [ 34.854560940954777, 31.278169423199433 ] ] ] } },
{ "type": "Feature", "properties": { "cell_id": 4762, "score_syntax": 16.857, "syntax_closeness_pct": 6.003, "syntax_betweenness_pct": 33.137, "segment_count": 1.0 }, "geometry": { "type": "Polygon", "coordinates": [ [ [ 34.85455261858958, 31.280424159655503 ], [ 34.854544295287965, 31.282678895317414 ], [ 34.851918916039104, 31.282671719853056 ], [ 34.851927301801304, 31.280416984825202 ], [ 34.85455261858958, 31.280424159655503 ] ] ] } },
{ "type": "Feature", "properties": { "cell_id": 4764, "score_syntax": 18.194, "syntax_closeness_pct": 8.233, "syntax_betweenness_pct": 33.137, "segment_count": 2.0 }, "geometry": { "type": "Polygon", "coordinates": [ [ [ 34.854535971049877, 31.284933630185076 ], [ 34.854527645875194, 31.287188364258515 ], [ 34.851902141684043, 31.287181187526031 ], [ 34.851910529333367, 31.284926454086673 ], [ 34.854535971049877, 31.284933630185076 ] ] ] } },
{ "type": "Feature", "properties": { "cell_id": 4765, "score_syntax": 25.234, "syntax_closeness_pct": 19.965, "syntax_betweenness_pct": 33.137, "segment_count": 2.0 }, "geometry": { "type": "Polygon", "coordinates": [ [ [ 34.854527645875194, 31.287188364258515 ], [ 34.854519319763838, 31.289443097537681 ], [ 34.851893753091019, 31.289435920171083 ], [ 34.851902141684043, 31.287181187526031 ], [ 34.854527645875194, 31.287188364258515 ] ] ] } },
{ "type": "Feature", "properties": { "cell_id": 4766, "score_syntax": 21.378, "syntax_closeness_pct": 13.539, "syntax_betweenness_pct": 33.137, "segment_count": 2.0 }, "geometry": { "type": "Polygon", "coordinates": [ [ [ 34.854519319763838, 31.289443097537681 ], [ 34.854510992715724, 31.291697830022542 ], [ 34.851885363554203, 31.291690652021792 ], [ 34.851893753091019, 31.289435920171083 ], [ 34.854519319763838, 31.289443097537681 ] ] ] } },
{ "type": "Feature", "properties": { "cell_id": 4770, "score_syntax": 14.846, "syntax_closeness_pct": 2.653, "syntax_betweenness_pct": 33.137, "segment_count": 2.0 }, "geometry": { "type": "Polygon", "coordinates": [ [ [ 34.854486005949809, 31.298462022710947 ], [ 34.854477675153696, 31.300716752018261 ], [ 34.851851795967207, 31.300709571480624 ], [ 34.85186018928011, 31.298454842807583 ], [ 34.854486005949809, 31.298462022710947 ] ] ] } },
{ "type": "Feature", "properties": { "cell_id": 4811, "score_syntax": 14.399, "syntax_closeness_pct": 1.907, "syntax_betweenness_pct": 33.137, "segment_count": 1.0 }, "geometry": { "type": "Polygon", "coordinates": [ [ [ 34.857441793007965, 31.208279300391926 ], [ 34.857433561861981, 31.210534062079866 ], [ 34.854810176942053, 31.210526960384737 ], [ 34.854818470324538, 31.208272199325176 ], [ 34.857441793007965, 31.208279300391926 ] ] ] } },
{ "type": "Feature", "properties": { "cell_id": 4825, "score_syntax": 20.708, "syntax_closeness_pct": 12.422, "syntax_betweenness_pct": 33.137, "segment_count": 1.0 }, "geometry": { "type": "Polygon", "coordinates": [ [ [ 34.85732647261468, 31.239845891834772 ], [ 34.857318228488673, 31.242100642415696 ], [ 34.85469397152292, 31.242093531920435 ], [ 34.854702277983442, 31.239838781968267 ], [ 34.85732647261468, 31.239845891834772 ] ] ] } },
{ "type": "Feature", "properties": { "cell_id": 4827, "score_syntax": 13.805, "syntax_closeness_pct": 0.916, "syntax_betweenness_pct": 33.137, "segment_count": 1.0 }, "geometry": { "type": "Polygon", "coordinates": [ [ [ 34.857309983434838, 31.244355392203023 ], [ 34.857301737453078, 31.246610141196726 ], [ 34.854677355797314, 31.246603029443843 ], [ 34.854685664127572, 31.244348281078963 ], [ 34.857309983434838, 31.244355392203023 ] ] ] } },
{ "type": "Feature", "properties": { "cell_id": 4831, "score_syntax": 15.472, "syntax_closeness_pct": 3.695, "syntax_betweenness_pct": 33.137, "segment_count": 1.0 }, "geometry": { "type": "Polygon", "coordinates": [ [ [ 34.857276993939372, 31.2533743834157 ], [ 34.857268744245026, 31.255629129234546 ], [ 34.854644113125126, 31.255622014966036 ], [ 34.854652425196036, 31.253367269776138 ], [ 34.857276993939372, 31.2533743834157 ] ] ] } },
{ "type": "Feature", "properties": { "cell_id": 4836, "score_syntax": 32.182, "syntax_closeness_pct": 31.545, "syntax_betweenness_pct": 33.137, "segment_count": 1.0 }, "geometry": { "type": "Polygon", "coordinates": [ [ [ 34.857235736182943, 31.264648104571666 ], [ 34.857227481845797, 31.266902846421218 ], [ 34.854602538738035, 31.266895729007537 ], [ 34.854610855486783, 31.264640987787057 ], [ 34.857235736182943, 31.264648104571666 ] ] ] } },
{ "type": "Feature", "properties": { "cell_id": 4837, "score_syntax": 15.601, "syntax_closeness_pct": 3.911, "syntax_betweenness_pct": 33.137, "segment_count": 1.0 }, "geometry": { "type": "Polygon", "coordinates": [ [ [ 34.857227481845797, 31.266902846421218 ], [ 34.857219226579836, 31.269157587476816 ], [ 34.854594221053439, 31.269150469434013 ], [ 34.854602538738035, 31.266895729007537 ], [ 34.857227481845797, 31.266902846421218 ] ] ] } },
{ "type": "Feature", "properties": { "cell_id": 4838, "score_syntax": 21.603, "syntax_closeness_pct": 13.914, "syntax_betweenness_pct": 33.137, "segment_count": 1.0 }, "geometry": { "type": "Polygon", "coordinates": [ [ [ 34.857219226579836, 31.269157587476816 ], [ 34.857210970384926, 31.271412327738432 ], [ 34.854585902432916, 31.271405209066476 ], [ 34.854594221053439, 31.269150469434013 ], [ 34.857219226579836, 31.269157587476816 ] ] ] } },
{ "type": "Feature", "properties": { "cell_id": 4839, "score_syntax": 19.746, "syntax_closeness_pct": 10.819, "syntax_betweenness_pct": 33.137, "segment_count": 4.0 }, "geometry": { "type": "Polygon", "coordinates": [ [ [ 34.857210970384926, 31.271412327738432 ], [ 34.85720271326101, 31.273667067206034 ], [ 34.854577582876352, 31.273659947904889 ], [ 34.854585902432916, 31.271405209066476 ], [ 34.857210970384926, 31.271412327738432 ] ] ] } },
{ "type": "Feature", "properties": { "cell_id": 4840, "score_syntax": 16.936, "syntax_closeness_pct": 6.135, "syntax_betweenness_pct": 33.137, "segment_count": 2.0 }, "geometry": { "type": "Polygon", "coordinates": [ [ [ 34.85720271326101, 31.273667067206034 ], [ 34.857194455207967, 31.275921805879559 ], [ 34.85456926238367, 31.275914685949207 ], [ 34.854577582876352, 31.273659947904889 ], [ 34.85720271326101, 31.273667067206034 ] ] ] } },
{ "type": "Feature", "properties": { "cell_id": 4841, "score_syntax": 19.067, "syntax_closeness_pct": 9.688, "syntax_betweenness_pct": 33.137, "segment_count": 3.0 }, "geometry": { "type": "Polygon", "coordinates": [ [ [ 34.857194455207967, 31.275921805879559 ], [ 34.857186196225754, 31.278176543759024 ], [ 34.854560940954777, 31.278169423199433 ], [ 34.85456926238367, 31.275914685949207 ], [ 34.857194455207967, 31.275921805879559 ] ] ] } },
{ "type": "Feature", "properties": { "cell_id": 4842, "score_syntax": 32.355, "syntax_closeness_pct": 31.834, "syntax_betweenness_pct": 33.137, "segment_count": 1.0 }, "geometry": { "type": "Polygon", "coordinates": [ [ [ 34.857186196225754, 31.278176543759024 ], [ 34.85717793631423, 31.280431280844358 ], [ 34.85455261858958, 31.280424159655503 ], [ 34.854560940954777, 31.278169423199433 ], [ 34.857186196225754, 31.278176543759024 ] ] ] } },
{ "type": "Feature", "properties": { "cell_id": 4845, "score_syntax": 26.113, "syntax_closeness_pct": 21.431, "syntax_betweenness_pct": 33.137, "segment_count": 1.0 }, "geometry": { "type": "Polygon", "coordinates": [ [ [ 34.857161413702954, 31.284940752632565 ], [ 34.857153151003033, 31.287195487335349 ], [ 34.854527645875194, 31.287188364258515 ], [ 34.854535971049877, 31.284933630185076 ], [ 34.857161413702954, 31.284940752632565 ] ] ] } },
{ "type": "Feature", "properties": { "cell_id": 4847, "score_syntax": 24.675, "syntax_closeness_pct": 19.034, "syntax_betweenness_pct": 33.137, "segment_count": 1.0 }, "geometry": { "type": "Polygon", "coordinates": [ [ [ 34.85714488737343, 31.289450221243914 ], [ 34.857136622814089, 31.291704954358188 ], [ 34.854510992715724, 31.291697830022542 ], [ 34.854519319763838, 31.289443097537681 ], [ 34.85714488737343, 31.289450221243914 ] ] ] } },
{ "type": "Feature", "properties": { "cell_id": 4849, "score_syntax": 14.679, "syntax_closeness_pct": 2.375, "syntax_betweenness_pct": 33.137, "segment_count": 1.0 }, "geometry": { "type": "Polygon", "coordinates": [ [ [ 34.85712835732491, 31.293959686678161 ], [ 34.857120090905802, 31.296214418203785 ], [ 34.854494335808802, 31.296207292609225 ], [ 34.854502664730745, 31.293952561713066 ], [ 34.85712835732491, 31.293959686678161 ] ] ] } },
{ "type": "Feature", "properties": { "cell_id": 4850, "score_syntax": 17.476, "syntax_closeness_pct": 7.035, "syntax_betweenness_pct": 33.137, "segment_count": 1.0 }, "geometry": { "type": "Polygon", "coordinates": [ [ [ 34.857120090905802, 31.296214418203785 ], [ 34.857111823556664, 31.298469148935027 ], [ 34.854486005949809, 31.298462022710947 ], [ 34.854494335808802, 31.296207292609225 ], [ 34.857120090905802, 31.296214418203785 ] ] ] } },
{ "type": "Feature", "properties": { "cell_id": 4891, "score_syntax": 14.39, "syntax_closeness_pct": 1.892, "syntax_betweenness_pct": 33.137, "segment_count": 1.0 }, "geometry": { "type": "Polygon", "coordinates": [ [ [ 34.860073284607807, 31.20603158486384 ], [ 34.860065116617861, 31.208286347968475 ], [ 34.857441793007965, 31.208279300391926 ], [ 34.8574500232275, 31.206024537910892 ], [ 34.860073284607807, 31.20603158486384 ] ] ] } },
{ "type": "Feature", "properties": { "cell_id": 4896, "score_syntax": 71.74, "syntax_closeness_pct": 68.514, "syntax_betweenness_pct": 76.579, "segment_count": 2.0 }, "geometry": { "type": "Polygon", "coordinates": [ [ [ 34.86003243546255, 31.217305392455909 ], [ 34.860024262874369, 31.219560151594823 ], [ 34.857400628011561, 31.219553100899777 ], [ 34.857408862864318, 31.217298342384634 ], [ 34.86003243546255, 31.217305392455909 ] ] ] } },
{ "type": "Feature", "properties": { "cell_id": 4900, "score_syntax": 14.408, "syntax_closeness_pct": 1.922, "syntax_betweenness_pct": 33.137, "segment_count": 1.0 }, "geometry": { "type": "Polygon", "coordinates": [ [ [ 34.859999739589973, 31.226324424251889 ], [ 34.859991563321607, 31.228579180217604 ], [ 34.857367679330508, 31.228572127027263 ], [ 34.857375917891481, 31.226317371685422 ], [ 34.859999739589973, 31.226324424251889 ] ] ] } },
{ "type": "Feature", "properties": { "cell_id": 5006, "score_syntax": 68.302, "syntax_closeness_pct": 68.373, "syntax_betweenness_pct": 68.195, "segment_count": 1.0 }, "geometry": { "type": "Polygon", "coordinates": [ [ [ 34.86242043862547, 31.282700099833047 ], [ 34.862412301790833, 31.284954836574528 ], [ 34.85978685728562, 31.284947821429068 ], [ 34.859795056588169, 31.28269308530745 ], [ 34.86242043862547, 31.282700099833047 ] ] ] } },
{ "type": "Feature", "properties": { "cell_id": 5332, "score_syntax": 68.262, "syntax_closeness_pct": 67.898, "syntax_betweenness_pct": 68.808, "segment_count": 1.0 }, "geometry": { "type": "Polygon", "coordinates": [ [ [ 34.87290620104713, 31.287237099024118 ], [ 34.872898312309999, 31.289491836609596 ], [ 34.870272739227218, 31.289485034867027 ], [ 34.870280690446641, 31.287230297882541 ], [ 34.87290620104713, 31.287237099024118 ] ] ] } },
{ "type": "Feature", "properties": { "cell_id": 5886, "score_syntax": 14.354, "syntax_closeness_pct": 1.833, "syntax_betweenness_pct": 33.137, "segment_count": 1.0 }, "geometry": { "type": "Polygon", "coordinates": [ [ [ 34.891381591105862, 31.257971490830343 ], [ 34.891374150640061, 31.260226242808219 ], [ 34.888749383221644, 31.260219824072941 ], [ 34.88875688607915, 31.257965072662593 ], [ 34.891381591105862, 31.257971490830343 ] ] ] } },
{ "type": "Feature", "properties": { "cell_id": 5887, "score_syntax": 14.359, "syntax_closeness_pct": 1.84, "syntax_betweenness_pct": 33.137, "segment_count": 1.0 }, "geometry": { "type": "Polygon", "coordinates": [ [ [ 34.891374150640061, 31.260226242808219 ], [ 34.891366709336843, 31.262480993992604 ], [ 34.888741879519728, 31.262474574689783 ], [ 34.888749383221644, 31.260219824072941 ], [ 34.891374150640061, 31.260226242808219 ] ] ] } }
]
}
