{"type":"FeatureCollection","features":[{"type":"Feature","properties":{"name":"\u05e4\u05d0\u05e8\u05e7 \u05d4\u05d3\u05e1\u05d4","area":0.0,"classification":"\u05d0\u05ea\u05e8 \u05dc\u05e4\u05d9\u05ea\u05d5\u05d7 \u05e2\u05d9\u05e8\u05d5\u05e0\u05d9","site_id":35},"geometry":{"type":"MultiPolygon","coordinates":[[[[34.79662,31.27325],[34.79631,31.27325],[34.79611,31.27356],[34.79509,31.27335],[34.79495,31.27374],[34.79406,31.2735],[34.79328,31.27344],[34.79273,31.27315],[34.79254,31.27278],[34.79208,31.27265],[34.79191,31.27286],[34.79082,31.27274],[34.79068,31.273],[34.79033,31.27322],[34.79504,31.27443],[34.79604,31.27479],[34.79638,31.27461],[34.79706,31.27399],[34.79739,31.2734],[34.79755,31.27302],[34.79694,31.27292],[34.79685,31.27324],[34.79675,31.27324],[34.79662,31.27325]]]]}},{"type":"Feature","properties":{"name":"\u05e0\u05d7\u05dc \u05e1\u05d5\u05dc\u05dc\u05d9\u05dd \u05ea\u05d7\u05ea\u05d5\u05df","area":1240079.56311156,"classification":"\u05d0\u05ea\u05e8 \u05d8\u05d1\u05e2 \u05dc\u05e9\u05d9\u05de\u05d5\u05e8","site_id":40},"geometry":{"type":"MultiPolygon","coordinates":[[[[34.73821,31.27127],[34.73807,31.27143],[34.7381,31.27156],[34.73814,31.27171],[34.73815,31.27176],[34.73821,31.27198],[34.73821,31.27198],[34.73822,31.272],[34.73823,31.27203],[34.73827,31.27218],[34.73835,31.27245],[34.73836,31.27245],[34.73839,31.27258],[34.7384,31.2726],[34.73843,31.27272],[34.73844,31.27274],[34.73865,31.27349],[34.73899,31.27471],[34.73901,31.27478],[34.73909,31.27505],[34.73913,31.27518],[34.73914,31.27522],[34.73916,31.2753],[34.73931,31.27584],[34.73953,31.27664],[34.73958,31.2768],[34.73995,31.27813],[34.74011,31.27875],[34.74021,31.2787],[34.74024,31.27851],[34.74024,31.27848],[34.74026,31.2784],[34.74026,31.27838],[34.74028,31.27817],[34.74037,31.27807],[34.74051,31.27805],[34.74069,31.27807],[34.74094,31.27796],[34.74124,31.2777],[34.74134,31.27751],[34.74135,31.27751],[34.74146,31.27744],[34.74161,31.27724],[34.74161,31.27724],[34.74182,31.27702],[34.74244,31.27668],[34.74257,31.27676],[34.74271,31.27677],[34.74276,31.27678],[34.74277,31.27678],[34.74285,31.27676],[34.74289,31.27674],[34.74298,31.27667],[34.74318,31.27642],[34.74319,31.27641],[34.74338,31.27587],[34.74358,31.27546],[34.74359,31.27543],[34.74366,31.27552],[34.74372,31.27558],[34.74372,31.27559],[34.74373,31.27559],[34.74379,31.27566],[34.74385,31.27574],[34.74394,31.27584],[34.74451,31.27495],[34.74473,31.27461],[34.7447,31.27459],[34.74722,31.27019],[34.74722,31.27019],[34.74559,31.26817],[34.74753,31.26785],[34.74848,31.2683],[34.7492,31.26798],[34.7494,31.26783],[34.74964,31.26771],[34.74973,31.26768],[34.75021,31.26753],[34.7507,31.26742],[34.75092,31.26735],[34.75103,31.26731],[34.75116,31.2673],[34.75138,31.26726],[34.75165,31.26731],[34.75187,31.26731],[34.75201,31.2673],[34.75234,31.26709],[34.75261,31.26699],[34.75282,31.26696],[34.75305,31.26693],[34.75306,31.26693],[34.75305,31.26692],[34.75296,31.26685],[34.75276,31.26667],[34.75261,31.26649],[34.75248,31.2663],[34.75236,31.26618],[34.75221,31.26612],[34.75213,31.26607],[34.75208,31.266],[34.75202,31.2659],[34.75203,31.26583],[34.75206,31.26574],[34.75209,31.26568],[34.75218,31.26557],[34.75227,31.26544],[34.75228,31.26532],[34.7523,31.26525],[34.75232,31.26519],[34.75237,31.26517],[34.75238,31.26516],[34.75254,31.26515],[34.75255,31.26516],[34.75196,31.26472],[34.75117,31.26415],[34.75111,31.2641],[34.75052,31.26364],[34.75022,31.26333],[34.75006,31.26315],[34.75004,31.26314],[34.74999,31.26303],[34.74995,31.26294],[34.74983,31.26269],[34.7498,31.26262],[34.74969,31.2626],[34.74688,31.26432],[34.7467,31.26443],[34.74578,31.265],[34.74395,31.26612],[34.74338,31.26648],[34.74232,31.26716],[34.74197,31.26738],[34.74125,31.26784],[34.74126,31.26785],[34.74139,31.26801],[34.74173,31.26842],[34.74134,31.2687],[34.74089,31.26839],[34.74071,31.26827],[34.74025,31.26872],[34.7401,31.26886],[34.73936,31.26958],[34.73822,31.27127],[34.73821,31.27127]]]]}},{"type":"Feature","properties":{"name":"\u05de\u05e2\u05dc\u05d4 \u05e0\u05d7\u05dc \u05db\u05d5\u05d1\u05e9\u05d9\u05dd","area":2107725.10178774,"classification":"\u05d0\u05ea\u05e8 \u05d8\u05d1\u05e2 \u05dc\u05e9\u05d9\u05de\u05d5\u05e8","site_id":42},"geometry":{"type":"MultiPolygon","coordinates":[[[[34.76471,31.27622],[34.76476,31.27624],[34.76475,31.27624],[34.76498,31.27631],[34.76529,31.27678],[34.7653,31.27678],[34.7653,31.2768],[34.76531,31.27681],[34.76552,31.27682],[34.76553,31.27682],[34.7656,31.27682],[34.76605,31.27684],[34.7669,31.27689],[34.76734,31.2769],[34.76761,31.27691],[34.7679,31.27691],[34.7679,31.27686],[34.76791,31.27679],[34.76793,31.27675],[34.768,31.27675],[34.76801,31.27676],[34.76847,31.27678],[34.76884,31.27682],[34.76908,31.27687],[34.76932,31.27691],[34.76978,31.27699],[34.76993,31.27705],[34.76994,31.27706],[34.77046,31.27716],[34.77047,31.27716],[34.77067,31.2772],[34.77071,31.2772],[34.77136,31.27732],[34.77185,31.27739],[34.77194,31.2774],[34.77213,31.27741],[34.77232,31.27743],[34.7726,31.27746],[34.7728,31.27748],[34.77283,31.27748],[34.77327,31.27752],[34.7733,31.27752],[34.77377,31.27757],[34.77424,31.27762],[34.77429,31.27762],[34.77476,31.27766],[34.77494,31.27762],[34.77502,31.27759],[34.7752,31.27752],[34.77531,31.27746],[34.77533,31.27745],[34.77535,31.27743],[34.77565,31.27714],[34.77597,31.27683],[34.77597,31.27681],[34.77597,31.27679],[34.77596,31.27672],[34.77618,31.27652],[34.77653,31.27628],[34.77677,31.27621],[34.77677,31.27621],[34.77679,31.27621],[34.77699,31.27625],[34.77734,31.2763],[34.77743,31.27632],[34.77752,31.27634],[34.77762,31.2764],[34.77769,31.27644],[34.77777,31.27649],[34.7778,31.27651],[34.77807,31.27656],[34.77841,31.27662],[34.77866,31.27667],[34.77904,31.27675],[34.77909,31.27676],[34.77913,31.27677],[34.77916,31.27677],[34.77927,31.2768],[34.77975,31.2769],[34.7799,31.27694],[34.78041,31.27703],[34.78051,31.27706],[34.78069,31.27709],[34.7816,31.27729],[34.78179,31.27733],[34.78234,31.27744],[34.78237,31.27745],[34.78306,31.27758],[34.78354,31.27768],[34.78438,31.27785],[34.78438,31.27785],[34.78445,31.27781],[34.78465,31.27785],[34.78532,31.278],[34.78553,31.27834],[34.78556,31.27837],[34.78556,31.27838],[34.78564,31.27848],[34.78573,31.27856],[34.78588,31.27868],[34.78604,31.27884],[34.78619,31.27885],[34.78624,31.27885],[34.78624,31.27885],[34.78627,31.27888],[34.7863,31.2789],[34.78631,31.27891],[34.78633,31.27893],[34.78633,31.27893],[34.78648,31.2791],[34.78656,31.27921],[34.78661,31.27929],[34.78666,31.27936],[34.78663,31.27948],[34.78663,31.2795],[34.7866,31.27959],[34.7866,31.27962],[34.78661,31.27966],[34.78662,31.27968],[34.78665,31.27974],[34.78672,31.27992],[34.78683,31.28012],[34.78686,31.28017],[34.78698,31.28037],[34.78714,31.28056],[34.78716,31.28058],[34.78719,31.28061],[34.7875,31.28092],[34.78766,31.28108],[34.78812,31.28155],[34.78821,31.28163],[34.78883,31.28216],[34.7894,31.28255],[34.7897,31.28277],[34.78977,31.28282],[34.79008,31.28303],[34.79008,31.28305],[34.79034,31.28314],[34.79036,31.28319],[34.79041,31.28326],[34.79054,31.28295],[34.79059,31.28271],[34.79072,31.28242],[34.7909,31.28213],[34.79112,31.28196],[34.79136,31.2818],[34.79163,31.2818],[34.79176,31.28181],[34.79176,31.28179],[34.79181,31.28147],[34.79188,31.28109],[34.79189,31.28101],[34.792,31.28043],[34.792,31.28041],[34.79211,31.27979],[34.79269,31.27891],[34.79255,31.27877],[34.79223,31.27846],[34.7926,31.27791],[34.79308,31.2779],[34.79314,31.27791],[34.79335,31.27797],[34.79376,31.27754],[34.79378,31.27753],[34.79423,31.27711],[34.79448,31.27677],[34.79453,31.2767],[34.79488,31.27631],[34.79493,31.27624],[34.79517,31.27597],[34.7952,31.27593],[34.79558,31.27544],[34.79579,31.27518],[34.79557,31.27508],[34.7953,31.27496],[34.79463,31.27465],[34.79323,31.27431],[34.79177,31.27391],[34.79052,31.27362],[34.78971,31.27345],[34.7884,31.27316],[34.78834,31.27315],[34.78825,31.27313],[34.78827,31.27371],[34.78741,31.27397],[34.78691,31.27398],[34.78689,31.27398],[34.78676,31.27399],[34.78603,31.27389],[34.78556,31.27383],[34.78554,31.27394],[34.78543,31.27457],[34.78542,31.2746],[34.78116,31.27422],[34.78114,31.27421],[34.78111,31.27422],[34.78028,31.27456],[34.78026,31.27457],[34.77946,31.2745],[34.77934,31.27449],[34.77914,31.27441],[34.77845,31.27414],[34.77842,31.27413],[34.77817,31.27411],[34.77788,31.27409],[34.77744,31.27405],[34.77713,31.27403],[34.77665,31.27369],[34.77637,31.27352],[34.77611,31.27354],[34.77585,31.27326],[34.77572,31.27282],[34.77539,31.27239],[34.77489,31.27243],[34.77458,31.27246],[34.77406,31.27246],[34.77353,31.27233],[34.77316,31.27225],[34.77302,31.27225],[34.77281,31.27225],[34.77242,31.27225],[34.77229,31.27225],[34.77224,31.27225],[34.77195,31.27218],[34.77183,31.27215],[34.77111,31.27234],[34.77051,31.27241],[34.77015,31.2724],[34.77007,31.2724],[34.76994,31.27239],[34.76992,31.27239],[34.7699,31.27238],[34.76939,31.27225],[34.76929,31.27222],[34.76861,31.27199],[34.76798,31.27176],[34.76794,31.27175],[34.76789,31.27177],[34.76745,31.27201],[34.76735,31.27207],[34.7671,31.27221],[34.76664,31.27247],[34.76657,31.27253],[34.76609,31.27287],[34.76557,31.27318],[34.76506,31.27354],[34.76487,31.27359],[34.76454,31.27358],[34.76434,31.27357],[34.76429,31.27348],[34.76427,31.27344],[34.76417,31.27325],[34.76389,31.27303],[34.76375,31.27311],[34.76355,31.27325],[34.76335,31.27333],[34.76324,31.27348],[34.76288,31.2734],[34.76253,31.27339],[34.76228,31.27341],[34.76215,31.27347],[34.76191,31.27354],[34.7616,31.27356],[34.76146,31.27355],[34.76135,31.27379],[34.76119,31.27405],[34.76109,31.27422],[34.76105,31.27427],[34.76103,31.27427],[34.76102,31.27432],[34.7607,31.27447],[34.76059,31.27451],[34.76059,31.27451],[34.76062,31.27467],[34.76152,31.2746],[34.76153,31.2746],[34.76169,31.27457],[34.76182,31.27456],[34.76188,31.27456],[34.7621,31.27456],[34.76213,31.27456],[34.76214,31.27456],[34.76219,31.27457],[34.76231,31.27458],[34.76252,31.27462],[34.76274,31.27468],[34.76295,31.27476],[34.76302,31.2748],[34.76303,31.27489],[34.76322,31.27499],[34.76341,31.27516],[34.76349,31.27511],[34.76365,31.27498],[34.76378,31.27488],[34.76381,31.27486],[34.76379,31.27498],[34.76379,31.275],[34.76387,31.27499],[34.76394,31.27499],[34.76397,31.27498],[34.76452,31.27499],[34.76458,31.275],[34.76459,31.275],[34.7646,31.27502],[34.76461,31.27507],[34.76474,31.27568],[34.76474,31.27568],[34.76472,31.2759],[34.76471,31.27622]]]]}},{"type":"Feature","properties":{"name":"\u05e9\u05d3\u05d5\u05ea \u05e0\u05d7\u05dc \u05db\u05d5\u05d1\u05e9\u05d9\u05dd","area":1820362.61250826,"classification":"\u05d0\u05ea\u05e8 \u05dc\u05e4\u05d9\u05ea\u05d5\u05d7 \u05e2\u05d9\u05e8\u05d5\u05e0\u05d9 \u05e2\u05dd \u05d4\u05e0\u05d7\u05d9\u05d5\u05ea \u05e1\u05d1\u05d9\u05d1\u05ea\u05d9\u05d5\u05ea","site_id":41},"geometry":{"type":"MultiPolygon","coordinates":[[[[34.76309,31.27773],[34.7645,31.27705],[34.76473,31.27688],[34.76508,31.27687],[34.76523,31.27682],[34.76528,31.2768],[34.76527,31.27679],[34.76529,31.27678],[34.76498,31.27631],[34.76475,31.27624],[34.76476,31.27624],[34.76471,31.27622],[34.76474,31.27568],[34.76474,31.27568],[34.76461,31.27507],[34.7646,31.27502],[34.76459,31.275],[34.76458,31.275],[34.76452,31.27499],[34.76397,31.27498],[34.76394,31.27499],[34.76387,31.27499],[34.76379,31.275],[34.76379,31.27498],[34.76381,31.27486],[34.76378,31.27488],[34.76365,31.27498],[34.76349,31.27511],[34.76341,31.27516],[34.76322,31.27499],[34.76303,31.27489],[34.76302,31.2748],[34.76295,31.27476],[34.76274,31.27468],[34.76252,31.27462],[34.76231,31.27458],[34.76219,31.27457],[34.76214,31.27456],[34.76213,31.27456],[34.7621,31.27456],[34.76188,31.27456],[34.76182,31.27456],[34.76169,31.27457],[34.76153,31.2746],[34.76152,31.2746],[34.76062,31.27467],[34.76059,31.27451],[34.76059,31.27451],[34.76046,31.27456],[34.76032,31.27474],[34.76005,31.27468],[34.76006,31.27456],[34.75982,31.27438],[34.75967,31.27431],[34.75963,31.27416],[34.75963,31.27397],[34.7596,31.27388],[34.75951,31.27368],[34.75957,31.27355],[34.75952,31.27354],[34.7597,31.27334],[34.75992,31.2731],[34.76004,31.27294],[34.76038,31.27281],[34.76031,31.27283],[34.76016,31.27283],[34.76002,31.27281],[34.75988,31.27277],[34.75969,31.27269],[34.75948,31.27259],[34.75928,31.27251],[34.75907,31.27243],[34.75904,31.27241],[34.75885,31.27232],[34.7587,31.27224],[34.75851,31.27212],[34.75832,31.27204],[34.75819,31.27202],[34.75807,31.27204],[34.75788,31.27212],[34.7577,31.27219],[34.75753,31.2722],[34.75742,31.27217],[34.7573,31.27214],[34.75713,31.27211],[34.75708,31.27207],[34.75707,31.272],[34.75705,31.27183],[34.75699,31.27167],[34.75692,31.27156],[34.75676,31.2714],[34.75648,31.27104],[34.7564,31.27092],[34.75637,31.27088],[34.75628,31.27075],[34.75612,31.27048],[34.75704,31.27009],[34.7579,31.26998],[34.75863,31.26991],[34.75774,31.26919],[34.75666,31.26957],[34.75576,31.27022],[34.75565,31.26998],[34.75557,31.26987],[34.75553,31.26986],[34.75528,31.26955],[34.75468,31.26879],[34.75397,31.26802],[34.75342,31.2675],[34.75337,31.26724],[34.75329,31.26715],[34.75317,31.26702],[34.75306,31.26693],[34.75305,31.26693],[34.75282,31.26696],[34.75261,31.26699],[34.75234,31.26709],[34.75201,31.2673],[34.75187,31.26731],[34.75165,31.26731],[34.75138,31.26726],[34.75116,31.2673],[34.75103,31.26731],[34.75092,31.26735],[34.7507,31.26742],[34.75021,31.26753],[34.74973,31.26768],[34.74964,31.26771],[34.7494,31.26783],[34.7492,31.26798],[34.74848,31.2683],[34.74753,31.26785],[34.74559,31.26817],[34.74722,31.27019],[34.74722,31.27019],[34.7447,31.27459],[34.74473,31.27461],[34.74599,31.27534],[34.746,31.27539],[34.74605,31.27536],[34.74614,31.27543],[34.74638,31.27533],[34.74646,31.27529],[34.74684,31.27539],[34.74764,31.27505],[34.7483,31.27456],[34.74863,31.27406],[34.74872,31.2739],[34.7488,31.27377],[34.74888,31.27351],[34.7489,31.27352],[34.7489,31.27352],[34.74913,31.27272],[34.74916,31.27272],[34.75013,31.27418],[34.75016,31.27422],[34.75057,31.27484],[34.75158,31.27573],[34.75279,31.27633],[34.75277,31.27635],[34.75268,31.27642],[34.75264,31.27642],[34.75264,31.27642],[34.7526,31.27642],[34.75251,31.27643],[34.75247,31.27645],[34.7524,31.27649],[34.75239,31.27651],[34.75234,31.27657],[34.7523,31.27663],[34.75191,31.27687],[34.75203,31.27742],[34.7533,31.27797],[34.75427,31.27792],[34.75523,31.27759],[34.75539,31.27744],[34.75555,31.2776],[34.75568,31.27771],[34.75571,31.27774],[34.75583,31.27776],[34.75585,31.27777],[34.75594,31.27778],[34.75609,31.27781],[34.75646,31.2779],[34.75662,31.2779],[34.75693,31.27791],[34.75791,31.27786],[34.75794,31.27786],[34.75815,31.27795],[34.75874,31.27824],[34.75901,31.27815],[34.75906,31.27813],[34.7592,31.27809],[34.75927,31.27798],[34.75938,31.27786],[34.75964,31.27778],[34.75989,31.27767],[34.76042,31.27747],[34.76078,31.27734],[34.76136,31.27738],[34.76136,31.27738],[34.76131,31.27743],[34.76116,31.27752],[34.76115,31.27756],[34.76094,31.27788],[34.76094,31.27788],[34.76086,31.27801],[34.76074,31.27821],[34.76097,31.27828],[34.76197,31.278],[34.76309,31.27773]]]]}},{"type":"Feature","properties":{"name":"\u05d2\u05df \u05e9\u05e0\u05d9 \u05d0\u05dc\u05d9\u05d4\u05d5","area":136806.14178955,"classification":"\u05d0\u05ea\u05e8 \u05dc\u05e4\u05d9\u05ea\u05d5\u05d7 \u05e2\u05d9\u05e8\u05d5\u05e0\u05d9 \u05e2\u05dd \u05d4\u05e0\u05d7\u05d9\u05d5\u05ea \u05e1\u05d1\u05d9\u05d1\u05ea\u05d9\u05d5\u05ea","site_id":33},"geometry":{"type":"MultiPolygon","coordinates":[[[[34.79003,31.2664],[34.79076,31.26622],[34.79126,31.266],[34.79171,31.266],[34.7919,31.266],[34.79188,31.26567],[34.79189,31.26555],[34.79187,31.26554],[34.79153,31.26554],[34.79078,31.26531],[34.79052,31.26544],[34.79039,31.26552],[34.79021,31.26569],[34.78921,31.2664],[34.78856,31.26683],[34.78821,31.26696],[34.78781,31.26701],[34.78775,31.26758],[34.78732,31.2676],[34.78701,31.26742],[34.78649,31.26757],[34.78591,31.26798],[34.78659,31.26823],[34.78688,31.26785],[34.78824,31.26764],[34.7892,31.26762],[34.78966,31.26797],[34.78959,31.2684],[34.78923,31.26898],[34.78982,31.26924],[34.79065,31.26969],[34.79095,31.26928],[34.79123,31.26941],[34.79123,31.26961],[34.79145,31.26977],[34.79194,31.2701],[34.79283,31.27069],[34.79293,31.27054],[34.79282,31.2704],[34.79278,31.27025],[34.79294,31.27009],[34.79261,31.26952],[34.79236,31.26909],[34.79116,31.26795],[34.79086,31.26744],[34.79036,31.26748],[34.78995,31.26732],[34.78967,31.26693],[34.78966,31.26681],[34.78969,31.2667],[34.79003,31.2664]]]]}},{"type":"Feature","properties":{"name":"\u05ea\u05d7\u05e0\u05ea \u05d4\u05e8\u05db\u05d1\u05ea \u05d4\u05d8\u05d5\u05e8\u05e7\u05d9\u05ea","area":24383.0654666,"classification":"\u05d0\u05ea\u05e8 \u05dc\u05e4\u05d9\u05ea\u05d5\u05d7 \u05e2\u05d9\u05e8\u05d5\u05e0\u05d9","site_id":57},"geometry":{"type":"MultiPolygon","coordinates":[[[[34.78295,31.24572],[34.78296,31.24602],[34.78311,31.24619],[34.78586,31.24559],[34.78597,31.24553],[34.78598,31.24534],[34.7853,31.24493],[34.78508,31.24498],[34.78492,31.24517],[34.78399,31.24543],[34.78397,31.24549],[34.78295,31.24572]]]]}},{"type":"Feature","properties":{"name":"\u05d2\u05d1\u05e2\u05d5\u05ea \u05d7\u05d1\u05dc\u05e0\u05d9\u05dd","area":19295306.6224466,"classification":"\u05d0\u05ea\u05e8 \u05d8\u05d1\u05e2 \u05dc\u05e9\u05d9\u05de\u05d5\u05e8","site_id":18},"geometry":{"type":"MultiPolygon","coordinates":[[[[34.73811,31.2238],[34.73812,31.22381],[34.73854,31.22374],[34.7398,31.22365],[34.73993,31.22364],[34.74039,31.22361],[34.74041,31.22361],[34.74041,31.22361],[34.74043,31.2236],[34.7414,31.22318],[34.74187,31.22298],[34.74222,31.22294],[34.74311,31.22284],[34.74328,31.22306],[34.74398,31.22395],[34.74473,31.22441],[34.74507,31.22439],[34.74643,31.2243],[34.74717,31.2241],[34.74753,31.22401],[34.74773,31.22396],[34.74976,31.22397],[34.75041,31.22417],[34.75156,31.22466],[34.7527,31.22489],[34.7527,31.22489],[34.75272,31.22487],[34.75285,31.225],[34.75296,31.22494],[34.7544,31.22388],[34.7551,31.22249],[34.75511,31.22247],[34.75543,31.22186],[34.75556,31.22161],[34.75572,31.22131],[34.75576,31.22125],[34.75584,31.22113],[34.75589,31.22106],[34.75607,31.22079],[34.75609,31.22076],[34.7561,31.22075],[34.75616,31.22068],[34.75616,31.22067],[34.75618,31.22065],[34.75631,31.22047],[34.75647,31.22029],[34.75687,31.2198],[34.75726,31.21942],[34.75759,31.2191],[34.75778,31.21894],[34.75779,31.21893],[34.75789,31.21886],[34.75796,31.2188],[34.75815,31.21872],[34.7582,31.21871],[34.75819,31.21867],[34.75825,31.21854],[34.75823,31.21853],[34.75848,31.21837],[34.75877,31.21832],[34.75922,31.21826],[34.75929,31.21813],[34.76001,31.21768],[34.76061,31.21743],[34.76066,31.21737],[34.76124,31.21691],[34.76196,31.21672],[34.76269,31.21667],[34.7631,31.21636],[34.76342,31.21636],[34.76344,31.21635],[34.76385,31.21635],[34.76499,31.21637],[34.76762,31.21682],[34.77008,31.21776],[34.77178,31.21792],[34.77182,31.21798],[34.77182,31.21796],[34.77189,31.21792],[34.77245,31.21787],[34.77245,31.21787],[34.77407,31.21858],[34.77409,31.21871],[34.77409,31.21871],[34.77411,31.21887],[34.77408,31.2189],[34.77406,31.21891],[34.77412,31.21898],[34.77446,31.21932],[34.77503,31.21988],[34.77505,31.2199],[34.77671,31.22156],[34.77789,31.22275],[34.77793,31.22275],[34.77851,31.22287],[34.77906,31.22297],[34.78045,31.22324],[34.78083,31.22331],[34.78164,31.22346],[34.78173,31.22345],[34.78185,31.22343],[34.78197,31.22341],[34.78224,31.22339],[34.78238,31.22337],[34.78241,31.22337],[34.78255,31.22341],[34.78297,31.22346],[34.78362,31.22353],[34.78414,31.22359],[34.78426,31.22359],[34.78451,31.22359],[34.78493,31.2236],[34.78577,31.2236],[34.78639,31.2236],[34.78674,31.22363],[34.7869,31.22363],[34.78697,31.22279],[34.78791,31.22279],[34.78809,31.22025],[34.78931,31.2202],[34.79032,31.21932],[34.79171,31.2194],[34.79244,31.21924],[34.79356,31.21931],[34.79359,31.2188],[34.79279,31.21861],[34.79209,31.21798],[34.79246,31.21739],[34.79357,31.21651],[34.79455,31.21608],[34.79497,31.21544],[34.79488,31.21466],[34.79676,31.21471],[34.79681,31.2134],[34.79678,31.21286],[34.79702,31.21132],[34.79774,31.20935],[34.80187,31.21069],[34.80187,31.21055],[34.80186,31.21025],[34.80197,31.20892],[34.80209,31.20774],[34.80225,31.20635],[34.80237,31.20511],[34.80238,31.20499],[34.80266,31.20208],[34.80286,31.20021],[34.80309,31.19882],[34.80327,31.19793],[34.80384,31.196],[34.8039,31.19583],[34.80262,31.19568],[34.80254,31.19567],[34.80232,31.19564],[34.79941,31.1948],[34.7982,31.1944],[34.79819,31.19439],[34.79784,31.19428],[34.79715,31.19405],[34.79499,31.19302],[34.79338,31.19265],[34.79283,31.19264],[34.79274,31.19264],[34.79175,31.19264],[34.79132,31.19264],[34.78808,31.19319],[34.78707,31.19352],[34.78559,31.194],[34.78228,31.19506],[34.78041,31.19565],[34.78028,31.19569],[34.78027,31.1957],[34.77982,31.19584],[34.77978,31.19583],[34.77977,31.19583],[34.77864,31.19572],[34.77822,31.19568],[34.7752,31.19528],[34.77499,31.19526],[34.77432,31.19518],[34.77064,31.19476],[34.76994,31.19471],[34.76992,31.19471],[34.76991,31.19473],[34.76948,31.19668],[34.76858,31.20126],[34.76849,31.20165],[34.76848,31.20171],[34.76824,31.20284],[34.76819,31.20337],[34.76829,31.20363],[34.76888,31.20518],[34.76904,31.20633],[34.76854,31.20735],[34.76785,31.2074],[34.767,31.20746],[34.76684,31.20747],[34.76493,31.20667],[34.76287,31.20625],[34.7624,31.20638],[34.76196,31.2065],[34.76167,31.20663],[34.75958,31.2068],[34.75846,31.20583],[34.75717,31.205],[34.75714,31.20411],[34.75692,31.20334],[34.7564,31.2027],[34.75533,31.20269],[34.75394,31.20241],[34.75391,31.2024],[34.75336,31.20229],[34.75294,31.20221],[34.75296,31.20247],[34.75298,31.20268],[34.75302,31.20312],[34.75275,31.20391],[34.75216,31.20374],[34.752,31.20372],[34.75124,31.2036],[34.75096,31.20355],[34.75095,31.20355],[34.7506,31.20342],[34.74916,31.20303],[34.74702,31.20309],[34.74699,31.20309],[34.74507,31.20422],[34.74483,31.20437],[34.74272,31.20562],[34.74246,31.20577],[34.74214,31.20596],[34.74214,31.20596],[34.74154,31.20632],[34.73806,31.21048],[34.73792,31.21072],[34.73686,31.21268],[34.7367,31.21298],[34.73657,31.21323],[34.73651,31.21333],[34.73647,31.21346],[34.73627,31.21408],[34.7362,31.2143],[34.73601,31.21489],[34.73578,31.21564],[34.73578,31.21565],[34.73529,31.21717],[34.73514,31.21861],[34.73488,31.22095],[34.73488,31.22098],[34.73488,31.22103],[34.73488,31.22103],[34.73488,31.22104],[34.73491,31.22295],[34.73492,31.22297],[34.73494,31.22444],[34.73495,31.22473],[34.73495,31.22474],[34.73495,31.22475],[34.73513,31.22471],[34.73554,31.22462],[34.73586,31.22455],[34.73606,31.2245],[34.73606,31.2245],[34.73642,31.2244],[34.73669,31.22433],[34.73681,31.22427],[34.73714,31.22423],[34.73725,31.22431],[34.73741,31.22433],[34.73743,31.22428],[34.73737,31.22418],[34.73737,31.2241],[34.73746,31.22405],[34.73766,31.22408],[34.73787,31.224],[34.73808,31.22394],[34.73812,31.22382],[34.73812,31.22381],[34.7381,31.22381],[34.73811,31.2238]]]]}},{"type":"Feature","properties":{"name":"\u05d1\u05ea\u05d9 \u05e7\u05d1\u05e8\u05d5\u05ea \u05d9\u05e9\u05e0\u05d9\u05dd","area":263563.38167631,"classification":"\u05d0\u05ea\u05e8 \u05dc\u05e4\u05d9\u05ea\u05d5\u05d7 \u05e2\u05d9\u05e8\u05d5\u05e0\u05d9","site_id":55},"geometry":{"type":"MultiPolygon","coordinates":[[[[34.76816,31.24331],[34.76882,31.24338],[34.77159,31.24344],[34.77167,31.24327],[34.77251,31.24329],[34.77256,31.24351],[34.77425,31.24349],[34.77523,31.24332],[34.77591,31.2428],[34.77598,31.24253],[34.77346,31.2419],[34.77378,31.24103],[34.77221,31.2408],[34.77212,31.24046],[34.76909,31.24018],[34.76895,31.24078],[34.76824,31.24071],[34.76827,31.24123],[34.76815,31.24153],[34.76805,31.24245],[34.76816,31.24331]]]]}},{"type":"Feature","properties":{"name":"\u05e0\u05d7\u05dc \u05d7\u05e6\u05e8\u05d9\u05dd \u05e2\u05dc\u05d9\u05d5\u05df","area":1119143.21225137,"classification":"\u05d0\u05ea\u05e8 \u05dc\u05e4\u05d9\u05ea\u05d5\u05d7 \u05e2\u05d9\u05e8\u05d5\u05e0\u05d9 \u05e2\u05dd \u05d4\u05e0\u05d7\u05d9\u05d5\u05ea \u05e1\u05d1\u05d9\u05d1\u05ea\u05d9\u05d5\u05ea","site_id":27},"geometry":{"type":"MultiPolygon","coordinates":[[[[34.7411,31.24198],[34.7411,31.24199],[34.7411,31.24201],[34.74111,31.24212],[34.74111,31.24229],[34.74111,31.24237],[34.74112,31.24269],[34.74112,31.24269],[34.74098,31.24265],[34.74086,31.24263],[34.74074,31.24261],[34.74061,31.2426],[34.74053,31.2426],[34.7404,31.24268],[34.74031,31.24276],[34.74028,31.24301],[34.74023,31.24314],[34.74037,31.24328],[34.74054,31.24332],[34.74082,31.24332],[34.74102,31.2432],[34.74116,31.24302],[34.74117,31.24305],[34.74116,31.24338],[34.74116,31.24349],[34.74116,31.2438],[34.74116,31.24396],[34.74116,31.24396],[34.74116,31.244],[34.74115,31.24412],[34.7411,31.24415],[34.74097,31.24424],[34.74088,31.24434],[34.74077,31.24442],[34.74073,31.24445],[34.74071,31.24447],[34.74056,31.24454],[34.74031,31.24462],[34.7401,31.24469],[34.73973,31.2448],[34.73957,31.24486],[34.73933,31.24495],[34.73915,31.24499],[34.73886,31.24506],[34.73867,31.24511],[34.73864,31.24512],[34.73856,31.24514],[34.73832,31.2452],[34.73801,31.24528],[34.73775,31.24535],[34.73775,31.24534],[34.7377,31.24536],[34.73763,31.24537],[34.73757,31.24539],[34.73728,31.24541],[34.73716,31.24542],[34.7371,31.24543],[34.73705,31.24544],[34.73695,31.24547],[34.73683,31.24552],[34.73676,31.24556],[34.73668,31.2456],[34.73666,31.24562],[34.73665,31.24561],[34.73639,31.24576],[34.73601,31.24642],[34.73559,31.24669],[34.73495,31.24695],[34.73442,31.24704],[34.73447,31.24734],[34.7345,31.24758],[34.73453,31.24777],[34.7347,31.24925],[34.7348,31.25011],[34.73484,31.25049],[34.73485,31.25055],[34.73488,31.25082],[34.73493,31.25121],[34.73493,31.25122],[34.73528,31.25452],[34.7378,31.25445],[34.7389,31.25267],[34.73941,31.24921],[34.7405,31.24843],[34.74377,31.24977],[34.74584,31.24956],[34.74761,31.24938],[34.74853,31.24774],[34.74818,31.24779],[34.74329,31.24628],[34.74349,31.24544],[34.74353,31.2453],[34.74384,31.24414],[34.7441,31.24237],[34.74419,31.24176],[34.74419,31.24176],[34.7438,31.24176],[34.74112,31.24195],[34.74111,31.24196],[34.7411,31.24198]]]]}},{"type":"Feature","properties":{"name":"\u05d2\u05d1\u05e2\u05d5\u05ea \u05e4\u05d0\u05e8\u05e7 \u05e0\u05d7\u05dc \u05d1\u05d0\u05e8 \u05e9\u05d1\u05e2","area":2170153.27060609,"classification":"\u05d0\u05ea\u05e8 \u05dc\u05e4\u05d9\u05ea\u05d5\u05d7 \u05e2\u05d9\u05e8\u05d5\u05e0\u05d9 \u05e2\u05dd \u05d4\u05e0\u05d7\u05d9\u05d5\u05ea \u05e1\u05d1\u05d9\u05d1\u05ea\u05d9\u05d5\u05ea","site_id":28},"geometry":{"type":"MultiPolygon","coordinates":[[[[34.75413,31.25252],[34.75454,31.25262],[34.75473,31.25202],[34.7553,31.25249],[34.75552,31.25243],[34.75552,31.25241],[34.75541,31.25175],[34.75539,31.25155],[34.75531,31.2508],[34.75531,31.25075],[34.75531,31.25035],[34.75531,31.2497],[34.75535,31.24959],[34.75548,31.24919],[34.75556,31.24897],[34.7558,31.2482],[34.75606,31.24771],[34.75589,31.24715],[34.75589,31.24715],[34.75586,31.24706],[34.75587,31.24701],[34.75585,31.24681],[34.75514,31.2466],[34.75471,31.24756],[34.75279,31.24793],[34.75227,31.24815],[34.75154,31.2479],[34.75175,31.24638],[34.75204,31.24572],[34.75212,31.24572],[34.75209,31.24566],[34.75204,31.24522],[34.7511,31.24572],[34.75031,31.24622],[34.74974,31.2465],[34.74961,31.24701],[34.74934,31.24783],[34.74853,31.24774],[34.74761,31.24938],[34.74584,31.24956],[34.74377,31.24977],[34.7405,31.24843],[34.73941,31.24921],[34.7389,31.25267],[34.7378,31.25445],[34.73528,31.25452],[34.73531,31.25465],[34.73541,31.25551],[34.73548,31.25617],[34.73549,31.2562],[34.73552,31.2565],[34.73553,31.25655],[34.73581,31.25909],[34.73581,31.25909],[34.73586,31.25949],[34.73621,31.26275],[34.73622,31.26277],[34.73732,31.26279],[34.73754,31.26259],[34.73756,31.26257],[34.73785,31.26231],[34.73884,31.26141],[34.73947,31.26028],[34.73967,31.25991],[34.73997,31.25988],[34.74059,31.25981],[34.7406,31.25976],[34.74065,31.25977],[34.74088,31.25946],[34.74094,31.25959],[34.74087,31.25984],[34.74087,31.25985],[34.74088,31.25984],[34.741,31.25976],[34.74102,31.25973],[34.74191,31.25801],[34.7419,31.258],[34.74176,31.25758],[34.74178,31.25756],[34.74184,31.25742],[34.74179,31.25714],[34.7418,31.25708],[34.74186,31.25685],[34.74239,31.25676],[34.74269,31.2566],[34.7427,31.25661],[34.7427,31.25661],[34.74271,31.25659],[34.74362,31.25594],[34.74465,31.25575],[34.74492,31.25576],[34.74494,31.25577],[34.74505,31.25581],[34.74525,31.25586],[34.74544,31.25592],[34.74564,31.25595],[34.74581,31.25596],[34.74593,31.25597],[34.7463,31.25598],[34.74681,31.256],[34.74733,31.25602],[34.74779,31.25604],[34.74829,31.25605],[34.7488,31.25606],[34.7492,31.25605],[34.74954,31.25603],[34.74955,31.25603],[34.74962,31.25603],[34.74968,31.25602],[34.74998,31.25598],[34.75028,31.25593],[34.75067,31.25585],[34.75089,31.25584],[34.75093,31.25584],[34.75101,31.25585],[34.75105,31.25586],[34.75105,31.25586],[34.75109,31.25578],[34.75129,31.2551],[34.75133,31.25496],[34.75111,31.25446],[34.75135,31.25382],[34.75134,31.25368],[34.75142,31.25346],[34.75176,31.25248],[34.75239,31.25246],[34.7537,31.25241],[34.75413,31.25252]]]]}},{"type":"Feature","properties":{"name":"\u05e0\u05d7\u05dc \u05d1\u05d0\u05e8 \u05e9\u05d1\u05e2 \u05de\u05d6\u05e8\u05d7","area":1819126.12800882,"classification":"\u05d0\u05ea\u05e8 \u05d8\u05d1\u05e2 \u05dc\u05e9\u05d9\u05de\u05d5\u05e8","site_id":9},"geometry":{"type":"MultiPolygon","coordinates":[[[[34.82844,31.24109],[34.82481,31.23963],[34.8213,31.23847],[34.81886,31.23833],[34.81431,31.23877],[34.81092,31.23922],[34.8088,31.23922],[34.80693,31.2384],[34.80533,31.23655],[34.80433,31.23457],[34.80345,31.23369],[34.80336,31.23366],[34.80335,31.23364],[34.80194,31.23305],[34.80186,31.23325],[34.80149,31.23419],[34.80309,31.23549],[34.80289,31.23614],[34.80304,31.23691],[34.80352,31.23782],[34.80472,31.23886],[34.80625,31.23972],[34.80751,31.24038],[34.80847,31.24061],[34.80973,31.24057],[34.81215,31.24039],[34.8144,31.24017],[34.81662,31.24037],[34.81877,31.24083],[34.82053,31.24164],[34.82221,31.24239],[34.82319,31.24315],[34.82389,31.24403],[34.82446,31.24579],[34.8245,31.24692],[34.82487,31.24965],[34.82493,31.25102],[34.82471,31.25215],[34.82383,31.25354],[34.82316,31.25417],[34.82618,31.25693],[34.82696,31.25649],[34.82796,31.2558],[34.82854,31.2551],[34.82892,31.25394],[34.82906,31.25304],[34.82885,31.25117],[34.8288,31.25056],[34.82877,31.25029],[34.8286,31.25002],[34.82854,31.24928],[34.82863,31.24764],[34.82868,31.24622],[34.82918,31.24477],[34.82987,31.24333],[34.8307,31.24186],[34.82844,31.24109]]]]}},{"type":"Feature","properties":{"name":"\u05d9\u05e2\u05e8 \u05de\u05e2\u05dc\u05d4 \u05e0\u05d7\u05dc \u05e2\u05e9\u05df","area":1196310.14353489,"classification":"\u05d0\u05ea\u05e8 \u05d8\u05d1\u05e2 \u05dc\u05e9\u05d9\u05de\u05d5\u05e8","site_id":50},"geometry":{"type":"MultiPolygon","coordinates":[[[[34.78791,31.31111],[34.78791,31.31105],[34.78792,31.31105],[34.78798,31.3107],[34.78807,31.3102],[34.7882,31.30952],[34.78836,31.30843],[34.78846,31.30723],[34.78847,31.30709],[34.78853,31.30678],[34.78865,31.30606],[34.7887,31.3056],[34.78872,31.3054],[34.78877,31.30483],[34.78879,31.30452],[34.78879,31.30452],[34.78881,31.30443],[34.78906,31.30294],[34.78912,31.30241],[34.78922,31.30165],[34.78938,31.3003],[34.78939,31.30013],[34.78927,31.30005],[34.78804,31.29927],[34.78804,31.29927],[34.78788,31.29919],[34.78779,31.29915],[34.78778,31.29915],[34.7877,31.29911],[34.78767,31.2991],[34.78744,31.29902],[34.78723,31.29892],[34.78722,31.29891],[34.78703,31.29881],[34.78697,31.29878],[34.78689,31.29874],[34.78677,31.2987],[34.78676,31.29869],[34.78651,31.29858],[34.78627,31.29854],[34.78507,31.29828],[34.78501,31.29826],[34.78501,31.29826],[34.7847,31.29819],[34.78438,31.29812],[34.78417,31.29806],[34.78408,31.29803],[34.78389,31.29795],[34.78373,31.29789],[34.78362,31.29786],[34.78341,31.29784],[34.78307,31.29783],[34.78263,31.29784],[34.78217,31.29785],[34.78178,31.29785],[34.78143,31.29782],[34.78136,31.29785],[34.78115,31.29803],[34.78098,31.29824],[34.78085,31.29841],[34.78084,31.29842],[34.78072,31.29859],[34.78064,31.29876],[34.7806,31.29893],[34.78059,31.29893],[34.78055,31.29916],[34.78055,31.29916],[34.78054,31.29925],[34.7803,31.29938],[34.78024,31.29943],[34.78014,31.29954],[34.78003,31.29964],[34.78,31.29974],[34.78001,31.29976],[34.77998,31.29977],[34.77994,31.29979],[34.77965,31.29996],[34.77903,31.30066],[34.77907,31.30069],[34.77907,31.30076],[34.77908,31.30077],[34.77911,31.3008],[34.77911,31.30092],[34.77922,31.30116],[34.77929,31.30133],[34.77941,31.30154],[34.77944,31.30165],[34.77944,31.30171],[34.77942,31.30188],[34.77941,31.30197],[34.77946,31.30205],[34.77947,31.30206],[34.77992,31.30276],[34.77994,31.30279],[34.77994,31.30279],[34.77984,31.30311],[34.78002,31.30337],[34.78004,31.30341],[34.78005,31.30341],[34.78028,31.30371],[34.78052,31.30401],[34.78078,31.30434],[34.78078,31.30435],[34.78099,31.30454],[34.78104,31.30458],[34.78137,31.30486],[34.78143,31.30492],[34.7817,31.30522],[34.78201,31.30551],[34.78236,31.30581],[34.78269,31.30609],[34.78299,31.30635],[34.78325,31.3066],[34.78341,31.30674],[34.78365,31.30689],[34.78367,31.30689],[34.78387,31.30697],[34.784,31.307],[34.78408,31.30701],[34.78413,31.30701],[34.7842,31.30714],[34.78438,31.30738],[34.78452,31.30756],[34.78462,31.30773],[34.78468,31.30784],[34.78473,31.30794],[34.78489,31.30814],[34.78503,31.30827],[34.78504,31.30827],[34.78505,31.30828],[34.7853,31.30849],[34.7853,31.30849],[34.78546,31.30862],[34.78556,31.30869],[34.78562,31.30874],[34.78567,31.30876],[34.7858,31.30882],[34.78595,31.30889],[34.78608,31.30897],[34.78611,31.309],[34.78618,31.30908],[34.7862,31.3091],[34.7862,31.3091],[34.78659,31.30986],[34.78671,31.31008],[34.78681,31.31028],[34.78683,31.31031],[34.78709,31.31068],[34.78709,31.31097],[34.78699,31.31122],[34.78699,31.31122],[34.78698,31.31124],[34.78707,31.31154],[34.78722,31.31186],[34.78751,31.31212],[34.78756,31.31217],[34.78776,31.31227],[34.78777,31.3122],[34.78791,31.31111]]]]}},{"type":"Feature","properties":{"name":"\u05de\u05d5\u05e8\u05d3\u05d5\u05ea \u05e6\u05e4\u05d5\u05e0\u05d9\u05d9\u05dd \u05e0\u05d7\u05dc \u05d1\u05d0\u05e8 \u05e9\u05d1\u05e2","area":2059558.23819256,"classification":"\u05d0\u05ea\u05e8 \u05dc\u05e4\u05d9\u05ea\u05d5\u05d7 \u05e2\u05d9\u05e8\u05d5\u05e0\u05d9 \u05e2\u05dd \u05d4\u05e0\u05d7\u05d9\u05d5\u05ea \u05e1\u05d1\u05d9\u05d1\u05ea\u05d9\u05d5\u05ea","site_id":23},"geometry":{"type":"MultiPolygon","coordinates":[[[[34.76361,31.23822],[34.76376,31.2382],[34.76445,31.23796],[34.76442,31.2376],[34.76367,31.2374],[34.76226,31.23706],[34.76233,31.23693],[34.761,31.23659],[34.75898,31.23641],[34.75866,31.23638],[34.75827,31.2363],[34.75755,31.23617],[34.75754,31.23615],[34.75722,31.23562],[34.75733,31.23477],[34.75813,31.23339],[34.7582,31.23306],[34.75837,31.23234],[34.75838,31.2323],[34.75837,31.2323],[34.75855,31.23157],[34.75866,31.23118],[34.75561,31.23027],[34.75475,31.2303],[34.75269,31.23138],[34.75172,31.23173],[34.75146,31.23223],[34.75146,31.23223],[34.75144,31.23224],[34.75144,31.23224],[34.75143,31.23225],[34.75139,31.23226],[34.75137,31.23227],[34.75136,31.23228],[34.75132,31.2323],[34.75131,31.2323],[34.75129,31.23231],[34.75126,31.23233],[34.75124,31.23234],[34.75122,31.23234],[34.75119,31.23236],[34.75118,31.23237],[34.75116,31.23237],[34.75113,31.23239],[34.75111,31.2324],[34.75109,31.2324],[34.75107,31.23242],[34.75105,31.23243],[34.75103,31.23244],[34.75101,31.23244],[34.75092,31.23248],[34.75091,31.23247],[34.75082,31.2324],[34.7506,31.23222],[34.75058,31.2322],[34.7505,31.23208],[34.75043,31.23196],[34.75042,31.23195],[34.75024,31.23181],[34.75022,31.23179],[34.75018,31.23176],[34.75017,31.23175],[34.75017,31.23175],[34.75016,31.23174],[34.75007,31.23172],[34.75007,31.23172],[34.75004,31.23171],[34.75004,31.23171],[34.74802,31.23152],[34.74696,31.23124],[34.74686,31.23115],[34.74682,31.23111],[34.74681,31.23111],[34.74677,31.23115],[34.74673,31.23117],[34.74672,31.23117],[34.74668,31.23118],[34.74667,31.23118],[34.74647,31.23115],[34.74646,31.23115],[34.74636,31.23116],[34.74636,31.23116],[34.74634,31.23116],[34.74634,31.23116],[34.74624,31.23115],[34.74624,31.23115],[34.74603,31.23105],[34.74603,31.23105],[34.74588,31.23102],[34.74578,31.231],[34.74568,31.23099],[34.74551,31.23095],[34.74523,31.23093],[34.74508,31.23091],[34.74489,31.23072],[34.74481,31.23062],[34.74478,31.2306],[34.74478,31.2306],[34.74474,31.23056],[34.74473,31.23056],[34.74471,31.23056],[34.74462,31.23057],[34.74458,31.23059],[34.74456,31.2306],[34.74455,31.2306],[34.74436,31.23057],[34.74436,31.23057],[34.74439,31.2306],[34.74448,31.23071],[34.74399,31.23076],[34.74399,31.23076],[34.74358,31.23069],[34.74311,31.23069],[34.7431,31.23069],[34.74263,31.23061],[34.74188,31.23035],[34.74174,31.23039],[34.7409,31.23012],[34.74055,31.23018],[34.74008,31.22998],[34.73987,31.23013],[34.73994,31.23043],[34.73994,31.23047],[34.73948,31.23056],[34.73948,31.23056],[34.73997,31.23047],[34.73997,31.23047],[34.73997,31.23047],[34.73948,31.23056],[34.73948,31.23056],[34.73948,31.23056],[34.73947,31.23056],[34.73947,31.23056],[34.73947,31.23056],[34.73949,31.23061],[34.73949,31.23061],[34.73949,31.23062],[34.7395,31.23066],[34.73951,31.23067],[34.73952,31.23071],[34.73953,31.23073],[34.73953,31.23074],[34.73956,31.23079],[34.73956,31.2308],[34.73957,31.23083],[34.73958,31.23084],[34.7396,31.23089],[34.7396,31.23089],[34.7396,31.23091],[34.7396,31.23095],[34.7396,31.23096],[34.7396,31.23102],[34.7396,31.23102],[34.7396,31.23104],[34.73959,31.23108],[34.73958,31.2311],[34.73957,31.23115],[34.73956,31.23116],[34.73954,31.23122],[34.73954,31.23122],[34.73954,31.23123],[34.73954,31.23124],[34.73952,31.23129],[34.73946,31.23154],[34.73944,31.2316],[34.73941,31.23173],[34.73938,31.23189],[34.73934,31.23203],[34.73933,31.23207],[34.73932,31.2321],[34.73932,31.2321],[34.73932,31.23211],[34.73931,31.23215],[34.73931,31.23217],[34.73932,31.2322],[34.73932,31.2323],[34.73932,31.2323],[34.73933,31.23234],[34.73934,31.2324],[34.73934,31.23248],[34.73936,31.23257],[34.73936,31.23258],[34.73936,31.23258],[34.73937,31.23289],[34.73938,31.23302],[34.73939,31.23307],[34.73939,31.2331],[34.73939,31.23312],[34.73939,31.23316],[34.7394,31.2332],[34.7394,31.23321],[34.73941,31.23329],[34.73942,31.23332],[34.73943,31.23339],[34.73943,31.23341],[34.73943,31.23341],[34.73944,31.23348],[34.73945,31.2335],[34.73946,31.23358],[34.73946,31.23359],[34.73947,31.23361],[34.73949,31.23368],[34.7395,31.23369],[34.73953,31.23379],[34.73954,31.2338],[34.73955,31.23383],[34.73958,31.2339],[34.73958,31.23391],[34.73963,31.23402],[34.73963,31.23403],[34.73965,31.23406],[34.73968,31.23414],[34.73968,31.23414],[34.73973,31.23426],[34.73973,31.23426],[34.73975,31.23433],[34.73977,31.23437],[34.73978,31.23438],[34.73982,31.23449],[34.73983,31.2345],[34.73987,31.2346],[34.73988,31.23461],[34.73989,31.23463],[34.73992,31.23471],[34.73992,31.23472],[34.73997,31.23483],[34.73997,31.23483],[34.74001,31.23494],[34.74002,31.23495],[34.74003,31.23499],[34.74005,31.23502],[34.74006,31.23505],[34.74008,31.2351],[34.7401,31.23514],[34.74011,31.23519],[34.74013,31.23522],[34.74013,31.23523],[34.74014,31.23525],[34.74017,31.23531],[34.74019,31.23535],[34.74019,31.23535],[34.74021,31.23539],[34.74021,31.2354],[34.74022,31.23541],[34.74026,31.23547],[34.74028,31.23551],[34.7403,31.23554],[34.74034,31.2356],[34.74034,31.2356],[34.74036,31.23564],[34.74039,31.23571],[34.7404,31.23573],[34.74042,31.23578],[34.74042,31.23579],[34.74044,31.23583],[34.74045,31.23587],[34.74047,31.2359],[34.74049,31.23595],[34.7405,31.23599],[34.74052,31.23602],[34.74052,31.23602],[34.74052,31.23603],[34.74052,31.23604],[34.74054,31.23607],[34.74055,31.2361],[34.74057,31.23615],[34.74058,31.23619],[34.74059,31.23619],[34.7406,31.23623],[34.74061,31.23627],[34.74062,31.23632],[34.74063,31.23636],[34.74064,31.2364],[34.74064,31.2364],[34.74068,31.23646],[34.74068,31.23647],[34.74075,31.23715],[34.74082,31.23897],[34.74117,31.23892],[34.7412,31.2389],[34.74429,31.23898],[34.74477,31.23899],[34.74483,31.23799],[34.74492,31.23628],[34.74495,31.23628],[34.74519,31.23628],[34.74551,31.2363],[34.74569,31.23631],[34.74593,31.23633],[34.74616,31.23634],[34.74644,31.23636],[34.7466,31.23635],[34.74699,31.23636],[34.74716,31.23636],[34.74727,31.23638],[34.74733,31.23664],[34.74783,31.23666],[34.74783,31.23666],[34.74784,31.23666],[34.7479,31.2367],[34.74803,31.23686],[34.74804,31.23686],[34.74815,31.2369],[34.74822,31.23691],[34.74832,31.23692],[34.74851,31.23696],[34.74859,31.23699],[34.74902,31.237],[34.74941,31.237],[34.74956,31.23699],[34.74966,31.237],[34.74984,31.237],[34.7502,31.237],[34.75021,31.23697],[34.75167,31.237],[34.75168,31.23702],[34.75207,31.23703],[34.75251,31.23703],[34.75286,31.23703],[34.75288,31.23704],[34.75288,31.23746],[34.75288,31.23761],[34.75288,31.23778],[34.75288,31.23778],[34.75288,31.23807],[34.75288,31.23807],[34.75287,31.2381],[34.75298,31.23866],[34.75297,31.2387],[34.75297,31.2387],[34.75297,31.2387],[34.75302,31.23882],[34.75598,31.23858],[34.75744,31.23845],[34.75744,31.23844],[34.75759,31.23842],[34.75691,31.24033],[34.75385,31.24092],[34.7542,31.24173],[34.75763,31.24144],[34.75779,31.2414],[34.7578,31.24138],[34.75859,31.24117],[34.75856,31.2406],[34.75908,31.24045],[34.75941,31.24026],[34.75954,31.23965],[34.76007,31.23948],[34.76089,31.23933],[34.76097,31.23912],[34.76097,31.23912],[34.761,31.23905],[34.76098,31.23903],[34.76091,31.23891],[34.76072,31.2386],[34.76071,31.23858],[34.7607,31.23857],[34.76085,31.23851],[34.76108,31.23842],[34.76126,31.23834],[34.76127,31.23834],[34.7613,31.23833],[34.76137,31.2383],[34.76149,31.23825],[34.76165,31.2382],[34.76166,31.23819],[34.76212,31.23802],[34.76214,31.23801],[34.76227,31.23796],[34.76225,31.23784],[34.76224,31.23782],[34.76224,31.23782],[34.76224,31.23782],[34.76246,31.23784],[34.76247,31.23784],[34.76251,31.23784],[34.76303,31.23789],[34.76304,31.23789],[34.76304,31.23789],[34.7631,31.23789],[34.76314,31.23798],[34.76314,31.23799],[34.76318,31.23808],[34.76323,31.23819],[34.76324,31.23819],[34.76324,31.2382],[34.76327,31.23827],[34.7636,31.23823],[34.76361,31.23822]],[[34.7401,31.23057],[34.74055,31.23042],[34.74075,31.23035],[34.74075,31.23035],[34.74056,31.23042],[34.7401,31.23057],[34.7401,31.23057]]]]}},{"type":"Feature","properties":{"name":"\u05e0\u05d7\u05dc \u05d1\u05d0\u05e8 \u05e9\u05d1\u05e2 \u05e9\u05d5\u05dc\u05d9\u05d9\u05dd \u05d3\u05e8\u05d5\u05dd \u05de\u05e2\u05e8\u05d1\u05d9\u05d9\u05dd","area":791515.67502033,"classification":"\u05d0\u05ea\u05e8 \u05dc\u05e4\u05d9\u05ea\u05d5\u05d7 \u05e2\u05d9\u05e8\u05d5\u05e0\u05d9 \u05e2\u05dd \u05d4\u05e0\u05d7\u05d9\u05d5\u05ea \u05e1\u05d1\u05d9\u05d1\u05ea\u05d9\u05d5\u05ea","site_id":20},"geometry":{"type":"MultiPolygon","coordinates":[[[[34.73812,31.22381],[34.73812,31.22382],[34.73808,31.22394],[34.73787,31.224],[34.73766,31.22408],[34.73746,31.22405],[34.73737,31.2241],[34.73737,31.22418],[34.73743,31.22428],[34.73741,31.22433],[34.73725,31.22431],[34.73714,31.22423],[34.73681,31.22427],[34.73669,31.22433],[34.73642,31.2244],[34.73606,31.2245],[34.73606,31.2245],[34.73586,31.22455],[34.7357,31.22458],[34.73641,31.22533],[34.7368,31.22623],[34.73741,31.22723],[34.73778,31.22765],[34.73811,31.22802],[34.73891,31.22858],[34.74018,31.22922],[34.74141,31.22956],[34.74256,31.22995],[34.7443,31.22959],[34.74674,31.22842],[34.75042,31.22632],[34.75285,31.225],[34.75272,31.22487],[34.7527,31.22489],[34.7527,31.22489],[34.75156,31.22466],[34.75041,31.22417],[34.74976,31.22397],[34.74773,31.22396],[34.74753,31.22401],[34.74717,31.2241],[34.74643,31.2243],[34.74507,31.22439],[34.74473,31.22441],[34.74398,31.22395],[34.74328,31.22306],[34.74311,31.22284],[34.74222,31.22294],[34.74187,31.22298],[34.7414,31.22318],[34.74043,31.2236],[34.74041,31.22361],[34.74041,31.22361],[34.74039,31.22361],[34.73993,31.22364],[34.7398,31.22365],[34.73854,31.22374],[34.73812,31.22381]]],[[[34.7381,31.22381],[34.73812,31.22381],[34.73811,31.2238],[34.7381,31.22381]]]]}},{"type":"Feature","properties":{"name":"\u05e0\u05d7\u05dc \u05d1\u05e7\u05e2 \u05ea\u05d7\u05ea\u05d5\u05df","area":961510.21295354,"classification":"\u05d0\u05ea\u05e8 \u05dc\u05e4\u05d9\u05ea\u05d5\u05d7 \u05e2\u05d9\u05e8\u05d5\u05e0\u05d9 \u05e2\u05dd \u05d4\u05e0\u05d7\u05d9\u05d5\u05ea \u05e1\u05d1\u05d9\u05d1\u05ea\u05d9\u05d5\u05ea","site_id":16},"geometry":{"type":"MultiPolygon","coordinates":[[[[34.77792,31.22712],[34.77792,31.22677],[34.77927,31.22787],[34.77972,31.22829],[34.78058,31.22862],[34.78133,31.22875],[34.78322,31.22851],[34.7838,31.22897],[34.78573,31.2287],[34.78787,31.22833],[34.78963,31.22806],[34.79161,31.22817],[34.79296,31.22826],[34.7944,31.22853],[34.7948,31.22798],[34.79669,31.2285],[34.79718,31.22875],[34.79717,31.23001],[34.79738,31.23009],[34.79789,31.22934],[34.798,31.22918],[34.79798,31.22905],[34.79768,31.22879],[34.79753,31.22847],[34.79755,31.22739],[34.79755,31.22725],[34.79762,31.22644],[34.79764,31.22621],[34.79753,31.22613],[34.79718,31.22612],[34.79714,31.2261],[34.79677,31.2261],[34.79529,31.2261],[34.79415,31.22611],[34.79102,31.22611],[34.78877,31.22609],[34.78864,31.22661],[34.78744,31.2267],[34.78337,31.22662],[34.78311,31.22584],[34.78313,31.22552],[34.78313,31.22545],[34.78242,31.22535],[34.78242,31.22534],[34.78299,31.22346],[34.78297,31.22346],[34.78255,31.22341],[34.78241,31.22337],[34.78238,31.22337],[34.7823,31.22338],[34.78224,31.22339],[34.78197,31.22341],[34.78185,31.22343],[34.78183,31.22344],[34.78178,31.22346],[34.78127,31.22518],[34.78126,31.22518],[34.78118,31.22548],[34.78105,31.226],[34.78081,31.22683],[34.77781,31.22633],[34.77674,31.22595],[34.77594,31.22552],[34.77541,31.22582],[34.775,31.22538],[34.77456,31.22502],[34.77434,31.22542],[34.77365,31.22562],[34.77297,31.22526],[34.77199,31.22506],[34.77199,31.22392],[34.77184,31.22338],[34.7706,31.22406],[34.76982,31.22423],[34.76952,31.22394],[34.76973,31.22351],[34.76956,31.22262],[34.76822,31.22376],[34.76821,31.22376],[34.76807,31.22384],[34.76789,31.22395],[34.76789,31.22396],[34.76835,31.22462],[34.76924,31.22512],[34.76941,31.22524],[34.77025,31.2258],[34.77161,31.22693],[34.77166,31.22697],[34.77213,31.22737],[34.77283,31.22789],[34.7736,31.22731],[34.77354,31.22719],[34.77354,31.22714],[34.77354,31.22684],[34.7741,31.22692],[34.77427,31.22758],[34.7745,31.22828],[34.7747,31.22864],[34.77526,31.22932],[34.77581,31.22996],[34.77641,31.23053],[34.77789,31.23009],[34.77789,31.22859],[34.77792,31.22712]]]]}},{"type":"Feature","properties":{"name":"\u05e4\u05d0\u05e8\u05e7 \u05e0\u05d7\u05dc \u05d1\u05d0\u05e8 \u05e9\u05d1\u05e2 \u05de\u05e2\u05e8\u05d1","area":360872.38156894,"classification":"\u05d0\u05ea\u05e8 \u05dc\u05e4\u05d9\u05ea\u05d5\u05d7 \u05e2\u05d9\u05e8\u05d5\u05e0\u05d9 \u05e2\u05dd \u05d4\u05e0\u05d7\u05d9\u05d5\u05ea \u05e1\u05d1\u05d9\u05d1\u05ea\u05d9\u05d5\u05ea","site_id":15},"geometry":{"type":"MultiPolygon","coordinates":[[[[34.7926,31.23692],[34.7929,31.23681],[34.79342,31.23601],[34.79404,31.23516],[34.79428,31.23478],[34.7943,31.23455],[34.79381,31.23435],[34.79238,31.23434],[34.7912,31.2344],[34.79121,31.2348],[34.7906,31.23479],[34.79051,31.23464],[34.7903,31.23456],[34.79025,31.23439],[34.78938,31.23433],[34.78845,31.23404],[34.78795,31.23366],[34.78715,31.23324],[34.78624,31.2328],[34.78541,31.23237],[34.78474,31.2321],[34.78416,31.23192],[34.78348,31.23191],[34.78278,31.23201],[34.78229,31.23229],[34.78186,31.23248],[34.78137,31.23287],[34.78099,31.233],[34.78091,31.23309],[34.78057,31.23336],[34.7802,31.23344],[34.77959,31.23346],[34.77884,31.23338],[34.77842,31.23318],[34.77812,31.23301],[34.77751,31.23288],[34.77717,31.23288],[34.77697,31.23432],[34.77712,31.23455],[34.77765,31.2347],[34.77847,31.23478],[34.7799,31.23477],[34.78072,31.23455],[34.78127,31.23433],[34.78262,31.23362],[34.78372,31.23318],[34.78464,31.23321],[34.78505,31.23327],[34.78534,31.23339],[34.78602,31.23388],[34.78668,31.23431],[34.78711,31.23467],[34.78834,31.23513],[34.78891,31.23529],[34.78939,31.23545],[34.79026,31.23578],[34.79097,31.23616],[34.79189,31.2366],[34.79244,31.23699],[34.7926,31.23692]]]]}},{"type":"Feature","properties":{"name":"\u05db\u05e4\u05e8 \u05e8\u05e4\u05d0\u05dc \u05d5\u05d4\u05d2\u05df \u05d4\u05d6\u05d0\u05d5\u05dc\u05d5\u05d2\u05d9","area":398901.05927164,"classification":"\u05d0\u05ea\u05e8 \u05dc\u05e4\u05d9\u05ea\u05d5\u05d7 \u05e2\u05d9\u05e8\u05d5\u05e0\u05d9","site_id":36},"geometry":{"type":"MultiPolygon","coordinates":[[[[34.75109,31.25578],[34.75105,31.25586],[34.75105,31.25586],[34.75101,31.25585],[34.75093,31.25584],[34.75089,31.25584],[34.75067,31.25585],[34.75028,31.25593],[34.74998,31.25598],[34.74968,31.25602],[34.74962,31.25603],[34.74955,31.25603],[34.74954,31.25603],[34.7492,31.25605],[34.7488,31.25606],[34.74829,31.25605],[34.74779,31.25604],[34.74733,31.25602],[34.74681,31.256],[34.7463,31.25598],[34.74593,31.25597],[34.74581,31.25596],[34.74564,31.25595],[34.74544,31.25592],[34.74525,31.25586],[34.74505,31.25581],[34.74494,31.25577],[34.74492,31.25576],[34.74492,31.25576],[34.74471,31.25634],[34.74494,31.25706],[34.74463,31.2578],[34.74384,31.25808],[34.74336,31.25854],[34.74341,31.25912],[34.74402,31.26022],[34.74469,31.25997],[34.7454,31.2594],[34.74589,31.25894],[34.74668,31.25859],[34.7474,31.26041],[34.748,31.26047],[34.74813,31.26024],[34.74859,31.26017],[34.74872,31.25945],[34.75148,31.25955],[34.75195,31.258],[34.75223,31.25784],[34.75231,31.25761],[34.75197,31.25756],[34.75138,31.25607],[34.75109,31.25578]]]]}},{"type":"Feature","properties":{"name":"\u05d2\u05df \u05d0\u05dc\u05d6\u05d4","area":211843.9053243,"classification":"\u05d0\u05ea\u05e8 \u05dc\u05e4\u05d9\u05ea\u05d5\u05d7 \u05e2\u05d9\u05e8\u05d5\u05e0\u05d9 \u05e2\u05dd \u05d4\u05e0\u05d7\u05d9\u05d5\u05ea \u05e1\u05d1\u05d9\u05d1\u05ea\u05d9\u05d5\u05ea","site_id":31},"geometry":{"type":"MultiPolygon","coordinates":[[[[34.78237,31.25517],[34.78249,31.25543],[34.78292,31.25558],[34.78319,31.25571],[34.78348,31.25585],[34.78404,31.25616],[34.78458,31.25635],[34.78457,31.25658],[34.78438,31.25661],[34.78445,31.2572],[34.78502,31.25742],[34.78536,31.25767],[34.78574,31.25797],[34.78589,31.25809],[34.78598,31.25828],[34.78747,31.25801],[34.78742,31.25769],[34.78608,31.25779],[34.78604,31.25736],[34.78604,31.25731],[34.78635,31.25729],[34.78637,31.25682],[34.7873,31.25674],[34.78788,31.25662],[34.7879,31.25638],[34.78858,31.25609],[34.78878,31.25609],[34.78912,31.25601],[34.78943,31.25601],[34.79072,31.25612],[34.79089,31.25626],[34.79128,31.25636],[34.79198,31.25637],[34.79235,31.25639],[34.79244,31.25649],[34.79287,31.25652],[34.79321,31.25655],[34.79346,31.25649],[34.79286,31.25636],[34.79244,31.25626],[34.79212,31.25615],[34.79187,31.2561],[34.79171,31.25617],[34.79128,31.25608],[34.79101,31.25596],[34.79062,31.25581],[34.79007,31.25551],[34.78992,31.25561],[34.78868,31.25523],[34.78848,31.25549],[34.78802,31.25534],[34.78793,31.25548],[34.78777,31.25559],[34.78725,31.25533],[34.78666,31.25533],[34.7866,31.25473],[34.78636,31.25482],[34.78599,31.25487],[34.78533,31.25489],[34.7851,31.25465],[34.78493,31.25443],[34.78525,31.2532],[34.78542,31.25296],[34.78541,31.25258],[34.78447,31.25334],[34.78392,31.254],[34.78339,31.25443],[34.78237,31.25517]]]]}},{"type":"Feature","properties":{"name":"\u05d9\u05e2\u05e8 \u05d3\u05d5\u05d3\u05d0\u05d9\u05dd","area":10444088.18068529,"classification":"\u05d0\u05ea\u05e8 \u05d8\u05d1\u05e2 \u05dc\u05e9\u05d9\u05de\u05d5\u05e8","site_id":2},"geometry":{"type":"MultiPolygon","coordinates":[[[[34.78937,31.30361],[34.78898,31.30647],[34.78898,31.30649],[34.78891,31.30712],[34.78863,31.30955],[34.78854,31.31085],[34.78851,31.31087],[34.78854,31.31095],[34.78856,31.31095],[34.78869,31.31094],[34.7887,31.31091],[34.7888,31.31093],[34.78902,31.31097],[34.78926,31.31098],[34.7902,31.31099],[34.79102,31.31078],[34.79176,31.31059],[34.79187,31.31056],[34.79192,31.31052],[34.79265,31.31034],[34.79265,31.31035],[34.79265,31.31034],[34.79282,31.31028],[34.79287,31.31027],[34.79289,31.31026],[34.793,31.31022],[34.79317,31.31016],[34.79318,31.31016],[34.79319,31.31015],[34.79334,31.31011],[34.79435,31.30977],[34.79533,31.30945],[34.79553,31.30938],[34.79576,31.3093],[34.79839,31.30843],[34.79991,31.30792],[34.80166,31.30734],[34.80323,31.30682],[34.8039,31.3066],[34.80459,31.30637],[34.80496,31.30625],[34.80631,31.3058],[34.80815,31.30518],[34.81038,31.30445],[34.81236,31.3038],[34.81238,31.30379],[34.81239,31.30379],[34.81459,31.30305],[34.81465,31.30303],[34.81467,31.30303],[34.8166,31.3024],[34.81662,31.30239],[34.81842,31.30179],[34.81844,31.30178],[34.81845,31.30178],[34.81904,31.30157],[34.81905,31.30157],[34.81932,31.30147],[34.81967,31.30133],[34.81987,31.30124],[34.81996,31.30121],[34.81998,31.3012],[34.82017,31.30111],[34.82046,31.30098],[34.82048,31.30097],[34.82084,31.30078],[34.82086,31.30077],[34.82121,31.30058],[34.82122,31.30057],[34.82136,31.30049],[34.82137,31.30048],[34.82191,31.30009],[34.82193,31.30008],[34.82303,31.29925],[34.82307,31.29922],[34.82308,31.29921],[34.82309,31.2992],[34.82313,31.29916],[34.82353,31.29878],[34.82372,31.2986],[34.82374,31.29858],[34.82378,31.29853],[34.82379,31.29852],[34.82442,31.29783],[34.82445,31.29779],[34.82446,31.29778],[34.82451,31.29771],[34.82504,31.29696],[34.82505,31.29695],[34.82515,31.2968],[34.82519,31.29674],[34.82529,31.2966],[34.82532,31.29656],[34.82533,31.29654],[34.82534,31.29653],[34.82536,31.29649],[34.82536,31.29649],[34.82553,31.2962],[34.82554,31.29618],[34.82586,31.29555],[34.82588,31.29552],[34.82597,31.29529],[34.82602,31.29517],[34.82603,31.29515],[34.82609,31.295],[34.82624,31.29457],[34.82625,31.29455],[34.82635,31.29419],[34.82643,31.29388],[34.82645,31.2938],[34.82646,31.29378],[34.82647,31.29373],[34.82647,31.29371],[34.82647,31.29369],[34.82652,31.29338],[34.82652,31.29336],[34.82653,31.29313],[34.82654,31.29302],[34.82654,31.293],[34.82654,31.29299],[34.82655,31.29274],[34.82655,31.29251],[34.82656,31.29249],[34.82659,31.29188],[34.82663,31.29184],[34.82663,31.29164],[34.82663,31.29149],[34.82663,31.29143],[34.82661,31.29105],[34.8266,31.29097],[34.8266,31.29095],[34.8266,31.2909],[34.82637,31.28912],[34.82628,31.28844],[34.82623,31.28804],[34.82618,31.28764],[34.82612,31.28718],[34.8261,31.28704],[34.82609,31.28697],[34.82608,31.28696],[34.82606,31.28687],[34.82594,31.28617],[34.82583,31.2855],[34.82564,31.28458],[34.82542,31.28354],[34.82534,31.28296],[34.82523,31.2821],[34.82522,31.28206],[34.82539,31.28082],[34.8254,31.2808],[34.82551,31.28059],[34.82279,31.2805],[34.82279,31.28052],[34.82278,31.28065],[34.82279,31.28074],[34.82276,31.28083],[34.82279,31.28084],[34.82266,31.28095],[34.82264,31.28095],[34.82121,31.28117],[34.82061,31.28103],[34.81932,31.28145],[34.81785,31.2819],[34.81631,31.2828],[34.81568,31.28331],[34.81477,31.28357],[34.81477,31.28356],[34.8138,31.28352],[34.81275,31.28361],[34.81172,31.2839],[34.81115,31.28418],[34.81062,31.28448],[34.8106,31.28449],[34.81057,31.28452],[34.81051,31.28459],[34.81047,31.28464],[34.80998,31.28519],[34.80909,31.28715],[34.8083,31.28839],[34.8072,31.28916],[34.80598,31.28943],[34.80579,31.28951],[34.80529,31.28942],[34.80422,31.28923],[34.79999,31.28848],[34.79876,31.28836],[34.79662,31.28817],[34.7963,31.28814],[34.79594,31.28812],[34.79578,31.28811],[34.79572,31.28811],[34.79575,31.28808],[34.79576,31.28801],[34.79459,31.2879],[34.7914,31.28761],[34.7914,31.28769],[34.79139,31.28782],[34.79138,31.28781],[34.79138,31.28782],[34.79137,31.28789],[34.79132,31.2883],[34.79128,31.28854],[34.79111,31.29008],[34.79106,31.29051],[34.79098,31.29118],[34.79093,31.29164],[34.79092,31.29165],[34.7909,31.29187],[34.79028,31.29616],[34.79023,31.2965],[34.79002,31.29814],[34.78996,31.2986],[34.78989,31.29918],[34.78988,31.2993],[34.78948,31.3028],[34.78944,31.3031],[34.78937,31.30361]]]]}},{"type":"Feature","properties":{"name":"\u05e9\u05d3\u05d5\u05ea \u05d0\u05d2\u05df \u05e4\u05d8\u05d9\u05e9","area":6122297.62341821,"classification":"\u05d0\u05ea\u05e8 \u05d8\u05d1\u05e2 \u05dc\u05e9\u05d9\u05de\u05d5\u05e8","site_id":51},"geometry":{"type":"MultiPolygon","coordinates":[[[[34.75538,31.29738],[34.75547,31.29741],[34.75549,31.29742],[34.75601,31.29763],[34.75658,31.29785],[34.75779,31.29832],[34.7586,31.29864],[34.75912,31.29884],[34.75939,31.29895],[34.75976,31.29909],[34.76026,31.29929],[34.7604,31.29935],[34.76076,31.29953],[34.76085,31.29958],[34.76113,31.29973],[34.76119,31.29975],[34.76225,31.30019],[34.76342,31.30068],[34.76353,31.30073],[34.76346,31.30083],[34.76299,31.30153],[34.76291,31.30165],[34.76276,31.30187],[34.76264,31.30205],[34.76246,31.30231],[34.76213,31.30279],[34.76254,31.30291],[34.76254,31.30291],[34.76283,31.303],[34.76285,31.30321],[34.76289,31.30356],[34.76299,31.30358],[34.76316,31.30358],[34.76339,31.30361],[34.76362,31.30363],[34.7638,31.30366],[34.76402,31.3037],[34.7643,31.30373],[34.7643,31.3043],[34.7641,31.30465],[34.76404,31.30465],[34.76374,31.30473],[34.76346,31.30478],[34.76321,31.3049],[34.76295,31.30504],[34.76281,31.30508],[34.7628,31.30509],[34.76279,31.30509],[34.76264,31.3052],[34.76271,31.30525],[34.76271,31.30525],[34.76271,31.30532],[34.76268,31.30537],[34.7645,31.30617],[34.76563,31.30563],[34.76582,31.30545],[34.76644,31.30487],[34.76647,31.30485],[34.76758,31.30413],[34.76738,31.30499],[34.76738,31.30499],[34.76746,31.30505],[34.76745,31.30506],[34.76731,31.30515],[34.7673,31.30515],[34.76788,31.30554],[34.76816,31.30554],[34.76821,31.30551],[34.76825,31.30549],[34.76838,31.30549],[34.76842,31.30549],[34.76868,31.30552],[34.76869,31.30552],[34.76897,31.30547],[34.76897,31.30547],[34.76899,31.30547],[34.76903,31.30545],[34.76904,31.30555],[34.76901,31.30597],[34.76897,31.30597],[34.76896,31.30597],[34.76896,31.30598],[34.76859,31.30597],[34.76775,31.30625],[34.76753,31.30651],[34.76736,31.30682],[34.76737,31.30695],[34.76737,31.30696],[34.76771,31.30695],[34.76858,31.30717],[34.76851,31.30734],[34.76825,31.30749],[34.76806,31.30774],[34.76813,31.30782],[34.76772,31.30793],[34.76768,31.30791],[34.76732,31.30788],[34.76716,31.30796],[34.76413,31.30865],[34.76323,31.30914],[34.76292,31.30931],[34.76281,31.30937],[34.76268,31.30948],[34.76264,31.30964],[34.76259,31.30972],[34.76252,31.30982],[34.76248,31.30983],[34.76243,31.30986],[34.76246,31.30993],[34.76248,31.31004],[34.76253,31.31021],[34.76253,31.31042],[34.76253,31.31061],[34.76253,31.31062],[34.76259,31.3117],[34.76395,31.3117],[34.76405,31.31256],[34.76406,31.31257],[34.76455,31.31298],[34.76468,31.31309],[34.76545,31.31319],[34.766,31.31374],[34.76636,31.31428],[34.76703,31.31441],[34.76572,31.31476],[34.76555,31.3148],[34.76552,31.31481],[34.76452,31.31465],[34.76399,31.31418],[34.76332,31.31379],[34.7629,31.31459],[34.76306,31.31462],[34.76312,31.31514],[34.76312,31.31515],[34.76328,31.31651],[34.76536,31.31672],[34.76577,31.31681],[34.76605,31.31698],[34.7663,31.3175],[34.76661,31.31778],[34.76694,31.31795],[34.76699,31.31796],[34.76738,31.318],[34.76769,31.31796],[34.7681,31.31801],[34.76848,31.3182],[34.76913,31.3187],[34.76923,31.31873],[34.76937,31.31877],[34.76962,31.31884],[34.77006,31.31922],[34.77039,31.31937],[34.77075,31.31949],[34.77147,31.31942],[34.77202,31.31941],[34.77207,31.31941],[34.77274,31.31941],[34.77292,31.31938],[34.7732,31.31934],[34.77349,31.31928],[34.77387,31.31922],[34.77409,31.31925],[34.77455,31.31931],[34.77493,31.31939],[34.7755,31.31952],[34.77628,31.31982],[34.77779,31.32061],[34.77893,31.32104],[34.77895,31.32104],[34.77902,31.32107],[34.77916,31.32112],[34.77984,31.32116],[34.78041,31.32111],[34.78069,31.32108],[34.78185,31.32097],[34.78189,31.32097],[34.78204,31.32096],[34.78207,31.32095],[34.78251,31.32093],[34.78318,31.3209],[34.78335,31.32089],[34.78372,31.32089],[34.78546,31.32063],[34.78566,31.32065],[34.78656,31.32074],[34.78662,31.32041],[34.78692,31.31982],[34.78707,31.31839],[34.78714,31.31775],[34.78721,31.31719],[34.78738,31.3157],[34.78738,31.31565],[34.78742,31.31532],[34.78746,31.3149],[34.78751,31.31441],[34.78761,31.31333],[34.78762,31.31329],[34.78763,31.31322],[34.78776,31.31227],[34.78756,31.31217],[34.78751,31.31212],[34.78722,31.31186],[34.78707,31.31154],[34.78698,31.31124],[34.78699,31.31122],[34.78699,31.31122],[34.78709,31.31097],[34.78709,31.31068],[34.78683,31.31031],[34.78681,31.31028],[34.78671,31.31008],[34.78659,31.30986],[34.7862,31.3091],[34.7862,31.3091],[34.78618,31.30908],[34.78611,31.309],[34.78608,31.30897],[34.78595,31.30889],[34.7858,31.30882],[34.78567,31.30876],[34.78562,31.30874],[34.78556,31.30869],[34.78546,31.30862],[34.7853,31.30849],[34.7853,31.30849],[34.78505,31.30828],[34.78504,31.30827],[34.78503,31.30827],[34.78489,31.30814],[34.78473,31.30794],[34.78468,31.30784],[34.78462,31.30773],[34.78452,31.30756],[34.78438,31.30738],[34.7842,31.30714],[34.78413,31.30701],[34.78408,31.30701],[34.784,31.307],[34.78387,31.30697],[34.78367,31.30689],[34.78365,31.30689],[34.78341,31.30674],[34.78325,31.3066],[34.78299,31.30635],[34.78269,31.30609],[34.78236,31.30581],[34.78201,31.30551],[34.7817,31.30522],[34.78143,31.30492],[34.78137,31.30486],[34.78104,31.30458],[34.78099,31.30454],[34.78078,31.30435],[34.78078,31.30434],[34.78052,31.30401],[34.78028,31.30371],[34.78005,31.30341],[34.78004,31.30341],[34.78002,31.30337],[34.77984,31.30311],[34.77994,31.30279],[34.77994,31.30279],[34.77992,31.30276],[34.77947,31.30206],[34.77946,31.30205],[34.77941,31.30197],[34.77942,31.30188],[34.77944,31.30171],[34.77944,31.30165],[34.77941,31.30154],[34.77929,31.30133],[34.77922,31.30116],[34.77911,31.30092],[34.77911,31.3008],[34.77908,31.30077],[34.77907,31.30076],[34.77907,31.30069],[34.77903,31.30066],[34.77892,31.30057],[34.77869,31.30047],[34.7783,31.30038],[34.77813,31.30035],[34.77778,31.30037],[34.77768,31.30048],[34.77765,31.30056],[34.77762,31.30066],[34.7776,31.30073],[34.77741,31.30078],[34.7774,31.30078],[34.77725,31.30069],[34.77691,31.30068],[34.77654,31.30067],[34.77634,31.30067],[34.77598,31.3009],[34.77559,31.30108],[34.77524,31.30117],[34.77517,31.30122],[34.77481,31.30121],[34.77466,31.30104],[34.7746,31.30103],[34.77454,31.30101],[34.77452,31.30101],[34.77431,31.30095],[34.77409,31.3009],[34.774,31.3009],[34.77354,31.30087],[34.77299,31.30088],[34.7727,31.30088],[34.7725,31.30086],[34.77231,31.30102],[34.7723,31.30102],[34.77221,31.30103],[34.77182,31.30102],[34.77179,31.30101],[34.77176,31.30101],[34.77176,31.30101],[34.77165,31.30096],[34.77159,31.30092],[34.77155,31.30088],[34.77115,31.29998],[34.77062,31.29998],[34.76992,31.3001],[34.76977,31.2998],[34.76977,31.29891],[34.76948,31.29748],[34.76899,31.29746],[34.76872,31.29815],[34.76852,31.29842],[34.76852,31.29842],[34.76853,31.29843],[34.76847,31.29855],[34.76827,31.2988],[34.76825,31.29883],[34.76825,31.29882],[34.76761,31.29842],[34.76707,31.29841],[34.76703,31.29841],[34.76702,31.29841],[34.76572,31.298],[34.76484,31.29809],[34.76487,31.2981],[34.76496,31.29824],[34.76501,31.29844],[34.76493,31.29844],[34.76477,31.29861],[34.76482,31.29888],[34.76508,31.29914],[34.76513,31.29947],[34.76487,31.29935],[34.76464,31.29912],[34.76442,31.29884],[34.76436,31.29888],[34.76284,31.29832],[34.76283,31.29833],[34.76273,31.29827],[34.76252,31.29774],[34.76236,31.29756],[34.76197,31.29828],[34.76121,31.29874],[34.76057,31.29781],[34.76048,31.2971],[34.75928,31.29646],[34.75883,31.29581],[34.75944,31.29535],[34.7595,31.29527],[34.7598,31.29512],[34.75891,31.29451],[34.75868,31.29459],[34.75849,31.29471],[34.75842,31.29471],[34.75842,31.29471],[34.75832,31.29477],[34.75817,31.29478],[34.7581,31.2947],[34.75798,31.29463],[34.75741,31.29501],[34.75741,31.29502],[34.75698,31.29531],[34.75692,31.2954],[34.75687,31.29553],[34.75687,31.29553],[34.75678,31.29573],[34.75663,31.29603],[34.75645,31.29637],[34.7563,31.29662],[34.75615,31.29686],[34.75613,31.2969],[34.75613,31.29691],[34.7561,31.29682],[34.75597,31.29687],[34.75537,31.29709],[34.75476,31.29707],[34.75467,31.29706],[34.75461,31.29706],[34.7546,31.29706],[34.75504,31.29724],[34.75538,31.29738]]]]}},{"type":"Feature","properties":{"name":"\u05d2\u05df \u05d4\u05e7\u05d5\u05de\u05e0\u05d3\u05d5 \u05d4\u05e6\u05e8\u05e4\u05ea\u05d9","area":106138.70097132,"classification":"\u05d0\u05ea\u05e8 \u05dc\u05e4\u05d9\u05ea\u05d5\u05d7 \u05e2\u05d9\u05e8\u05d5\u05e0\u05d9","site_id":54},"geometry":{"type":"MultiPolygon","coordinates":[[[[34.8133,31.25321],[34.81241,31.25283],[34.81163,31.25233],[34.81103,31.25166],[34.80991,31.24914],[34.80874,31.24727],[34.80793,31.24661],[34.80699,31.2462],[34.80616,31.24735],[34.80725,31.24741],[34.8083,31.2475],[34.80968,31.24913],[34.80966,31.25031],[34.8097,31.25146],[34.80975,31.25219],[34.81052,31.25186],[34.81086,31.25227],[34.81107,31.2523],[34.81133,31.25294],[34.8118,31.25285],[34.81207,31.25351],[34.81236,31.25359],[34.81244,31.25385],[34.81241,31.25488],[34.81279,31.25481],[34.81303,31.25487],[34.81328,31.25441],[34.81276,31.25418],[34.8133,31.25321]]]]}},{"type":"Feature","properties":{"name":"\u05e2\u05de\u05e7 \u05e9\u05e8\u05d4","area":6001300.59834038,"classification":"\u05d0\u05ea\u05e8 \u05dc\u05e4\u05d9\u05ea\u05d5\u05d7 \u05e2\u05d9\u05e8\u05d5\u05e0\u05d9 \u05e2\u05dd \u05d4\u05e0\u05d7\u05d9\u05d5\u05ea \u05e1\u05d1\u05d9\u05d1\u05ea\u05d9\u05d5\u05ea","site_id":12},"geometry":{"type":"MultiPolygon","coordinates":[[[[34.84007,31.24155],[34.84056,31.24154],[34.84215,31.23941],[34.84284,31.23849],[34.84292,31.23838],[34.84442,31.23639],[34.84442,31.23635],[34.84462,31.23608],[34.84529,31.23516],[34.84534,31.2351],[34.84689,31.23305],[34.84709,31.23277],[34.84782,31.23176],[34.84834,31.23104],[34.84896,31.23008],[34.84977,31.22883],[34.85113,31.22688],[34.85115,31.22689],[34.85125,31.22673],[34.85126,31.22672],[34.8512,31.22641],[34.85069,31.2236],[34.84998,31.22125],[34.8476,31.22179],[34.84252,31.22292],[34.84143,31.22296],[34.83618,31.22391],[34.83139,31.22493],[34.82959,31.22532],[34.82975,31.22718],[34.82975,31.22876],[34.82933,31.22898],[34.82907,31.22813],[34.82874,31.22765],[34.82836,31.2269],[34.82774,31.22604],[34.82743,31.22558],[34.82432,31.2263],[34.82012,31.22718],[34.81563,31.22816],[34.81427,31.22843],[34.81403,31.22862],[34.81362,31.22871],[34.81316,31.22871],[34.81158,31.22903],[34.81193,31.22991],[34.81195,31.23033],[34.81177,31.23067],[34.81144,31.23067],[34.81093,31.23052],[34.80977,31.2307],[34.81165,31.23261],[34.8133,31.23214],[34.8148,31.2356],[34.83058,31.2323],[34.83083,31.23222],[34.83135,31.23327],[34.83239,31.23521],[34.83292,31.23689],[34.83275,31.23904],[34.8326,31.23945],[34.83453,31.24186],[34.83684,31.24126],[34.83779,31.24164],[34.84007,31.24155]]]]}},{"type":"Feature","properties":{"name":"\u05e2\u05de\u05e7 \u05e9\u05e8\u05d4 \u05d3\u05e8\u05d5\u05dd","area":1813337.82639951,"classification":"\u05d0\u05ea\u05e8 \u05dc\u05e4\u05d9\u05ea\u05d5\u05d7 \u05e2\u05d9\u05e8\u05d5\u05e0\u05d9","site_id":13},"geometry":{"type":"MultiPolygon","coordinates":[[[[34.82431,31.21196],[34.8242,31.21195],[34.8199,31.21194],[34.81591,31.21192],[34.816,31.21345],[34.81596,31.21366],[34.81521,31.21367],[34.81517,31.2145],[34.81494,31.21476],[34.81458,31.21525],[34.81451,31.21622],[34.81508,31.21627],[34.81506,31.21704],[34.81482,31.21727],[34.81468,31.21794],[34.81443,31.21866],[34.81389,31.21871],[34.81268,31.21868],[34.81268,31.21922],[34.81316,31.21929],[34.81321,31.21998],[34.81391,31.22003],[34.81535,31.22003],[34.81565,31.2201],[34.81593,31.21925],[34.81627,31.21832],[34.81665,31.21726],[34.81698,31.21629],[34.81731,31.21555],[34.81798,31.2149],[34.81864,31.21446],[34.81926,31.2149],[34.81945,31.21498],[34.81995,31.21527],[34.8205,31.21539],[34.82092,31.21535],[34.81901,31.22093],[34.81918,31.22099],[34.82048,31.22127],[34.82107,31.22152],[34.82129,31.22159],[34.82147,31.22153],[34.82171,31.22155],[34.82185,31.22166],[34.82186,31.22177],[34.82213,31.22186],[34.82237,31.22137],[34.82237,31.22082],[34.82252,31.22033],[34.82309,31.22003],[34.82394,31.21962],[34.82423,31.21992],[34.82442,31.22039],[34.82437,31.22102],[34.82387,31.22147],[34.82352,31.22214],[34.82397,31.22222],[34.82398,31.22251],[34.82349,31.2229],[34.82313,31.22333],[34.82182,31.22382],[34.8212,31.22399],[34.82106,31.22419],[34.82121,31.22473],[34.82148,31.22571],[34.82169,31.22635],[34.82191,31.22655],[34.8235,31.22623],[34.82647,31.2255],[34.82706,31.2254],[34.82737,31.22529],[34.82745,31.2251],[34.8274,31.22467],[34.82743,31.22415],[34.82748,31.22374],[34.82747,31.22317],[34.82738,31.22225],[34.82711,31.22113],[34.82765,31.2211],[34.82941,31.22464],[34.83069,31.22439],[34.8307,31.22416],[34.82686,31.21391],[34.82674,31.21327],[34.82789,31.21257],[34.82847,31.21197],[34.82827,31.21196],[34.82727,31.21196],[34.82541,31.21293],[34.82466,31.21275],[34.82431,31.21196]]]]}},{"type":"Feature","properties":{"name":"\u05d1\u05d9\u05ea \u05d4\u05dc\u05d5\u05d7\u05dd","area":527812.23536001,"classification":"\u05d0\u05ea\u05e8 \u05dc\u05e4\u05d9\u05ea\u05d5\u05d7 \u05e2\u05d9\u05e8\u05d5\u05e0\u05d9","site_id":8},"geometry":{"type":"MultiPolygon","coordinates":[[[[34.81942,31.25758],[34.82023,31.25842],[34.81466,31.26114],[34.81635,31.26416],[34.81822,31.26275],[34.81992,31.26153],[34.82215,31.25997],[34.82336,31.25918],[34.82194,31.25773],[34.82119,31.2579],[34.82019,31.25704],[34.81942,31.25758]]]]}},{"type":"Feature","properties":{"name":"\u05d9\u05e2\u05e8 \u05e0\u05d7\u05dc \u05e2\u05e9\u05df \u05de\u05e2\u05e8\u05d1","area":1322739.89425469,"classification":"\u05d0\u05ea\u05e8 \u05d8\u05d1\u05e2 \u05dc\u05e9\u05d9\u05de\u05d5\u05e8","site_id":48},"geometry":{"type":"MultiPolygon","coordinates":[[[[34.75241,31.28942],[34.75231,31.28933],[34.75226,31.28928],[34.75218,31.28919],[34.75213,31.28913],[34.75211,31.28911],[34.75201,31.28899],[34.7519,31.28888],[34.75165,31.2886],[34.75151,31.28846],[34.75137,31.28832],[34.7511,31.28806],[34.75083,31.28781],[34.75079,31.28778],[34.75076,31.28775],[34.75075,31.28775],[34.7507,31.2877],[34.74988,31.28737],[34.74873,31.287],[34.74793,31.28634],[34.74694,31.28671],[34.74687,31.28674],[34.74655,31.28747],[34.74655,31.28748],[34.74637,31.28764],[34.74611,31.28799],[34.74585,31.2883],[34.74576,31.28849],[34.74477,31.28969],[34.74473,31.28973],[34.74473,31.28973],[34.74378,31.28946],[34.74308,31.28929],[34.74306,31.28929],[34.74294,31.28939],[34.74362,31.29196],[34.74375,31.29243],[34.74382,31.29268],[34.74386,31.2927],[34.74406,31.29278],[34.74431,31.29289],[34.74457,31.293],[34.74539,31.29334],[34.74571,31.29347],[34.74584,31.29352],[34.74586,31.29353],[34.74648,31.29381],[34.74756,31.29424],[34.74776,31.29432],[34.74805,31.29444],[34.74863,31.29467],[34.74906,31.29484],[34.74906,31.29484],[34.74906,31.29485],[34.74913,31.29487],[34.74929,31.29494],[34.74942,31.29499],[34.74948,31.29501],[34.74991,31.29519],[34.75014,31.29528],[34.75212,31.29607],[34.7546,31.29706],[34.75461,31.29706],[34.75467,31.29706],[34.75476,31.29707],[34.75537,31.29709],[34.75597,31.29687],[34.7561,31.29682],[34.75613,31.29691],[34.75613,31.2969],[34.75615,31.29686],[34.7563,31.29662],[34.75645,31.29637],[34.75663,31.29603],[34.75678,31.29573],[34.75687,31.29553],[34.75687,31.29553],[34.75692,31.2954],[34.75698,31.29531],[34.75698,31.2953],[34.75706,31.29517],[34.75707,31.29516],[34.75708,31.29514],[34.75707,31.29505],[34.75725,31.29489],[34.75727,31.29487],[34.75753,31.29415],[34.75792,31.29366],[34.75807,31.29357],[34.75861,31.29275],[34.75848,31.29178],[34.75845,31.29163],[34.75844,31.29162],[34.75845,31.29156],[34.75842,31.29128],[34.75807,31.29107],[34.75794,31.29104],[34.75783,31.29102],[34.75766,31.29102],[34.75735,31.29102],[34.75682,31.29113],[34.75676,31.29112],[34.75649,31.29106],[34.75633,31.29103],[34.75632,31.29103],[34.75629,31.29103],[34.75596,31.29092],[34.75595,31.29092],[34.75595,31.29092],[34.75577,31.29085],[34.75577,31.29085],[34.7556,31.29078],[34.7554,31.2907],[34.7553,31.29066],[34.75521,31.29062],[34.75498,31.29051],[34.7547,31.29036],[34.75456,31.29028],[34.75443,31.29018],[34.7544,31.29015],[34.75431,31.29008],[34.75428,31.29006],[34.75413,31.28994],[34.75398,31.28987],[34.75374,31.28982],[34.75368,31.28982],[34.75355,31.28981],[34.75335,31.28979],[34.75334,31.28978],[34.75331,31.28978],[34.75305,31.28972],[34.75288,31.28966],[34.75267,31.28956],[34.75258,31.28951],[34.75258,31.28951],[34.75245,31.28945],[34.75245,31.28945],[34.75245,31.28945],[34.75244,31.28945],[34.75244,31.28945],[34.75244,31.28945],[34.75243,31.28943],[34.75243,31.28943],[34.75241,31.28942]]]]}},{"type":"Feature","properties":{"name":"\u05ea\u05dc \u05d1\u05d0\u05e8 \u05e9\u05d1\u05e2","area":1269667.67737092,"classification":"\u05d0\u05ea\u05e8 \u05d8\u05d1\u05e2 \u05dc\u05e9\u05d9\u05de\u05d5\u05e8","site_id":10},"geometry":{"type":"MultiPolygon","coordinates":[[[[34.83709,31.24638],[34.83709,31.24638],[34.83716,31.24639],[34.83717,31.24639],[34.83743,31.2464],[34.83862,31.24647],[34.84043,31.24687],[34.84284,31.24703],[34.84406,31.24704],[34.84427,31.24615],[34.84424,31.24509],[34.84424,31.24408],[34.84398,31.24356],[34.84375,31.24328],[34.84372,31.24331],[34.84348,31.24338],[34.84319,31.24339],[34.84285,31.24346],[34.84128,31.24367],[34.83992,31.24371],[34.83975,31.24365],[34.8397,31.24363],[34.83936,31.24352],[34.83935,31.24352],[34.83911,31.24349],[34.83916,31.24349],[34.83917,31.24349],[34.83932,31.24324],[34.83938,31.24314],[34.83939,31.24314],[34.84059,31.24153],[34.84056,31.24154],[34.84021,31.24155],[34.83779,31.24164],[34.83684,31.24126],[34.83453,31.24186],[34.8326,31.23945],[34.83216,31.24065],[34.83115,31.24197],[34.8304,31.24351],[34.82977,31.24476],[34.82926,31.24701],[34.82912,31.24776],[34.82903,31.24826],[34.82908,31.24961],[34.82917,31.24994],[34.82922,31.25011],[34.82926,31.25018],[34.83038,31.24999],[34.83213,31.24968],[34.83252,31.24961],[34.83256,31.24961],[34.83258,31.24961],[34.83258,31.2496],[34.83259,31.2496],[34.83295,31.24953],[34.83402,31.24913],[34.8342,31.24904],[34.8342,31.24904],[34.83432,31.249],[34.83526,31.24836],[34.83543,31.24819],[34.83574,31.24783],[34.83589,31.24766],[34.83704,31.24637],[34.83709,31.24638],[34.83709,31.24638]]]]}},{"type":"Feature","properties":{"name":"\u05e0\u05d7\u05dc \u05d1\u05e7\u05e2 \u05de\u05e2\u05e8\u05d1","area":679433.33095858,"classification":"\u05d0\u05ea\u05e8 \u05dc\u05e4\u05d9\u05ea\u05d5\u05d7 \u05e2\u05d9\u05e8\u05d5\u05e0\u05d9 \u05e2\u05dd \u05d4\u05e0\u05d7\u05d9\u05d5\u05ea \u05e1\u05d1\u05d9\u05d1\u05ea\u05d9\u05d5\u05ea","site_id":17},"geometry":{"type":"MultiPolygon","coordinates":[[[[34.76789,31.22395],[34.76821,31.22376],[34.76822,31.22376],[34.76956,31.22262],[34.7695,31.22242],[34.77068,31.22137],[34.77075,31.22132],[34.77211,31.22025],[34.77208,31.22022],[34.77207,31.22021],[34.77228,31.22006],[34.77241,31.21996],[34.7725,31.21988],[34.77251,31.21988],[34.77253,31.21986],[34.77262,31.21978],[34.77264,31.21978],[34.77269,31.21978],[34.77269,31.21978],[34.7727,31.21979],[34.77273,31.21976],[34.77395,31.21881],[34.77406,31.21891],[34.77408,31.2189],[34.77411,31.21887],[34.77409,31.21871],[34.77409,31.21871],[34.77407,31.21858],[34.77245,31.21787],[34.77245,31.21787],[34.77189,31.21792],[34.77182,31.21796],[34.77182,31.21798],[34.77178,31.21792],[34.77008,31.21776],[34.76762,31.21682],[34.76499,31.21637],[34.76385,31.21635],[34.76344,31.21635],[34.76342,31.21636],[34.7631,31.21636],[34.76269,31.21667],[34.76196,31.21672],[34.76124,31.21691],[34.76066,31.21737],[34.76061,31.21743],[34.76001,31.21768],[34.75929,31.21813],[34.75922,31.21826],[34.75877,31.21832],[34.75848,31.21837],[34.75823,31.21853],[34.75825,31.21854],[34.7582,31.21864],[34.75826,31.21861],[34.75859,31.21849],[34.75867,31.21863],[34.7592,31.21866],[34.75965,31.21867],[34.76054,31.21865],[34.76126,31.21876],[34.76207,31.21892],[34.7628,31.21915],[34.76379,31.21936],[34.76427,31.21959],[34.76454,31.21973],[34.76501,31.22006],[34.76527,31.22041],[34.76591,31.22107],[34.76596,31.22112],[34.76604,31.22128],[34.76627,31.22174],[34.76676,31.22244],[34.76681,31.2225],[34.7672,31.223],[34.76785,31.22397],[34.76789,31.22395]]]]}},{"type":"Feature","properties":{"name":"\u05e0\u05d7\u05dc \u05e1\u05d5\u05dc\u05dc\u05d9\u05dd \u05ea\u05d9\u05db\u05d5\u05df","area":458113.19942584,"classification":"\u05d0\u05ea\u05e8 \u05dc\u05e4\u05d9\u05ea\u05d5\u05d7 \u05e2\u05d9\u05e8\u05d5\u05e0\u05d9 \u05e2\u05dd \u05d4\u05e0\u05d7\u05d9\u05d5\u05ea \u05e1\u05d1\u05d9\u05d1\u05ea\u05d9\u05d5\u05ea","site_id":39},"geometry":{"type":"MultiPolygon","coordinates":[[[[34.75417,31.26411],[34.75464,31.26402],[34.75502,31.26412],[34.75541,31.26435],[34.75664,31.26399],[34.75865,31.26322],[34.7594,31.26297],[34.76045,31.26257],[34.76147,31.26253],[34.76355,31.26212],[34.76327,31.26174],[34.76285,31.26128],[34.76233,31.26147],[34.76183,31.26128],[34.76059,31.26045],[34.75966,31.26056],[34.75938,31.26063],[34.75937,31.26072],[34.75917,31.26092],[34.75908,31.26115],[34.75878,31.26118],[34.75837,31.26126],[34.75798,31.26185],[34.75713,31.2623],[34.7567,31.26279],[34.75627,31.26273],[34.75566,31.26253],[34.75497,31.26207],[34.75425,31.26225],[34.75377,31.26241],[34.75346,31.26253],[34.75256,31.26284],[34.75219,31.26293],[34.75112,31.26372],[34.75149,31.264],[34.75286,31.26503],[34.75346,31.26463],[34.75352,31.26448],[34.75368,31.2643],[34.75417,31.26411]]]]}},{"type":"Feature","properties":{"name":"\u05de\u05d5\u05e8\u05d3\u05d5\u05ea \u05d4\u05d1\u05e1\u05d9\u05e1 \u05d4\u05e0\u05d8\u05d5\u05e9","area":2211917.69869349,"classification":"\u05d0\u05ea\u05e8 \u05d8\u05d1\u05e2 \u05dc\u05e9\u05d9\u05de\u05d5\u05e8","site_id":44},"geometry":{"type":"MultiPolygon","coordinates":[[[[34.76529,31.27678],[34.76527,31.27679],[34.76528,31.2768],[34.76523,31.27682],[34.76508,31.27687],[34.76473,31.27688],[34.7645,31.27705],[34.76309,31.27773],[34.76197,31.278],[34.76097,31.27828],[34.76074,31.27821],[34.76066,31.27833],[34.76058,31.27847],[34.76047,31.27864],[34.76043,31.2787],[34.76037,31.27879],[34.76006,31.27928],[34.76005,31.2793],[34.75993,31.27952],[34.75986,31.27967],[34.75972,31.28008],[34.75972,31.28009],[34.75972,31.28009],[34.75966,31.28027],[34.75959,31.28103],[34.75956,31.28198],[34.75956,31.28201],[34.75956,31.28205],[34.75947,31.28214],[34.75947,31.28215],[34.75947,31.28215],[34.7594,31.28286],[34.75941,31.28286],[34.75945,31.28287],[34.75942,31.2831],[34.75942,31.2831],[34.75939,31.28328],[34.75934,31.28358],[34.75934,31.28359],[34.75931,31.28363],[34.75922,31.28425],[34.75883,31.2851],[34.75845,31.28599],[34.75842,31.28606],[34.75881,31.28625],[34.75905,31.28668],[34.75911,31.2868],[34.75911,31.28681],[34.75916,31.28692],[34.75933,31.28735],[34.75941,31.28743],[34.75943,31.2874],[34.75991,31.2874],[34.7603,31.28751],[34.76043,31.28758],[34.76052,31.28761],[34.76052,31.28761],[34.76072,31.28768],[34.76074,31.28768],[34.76074,31.28768],[34.76069,31.28776],[34.76044,31.28809],[34.76189,31.28825],[34.76424,31.2878],[34.76557,31.2878],[34.76696,31.28855],[34.76827,31.28866],[34.76828,31.28866],[34.76828,31.28866],[34.76842,31.28873],[34.76857,31.28879],[34.76858,31.2888],[34.76859,31.2888],[34.76872,31.28886],[34.76878,31.28888],[34.76901,31.28905],[34.76905,31.28909],[34.76912,31.28915],[34.76925,31.28933],[34.76926,31.28933],[34.76931,31.2894],[34.76934,31.28942],[34.76934,31.28942],[34.76949,31.28925],[34.7701,31.28858],[34.77024,31.28856],[34.77127,31.2884],[34.77179,31.28758],[34.77181,31.28742],[34.77182,31.28737],[34.7719,31.28711],[34.77194,31.28701],[34.77188,31.28693],[34.77164,31.28664],[34.77138,31.28633],[34.77108,31.28644],[34.76894,31.28617],[34.76894,31.28615],[34.76889,31.28615],[34.76872,31.286],[34.76866,31.28578],[34.76862,31.28561],[34.76866,31.2853],[34.76865,31.28529],[34.76882,31.28486],[34.76884,31.28485],[34.76884,31.28485],[34.77076,31.28426],[34.77075,31.28406],[34.77075,31.284],[34.77091,31.28369],[34.77149,31.28357],[34.77242,31.28349],[34.77244,31.28349],[34.77274,31.28352],[34.77337,31.28375],[34.77384,31.28335],[34.77412,31.28335],[34.77438,31.28346],[34.77464,31.28361],[34.77485,31.28384],[34.7752,31.28388],[34.77534,31.28383],[34.77532,31.28371],[34.7752,31.2835],[34.77519,31.28315],[34.77518,31.28277],[34.77523,31.28254],[34.77547,31.28254],[34.77577,31.28263],[34.77615,31.2827],[34.77649,31.28222],[34.77635,31.28212],[34.77607,31.28194],[34.77587,31.28181],[34.77568,31.28165],[34.77551,31.28145],[34.77531,31.28123],[34.77513,31.28101],[34.77497,31.28079],[34.77488,31.28057],[34.77483,31.28034],[34.7748,31.28008],[34.7748,31.27987],[34.77489,31.27972],[34.7749,31.27972],[34.77494,31.27968],[34.77502,31.27963],[34.7751,31.2796],[34.77512,31.27959],[34.77517,31.27957],[34.77555,31.27953],[34.77571,31.27953],[34.77571,31.27953],[34.77588,31.27953],[34.77602,31.27953],[34.77629,31.27958],[34.77722,31.27907],[34.77672,31.27861],[34.77671,31.2786],[34.77352,31.27858],[34.77244,31.2789],[34.77167,31.27875],[34.77119,31.27851],[34.77118,31.27796],[34.77107,31.27765],[34.77083,31.27735],[34.77071,31.2772],[34.77067,31.2772],[34.77047,31.27716],[34.77046,31.27716],[34.76994,31.27706],[34.76993,31.27705],[34.76978,31.27699],[34.76932,31.27691],[34.76908,31.27687],[34.76884,31.27682],[34.76847,31.27678],[34.76801,31.27676],[34.768,31.27675],[34.76793,31.27675],[34.76791,31.27679],[34.7679,31.27686],[34.7679,31.27691],[34.76761,31.27691],[34.76734,31.2769],[34.7669,31.27689],[34.76605,31.27684],[34.76603,31.27684],[34.7656,31.27682],[34.76553,31.27682],[34.76552,31.27682],[34.76531,31.27681],[34.7653,31.2768],[34.7653,31.27678],[34.76529,31.27678]]]]}},{"type":"Feature","properties":{"name":"\u05d2\u05df \u05d2\u05d3\u05d5\u05dc\u05d9 \u05d9\u05e9\u05e8\u05d0\u05dc","area":49507.50191021,"classification":"\u05d0\u05ea\u05e8 \u05dc\u05e4\u05d9\u05ea\u05d5\u05d7 \u05e2\u05d9\u05e8\u05d5\u05e0\u05d9","site_id":30},"geometry":{"type":"MultiPolygon","coordinates":[[[[34.77552,31.25481],[34.77646,31.25406],[34.7767,31.25431],[34.77754,31.25317],[34.77731,31.25307],[34.77731,31.25307],[34.77684,31.25292],[34.7767,31.25259],[34.77759,31.25203],[34.77712,31.25164],[34.77664,31.25196],[34.77656,31.25202],[34.77574,31.25257],[34.77578,31.25282],[34.77579,31.25282],[34.77578,31.25283],[34.77594,31.25296],[34.77555,31.25325],[34.77519,31.25321],[34.77456,31.25373],[34.77461,31.25395],[34.7748,31.25403],[34.77495,31.25411],[34.77512,31.25423],[34.77532,31.25439],[34.77552,31.25481]]]]}},{"type":"Feature","properties":{"name":"\u05e1\u05d5\u05d1\u05d1 \u05db\u05e4\u05e8 \u05e8\u05e4\u05d0\u05dc","area":663524.38337854,"classification":"\u05d0\u05ea\u05e8 \u05dc\u05e4\u05d9\u05ea\u05d5\u05d7 \u05e2\u05d9\u05e8\u05d5\u05e0\u05d9","site_id":34},"geometry":{"type":"MultiPolygon","coordinates":[[[[34.75109,31.25578],[34.75138,31.25607],[34.75197,31.25756],[34.75231,31.25761],[34.75223,31.25784],[34.75195,31.258],[34.75148,31.25955],[34.74872,31.25945],[34.74859,31.26017],[34.74813,31.26024],[34.748,31.26047],[34.7474,31.26041],[34.74743,31.26049],[34.74752,31.26073],[34.74777,31.2614],[34.7491,31.262],[34.74954,31.26219],[34.74954,31.26219],[34.74962,31.26223],[34.74963,31.26222],[34.74993,31.26212],[34.74994,31.26211],[34.75044,31.26193],[34.75158,31.26147],[34.75178,31.26138],[34.75261,31.261],[34.75344,31.26071],[34.75452,31.26028],[34.75555,31.2597],[34.75643,31.2591],[34.75706,31.25854],[34.75783,31.25779],[34.75858,31.25691],[34.75851,31.25684],[34.75828,31.25657],[34.75747,31.25567],[34.7569,31.25499],[34.75683,31.25493],[34.75581,31.2553],[34.75535,31.25479],[34.75379,31.25578],[34.7536,31.2556],[34.75453,31.25261],[34.75413,31.25252],[34.7537,31.25241],[34.75239,31.25246],[34.75176,31.25248],[34.75142,31.25346],[34.75134,31.25368],[34.75135,31.25382],[34.75111,31.25446],[34.75133,31.25496],[34.75129,31.2551],[34.75109,31.25578]]]]}},{"type":"Feature","properties":{"name":"\u05e7\u05e0\u05d9\u05d5\u05df \u05e0\u05d7\u05dc \u05e2\u05e9\u05df","area":2237146.92642795,"classification":"\u05d0\u05ea\u05e8 \u05d8\u05d1\u05e2 \u05dc\u05e9\u05d9\u05de\u05d5\u05e8","site_id":47},"geometry":{"type":"MultiPolygon","coordinates":[[[[34.77598,31.3009],[34.77634,31.30067],[34.77654,31.30067],[34.77691,31.30068],[34.77725,31.30069],[34.7774,31.30078],[34.77741,31.30078],[34.7776,31.30073],[34.77762,31.30066],[34.77765,31.30056],[34.77768,31.30048],[34.77778,31.30037],[34.77813,31.30035],[34.7783,31.30038],[34.77869,31.30047],[34.77892,31.30057],[34.77903,31.30066],[34.77965,31.29996],[34.77994,31.29979],[34.77998,31.29977],[34.78001,31.29976],[34.78,31.29974],[34.78003,31.29964],[34.78014,31.29954],[34.78024,31.29943],[34.7803,31.29938],[34.78054,31.29925],[34.78054,31.29925],[34.78039,31.29912],[34.78039,31.29912],[34.78012,31.29888],[34.77986,31.29886],[34.77983,31.29886],[34.77977,31.29886],[34.77948,31.29887],[34.77948,31.29887],[34.77932,31.29888],[34.77912,31.29888],[34.779,31.29879],[34.77896,31.29876],[34.77887,31.29874],[34.77842,31.29863],[34.77838,31.29843],[34.77812,31.29802],[34.77797,31.29774],[34.77707,31.29776],[34.77704,31.29772],[34.77681,31.29772],[34.77659,31.29784],[34.77646,31.29785],[34.77636,31.29794],[34.77633,31.29816],[34.77622,31.29816],[34.77613,31.298],[34.77602,31.29803],[34.77585,31.29805],[34.77436,31.29907],[34.77331,31.29891],[34.77322,31.29848],[34.77335,31.29843],[34.77369,31.29825],[34.77408,31.29801],[34.7743,31.29778],[34.77431,31.29753],[34.77446,31.29737],[34.77461,31.29723],[34.77458,31.2971],[34.77447,31.29696],[34.77438,31.29694],[34.77434,31.29696],[34.77417,31.29706],[34.77378,31.29738],[34.77346,31.29763],[34.77316,31.29774],[34.77286,31.2977],[34.773,31.29756],[34.77309,31.29746],[34.77316,31.29738],[34.77313,31.29738],[34.77321,31.29735],[34.77321,31.29728],[34.77329,31.2972],[34.77323,31.2971],[34.77325,31.29706],[34.77332,31.29699],[34.77332,31.29685],[34.77329,31.29666],[34.77325,31.29653],[34.77322,31.29644],[34.77317,31.2964],[34.77313,31.29639],[34.77309,31.29638],[34.77318,31.29633],[34.77332,31.29612],[34.7733,31.29608],[34.77306,31.29598],[34.77248,31.29583],[34.77221,31.29588],[34.77189,31.29573],[34.77161,31.29557],[34.77157,31.29555],[34.77145,31.29534],[34.77146,31.29535],[34.77117,31.29441],[34.77114,31.29431],[34.77062,31.29412],[34.77024,31.29375],[34.7702,31.29371],[34.77019,31.29371],[34.76996,31.29348],[34.76963,31.29315],[34.76963,31.29315],[34.76948,31.29301],[34.76931,31.29217],[34.76937,31.29198],[34.76924,31.29191],[34.76923,31.2919],[34.76919,31.29188],[34.76925,31.2914],[34.76936,31.29052],[34.7695,31.28952],[34.76948,31.28951],[34.76942,31.28948],[34.76936,31.28945],[34.76934,31.28942],[34.76934,31.28942],[34.76931,31.2894],[34.76926,31.28933],[34.76925,31.28933],[34.76912,31.28915],[34.76905,31.28909],[34.76901,31.28905],[34.76878,31.28888],[34.76872,31.28886],[34.76859,31.2888],[34.76858,31.2888],[34.76857,31.28879],[34.76842,31.28873],[34.76828,31.28866],[34.76828,31.28866],[34.76827,31.28866],[34.76696,31.28855],[34.76557,31.2878],[34.76424,31.2878],[34.76189,31.28825],[34.76044,31.28809],[34.76069,31.28776],[34.76074,31.28768],[34.76074,31.28768],[34.76072,31.28768],[34.76052,31.28761],[34.76052,31.28761],[34.76043,31.28758],[34.7603,31.28751],[34.75991,31.2874],[34.75943,31.2874],[34.75941,31.28743],[34.75933,31.28735],[34.75929,31.28725],[34.75911,31.28734],[34.75922,31.28797],[34.75952,31.28882],[34.7591,31.28916],[34.75907,31.28916],[34.75905,31.28916],[34.75798,31.28856],[34.75798,31.28856],[34.7579,31.28851],[34.75772,31.28837],[34.75767,31.28836],[34.75723,31.28813],[34.75633,31.28839],[34.75562,31.28916],[34.7537,31.28846],[34.75249,31.28899],[34.75248,31.28915],[34.75247,31.28917],[34.75247,31.28917],[34.75247,31.28918],[34.75244,31.28945],[34.75244,31.28945],[34.75245,31.28945],[34.75245,31.28945],[34.75245,31.28945],[34.75246,31.28946],[34.75246,31.28946],[34.75258,31.28951],[34.75258,31.28951],[34.75267,31.28956],[34.75288,31.28966],[34.75305,31.28972],[34.75331,31.28978],[34.75334,31.28978],[34.75335,31.28979],[34.75355,31.28981],[34.75368,31.28982],[34.75374,31.28982],[34.75398,31.28987],[34.75413,31.28994],[34.75428,31.29006],[34.75431,31.29008],[34.7544,31.29015],[34.75443,31.29018],[34.75456,31.29028],[34.7547,31.29036],[34.75498,31.29051],[34.75521,31.29062],[34.7553,31.29066],[34.7554,31.2907],[34.7556,31.29078],[34.75577,31.29085],[34.75577,31.29085],[34.75595,31.29092],[34.75595,31.29092],[34.75596,31.29092],[34.75629,31.29103],[34.75632,31.29103],[34.75633,31.29103],[34.75649,31.29106],[34.75676,31.29112],[34.75682,31.29113],[34.75735,31.29102],[34.75766,31.29102],[34.75783,31.29102],[34.75794,31.29104],[34.75807,31.29107],[34.75842,31.29128],[34.75845,31.29156],[34.75844,31.29162],[34.75845,31.29163],[34.75848,31.29178],[34.75861,31.29275],[34.75807,31.29357],[34.75792,31.29366],[34.75753,31.29415],[34.75727,31.29487],[34.75725,31.29489],[34.75707,31.29505],[34.75708,31.29514],[34.75707,31.29516],[34.75706,31.29517],[34.75698,31.2953],[34.75698,31.29531],[34.75741,31.29502],[34.75741,31.29501],[34.75798,31.29463],[34.7581,31.2947],[34.75817,31.29478],[34.75832,31.29477],[34.75842,31.29471],[34.75842,31.29471],[34.75849,31.29471],[34.75868,31.29459],[34.75891,31.29451],[34.7598,31.29512],[34.7595,31.29527],[34.75944,31.29535],[34.75883,31.29581],[34.75928,31.29646],[34.76048,31.2971],[34.76057,31.29781],[34.76121,31.29874],[34.76197,31.29828],[34.76236,31.29756],[34.76252,31.29774],[34.76273,31.29827],[34.76283,31.29833],[34.76284,31.29832],[34.76436,31.29888],[34.76442,31.29884],[34.76464,31.29912],[34.76487,31.29935],[34.76513,31.29947],[34.76508,31.29914],[34.76482,31.29888],[34.76477,31.29861],[34.76493,31.29844],[34.76501,31.29844],[34.76496,31.29824],[34.76487,31.2981],[34.76484,31.29809],[34.76572,31.298],[34.76702,31.29841],[34.76703,31.29841],[34.76707,31.29841],[34.76761,31.29842],[34.76825,31.29882],[34.76825,31.29883],[34.76827,31.2988],[34.76847,31.29855],[34.76853,31.29843],[34.76852,31.29842],[34.76852,31.29842],[34.76872,31.29815],[34.76899,31.29746],[34.76948,31.29748],[34.76977,31.29891],[34.76977,31.2998],[34.76992,31.3001],[34.77062,31.29998],[34.77115,31.29998],[34.77155,31.30088],[34.77159,31.30092],[34.77165,31.30096],[34.77176,31.30101],[34.77176,31.30101],[34.77179,31.30101],[34.77182,31.30102],[34.77221,31.30103],[34.7723,31.30102],[34.77231,31.30102],[34.7725,31.30086],[34.7727,31.30088],[34.77299,31.30088],[34.77354,31.30087],[34.774,31.3009],[34.77409,31.3009],[34.77431,31.30095],[34.77452,31.30101],[34.77454,31.30101],[34.7746,31.30103],[34.77466,31.30104],[34.77481,31.30121],[34.77517,31.30122],[34.77524,31.30117],[34.77559,31.30108],[34.77598,31.3009]]]]}},{"type":"Feature","properties":{"name":"\u05e0\u05d7\u05dc \u05db\u05d5\u05d1\u05e9\u05d9\u05dd \u05e2\u05dc\u05d9\u05d5\u05df","area":172716.4805483,"classification":"\u05d0\u05ea\u05e8 \u05dc\u05e4\u05d9\u05ea\u05d5\u05d7 \u05e2\u05d9\u05e8\u05d5\u05e0\u05d9","site_id":4},"geometry":{"type":"MultiPolygon","coordinates":[[[[34.80245,31.27659],[34.80216,31.27651],[34.8019,31.27659],[34.80169,31.27657],[34.80129,31.27627],[34.80094,31.27588],[34.80068,31.27549],[34.80029,31.27507],[34.80014,31.27514],[34.8001,31.27515],[34.79998,31.27502],[34.79998,31.27502],[34.79983,31.27483],[34.79982,31.27482],[34.79995,31.27473],[34.79995,31.27465],[34.79982,31.27404],[34.79983,31.27404],[34.79985,31.27385],[34.80011,31.27381],[34.80029,31.27349],[34.80031,31.27335],[34.80029,31.27332],[34.80024,31.27323],[34.80036,31.27312],[34.79996,31.27313],[34.79906,31.27362],[34.79862,31.27425],[34.79838,31.27422],[34.79826,31.27391],[34.79785,31.27379],[34.79785,31.27379],[34.79771,31.27371],[34.79709,31.27465],[34.79676,31.27503],[34.79675,31.27517],[34.79677,31.27518],[34.79677,31.27521],[34.79701,31.27543],[34.7975,31.27566],[34.7984,31.27612],[34.8001,31.27692],[34.80103,31.2772],[34.80224,31.27737],[34.80239,31.27719],[34.80287,31.27743],[34.80383,31.27733],[34.80479,31.27708],[34.80571,31.27668],[34.80582,31.27649],[34.80456,31.27671],[34.80349,31.27699],[34.80325,31.27646],[34.80353,31.2756],[34.80354,31.27557],[34.8036,31.27533],[34.80315,31.2757],[34.80286,31.27611],[34.80269,31.27651],[34.80269,31.27651],[34.80245,31.27659]]]]}},{"type":"Feature","properties":{"name":"\u05e0\u05d7\u05dc \u05e2\u05d5\u05dc\u05d9\u05dd \u05ea\u05d7\u05ea\u05d5\u05df","area":1203126.87959874,"classification":"\u05d0\u05ea\u05e8 \u05d8\u05d1\u05e2 \u05dc\u05e9\u05d9\u05de\u05d5\u05e8","site_id":37},"geometry":{"type":"MultiPolygon","coordinates":[[[[34.74827,31.263],[34.749,31.26256],[34.74962,31.26225],[34.74961,31.26223],[34.74962,31.26223],[34.74954,31.26219],[34.74954,31.26219],[34.7491,31.262],[34.74777,31.2614],[34.74752,31.26073],[34.74743,31.26049],[34.7474,31.26041],[34.74668,31.25859],[34.74589,31.25894],[34.7454,31.2594],[34.74469,31.25997],[34.74402,31.26022],[34.74341,31.25912],[34.74336,31.25854],[34.74384,31.25808],[34.74463,31.2578],[34.74494,31.25706],[34.74471,31.25634],[34.74492,31.25576],[34.74465,31.25575],[34.74362,31.25594],[34.74271,31.25659],[34.7427,31.25661],[34.7427,31.25661],[34.74269,31.2566],[34.74239,31.25676],[34.74186,31.25685],[34.7418,31.25708],[34.74179,31.25714],[34.74184,31.25742],[34.74178,31.25756],[34.74176,31.25758],[34.7419,31.258],[34.74191,31.25801],[34.74102,31.25973],[34.741,31.25976],[34.74088,31.25984],[34.74087,31.25985],[34.74087,31.25984],[34.74094,31.25959],[34.74088,31.25946],[34.74065,31.25977],[34.7406,31.25976],[34.74059,31.25981],[34.73997,31.25988],[34.73967,31.25991],[34.73947,31.26028],[34.73884,31.26141],[34.73785,31.26231],[34.73756,31.26257],[34.73754,31.26259],[34.73732,31.26279],[34.73622,31.26277],[34.73623,31.26286],[34.73626,31.26317],[34.73627,31.26325],[34.73639,31.26435],[34.73641,31.26455],[34.73651,31.26532],[34.7366,31.26594],[34.73702,31.26771],[34.73722,31.26848],[34.73723,31.26853],[34.73736,31.26905],[34.73757,31.26981],[34.73763,31.27],[34.73768,31.27015],[34.73779,31.27056],[34.73787,31.27082],[34.73791,31.27089],[34.73796,31.27068],[34.73836,31.26991],[34.73855,31.2698],[34.73855,31.26979],[34.73863,31.26978],[34.73868,31.26968],[34.73916,31.2691],[34.73988,31.26838],[34.74011,31.26818],[34.74059,31.26776],[34.7407,31.26766],[34.74077,31.26762],[34.74135,31.26725],[34.74169,31.26703],[34.74258,31.26652],[34.74302,31.26618],[34.74302,31.26616],[34.7432,31.2661],[34.74336,31.266],[34.74387,31.26568],[34.74498,31.265],[34.74559,31.26462],[34.74639,31.26413],[34.74698,31.26377],[34.74715,31.26367],[34.74744,31.2635],[34.74809,31.26311],[34.74815,31.26303],[34.74827,31.263]]]]}},{"type":"Feature","properties":{"name":"\u05e7\u05e0\u05d9\u05d5\u05df \u05e0\u05d7\u05dc \u05e4\u05d8\u05d9\u05e9","area":1063351.76674774,"classification":"\u05d0\u05ea\u05e8 \u05d8\u05d1\u05e2 \u05dc\u05e9\u05d9\u05de\u05d5\u05e8","site_id":52},"geometry":{"type":"MultiPolygon","coordinates":[[[[34.75915,31.31511],[34.75946,31.31488],[34.76021,31.31461],[34.76039,31.31471],[34.76057,31.31471],[34.76103,31.31452],[34.76137,31.3145],[34.76153,31.31442],[34.76155,31.31441],[34.76169,31.31433],[34.76176,31.31435],[34.76177,31.31435],[34.76231,31.31446],[34.76253,31.31451],[34.7629,31.31459],[34.7629,31.31459],[34.76332,31.31379],[34.76399,31.31418],[34.76452,31.31465],[34.76552,31.31481],[34.76555,31.3148],[34.76572,31.31476],[34.76703,31.31441],[34.76636,31.31428],[34.766,31.31374],[34.76545,31.31319],[34.76468,31.31309],[34.76455,31.31298],[34.76406,31.31257],[34.76405,31.31256],[34.76395,31.3117],[34.76259,31.3117],[34.76253,31.31062],[34.76253,31.31061],[34.76253,31.31042],[34.76253,31.31021],[34.76248,31.31004],[34.76246,31.30993],[34.76243,31.30986],[34.76248,31.30983],[34.76252,31.30982],[34.76259,31.30972],[34.76264,31.30964],[34.76268,31.30948],[34.76281,31.30937],[34.76292,31.30931],[34.76323,31.30914],[34.76413,31.30865],[34.76716,31.30796],[34.76732,31.30788],[34.76768,31.30791],[34.76772,31.30793],[34.76813,31.30782],[34.76806,31.30774],[34.76825,31.30749],[34.76851,31.30734],[34.76858,31.30717],[34.76771,31.30695],[34.76737,31.30696],[34.76737,31.30695],[34.76736,31.30682],[34.76753,31.30651],[34.76775,31.30625],[34.76859,31.30597],[34.76896,31.30598],[34.76896,31.30597],[34.76897,31.30597],[34.76901,31.30597],[34.76904,31.30555],[34.76903,31.30545],[34.76899,31.30547],[34.76897,31.30547],[34.76897,31.30547],[34.76869,31.30552],[34.76868,31.30552],[34.76842,31.30549],[34.76838,31.30549],[34.76825,31.30549],[34.76821,31.30551],[34.76816,31.30554],[34.76788,31.30554],[34.7673,31.30515],[34.76731,31.30515],[34.76745,31.30506],[34.76746,31.30505],[34.76738,31.30499],[34.76738,31.30499],[34.76758,31.30413],[34.76647,31.30485],[34.76644,31.30487],[34.76582,31.30545],[34.76563,31.30563],[34.7645,31.30617],[34.76268,31.30537],[34.76271,31.30532],[34.76271,31.30525],[34.76271,31.30525],[34.76264,31.3052],[34.76279,31.30509],[34.7628,31.30509],[34.76281,31.30508],[34.76295,31.30504],[34.76321,31.3049],[34.76346,31.30478],[34.76374,31.30473],[34.76404,31.30465],[34.7641,31.30465],[34.7643,31.3043],[34.7643,31.30373],[34.76402,31.3037],[34.7638,31.30366],[34.76362,31.30363],[34.76339,31.30361],[34.76316,31.30358],[34.76299,31.30358],[34.76289,31.30356],[34.76285,31.30321],[34.76283,31.303],[34.76254,31.30291],[34.76254,31.30291],[34.76213,31.30279],[34.7619,31.30313],[34.76183,31.3033],[34.7618,31.30333],[34.76173,31.30344],[34.76171,31.30354],[34.76163,31.30367],[34.76163,31.30371],[34.76163,31.30372],[34.76162,31.30378],[34.76164,31.30388],[34.76171,31.30399],[34.76185,31.3041],[34.76197,31.30421],[34.762,31.30424],[34.76202,31.30425],[34.76203,31.30435],[34.76201,31.30442],[34.762,31.30442],[34.76193,31.30456],[34.76183,31.30469],[34.76172,31.30475],[34.76159,31.30476],[34.76138,31.30484],[34.76103,31.30512],[34.76073,31.30529],[34.76048,31.30538],[34.76023,31.30547],[34.76006,31.30554],[34.75989,31.30561],[34.75984,31.30571],[34.75982,31.30581],[34.75984,31.30605],[34.75977,31.30614],[34.7596,31.30628],[34.75942,31.30642],[34.75932,31.30646],[34.75906,31.30648],[34.75887,31.30649],[34.75878,31.30652],[34.75865,31.30659],[34.75854,31.30661],[34.75847,31.30665],[34.75835,31.30688],[34.75825,31.30719],[34.75822,31.3073],[34.7582,31.30744],[34.75821,31.30746],[34.75826,31.30773],[34.75824,31.30782],[34.75824,31.30783],[34.75823,31.30786],[34.75815,31.30799],[34.75805,31.30809],[34.75803,31.30811],[34.75802,31.30812],[34.75797,31.30818],[34.7579,31.30829],[34.75778,31.3084],[34.75765,31.30844],[34.75764,31.30844],[34.75759,31.30844],[34.75751,31.30843],[34.75743,31.30844],[34.75737,31.30845],[34.75729,31.30847],[34.7571,31.30851],[34.75689,31.3086],[34.75676,31.3086],[34.75646,31.30862],[34.75615,31.30863],[34.75605,31.30864],[34.756,31.30864],[34.75581,31.30863],[34.75572,31.30863],[34.7553,31.30861],[34.75497,31.3086],[34.75475,31.30859],[34.75485,31.3087],[34.75598,31.31],[34.75692,31.31084],[34.75704,31.31092],[34.75704,31.31094],[34.75757,31.31126],[34.7576,31.31128],[34.75805,31.31144],[34.7581,31.31145],[34.75809,31.31148],[34.75798,31.31194],[34.75775,31.31293],[34.75893,31.31337],[34.75908,31.31343],[34.75889,31.31363],[34.75882,31.31375],[34.75873,31.3139],[34.75854,31.31405],[34.75833,31.31418],[34.75823,31.31434],[34.75774,31.31465],[34.75769,31.31465],[34.75784,31.31477],[34.75791,31.31483],[34.75796,31.3149],[34.75835,31.31503],[34.75849,31.31502],[34.75875,31.31513],[34.75887,31.31516],[34.75915,31.31511]]]]}},{"type":"Feature","properties":{"name":"\u05e9\u05d3\u05d5\u05ea \u05d7\u05e6\u05e8\u05d9\u05dd","area":1061213.78014819,"classification":"\u05d0\u05ea\u05e8 \u05dc\u05e4\u05d9\u05ea\u05d5\u05d7 \u05e2\u05d9\u05e8\u05d5\u05e0\u05d9 \u05e2\u05dd \u05d4\u05e0\u05d7\u05d9\u05d5\u05ea \u05e1\u05d1\u05d9\u05d1\u05ea\u05d9\u05d5\u05ea","site_id":24},"geometry":{"type":"MultiPolygon","coordinates":[[[[34.73441,31.24116],[34.73431,31.24135],[34.73413,31.24172],[34.73411,31.24216],[34.7341,31.24234],[34.73408,31.24264],[34.73399,31.24421],[34.73404,31.24452],[34.73428,31.2461],[34.73433,31.24644],[34.73433,31.24644],[34.73436,31.24662],[34.73442,31.24704],[34.73495,31.24695],[34.73559,31.24669],[34.73601,31.24642],[34.73639,31.24576],[34.73665,31.24561],[34.73666,31.24562],[34.73668,31.2456],[34.73676,31.24556],[34.73683,31.24552],[34.73695,31.24547],[34.73705,31.24544],[34.7371,31.24543],[34.73716,31.24542],[34.73728,31.24541],[34.73757,31.24539],[34.73763,31.24537],[34.7377,31.24536],[34.73775,31.24534],[34.73775,31.24535],[34.73801,31.24528],[34.73832,31.2452],[34.73856,31.24514],[34.73864,31.24512],[34.73867,31.24511],[34.73886,31.24506],[34.73915,31.24499],[34.73933,31.24495],[34.73957,31.24486],[34.73973,31.2448],[34.7401,31.24469],[34.74031,31.24462],[34.74056,31.24454],[34.74071,31.24447],[34.74073,31.24445],[34.74077,31.24442],[34.74088,31.24434],[34.74097,31.24424],[34.7411,31.24415],[34.74115,31.24412],[34.74116,31.244],[34.74116,31.24396],[34.74116,31.24396],[34.74116,31.2438],[34.74116,31.24349],[34.74116,31.24338],[34.74117,31.24305],[34.74116,31.24302],[34.74102,31.2432],[34.74082,31.24332],[34.74054,31.24332],[34.74037,31.24328],[34.74023,31.24314],[34.74028,31.24301],[34.74031,31.24276],[34.7404,31.24268],[34.74053,31.2426],[34.74061,31.2426],[34.74074,31.24261],[34.74086,31.24263],[34.74098,31.24265],[34.74112,31.24269],[34.74112,31.24269],[34.74111,31.24237],[34.74111,31.24229],[34.7411,31.24201],[34.7411,31.24199],[34.7411,31.24198],[34.74111,31.24196],[34.74111,31.24188],[34.74109,31.24177],[34.74107,31.24177],[34.74105,31.24157],[34.74079,31.23917],[34.74083,31.23916],[34.74084,31.23916],[34.74083,31.23905],[34.74082,31.23897],[34.74075,31.23715],[34.74068,31.23646],[34.74064,31.2364],[34.74059,31.23619],[34.74052,31.23604],[34.74052,31.23602],[34.74052,31.23602],[34.74042,31.23579],[34.74034,31.2356],[34.74021,31.2354],[34.74021,31.23539],[34.74013,31.23523],[34.74003,31.23499],[34.73989,31.23463],[34.73975,31.23433],[34.73965,31.23406],[34.73955,31.23383],[34.73947,31.23361],[34.73943,31.23341],[34.73939,31.23316],[34.73937,31.23289],[34.73936,31.23258],[34.73932,31.2323],[34.73931,31.23215],[34.73932,31.2321],[34.73922,31.23205],[34.73877,31.23127],[34.73853,31.23117],[34.73852,31.23116],[34.73752,31.23114],[34.73732,31.2295],[34.73661,31.22924],[34.73537,31.22931],[34.73542,31.22961],[34.73615,31.23318],[34.73631,31.23399],[34.73632,31.23403],[34.73652,31.23504],[34.73717,31.23827],[34.73622,31.23908],[34.73557,31.23964],[34.73503,31.24024],[34.735,31.24026],[34.73486,31.24043],[34.73486,31.24043],[34.73469,31.24061],[34.73442,31.24115],[34.73441,31.24116]]]]}},{"type":"Feature","properties":{"name":"\u05d1\u05d9\u05ea \u05d7\u05d5\u05dc\u05d9\u05dd \u05d5\u05d8\u05e8\u05d9\u05e0\u05e8\u05d9","area":266001.70303217,"classification":"\u05d0\u05ea\u05e8 \u05dc\u05e4\u05d9\u05ea\u05d5\u05d7 \u05e2\u05d9\u05e8\u05d5\u05e0\u05d9","site_id":7},"geometry":{"type":"MultiPolygon","coordinates":[[[[34.8292,31.25651],[34.82922,31.25649],[34.829,31.25624],[34.82851,31.25606],[34.82804,31.25621],[34.82656,31.25731],[34.82657,31.25734],[34.82663,31.25747],[34.82788,31.25845],[34.82937,31.25929],[34.82974,31.25947],[34.82975,31.25949],[34.82983,31.25954],[34.83084,31.26012],[34.83152,31.26054],[34.83208,31.26095],[34.83224,31.26105],[34.83234,31.26107],[34.83245,31.26104],[34.83252,31.26098],[34.83336,31.25973],[34.83336,31.25901],[34.83335,31.25778],[34.83335,31.25705],[34.82958,31.25702],[34.82944,31.25702],[34.82944,31.25702],[34.82926,31.25703],[34.8292,31.25651],[34.8292,31.25651]]]]}},{"type":"Feature","properties":{"name":"\u05e0\u05d7\u05dc \u05e2\u05e9\u05df \u05de\u05e2\u05e8\u05d1","area":1642560.68769076,"classification":"\u05d0\u05ea\u05e8 \u05d8\u05d1\u05e2 \u05dc\u05e9\u05d9\u05de\u05d5\u05e8","site_id":49},"geometry":{"type":"MultiPolygon","coordinates":[[[[34.75952,31.28882],[34.75922,31.28797],[34.75911,31.28734],[34.75929,31.28725],[34.75916,31.28692],[34.75911,31.28681],[34.75911,31.2868],[34.75905,31.28668],[34.75881,31.28625],[34.75842,31.28606],[34.75845,31.28599],[34.75883,31.2851],[34.75922,31.28425],[34.75931,31.28363],[34.75934,31.28359],[34.75934,31.28358],[34.75939,31.28328],[34.75942,31.2831],[34.75942,31.2831],[34.75945,31.28287],[34.75941,31.28286],[34.75923,31.28299],[34.75805,31.28158],[34.75557,31.28115],[34.75398,31.28099],[34.75228,31.28104],[34.75177,31.28098],[34.74704,31.28044],[34.74628,31.28112],[34.74611,31.28127],[34.7459,31.28146],[34.7459,31.28147],[34.74598,31.28151],[34.74584,31.2817],[34.74576,31.28187],[34.7456,31.28208],[34.74586,31.28224],[34.74591,31.28249],[34.74555,31.28282],[34.74545,31.28309],[34.74543,31.28329],[34.74437,31.28409],[34.7443,31.28414],[34.74357,31.28437],[34.74249,31.28471],[34.74242,31.28481],[34.74228,31.28501],[34.74222,31.2851],[34.74217,31.28517],[34.74209,31.28528],[34.74191,31.28555],[34.74227,31.28687],[34.74293,31.28935],[34.74294,31.28939],[34.74306,31.28929],[34.74308,31.28929],[34.74378,31.28946],[34.74473,31.28973],[34.74473,31.28973],[34.74475,31.28971],[34.74477,31.28969],[34.74576,31.28849],[34.74585,31.2883],[34.74611,31.28799],[34.74637,31.28764],[34.74655,31.28748],[34.74655,31.28747],[34.74687,31.28674],[34.74694,31.28671],[34.74793,31.28634],[34.74873,31.287],[34.74988,31.28737],[34.7507,31.2877],[34.75075,31.28775],[34.75076,31.28775],[34.75079,31.28778],[34.75083,31.28781],[34.7511,31.28806],[34.75137,31.28832],[34.75151,31.28846],[34.75165,31.2886],[34.7519,31.28888],[34.75201,31.28899],[34.75211,31.28911],[34.75213,31.28913],[34.75218,31.28919],[34.75226,31.28928],[34.75231,31.28933],[34.75243,31.28943],[34.75243,31.28943],[34.75244,31.28945],[34.75244,31.28945],[34.75247,31.28918],[34.75249,31.28899],[34.7537,31.28846],[34.75562,31.28916],[34.75633,31.28839],[34.75723,31.28813],[34.75767,31.28836],[34.75772,31.28837],[34.7579,31.28851],[34.75798,31.28856],[34.75798,31.28856],[34.75905,31.28916],[34.75907,31.28916],[34.7591,31.28916],[34.75952,31.28882]]]]}},{"type":"Feature","properties":{"name":"\u05de\u05d5\u05e8\u05d3\u05d5\u05ea \u05e0\u05d7\u05dc\u05d9 \u05e2\u05e9\u05df \u05d5\u05db\u05d5\u05d1\u05e9\u05d9\u05dd","area":1565364.66028519,"classification":"\u05d0\u05ea\u05e8 \u05d8\u05d1\u05e2 \u05dc\u05e9\u05d9\u05de\u05d5\u05e8","site_id":43},"geometry":{"type":"MultiPolygon","coordinates":[[[[34.75539,31.27744],[34.75523,31.27759],[34.75427,31.27792],[34.7533,31.27797],[34.75203,31.27742],[34.75191,31.27687],[34.7523,31.27663],[34.75232,31.2766],[34.75234,31.27657],[34.75239,31.27651],[34.7524,31.27649],[34.75247,31.27645],[34.75251,31.27643],[34.75254,31.27642],[34.75264,31.27642],[34.75264,31.27642],[34.75268,31.27642],[34.75277,31.27635],[34.75279,31.27633],[34.75158,31.27573],[34.75057,31.27484],[34.75016,31.27422],[34.75013,31.27418],[34.74916,31.27272],[34.74913,31.27272],[34.7489,31.27352],[34.7489,31.27352],[34.74888,31.27351],[34.7488,31.27377],[34.74863,31.27406],[34.7483,31.27456],[34.74764,31.27505],[34.74684,31.27539],[34.74646,31.27529],[34.74614,31.27543],[34.74605,31.27536],[34.746,31.27539],[34.74599,31.27534],[34.74473,31.27461],[34.74394,31.27584],[34.74359,31.27543],[34.74358,31.27546],[34.74338,31.27587],[34.74319,31.27641],[34.74318,31.27642],[34.74298,31.27667],[34.74289,31.27674],[34.74277,31.27678],[34.74276,31.27678],[34.74271,31.27677],[34.74257,31.27676],[34.74244,31.27668],[34.74182,31.27702],[34.74161,31.27724],[34.74161,31.27724],[34.74146,31.27744],[34.74134,31.27751],[34.74124,31.2777],[34.74094,31.27796],[34.74069,31.27807],[34.74051,31.27805],[34.74037,31.27807],[34.74032,31.27813],[34.74028,31.27817],[34.74026,31.2784],[34.74024,31.27848],[34.74024,31.27851],[34.74021,31.2787],[34.74011,31.27875],[34.74032,31.27954],[34.74061,31.28064],[34.74067,31.28087],[34.74095,31.2819],[34.74121,31.28289],[34.74122,31.28294],[34.74191,31.28555],[34.74209,31.28528],[34.74217,31.28517],[34.74222,31.2851],[34.74225,31.28506],[34.74228,31.28501],[34.74249,31.28471],[34.74357,31.28437],[34.7443,31.28414],[34.74437,31.28409],[34.74543,31.28329],[34.74545,31.28309],[34.74555,31.28282],[34.74591,31.28249],[34.74586,31.28224],[34.7456,31.28208],[34.74576,31.28187],[34.74584,31.2817],[34.74598,31.28151],[34.7459,31.28147],[34.7459,31.28146],[34.74611,31.28127],[34.74628,31.28112],[34.74704,31.28044],[34.75177,31.28098],[34.75228,31.28104],[34.75398,31.28099],[34.75557,31.28115],[34.75805,31.28158],[34.75923,31.28299],[34.75941,31.28286],[34.7594,31.28286],[34.75947,31.28215],[34.75947,31.28215],[34.75947,31.28214],[34.75956,31.28205],[34.75956,31.28201],[34.75956,31.28198],[34.75959,31.28103],[34.75966,31.28027],[34.75972,31.28009],[34.75972,31.28009],[34.75972,31.28008],[34.75986,31.27967],[34.75993,31.27952],[34.76005,31.2793],[34.76006,31.27928],[34.76037,31.27879],[34.76043,31.2787],[34.76047,31.27864],[34.76058,31.27847],[34.76086,31.27801],[34.76094,31.27788],[34.76094,31.27788],[34.76115,31.27756],[34.76116,31.27752],[34.76131,31.27743],[34.76136,31.27738],[34.76136,31.27738],[34.76078,31.27734],[34.76042,31.27747],[34.75989,31.27767],[34.75964,31.27778],[34.75938,31.27786],[34.75927,31.27798],[34.7592,31.27809],[34.75906,31.27813],[34.75901,31.27815],[34.75874,31.27824],[34.75815,31.27795],[34.75794,31.27786],[34.75791,31.27786],[34.75693,31.27791],[34.75662,31.2779],[34.75646,31.2779],[34.75609,31.27781],[34.75594,31.27778],[34.75585,31.27777],[34.75583,31.27776],[34.75571,31.27774],[34.75568,31.27771],[34.75555,31.2776],[34.75545,31.27749],[34.75539,31.27744]]]]}},{"type":"Feature","properties":{"name":"\u05e4\u05d0\u05e8\u05e7 \u05e0\u05d7\u05dc \u05d1\u05d0\u05e8 \u05e9\u05d1\u05e2","area":2588423.58003118,"classification":"\u05d0\u05ea\u05e8 \u05dc\u05e4\u05d9\u05ea\u05d5\u05d7 \u05e2\u05d9\u05e8\u05d5\u05e0\u05d9 \u05e2\u05dd \u05d4\u05e0\u05d7\u05d9\u05d5\u05ea \u05e1\u05d1\u05d9\u05d1\u05ea\u05d9\u05d5\u05ea","site_id":11},"geometry":{"type":"MultiPolygon","coordinates":[[[[34.80194,31.23305],[34.80335,31.23364],[34.80336,31.23366],[34.80345,31.23369],[34.80358,31.23381],[34.80365,31.23389],[34.80433,31.23457],[34.80533,31.23655],[34.80693,31.2384],[34.8088,31.23922],[34.81092,31.23922],[34.81431,31.23877],[34.81886,31.23833],[34.8213,31.23847],[34.82481,31.23963],[34.82844,31.24109],[34.8307,31.24186],[34.83131,31.24075],[34.832,31.23965],[34.8322,31.23854],[34.83234,31.2372],[34.83221,31.23612],[34.83158,31.23432],[34.83058,31.2323],[34.8148,31.2356],[34.8133,31.23214],[34.81165,31.23261],[34.80977,31.2307],[34.80933,31.22973],[34.80891,31.22965],[34.80782,31.22984],[34.80635,31.23022],[34.80464,31.23061],[34.80313,31.23055],[34.80289,31.23064],[34.80202,31.23285],[34.80194,31.23305]]]]}},{"type":"Feature","properties":{"name":"\u05e0\u05d7\u05dc \u05d1\u05e7\u05e2 \u05e2\u05dc\u05d9\u05d5\u05df","area":1875730.76846218,"classification":"\u05d0\u05ea\u05e8 \u05d8\u05d1\u05e2 \u05dc\u05e9\u05d9\u05de\u05d5\u05e8","site_id":14},"geometry":{"type":"MultiPolygon","coordinates":[[[[34.8081,31.22293],[34.80813,31.22282],[34.80815,31.22278],[34.80831,31.22216],[34.80829,31.22081],[34.80804,31.22083],[34.80805,31.22067],[34.80805,31.22059],[34.80808,31.22059],[34.8089,31.22051],[34.80917,31.22048],[34.80912,31.22006],[34.80976,31.21983],[34.81067,31.21939],[34.81138,31.21931],[34.81233,31.21941],[34.81233,31.21941],[34.81242,31.21942],[34.81244,31.21912],[34.81245,31.21888],[34.81246,31.21885],[34.81245,31.21885],[34.81246,31.21881],[34.81247,31.21866],[34.81248,31.21863],[34.81133,31.2186],[34.81024,31.21879],[34.81024,31.2188],[34.81023,31.2188],[34.80914,31.21912],[34.80836,31.2195],[34.80685,31.21936],[34.80674,31.21917],[34.80663,31.21898],[34.80655,31.21658],[34.80694,31.2139],[34.80728,31.21197],[34.81452,31.21177],[34.81453,31.20993],[34.80484,31.20841],[34.80454,31.20906],[34.80446,31.20908],[34.80433,31.20962],[34.80394,31.20954],[34.80235,31.20917],[34.80225,31.20918],[34.80221,31.21005],[34.80241,31.21206],[34.80274,31.21317],[34.80361,31.21421],[34.8046,31.21557],[34.8051,31.21686],[34.80534,31.2184],[34.80491,31.22023],[34.80528,31.22027],[34.80503,31.22067],[34.80441,31.22381],[34.80359,31.22375],[34.80334,31.22474],[34.80333,31.22482],[34.80296,31.2252],[34.80245,31.22526],[34.8021,31.22545],[34.80056,31.22517],[34.80016,31.22615],[34.79951,31.2263],[34.79912,31.22639],[34.79903,31.22655],[34.79871,31.22661],[34.7984,31.22657],[34.79784,31.22649],[34.79773,31.22724],[34.79772,31.22732],[34.79772,31.22737],[34.7977,31.22817],[34.79789,31.22866],[34.79793,31.2287],[34.79815,31.22892],[34.79815,31.22891],[34.79848,31.22909],[34.79855,31.22913],[34.79722,31.23085],[34.79791,31.23122],[34.79791,31.23219],[34.79809,31.23308],[34.79626,31.23383],[34.79556,31.23406],[34.79467,31.23471],[34.79412,31.23543],[34.79334,31.23667],[34.79383,31.23659],[34.79386,31.23695],[34.79461,31.23695],[34.79529,31.23591],[34.79611,31.23518],[34.79801,31.23397],[34.79979,31.23363],[34.80115,31.23371],[34.80149,31.23315],[34.80209,31.23157],[34.80261,31.22999],[34.80291,31.22899],[34.80325,31.22924],[34.80312,31.23025],[34.80434,31.23029],[34.80481,31.22743],[34.80522,31.22695],[34.80553,31.22612],[34.80752,31.22511],[34.80786,31.22406],[34.80798,31.22352],[34.808,31.22343],[34.8081,31.22293]]],[[[34.80222,31.20877],[34.80222,31.20877],[34.80222,31.20877],[34.80222,31.20877]]]]}},{"type":"Feature","properties":{"name":"\u05de\u05d5\u05e8\u05d3 \u05e0\u05d7\u05dc \u05d1\u05d0\u05e8 \u05e9\u05d1\u05e2","area":1453071.21248847,"classification":"\u05d0\u05ea\u05e8 \u05dc\u05e4\u05d9\u05ea\u05d5\u05d7 \u05e2\u05d9\u05e8\u05d5\u05e0\u05d9 \u05e2\u05dd \u05d4\u05e0\u05d7\u05d9\u05d5\u05ea \u05e1\u05d1\u05d9\u05d1\u05ea\u05d9\u05d5\u05ea","site_id":21},"geometry":{"type":"MultiPolygon","coordinates":[[[[34.7431,31.23069],[34.74358,31.23069],[34.74385,31.23074],[34.74438,31.23029],[34.74603,31.22949],[34.74781,31.22853],[34.74847,31.22816],[34.74894,31.22795],[34.74954,31.2275],[34.7499,31.22751],[34.75031,31.22723],[34.75036,31.22728],[34.75037,31.22728],[34.75134,31.22666],[34.75291,31.2258],[34.75531,31.22415],[34.75532,31.22413],[34.75541,31.22398],[34.75544,31.22396],[34.75545,31.22396],[34.75545,31.22395],[34.75548,31.22392],[34.75556,31.22381],[34.7556,31.22368],[34.75567,31.22349],[34.75569,31.22343],[34.75576,31.22327],[34.75577,31.22325],[34.75599,31.22284],[34.75599,31.22283],[34.75604,31.22272],[34.7561,31.22257],[34.75614,31.22246],[34.75616,31.22232],[34.75618,31.22209],[34.75619,31.22207],[34.75642,31.22141],[34.75644,31.22136],[34.75731,31.21993],[34.75801,31.21922],[34.7581,31.21912],[34.75868,31.21887],[34.76028,31.21911],[34.76074,31.21923],[34.76161,31.21944],[34.76246,31.21981],[34.76291,31.21992],[34.76292,31.21991],[34.76308,31.21989],[34.76316,31.21988],[34.76318,31.21989],[34.76357,31.22],[34.76359,31.22001],[34.7639,31.22015],[34.76405,31.22027],[34.76422,31.22036],[34.76436,31.22046],[34.76476,31.22116],[34.76483,31.22127],[34.76484,31.22129],[34.76509,31.22173],[34.76557,31.22235],[34.76531,31.22267],[34.76571,31.22278],[34.76582,31.22334],[34.76558,31.22356],[34.76698,31.22462],[34.76698,31.22462],[34.76702,31.22464],[34.76742,31.22472],[34.76852,31.22584],[34.76963,31.22688],[34.77124,31.22804],[34.77221,31.22883],[34.77272,31.22956],[34.77365,31.23086],[34.77403,31.23228],[34.77446,31.23424],[34.77659,31.23442],[34.77669,31.23351],[34.77663,31.23171],[34.77577,31.23061],[34.77553,31.23028],[34.77508,31.22974],[34.77476,31.22932],[34.77429,31.22879],[34.7739,31.22785],[34.7736,31.22731],[34.77283,31.22789],[34.77213,31.22737],[34.77166,31.22697],[34.77161,31.22693],[34.77025,31.2258],[34.76941,31.22524],[34.76924,31.22512],[34.76835,31.22462],[34.76789,31.22396],[34.76789,31.22395],[34.76785,31.22397],[34.7672,31.223],[34.76681,31.2225],[34.76676,31.22244],[34.76627,31.22174],[34.76604,31.22128],[34.76596,31.22112],[34.76591,31.22107],[34.76527,31.22041],[34.76501,31.22006],[34.76454,31.21973],[34.76427,31.21959],[34.76379,31.21936],[34.7628,31.21915],[34.76207,31.21892],[34.76126,31.21876],[34.76054,31.21865],[34.75965,31.21867],[34.7592,31.21866],[34.75867,31.21863],[34.75859,31.21849],[34.75826,31.21861],[34.7582,31.21864],[34.75819,31.21867],[34.7582,31.21871],[34.75815,31.21872],[34.75809,31.21874],[34.75796,31.2188],[34.75789,31.21886],[34.75779,31.21893],[34.75778,31.21894],[34.75759,31.2191],[34.75726,31.21942],[34.75687,31.2198],[34.75647,31.22029],[34.75631,31.22047],[34.75618,31.22065],[34.75616,31.22067],[34.75616,31.22068],[34.7561,31.22075],[34.75609,31.22076],[34.75607,31.22079],[34.75589,31.22106],[34.75584,31.22113],[34.75576,31.22125],[34.75572,31.22131],[34.75556,31.22161],[34.75543,31.22186],[34.75534,31.22204],[34.75511,31.22247],[34.7551,31.22249],[34.7544,31.22388],[34.75296,31.22494],[34.75042,31.22632],[34.74674,31.22842],[34.7443,31.22959],[34.74256,31.22995],[34.74141,31.22956],[34.74018,31.22922],[34.73891,31.22858],[34.73811,31.22802],[34.73778,31.22765],[34.73741,31.22723],[34.7368,31.22623],[34.73641,31.22533],[34.7357,31.22458],[34.73554,31.22462],[34.73513,31.22471],[34.73512,31.22471],[34.73495,31.22475],[34.73497,31.22566],[34.73501,31.22752],[34.73501,31.22753],[34.73501,31.22753],[34.73506,31.22779],[34.73509,31.22797],[34.73513,31.22812],[34.73537,31.22931],[34.73661,31.22924],[34.73732,31.2295],[34.73752,31.23114],[34.73852,31.23116],[34.73853,31.23117],[34.73877,31.23127],[34.73922,31.23205],[34.73932,31.2321],[34.73938,31.23189],[34.73946,31.23154],[34.73954,31.23124],[34.7396,31.23104],[34.7396,31.23089],[34.73952,31.23071],[34.73947,31.23056],[34.73948,31.23056],[34.73948,31.23056],[34.73994,31.23047],[34.73994,31.23043],[34.73987,31.23013],[34.74008,31.22998],[34.74055,31.23018],[34.7409,31.23012],[34.74174,31.23039],[34.74188,31.23035],[34.74263,31.23061],[34.7428,31.23064],[34.7431,31.23069]]]]}},{"type":"Feature","properties":{"name":"\u05d4\u05e7\u05e0\u05d9\u05d5\u05df \u05d4\u05e7\u05d1\u05d5\u05e8","area":65934.34330293,"classification":"\u05d0\u05ea\u05e8 \u05dc\u05e4\u05d9\u05ea\u05d5\u05d7 \u05e2\u05d9\u05e8\u05d5\u05e0\u05d9 \u05e2\u05dd \u05d4\u05e0\u05d7\u05d9\u05d5\u05ea \u05e1\u05d1\u05d9\u05d1\u05ea\u05d9\u05d5\u05ea","site_id":32},"geometry":{"type":"MultiPolygon","coordinates":[[[[34.78794,31.2602],[34.78812,31.26062],[34.78824,31.26095],[34.78853,31.2614],[34.78882,31.26185],[34.78905,31.26231],[34.78927,31.2624],[34.78952,31.26236],[34.78968,31.26229],[34.78986,31.26208],[34.79026,31.26121],[34.79059,31.26052],[34.79057,31.26028],[34.79039,31.26013],[34.78989,31.25991],[34.78929,31.25971],[34.78875,31.25973],[34.78839,31.25987],[34.78818,31.26002],[34.78794,31.2602]]]]}},{"type":"Feature","properties":{"name":"\u05d7\u05d5\u05e8\u05e9\u05ea \u05dc\u05d5\u05df","area":429117.1329173,"classification":"\u05d0\u05ea\u05e8 \u05dc\u05e4\u05d9\u05ea\u05d5\u05d7 \u05e2\u05d9\u05e8\u05d5\u05e0\u05d9","site_id":29},"geometry":{"type":"MultiPolygon","coordinates":[[[[34.75839,31.25222],[34.7589,31.25223],[34.75911,31.25245],[34.75916,31.25272],[34.75964,31.2532],[34.75974,31.25386],[34.76026,31.25344],[34.75997,31.25307],[34.75981,31.25267],[34.75982,31.25267],[34.76032,31.25226],[34.75969,31.25196],[34.75906,31.25161],[34.75904,31.25122],[34.75863,31.25097],[34.75903,31.25055],[34.75983,31.25023],[34.76108,31.24973],[34.76181,31.24962],[34.76268,31.24973],[34.76326,31.24997],[34.76388,31.25033],[34.76409,31.2505],[34.76381,31.25078],[34.76389,31.2509],[34.76374,31.25116],[34.76371,31.25144],[34.76394,31.25141],[34.76406,31.25136],[34.76423,31.25091],[34.76473,31.2508],[34.76507,31.25107],[34.76539,31.25107],[34.76562,31.25146],[34.76586,31.25167],[34.76611,31.25141],[34.76627,31.25108],[34.76639,31.25076],[34.76646,31.25045],[34.76644,31.25015],[34.76638,31.25001],[34.76577,31.25008],[34.76534,31.25014],[34.76476,31.25007],[34.76449,31.24983],[34.76425,31.24967],[34.76409,31.24943],[34.76401,31.24918],[34.76401,31.24882],[34.76419,31.24863],[34.76429,31.24841],[34.76461,31.24816],[34.76488,31.24805],[34.76529,31.24797],[34.76557,31.24797],[34.76592,31.24786],[34.76603,31.24785],[34.76587,31.24672],[34.76487,31.2468],[34.76456,31.24669],[34.76397,31.24665],[34.76377,31.24669],[34.7637,31.24692],[34.7634,31.24692],[34.76301,31.24712],[34.76261,31.24712],[34.76249,31.24621],[34.76234,31.24611],[34.76215,31.24639],[34.76179,31.24702],[34.76178,31.24714],[34.76159,31.24735],[34.76125,31.24789],[34.7611,31.24823],[34.76072,31.24823],[34.7599,31.24844],[34.75911,31.24883],[34.75839,31.24895],[34.75782,31.24907],[34.7575,31.24911],[34.75725,31.24944],[34.7571,31.24957],[34.75643,31.24935],[34.75603,31.24917],[34.75588,31.24925],[34.75573,31.2501],[34.75569,31.25094],[34.75577,31.25217],[34.75597,31.2527],[34.75635,31.25374],[34.75679,31.25431],[34.75711,31.25443],[34.75738,31.25445],[34.75739,31.25431],[34.75734,31.25392],[34.7573,31.25339],[34.75696,31.25326],[34.75668,31.25298],[34.75642,31.25266],[34.7564,31.2525],[34.75727,31.25193],[34.75777,31.25229],[34.75839,31.25222]]]]}},{"type":"Feature","properties":{"name":"\u05e0\u05d7\u05dc \u05d4\u05d9\u05d0\u05e1","area":0.0,"classification":"\u05d0\u05ea\u05e8 \u05dc\u05e4\u05d9\u05ea\u05d5\u05d7 \u05e2\u05d9\u05e8\u05d5\u05e0\u05d9","site_id":25},"geometry":{"type":"MultiPolygon","coordinates":[[[[34.80107,31.24712],[34.80119,31.24692],[34.80129,31.24675],[34.80138,31.24651],[34.80151,31.24633],[34.80167,31.24605],[34.8018,31.24578],[34.80193,31.24566],[34.80207,31.24546],[34.80221,31.24527],[34.80222,31.2451],[34.80229,31.24498],[34.80229,31.24482],[34.80243,31.24473],[34.80259,31.24463],[34.80255,31.24448],[34.80254,31.24436],[34.80252,31.2442],[34.80255,31.2441],[34.80239,31.24415],[34.80225,31.24422],[34.80221,31.24454],[34.80211,31.24464],[34.80187,31.24467],[34.80187,31.2448],[34.80187,31.24497],[34.8017,31.24524],[34.80141,31.2457],[34.80127,31.24577],[34.80115,31.24591],[34.80108,31.24601],[34.80107,31.24634],[34.80084,31.24703],[34.80107,31.24712]]]]}},{"type":"Feature","properties":{"name":"\u05d9\u05d5\u05d1\u05dc\u05d9 \u05e0\u05d7\u05dc \u05e2\u05e9\u05df","area":2627006.96119792,"classification":"\u05d0\u05ea\u05e8 \u05d8\u05d1\u05e2 \u05dc\u05e9\u05d9\u05de\u05d5\u05e8","site_id":46},"geometry":{"type":"MultiPolygon","coordinates":[[[[34.7896,31.29828],[34.7899,31.29624],[34.78994,31.29577],[34.78992,31.29575],[34.79011,31.29443],[34.79011,31.2944],[34.79053,31.29143],[34.79071,31.28971],[34.79091,31.28792],[34.79092,31.28787],[34.79105,31.28698],[34.79106,31.28698],[34.79123,31.28568],[34.79126,31.28553],[34.79128,31.28535],[34.79131,31.28506],[34.79136,31.28459],[34.79136,31.28457],[34.79142,31.28405],[34.79158,31.28289],[34.79172,31.28203],[34.79176,31.28182],[34.79176,31.28181],[34.79163,31.2818],[34.79136,31.2818],[34.79112,31.28196],[34.7909,31.28213],[34.79072,31.28242],[34.79059,31.28271],[34.79054,31.28295],[34.79041,31.28326],[34.79047,31.28338],[34.7902,31.28349],[34.79002,31.28432],[34.78979,31.28452],[34.78968,31.28462],[34.78963,31.28467],[34.78941,31.28491],[34.78932,31.285],[34.78905,31.28527],[34.78877,31.28537],[34.78843,31.28551],[34.78836,31.28553],[34.78757,31.28578],[34.78755,31.28579],[34.78717,31.28591],[34.78705,31.28594],[34.78681,31.28605],[34.78678,31.28607],[34.78644,31.28626],[34.78641,31.28628],[34.78574,31.28669],[34.78521,31.28699],[34.78441,31.2873],[34.78372,31.28755],[34.78365,31.28757],[34.78309,31.28772],[34.78303,31.28774],[34.78256,31.28781],[34.78255,31.28781],[34.7825,31.28781],[34.78249,31.28781],[34.78186,31.28789],[34.78129,31.28792],[34.78118,31.28793],[34.78065,31.28791],[34.78065,31.28791],[34.78005,31.2879],[34.78001,31.28792],[34.77982,31.28803],[34.77976,31.28807],[34.77902,31.28842],[34.7787,31.28857],[34.77838,31.28872],[34.77824,31.28903],[34.77814,31.28928],[34.7779,31.28959],[34.77768,31.28991],[34.7774,31.29014],[34.77739,31.29015],[34.77717,31.2905],[34.77637,31.29169],[34.77618,31.29196],[34.77593,31.29231],[34.77573,31.29258],[34.77562,31.29274],[34.77493,31.29363],[34.77492,31.29363],[34.77491,31.29363],[34.77487,31.29364],[34.7733,31.29386],[34.77329,31.29386],[34.77329,31.29385],[34.77234,31.29346],[34.77233,31.29345],[34.77227,31.29343],[34.77225,31.29342],[34.77224,31.29341],[34.77209,31.29347],[34.77202,31.29346],[34.77154,31.29325],[34.77117,31.29313],[34.77098,31.29308],[34.77096,31.29306],[34.77068,31.29302],[34.77031,31.29303],[34.76992,31.2931],[34.76991,31.29309],[34.76991,31.29307],[34.76981,31.29309],[34.76966,31.29313],[34.76963,31.29315],[34.76963,31.29315],[34.76963,31.29315],[34.76996,31.29348],[34.77019,31.29371],[34.7702,31.29371],[34.77024,31.29375],[34.77062,31.29412],[34.77114,31.29431],[34.77117,31.29441],[34.77146,31.29535],[34.77145,31.29534],[34.77157,31.29555],[34.77161,31.29557],[34.77189,31.29573],[34.77221,31.29588],[34.77248,31.29583],[34.77306,31.29598],[34.7733,31.29608],[34.77332,31.29612],[34.77318,31.29633],[34.77309,31.29638],[34.77313,31.29639],[34.77317,31.2964],[34.77322,31.29644],[34.77325,31.29653],[34.77329,31.29666],[34.77332,31.29685],[34.77332,31.29699],[34.77325,31.29706],[34.77323,31.2971],[34.77329,31.2972],[34.77321,31.29728],[34.77321,31.29735],[34.77313,31.29738],[34.77316,31.29738],[34.77309,31.29746],[34.773,31.29756],[34.77286,31.2977],[34.77316,31.29774],[34.77346,31.29763],[34.77378,31.29738],[34.77417,31.29706],[34.77434,31.29696],[34.77438,31.29694],[34.77447,31.29696],[34.77458,31.2971],[34.77461,31.29723],[34.77446,31.29737],[34.77431,31.29753],[34.7743,31.29778],[34.77408,31.29801],[34.77369,31.29825],[34.77335,31.29843],[34.77322,31.29848],[34.77331,31.29891],[34.77436,31.29907],[34.77585,31.29805],[34.77602,31.29803],[34.77613,31.298],[34.77622,31.29816],[34.77633,31.29816],[34.77636,31.29794],[34.77646,31.29785],[34.77659,31.29784],[34.77681,31.29772],[34.77704,31.29772],[34.77707,31.29776],[34.77797,31.29774],[34.77812,31.29802],[34.77838,31.29843],[34.77842,31.29863],[34.77887,31.29874],[34.77896,31.29876],[34.779,31.29879],[34.77912,31.29888],[34.77932,31.29888],[34.77948,31.29887],[34.77948,31.29887],[34.77977,31.29886],[34.77983,31.29886],[34.77986,31.29886],[34.78012,31.29888],[34.78039,31.29912],[34.78039,31.29912],[34.78054,31.29925],[34.78054,31.29925],[34.78055,31.29916],[34.78055,31.29916],[34.78059,31.29893],[34.7806,31.29893],[34.78064,31.29876],[34.78072,31.29859],[34.78084,31.29842],[34.78085,31.29841],[34.78098,31.29824],[34.78115,31.29803],[34.78136,31.29785],[34.78143,31.29782],[34.78178,31.29785],[34.78217,31.29785],[34.78263,31.29784],[34.78307,31.29783],[34.78341,31.29784],[34.78362,31.29786],[34.78373,31.29789],[34.78389,31.29795],[34.78408,31.29803],[34.78417,31.29806],[34.78438,31.29812],[34.7847,31.29819],[34.78501,31.29826],[34.78501,31.29826],[34.78507,31.29828],[34.78627,31.29854],[34.78651,31.29858],[34.78676,31.29869],[34.78677,31.2987],[34.78689,31.29874],[34.78697,31.29878],[34.78703,31.29881],[34.78722,31.29891],[34.78723,31.29892],[34.78744,31.29902],[34.78767,31.2991],[34.7877,31.29911],[34.78778,31.29915],[34.78779,31.29915],[34.78788,31.29919],[34.78804,31.29927],[34.78804,31.29927],[34.78927,31.30005],[34.78939,31.30013],[34.78946,31.29922],[34.78947,31.29918],[34.78947,31.29913],[34.78957,31.29847],[34.7896,31.29828]]]]}},{"type":"Feature","properties":{"name":"\u05db\u05ea\u05e3 \u05d1\u05d0\u05e8-\u05e9\u05d1\u05e2 (\u05d0\u05e0\u05d3\u05e8\u05d8\u05d4)","area":2619679.31702188,"classification":"\u05d0\u05ea\u05e8 \u05d8\u05d1\u05e2 \u05dc\u05e9\u05d9\u05de\u05d5\u05e8","site_id":6},"geometry":{"type":"MultiPolygon","coordinates":[[[[34.82279,31.2805],[34.82549,31.28059],[34.82623,31.27838],[34.82674,31.27705],[34.82749,31.27483],[34.82863,31.27134],[34.82978,31.26766],[34.83004,31.26646],[34.83019,31.26461],[34.83009,31.26356],[34.82987,31.2613],[34.82985,31.26109],[34.82971,31.26108],[34.82959,31.25986],[34.82812,31.25919],[34.82716,31.2586],[34.82599,31.25776],[34.82477,31.25871],[34.82245,31.26025],[34.82067,31.26153],[34.81889,31.26282],[34.81872,31.26294],[34.81893,31.26325],[34.81861,31.26345],[34.81898,31.26396],[34.81862,31.26451],[34.81832,31.26446],[34.8182,31.26407],[34.8179,31.26438],[34.81733,31.26395],[34.81655,31.26453],[34.81596,31.26519],[34.81552,31.26574],[34.81498,31.26655],[34.81717,31.26813],[34.81701,31.26832],[34.81659,31.26882],[34.81622,31.26935],[34.81566,31.27006],[34.81541,31.27039],[34.81513,31.2707],[34.81486,31.27087],[34.81494,31.27144],[34.81519,31.2719],[34.81563,31.27242],[34.8157,31.27261],[34.81722,31.27263],[34.81935,31.27277],[34.81965,31.27277],[34.82079,31.273],[34.8217,31.27324],[34.82189,31.27275],[34.8224,31.2724],[34.82369,31.27217],[34.82464,31.27251],[34.82499,31.2723],[34.82515,31.27255],[34.82566,31.27229],[34.82627,31.27214],[34.82657,31.27262],[34.82629,31.27312],[34.82593,31.2735],[34.82538,31.27391],[34.82515,31.27396],[34.8246,31.27435],[34.82436,31.27464],[34.82394,31.27531],[34.82289,31.27577],[34.82165,31.276],[34.82171,31.27633],[34.82244,31.27623],[34.82302,31.27598],[34.82401,31.27562],[34.8242,31.27535],[34.82477,31.27455],[34.82504,31.27433],[34.82534,31.2743],[34.82595,31.27445],[34.82602,31.27451],[34.8262,31.27491],[34.82602,31.27558],[34.82596,31.27571],[34.82588,31.27593],[34.82538,31.27676],[34.82517,31.27731],[34.82487,31.27769],[34.82461,31.27782],[34.82388,31.27793],[34.82374,31.27798],[34.82308,31.27851],[34.82232,31.27881],[34.8221,31.27884],[34.8219,31.27924],[34.82243,31.27955],[34.82297,31.27998],[34.82279,31.2805]]]]}},{"type":"Feature","properties":{"name":"\u05e8\u05d6\u05e8\u05d1\u05d4 \u05dc\u05d1\u05d9\u05ea \u05e7\u05d1\u05e8\u05d5\u05ea","area":227394.56690045,"classification":"\u05d0\u05ea\u05e8 \u05dc\u05e4\u05d9\u05ea\u05d5\u05d7 \u05e2\u05d9\u05e8\u05d5\u05e0\u05d9","site_id":26},"geometry":{"type":"MultiPolygon","coordinates":[[[[34.74961,31.24701],[34.74974,31.2465],[34.74912,31.2468],[34.74809,31.24611],[34.74713,31.2462],[34.7468,31.2453],[34.74744,31.24505],[34.74719,31.24461],[34.74798,31.24411],[34.74755,31.24338],[34.74824,31.24298],[34.74819,31.24252],[34.7454,31.24248],[34.74529,31.24523],[34.74403,31.24525],[34.74403,31.24526],[34.74353,31.2453],[34.74329,31.24628],[34.74818,31.24779],[34.74853,31.24774],[34.74934,31.24783],[34.74961,31.24701]]]]}},{"type":"Feature","properties":{"name":"\u05e8\u05de\u05ea \u05d4\u05d1\u05e1\u05d9\u05e1 \u05d4\u05e0\u05d8\u05d5\u05e9","area":2846296.12244878,"classification":"\u05d0\u05ea\u05e8 \u05dc\u05e4\u05d9\u05ea\u05d5\u05d7 \u05e2\u05d9\u05e8\u05d5\u05e0\u05d9 \u05e2\u05dd \u05d4\u05e0\u05d7\u05d9\u05d5\u05ea \u05e1\u05d1\u05d9\u05d1\u05ea\u05d9\u05d5\u05ea","site_id":45},"geometry":{"type":"MultiPolygon","coordinates":[[[[34.77493,31.29363],[34.77562,31.29274],[34.77573,31.29258],[34.77593,31.29231],[34.77618,31.29196],[34.77637,31.29169],[34.77717,31.2905],[34.77739,31.29015],[34.7774,31.29014],[34.77768,31.28991],[34.7779,31.28959],[34.77814,31.28928],[34.77824,31.28903],[34.77838,31.28872],[34.7787,31.28857],[34.77902,31.28842],[34.77976,31.28807],[34.77982,31.28803],[34.78001,31.28792],[34.78005,31.2879],[34.78065,31.28791],[34.78065,31.28791],[34.78118,31.28793],[34.78129,31.28792],[34.78186,31.28789],[34.78249,31.28781],[34.7825,31.28781],[34.78255,31.28781],[34.78256,31.28781],[34.78303,31.28774],[34.78309,31.28772],[34.78365,31.28757],[34.78372,31.28755],[34.78441,31.2873],[34.78521,31.28699],[34.78574,31.28669],[34.78641,31.28628],[34.78644,31.28626],[34.78678,31.28607],[34.78681,31.28605],[34.78705,31.28594],[34.78717,31.28591],[34.78755,31.28579],[34.78757,31.28578],[34.78836,31.28553],[34.78843,31.28551],[34.78877,31.28537],[34.78905,31.28527],[34.78932,31.285],[34.78941,31.28491],[34.78963,31.28467],[34.78968,31.28462],[34.78979,31.28452],[34.78988,31.28444],[34.79001,31.28432],[34.79002,31.28432],[34.7902,31.28349],[34.79047,31.28338],[34.79041,31.28326],[34.79036,31.28319],[34.79034,31.28314],[34.79008,31.28305],[34.79008,31.28303],[34.78977,31.28282],[34.7897,31.28277],[34.7894,31.28255],[34.78883,31.28216],[34.78821,31.28163],[34.78812,31.28155],[34.78766,31.28108],[34.7875,31.28092],[34.78719,31.28061],[34.78716,31.28058],[34.78714,31.28056],[34.78698,31.28037],[34.78686,31.28017],[34.78683,31.28012],[34.78672,31.27992],[34.78665,31.27974],[34.78662,31.27968],[34.78661,31.27966],[34.7866,31.27962],[34.7866,31.27959],[34.78663,31.2795],[34.78663,31.27948],[34.78666,31.27936],[34.78661,31.27929],[34.78656,31.27921],[34.78648,31.2791],[34.78633,31.27893],[34.78633,31.27893],[34.78631,31.27891],[34.7863,31.2789],[34.78627,31.27888],[34.78624,31.27885],[34.78624,31.27885],[34.78619,31.27885],[34.78604,31.27884],[34.78588,31.27868],[34.78573,31.27856],[34.78564,31.27848],[34.78556,31.27838],[34.78556,31.27837],[34.78553,31.27834],[34.78532,31.278],[34.78465,31.27785],[34.78445,31.27781],[34.78438,31.27785],[34.78438,31.27785],[34.78354,31.27768],[34.78306,31.27758],[34.78237,31.27745],[34.78234,31.27744],[34.78179,31.27733],[34.7816,31.27729],[34.78069,31.27709],[34.78051,31.27706],[34.78041,31.27703],[34.7799,31.27694],[34.77975,31.2769],[34.77927,31.2768],[34.77916,31.27677],[34.77913,31.27677],[34.77909,31.27676],[34.77904,31.27675],[34.77866,31.27667],[34.77841,31.27662],[34.77807,31.27656],[34.7778,31.27651],[34.77777,31.27649],[34.77769,31.27644],[34.77762,31.2764],[34.77752,31.27634],[34.77743,31.27632],[34.77734,31.2763],[34.77699,31.27625],[34.77679,31.27621],[34.77677,31.27621],[34.77677,31.27621],[34.77653,31.27628],[34.77618,31.27652],[34.77596,31.27672],[34.77597,31.27679],[34.77597,31.27681],[34.77597,31.27683],[34.77565,31.27714],[34.77535,31.27743],[34.77533,31.27745],[34.77531,31.27746],[34.7752,31.27752],[34.77502,31.27759],[34.77494,31.27762],[34.77476,31.27766],[34.77429,31.27762],[34.77424,31.27762],[34.77377,31.27757],[34.7733,31.27752],[34.77327,31.27752],[34.77283,31.27748],[34.7728,31.27748],[34.7726,31.27746],[34.77232,31.27743],[34.77213,31.27741],[34.77194,31.2774],[34.77185,31.27739],[34.77136,31.27732],[34.77071,31.2772],[34.77083,31.27735],[34.77107,31.27765],[34.77118,31.27796],[34.77119,31.27851],[34.77167,31.27875],[34.77244,31.2789],[34.77352,31.27858],[34.77671,31.2786],[34.77672,31.27861],[34.77722,31.27907],[34.77629,31.27958],[34.77602,31.27953],[34.77588,31.27953],[34.77571,31.27953],[34.77571,31.27953],[34.77555,31.27953],[34.77517,31.27957],[34.77512,31.27959],[34.7751,31.2796],[34.77502,31.27963],[34.77494,31.27968],[34.7749,31.27972],[34.77489,31.27972],[34.7748,31.27987],[34.7748,31.28008],[34.77483,31.28034],[34.77488,31.28057],[34.77497,31.28079],[34.77513,31.28101],[34.77531,31.28123],[34.77551,31.28145],[34.77568,31.28165],[34.77587,31.28181],[34.77607,31.28194],[34.77635,31.28212],[34.77649,31.28222],[34.77615,31.2827],[34.77577,31.28263],[34.77547,31.28254],[34.77523,31.28254],[34.77518,31.28277],[34.77519,31.28315],[34.7752,31.2835],[34.77532,31.28371],[34.77534,31.28383],[34.7752,31.28388],[34.77485,31.28384],[34.77464,31.28361],[34.77438,31.28346],[34.77412,31.28335],[34.77384,31.28335],[34.77337,31.28375],[34.77274,31.28352],[34.77244,31.28349],[34.77242,31.28349],[34.77149,31.28357],[34.77091,31.28369],[34.77075,31.284],[34.77076,31.28426],[34.76884,31.28485],[34.76884,31.28485],[34.76882,31.28486],[34.76865,31.28529],[34.76866,31.2853],[34.76862,31.28561],[34.76872,31.286],[34.76889,31.28615],[34.76894,31.28615],[34.76894,31.28617],[34.77108,31.28644],[34.77138,31.28633],[34.77188,31.28693],[34.77194,31.28701],[34.7719,31.28711],[34.77182,31.28737],[34.77181,31.28742],[34.77179,31.28758],[34.77127,31.2884],[34.77024,31.28856],[34.7701,31.28858],[34.76949,31.28925],[34.76934,31.28942],[34.76936,31.28945],[34.76942,31.28948],[34.76948,31.28951],[34.7695,31.28952],[34.76936,31.29052],[34.76925,31.2914],[34.76919,31.29188],[34.76923,31.2919],[34.76924,31.29191],[34.76937,31.29198],[34.76931,31.29217],[34.76948,31.29301],[34.76963,31.29315],[34.76963,31.29315],[34.76966,31.29313],[34.76981,31.29309],[34.76991,31.29307],[34.76991,31.29309],[34.76992,31.2931],[34.77031,31.29303],[34.77068,31.29302],[34.77096,31.29306],[34.77098,31.29308],[34.77117,31.29313],[34.77154,31.29325],[34.77202,31.29346],[34.77209,31.29347],[34.77224,31.29341],[34.77225,31.29342],[34.77227,31.29343],[34.77233,31.29345],[34.77234,31.29346],[34.77329,31.29385],[34.77329,31.29386],[34.7733,31.29386],[34.77487,31.29364],[34.77491,31.29363],[34.77492,31.29363],[34.77493,31.29363]]]]}},{"type":"Feature","properties":{"name":"\u05d1\u05ea\u05e8\u05d5\u05e0\u05d5\u05ea \u05e0\u05d0\u05d5\u05ea \u05dc\u05d5\u05df","area":1372751.17273127,"classification":"\u05d0\u05ea\u05e8 \u05dc\u05e4\u05d9\u05ea\u05d5\u05d7 \u05e2\u05d9\u05e8\u05d5\u05e0\u05d9 \u05e2\u05dd \u05d4\u05e0\u05d7\u05d9\u05d5\u05ea \u05e1\u05d1\u05d9\u05d1\u05ea\u05d9\u05d5\u05ea","site_id":22},"geometry":{"type":"MultiPolygon","coordinates":[[[[34.75172,31.23173],[34.75269,31.23138],[34.75475,31.2303],[34.75561,31.23027],[34.75866,31.23118],[34.75901,31.22993],[34.75915,31.22927],[34.75916,31.22922],[34.75935,31.22828],[34.75995,31.22711],[34.76009,31.22685],[34.76038,31.22627],[34.76245,31.22346],[34.7628,31.22333],[34.76335,31.22278],[34.76368,31.22283],[34.764,31.22302],[34.76442,31.22299],[34.76484,31.22259],[34.76523,31.22265],[34.76531,31.22267],[34.76557,31.22235],[34.76509,31.22173],[34.76484,31.22129],[34.76483,31.22127],[34.76476,31.22116],[34.76436,31.22046],[34.76422,31.22036],[34.76405,31.22027],[34.7639,31.22015],[34.76359,31.22001],[34.76357,31.22],[34.76316,31.21988],[34.76308,31.21989],[34.76292,31.21991],[34.76291,31.21992],[34.76246,31.21981],[34.76161,31.21944],[34.76074,31.21923],[34.76028,31.21911],[34.75868,31.21887],[34.7581,31.21912],[34.75801,31.21922],[34.75731,31.21993],[34.75644,31.22136],[34.75642,31.22141],[34.75619,31.22207],[34.75618,31.22209],[34.75616,31.22232],[34.75614,31.22246],[34.75599,31.22283],[34.75599,31.22284],[34.75577,31.22325],[34.75576,31.22327],[34.75569,31.22343],[34.75567,31.22349],[34.7556,31.22368],[34.75556,31.22381],[34.75548,31.22392],[34.75545,31.22395],[34.75545,31.22396],[34.75544,31.22396],[34.75541,31.22398],[34.75532,31.22413],[34.75531,31.22415],[34.75291,31.2258],[34.75134,31.22666],[34.75037,31.22728],[34.75036,31.22728],[34.75031,31.22723],[34.7499,31.22751],[34.74954,31.2275],[34.74894,31.22795],[34.74847,31.22816],[34.74781,31.22853],[34.74603,31.22949],[34.74438,31.23029],[34.74385,31.23074],[34.74358,31.23069],[34.7431,31.23069],[34.74311,31.23069],[34.74311,31.23069],[34.74347,31.23069],[34.74357,31.23069],[34.74399,31.23076],[34.74399,31.23076],[34.74448,31.23071],[34.74438,31.2306],[34.74435,31.23057],[34.74436,31.23057],[34.74455,31.2306],[34.74455,31.2306],[34.74458,31.23059],[34.74462,31.23057],[34.74471,31.23056],[34.74473,31.23056],[34.74473,31.23056],[34.74478,31.2306],[34.74481,31.23062],[34.74489,31.23072],[34.74507,31.23091],[34.74522,31.23093],[34.7455,31.23095],[34.74567,31.23099],[34.74578,31.231],[34.74588,31.23102],[34.74603,31.23105],[34.74603,31.23105],[34.74623,31.23115],[34.74624,31.23115],[34.74634,31.23116],[34.74634,31.23116],[34.74635,31.23116],[34.74635,31.23116],[34.74646,31.23115],[34.74646,31.23115],[34.74667,31.23118],[34.74667,31.23118],[34.74671,31.23117],[34.74672,31.23117],[34.74677,31.23115],[34.74681,31.23111],[34.74681,31.23111],[34.74686,31.23115],[34.74695,31.23124],[34.74801,31.23152],[34.75004,31.23171],[34.75004,31.23171],[34.75004,31.23171],[34.75004,31.23171],[34.75007,31.23172],[34.75007,31.23172],[34.75016,31.23174],[34.75017,31.23175],[34.75017,31.23175],[34.75018,31.23176],[34.75022,31.23179],[34.75024,31.23181],[34.75042,31.23195],[34.75043,31.23196],[34.7505,31.23208],[34.75058,31.2322],[34.7506,31.23222],[34.75082,31.2324],[34.75091,31.23247],[34.75092,31.23248],[34.75101,31.23244],[34.75103,31.23244],[34.75105,31.23243],[34.75107,31.23242],[34.75109,31.2324],[34.75111,31.2324],[34.75113,31.23239],[34.75116,31.23237],[34.75118,31.23237],[34.75119,31.23236],[34.75122,31.23234],[34.75124,31.23234],[34.75126,31.23233],[34.75129,31.23231],[34.75131,31.2323],[34.75132,31.2323],[34.75136,31.23228],[34.75137,31.23227],[34.75139,31.23226],[34.75143,31.23225],[34.75144,31.23224],[34.75144,31.23224],[34.75146,31.23223],[34.75146,31.23223],[34.75172,31.23173]]]]}},{"type":"Feature","properties":{"name":"\u05d1\u05d9\u05ea \u05e7\u05d1\u05e8\u05d5\u05ea \u05d1\u05d3\u05d5\u05d0\u05d9","area":59013.06879978,"classification":"\u05d0\u05ea\u05e8 \u05dc\u05e4\u05d9\u05ea\u05d5\u05d7 \u05e2\u05d9\u05e8\u05d5\u05e0\u05d9","site_id":53},"geometry":{"type":"MultiPolygon","coordinates":[[[[34.79303,31.2425],[34.79386,31.24331],[34.79607,31.2416],[34.79393,31.24086],[34.79317,31.24141],[34.79303,31.2425]]]]}},{"type":"Feature","properties":{"name":"\u05d1\u05e7\u05e2\u05ea \u05e9\u05e2\u05d9\u05e8\u05d9\u05dd","area":2374714.22089856,"classification":"\u05d0\u05ea\u05e8 \u05d8\u05d1\u05e2 \u05dc\u05e9\u05d9\u05de\u05d5\u05e8","site_id":19},"geometry":{"type":"MultiPolygon","coordinates":[[[[34.74699,31.20309],[34.74808,31.20306],[34.74916,31.20303],[34.74942,31.2031],[34.7506,31.20342],[34.75095,31.20355],[34.75096,31.20355],[34.75124,31.2036],[34.752,31.20372],[34.75216,31.20374],[34.75275,31.20391],[34.75302,31.20312],[34.75298,31.20268],[34.75296,31.20247],[34.75294,31.20221],[34.75336,31.20229],[34.75391,31.2024],[34.75394,31.20241],[34.75533,31.20269],[34.7564,31.2027],[34.75692,31.20334],[34.75714,31.20411],[34.75717,31.205],[34.75846,31.20583],[34.75958,31.2068],[34.76167,31.20663],[34.76196,31.2065],[34.7624,31.20638],[34.76287,31.20625],[34.76493,31.20667],[34.76684,31.20747],[34.767,31.20746],[34.76785,31.2074],[34.76854,31.20735],[34.76904,31.20633],[34.76888,31.20518],[34.76829,31.20363],[34.76819,31.20337],[34.76824,31.20284],[34.76848,31.20171],[34.76849,31.20165],[34.76858,31.20126],[34.76948,31.19668],[34.76991,31.19473],[34.76992,31.19471],[34.76902,31.19464],[34.76487,31.19477],[34.7624,31.19487],[34.76049,31.19559],[34.75678,31.19734],[34.75201,31.20009],[34.74942,31.20163],[34.74699,31.20309]]]]}},{"type":"Feature","properties":{"name":"\u05e9\u05d3\u05e8\u05d5\u05ea \u05e6\u05d4\"\u05dc","area":163968.88893308,"classification":"\u05d0\u05ea\u05e8 \u05dc\u05e4\u05d9\u05ea\u05d5\u05d7 \u05e2\u05d9\u05e8\u05d5\u05e0\u05d9","site_id":5},"geometry":{"type":"MultiPolygon","coordinates":[[[[34.80615,31.28058],[34.80817,31.28327],[34.80865,31.28331],[34.80881,31.28356],[34.80998,31.28435],[34.81041,31.28395],[34.8107,31.28388],[34.81085,31.28384],[34.81134,31.2835],[34.81139,31.2835],[34.81271,31.28318],[34.81375,31.28318],[34.81381,31.28318],[34.81551,31.28283],[34.81655,31.282],[34.81792,31.28138],[34.81749,31.28073],[34.81602,31.28137],[34.81624,31.28189],[34.81525,31.28226],[34.81412,31.28224],[34.81304,31.28254],[34.81151,31.28295],[34.81105,31.28285],[34.81074,31.282],[34.81065,31.28175],[34.81124,31.28133],[34.81094,31.28102],[34.81033,31.28106],[34.80978,31.28117],[34.80915,31.28123],[34.80865,31.2808],[34.8077,31.28014],[34.80695,31.27882],[34.80575,31.27703],[34.80351,31.2776],[34.80345,31.27813],[34.80425,31.27836],[34.80533,31.27886],[34.80553,31.27994],[34.80597,31.28024],[34.80615,31.28058]]]]}},{"type":"Feature","properties":{"name":"\u05d2\u05df \u05d5\u05d9\u05e0\u05d2\u05d9\u05d9\u05d8","area":0.0,"classification":"\u05d0\u05ea\u05e8 \u05dc\u05e4\u05d9\u05ea\u05d5\u05d7 \u05e2\u05d9\u05e8\u05d5\u05e0\u05d9","site_id":58},"geometry":{"type":"MultiPolygon","coordinates":[[[[34.80369,31.25873],[34.8041,31.25845],[34.80418,31.2584],[34.8043,31.25802],[34.8037,31.25731],[34.80274,31.25728],[34.8032,31.25766],[34.8035,31.25869],[34.80355,31.25871],[34.80353,31.25871],[34.80354,31.25872],[34.80369,31.25873]]]]}},{"type":"Feature","properties":{"name":"\u05e8\u05de\u05d5\u05ea \u05de\u05e2\u05e8\u05d1","area":571247.96732661,"classification":"\u05d0\u05ea\u05e8 \u05dc\u05e4\u05d9\u05ea\u05d5\u05d7 \u05e2\u05d9\u05e8\u05d5\u05e0\u05d9","site_id":3},"geometry":{"type":"MultiPolygon","coordinates":[[[[34.79598,31.28788],[34.79609,31.28789],[34.79616,31.28692],[34.79648,31.28685],[34.79649,31.28684],[34.79649,31.28686],[34.79679,31.28668],[34.79717,31.28657],[34.7971,31.28528],[34.79711,31.28527],[34.7971,31.28527],[34.79709,31.28517],[34.79709,31.28494],[34.79707,31.28461],[34.79691,31.28348],[34.79686,31.28248],[34.79687,31.28115],[34.79696,31.27976],[34.79727,31.27862],[34.79752,31.27766],[34.79796,31.27653],[34.7981,31.27619],[34.79646,31.27557],[34.79636,31.27551],[34.79584,31.276],[34.79461,31.27747],[34.79517,31.27793],[34.79644,31.27809],[34.79676,31.2781],[34.79624,31.28072],[34.79624,31.28248],[34.79612,31.28382],[34.79283,31.28356],[34.79292,31.28221],[34.79258,31.28219],[34.79212,31.28216],[34.7918,31.28483],[34.79174,31.28535],[34.7917,31.28568],[34.79153,31.28709],[34.7915,31.28735],[34.79445,31.28766],[34.7957,31.28779],[34.7957,31.28786],[34.79598,31.28788]]]]}},{"type":"Feature","properties":{"name":"\u05e0\u05d7\u05dc \u05e1\u05d5\u05dc\u05dc\u05d9\u05dd \u05e2\u05dc\u05d9\u05d5\u05df","area":170492.69869401,"classification":"\u05d0\u05ea\u05e8 \u05dc\u05e4\u05d9\u05ea\u05d5\u05d7 \u05e2\u05d9\u05e8\u05d5\u05e0\u05d9","site_id":38},"geometry":{"type":"MultiPolygon","coordinates":[[[[34.77465,31.26549],[34.7748,31.26553],[34.77529,31.26601],[34.77549,31.26612],[34.77581,31.26614],[34.77591,31.26621],[34.77618,31.2659],[34.77591,31.26582],[34.77552,31.26568],[34.77536,31.26545],[34.77537,31.26525],[34.77538,31.26489],[34.77488,31.26469],[34.77454,31.26493],[34.77433,31.26498],[34.77394,31.26495],[34.77337,31.26505],[34.77291,31.26511],[34.77224,31.26514],[34.77188,31.26524],[34.77147,31.26523],[34.77044,31.26493],[34.76999,31.26469],[34.76962,31.26418],[34.7692,31.26379],[34.76895,31.26337],[34.76913,31.26314],[34.76947,31.26259],[34.77128,31.26139],[34.77125,31.26113],[34.77039,31.26155],[34.76992,31.26177],[34.76932,31.26206],[34.76859,31.26231],[34.76846,31.26212],[34.76823,31.26178],[34.76782,31.26157],[34.76741,31.26157],[34.76742,31.26128],[34.76682,31.26121],[34.76633,31.26082],[34.76606,31.26082],[34.76585,31.26067],[34.7656,31.2606],[34.76509,31.26034],[34.76492,31.25967],[34.7651,31.25908],[34.76528,31.25862],[34.76555,31.2581],[34.76587,31.25783],[34.76634,31.2575],[34.76665,31.25728],[34.76674,31.25717],[34.76663,31.25708],[34.76636,31.25724],[34.76588,31.25758],[34.76566,31.25755],[34.76497,31.25797],[34.76471,31.25834],[34.76463,31.25874],[34.76457,31.25904],[34.76436,31.25925],[34.7642,31.25931],[34.76408,31.25973],[34.76448,31.26032],[34.76474,31.26053],[34.76485,31.2607],[34.76451,31.26092],[34.76417,31.26117],[34.76346,31.26145],[34.76359,31.26165],[34.76374,31.26169],[34.76448,31.26154],[34.76492,31.2615],[34.76523,31.26127],[34.7656,31.26122],[34.76644,31.2615],[34.76691,31.26178],[34.76723,31.26216],[34.76746,31.26234],[34.76833,31.26275],[34.76819,31.26325],[34.76861,31.26367],[34.76863,31.26393],[34.76945,31.26461],[34.76978,31.2649],[34.76967,31.26519],[34.76991,31.26529],[34.77001,31.26511],[34.77123,31.26565],[34.77141,31.26569],[34.77179,31.26578],[34.77175,31.26606],[34.77175,31.26606],[34.77199,31.26606],[34.77204,31.26604],[34.77208,31.26599],[34.77246,31.26556],[34.77281,31.26547],[34.77347,31.26547],[34.77352,31.26548],[34.77395,31.26545],[34.77396,31.26545],[34.77448,31.26546],[34.77465,31.26549]]]]}},{"type":"Feature","properties":{"name":"\u05d1\u05d9\u05ea \u05d4\u05e7\u05d1\u05e8\u05d5\u05ea \u05d4\u05e6\u05d1\u05d0\u05d9 \u05d4\u05d1\u05e8\u05d9\u05d8\u05d9","area":31632.61777783,"classification":"\u05d0\u05ea\u05e8 \u05dc\u05e4\u05d9\u05ea\u05d5\u05d7 \u05e2\u05d9\u05e8\u05d5\u05e0\u05d9","site_id":56},"geometry":{"type":"MultiPolygon","coordinates":[[[[34.78443,31.24384],[34.7835,31.24293],[34.7826,31.24349],[34.78291,31.2439],[34.78248,31.24414],[34.78221,31.24385],[34.78182,31.24415],[34.78229,31.24442],[34.78249,31.24474],[34.78339,31.2445],[34.78391,31.2442],[34.78443,31.24384]]]]}},{"type":"Feature","properties":{"name":"\u05d2\u05d1\u05e2\u05d5\u05ea \u05d2\u05d5\u05e8\u05dc","area":13569650.36240448,"classification":"\u05d0\u05ea\u05e8 \u05d8\u05d1\u05e2 \u05dc\u05e9\u05d9\u05de\u05d5\u05e8","site_id":1},"geometry":{"type":"MultiPolygon","coordinates":[[[[34.79317,31.31041],[34.79288,31.31051],[34.79051,31.31137],[34.79067,31.31142],[34.7915,31.31161],[34.79231,31.31181],[34.79278,31.31196],[34.79531,31.31249],[34.79765,31.31297],[34.80265,31.31401],[34.80424,31.31477],[34.81425,31.31958],[34.82228,31.32344],[34.83702,31.3145],[34.83783,31.314],[34.8475,31.30814],[34.84789,31.30789],[34.8482,31.30766],[34.84864,31.30736],[34.849,31.30713],[34.84934,31.30693],[34.85037,31.30641],[34.85049,31.30629],[34.85483,31.30368],[34.85423,31.30315],[34.85369,31.30266],[34.85369,31.30266],[34.85369,31.30266],[34.85317,31.30219],[34.85078,31.30007],[34.85011,31.29948],[34.84781,31.2974],[34.84477,31.29463],[34.84353,31.29349],[34.84217,31.29231],[34.84188,31.29207],[34.84132,31.29161],[34.84119,31.29136],[34.84071,31.29056],[34.83968,31.29165],[34.83906,31.29229],[34.83853,31.2925],[34.83794,31.29276],[34.83767,31.29287],[34.83749,31.29294],[34.83731,31.29301],[34.83443,31.29293],[34.83326,31.29288],[34.83034,31.29253],[34.83,31.29247],[34.8277,31.29192],[34.82706,31.29177],[34.827,31.29241],[34.82683,31.2934],[34.82679,31.29368],[34.82665,31.29476],[34.82656,31.29492],[34.82599,31.29598],[34.82489,31.29758],[34.82469,31.29788],[34.82464,31.29794],[34.82331,31.29932],[34.82233,31.30002],[34.8214,31.30068],[34.82108,31.30083],[34.82075,31.301],[34.82073,31.30101],[34.82037,31.3012],[34.82035,31.30121],[34.82007,31.30134],[34.81987,31.30143],[34.81985,31.30144],[34.81976,31.30148],[34.81962,31.30153],[34.81956,31.30156],[34.81921,31.30171],[34.81903,31.30177],[34.81895,31.3018],[34.81893,31.30181],[34.81835,31.30201],[34.81833,31.30202],[34.81831,31.30202],[34.81651,31.30262],[34.81649,31.30263],[34.81489,31.30315],[34.81456,31.30326],[34.81454,31.30326],[34.81448,31.30328],[34.8136,31.30358],[34.81331,31.30368],[34.81228,31.30402],[34.81227,31.30403],[34.81225,31.30403],[34.81186,31.30416],[34.81163,31.30424],[34.81158,31.30425],[34.81028,31.30468],[34.80937,31.30498],[34.80804,31.30542],[34.8062,31.30603],[34.80539,31.3063],[34.80485,31.30648],[34.80449,31.3066],[34.8044,31.30663],[34.80379,31.30683],[34.80313,31.30705],[34.80217,31.30737],[34.80155,31.30758],[34.7998,31.30816],[34.79854,31.30858],[34.79828,31.30866],[34.79667,31.3092],[34.79566,31.30953],[34.79542,31.30961],[34.79522,31.30968],[34.79454,31.3099],[34.79425,31.31],[34.79412,31.31004],[34.79328,31.31032],[34.79317,31.31041]]]]}}]}