{"type":"FeatureCollection","features":[{"type":"Feature","properties":{"Name":"רמות הרכס","building_count":658,"avg_overall_5min":292.42,"med_overall_5min":290.62,"avg_amenities_5min":57.69,"avg_trees_5min":521.82,"avg_street_lights_5min":417.1,"coverage_5min":100.0,"avg_commercial_5min":10.09,"avg_education_5min":15.88,"avg_financial_services_5min":0.29,"avg_fitness_5min":2.66,"avg_healthcare_5min":5.2,"avg_parks_and_recreation_5min":6.8,"avg_public_establishment_5min":0.27,"avg_public_institutions_5min":2.62,"avg_religious_institutions_5min":2.94,"avg_senior_services_and_living_5min":0.0,"avg_services_5min":10.64,"avg_shelters_5min":0.02,"avg_tourism_5min":0.29,"avg_transportation_5min":0.0,"avg_score_clean_5min":4076.58,"coverage_clean_5min":100.0,"avg_score_weighted_5min":57.17,"coverage_weighted_5min":100.0,"avg_score_weighted_environmental_quality_5min":50.58,"avg_score_weighted_sub_environmental_quality_roads_5min":94.45,"avg_score_weighted_sub_environmental_quality_shade_5min":12.31,"avg_score_weighted_sub_environmental_quality_trees_5min":39.36,"avg_score_weighted_nature_5min":89.59,"avg_score_weighted_sub_nature_parks_5min":100.0,"avg_score_weighted_sub_nature_urban_nature_areas_5min":79.18,"avg_score_weighted_play_5min":94.07,"avg_score_weighted_sub_play_playgrounds_5min":94.07,"avg_score_weighted_safety_mobility_5min":41.71,"avg_score_weighted_sub_safety_mobility_bicycle_access_5min":0.15,"avg_score_weighted_sub_safety_mobility_bus_stops_5min":99.01,"avg_score_weighted_sub_safety_mobility_shelters_5min":0.0,"avg_score_weighted_sub_safety_mobility_street_lights_5min":79.86,"avg_score_weighted_family_services_5min":36.29,"avg_score_weighted_sub_family_services_business_5min":0.0,"avg_score_weighted_sub_family_services_community_5min":26.9,"avg_score_weighted_sub_family_services_education_5min":81.46,"avg_score_weighted_sub_family_services_health_5min":21.58,"avg_overall_10min":848.32,"med_overall_10min":815.75,"avg_amenities_10min":160.42,"avg_trees_10min":1516.06,"avg_street_lights_10min":1235.55,"coverage_10min":100.0,"avg_commercial_10min":27.86,"avg_education_10min":40.93,"avg_financial_services_10min":0.76,"avg_fitness_10min":7.13,"avg_healthcare_10min":14.57,"avg_parks_and_recreation_10min":19.01,"avg_public_establishment_10min":1.16,"avg_public_institutions_10min":7.26,"avg_religious_institutions_10min":8.49,"avg_senior_services_and_living_10min":0.0,"avg_services_10min":28.82,"avg_shelters_10min":3.74,"avg_tourism_10min":0.65,"avg_transportation_10min":0.03,"avg_score_clean_10min":11922.92,"coverage_clean_10min":100.0,"avg_score_weighted_10min":57.17,"coverage_weighted_10min":100.0,"avg_score_weighted_environmental_quality_10min":50.58,"avg_score_weighted_sub_environmental_quality_roads_10min":94.45,"avg_score_weighted_sub_environmental_quality_shade_10min":12.31,"avg_score_weighted_sub_environmental_quality_trees_10min":39.36,"avg_score_weighted_nature_10min":89.59,"avg_score_weighted_sub_nature_parks_10min":100.0,"avg_score_weighted_sub_nature_urban_nature_areas_10min":79.18,"avg_score_weighted_play_10min":94.07,"avg_score_weighted_sub_play_playgrounds_10min":94.07,"avg_score_weighted_safety_mobility_10min":41.71,"avg_score_weighted_sub_safety_mobility_bicycle_access_10min":0.15,"avg_score_weighted_sub_safety_mobility_bus_stops_10min":99.01,"avg_score_weighted_sub_safety_mobility_shelters_10min":0.0,"avg_score_weighted_sub_safety_mobility_street_lights_10min":79.86,"avg_score_weighted_family_services_10min":36.29,"avg_score_weighted_sub_family_services_business_10min":0.0,"avg_score_weighted_sub_family_services_community_10min":26.9,"avg_score_weighted_sub_family_services_education_10min":81.46,"avg_score_weighted_sub_family_services_health_10min":21.58,"avg_overall_15min":1501.22,"med_overall_15min":1407.62,"avg_amenities_15min":317.67,"avg_trees_15min":2659.61,"avg_street_lights_15min":2074.57,"coverage_15min":100.0,"avg_commercial_15min":52.96,"avg_education_15min":69.47,"avg_financial_services_15min":1.62,"avg_fitness_15min":11.9,"avg_healthcare_15min":23.6,"avg_parks_and_recreation_15min":32.29,"avg_public_establishment_15min":3.58,"avg_public_institutions_15min":11.05,"avg_religious_institutions_15min":18.17,"avg_senior_services_and_living_15min":0.17,"avg_services_15min":54.92,"avg_shelters_15min":36.65,"avg_tourism_15min":1.03,"avg_transportation_15min":0.27,"avg_score_clean_15min":20397.22,"coverage_clean_15min":100.0,"avg_score_weighted_15min":57.17,"coverage_weighted_15min":100.0,"avg_score_weighted_environmental_quality_15min":50.58,"avg_score_weighted_sub_environmental_quality_roads_15min":94.45,"avg_score_weighted_sub_environmental_quality_shade_15min":12.31,"avg_score_weighted_sub_environmental_quality_trees_15min":39.36,"avg_score_weighted_nature_15min":89.59,"avg_score_weighted_sub_nature_parks_15min":100.0,"avg_score_weighted_sub_nature_urban_nature_areas_15min":79.18,"avg_score_weighted_play_15min":94.07,"avg_score_weighted_sub_play_playgrounds_15min":94.07,"avg_score_weighted_safety_mobility_15min":41.71,"avg_score_weighted_sub_safety_mobility_bicycle_access_15min":0.15,"avg_score_weighted_sub_safety_mobility_bus_stops_15min":99.01,"avg_score_weighted_sub_safety_mobility_shelters_15min":0.0,"avg_score_weighted_sub_safety_mobility_street_lights_15min":79.86,"avg_score_weighted_family_services_15min":36.29,"avg_score_weighted_sub_family_services_business_15min":0.0,"avg_score_weighted_sub_family_services_community_15min":26.9,"avg_score_weighted_sub_family_services_education_15min":81.46,"avg_score_weighted_sub_family_services_health_15min":21.58,"pct_overall_5min":48,"pct_commercial_5min":43,"pct_education_5min":71,"pct_financial_services_5min":29,"pct_fitness_5min":48,"pct_healthcare_5min":52,"pct_parks_and_recreation_5min":57,"pct_public_establishment_5min":29,"pct_public_institutions_5min":81,"pct_religious_institutions_5min":48,"pct_senior_services_and_living_5min":19,"pct_services_5min":52,"pct_shelters_5min":19,"pct_tourism_5min":24,"pct_transportation_5min":38,"pct_trees_5min":29,"pct_clean_overall_5min":71,"pct_weighted_overall_5min":71,"pct_overall_10min":38,"pct_commercial_10min":38,"pct_education_10min":48,"pct_financial_services_10min":24,"pct_fitness_10min":43,"pct_healthcare_10min":52,"pct_parks_and_recreation_10min":38,"pct_public_establishment_10min":19,"pct_public_institutions_10min":67,"pct_religious_institutions_10min":29,"pct_senior_services_and_living_10min":14,"pct_services_10min":33,"pct_shelters_10min":19,"pct_tourism_10min":14,"pct_transportation_10min":24,"pct_trees_10min":24,"pct_clean_overall_10min":43,"pct_weighted_overall_10min":71,"pct_overall_15min":29,"pct_commercial_15min":33,"pct_education_15min":33,"pct_financial_services_15min":24,"pct_fitness_15min":29,"pct_healthcare_15min":33,"pct_parks_and_recreation_15min":29,"pct_public_establishment_15min":24,"pct_public_institutions_15min":62,"pct_religious_institutions_15min":33,"pct_senior_services_and_living_15min":14,"pct_services_15min":33,"pct_shelters_15min":29,"pct_tourism_15min":14,"pct_transportation_15min":14,"pct_trees_15min":24,"pct_clean_overall_15min":29,"pct_weighted_overall_15min":71,"pct_inv_clean_businesscenters":29,"pct_inv_clean_community-centers":90,"pct_inv_clean_education":90,"pct_inv_clean_health":67,"pct_inv_clean_playgrounds":95,"pct_inv_clean_shelters":38,"pct_inv_legacy_commercial":52,"pct_inv_legacy_education":71,"pct_inv_legacy_financial_services":33,"pct_inv_legacy_fitness":52,"pct_inv_legacy_healthcare":57,"pct_inv_legacy_parks_and_recreation":57,"pct_inv_legacy_public_establishment":29,"pct_inv_legacy_public_institutions":81,"pct_inv_legacy_religious_institutions":48,"pct_inv_legacy_senior_services_and_living":43,"pct_inv_legacy_services":52,"pct_inv_legacy_shelters":38,"pct_inv_legacy_tourism":29,"pct_inv_legacy_transportation":57},"geometry":{"type":"Polygon","coordinates":[[[34.79589,31.28641],[34.79589,31.28515],[34.79578,31.28134],[34.79608,31.27852],[34.79669,31.27671],[34.79758,31.27548],[34.79759,31.27549],[34.7976,31.27551],[34.79798,31.276],[34.79798,31.276],[34.79815,31.27609],[34.79835,31.27618],[34.79836,31.27618],[34.79848,31.27625],[34.79852,31.27627],[34.79856,31.27629],[34.79881,31.27639],[34.79884,31.2764],[34.79903,31.2765],[34.79946,31.27671],[34.79965,31.2768],[34.79986,31.27689],[34.80006,31.27698],[34.80011,31.277],[34.80046,31.27712],[34.8007,31.27719],[34.80071,31.27719],[34.80095,31.27726],[34.80121,31.27732],[34.80131,31.27735],[34.80154,31.27741],[34.80187,31.27747],[34.80194,31.27748],[34.80218,31.2775],[34.80246,31.27751],[34.80252,31.27751],[34.80253,31.27751],[34.80255,31.27751],[34.80268,31.27751],[34.80296,31.27749],[34.80305,31.27749],[34.80326,31.27746],[34.80333,31.27746],[34.8036,31.27739],[34.80395,31.27732],[34.80401,31.27731],[34.80431,31.27725],[34.80452,31.2772],[34.80452,31.27724],[34.80453,31.27736],[34.80458,31.27781],[34.8046,31.27782],[34.80466,31.27782],[34.80487,31.27788],[34.80501,31.27791],[34.8051,31.27796],[34.80536,31.27814],[34.80545,31.27821],[34.80552,31.27826],[34.8056,31.27832],[34.80568,31.27837],[34.80577,31.27844],[34.80585,31.27849],[34.80593,31.27856],[34.80604,31.27863],[34.80606,31.27863],[34.80608,31.27865],[34.80617,31.27873],[34.8064,31.27894],[34.80648,31.27901],[34.80651,31.27904],[34.80659,31.27913],[34.80663,31.27923],[34.80665,31.27931],[34.80665,31.27945],[34.80667,31.27961],[34.80667,31.27963],[34.80669,31.27967],[34.80675,31.27977],[34.8069,31.27998],[34.80696,31.28006],[34.80697,31.28007],[34.80704,31.28014],[34.80713,31.28022],[34.80719,31.28027],[34.80737,31.28045],[34.80738,31.28047],[34.80753,31.28067],[34.8076,31.28077],[34.80762,31.28079],[34.80768,31.28086],[34.8077,31.28088],[34.80774,31.28096],[34.80776,31.28099],[34.80777,31.281],[34.80777,31.28107],[34.80778,31.28108],[34.80786,31.2812],[34.80787,31.28121],[34.808,31.2813],[34.80828,31.28147],[34.80849,31.28155],[34.80854,31.28153],[34.8087,31.2816],[34.80882,31.28167],[34.80889,31.28173],[34.80891,31.28175],[34.80894,31.28179],[34.80897,31.28185],[34.809,31.28196],[34.80901,31.28209],[34.80898,31.28233],[34.80898,31.28241],[34.80902,31.2825],[34.80907,31.28262],[34.80916,31.28277],[34.80925,31.2829],[34.8094,31.28308],[34.80952,31.28323],[34.80953,31.28323],[34.80964,31.28335],[34.80981,31.28346],[34.80994,31.2835],[34.81006,31.28352],[34.81015,31.28355],[34.81018,31.28357],[34.81021,31.28359],[34.81027,31.28364],[34.81032,31.28369],[34.81033,31.28371],[34.81034,31.28371],[34.81036,31.28374],[34.81042,31.28382],[34.81044,31.28385],[34.81045,31.28387],[34.81047,31.28389],[34.81052,31.28394],[34.81057,31.28399],[34.81063,31.28402],[34.81075,31.28407],[34.81075,31.28409],[34.81076,31.2841],[34.81032,31.2846],[34.80979,31.28569],[34.80915,31.28698],[34.80894,31.28741],[34.8086,31.2881],[34.8084,31.28849],[34.80782,31.28887],[34.80697,31.28918],[34.80589,31.28937],[34.8053,31.28923],[34.80446,31.28905],[34.80322,31.28877],[34.80229,31.28862],[34.80084,31.28851],[34.79584,31.28787],[34.79589,31.28641]]]}},{"type":"Feature","properties":{"Name":"רמות","building_count":2809,"avg_overall_5min":292.33,"med_overall_5min":266.5,"avg_amenities_5min":78.23,"avg_trees_5min":580.97,"avg_street_lights_5min":275.43,"coverage_5min":99.9,"avg_commercial_5min":5.06,"avg_education_5min":10.17,"avg_financial_services_5min":0.49,"avg_fitness_5min":1.77,"avg_healthcare_5min":3.89,"avg_parks_and_recreation_5min":4.43,"avg_public_establishment_5min":1.65,"avg_public_institutions_5min":1.4,"avg_religious_institutions_5min":3.87,"avg_senior_services_and_living_5min":0.26,"avg_services_5min":7.72,"avg_shelters_5min":37.2,"avg_tourism_5min":0.31,"avg_transportation_5min":0.0,"avg_score_clean_5min":3582.89,"coverage_clean_5min":100.0,"avg_score_weighted_5min":52.02,"coverage_weighted_5min":100.0,"avg_score_weighted_environmental_quality_5min":35.62,"avg_score_weighted_sub_environmental_quality_roads_5min":62.42,"avg_score_weighted_sub_environmental_quality_shade_5min":2.62,"avg_score_weighted_sub_environmental_quality_trees_5min":48.02,"avg_score_weighted_nature_5min":74.76,"avg_score_weighted_sub_nature_parks_5min":93.27,"avg_score_weighted_sub_nature_urban_nature_areas_5min":56.25,"avg_score_weighted_play_5min":85.51,"avg_score_weighted_sub_play_playgrounds_5min":85.51,"avg_score_weighted_safety_mobility_5min":46.52,"avg_score_weighted_sub_safety_mobility_bicycle_access_5min":0.18,"avg_score_weighted_sub_safety_mobility_bus_stops_5min":95.69,"avg_score_weighted_sub_safety_mobility_shelters_5min":19.4,"avg_score_weighted_sub_safety_mobility_street_lights_5min":66.86,"avg_score_weighted_family_services_5min":36.87,"avg_score_weighted_sub_family_services_business_5min":30.79,"avg_score_weighted_sub_family_services_community_5min":0.0,"avg_score_weighted_sub_family_services_education_5min":52.69,"avg_score_weighted_sub_family_services_health_5min":49.7,"avg_overall_10min":831.84,"med_overall_10min":882.25,"avg_amenities_10min":204.72,"avg_trees_10min":1683.24,"avg_street_lights_10min":825.25,"coverage_10min":100.0,"avg_commercial_10min":13.81,"avg_education_10min":25.96,"avg_financial_services_10min":2.21,"avg_fitness_10min":6.57,"avg_healthcare_10min":9.62,"avg_parks_and_recreation_10min":16.18,"avg_public_establishment_10min":4.28,"avg_public_institutions_10min":2.72,"avg_religious_institutions_10min":9.95,"avg_senior_services_and_living_10min":0.51,"avg_services_10min":20.78,"avg_shelters_10min":91.11,"avg_tourism_10min":0.99,"avg_transportation_10min":0.03,"avg_score_clean_10min":10463.32,"coverage_clean_10min":100.0,"avg_score_weighted_10min":52.02,"coverage_weighted_10min":100.0,"avg_score_weighted_environmental_quality_10min":35.62,"avg_score_weighted_sub_environmental_quality_roads_10min":62.42,"avg_score_weighted_sub_environmental_quality_shade_10min":2.62,"avg_score_weighted_sub_environmental_quality_trees_10min":48.02,"avg_score_weighted_nature_10min":74.76,"avg_score_weighted_sub_nature_parks_10min":93.27,"avg_score_weighted_sub_nature_urban_nature_areas_10min":56.25,"avg_score_weighted_play_10min":85.51,"avg_score_weighted_sub_play_playgrounds_10min":85.51,"avg_score_weighted_safety_mobility_10min":46.52,"avg_score_weighted_sub_safety_mobility_bicycle_access_10min":0.18,"avg_score_weighted_sub_safety_mobility_bus_stops_10min":95.69,"avg_score_weighted_sub_safety_mobility_shelters_10min":19.4,"avg_score_weighted_sub_safety_mobility_street_lights_10min":66.86,"avg_score_weighted_family_services_10min":36.87,"avg_score_weighted_sub_family_services_business_10min":30.79,"avg_score_weighted_sub_family_services_community_10min":0.0,"avg_score_weighted_sub_family_services_education_10min":52.69,"avg_score_weighted_sub_family_services_health_10min":49.7,"avg_overall_15min":1614.39,"med_overall_15min":1628.5,"avg_amenities_15min":393.35,"avg_trees_15min":3273.41,"avg_street_lights_15min":1610.76,"coverage_15min":100.0,"avg_commercial_15min":34.41,"avg_education_15min":51.29,"avg_financial_services_15min":5.6,"avg_fitness_15min":13.45,"avg_healthcare_15min":18.98,"avg_parks_and_recreation_15min":49.55,"avg_public_establishment_15min":9.12,"avg_public_institutions_15min":4.98,"avg_religious_institutions_15min":19.58,"avg_senior_services_and_living_15min":0.65,"avg_services_15min":41.44,"avg_shelters_15min":140.59,"avg_tourism_15min":3.25,"avg_transportation_15min":0.44,"avg_score_clean_15min":20438.94,"coverage_clean_15min":100.0,"avg_score_weighted_15min":52.02,"coverage_weighted_15min":100.0,"avg_score_weighted_environmental_quality_15min":35.62,"avg_score_weighted_sub_environmental_quality_roads_15min":62.42,"avg_score_weighted_sub_environmental_quality_shade_15min":2.62,"avg_score_weighted_sub_environmental_quality_trees_15min":48.02,"avg_score_weighted_nature_15min":74.76,"avg_score_weighted_sub_nature_parks_15min":93.27,"avg_score_weighted_sub_nature_urban_nature_areas_15min":56.25,"avg_score_weighted_play_15min":85.51,"avg_score_weighted_sub_play_playgrounds_15min":85.51,"avg_score_weighted_safety_mobility_15min":46.52,"avg_score_weighted_sub_safety_mobility_bicycle_access_15min":0.18,"avg_score_weighted_sub_safety_mobility_bus_stops_15min":95.69,"avg_score_weighted_sub_safety_mobility_shelters_15min":19.4,"avg_score_weighted_sub_safety_mobility_street_lights_15min":66.86,"avg_score_weighted_family_services_15min":36.87,"avg_score_weighted_sub_family_services_business_15min":30.79,"avg_score_weighted_sub_family_services_community_15min":0.0,"avg_score_weighted_sub_family_services_education_15min":52.69,"avg_score_weighted_sub_family_services_health_15min":49.7,"pct_overall_5min":43,"pct_commercial_5min":29,"pct_education_5min":38,"pct_financial_services_5min":38,"pct_fitness_5min":29,"pct_healthcare_5min":43,"pct_parks_and_recreation_5min":43,"pct_public_establishment_5min":52,"pct_public_institutions_5min":57,"pct_religious_institutions_5min":52,"pct_senior_services_and_living_5min":52,"pct_services_5min":33,"pct_shelters_5min":90,"pct_tourism_5min":33,"pct_transportation_5min":38,"pct_trees_5min":48,"pct_clean_overall_5min":43,"pct_weighted_overall_5min":33,"pct_overall_10min":33,"pct_commercial_10min":24,"pct_education_10min":29,"pct_financial_services_10min":38,"pct_fitness_10min":33,"pct_healthcare_10min":29,"pct_parks_and_recreation_10min":33,"pct_public_establishment_10min":48,"pct_public_institutions_10min":29,"pct_religious_institutions_10min":38,"pct_senior_services_and_living_10min":33,"pct_services_10min":29,"pct_shelters_10min":86,"pct_tourism_10min":19,"pct_transportation_10min":24,"pct_trees_10min":38,"pct_clean_overall_10min":29,"pct_weighted_overall_10min":33,"pct_overall_15min":33,"pct_commercial_15min":19,"pct_education_15min":29,"pct_financial_services_15min":38,"pct_fitness_15min":38,"pct_healthcare_15min":29,"pct_parks_and_recreation_15min":33,"pct_public_establishment_15min":48,"pct_public_institutions_15min":29,"pct_religious_institutions_15min":38,"pct_senior_services_and_living_15min":24,"pct_services_15min":24,"pct_shelters_15min":71,"pct_tourism_15min":33,"pct_transportation_15min":19,"pct_trees_15min":33,"pct_clean_overall_15min":33,"pct_weighted_overall_15min":33,"pct_inv_clean_businesscenters":100,"pct_inv_clean_community-centers":48,"pct_inv_clean_education":71,"pct_inv_clean_health":76,"pct_inv_clean_playgrounds":90,"pct_inv_clean_shelters":90,"pct_inv_legacy_commercial":43,"pct_inv_legacy_education":67,"pct_inv_legacy_financial_services":71,"pct_inv_legacy_fitness":76,"pct_inv_legacy_healthcare":76,"pct_inv_legacy_parks_and_recreation":67,"pct_inv_legacy_public_establishment":86,"pct_inv_legacy_public_institutions":62,"pct_inv_legacy_religious_institutions":81,"pct_inv_legacy_senior_services_and_living":71,"pct_inv_legacy_services":67,"pct_inv_legacy_shelters":90,"pct_inv_legacy_tourism":86,"pct_inv_legacy_transportation":57},"geometry":{"type":"Polygon","coordinates":[[[34.82293,31.25442],[34.82297,31.25438],[34.82311,31.25453],[34.82366,31.25511],[34.82412,31.25559],[34.82428,31.25572],[34.82445,31.25589],[34.8249,31.25628],[34.82491,31.2563],[34.82493,31.25632],[34.825,31.25638],[34.82545,31.25678],[34.82573,31.25702],[34.82616,31.25739],[34.8264,31.25759],[34.82675,31.25788],[34.82706,31.25813],[34.82744,31.25836],[34.82768,31.25848],[34.82799,31.25865],[34.82812,31.25872],[34.82818,31.25875],[34.82826,31.25879],[34.82846,31.25889],[34.82871,31.25901],[34.82967,31.2595],[34.82967,31.25952],[34.82968,31.25959],[34.8297,31.25959],[34.82981,31.26044],[34.83002,31.26259],[34.83002,31.26266],[34.83011,31.26357],[34.83024,31.2649],[34.83021,31.26618],[34.83017,31.26658],[34.83013,31.26682],[34.8301,31.26702],[34.83003,31.26738],[34.82984,31.26806],[34.82937,31.26956],[34.82829,31.27299],[34.82712,31.27674],[34.82598,31.28052],[34.82595,31.28061],[34.82595,31.28063],[34.82591,31.28066],[34.82584,31.28072],[34.81077,31.2843],[34.81077,31.28414],[34.81076,31.28411],[34.81076,31.2841],[34.81075,31.28409],[34.81075,31.28407],[34.81063,31.28402],[34.81057,31.28399],[34.81052,31.28394],[34.81047,31.28389],[34.81045,31.28387],[34.81044,31.28385],[34.81042,31.28382],[34.81036,31.28374],[34.81034,31.28371],[34.81033,31.28371],[34.81032,31.28369],[34.81027,31.28364],[34.81021,31.28359],[34.81018,31.28357],[34.81015,31.28355],[34.81006,31.28352],[34.80994,31.2835],[34.80981,31.28346],[34.80964,31.28335],[34.80953,31.28323],[34.80952,31.28323],[34.8094,31.28308],[34.80925,31.2829],[34.80916,31.28277],[34.80907,31.28262],[34.80902,31.2825],[34.80898,31.28241],[34.80898,31.28233],[34.80901,31.28209],[34.809,31.28196],[34.80897,31.28185],[34.80894,31.28179],[34.80891,31.28175],[34.80889,31.28173],[34.80882,31.28167],[34.8087,31.2816],[34.80854,31.28153],[34.80849,31.28155],[34.80828,31.28147],[34.808,31.2813],[34.80787,31.28121],[34.80786,31.2812],[34.80778,31.28108],[34.80777,31.28107],[34.80777,31.281],[34.80776,31.28099],[34.80774,31.28096],[34.8077,31.28088],[34.80768,31.28086],[34.80762,31.28079],[34.8076,31.28077],[34.80753,31.28067],[34.80738,31.28047],[34.80737,31.28045],[34.80719,31.28027],[34.80713,31.28022],[34.80704,31.28014],[34.80697,31.28007],[34.80696,31.28006],[34.8069,31.27998],[34.80675,31.27977],[34.80669,31.27967],[34.80667,31.27963],[34.80667,31.27961],[34.80665,31.27945],[34.80665,31.27931],[34.80663,31.27923],[34.80659,31.27913],[34.80651,31.27904],[34.80648,31.27901],[34.8064,31.27894],[34.80617,31.27873],[34.80608,31.27865],[34.80606,31.27863],[34.80604,31.27863],[34.80593,31.27856],[34.80585,31.27849],[34.80577,31.27844],[34.80568,31.27837],[34.8056,31.27832],[34.80552,31.27826],[34.80545,31.27821],[34.80536,31.27814],[34.8051,31.27796],[34.80501,31.27791],[34.80487,31.27788],[34.80466,31.27782],[34.8046,31.27782],[34.80458,31.27781],[34.80453,31.27736],[34.80452,31.27724],[34.80452,31.2772],[34.80431,31.27725],[34.80401,31.27731],[34.80395,31.27732],[34.8036,31.27739],[34.80333,31.27746],[34.80326,31.27746],[34.80305,31.27749],[34.80296,31.27749],[34.80268,31.27751],[34.80255,31.27751],[34.80253,31.27751],[34.80252,31.27751],[34.80246,31.27751],[34.80218,31.2775],[34.80194,31.27748],[34.80187,31.27747],[34.80154,31.27741],[34.80131,31.27735],[34.80121,31.27732],[34.80095,31.27726],[34.80071,31.27719],[34.8007,31.27719],[34.80046,31.27712],[34.80011,31.277],[34.80006,31.27698],[34.79986,31.27689],[34.79965,31.2768],[34.79946,31.27671],[34.79903,31.2765],[34.79884,31.2764],[34.79881,31.27639],[34.79856,31.27629],[34.79852,31.27627],[34.79848,31.27625],[34.79836,31.27618],[34.79835,31.27618],[34.79815,31.27609],[34.79798,31.276],[34.79798,31.276],[34.7976,31.27551],[34.79759,31.27549],[34.79758,31.27548],[34.79765,31.27537],[34.79776,31.27518],[34.79781,31.27509],[34.79784,31.27504],[34.79786,31.275],[34.79806,31.27468],[34.7981,31.27461],[34.79818,31.27448],[34.79835,31.27418],[34.79839,31.27411],[34.79868,31.27365],[34.79874,31.27356],[34.79916,31.27284],[34.79924,31.27271],[34.79957,31.27217],[34.79985,31.27169],[34.79993,31.27155],[34.80022,31.27107],[34.8004,31.27075],[34.80044,31.27069],[34.80061,31.2704],[34.80114,31.26954],[34.80114,31.26953],[34.80147,31.269],[34.80191,31.26826],[34.80226,31.26767],[34.80239,31.26744],[34.80251,31.26725],[34.80259,31.26712],[34.8026,31.26711],[34.80287,31.26666],[34.80312,31.26622],[34.80338,31.26583],[34.80345,31.26572],[34.80353,31.26561],[34.80382,31.26528],[34.80383,31.26527],[34.80397,31.26513],[34.80428,31.26484],[34.80449,31.26467],[34.80467,31.26454],[34.80486,31.26441],[34.80516,31.26422],[34.80539,31.26409],[34.80542,31.26406],[34.80545,31.26405],[34.80562,31.26396],[34.80573,31.2639],[34.80599,31.26378],[34.80631,31.26363],[34.80632,31.26362],[34.80641,31.26358],[34.8065,31.26354],[34.80666,31.26347],[34.80668,31.26346],[34.8067,31.26345],[34.80734,31.26314],[34.80749,31.26307],[34.80848,31.26261],[34.80857,31.26256],[34.80883,31.26244],[34.80949,31.26212],[34.80951,31.26211],[34.81044,31.26166],[34.81098,31.26141],[34.81111,31.26135],[34.81113,31.26134],[34.81114,31.26133],[34.81118,31.26131],[34.81259,31.26064],[34.81283,31.26053],[34.81323,31.26033],[34.8137,31.26009],[34.81432,31.25981],[34.81481,31.25956],[34.81608,31.25895],[34.81689,31.25856],[34.81909,31.2575],[34.81974,31.25719],[34.81975,31.25716],[34.81977,31.25717],[34.8198,31.25716],[34.82,31.25706],[34.82017,31.25697],[34.82021,31.25694],[34.8204,31.25683],[34.82068,31.25666],[34.82089,31.25651],[34.82107,31.25635],[34.8213,31.25613],[34.82153,31.2559],[34.82222,31.25518],[34.82276,31.2546],[34.82293,31.25442]]]}},{"type":"Feature","properties":{"Name":"שכונה ד","building_count":1781,"avg_overall_5min":409.68,"med_overall_5min":390.5,"avg_amenities_5min":159.68,"avg_trees_5min":713.51,"avg_street_lights_5min":286.47,"coverage_5min":100.0,"avg_commercial_5min":23.91,"avg_education_5min":17.11,"avg_financial_services_5min":1.88,"avg_fitness_5min":3.28,"avg_healthcare_5min":7.46,"avg_parks_and_recreation_5min":23.73,"avg_public_establishment_5min":3.16,"avg_public_institutions_5min":2.29,"avg_religious_institutions_5min":13.53,"avg_senior_services_and_living_5min":1.09,"avg_services_5min":11.29,"avg_shelters_5min":48.1,"avg_tourism_5min":2.21,"avg_transportation_5min":0.63,"avg_score_clean_5min":4290.73,"coverage_clean_5min":100.0,"avg_score_weighted_5min":61.02,"coverage_weighted_5min":100.0,"avg_score_weighted_environmental_quality_5min":38.83,"avg_score_weighted_sub_environmental_quality_roads_5min":56.93,"avg_score_weighted_sub_environmental_quality_shade_5min":12.72,"avg_score_weighted_sub_environmental_quality_trees_5min":54.86,"avg_score_weighted_nature_5min":78.93,"avg_score_weighted_sub_nature_parks_5min":99.41,"avg_score_weighted_sub_nature_urban_nature_areas_5min":58.45,"avg_score_weighted_play_5min":91.97,"avg_score_weighted_sub_play_playgrounds_5min":91.97,"avg_score_weighted_safety_mobility_5min":48.76,"avg_score_weighted_sub_safety_mobility_bicycle_access_5min":0.79,"avg_score_weighted_sub_safety_mobility_bus_stops_5min":99.47,"avg_score_weighted_sub_safety_mobility_shelters_5min":24.76,"avg_score_weighted_sub_safety_mobility_street_lights_5min":59.29,"avg_score_weighted_family_services_5min":61.69,"avg_score_weighted_sub_family_services_business_5min":38.07,"avg_score_weighted_sub_family_services_community_5min":41.1,"avg_score_weighted_sub_family_services_education_5min":85.93,"avg_score_weighted_sub_family_services_health_5min":66.93,"avg_overall_10min":1359.09,"med_overall_10min":1384.5,"avg_amenities_10min":514.84,"avg_trees_10min":2418.51,"avg_street_lights_10min":958.48,"coverage_10min":100.0,"avg_commercial_10min":75.49,"avg_education_10min":66.42,"avg_financial_services_10min":5.94,"avg_fitness_10min":14.95,"avg_healthcare_10min":27.93,"avg_parks_and_recreation_10min":76.55,"avg_public_establishment_10min":13.88,"avg_public_institutions_10min":9.16,"avg_religious_institutions_10min":41.08,"avg_senior_services_and_living_10min":3.83,"avg_services_10min":38.3,"avg_shelters_10min":132.77,"avg_tourism_10min":6.72,"avg_transportation_10min":1.83,"avg_score_clean_10min":14460.6,"coverage_clean_10min":100.0,"avg_score_weighted_10min":61.02,"coverage_weighted_10min":100.0,"avg_score_weighted_environmental_quality_10min":38.83,"avg_score_weighted_sub_environmental_quality_roads_10min":56.93,"avg_score_weighted_sub_environmental_quality_shade_10min":12.72,"avg_score_weighted_sub_environmental_quality_trees_10min":54.86,"avg_score_weighted_nature_10min":78.93,"avg_score_weighted_sub_nature_parks_10min":99.41,"avg_score_weighted_sub_nature_urban_nature_areas_10min":58.45,"avg_score_weighted_play_10min":91.97,"avg_score_weighted_sub_play_playgrounds_10min":91.97,"avg_score_weighted_safety_mobility_10min":48.76,"avg_score_weighted_sub_safety_mobility_bicycle_access_10min":0.79,"avg_score_weighted_sub_safety_mobility_bus_stops_10min":99.47,"avg_score_weighted_sub_safety_mobility_shelters_10min":24.76,"avg_score_weighted_sub_safety_mobility_street_lights_10min":59.29,"avg_score_weighted_family_services_10min":61.69,"avg_score_weighted_sub_family_services_business_10min":38.07,"avg_score_weighted_sub_family_services_community_10min":41.1,"avg_score_weighted_sub_family_services_education_10min":85.93,"avg_score_weighted_sub_family_services_health_10min":66.93,"avg_overall_15min":2857.99,"med_overall_15min":2895.25,"avg_amenities_15min":1041.1,"avg_trees_15min":5202.68,"avg_street_lights_15min":2064.87,"coverage_15min":100.0,"avg_commercial_15min":153.88,"avg_education_15min":138.63,"avg_financial_services_15min":12.89,"avg_fitness_15min":33.53,"avg_healthcare_15min":66.52,"avg_parks_and_recreation_15min":149.87,"avg_public_establishment_15min":32.21,"avg_public_institutions_15min":18.09,"avg_religious_institutions_15min":73.02,"avg_senior_services_and_living_15min":8.26,"avg_services_15min":88.56,"avg_shelters_15min":250.38,"avg_tourism_15min":12.17,"avg_transportation_15min":3.09,"avg_score_clean_15min":30970.41,"coverage_clean_15min":100.0,"avg_score_weighted_15min":61.02,"coverage_weighted_15min":100.0,"avg_score_weighted_environmental_quality_15min":38.83,"avg_score_weighted_sub_environmental_quality_roads_15min":56.93,"avg_score_weighted_sub_environmental_quality_shade_15min":12.72,"avg_score_weighted_sub_environmental_quality_trees_15min":54.86,"avg_score_weighted_nature_15min":78.93,"avg_score_weighted_sub_nature_parks_15min":99.41,"avg_score_weighted_sub_nature_urban_nature_areas_15min":58.45,"avg_score_weighted_play_15min":91.97,"avg_score_weighted_sub_play_playgrounds_15min":91.97,"avg_score_weighted_safety_mobility_15min":48.76,"avg_score_weighted_sub_safety_mobility_bicycle_access_15min":0.79,"avg_score_weighted_sub_safety_mobility_bus_stops_15min":99.47,"avg_score_weighted_sub_safety_mobility_shelters_15min":24.76,"avg_score_weighted_sub_safety_mobility_street_lights_15min":59.29,"avg_score_weighted_family_services_15min":61.69,"avg_score_weighted_sub_family_services_business_15min":38.07,"avg_score_weighted_sub_family_services_community_15min":41.1,"avg_score_weighted_sub_family_services_education_15min":85.93,"avg_score_weighted_sub_family_services_health_15min":66.93,"pct_overall_5min":81,"pct_commercial_5min":76,"pct_education_5min":81,"pct_financial_services_5min":71,"pct_fitness_5min":62,"pct_healthcare_5min":71,"pct_parks_and_recreation_5min":90,"pct_public_establishment_5min":76,"pct_public_institutions_5min":76,"pct_religious_institutions_5min":100,"pct_senior_services_and_living_5min":86,"pct_services_5min":62,"pct_shelters_5min":95,"pct_tourism_5min":90,"pct_transportation_5min":90,"pct_trees_5min":90,"pct_clean_overall_5min":90,"pct_weighted_overall_5min":100,"pct_overall_10min":71,"pct_commercial_10min":62,"pct_education_10min":81,"pct_financial_services_10min":67,"pct_fitness_10min":62,"pct_healthcare_10min":71,"pct_parks_and_recreation_10min":81,"pct_public_establishment_10min":81,"pct_public_institutions_10min":81,"pct_religious_institutions_10min":100,"pct_senior_services_and_living_10min":90,"pct_services_10min":52,"pct_shelters_10min":95,"pct_tourism_10min":90,"pct_transportation_10min":81,"pct_trees_10min":67,"pct_clean_overall_10min":67,"pct_weighted_overall_10min":100,"pct_overall_15min":71,"pct_commercial_15min":57,"pct_education_15min":71,"pct_financial_services_15min":67,"pct_fitness_15min":62,"pct_healthcare_15min":71,"pct_parks_and_recreation_15min":76,"pct_public_establishment_15min":86,"pct_public_institutions_15min":71,"pct_religious_institutions_15min":90,"pct_senior_services_and_living_15min":95,"pct_services_15min":48,"pct_shelters_15min":100,"pct_tourism_15min":81,"pct_transportation_15min":76,"pct_trees_15min":62,"pct_clean_overall_15min":67,"pct_weighted_overall_15min":100,"pct_inv_clean_businesscenters":100,"pct_inv_clean_community-centers":100,"pct_inv_clean_education":90,"pct_inv_clean_health":100,"pct_inv_clean_playgrounds":62,"pct_inv_clean_shelters":100,"pct_inv_legacy_commercial":86,"pct_inv_legacy_education":90,"pct_inv_legacy_financial_services":86,"pct_inv_legacy_fitness":81,"pct_inv_legacy_healthcare":90,"pct_inv_legacy_parks_and_recreation":95,"pct_inv_legacy_public_establishment":95,"pct_inv_legacy_public_institutions":90,"pct_inv_legacy_religious_institutions":100,"pct_inv_legacy_senior_services_and_living":100,"pct_inv_legacy_services":71,"pct_inv_legacy_shelters":100,"pct_inv_legacy_tourism":95,"pct_inv_legacy_transportation":95},"geometry":{"type":"Polygon","coordinates":[[[34.79806,31.25851],[34.79807,31.25854],[34.79808,31.25885],[34.79811,31.2592],[34.79812,31.2593],[34.79812,31.25931],[34.79816,31.25999],[34.79824,31.26106],[34.79824,31.26142],[34.79822,31.26175],[34.79822,31.2621],[34.7982,31.26289],[34.79819,31.26366],[34.79818,31.26399],[34.79818,31.26401],[34.79821,31.26401],[34.79842,31.26402],[34.79855,31.26402],[34.79895,31.26402],[34.79913,31.26402],[34.79966,31.26401],[34.80032,31.26401],[34.80106,31.26402],[34.80123,31.26402],[34.80123,31.26405],[34.80124,31.26469],[34.80125,31.26492],[34.8018,31.26493],[34.8018,31.26522],[34.80182,31.26522],[34.80237,31.26522],[34.80238,31.26522],[34.80274,31.26522],[34.8027,31.26523],[34.80382,31.26528],[34.80353,31.26561],[34.80345,31.26572],[34.80338,31.26583],[34.80312,31.26622],[34.80287,31.26666],[34.8026,31.26711],[34.80259,31.26712],[34.80251,31.26725],[34.80239,31.26744],[34.80226,31.26767],[34.80191,31.26826],[34.80147,31.269],[34.80114,31.26953],[34.80114,31.26954],[34.80061,31.2704],[34.80044,31.27069],[34.8004,31.27075],[34.80022,31.27107],[34.79993,31.27155],[34.79985,31.27169],[34.79957,31.27217],[34.79924,31.27271],[34.79916,31.27284],[34.79874,31.27356],[34.79868,31.27365],[34.79839,31.27411],[34.79835,31.27418],[34.79818,31.27448],[34.7981,31.27461],[34.79806,31.27468],[34.79786,31.275],[34.79784,31.27504],[34.79781,31.27509],[34.79776,31.27518],[34.79765,31.27537],[34.79758,31.27548],[34.79676,31.27527],[34.79672,31.27526],[34.79645,31.27519],[34.79637,31.27519],[34.79632,31.27519],[34.79629,31.27521],[34.79581,31.27572],[34.79561,31.27596],[34.79546,31.27587],[34.79528,31.27579],[34.79512,31.27572],[34.795,31.27568],[34.79471,31.27559],[34.79459,31.27555],[34.79448,31.2755],[34.79438,31.27548],[34.79424,31.27547],[34.79417,31.27547],[34.79411,31.27548],[34.79408,31.27549],[34.79402,31.27554],[34.79398,31.27556],[34.79393,31.27564],[34.79386,31.27571],[34.79385,31.27573],[34.79383,31.27572],[34.79371,31.27566],[34.79362,31.27563],[34.79353,31.2756],[34.79342,31.27558],[34.79334,31.27555],[34.79326,31.27554],[34.79318,31.27552],[34.79301,31.27549],[34.7928,31.27545],[34.79263,31.27543],[34.79244,31.27539],[34.79225,31.27539],[34.79176,31.27538],[34.79174,31.27538],[34.79133,31.27537],[34.79116,31.27539],[34.79089,31.2754],[34.79076,31.27539],[34.79047,31.27538],[34.79046,31.27538],[34.79033,31.27538],[34.79027,31.27539],[34.79017,31.27539],[34.79015,31.27538],[34.79012,31.27538],[34.79011,31.27538],[34.79008,31.27538],[34.78994,31.27537],[34.78985,31.27537],[34.7897,31.27536],[34.78939,31.27531],[34.78924,31.27528],[34.78914,31.27525],[34.78886,31.2752],[34.78876,31.27518],[34.78863,31.27518],[34.78852,31.27518],[34.78837,31.27522],[34.7882,31.27527],[34.78804,31.27532],[34.78794,31.27537],[34.78782,31.2754],[34.78772,31.27544],[34.7875,31.27551],[34.78743,31.27554],[34.78739,31.27556],[34.78727,31.27559],[34.78705,31.27567],[34.78699,31.27569],[34.78677,31.27577],[34.78639,31.27591],[34.78603,31.27602],[34.78572,31.27613],[34.7856,31.27616],[34.78536,31.27618],[34.78525,31.27618],[34.78514,31.27617],[34.78506,31.27615],[34.78476,31.27612],[34.78466,31.27611],[34.78455,31.27609],[34.78432,31.27603],[34.78415,31.27597],[34.7837,31.27583],[34.78352,31.27579],[34.78335,31.27577],[34.78313,31.27575],[34.78293,31.27574],[34.78212,31.27566],[34.7819,31.27563],[34.78174,31.2756],[34.78159,31.27558],[34.78109,31.27557],[34.78097,31.27556],[34.78086,31.27554],[34.7808,31.27551],[34.78079,31.27545],[34.78079,31.2754],[34.78081,31.27536],[34.78082,31.27535],[34.78087,31.2753],[34.78087,31.27529],[34.78108,31.27421],[34.78126,31.27324],[34.78128,31.27321],[34.78125,31.27315],[34.78145,31.27175],[34.78145,31.27171],[34.78146,31.27167],[34.78149,31.27146],[34.78158,31.27125],[34.78168,31.27106],[34.78182,31.2708],[34.78197,31.27055],[34.78207,31.27043],[34.78233,31.27016],[34.78248,31.26997],[34.78269,31.26975],[34.78277,31.26969],[34.78289,31.2696],[34.78315,31.26938],[34.78324,31.26932],[34.78344,31.26918],[34.7837,31.26903],[34.78385,31.26894],[34.78415,31.26878],[34.78449,31.26858],[34.78486,31.26835],[34.78535,31.26807],[34.78537,31.26807],[34.78549,31.26799],[34.78584,31.26781],[34.78613,31.26766],[34.78624,31.26761],[34.78641,31.26752],[34.78654,31.26744],[34.78655,31.26744],[34.78656,31.26743],[34.78665,31.26738],[34.78676,31.26731],[34.78677,31.2673],[34.78678,31.26729],[34.78698,31.26715],[34.78711,31.26704],[34.78714,31.26702],[34.78715,31.26701],[34.78716,31.267],[34.78734,31.26685],[34.78742,31.26678],[34.78753,31.26669],[34.78775,31.26651],[34.78801,31.26629],[34.7881,31.26621],[34.78814,31.26618],[34.78824,31.26609],[34.78826,31.26608],[34.78827,31.26606],[34.78841,31.26592],[34.78858,31.26576],[34.78882,31.26547],[34.78892,31.26534],[34.78913,31.265],[34.78917,31.26493],[34.78919,31.26489],[34.78925,31.26475],[34.78935,31.26453],[34.78942,31.26431],[34.78944,31.26418],[34.78945,31.26415],[34.78946,31.26388],[34.78943,31.26377],[34.78941,31.26367],[34.78937,31.26348],[34.78935,31.26338],[34.78932,31.26326],[34.78928,31.26312],[34.78924,31.26299],[34.78916,31.26273],[34.78916,31.26271],[34.78915,31.2627],[34.78906,31.26249],[34.78902,31.26242],[34.78879,31.26206],[34.78872,31.26193],[34.78849,31.26159],[34.78848,31.26158],[34.78832,31.26132],[34.78822,31.26113],[34.78821,31.26111],[34.78799,31.2607],[34.78797,31.26066],[34.78785,31.26035],[34.7878,31.26019],[34.78779,31.26016],[34.78776,31.26005],[34.78775,31.25963],[34.78771,31.25909],[34.78771,31.25906],[34.78773,31.25906],[34.78805,31.25902],[34.7885,31.25899],[34.78868,31.25898],[34.78887,31.25895],[34.78905,31.25893],[34.78935,31.25888],[34.78956,31.25884],[34.78981,31.2588],[34.78987,31.25879],[34.78991,31.25878],[34.78996,31.25877],[34.79037,31.25868],[34.79053,31.25864],[34.79054,31.25864],[34.79054,31.25864],[34.79055,31.25864],[34.79095,31.25856],[34.79122,31.25851],[34.79183,31.25841],[34.79204,31.2584],[34.79205,31.2584],[34.79206,31.2584],[34.79211,31.2584],[34.79224,31.2584],[34.79256,31.2584],[34.79287,31.2584],[34.79415,31.25841],[34.79507,31.25842],[34.7951,31.25842],[34.79577,31.25844],[34.79647,31.25847],[34.79649,31.25847],[34.79651,31.25847],[34.79663,31.25848],[34.79711,31.25849],[34.79736,31.2585],[34.79792,31.25853],[34.79806,31.25851]]]}},{"type":"Feature","properties":{"Name":"שכונה ג","building_count":786,"avg_overall_5min":366.62,"med_overall_5min":366.0,"avg_amenities_5min":152.5,"avg_trees_5min":618.37,"avg_street_lights_5min":238.13,"coverage_5min":100.0,"avg_commercial_5min":17.96,"avg_education_5min":13.38,"avg_financial_services_5min":1.56,"avg_fitness_5min":6.65,"avg_healthcare_5min":7.89,"avg_parks_and_recreation_5min":13.58,"avg_public_establishment_5min":1.98,"avg_public_institutions_5min":1.53,"avg_religious_institutions_5min":9.62,"avg_senior_services_and_living_5min":1.29,"avg_services_5min":16.09,"avg_shelters_5min":59.35,"avg_tourism_5min":1.32,"avg_transportation_5min":0.31,"avg_score_clean_5min":3699.09,"coverage_clean_5min":100.0,"avg_score_weighted_5min":54.07,"coverage_weighted_5min":100.0,"avg_score_weighted_environmental_quality_5min":41.83,"avg_score_weighted_sub_environmental_quality_roads_5min":84.54,"avg_score_weighted_sub_environmental_quality_shade_5min":1.21,"avg_score_weighted_sub_environmental_quality_trees_5min":37.66,"avg_score_weighted_nature_5min":76.21,"avg_score_weighted_sub_nature_parks_5min":98.98,"avg_score_weighted_sub_nature_urban_nature_areas_5min":53.44,"avg_score_weighted_play_5min":60.31,"avg_score_weighted_sub_play_playgrounds_5min":60.31,"avg_score_weighted_safety_mobility_5min":47.82,"avg_score_weighted_sub_safety_mobility_bicycle_access_5min":0.0,"avg_score_weighted_sub_safety_mobility_bus_stops_5min":100.0,"avg_score_weighted_sub_safety_mobility_shelters_5min":26.97,"avg_score_weighted_sub_safety_mobility_street_lights_5min":46.88,"avg_score_weighted_family_services_5min":53.07,"avg_score_weighted_sub_family_services_business_5min":29.01,"avg_score_weighted_sub_family_services_community_5min":18.96,"avg_score_weighted_sub_family_services_education_5min":78.12,"avg_score_weighted_sub_family_services_health_5min":66.79,"avg_overall_10min":1324.51,"med_overall_10min":1318.25,"avg_amenities_10min":544.08,"avg_trees_10min":2298.15,"avg_street_lights_10min":823.58,"coverage_10min":100.0,"avg_commercial_10min":79.64,"avg_education_10min":44.98,"avg_financial_services_10min":9.03,"avg_fitness_10min":23.55,"avg_healthcare_10min":34.42,"avg_parks_and_recreation_10min":54.39,"avg_public_establishment_10min":8.55,"avg_public_institutions_10min":7.56,"avg_religious_institutions_10min":26.71,"avg_senior_services_and_living_10min":3.65,"avg_services_10min":86.54,"avg_shelters_10min":159.76,"avg_tourism_10min":4.25,"avg_transportation_10min":1.05,"avg_score_clean_10min":13253.45,"coverage_clean_10min":100.0,"avg_score_weighted_10min":54.07,"coverage_weighted_10min":100.0,"avg_score_weighted_environmental_quality_10min":41.83,"avg_score_weighted_sub_environmental_quality_roads_10min":84.54,"avg_score_weighted_sub_environmental_quality_shade_10min":1.21,"avg_score_weighted_sub_environmental_quality_trees_10min":37.66,"avg_score_weighted_nature_10min":76.21,"avg_score_weighted_sub_nature_parks_10min":98.98,"avg_score_weighted_sub_nature_urban_nature_areas_10min":53.44,"avg_score_weighted_play_10min":60.31,"avg_score_weighted_sub_play_playgrounds_10min":60.31,"avg_score_weighted_safety_mobility_10min":47.82,"avg_score_weighted_sub_safety_mobility_bicycle_access_10min":0.0,"avg_score_weighted_sub_safety_mobility_bus_stops_10min":100.0,"avg_score_weighted_sub_safety_mobility_shelters_10min":26.97,"avg_score_weighted_sub_safety_mobility_street_lights_10min":46.88,"avg_score_weighted_family_services_10min":53.07,"avg_score_weighted_sub_family_services_business_10min":29.01,"avg_score_weighted_sub_family_services_community_10min":18.96,"avg_score_weighted_sub_family_services_education_10min":78.12,"avg_score_weighted_sub_family_services_health_10min":66.79,"avg_overall_15min":2831.15,"med_overall_15min":2928.38,"avg_amenities_15min":1224.57,"avg_trees_15min":4729.98,"avg_street_lights_15min":1696.33,"coverage_15min":100.0,"avg_commercial_15min":242.33,"avg_education_15min":88.41,"avg_financial_services_15min":29.17,"avg_fitness_15min":44.36,"avg_healthcare_15min":97.89,"avg_parks_and_recreation_15min":149.16,"avg_public_establishment_15min":23.45,"avg_public_institutions_15min":20.37,"avg_religious_institutions_15min":44.36,"avg_senior_services_and_living_15min":6.13,"avg_services_15min":228.92,"avg_shelters_15min":239.44,"avg_tourism_15min":7.92,"avg_transportation_15min":2.65,"avg_score_clean_15min":27026.51,"coverage_clean_15min":100.0,"avg_score_weighted_15min":54.07,"coverage_weighted_15min":100.0,"avg_score_weighted_environmental_quality_15min":41.83,"avg_score_weighted_sub_environmental_quality_roads_15min":84.54,"avg_score_weighted_sub_environmental_quality_shade_15min":1.21,"avg_score_weighted_sub_environmental_quality_trees_15min":37.66,"avg_score_weighted_nature_15min":76.21,"avg_score_weighted_sub_nature_parks_15min":98.98,"avg_score_weighted_sub_nature_urban_nature_areas_15min":53.44,"avg_score_weighted_play_15min":60.31,"avg_score_weighted_sub_play_playgrounds_15min":60.31,"avg_score_weighted_safety_mobility_15min":47.82,"avg_score_weighted_sub_safety_mobility_bicycle_access_15min":0.0,"avg_score_weighted_sub_safety_mobility_bus_stops_15min":100.0,"avg_score_weighted_sub_safety_mobility_shelters_15min":26.97,"avg_score_weighted_sub_safety_mobility_street_lights_15min":46.88,"avg_score_weighted_family_services_15min":53.07,"avg_score_weighted_sub_family_services_business_15min":29.01,"avg_score_weighted_sub_family_services_community_15min":18.96,"avg_score_weighted_sub_family_services_education_15min":78.12,"avg_score_weighted_sub_family_services_health_15min":66.79,"pct_overall_5min":71,"pct_commercial_5min":67,"pct_education_5min":52,"pct_financial_services_5min":67,"pct_fitness_5min":95,"pct_healthcare_5min":76,"pct_parks_and_recreation_5min":76,"pct_public_establishment_5min":57,"pct_public_institutions_5min":62,"pct_religious_institutions_5min":86,"pct_senior_services_and_living_5min":100,"pct_services_5min":76,"pct_shelters_5min":100,"pct_tourism_5min":76,"pct_transportation_5min":76,"pct_trees_5min":57,"pct_clean_overall_5min":48,"pct_weighted_overall_5min":48,"pct_overall_10min":67,"pct_commercial_10min":67,"pct_education_10min":52,"pct_financial_services_10min":81,"pct_fitness_10min":100,"pct_healthcare_10min":81,"pct_parks_and_recreation_10min":71,"pct_public_establishment_10min":57,"pct_public_institutions_10min":71,"pct_religious_institutions_10min":86,"pct_senior_services_and_living_10min":86,"pct_services_10min":81,"pct_shelters_10min":100,"pct_tourism_10min":76,"pct_transportation_10min":71,"pct_trees_10min":52,"pct_clean_overall_10min":52,"pct_weighted_overall_10min":48,"pct_overall_15min":62,"pct_commercial_15min":76,"pct_education_15min":48,"pct_financial_services_15min":86,"pct_fitness_15min":81,"pct_healthcare_15min":81,"pct_parks_and_recreation_15min":71,"pct_public_establishment_15min":67,"pct_public_institutions_15min":81,"pct_religious_institutions_15min":62,"pct_senior_services_and_living_15min":81,"pct_services_15min":86,"pct_shelters_15min":90,"pct_tourism_15min":76,"pct_transportation_15min":67,"pct_trees_15min":52,"pct_clean_overall_15min":43,"pct_weighted_overall_15min":48,"pct_inv_clean_businesscenters":67,"pct_inv_clean_community-centers":90,"pct_inv_clean_education":62,"pct_inv_clean_health":95,"pct_inv_clean_playgrounds":14,"pct_inv_clean_shelters":95,"pct_inv_legacy_commercial":67,"pct_inv_legacy_education":57,"pct_inv_legacy_financial_services":90,"pct_inv_legacy_fitness":100,"pct_inv_legacy_healthcare":86,"pct_inv_legacy_parks_and_recreation":71,"pct_inv_legacy_public_establishment":71,"pct_inv_legacy_public_institutions":71,"pct_inv_legacy_religious_institutions":90,"pct_inv_legacy_senior_services_and_living":95,"pct_inv_legacy_services":62,"pct_inv_legacy_shelters":95,"pct_inv_legacy_tourism":86,"pct_inv_legacy_transportation":71},"geometry":{"type":"Polygon","coordinates":[[[34.80614,31.24441],[34.80616,31.24448],[34.80628,31.24492],[34.80653,31.2455],[34.80655,31.24551],[34.80667,31.2456],[34.80677,31.24567],[34.80704,31.24588],[34.80708,31.2459],[34.80923,31.24753],[34.80925,31.24756],[34.80981,31.24839],[34.80997,31.24888],[34.81003,31.24906],[34.81023,31.24968],[34.81029,31.24986],[34.81061,31.25052],[34.81118,31.25127],[34.8112,31.2513],[34.81133,31.25146],[34.81133,31.25147],[34.81159,31.25176],[34.81178,31.25194],[34.81204,31.25222],[34.81222,31.25235],[34.81241,31.25249],[34.81272,31.25272],[34.81299,31.25292],[34.81301,31.25293],[34.81303,31.25292],[34.81312,31.25296],[34.8132,31.253],[34.81369,31.25319],[34.81415,31.25337],[34.81441,31.25345],[34.8145,31.25347],[34.81448,31.25349],[34.8141,31.25417],[34.81342,31.25531],[34.81341,31.25532],[34.8134,31.25534],[34.81315,31.25576],[34.81267,31.25659],[34.81265,31.25663],[34.81206,31.25764],[34.81198,31.25776],[34.81197,31.25777],[34.81189,31.25792],[34.81176,31.25808],[34.81158,31.25828],[34.81156,31.25831],[34.81126,31.2586],[34.81125,31.25862],[34.81123,31.25864],[34.81097,31.25891],[34.8109,31.25898],[34.8105,31.25939],[34.81041,31.25949],[34.8104,31.25949],[34.81008,31.25982],[34.8099,31.25998],[34.80968,31.26014],[34.8095,31.26026],[34.80931,31.26037],[34.80917,31.26043],[34.80596,31.26061],[34.80592,31.26029],[34.80587,31.26003],[34.80583,31.25989],[34.80583,31.25987],[34.80559,31.2597],[34.80545,31.25958],[34.80527,31.25944],[34.80512,31.25928],[34.80497,31.25912],[34.8048,31.25895],[34.80464,31.2588],[34.80426,31.25846],[34.80414,31.25834],[34.80411,31.25831],[34.80411,31.2583],[34.80403,31.25816],[34.80383,31.25784],[34.80382,31.25782],[34.80382,31.25782],[34.80381,31.25779],[34.80327,31.25757],[34.80285,31.25728],[34.80284,31.25727],[34.8026,31.25687],[34.80259,31.25685],[34.80237,31.25669],[34.80236,31.25668],[34.80198,31.2564],[34.80192,31.25635],[34.80174,31.25622],[34.80172,31.2562],[34.80165,31.25615],[34.80147,31.25602],[34.80133,31.25589],[34.80132,31.25588],[34.80127,31.25581],[34.80128,31.25574],[34.80128,31.25571],[34.80078,31.25568],[34.80075,31.25567],[34.80078,31.25551],[34.79788,31.25549],[34.79787,31.25546],[34.79786,31.25506],[34.79788,31.25481],[34.7979,31.25459],[34.79791,31.25435],[34.798,31.2527],[34.79806,31.25151],[34.79808,31.25099],[34.79808,31.25095],[34.79811,31.25095],[34.79855,31.25083],[34.79868,31.2508],[34.79912,31.2507],[34.7995,31.25063],[34.7999,31.25053],[34.80022,31.25041],[34.80043,31.2503],[34.8006,31.25018],[34.80075,31.25005],[34.80076,31.25005],[34.80121,31.24943],[34.80141,31.24919],[34.80166,31.24894],[34.80175,31.24887],[34.80182,31.24881],[34.80205,31.24863],[34.80208,31.2486],[34.80237,31.2484],[34.80245,31.24835],[34.80251,31.2483],[34.80261,31.24823],[34.80272,31.24816],[34.80287,31.24804],[34.803,31.24793],[34.80306,31.24788],[34.80321,31.2477],[34.80339,31.24752],[34.80342,31.24749],[34.80346,31.24745],[34.80352,31.24738],[34.80361,31.24728],[34.80369,31.24718],[34.80391,31.24686],[34.80407,31.24663],[34.80412,31.24649],[34.80429,31.24614],[34.80435,31.24602],[34.80466,31.24541],[34.80473,31.24529],[34.80476,31.24525],[34.80479,31.2452],[34.80491,31.24503],[34.80492,31.24502],[34.80493,31.24501],[34.80495,31.245],[34.8051,31.24486],[34.80534,31.24468],[34.80559,31.24455],[34.80575,31.24449],[34.80592,31.24443],[34.80611,31.24438],[34.80613,31.24438],[34.80614,31.24441]]]}},{"type":"Feature","properties":{"Name":"בן גוריון וסורוקה"},"geometry":{"type":"Polygon","coordinates":[[[34.79788,31.25549],[34.80078,31.25551],[34.80075,31.25567],[34.80078,31.25568],[34.80128,31.25571],[34.80128,31.25574],[34.80127,31.25581],[34.80132,31.25588],[34.80133,31.25589],[34.80147,31.25602],[34.80165,31.25615],[34.80172,31.2562],[34.80174,31.25622],[34.80192,31.25635],[34.80198,31.2564],[34.80236,31.25668],[34.80237,31.25669],[34.80259,31.25685],[34.8026,31.25687],[34.80284,31.25727],[34.80285,31.25728],[34.80327,31.25757],[34.80381,31.25779],[34.80382,31.25782],[34.80382,31.25782],[34.80383,31.25784],[34.80403,31.25816],[34.80411,31.2583],[34.80411,31.25831],[34.80414,31.25834],[34.80426,31.25846],[34.80464,31.2588],[34.8048,31.25895],[34.80497,31.25912],[34.80512,31.25928],[34.80527,31.25944],[34.80545,31.25958],[34.80559,31.2597],[34.80583,31.25987],[34.80583,31.25989],[34.80587,31.26003],[34.80592,31.26029],[34.80596,31.26061],[34.80917,31.26043],[34.80918,31.26047],[34.80945,31.26185],[34.80949,31.26212],[34.80883,31.26244],[34.80857,31.26256],[34.80848,31.26261],[34.80749,31.26307],[34.80734,31.26314],[34.8067,31.26345],[34.80668,31.26346],[34.80666,31.26347],[34.8065,31.26354],[34.80641,31.26358],[34.80632,31.26362],[34.80631,31.26363],[34.80599,31.26378],[34.80573,31.2639],[34.80562,31.26396],[34.80545,31.26405],[34.80542,31.26406],[34.80539,31.26409],[34.80516,31.26422],[34.80486,31.26441],[34.80467,31.26454],[34.80449,31.26467],[34.80428,31.26484],[34.80397,31.26513],[34.80383,31.26527],[34.80382,31.26528],[34.8027,31.26523],[34.80274,31.26522],[34.80238,31.26522],[34.80237,31.26522],[34.80182,31.26522],[34.8018,31.26522],[34.8018,31.26493],[34.80125,31.26492],[34.80124,31.26469],[34.80123,31.26405],[34.80123,31.26402],[34.80106,31.26402],[34.80032,31.26401],[34.79966,31.26401],[34.79913,31.26402],[34.79895,31.26402],[34.79855,31.26402],[34.79842,31.26402],[34.79821,31.26401],[34.79818,31.26401],[34.79818,31.26399],[34.79819,31.26366],[34.7982,31.26289],[34.79822,31.2621],[34.79822,31.26175],[34.79824,31.26142],[34.79824,31.26106],[34.79816,31.25999],[34.79812,31.25931],[34.79812,31.2593],[34.79811,31.2592],[34.79808,31.25885],[34.79807,31.25854],[34.79806,31.25851],[34.79801,31.25755],[34.79797,31.25699],[34.79793,31.25639],[34.7979,31.25581],[34.79788,31.25549]]]}},{"type":"Feature","properties":{"Name":"שכונה ו","building_count":1699,"avg_overall_5min":305.08,"med_overall_5min":305.75,"avg_amenities_5min":76.13,"avg_trees_5min":638.7,"avg_street_lights_5min":277.11,"coverage_5min":100.0,"avg_commercial_5min":13.59,"avg_education_5min":15.57,"avg_financial_services_5min":0.93,"avg_fitness_5min":3.13,"avg_healthcare_5min":6.14,"avg_parks_and_recreation_5min":7.22,"avg_public_establishment_5min":2.05,"avg_public_institutions_5min":0.63,"avg_religious_institutions_5min":4.68,"avg_senior_services_and_living_5min":1.11,"avg_services_5min":13.15,"avg_shelters_5min":7.43,"avg_tourism_5min":0.49,"avg_transportation_5min":0.0,"avg_score_clean_5min":3899.57,"coverage_clean_5min":100.0,"avg_score_weighted_5min":55.56,"coverage_weighted_5min":100.0,"avg_score_weighted_environmental_quality_5min":45.58,"avg_score_weighted_sub_environmental_quality_roads_5min":77.02,"avg_score_weighted_sub_environmental_quality_shade_5min":17.04,"avg_score_weighted_sub_environmental_quality_trees_5min":39.79,"avg_score_weighted_nature_5min":72.72,"avg_score_weighted_sub_nature_parks_5min":100.0,"avg_score_weighted_sub_nature_urban_nature_areas_5min":45.44,"avg_score_weighted_play_5min":99.12,"avg_score_weighted_sub_play_playgrounds_5min":99.12,"avg_score_weighted_safety_mobility_5min":43.26,"avg_score_weighted_sub_safety_mobility_bicycle_access_5min":0.0,"avg_score_weighted_sub_safety_mobility_bus_stops_5min":99.38,"avg_score_weighted_sub_safety_mobility_shelters_5min":8.65,"avg_score_weighted_sub_safety_mobility_street_lights_5min":66.54,"avg_score_weighted_family_services_5min":39.44,"avg_score_weighted_sub_family_services_business_5min":18.78,"avg_score_weighted_sub_family_services_community_5min":12.3,"avg_score_weighted_sub_family_services_education_5min":73.43,"avg_score_weighted_sub_family_services_health_5min":37.32,"avg_overall_10min":1207.36,"med_overall_10min":1211.0,"avg_amenities_10min":308.38,"avg_trees_10min":2496.73,"avg_street_lights_10min":1099.18,"coverage_10min":100.0,"avg_commercial_10min":51.32,"avg_education_10min":64.89,"avg_financial_services_10min":3.27,"avg_fitness_10min":14.06,"avg_healthcare_10min":24.93,"avg_parks_and_recreation_10min":26.79,"avg_public_establishment_10min":10.11,"avg_public_institutions_10min":2.81,"avg_religious_institutions_10min":19.8,"avg_senior_services_and_living_10min":4.31,"avg_services_10min":46.27,"avg_shelters_10min":37.27,"avg_tourism_10min":2.52,"avg_transportation_10min":0.02,"avg_score_clean_10min":15232.3,"coverage_clean_10min":100.0,"avg_score_weighted_10min":55.56,"coverage_weighted_10min":100.0,"avg_score_weighted_environmental_quality_10min":45.58,"avg_score_weighted_sub_environmental_quality_roads_10min":77.02,"avg_score_weighted_sub_environmental_quality_shade_10min":17.04,"avg_score_weighted_sub_environmental_quality_trees_10min":39.79,"avg_score_weighted_nature_10min":72.72,"avg_score_weighted_sub_nature_parks_10min":100.0,"avg_score_weighted_sub_nature_urban_nature_areas_10min":45.44,"avg_score_weighted_play_10min":99.12,"avg_score_weighted_sub_play_playgrounds_10min":99.12,"avg_score_weighted_safety_mobility_10min":43.26,"avg_score_weighted_sub_safety_mobility_bicycle_access_10min":0.0,"avg_score_weighted_sub_safety_mobility_bus_stops_10min":99.38,"avg_score_weighted_sub_safety_mobility_shelters_10min":8.65,"avg_score_weighted_sub_safety_mobility_street_lights_10min":66.54,"avg_score_weighted_family_services_10min":39.44,"avg_score_weighted_sub_family_services_business_10min":18.78,"avg_score_weighted_sub_family_services_community_10min":12.3,"avg_score_weighted_sub_family_services_education_10min":73.43,"avg_score_weighted_sub_family_services_health_10min":37.32,"avg_overall_15min":2693.22,"med_overall_15min":2741.75,"avg_amenities_15min":723.78,"avg_trees_15min":5472.31,"avg_street_lights_15min":2405.48,"coverage_15min":100.0,"avg_commercial_15min":110.25,"avg_education_15min":142.45,"avg_financial_services_15min":7.77,"avg_fitness_15min":34.99,"avg_healthcare_15min":54.15,"avg_parks_and_recreation_15min":64.73,"avg_public_establishment_15min":23.44,"avg_public_institutions_15min":8.07,"avg_religious_institutions_15min":50.35,"avg_senior_services_and_living_15min":8.43,"avg_services_15min":92.1,"avg_shelters_15min":119.8,"avg_tourism_15min":6.47,"avg_transportation_15min":0.78,"avg_score_clean_15min":33324.48,"coverage_clean_15min":100.0,"avg_score_weighted_15min":55.56,"coverage_weighted_15min":100.0,"avg_score_weighted_environmental_quality_15min":45.58,"avg_score_weighted_sub_environmental_quality_roads_15min":77.02,"avg_score_weighted_sub_environmental_quality_shade_15min":17.04,"avg_score_weighted_sub_environmental_quality_trees_15min":39.79,"avg_score_weighted_nature_15min":72.72,"avg_score_weighted_sub_nature_parks_15min":100.0,"avg_score_weighted_sub_nature_urban_nature_areas_15min":45.44,"avg_score_weighted_play_15min":99.12,"avg_score_weighted_sub_play_playgrounds_15min":99.12,"avg_score_weighted_safety_mobility_15min":43.26,"avg_score_weighted_sub_safety_mobility_bicycle_access_15min":0.0,"avg_score_weighted_sub_safety_mobility_bus_stops_15min":99.38,"avg_score_weighted_sub_safety_mobility_shelters_15min":8.65,"avg_score_weighted_sub_safety_mobility_street_lights_15min":66.54,"avg_score_weighted_family_services_15min":39.44,"avg_score_weighted_sub_family_services_business_15min":18.78,"avg_score_weighted_sub_family_services_community_15min":12.3,"avg_score_weighted_sub_family_services_education_15min":73.43,"avg_score_weighted_sub_family_services_health_15min":37.32,"pct_overall_5min":52,"pct_commercial_5min":57,"pct_education_5min":67,"pct_financial_services_5min":48,"pct_fitness_5min":57,"pct_healthcare_5min":57,"pct_parks_and_recreation_5min":62,"pct_public_establishment_5min":62,"pct_public_institutions_5min":29,"pct_religious_institutions_5min":62,"pct_senior_services_and_living_5min":90,"pct_services_5min":67,"pct_shelters_5min":52,"pct_tourism_5min":48,"pct_transportation_5min":38,"pct_trees_5min":76,"pct_clean_overall_5min":62,"pct_weighted_overall_5min":62,"pct_overall_10min":57,"pct_commercial_10min":52,"pct_education_10min":76,"pct_financial_services_10min":52,"pct_fitness_10min":52,"pct_healthcare_10min":67,"pct_parks_and_recreation_10min":62,"pct_public_establishment_10min":71,"pct_public_institutions_10min":33,"pct_religious_institutions_10min":62,"pct_senior_services_and_living_10min":100,"pct_services_10min":67,"pct_shelters_10min":48,"pct_tourism_10min":71,"pct_transportation_10min":14,"pct_trees_10min":76,"pct_clean_overall_10min":71,"pct_weighted_overall_10min":62,"pct_overall_15min":57,"pct_commercial_15min":48,"pct_education_15min":76,"pct_financial_services_15min":43,"pct_fitness_15min":71,"pct_healthcare_15min":62,"pct_parks_and_recreation_15min":57,"pct_public_establishment_15min":62,"pct_public_institutions_15min":43,"pct_religious_institutions_15min":76,"pct_senior_services_and_living_15min":100,"pct_services_15min":57,"pct_shelters_15min":62,"pct_tourism_15min":67,"pct_transportation_15min":24,"pct_trees_15min":76,"pct_clean_overall_15min":71,"pct_weighted_overall_15min":62,"pct_inv_clean_businesscenters":67,"pct_inv_clean_community-centers":90,"pct_inv_clean_education":95,"pct_inv_clean_health":95,"pct_inv_clean_playgrounds":86,"pct_inv_clean_shelters":57,"pct_inv_legacy_commercial":71,"pct_inv_legacy_education":95,"pct_inv_legacy_financial_services":62,"pct_inv_legacy_fitness":90,"pct_inv_legacy_healthcare":81,"pct_inv_legacy_parks_and_recreation":67,"pct_inv_legacy_public_establishment":90,"pct_inv_legacy_public_institutions":43,"pct_inv_legacy_religious_institutions":86,"pct_inv_legacy_senior_services_and_living":95,"pct_inv_legacy_services":76,"pct_inv_legacy_shelters":57,"pct_inv_legacy_tourism":67,"pct_inv_legacy_transportation":57},"geometry":{"type":"MultiPolygon","coordinates":[[[[34.7877,31.25896],[34.78805,31.25902],[34.78773,31.25906],[34.78771,31.25906],[34.7877,31.25896]]],[[[34.78771,31.25906],[34.78771,31.25909],[34.78775,31.25963],[34.78776,31.26005],[34.78779,31.26016],[34.7878,31.26019],[34.78785,31.26035],[34.78797,31.26066],[34.78799,31.2607],[34.78821,31.26111],[34.78822,31.26113],[34.78832,31.26132],[34.78848,31.26158],[34.78849,31.26159],[34.78872,31.26193],[34.78879,31.26206],[34.78902,31.26242],[34.78906,31.26249],[34.78915,31.2627],[34.78916,31.26271],[34.78916,31.26273],[34.78924,31.26299],[34.78928,31.26312],[34.78932,31.26326],[34.78935,31.26338],[34.78937,31.26348],[34.78941,31.26367],[34.78943,31.26377],[34.78946,31.26388],[34.78945,31.26415],[34.78944,31.26418],[34.78942,31.26431],[34.78935,31.26453],[34.78925,31.26475],[34.78919,31.26489],[34.78917,31.26493],[34.78913,31.265],[34.78892,31.26534],[34.78882,31.26547],[34.78858,31.26576],[34.78841,31.26592],[34.78827,31.26606],[34.78826,31.26608],[34.78824,31.26609],[34.78814,31.26618],[34.7881,31.26621],[34.78801,31.26629],[34.78775,31.26651],[34.78753,31.26669],[34.78742,31.26678],[34.78734,31.26685],[34.78716,31.267],[34.78715,31.26701],[34.78714,31.26702],[34.78711,31.26704],[34.78698,31.26715],[34.78678,31.26729],[34.78677,31.2673],[34.78676,31.26731],[34.78665,31.26738],[34.78656,31.26743],[34.78655,31.26744],[34.78654,31.26744],[34.78641,31.26752],[34.78624,31.26761],[34.78613,31.26766],[34.78584,31.26781],[34.78549,31.26799],[34.78537,31.26807],[34.78535,31.26807],[34.78486,31.26835],[34.78449,31.26858],[34.78415,31.26878],[34.78385,31.26894],[34.7837,31.26903],[34.78344,31.26918],[34.78324,31.26932],[34.78315,31.26938],[34.78289,31.2696],[34.78277,31.26969],[34.78269,31.26975],[34.78248,31.26997],[34.78233,31.27016],[34.78207,31.27043],[34.78197,31.27055],[34.78182,31.2708],[34.78168,31.27106],[34.78158,31.27125],[34.78149,31.27146],[34.78146,31.27167],[34.78145,31.27171],[34.78145,31.27175],[34.78144,31.27175],[34.78134,31.27174],[34.78129,31.27174],[34.78111,31.27171],[34.78081,31.27168],[34.78049,31.27164],[34.77985,31.27156],[34.77908,31.27147],[34.77872,31.27142],[34.77855,31.2714],[34.77852,31.27139],[34.77827,31.27133],[34.77822,31.27131],[34.77811,31.27128],[34.77798,31.27125],[34.77706,31.27088],[34.77645,31.27064],[34.77579,31.27038],[34.77449,31.26987],[34.7739,31.26961],[34.77389,31.26961],[34.77321,31.26932],[34.77318,31.2693],[34.77305,31.26924],[34.77257,31.26904],[34.77253,31.26902],[34.77245,31.26899],[34.7724,31.26897],[34.77211,31.26884],[34.77163,31.26856],[34.771,31.26818],[34.77082,31.26807],[34.77037,31.2678],[34.77,31.26754],[34.76918,31.26696],[34.76878,31.26668],[34.76869,31.26662],[34.76864,31.2666],[34.7686,31.26658],[34.76865,31.26652],[34.76883,31.26631],[34.76907,31.26594],[34.76918,31.26571],[34.76937,31.26534],[34.76952,31.26509],[34.76965,31.26485],[34.76965,31.26485],[34.7697,31.26478],[34.76978,31.26466],[34.77008,31.26419],[34.77043,31.26375],[34.77057,31.26352],[34.77058,31.26351],[34.7706,31.26345],[34.77061,31.26343],[34.77061,31.26342],[34.77065,31.26334],[34.7708,31.2631],[34.77096,31.2628],[34.77109,31.26264],[34.77116,31.26256],[34.77131,31.2624],[34.77132,31.26239],[34.77146,31.26225],[34.77172,31.26199],[34.77179,31.26193],[34.77199,31.26174],[34.77226,31.26148],[34.77265,31.26111],[34.77284,31.26096],[34.77285,31.26095],[34.77294,31.26085],[34.77382,31.26016],[34.77443,31.25969],[34.77473,31.25946],[34.77482,31.25939],[34.77491,31.25931],[34.77508,31.25917],[34.77528,31.25901],[34.77576,31.25859],[34.77585,31.25851],[34.77586,31.2585],[34.7759,31.25852],[34.776,31.25856],[34.77626,31.25867],[34.77627,31.25868],[34.77628,31.25868],[34.7764,31.25873],[34.77672,31.25883],[34.77681,31.25885],[34.77693,31.25887],[34.77711,31.2589],[34.77724,31.25893],[34.77746,31.25895],[34.77749,31.25895],[34.77782,31.25896],[34.77782,31.25896],[34.7781,31.25895],[34.77814,31.25894],[34.77855,31.25889],[34.77913,31.25875],[34.77943,31.25867],[34.77984,31.25858],[34.78019,31.2585],[34.78042,31.25847],[34.78061,31.25844],[34.78101,31.2584],[34.7811,31.2584],[34.78134,31.25839],[34.78153,31.25841],[34.78178,31.25845],[34.78185,31.25846],[34.78213,31.25852],[34.7826,31.2586],[34.78277,31.25863],[34.78321,31.25872],[34.78375,31.25882],[34.78375,31.25882],[34.7838,31.25883],[34.78424,31.25892],[34.78433,31.25893],[34.78446,31.25896],[34.7847,31.25901],[34.78478,31.25903],[34.78497,31.25907],[34.78514,31.25909],[34.78518,31.2591],[34.78539,31.25913],[34.78551,31.25914],[34.78591,31.25916],[34.78611,31.25916],[34.78622,31.25916],[34.78667,31.25913],[34.78706,31.25912],[34.78711,31.25911],[34.78745,31.25909],[34.78771,31.25906]]]]}},{"type":"Feature","properties":{"Name":"ספורט"},"geometry":{"type":"Polygon","coordinates":[[[34.77363,31.2695],[34.77389,31.26961],[34.7739,31.26961],[34.77449,31.26987],[34.77579,31.27038],[34.77645,31.27064],[34.77706,31.27088],[34.77798,31.27125],[34.77811,31.27128],[34.77822,31.27131],[34.77827,31.27133],[34.77852,31.27139],[34.77855,31.2714],[34.77872,31.27142],[34.77908,31.27147],[34.77985,31.27156],[34.78049,31.27164],[34.78081,31.27168],[34.78111,31.27171],[34.78129,31.27174],[34.78134,31.27174],[34.78144,31.27175],[34.78145,31.27175],[34.78125,31.27315],[34.78128,31.27321],[34.78126,31.27324],[34.78108,31.27421],[34.78087,31.27529],[34.78055,31.27529],[34.77933,31.27542],[34.77842,31.27555],[34.77803,31.27553],[34.77756,31.27537],[34.77752,31.27534],[34.77733,31.27517],[34.77731,31.27515],[34.77729,31.27513],[34.77711,31.27477],[34.77696,31.27448],[34.77693,31.27442],[34.77693,31.27441],[34.77692,31.2744],[34.77667,31.27416],[34.77632,31.27399],[34.77555,31.27389],[34.77539,31.27387],[34.77531,31.27383],[34.77531,31.27383],[34.7753,31.27382],[34.77507,31.27352],[34.77491,31.2733],[34.77489,31.27327],[34.77486,31.27325],[34.77457,31.27316],[34.77445,31.27311],[34.77346,31.27279],[34.77292,31.27278],[34.77178,31.27289],[34.77173,31.27289],[34.77363,31.2695]]]}},{"type":"Feature","properties":{"Name":"נווה מנחם","building_count":2271,"avg_overall_5min":307.16,"med_overall_5min":309.25,"avg_amenities_5min":64.73,"avg_trees_5min":690.07,"avg_street_lights_5min":279.63,"coverage_5min":100.0,"avg_commercial_5min":6.0,"avg_education_5min":12.73,"avg_financial_services_5min":0.94,"avg_fitness_5min":1.75,"avg_healthcare_5min":4.88,"avg_parks_and_recreation_5min":3.15,"avg_public_establishment_5min":0.69,"avg_public_institutions_5min":1.13,"avg_religious_institutions_5min":4.02,"avg_senior_services_and_living_5min":0.2,"avg_services_5min":5.52,"avg_shelters_5min":22.87,"avg_tourism_5min":0.51,"avg_transportation_5min":0.33,"avg_score_clean_5min":4001.16,"coverage_clean_5min":100.0,"avg_score_weighted_5min":55.06,"coverage_weighted_5min":100.0,"avg_score_weighted_environmental_quality_5min":43.15,"avg_score_weighted_sub_environmental_quality_roads_5min":79.33,"avg_score_weighted_sub_environmental_quality_shade_5min":0.0,"avg_score_weighted_sub_environmental_quality_trees_5min":57.09,"avg_score_weighted_nature_5min":84.98,"avg_score_weighted_sub_nature_parks_5min":98.33,"avg_score_weighted_sub_nature_urban_nature_areas_5min":71.64,"avg_score_weighted_play_5min":91.24,"avg_score_weighted_sub_play_playgrounds_5min":91.24,"avg_score_weighted_safety_mobility_5min":45.78,"avg_score_weighted_sub_safety_mobility_bicycle_access_5min":0.0,"avg_score_weighted_sub_safety_mobility_bus_stops_5min":100.0,"avg_score_weighted_sub_safety_mobility_shelters_5min":15.54,"avg_score_weighted_sub_safety_mobility_street_lights_5min":63.74,"avg_score_weighted_family_services_5min":34.17,"avg_score_weighted_sub_family_services_business_5min":18.45,"avg_score_weighted_sub_family_services_community_5min":0.0,"avg_score_weighted_sub_family_services_education_5min":68.54,"avg_score_weighted_sub_family_services_health_5min":33.07,"avg_overall_10min":1048.65,"med_overall_10min":1057.25,"avg_amenities_10min":200.89,"avg_trees_10min":2312.45,"avg_street_lights_10min":1078.58,"coverage_10min":100.0,"avg_commercial_10min":18.06,"avg_education_10min":39.98,"avg_financial_services_10min":2.27,"avg_fitness_10min":6.91,"avg_healthcare_10min":13.74,"avg_parks_and_recreation_10min":12.01,"avg_public_establishment_10min":2.87,"avg_public_institutions_10min":3.48,"avg_religious_institutions_10min":11.74,"avg_senior_services_and_living_10min":0.78,"avg_services_10min":17.0,"avg_shelters_10min":69.14,"avg_tourism_10min":1.98,"avg_transportation_10min":0.94,"avg_score_clean_10min":13972.1,"coverage_clean_10min":100.0,"avg_score_weighted_10min":55.06,"coverage_weighted_10min":100.0,"avg_score_weighted_environmental_quality_10min":43.15,"avg_score_weighted_sub_environmental_quality_roads_10min":79.33,"avg_score_weighted_sub_environmental_quality_shade_10min":0.0,"avg_score_weighted_sub_environmental_quality_trees_10min":57.09,"avg_score_weighted_nature_10min":84.98,"avg_score_weighted_sub_nature_parks_10min":98.33,"avg_score_weighted_sub_nature_urban_nature_areas_10min":71.64,"avg_score_weighted_play_10min":91.24,"avg_score_weighted_sub_play_playgrounds_10min":91.24,"avg_score_weighted_safety_mobility_10min":45.78,"avg_score_weighted_sub_safety_mobility_bicycle_access_10min":0.0,"avg_score_weighted_sub_safety_mobility_bus_stops_10min":100.0,"avg_score_weighted_sub_safety_mobility_shelters_10min":15.54,"avg_score_weighted_sub_safety_mobility_street_lights_10min":63.74,"avg_score_weighted_family_services_10min":34.17,"avg_score_weighted_sub_family_services_business_10min":18.45,"avg_score_weighted_sub_family_services_community_10min":0.0,"avg_score_weighted_sub_family_services_education_10min":68.54,"avg_score_weighted_sub_family_services_health_10min":33.07,"avg_overall_15min":2096.55,"med_overall_15min":2090.75,"avg_amenities_15min":375.28,"avg_trees_15min":4510.72,"avg_street_lights_15min":2374.36,"coverage_15min":100.0,"avg_commercial_15min":35.7,"avg_education_15min":78.79,"avg_financial_services_15min":3.63,"avg_fitness_15min":15.31,"avg_healthcare_15min":27.11,"avg_parks_and_recreation_15min":24.38,"avg_public_establishment_15min":7.8,"avg_public_institutions_15min":7.24,"avg_religious_institutions_15min":23.72,"avg_senior_services_and_living_15min":1.69,"avg_services_15min":36.09,"avg_shelters_15min":108.49,"avg_tourism_15min":3.63,"avg_transportation_15min":1.69,"avg_score_clean_15min":28402.89,"coverage_clean_15min":100.0,"avg_score_weighted_15min":55.06,"coverage_weighted_15min":100.0,"avg_score_weighted_environmental_quality_15min":43.15,"avg_score_weighted_sub_environmental_quality_roads_15min":79.33,"avg_score_weighted_sub_environmental_quality_shade_15min":0.0,"avg_score_weighted_sub_environmental_quality_trees_15min":57.09,"avg_score_weighted_nature_15min":84.98,"avg_score_weighted_sub_nature_parks_15min":98.33,"avg_score_weighted_sub_nature_urban_nature_areas_15min":71.64,"avg_score_weighted_play_15min":91.24,"avg_score_weighted_sub_play_playgrounds_15min":91.24,"avg_score_weighted_safety_mobility_15min":45.78,"avg_score_weighted_sub_safety_mobility_bicycle_access_15min":0.0,"avg_score_weighted_sub_safety_mobility_bus_stops_15min":100.0,"avg_score_weighted_sub_safety_mobility_shelters_15min":15.54,"avg_score_weighted_sub_safety_mobility_street_lights_15min":63.74,"avg_score_weighted_family_services_15min":34.17,"avg_score_weighted_sub_family_services_business_15min":18.45,"avg_score_weighted_sub_family_services_community_15min":0.0,"avg_score_weighted_sub_family_services_education_15min":68.54,"avg_score_weighted_sub_family_services_health_15min":33.07,"pct_overall_5min":57,"pct_commercial_5min":33,"pct_education_5min":48,"pct_financial_services_5min":52,"pct_fitness_5min":24,"pct_healthcare_5min":48,"pct_parks_and_recreation_5min":33,"pct_public_establishment_5min":48,"pct_public_institutions_5min":52,"pct_religious_institutions_5min":57,"pct_senior_services_and_living_5min":43,"pct_services_5min":29,"pct_shelters_5min":67,"pct_tourism_5min":57,"pct_transportation_5min":86,"pct_trees_5min":86,"pct_clean_overall_5min":67,"pct_weighted_overall_5min":52,"pct_overall_10min":52,"pct_commercial_10min":29,"pct_education_10min":43,"pct_financial_services_10min":43,"pct_fitness_10min":38,"pct_healthcare_10min":43,"pct_parks_and_recreation_10min":24,"pct_public_establishment_10min":43,"pct_public_institutions_10min":43,"pct_religious_institutions_10min":48,"pct_senior_services_and_living_10min":48,"pct_services_10min":24,"pct_shelters_10min":71,"pct_tourism_10min":57,"pct_transportation_10min":67,"pct_trees_10min":57,"pct_clean_overall_10min":62,"pct_weighted_overall_10min":52,"pct_overall_15min":43,"pct_commercial_15min":24,"pct_education_15min":38,"pct_financial_services_15min":29,"pct_fitness_15min":43,"pct_healthcare_15min":43,"pct_parks_and_recreation_15min":24,"pct_public_establishment_15min":43,"pct_public_institutions_15min":38,"pct_religious_institutions_15min":43,"pct_senior_services_and_living_15min":43,"pct_services_15min":19,"pct_shelters_15min":57,"pct_tourism_15min":38,"pct_transportation_15min":43,"pct_trees_15min":48,"pct_clean_overall_15min":52,"pct_weighted_overall_15min":52,"pct_inv_clean_businesscenters":67,"pct_inv_clean_community-centers":48,"pct_inv_clean_education":57,"pct_inv_clean_health":67,"pct_inv_clean_playgrounds":81,"pct_inv_clean_shelters":86,"pct_inv_legacy_commercial":33,"pct_inv_legacy_education":52,"pct_inv_legacy_financial_services":62,"pct_inv_legacy_fitness":43,"pct_inv_legacy_healthcare":57,"pct_inv_legacy_parks_and_recreation":38,"pct_inv_legacy_public_establishment":43,"pct_inv_legacy_public_institutions":48,"pct_inv_legacy_religious_institutions":52,"pct_inv_legacy_senior_services_and_living":71,"pct_inv_legacy_services":29,"pct_inv_legacy_shelters":86,"pct_inv_legacy_tourism":57,"pct_inv_legacy_transportation":86},"geometry":{"type":"Polygon","coordinates":[[[34.77363,31.2695],[34.77173,31.27289],[34.77116,31.27296],[34.77098,31.27298],[34.77041,31.27285],[34.77001,31.27275],[34.76904,31.27284],[34.76856,31.27268],[34.76667,31.27207],[34.76658,31.27204],[34.76629,31.27224],[34.76606,31.27242],[34.76555,31.27276],[34.76529,31.27297],[34.76511,31.27312],[34.76506,31.27316],[34.76487,31.27331],[34.76439,31.27359],[34.76437,31.2736],[34.76436,31.2736],[34.76427,31.27338],[34.76427,31.27336],[34.76426,31.27334],[34.76424,31.27331],[34.76418,31.27321],[34.76411,31.27311],[34.7641,31.2731],[34.7641,31.2731],[34.76391,31.2729],[34.76388,31.27287],[34.76351,31.27248],[34.76348,31.27245],[34.76344,31.27241],[34.76342,31.27238],[34.76341,31.27237],[34.76339,31.27236],[34.76339,31.27235],[34.76338,31.27234],[34.76335,31.27231],[34.76334,31.2723],[34.76333,31.27229],[34.76332,31.27229],[34.76331,31.27228],[34.7633,31.27226],[34.7631,31.27205],[34.76307,31.27203],[34.76291,31.27188],[34.76285,31.27183],[34.76283,31.27182],[34.76276,31.27177],[34.76253,31.27164],[34.76228,31.2715],[34.76194,31.27136],[34.76168,31.27123],[34.76133,31.27106],[34.76129,31.27104],[34.76126,31.27102],[34.76126,31.27101],[34.76127,31.271],[34.76098,31.27085],[34.76078,31.27075],[34.76066,31.27069],[34.7604,31.27057],[34.76,31.27038],[34.75964,31.27021],[34.75953,31.27015],[34.75936,31.27007],[34.75904,31.26991],[34.75883,31.26979],[34.75881,31.26978],[34.75876,31.26974],[34.75839,31.26945],[34.75836,31.26943],[34.75833,31.26941],[34.75832,31.2694],[34.75829,31.26937],[34.75828,31.26937],[34.75825,31.26935],[34.75823,31.26933],[34.7582,31.26931],[34.75819,31.2693],[34.75777,31.26897],[34.75618,31.26769],[34.75617,31.2677],[34.75554,31.26722],[34.75548,31.26716],[34.75464,31.2665],[34.75406,31.26604],[34.75395,31.26596],[34.75349,31.26561],[34.75334,31.26549],[34.75338,31.26546],[34.7532,31.26533],[34.75279,31.26503],[34.7527,31.26497],[34.75054,31.26343],[34.75049,31.26336],[34.7502,31.26294],[34.74994,31.2624],[34.74997,31.26239],[34.75003,31.26237],[34.75079,31.26206],[34.75078,31.26206],[34.75116,31.2619],[34.75126,31.26187],[34.75142,31.26181],[34.75143,31.2618],[34.75144,31.2618],[34.7515,31.26177],[34.75156,31.26176],[34.75156,31.26175],[34.75157,31.26175],[34.75184,31.26164],[34.75205,31.26156],[34.75206,31.26155],[34.75208,31.26155],[34.75217,31.2615],[34.75247,31.26139],[34.75279,31.26126],[34.75317,31.26111],[34.75318,31.26111],[34.75319,31.2611],[34.75348,31.26099],[34.75382,31.26085],[34.75404,31.26076],[34.75413,31.26073],[34.75414,31.26072],[34.75417,31.2607],[34.75441,31.2606],[34.75459,31.26053],[34.75466,31.26051],[34.7548,31.26045],[34.75501,31.26036],[34.75519,31.26027],[34.75534,31.26019],[34.75539,31.26016],[34.7554,31.26018],[34.75553,31.2601],[34.75564,31.26003],[34.75579,31.25992],[34.75598,31.25979],[34.7562,31.25963],[34.7564,31.25947],[34.75657,31.25933],[34.75674,31.2592],[34.75691,31.25907],[34.7571,31.25892],[34.75717,31.25886],[34.75732,31.25874],[34.75754,31.25856],[34.75772,31.25841],[34.75782,31.25831],[34.75797,31.25814],[34.75817,31.25787],[34.75855,31.25736],[34.75885,31.25694],[34.75886,31.25693],[34.75889,31.25695],[34.75889,31.25695],[34.75898,31.25701],[34.75913,31.25714],[34.75933,31.25734],[34.75944,31.25744],[34.75956,31.25757],[34.7596,31.2576],[34.75967,31.25767],[34.75979,31.25778],[34.76018,31.25819],[34.7602,31.25821],[34.76044,31.25845],[34.76049,31.25849],[34.76082,31.25885],[34.76085,31.25887],[34.76109,31.25913],[34.76172,31.25975],[34.76214,31.26019],[34.76235,31.26039],[34.76255,31.2606],[34.76278,31.26084],[34.76279,31.26085],[34.76291,31.26099],[34.76296,31.26105],[34.76297,31.26106],[34.76304,31.26112],[34.76305,31.26113],[34.76306,31.26114],[34.76312,31.2612],[34.76313,31.26121],[34.76314,31.26122],[34.76315,31.26123],[34.76315,31.26123],[34.76319,31.26129],[34.7633,31.26143],[34.76341,31.26157],[34.76341,31.26159],[34.76344,31.26161],[34.76346,31.26164],[34.7636,31.2618],[34.76402,31.26228],[34.76448,31.26281],[34.7646,31.26295],[34.76476,31.26313],[34.76494,31.26336],[34.76513,31.26365],[34.76533,31.26387],[34.76559,31.26421],[34.76592,31.26458],[34.76592,31.26459],[34.76593,31.2646],[34.76599,31.26465],[34.76611,31.26477],[34.76637,31.265],[34.76663,31.26522],[34.76696,31.26545],[34.76727,31.26568],[34.76768,31.26594],[34.76808,31.26624],[34.76851,31.26653],[34.7686,31.26658],[34.76864,31.2666],[34.76869,31.26662],[34.76878,31.26668],[34.76918,31.26696],[34.77,31.26754],[34.77037,31.2678],[34.77082,31.26807],[34.771,31.26818],[34.77163,31.26856],[34.77211,31.26884],[34.7724,31.26897],[34.77245,31.26899],[34.77253,31.26902],[34.77257,31.26904],[34.77305,31.26924],[34.77318,31.2693],[34.77321,31.26932],[34.77363,31.2695]]]}},{"type":"Feature","properties":{"Name":"סיגליות","building_count":24,"avg_overall_5min":157.0,"med_overall_5min":158.5,"avg_amenities_5min":16.88,"avg_trees_5min":361.25,"avg_street_lights_5min":199.25,"coverage_5min":100.0,"avg_commercial_5min":0.5,"avg_education_5min":12.04,"avg_financial_services_5min":0.0,"avg_fitness_5min":1.21,"avg_healthcare_5min":0.0,"avg_parks_and_recreation_5min":0.38,"avg_public_establishment_5min":0.46,"avg_public_institutions_5min":0.21,"avg_religious_institutions_5min":0.0,"avg_senior_services_and_living_5min":0.0,"avg_services_5min":0.88,"avg_shelters_5min":0.0,"avg_tourism_5min":1.21,"avg_transportation_5min":0.0,"avg_score_clean_5min":2444.69,"coverage_clean_5min":100.0,"avg_score_weighted_5min":48.45,"coverage_weighted_5min":100.0,"avg_score_weighted_environmental_quality_5min":19.58,"avg_score_weighted_sub_environmental_quality_roads_5min":47.92,"avg_score_weighted_sub_environmental_quality_shade_5min":0.0,"avg_score_weighted_sub_environmental_quality_trees_5min":2.08,"avg_score_weighted_nature_5min":100.0,"avg_score_weighted_sub_nature_parks_5min":100.0,"avg_score_weighted_sub_nature_urban_nature_areas_5min":100.0,"avg_score_weighted_play_5min":91.67,"avg_score_weighted_sub_play_playgrounds_5min":91.67,"avg_score_weighted_safety_mobility_5min":37.5,"avg_score_weighted_sub_safety_mobility_bicycle_access_5min":12.5,"avg_score_weighted_sub_safety_mobility_bus_stops_5min":100.0,"avg_score_weighted_sub_safety_mobility_shelters_5min":0.0,"avg_score_weighted_sub_safety_mobility_street_lights_5min":37.5,"avg_score_weighted_family_services_5min":25.62,"avg_score_weighted_sub_family_services_business_5min":0.0,"avg_score_weighted_sub_family_services_community_5min":0.0,"avg_score_weighted_sub_family_services_education_5min":85.42,"avg_score_weighted_sub_family_services_health_5min":0.0,"avg_overall_10min":371.82,"med_overall_10min":352.38,"avg_amenities_10min":35.71,"avg_trees_10min":854.96,"avg_street_lights_10min":489.5,"coverage_10min":100.0,"avg_commercial_10min":1.46,"avg_education_10min":17.38,"avg_financial_services_10min":0.0,"avg_fitness_10min":5.12,"avg_healthcare_10min":0.38,"avg_parks_and_recreation_10min":2.5,"avg_public_establishment_10min":2.42,"avg_public_institutions_10min":0.79,"avg_religious_institutions_10min":0.88,"avg_senior_services_and_living_10min":0.0,"avg_services_10min":2.62,"avg_shelters_10min":0.21,"avg_tourism_10min":1.96,"avg_transportation_10min":0.0,"avg_score_clean_10min":5773.06,"coverage_clean_10min":100.0,"avg_score_weighted_10min":48.45,"coverage_weighted_10min":100.0,"avg_score_weighted_environmental_quality_10min":19.58,"avg_score_weighted_sub_environmental_quality_roads_10min":47.92,"avg_score_weighted_sub_environmental_quality_shade_10min":0.0,"avg_score_weighted_sub_environmental_quality_trees_10min":2.08,"avg_score_weighted_nature_10min":100.0,"avg_score_weighted_sub_nature_parks_10min":100.0,"avg_score_weighted_sub_nature_urban_nature_areas_10min":100.0,"avg_score_weighted_play_10min":91.67,"avg_score_weighted_sub_play_playgrounds_10min":91.67,"avg_score_weighted_safety_mobility_10min":37.5,"avg_score_weighted_sub_safety_mobility_bicycle_access_10min":12.5,"avg_score_weighted_sub_safety_mobility_bus_stops_10min":100.0,"avg_score_weighted_sub_safety_mobility_shelters_10min":0.0,"avg_score_weighted_sub_safety_mobility_street_lights_10min":37.5,"avg_score_weighted_family_services_10min":25.62,"avg_score_weighted_sub_family_services_business_10min":0.0,"avg_score_weighted_sub_family_services_community_10min":0.0,"avg_score_weighted_sub_family_services_education_10min":85.42,"avg_score_weighted_sub_family_services_health_10min":0.0,"avg_overall_15min":917.02,"med_overall_15min":914.88,"avg_amenities_15min":108.12,"avg_trees_15min":2058.08,"avg_street_lights_15min":1177.5,"coverage_15min":100.0,"avg_commercial_15min":8.0,"avg_education_15min":31.0,"avg_financial_services_15min":0.08,"avg_fitness_15min":9.5,"avg_healthcare_15min":6.5,"avg_parks_and_recreation_15min":6.88,"avg_public_establishment_15min":5.58,"avg_public_institutions_15min":1.67,"avg_religious_institutions_15min":9.0,"avg_senior_services_and_living_15min":0.04,"avg_services_15min":18.0,"avg_shelters_15min":9.79,"avg_tourism_15min":2.04,"avg_transportation_15min":0.04,"avg_score_clean_15min":13637.12,"coverage_clean_15min":100.0,"avg_score_weighted_15min":48.45,"coverage_weighted_15min":100.0,"avg_score_weighted_environmental_quality_15min":19.58,"avg_score_weighted_sub_environmental_quality_roads_15min":47.92,"avg_score_weighted_sub_environmental_quality_shade_15min":0.0,"avg_score_weighted_sub_environmental_quality_trees_15min":2.08,"avg_score_weighted_nature_15min":100.0,"avg_score_weighted_sub_nature_parks_15min":100.0,"avg_score_weighted_sub_nature_urban_nature_areas_15min":100.0,"avg_score_weighted_play_15min":91.67,"avg_score_weighted_sub_play_playgrounds_15min":91.67,"avg_score_weighted_safety_mobility_15min":37.5,"avg_score_weighted_sub_safety_mobility_bicycle_access_15min":12.5,"avg_score_weighted_sub_safety_mobility_bus_stops_15min":100.0,"avg_score_weighted_sub_safety_mobility_shelters_15min":0.0,"avg_score_weighted_sub_safety_mobility_street_lights_15min":37.5,"avg_score_weighted_family_services_15min":25.62,"avg_score_weighted_sub_family_services_business_15min":0.0,"avg_score_weighted_sub_family_services_community_15min":0.0,"avg_score_weighted_sub_family_services_education_15min":85.42,"avg_score_weighted_sub_family_services_health_15min":0.0,"pct_overall_5min":19,"pct_commercial_5min":14,"pct_education_5min":43,"pct_financial_services_5min":24,"pct_fitness_5min":14,"pct_healthcare_5min":5,"pct_parks_and_recreation_5min":10,"pct_public_establishment_5min":38,"pct_public_institutions_5min":10,"pct_religious_institutions_5min":14,"pct_senior_services_and_living_5min":19,"pct_services_5min":14,"pct_shelters_5min":14,"pct_tourism_5min":71,"pct_transportation_5min":38,"pct_trees_5min":19,"pct_clean_overall_5min":19,"pct_weighted_overall_5min":10,"pct_overall_10min":5,"pct_commercial_10min":5,"pct_education_10min":24,"pct_financial_services_10min":5,"pct_fitness_10min":24,"pct_healthcare_10min":5,"pct_parks_and_recreation_10min":14,"pct_public_establishment_10min":33,"pct_public_institutions_10min":5,"pct_religious_institutions_10min":10,"pct_senior_services_and_living_10min":14,"pct_services_10min":10,"pct_shelters_10min":10,"pct_tourism_10min":52,"pct_transportation_10min":10,"pct_trees_10min":14,"pct_clean_overall_10min":5,"pct_weighted_overall_10min":10,"pct_overall_15min":14,"pct_commercial_15min":10,"pct_education_15min":19,"pct_financial_services_15min":10,"pct_fitness_15min":19,"pct_healthcare_15min":14,"pct_parks_and_recreation_15min":14,"pct_public_establishment_15min":29,"pct_public_institutions_15min":10,"pct_religious_institutions_15min":19,"pct_senior_services_and_living_15min":10,"pct_services_15min":14,"pct_shelters_15min":14,"pct_tourism_15min":24,"pct_transportation_15min":10,"pct_trees_15min":19,"pct_clean_overall_15min":14,"pct_weighted_overall_15min":10,"pct_inv_clean_businesscenters":29,"pct_inv_clean_community-centers":48,"pct_inv_clean_education":33,"pct_inv_clean_health":14,"pct_inv_clean_playgrounds":33,"pct_inv_clean_shelters":38,"pct_inv_legacy_commercial":10,"pct_inv_legacy_education":33,"pct_inv_legacy_financial_services":19,"pct_inv_legacy_fitness":19,"pct_inv_legacy_healthcare":10,"pct_inv_legacy_parks_and_recreation":19,"pct_inv_legacy_public_establishment":24,"pct_inv_legacy_public_institutions":10,"pct_inv_legacy_religious_institutions":19,"pct_inv_legacy_senior_services_and_living":43,"pct_inv_legacy_services":19,"pct_inv_legacy_shelters":38,"pct_inv_legacy_tourism":57,"pct_inv_legacy_transportation":57},"geometry":{"type":"Polygon","coordinates":[[[34.75205,31.26156],[34.75565,31.25061],[34.75564,31.2507],[34.75564,31.25072],[34.75566,31.25097],[34.75566,31.25101],[34.75567,31.25119],[34.75568,31.2514],[34.75569,31.25155],[34.7557,31.25167],[34.7557,31.25176],[34.75569,31.25185],[34.7557,31.25186],[34.75571,31.25186],[34.75576,31.25191],[34.75624,31.25313],[34.75627,31.25312],[34.75629,31.25312],[34.75755,31.25588],[34.75795,31.25623],[34.758,31.25633],[34.75809,31.25644],[34.75811,31.25646],[34.75821,31.25656],[34.75822,31.25657],[34.75823,31.25658],[34.75824,31.25658],[34.75826,31.2566],[34.75831,31.25664],[34.75843,31.25672],[34.75851,31.25676],[34.75852,31.25677],[34.75853,31.25677],[34.75856,31.25679],[34.75857,31.25679],[34.75858,31.2568],[34.75873,31.25687],[34.75882,31.25691],[34.75886,31.25693],[34.75885,31.25694],[34.75855,31.25736],[34.75817,31.25787],[34.75797,31.25814],[34.75782,31.25831],[34.75772,31.25841],[34.75754,31.25856],[34.75732,31.25874],[34.75717,31.25886],[34.7571,31.25892],[34.75691,31.25907],[34.75674,31.2592],[34.75657,31.25933],[34.7564,31.25947],[34.7562,31.25963],[34.75598,31.25979],[34.75579,31.25992],[34.75564,31.26003],[34.75553,31.2601],[34.7554,31.26018],[34.75539,31.26016],[34.75534,31.26019],[34.75519,31.26027],[34.75501,31.26036],[34.7548,31.26045],[34.75466,31.26051],[34.75459,31.26053],[34.75441,31.2606],[34.75417,31.2607],[34.75414,31.26072],[34.75413,31.26073],[34.75404,31.26076],[34.75382,31.26085],[34.75348,31.26099],[34.75319,31.2611],[34.75318,31.26111],[34.75317,31.26111],[34.75279,31.26126],[34.75247,31.26139],[34.75217,31.2615],[34.75208,31.26155],[34.75206,31.26155],[34.75205,31.26156]]]}},{"type":"Feature","properties":{"Name":"שכונה יא","building_count":916,"avg_overall_5min":326.77,"med_overall_5min":328.12,"avg_amenities_5min":76.74,"avg_trees_5min":659.96,"avg_street_lights_5min":340.17,"coverage_5min":100.0,"avg_commercial_5min":13.97,"avg_education_5min":16.54,"avg_financial_services_5min":1.14,"avg_fitness_5min":3.54,"avg_healthcare_5min":7.4,"avg_parks_and_recreation_5min":4.72,"avg_public_establishment_5min":2.55,"avg_public_institutions_5min":1.75,"avg_religious_institutions_5min":5.97,"avg_senior_services_and_living_5min":0.95,"avg_services_5min":10.07,"avg_shelters_5min":7.68,"avg_tourism_5min":0.31,"avg_transportation_5min":0.15,"avg_score_clean_5min":4278.38,"coverage_clean_5min":100.0,"avg_score_weighted_5min":59.32,"coverage_weighted_5min":100.0,"avg_score_weighted_environmental_quality_5min":39.13,"avg_score_weighted_sub_environmental_quality_roads_5min":53.6,"avg_score_weighted_sub_environmental_quality_shade_5min":21.18,"avg_score_weighted_sub_environmental_quality_trees_5min":46.07,"avg_score_weighted_nature_5min":89.47,"avg_score_weighted_sub_nature_parks_5min":100.0,"avg_score_weighted_sub_nature_urban_nature_areas_5min":78.93,"avg_score_weighted_play_5min":100.0,"avg_score_weighted_sub_play_playgrounds_5min":100.0,"avg_score_weighted_safety_mobility_5min":46.58,"avg_score_weighted_sub_safety_mobility_bicycle_access_5min":0.0,"avg_score_weighted_sub_safety_mobility_bus_stops_5min":99.67,"avg_score_weighted_sub_safety_mobility_shelters_5min":7.64,"avg_score_weighted_sub_safety_mobility_street_lights_5min":90.83,"avg_score_weighted_family_services_5min":45.72,"avg_score_weighted_sub_family_services_business_5min":16.38,"avg_score_weighted_sub_family_services_community_5min":17.69,"avg_score_weighted_sub_family_services_education_5min":83.3,"avg_score_weighted_sub_family_services_health_5min":46.4,"avg_overall_10min":1249.94,"med_overall_10min":1215.25,"avg_amenities_10min":293.12,"avg_trees_10min":2538.18,"avg_street_lights_10min":1289.08,"coverage_10min":100.0,"avg_commercial_10min":60.68,"avg_education_10min":61.68,"avg_financial_services_10min":4.99,"avg_fitness_10min":14.28,"avg_healthcare_10min":24.32,"avg_parks_and_recreation_10min":22.43,"avg_public_establishment_10min":8.95,"avg_public_institutions_10min":5.86,"avg_religious_institutions_10min":21.5,"avg_senior_services_and_living_10min":2.89,"avg_services_10min":36.92,"avg_shelters_10min":26.09,"avg_tourism_10min":1.79,"avg_transportation_10min":0.75,"avg_score_clean_10min":16230.58,"coverage_clean_10min":100.0,"avg_score_weighted_10min":59.32,"coverage_weighted_10min":100.0,"avg_score_weighted_environmental_quality_10min":39.13,"avg_score_weighted_sub_environmental_quality_roads_10min":53.6,"avg_score_weighted_sub_environmental_quality_shade_10min":21.18,"avg_score_weighted_sub_environmental_quality_trees_10min":46.07,"avg_score_weighted_nature_10min":89.47,"avg_score_weighted_sub_nature_parks_10min":100.0,"avg_score_weighted_sub_nature_urban_nature_areas_10min":78.93,"avg_score_weighted_play_10min":100.0,"avg_score_weighted_sub_play_playgrounds_10min":100.0,"avg_score_weighted_safety_mobility_10min":46.58,"avg_score_weighted_sub_safety_mobility_bicycle_access_10min":0.0,"avg_score_weighted_sub_safety_mobility_bus_stops_10min":99.67,"avg_score_weighted_sub_safety_mobility_shelters_10min":7.64,"avg_score_weighted_sub_safety_mobility_street_lights_10min":90.83,"avg_score_weighted_family_services_10min":45.72,"avg_score_weighted_sub_family_services_business_10min":16.38,"avg_score_weighted_sub_family_services_community_10min":17.69,"avg_score_weighted_sub_family_services_education_10min":83.3,"avg_score_weighted_sub_family_services_health_10min":46.4,"avg_overall_15min":2846.6,"med_overall_15min":2950.12,"avg_amenities_15min":726.93,"avg_trees_15min":5623.48,"avg_street_lights_15min":2855.21,"coverage_15min":100.0,"avg_commercial_15min":205.43,"avg_education_15min":127.72,"avg_financial_services_15min":10.66,"avg_fitness_15min":31.09,"avg_healthcare_15min":51.01,"avg_parks_and_recreation_15min":63.47,"avg_public_establishment_15min":17.24,"avg_public_institutions_15min":11.05,"avg_religious_institutions_15min":44.5,"avg_senior_services_and_living_15min":5.88,"avg_services_15min":87.22,"avg_shelters_15min":65.39,"avg_tourism_15min":4.47,"avg_transportation_15min":1.8,"avg_score_clean_15min":35802.25,"coverage_clean_15min":100.0,"avg_score_weighted_15min":59.32,"coverage_weighted_15min":100.0,"avg_score_weighted_environmental_quality_15min":39.13,"avg_score_weighted_sub_environmental_quality_roads_15min":53.6,"avg_score_weighted_sub_environmental_quality_shade_15min":21.18,"avg_score_weighted_sub_environmental_quality_trees_15min":46.07,"avg_score_weighted_nature_15min":89.47,"avg_score_weighted_sub_nature_parks_15min":100.0,"avg_score_weighted_sub_nature_urban_nature_areas_15min":78.93,"avg_score_weighted_play_15min":100.0,"avg_score_weighted_sub_play_playgrounds_15min":100.0,"avg_score_weighted_safety_mobility_15min":46.58,"avg_score_weighted_sub_safety_mobility_bicycle_access_15min":0.0,"avg_score_weighted_sub_safety_mobility_bus_stops_15min":99.67,"avg_score_weighted_sub_safety_mobility_shelters_15min":7.64,"avg_score_weighted_sub_safety_mobility_street_lights_15min":90.83,"avg_score_weighted_family_services_15min":45.72,"avg_score_weighted_sub_family_services_business_15min":16.38,"avg_score_weighted_sub_family_services_community_15min":17.69,"avg_score_weighted_sub_family_services_education_15min":83.3,"avg_score_weighted_sub_family_services_health_15min":46.4,"pct_overall_5min":62,"pct_commercial_5min":62,"pct_education_5min":76,"pct_financial_services_5min":62,"pct_fitness_5min":71,"pct_healthcare_5min":67,"pct_parks_and_recreation_5min":48,"pct_public_establishment_5min":67,"pct_public_institutions_5min":67,"pct_religious_institutions_5min":76,"pct_senior_services_and_living_5min":81,"pct_services_5min":43,"pct_shelters_5min":57,"pct_tourism_5min":33,"pct_transportation_5min":62,"pct_trees_5min":81,"pct_clean_overall_5min":86,"pct_weighted_overall_5min":90,"pct_overall_10min":62,"pct_commercial_10min":57,"pct_education_10min":67,"pct_financial_services_10min":62,"pct_fitness_10min":57,"pct_healthcare_10min":62,"pct_parks_and_recreation_10min":48,"pct_public_establishment_10min":62,"pct_public_institutions_10min":62,"pct_religious_institutions_10min":71,"pct_senior_services_and_living_10min":76,"pct_services_10min":48,"pct_shelters_10min":43,"pct_tourism_10min":48,"pct_transportation_10min":52,"pct_trees_10min":81,"pct_clean_overall_10min":81,"pct_weighted_overall_10min":90,"pct_overall_15min":67,"pct_commercial_15min":62,"pct_education_15min":67,"pct_financial_services_15min":62,"pct_fitness_15min":52,"pct_healthcare_15min":52,"pct_parks_and_recreation_15min":52,"pct_public_establishment_15min":52,"pct_public_institutions_15min":62,"pct_religious_institutions_15min":67,"pct_senior_services_and_living_15min":71,"pct_services_15min":43,"pct_shelters_15min":43,"pct_tourism_15min":48,"pct_transportation_15min":48,"pct_trees_15min":81,"pct_clean_overall_15min":86,"pct_weighted_overall_15min":90,"pct_inv_clean_businesscenters":67,"pct_inv_clean_community-centers":90,"pct_inv_clean_education":81,"pct_inv_clean_health":76,"pct_inv_clean_playgrounds":76,"pct_inv_clean_shelters":52,"pct_inv_legacy_commercial":62,"pct_inv_legacy_education":76,"pct_inv_legacy_financial_services":62,"pct_inv_legacy_fitness":71,"pct_inv_legacy_healthcare":76,"pct_inv_legacy_parks_and_recreation":48,"pct_inv_legacy_public_establishment":62,"pct_inv_legacy_public_institutions":71,"pct_inv_legacy_religious_institutions":76,"pct_inv_legacy_senior_services_and_living":86,"pct_inv_legacy_services":43,"pct_inv_legacy_shelters":52,"pct_inv_legacy_tourism":29,"pct_inv_legacy_transportation":71},"geometry":{"type":"MultiPolygon","coordinates":[[[[34.76883,31.26631],[34.76907,31.26594],[34.76918,31.26571],[34.76937,31.26534],[34.76952,31.26509],[34.76965,31.26485],[34.7697,31.26478],[34.76978,31.26466],[34.77008,31.26419],[34.77043,31.26375],[34.77057,31.26352],[34.77058,31.26351],[34.7706,31.26345],[34.77061,31.26343],[34.77061,31.26342],[34.77065,31.26334],[34.7708,31.2631],[34.77096,31.2628],[34.77109,31.26264],[34.77116,31.26256],[34.77131,31.2624],[34.77132,31.26239],[34.77146,31.26225],[34.77172,31.26199],[34.77179,31.26193],[34.77199,31.26174],[34.77226,31.26148],[34.77265,31.26111],[34.77284,31.26096],[34.77285,31.26095],[34.77294,31.26085],[34.77382,31.26016],[34.77443,31.25969],[34.77473,31.25946],[34.77482,31.25939],[34.77491,31.25931],[34.77508,31.25917],[34.77528,31.25901],[34.77576,31.25859],[34.77585,31.25851],[34.77586,31.2585],[34.77558,31.25834],[34.77556,31.25833],[34.77555,31.25832],[34.77534,31.25818],[34.77534,31.25817],[34.7751,31.25798],[34.77508,31.25797],[34.77482,31.25769],[34.7748,31.25767],[34.77465,31.25748],[34.7746,31.25741],[34.77454,31.25734],[34.77451,31.25729],[34.77443,31.25719],[34.77442,31.25718],[34.77431,31.25707],[34.77431,31.25706],[34.77429,31.25704],[34.77426,31.25701],[34.77413,31.25685],[34.77413,31.25684],[34.77412,31.25683],[34.77411,31.25682],[34.7741,31.25681],[34.77409,31.2568],[34.77399,31.25665],[34.77394,31.25659],[34.7738,31.25642],[34.77374,31.25635],[34.77351,31.25606],[34.77332,31.25584],[34.77311,31.25558],[34.77281,31.25523],[34.77279,31.2552],[34.77276,31.25517],[34.77273,31.25513],[34.7727,31.25509],[34.77252,31.25487],[34.7725,31.25484],[34.77243,31.25476],[34.77227,31.25457],[34.7721,31.25435],[34.77199,31.25421],[34.77191,31.25412],[34.77173,31.25391],[34.7717,31.25388],[34.77166,31.25383],[34.77158,31.25374],[34.77153,31.25368],[34.7715,31.25365],[34.7715,31.25364],[34.77147,31.2536],[34.77146,31.25358],[34.77111,31.25314],[34.77109,31.25312],[34.77108,31.25311],[34.77107,31.2531],[34.77106,31.25308],[34.77103,31.25304],[34.7707,31.25263],[34.77061,31.25252],[34.77061,31.25251],[34.7706,31.2525],[34.77055,31.25245],[34.77044,31.2523],[34.77035,31.2522],[34.77032,31.25216],[34.77029,31.25213],[34.77007,31.25219],[34.76948,31.25233],[34.76924,31.25239],[34.76876,31.25251],[34.76784,31.25273],[34.76709,31.25291],[34.76661,31.25303],[34.76598,31.25318],[34.7652,31.25336],[34.76484,31.25345],[34.76465,31.2535],[34.76463,31.2535],[34.76406,31.25364],[34.764,31.25366],[34.7638,31.25371],[34.76299,31.25391],[34.76282,31.25395],[34.76261,31.254],[34.76197,31.25414],[34.76181,31.25419],[34.76171,31.25422],[34.76169,31.25422],[34.76164,31.25424],[34.76146,31.2543],[34.76125,31.25439],[34.76114,31.25444],[34.76109,31.25446],[34.76093,31.25455],[34.7608,31.25463],[34.76071,31.25469],[34.76066,31.25474],[34.7605,31.25486],[34.76024,31.25511],[34.76016,31.25521],[34.76007,31.2553],[34.75988,31.25557],[34.75964,31.25589],[34.75886,31.25693],[34.75889,31.25695],[34.75898,31.25701],[34.75913,31.25714],[34.75933,31.25734],[34.75944,31.25744],[34.75956,31.25757],[34.7596,31.2576],[34.75967,31.25767],[34.75979,31.25778],[34.76018,31.25819],[34.7602,31.25821],[34.76044,31.25845],[34.76049,31.25849],[34.76082,31.25885],[34.76085,31.25887],[34.76109,31.25913],[34.76172,31.25975],[34.76214,31.26019],[34.76235,31.26039],[34.76255,31.2606],[34.76278,31.26084],[34.76279,31.26085],[34.76291,31.26099],[34.76296,31.26105],[34.76297,31.26106],[34.76304,31.26112],[34.76305,31.26113],[34.76306,31.26114],[34.76312,31.2612],[34.76313,31.26121],[34.76314,31.26122],[34.76315,31.26123],[34.76319,31.26129],[34.7633,31.26143],[34.76341,31.26157],[34.76341,31.26159],[34.76344,31.26161],[34.76346,31.26164],[34.7636,31.2618],[34.76402,31.26228],[34.76448,31.26281],[34.7646,31.26295],[34.76476,31.26313],[34.76494,31.26336],[34.76513,31.26365],[34.76533,31.26387],[34.76559,31.26421],[34.76592,31.26458],[34.76592,31.26459],[34.76593,31.2646],[34.76599,31.26465],[34.76611,31.26477],[34.76637,31.265],[34.76663,31.26522],[34.76696,31.26545],[34.76727,31.26568],[34.76768,31.26594],[34.76808,31.26624],[34.76851,31.26653],[34.7686,31.26658],[34.76865,31.26652],[34.76883,31.26631]]],[[[34.76869,31.26662],[34.7686,31.26658],[34.76864,31.2666],[34.76869,31.26662]]]]}},{"type":"Feature","properties":{"Name":"שכונה ה","building_count":1106,"avg_overall_5min":367.82,"med_overall_5min":357.75,"avg_amenities_5min":119.86,"avg_trees_5min":614.59,"avg_street_lights_5min":377.27,"coverage_5min":100.0,"avg_commercial_5min":24.15,"avg_education_5min":13.87,"avg_financial_services_5min":2.53,"avg_fitness_5min":3.54,"avg_healthcare_5min":6.95,"avg_parks_and_recreation_5min":11.11,"avg_public_establishment_5min":2.8,"avg_public_institutions_5min":0.82,"avg_religious_institutions_5min":5.78,"avg_senior_services_and_living_5min":1.18,"avg_services_5min":20.17,"avg_shelters_5min":25.74,"avg_tourism_5min":0.09,"avg_transportation_5min":1.14,"avg_score_clean_5min":4268.31,"coverage_clean_5min":100.0,"avg_score_weighted_5min":57.81,"coverage_weighted_5min":100.0,"avg_score_weighted_environmental_quality_5min":31.28,"avg_score_weighted_sub_environmental_quality_roads_5min":44.08,"avg_score_weighted_sub_environmental_quality_shade_5min":12.84,"avg_score_weighted_sub_environmental_quality_trees_5min":42.59,"avg_score_weighted_nature_5min":86.73,"avg_score_weighted_sub_nature_parks_5min":97.78,"avg_score_weighted_sub_nature_urban_nature_areas_5min":75.68,"avg_score_weighted_play_5min":97.11,"avg_score_weighted_sub_play_playgrounds_5min":97.11,"avg_score_weighted_safety_mobility_5min":50.2,"avg_score_weighted_sub_safety_mobility_bicycle_access_5min":1.63,"avg_score_weighted_sub_safety_mobility_bus_stops_5min":100.0,"avg_score_weighted_sub_safety_mobility_shelters_5min":16.09,"avg_score_weighted_sub_safety_mobility_street_lights_5min":90.1,"avg_score_weighted_family_services_5min":45.7,"avg_score_weighted_sub_family_services_business_5min":45.93,"avg_score_weighted_sub_family_services_community_5min":0.0,"avg_score_weighted_sub_family_services_education_5min":82.37,"avg_score_weighted_sub_family_services_health_5min":39.33,"avg_overall_10min":1370.54,"med_overall_10min":1343.5,"avg_amenities_10min":455.78,"avg_trees_10min":2384.77,"avg_street_lights_10min":1274.25,"coverage_10min":100.0,"avg_commercial_10min":114.0,"avg_education_10min":62.49,"avg_financial_services_10min":7.73,"avg_fitness_10min":17.54,"avg_healthcare_10min":23.69,"avg_parks_and_recreation_10min":46.1,"avg_public_establishment_10min":9.55,"avg_public_institutions_10min":4.5,"avg_religious_institutions_10min":24.46,"avg_senior_services_and_living_10min":3.3,"avg_services_10min":66.49,"avg_shelters_10min":71.18,"avg_tourism_10min":1.2,"avg_transportation_10min":3.55,"avg_score_clean_10min":15606.1,"coverage_clean_10min":100.0,"avg_score_weighted_10min":57.81,"coverage_weighted_10min":100.0,"avg_score_weighted_environmental_quality_10min":31.28,"avg_score_weighted_sub_environmental_quality_roads_10min":44.08,"avg_score_weighted_sub_environmental_quality_shade_10min":12.84,"avg_score_weighted_sub_environmental_quality_trees_10min":42.59,"avg_score_weighted_nature_10min":86.73,"avg_score_weighted_sub_nature_parks_10min":97.78,"avg_score_weighted_sub_nature_urban_nature_areas_10min":75.68,"avg_score_weighted_play_10min":97.11,"avg_score_weighted_sub_play_playgrounds_10min":97.11,"avg_score_weighted_safety_mobility_10min":50.2,"avg_score_weighted_sub_safety_mobility_bicycle_access_10min":1.63,"avg_score_weighted_sub_safety_mobility_bus_stops_10min":100.0,"avg_score_weighted_sub_safety_mobility_shelters_10min":16.09,"avg_score_weighted_sub_safety_mobility_street_lights_10min":90.1,"avg_score_weighted_family_services_10min":45.7,"avg_score_weighted_sub_family_services_business_10min":45.93,"avg_score_weighted_sub_family_services_community_10min":0.0,"avg_score_weighted_sub_family_services_education_10min":82.37,"avg_score_weighted_sub_family_services_health_10min":39.33,"avg_overall_15min":3208.58,"med_overall_15min":3205.25,"avg_amenities_15min":1190.92,"avg_trees_15min":5348.93,"avg_street_lights_15min":2721.74,"coverage_15min":100.0,"avg_commercial_15min":382.71,"avg_education_15min":154.67,"avg_financial_services_15min":19.49,"avg_fitness_15min":46.79,"avg_healthcare_15min":59.58,"avg_parks_and_recreation_15min":124.4,"avg_public_establishment_15min":24.86,"avg_public_institutions_15min":14.93,"avg_religious_institutions_15min":51.45,"avg_senior_services_and_living_15min":6.55,"avg_services_15min":164.84,"avg_shelters_15min":130.31,"avg_tourism_15min":4.68,"avg_transportation_15min":5.65,"avg_score_clean_15min":34484.11,"coverage_clean_15min":100.0,"avg_score_weighted_15min":57.81,"coverage_weighted_15min":100.0,"avg_score_weighted_environmental_quality_15min":31.28,"avg_score_weighted_sub_environmental_quality_roads_15min":44.08,"avg_score_weighted_sub_environmental_quality_shade_15min":12.84,"avg_score_weighted_sub_environmental_quality_trees_15min":42.59,"avg_score_weighted_nature_15min":86.73,"avg_score_weighted_sub_nature_parks_15min":97.78,"avg_score_weighted_sub_nature_urban_nature_areas_15min":75.68,"avg_score_weighted_play_15min":97.11,"avg_score_weighted_sub_play_playgrounds_15min":97.11,"avg_score_weighted_safety_mobility_15min":50.2,"avg_score_weighted_sub_safety_mobility_bicycle_access_15min":1.63,"avg_score_weighted_sub_safety_mobility_bus_stops_15min":100.0,"avg_score_weighted_sub_safety_mobility_shelters_15min":16.09,"avg_score_weighted_sub_safety_mobility_street_lights_15min":90.1,"avg_score_weighted_family_services_15min":45.7,"avg_score_weighted_sub_family_services_business_15min":45.93,"avg_score_weighted_sub_family_services_community_15min":0.0,"avg_score_weighted_sub_family_services_education_15min":82.37,"avg_score_weighted_sub_family_services_health_15min":39.33,"pct_overall_5min":76,"pct_commercial_5min":81,"pct_education_5min":62,"pct_financial_services_5min":76,"pct_fitness_5min":71,"pct_healthcare_5min":62,"pct_parks_and_recreation_5min":71,"pct_public_establishment_5min":71,"pct_public_institutions_5min":43,"pct_religious_institutions_5min":71,"pct_senior_services_and_living_5min":95,"pct_services_5min":81,"pct_shelters_5min":71,"pct_tourism_5min":19,"pct_transportation_5min":100,"pct_trees_5min":52,"pct_clean_overall_5min":81,"pct_weighted_overall_5min":76,"pct_overall_10min":76,"pct_commercial_10min":81,"pct_education_10min":71,"pct_financial_services_10min":71,"pct_fitness_10min":81,"pct_healthcare_10min":57,"pct_parks_and_recreation_10min":67,"pct_public_establishment_10min":67,"pct_public_institutions_10min":57,"pct_religious_institutions_10min":81,"pct_senior_services_and_living_10min":81,"pct_services_10min":71,"pct_shelters_10min":76,"pct_tourism_10min":24,"pct_transportation_10min":100,"pct_trees_10min":62,"pct_clean_overall_10min":76,"pct_weighted_overall_10min":76,"pct_overall_15min":76,"pct_commercial_15min":81,"pct_education_15min":90,"pct_financial_services_15min":71,"pct_fitness_15min":90,"pct_healthcare_15min":67,"pct_parks_and_recreation_15min":67,"pct_public_establishment_15min":76,"pct_public_institutions_15min":67,"pct_religious_institutions_15min":81,"pct_senior_services_and_living_15min":86,"pct_services_15min":71,"pct_shelters_15min":67,"pct_tourism_15min":52,"pct_transportation_15min":90,"pct_trees_15min":71,"pct_clean_overall_15min":76,"pct_weighted_overall_15min":76,"pct_inv_clean_businesscenters":67,"pct_inv_clean_community-centers":48,"pct_inv_clean_education":57,"pct_inv_clean_health":48,"pct_inv_clean_playgrounds":57,"pct_inv_clean_shelters":67,"pct_inv_legacy_commercial":57,"pct_inv_legacy_education":43,"pct_inv_legacy_financial_services":71,"pct_inv_legacy_fitness":43,"pct_inv_legacy_healthcare":43,"pct_inv_legacy_parks_and_recreation":52,"pct_inv_legacy_public_establishment":52,"pct_inv_legacy_public_institutions":24,"pct_inv_legacy_religious_institutions":57,"pct_inv_legacy_senior_services_and_living":81,"pct_inv_legacy_services":48,"pct_inv_legacy_shelters":67,"pct_inv_legacy_tourism":19,"pct_inv_legacy_transportation":90},"geometry":{"type":"Polygon","coordinates":[[[34.78678,31.25209],[34.78635,31.25214],[34.78606,31.25218],[34.78581,31.25226],[34.78569,31.25231],[34.78567,31.25232],[34.78546,31.25244],[34.78539,31.25248],[34.7851,31.25267],[34.78491,31.2528],[34.78473,31.25296],[34.78457,31.25311],[34.78437,31.25333],[34.78425,31.25346],[34.78413,31.25358],[34.78392,31.2538],[34.78373,31.25399],[34.78357,31.25414],[34.78356,31.25415],[34.7834,31.25429],[34.7831,31.25453],[34.78294,31.25466],[34.78279,31.25476],[34.7827,31.25482],[34.78259,31.2549],[34.78238,31.25504],[34.78219,31.25516],[34.782,31.25526],[34.78199,31.25527],[34.78198,31.25527],[34.78182,31.25536],[34.78163,31.25545],[34.78146,31.25553],[34.78136,31.25558],[34.78085,31.25576],[34.78085,31.25576],[34.78042,31.25594],[34.78036,31.25596],[34.77991,31.25616],[34.77979,31.25621],[34.77968,31.25626],[34.77872,31.25668],[34.77845,31.2568],[34.77826,31.25688],[34.77814,31.25694],[34.77773,31.25716],[34.77763,31.25721],[34.77738,31.25736],[34.77728,31.25741],[34.77685,31.2577],[34.77659,31.25791],[34.77634,31.25809],[34.77598,31.25839],[34.77586,31.2585],[34.77558,31.25834],[34.77556,31.25833],[34.77555,31.25832],[34.77534,31.25818],[34.77534,31.25817],[34.7751,31.25798],[34.77508,31.25797],[34.77482,31.25769],[34.7748,31.25767],[34.77465,31.25748],[34.7746,31.25741],[34.77454,31.25734],[34.77451,31.25729],[34.77443,31.25719],[34.77442,31.25718],[34.77431,31.25707],[34.77431,31.25706],[34.77429,31.25704],[34.77426,31.25701],[34.77413,31.25685],[34.77413,31.25684],[34.77412,31.25683],[34.77411,31.25682],[34.7741,31.25681],[34.77409,31.2568],[34.77399,31.25665],[34.77394,31.25659],[34.7738,31.25642],[34.77374,31.25635],[34.77351,31.25606],[34.77332,31.25584],[34.77311,31.25558],[34.77281,31.25523],[34.77279,31.2552],[34.77276,31.25517],[34.77273,31.25513],[34.7727,31.25509],[34.77252,31.25487],[34.7725,31.25484],[34.77243,31.25476],[34.77227,31.25457],[34.7721,31.25435],[34.77199,31.25421],[34.77191,31.25412],[34.77173,31.25391],[34.7717,31.25388],[34.77166,31.25383],[34.77158,31.25374],[34.77153,31.25368],[34.7715,31.25365],[34.7715,31.25364],[34.77147,31.2536],[34.77147,31.2536],[34.77146,31.25358],[34.77111,31.25314],[34.77109,31.25312],[34.77108,31.25311],[34.77107,31.2531],[34.77106,31.25308],[34.77103,31.25304],[34.7707,31.25263],[34.77061,31.25252],[34.77061,31.25251],[34.7706,31.2525],[34.77055,31.25245],[34.77044,31.2523],[34.77035,31.2522],[34.77032,31.25216],[34.77029,31.25213],[34.77064,31.25202],[34.77091,31.25195],[34.77091,31.25195],[34.77095,31.25193],[34.77139,31.2518],[34.77177,31.25166],[34.7721,31.25153],[34.77231,31.25144],[34.7725,31.25135],[34.77292,31.25116],[34.7731,31.25107],[34.77345,31.25088],[34.77376,31.2507],[34.77382,31.25067],[34.77398,31.25058],[34.77404,31.25054],[34.77438,31.25032],[34.7745,31.25024],[34.77472,31.25011],[34.77492,31.24996],[34.77524,31.24974],[34.77527,31.24971],[34.77585,31.24927],[34.7759,31.24924],[34.77627,31.24896],[34.77636,31.24889],[34.7765,31.24878],[34.77705,31.24835],[34.77706,31.24835],[34.77741,31.24808],[34.7778,31.24777],[34.77782,31.24775],[34.77823,31.24746],[34.77849,31.2473],[34.77872,31.24718],[34.77899,31.24707],[34.7791,31.24703],[34.7792,31.24699],[34.77949,31.24691],[34.77975,31.24686],[34.77986,31.24684],[34.78001,31.24682],[34.78008,31.24681],[34.7811,31.24669],[34.7812,31.24667],[34.78295,31.24644],[34.78297,31.24647],[34.78304,31.24667],[34.78309,31.24682],[34.78313,31.24692],[34.78314,31.24694],[34.78317,31.24703],[34.78334,31.2475],[34.78345,31.24777],[34.78345,31.24778],[34.78346,31.24782],[34.78358,31.24811],[34.78364,31.24828],[34.78382,31.24876],[34.78395,31.24913],[34.78397,31.24917],[34.78397,31.24917],[34.78397,31.24919],[34.78398,31.24921],[34.78408,31.24943],[34.78408,31.24944],[34.78414,31.24958],[34.78429,31.24999],[34.78436,31.25018],[34.78443,31.2503],[34.78448,31.25038],[34.78449,31.25039],[34.78451,31.25041],[34.7846,31.25052],[34.78475,31.25066],[34.78492,31.25078],[34.78494,31.25079],[34.78514,31.25089],[34.78543,31.251],[34.78578,31.25113],[34.78602,31.25123],[34.78606,31.25125],[34.78617,31.25132],[34.7862,31.25133],[34.78635,31.25144],[34.7865,31.2516],[34.7865,31.2516],[34.78662,31.25179],[34.78678,31.25209]]]}},{"type":"Feature","properties":{"Name":"קריית גנים","building_count":3,"avg_overall_5min":134.42,"med_overall_5min":123.75,"avg_amenities_5min":16.67,"avg_trees_5min":349.67,"avg_street_lights_5min":121.33,"coverage_5min":100.0,"avg_commercial_5min":0.0,"avg_education_5min":4.0,"avg_financial_services_5min":0.0,"avg_fitness_5min":3.0,"avg_healthcare_5min":0.33,"avg_parks_and_recreation_5min":1.33,"avg_public_establishment_5min":0.0,"avg_public_institutions_5min":0.0,"avg_religious_institutions_5min":1.67,"avg_senior_services_and_living_5min":0.33,"avg_services_5min":1.0,"avg_shelters_5min":5.0,"avg_tourism_5min":0.0,"avg_transportation_5min":0.0,"avg_score_clean_5min":1936.17,"coverage_clean_5min":100.0,"avg_score_weighted_5min":43.8,"coverage_weighted_5min":100.0,"avg_score_weighted_environmental_quality_5min":6.67,"avg_score_weighted_sub_environmental_quality_roads_5min":16.67,"avg_score_weighted_sub_environmental_quality_shade_5min":0.0,"avg_score_weighted_sub_environmental_quality_trees_5min":0.0,"avg_score_weighted_nature_5min":100.0,"avg_score_weighted_sub_nature_parks_5min":100.0,"avg_score_weighted_sub_nature_urban_nature_areas_5min":100.0,"avg_score_weighted_play_5min":100.0,"avg_score_weighted_sub_play_playgrounds_5min":100.0,"avg_score_weighted_safety_mobility_5min":35.0,"avg_score_weighted_sub_safety_mobility_bicycle_access_5min":0.0,"avg_score_weighted_sub_safety_mobility_bus_stops_5min":100.0,"avg_score_weighted_sub_safety_mobility_shelters_5min":0.0,"avg_score_weighted_sub_safety_mobility_street_lights_5min":33.33,"avg_score_weighted_family_services_5min":15.0,"avg_score_weighted_sub_family_services_business_5min":0.0,"avg_score_weighted_sub_family_services_community_5min":0.0,"avg_score_weighted_sub_family_services_education_5min":50.0,"avg_score_weighted_sub_family_services_health_5min":0.0,"avg_overall_10min":949.75,"med_overall_10min":1030.0,"avg_amenities_10min":263.33,"avg_trees_10min":1940.67,"avg_street_lights_10min":805.0,"coverage_10min":100.0,"avg_commercial_10min":30.67,"avg_education_10min":55.0,"avg_financial_services_10min":1.33,"avg_fitness_10min":15.33,"avg_healthcare_10min":12.0,"avg_parks_and_recreation_10min":23.33,"avg_public_establishment_10min":4.67,"avg_public_institutions_10min":1.0,"avg_religious_institutions_10min":17.67,"avg_senior_services_and_living_10min":1.0,"avg_services_10min":31.33,"avg_shelters_10min":66.67,"avg_tourism_10min":2.0,"avg_transportation_10min":1.33,"avg_score_clean_10min":11657.25,"coverage_clean_10min":100.0,"avg_score_weighted_10min":43.8,"coverage_weighted_10min":100.0,"avg_score_weighted_environmental_quality_10min":6.67,"avg_score_weighted_sub_environmental_quality_roads_10min":16.67,"avg_score_weighted_sub_environmental_quality_shade_10min":0.0,"avg_score_weighted_sub_environmental_quality_trees_10min":0.0,"avg_score_weighted_nature_10min":100.0,"avg_score_weighted_sub_nature_parks_10min":100.0,"avg_score_weighted_sub_nature_urban_nature_areas_10min":100.0,"avg_score_weighted_play_10min":100.0,"avg_score_weighted_sub_play_playgrounds_10min":100.0,"avg_score_weighted_safety_mobility_10min":35.0,"avg_score_weighted_sub_safety_mobility_bicycle_access_10min":0.0,"avg_score_weighted_sub_safety_mobility_bus_stops_10min":100.0,"avg_score_weighted_sub_safety_mobility_shelters_10min":0.0,"avg_score_weighted_sub_safety_mobility_street_lights_10min":33.33,"avg_score_weighted_family_services_10min":15.0,"avg_score_weighted_sub_family_services_business_10min":0.0,"avg_score_weighted_sub_family_services_community_10min":0.0,"avg_score_weighted_sub_family_services_education_10min":50.0,"avg_score_weighted_sub_family_services_health_10min":0.0,"avg_overall_15min":2618.58,"med_overall_15min":2701.75,"avg_amenities_15min":835.67,"avg_trees_15min":4874.33,"avg_street_lights_15min":2257.33,"coverage_15min":100.0,"avg_commercial_15min":145.0,"avg_education_15min":121.67,"avg_financial_services_15min":10.33,"avg_fitness_15min":31.33,"avg_healthcare_15min":52.0,"avg_parks_and_recreation_15min":88.0,"avg_public_establishment_15min":19.67,"avg_public_institutions_15min":5.67,"avg_religious_institutions_15min":54.0,"avg_senior_services_and_living_15min":5.33,"avg_services_15min":136.0,"avg_shelters_15min":156.67,"avg_tourism_15min":7.0,"avg_transportation_15min":3.0,"avg_score_clean_15min":30322.33,"coverage_clean_15min":100.0,"avg_score_weighted_15min":43.8,"coverage_weighted_15min":100.0,"avg_score_weighted_environmental_quality_15min":6.67,"avg_score_weighted_sub_environmental_quality_roads_15min":16.67,"avg_score_weighted_sub_environmental_quality_shade_15min":0.0,"avg_score_weighted_sub_environmental_quality_trees_15min":0.0,"avg_score_weighted_nature_15min":100.0,"avg_score_weighted_sub_nature_parks_15min":100.0,"avg_score_weighted_sub_nature_urban_nature_areas_15min":100.0,"avg_score_weighted_play_15min":100.0,"avg_score_weighted_sub_play_playgrounds_15min":100.0,"avg_score_weighted_safety_mobility_15min":35.0,"avg_score_weighted_sub_safety_mobility_bicycle_access_15min":0.0,"avg_score_weighted_sub_safety_mobility_bus_stops_15min":100.0,"avg_score_weighted_sub_safety_mobility_shelters_15min":0.0,"avg_score_weighted_sub_safety_mobility_street_lights_15min":33.33,"avg_score_weighted_family_services_15min":15.0,"avg_score_weighted_sub_family_services_business_15min":0.0,"avg_score_weighted_sub_family_services_community_15min":0.0,"avg_score_weighted_sub_family_services_education_15min":50.0,"avg_score_weighted_sub_family_services_health_15min":0.0,"pct_overall_5min":10,"pct_commercial_5min":5,"pct_education_5min":19,"pct_financial_services_5min":24,"pct_fitness_5min":52,"pct_healthcare_5min":10,"pct_parks_and_recreation_5min":19,"pct_public_establishment_5min":19,"pct_public_institutions_5min":5,"pct_religious_institutions_5min":24,"pct_senior_services_and_living_5min":62,"pct_services_5min":19,"pct_shelters_5min":48,"pct_tourism_5min":14,"pct_transportation_5min":38,"pct_trees_5min":14,"pct_clean_overall_5min":10,"pct_weighted_overall_5min":5,"pct_overall_10min":43,"pct_commercial_10min":43,"pct_education_10min":62,"pct_financial_services_10min":33,"pct_fitness_10min":67,"pct_healthcare_10min":33,"pct_parks_and_recreation_10min":52,"pct_public_establishment_10min":52,"pct_public_institutions_10min":14,"pct_religious_institutions_10min":57,"pct_senior_services_and_living_10min":57,"pct_services_10min":43,"pct_shelters_10min":67,"pct_tourism_10min":62,"pct_transportation_10min":76,"pct_trees_10min":43,"pct_clean_overall_10min":38,"pct_weighted_overall_10min":5,"pct_overall_15min":52,"pct_commercial_15min":52,"pct_education_15min":62,"pct_financial_services_15min":57,"pct_fitness_15min":57,"pct_healthcare_15min":57,"pct_parks_and_recreation_15min":62,"pct_public_establishment_15min":57,"pct_public_institutions_15min":33,"pct_religious_institutions_15min":86,"pct_senior_services_and_living_15min":67,"pct_services_15min":67,"pct_shelters_15min":81,"pct_tourism_15min":71,"pct_transportation_15min":71,"pct_trees_15min":57,"pct_clean_overall_15min":62,"pct_weighted_overall_15min":5,"pct_inv_clean_businesscenters":29,"pct_inv_clean_community-centers":48,"pct_inv_clean_education":10,"pct_inv_clean_health":14,"pct_inv_clean_playgrounds":10,"pct_inv_clean_shelters":38,"pct_inv_legacy_commercial":14,"pct_inv_legacy_education":5,"pct_inv_legacy_financial_services":33,"pct_inv_legacy_fitness":19,"pct_inv_legacy_healthcare":10,"pct_inv_legacy_parks_and_recreation":19,"pct_inv_legacy_public_establishment":24,"pct_inv_legacy_public_institutions":10,"pct_inv_legacy_religious_institutions":19,"pct_inv_legacy_senior_services_and_living":43,"pct_inv_legacy_services":10,"pct_inv_legacy_shelters":38,"pct_inv_legacy_tourism":19,"pct_inv_legacy_transportation":57},"geometry":{"type":"Polygon","coordinates":[[[34.78163,31.25545],[34.78169,31.25543],[34.782,31.25526],[34.78219,31.25516],[34.78238,31.25504],[34.78259,31.2549],[34.7827,31.25482],[34.78279,31.25476],[34.78294,31.25466],[34.7831,31.25453],[34.7834,31.25429],[34.78356,31.25415],[34.78357,31.25414],[34.78373,31.25399],[34.78392,31.2538],[34.78413,31.25358],[34.78425,31.25346],[34.78437,31.25333],[34.78457,31.25311],[34.78473,31.25296],[34.78491,31.2528],[34.7851,31.25267],[34.78539,31.25248],[34.78546,31.25244],[34.78567,31.25232],[34.78569,31.25231],[34.78581,31.25226],[34.78606,31.25218],[34.78635,31.25214],[34.78678,31.25209],[34.78679,31.25212],[34.78687,31.25228],[34.78716,31.25304],[34.78722,31.25325],[34.78727,31.2534],[34.7874,31.25391],[34.78746,31.25423],[34.78751,31.25465],[34.78751,31.25467],[34.78755,31.2551],[34.78757,31.25557],[34.78759,31.25595],[34.78759,31.25602],[34.78761,31.25627],[34.78762,31.2565],[34.78762,31.25668],[34.78762,31.25677],[34.78762,31.25685],[34.78723,31.25676],[34.78696,31.25656],[34.78666,31.2565],[34.78473,31.25728],[34.78445,31.25709],[34.78428,31.25671],[34.78429,31.25643],[34.78396,31.25622],[34.78352,31.25589],[34.78317,31.25588],[34.78316,31.25606],[34.78256,31.25606],[34.78256,31.25583],[34.78184,31.25567],[34.78163,31.25545]]]}},{"type":"Feature","properties":{"Name":"שכונה א","building_count":572,"avg_overall_5min":422.99,"med_overall_5min":415.75,"avg_amenities_5min":195.1,"avg_trees_5min":636.73,"avg_street_lights_5min":274.81,"coverage_5min":100.0,"avg_commercial_5min":39.94,"avg_education_5min":26.81,"avg_financial_services_5min":3.34,"avg_fitness_5min":4.14,"avg_healthcare_5min":14.41,"avg_parks_and_recreation_5min":16.77,"avg_public_establishment_5min":5.33,"avg_public_institutions_5min":3.42,"avg_religious_institutions_5min":12.54,"avg_senior_services_and_living_5min":0.25,"avg_services_5min":39.27,"avg_shelters_5min":26.82,"avg_tourism_5min":1.79,"avg_transportation_5min":0.27,"avg_score_clean_5min":3887.33,"coverage_clean_5min":100.0,"avg_score_weighted_5min":50.13,"coverage_weighted_5min":100.0,"avg_score_weighted_environmental_quality_5min":21.85,"avg_score_weighted_sub_environmental_quality_roads_5min":34.88,"avg_score_weighted_sub_environmental_quality_shade_5min":0.0,"avg_score_weighted_sub_environmental_quality_trees_5min":39.51,"avg_score_weighted_nature_5min":65.21,"avg_score_weighted_sub_nature_parks_5min":96.68,"avg_score_weighted_sub_nature_urban_nature_areas_5min":33.74,"avg_score_weighted_play_5min":92.83,"avg_score_weighted_sub_play_playgrounds_5min":92.83,"avg_score_weighted_safety_mobility_5min":43.16,"avg_score_weighted_sub_safety_mobility_bicycle_access_5min":0.0,"avg_score_weighted_sub_safety_mobility_bus_stops_5min":100.0,"avg_score_weighted_sub_safety_mobility_shelters_5min":12.41,"avg_score_weighted_sub_safety_mobility_street_lights_5min":54.63,"avg_score_weighted_family_services_5min":45.06,"avg_score_weighted_sub_family_services_business_5min":58.92,"avg_score_weighted_sub_family_services_community_5min":0.0,"avg_score_weighted_sub_family_services_education_5min":76.66,"avg_score_weighted_sub_family_services_health_5min":34.27,"avg_overall_10min":1984.16,"med_overall_10min":1947.62,"avg_amenities_10min":986.89,"avg_trees_10min":2783.33,"avg_street_lights_10min":1205.76,"coverage_10min":100.0,"avg_commercial_10min":221.92,"avg_education_10min":93.49,"avg_financial_services_10min":32.43,"avg_fitness_10min":20.28,"avg_healthcare_10min":77.93,"avg_parks_and_recreation_10min":114.02,"avg_public_establishment_10min":23.09,"avg_public_institutions_10min":23.1,"avg_religious_institutions_10min":39.25,"avg_senior_services_and_living_10min":1.53,"avg_services_10min":238.36,"avg_shelters_10min":90.88,"avg_tourism_10min":8.32,"avg_transportation_10min":2.27,"avg_score_clean_10min":16883.93,"coverage_clean_10min":100.0,"avg_score_weighted_10min":50.13,"coverage_weighted_10min":100.0,"avg_score_weighted_environmental_quality_10min":21.85,"avg_score_weighted_sub_environmental_quality_roads_10min":34.88,"avg_score_weighted_sub_environmental_quality_shade_10min":0.0,"avg_score_weighted_sub_environmental_quality_trees_10min":39.51,"avg_score_weighted_nature_10min":65.21,"avg_score_weighted_sub_nature_parks_10min":96.68,"avg_score_weighted_sub_nature_urban_nature_areas_10min":33.74,"avg_score_weighted_play_10min":92.83,"avg_score_weighted_sub_play_playgrounds_10min":92.83,"avg_score_weighted_safety_mobility_10min":43.16,"avg_score_weighted_sub_safety_mobility_bicycle_access_10min":0.0,"avg_score_weighted_sub_safety_mobility_bus_stops_10min":100.0,"avg_score_weighted_sub_safety_mobility_shelters_10min":12.41,"avg_score_weighted_sub_safety_mobility_street_lights_10min":54.63,"avg_score_weighted_family_services_10min":45.06,"avg_score_weighted_sub_family_services_business_10min":58.92,"avg_score_weighted_sub_family_services_community_10min":0.0,"avg_score_weighted_sub_family_services_education_10min":76.66,"avg_score_weighted_sub_family_services_health_10min":34.27,"avg_overall_15min":4688.65,"med_overall_15min":4678.25,"avg_amenities_15min":2267.33,"avg_trees_15min":6834.6,"avg_street_lights_15min":2850.66,"coverage_15min":100.0,"avg_commercial_15min":517.64,"avg_education_15min":180.55,"avg_financial_services_15min":83.24,"avg_fitness_15min":51.31,"avg_healthcare_15min":174.43,"avg_parks_and_recreation_15min":294.07,"avg_public_establishment_15min":48.77,"avg_public_institutions_15min":50.79,"avg_religious_institutions_15min":77.54,"avg_senior_services_and_living_15min":4.79,"avg_services_15min":565.91,"avg_shelters_15min":192.18,"avg_tourism_15min":19.43,"avg_transportation_15min":6.69,"avg_score_clean_15min":40609.37,"coverage_clean_15min":100.0,"avg_score_weighted_15min":50.13,"coverage_weighted_15min":100.0,"avg_score_weighted_environmental_quality_15min":21.85,"avg_score_weighted_sub_environmental_quality_roads_15min":34.88,"avg_score_weighted_sub_environmental_quality_shade_15min":0.0,"avg_score_weighted_sub_environmental_quality_trees_15min":39.51,"avg_score_weighted_nature_15min":65.21,"avg_score_weighted_sub_nature_parks_15min":96.68,"avg_score_weighted_sub_nature_urban_nature_areas_15min":33.74,"avg_score_weighted_play_15min":92.83,"avg_score_weighted_sub_play_playgrounds_15min":92.83,"avg_score_weighted_safety_mobility_15min":43.16,"avg_score_weighted_sub_safety_mobility_bicycle_access_15min":0.0,"avg_score_weighted_sub_safety_mobility_bus_stops_15min":100.0,"avg_score_weighted_sub_safety_mobility_shelters_15min":12.41,"avg_score_weighted_sub_safety_mobility_street_lights_15min":54.63,"avg_score_weighted_family_services_15min":45.06,"avg_score_weighted_sub_family_services_business_15min":58.92,"avg_score_weighted_sub_family_services_community_15min":0.0,"avg_score_weighted_sub_family_services_education_15min":76.66,"avg_score_weighted_sub_family_services_health_15min":34.27,"pct_overall_5min":86,"pct_commercial_5min":95,"pct_education_5min":100,"pct_financial_services_5min":90,"pct_fitness_5min":76,"pct_healthcare_5min":95,"pct_parks_and_recreation_5min":81,"pct_public_establishment_5min":95,"pct_public_institutions_5min":90,"pct_religious_institutions_5min":95,"pct_senior_services_and_living_5min":48,"pct_services_5min":90,"pct_shelters_5min":76,"pct_tourism_5min":81,"pct_transportation_5min":71,"pct_trees_5min":71,"pct_clean_overall_5min":57,"pct_weighted_overall_5min":19,"pct_overall_10min":100,"pct_commercial_10min":95,"pct_education_10min":100,"pct_financial_services_10min":95,"pct_fitness_10min":86,"pct_healthcare_10min":95,"pct_parks_and_recreation_10min":90,"pct_public_establishment_10min":100,"pct_public_institutions_10min":95,"pct_religious_institutions_10min":95,"pct_senior_services_and_living_10min":62,"pct_services_10min":95,"pct_shelters_10min":81,"pct_tourism_10min":95,"pct_transportation_10min":90,"pct_trees_10min":90,"pct_clean_overall_10min":90,"pct_weighted_overall_10min":19,"pct_overall_15min":100,"pct_commercial_15min":95,"pct_education_15min":100,"pct_financial_services_15min":100,"pct_fitness_15min":100,"pct_healthcare_15min":100,"pct_parks_and_recreation_15min":100,"pct_public_establishment_15min":100,"pct_public_institutions_15min":100,"pct_religious_institutions_15min":100,"pct_senior_services_and_living_15min":62,"pct_services_15min":100,"pct_shelters_15min":86,"pct_tourism_15min":95,"pct_transportation_15min":95,"pct_trees_15min":100,"pct_clean_overall_15min":100,"pct_weighted_overall_15min":19,"pct_inv_clean_businesscenters":81,"pct_inv_clean_community-centers":48,"pct_inv_clean_education":43,"pct_inv_clean_health":38,"pct_inv_clean_playgrounds":29,"pct_inv_clean_shelters":81,"pct_inv_legacy_commercial":52,"pct_inv_legacy_education":81,"pct_inv_legacy_financial_services":43,"pct_inv_legacy_fitness":48,"pct_inv_legacy_healthcare":62,"pct_inv_legacy_parks_and_recreation":48,"pct_inv_legacy_public_establishment":86,"pct_inv_legacy_public_institutions":52,"pct_inv_legacy_religious_institutions":95,"pct_inv_legacy_senior_services_and_living":71,"pct_inv_legacy_services":81,"pct_inv_legacy_shelters":81,"pct_inv_legacy_tourism":71,"pct_inv_legacy_transportation":57},"geometry":{"type":"Polygon","coordinates":[[[34.78679,31.25209],[34.78678,31.25209],[34.78662,31.25179],[34.7865,31.2516],[34.7865,31.2516],[34.78635,31.25144],[34.7862,31.25133],[34.78617,31.25132],[34.78606,31.25125],[34.78602,31.25123],[34.78578,31.25113],[34.78543,31.251],[34.78514,31.25089],[34.78494,31.25079],[34.78492,31.25078],[34.78475,31.25066],[34.7846,31.25052],[34.78451,31.25041],[34.78449,31.25039],[34.78448,31.25038],[34.78443,31.2503],[34.78436,31.25018],[34.78429,31.24999],[34.78414,31.24958],[34.78408,31.24944],[34.78408,31.24943],[34.78398,31.24921],[34.78397,31.24919],[34.78397,31.24917],[34.78397,31.24917],[34.78395,31.24913],[34.78382,31.24876],[34.78364,31.24828],[34.78358,31.24811],[34.78346,31.24782],[34.78345,31.24778],[34.78345,31.24777],[34.78334,31.2475],[34.78317,31.24703],[34.78314,31.24694],[34.78313,31.24692],[34.78309,31.24682],[34.78304,31.24667],[34.78297,31.24647],[34.78295,31.24644],[34.78297,31.24643],[34.78316,31.24639],[34.7835,31.24634],[34.78363,31.24632],[34.78396,31.24625],[34.78403,31.24623],[34.78416,31.2462],[34.78431,31.24617],[34.78467,31.2461],[34.78489,31.24605],[34.78508,31.24601],[34.7858,31.24584],[34.78641,31.2457],[34.78643,31.2457],[34.78645,31.24569],[34.7865,31.24568],[34.78651,31.24568],[34.78652,31.24568],[34.78669,31.24565],[34.7867,31.24565],[34.78711,31.24555],[34.78745,31.24547],[34.78752,31.24546],[34.78826,31.2453],[34.78833,31.24528],[34.78837,31.24528],[34.78857,31.24524],[34.78862,31.24522],[34.78925,31.2451],[34.78962,31.24503],[34.78963,31.24502],[34.79006,31.24494],[34.79067,31.24482],[34.79068,31.24482],[34.79077,31.2448],[34.79109,31.24474],[34.79143,31.24465],[34.79157,31.24462],[34.79162,31.24461],[34.79176,31.24458],[34.79188,31.24454],[34.79217,31.24446],[34.79227,31.24444],[34.79249,31.24438],[34.79272,31.2443],[34.79328,31.24403],[34.7934,31.24396],[34.7934,31.24395],[34.79342,31.24394],[34.79344,31.24393],[34.79351,31.24388],[34.79351,31.24388],[34.79356,31.24388],[34.79356,31.24389],[34.79368,31.24399],[34.79387,31.2441],[34.79413,31.24422],[34.79439,31.24433],[34.79479,31.24452],[34.79493,31.2446],[34.79538,31.24484],[34.79562,31.24501],[34.79601,31.24533],[34.79625,31.24556],[34.79644,31.24576],[34.79646,31.24578],[34.79658,31.24593],[34.79666,31.24602],[34.7969,31.24635],[34.79692,31.24639],[34.79714,31.24669],[34.79723,31.24683],[34.7975,31.24726],[34.79764,31.24747],[34.7978,31.24778],[34.79788,31.24795],[34.7979,31.24801],[34.79795,31.24814],[34.798,31.24832],[34.79804,31.24847],[34.7981,31.24882],[34.79814,31.24911],[34.79814,31.24931],[34.79814,31.24934],[34.79813,31.24945],[34.79813,31.24981],[34.79812,31.25004],[34.79809,31.2504],[34.79809,31.25055],[34.79808,31.25095],[34.79756,31.25108],[34.79716,31.25116],[34.7963,31.25135],[34.79558,31.25147],[34.79553,31.25148],[34.79495,31.25158],[34.79423,31.25171],[34.7942,31.25172],[34.79395,31.25175],[34.79393,31.25175],[34.79391,31.25175],[34.7939,31.25175],[34.79361,31.25176],[34.79329,31.25177],[34.79325,31.25177],[34.7932,31.25177],[34.79318,31.25177],[34.79316,31.25177],[34.7929,31.25177],[34.79269,31.25177],[34.79227,31.25178],[34.79212,31.25178],[34.79167,31.25178],[34.7913,31.25181],[34.79128,31.25182],[34.79014,31.25188],[34.78976,31.25191],[34.78953,31.25192],[34.78916,31.25194],[34.78866,31.25197],[34.78832,31.25199],[34.78753,31.25204],[34.78746,31.25205],[34.78701,31.25207],[34.78693,31.25207],[34.78679,31.25209]]]}},{"type":"Feature","properties":{"Name":"נאות לון","building_count":1302,"avg_overall_5min":272.07,"med_overall_5min":270.25,"avg_amenities_5min":39.17,"avg_trees_5min":618.4,"avg_street_lights_5min":313.23,"coverage_5min":100.0,"avg_commercial_5min":11.71,"avg_education_5min":3.58,"avg_financial_services_5min":0.57,"avg_fitness_5min":2.22,"avg_healthcare_5min":3.49,"avg_parks_and_recreation_5min":3.92,"avg_public_establishment_5min":0.26,"avg_public_institutions_5min":0.56,"avg_religious_institutions_5min":2.73,"avg_senior_services_and_living_5min":0.01,"avg_services_5min":9.66,"avg_shelters_5min":0.0,"avg_tourism_5min":0.46,"avg_transportation_5min":0.0,"avg_score_clean_5min":3883.43,"coverage_clean_5min":100.0,"avg_score_weighted_5min":49.05,"coverage_weighted_5min":100.0,"avg_score_weighted_environmental_quality_5min":35.91,"avg_score_weighted_sub_environmental_quality_roads_5min":60.22,"avg_score_weighted_sub_environmental_quality_shade_5min":8.49,"avg_score_weighted_sub_environmental_quality_trees_5min":42.17,"avg_score_weighted_nature_5min":95.31,"avg_score_weighted_sub_nature_parks_5min":99.77,"avg_score_weighted_sub_nature_urban_nature_areas_5min":90.86,"avg_score_weighted_play_5min":91.47,"avg_score_weighted_sub_play_playgrounds_5min":91.47,"avg_score_weighted_safety_mobility_5min":35.97,"avg_score_weighted_sub_safety_mobility_bicycle_access_5min":0.08,"avg_score_weighted_sub_safety_mobility_bus_stops_5min":89.9,"avg_score_weighted_sub_safety_mobility_shelters_5min":0.0,"avg_score_weighted_sub_safety_mobility_street_lights_5min":59.91,"avg_score_weighted_family_services_5min":19.43,"avg_score_weighted_sub_family_services_business_5min":19.74,"avg_score_weighted_sub_family_services_community_5min":0.0,"avg_score_weighted_sub_family_services_education_5min":33.72,"avg_score_weighted_sub_family_services_health_5min":17.9,"avg_overall_10min":1013.52,"med_overall_10min":907.75,"avg_amenities_10min":233.97,"avg_trees_10min":2052.98,"avg_street_lights_10min":1065.21,"coverage_10min":100.0,"avg_commercial_10min":95.07,"avg_education_10min":26.61,"avg_financial_services_10min":3.19,"avg_fitness_10min":10.54,"avg_healthcare_10min":14.49,"avg_parks_and_recreation_10min":24.84,"avg_public_establishment_10min":2.4,"avg_public_institutions_10min":4.35,"avg_religious_institutions_10min":10.31,"avg_senior_services_and_living_10min":0.76,"avg_services_10min":38.58,"avg_shelters_10min":1.09,"avg_tourism_10min":1.63,"avg_transportation_10min":0.12,"avg_score_clean_10min":13038.17,"coverage_clean_10min":100.0,"avg_score_weighted_10min":49.05,"coverage_weighted_10min":100.0,"avg_score_weighted_environmental_quality_10min":35.91,"avg_score_weighted_sub_environmental_quality_roads_10min":60.22,"avg_score_weighted_sub_environmental_quality_shade_10min":8.49,"avg_score_weighted_sub_environmental_quality_trees_10min":42.17,"avg_score_weighted_nature_10min":95.31,"avg_score_weighted_sub_nature_parks_10min":99.77,"avg_score_weighted_sub_nature_urban_nature_areas_10min":90.86,"avg_score_weighted_play_10min":91.47,"avg_score_weighted_sub_play_playgrounds_10min":91.47,"avg_score_weighted_safety_mobility_10min":35.97,"avg_score_weighted_sub_safety_mobility_bicycle_access_10min":0.08,"avg_score_weighted_sub_safety_mobility_bus_stops_10min":89.9,"avg_score_weighted_sub_safety_mobility_shelters_10min":0.0,"avg_score_weighted_sub_safety_mobility_street_lights_10min":59.91,"avg_score_weighted_family_services_10min":19.43,"avg_score_weighted_sub_family_services_business_10min":19.74,"avg_score_weighted_sub_family_services_community_10min":0.0,"avg_score_weighted_sub_family_services_education_10min":33.72,"avg_score_weighted_sub_family_services_health_10min":17.9,"avg_overall_15min":2268.03,"med_overall_15min":2480.75,"avg_amenities_15min":604.19,"avg_trees_15min":4353.2,"avg_street_lights_15min":2302.17,"coverage_15min":100.0,"avg_commercial_15min":242.07,"avg_education_15min":80.95,"avg_financial_services_15min":9.44,"avg_fitness_15min":24.53,"avg_healthcare_15min":35.8,"avg_parks_and_recreation_15min":63.37,"avg_public_establishment_15min":7.52,"avg_public_institutions_15min":10.72,"avg_religious_institutions_15min":24.24,"avg_senior_services_and_living_15min":2.16,"avg_services_15min":90.12,"avg_shelters_15min":9.35,"avg_tourism_15min":3.05,"avg_transportation_15min":0.88,"avg_score_clean_15min":28002.86,"coverage_clean_15min":100.0,"avg_score_weighted_15min":49.05,"coverage_weighted_15min":100.0,"avg_score_weighted_environmental_quality_15min":35.91,"avg_score_weighted_sub_environmental_quality_roads_15min":60.22,"avg_score_weighted_sub_environmental_quality_shade_15min":8.49,"avg_score_weighted_sub_environmental_quality_trees_15min":42.17,"avg_score_weighted_nature_15min":95.31,"avg_score_weighted_sub_nature_parks_15min":99.77,"avg_score_weighted_sub_nature_urban_nature_areas_15min":90.86,"avg_score_weighted_play_15min":91.47,"avg_score_weighted_sub_play_playgrounds_15min":91.47,"avg_score_weighted_safety_mobility_15min":35.97,"avg_score_weighted_sub_safety_mobility_bicycle_access_15min":0.08,"avg_score_weighted_sub_safety_mobility_bus_stops_15min":89.9,"avg_score_weighted_sub_safety_mobility_shelters_15min":0.0,"avg_score_weighted_sub_safety_mobility_street_lights_15min":59.91,"avg_score_weighted_family_services_15min":19.43,"avg_score_weighted_sub_family_services_business_15min":19.74,"avg_score_weighted_sub_family_services_community_15min":0.0,"avg_score_weighted_sub_family_services_education_15min":33.72,"avg_score_weighted_sub_family_services_health_15min":17.9,"pct_overall_5min":38,"pct_commercial_5min":52,"pct_education_5min":14,"pct_financial_services_5min":43,"pct_fitness_5min":43,"pct_healthcare_5min":33,"pct_parks_and_recreation_5min":38,"pct_public_establishment_5min":24,"pct_public_institutions_5min":19,"pct_religious_institutions_5min":38,"pct_senior_services_and_living_5min":24,"pct_services_5min":38,"pct_shelters_5min":14,"pct_tourism_5min":43,"pct_transportation_5min":38,"pct_trees_5min":62,"pct_clean_overall_5min":52,"pct_weighted_overall_5min":14,"pct_overall_10min":48,"pct_commercial_10min":71,"pct_education_10min":33,"pct_financial_services_10min":48,"pct_fitness_10min":48,"pct_healthcare_10min":48,"pct_parks_and_recreation_10min":57,"pct_public_establishment_10min":29,"pct_public_institutions_10min":52,"pct_religious_institutions_10min":43,"pct_senior_services_and_living_10min":43,"pct_services_10min":57,"pct_shelters_10min":14,"pct_tourism_10min":43,"pct_transportation_10min":29,"pct_trees_10min":48,"pct_clean_overall_10min":48,"pct_weighted_overall_10min":14,"pct_overall_15min":48,"pct_commercial_15min":71,"pct_education_15min":43,"pct_financial_services_15min":52,"pct_fitness_15min":48,"pct_healthcare_15min":48,"pct_parks_and_recreation_15min":48,"pct_public_establishment_15min":33,"pct_public_institutions_15min":52,"pct_religious_institutions_15min":48,"pct_senior_services_and_living_15min":48,"pct_services_15min":52,"pct_shelters_15min":10,"pct_tourism_15min":29,"pct_transportation_15min":33,"pct_trees_15min":43,"pct_clean_overall_15min":48,"pct_weighted_overall_15min":14,"pct_inv_clean_businesscenters":67,"pct_inv_clean_community-centers":48,"pct_inv_clean_education":19,"pct_inv_clean_health":38,"pct_inv_clean_playgrounds":38,"pct_inv_clean_shelters":38,"pct_inv_legacy_commercial":29,"pct_inv_legacy_education":19,"pct_inv_legacy_financial_services":33,"pct_inv_legacy_fitness":67,"pct_inv_legacy_healthcare":33,"pct_inv_legacy_parks_and_recreation":29,"pct_inv_legacy_public_establishment":33,"pct_inv_legacy_public_institutions":38,"pct_inv_legacy_religious_institutions":43,"pct_inv_legacy_senior_services_and_living":43,"pct_inv_legacy_services":33,"pct_inv_legacy_shelters":38,"pct_inv_legacy_tourism":57,"pct_inv_legacy_transportation":57},"geometry":{"type":"Polygon","coordinates":[[[34.76598,31.25318],[34.7652,31.25336],[34.76484,31.25345],[34.76465,31.2535],[34.76463,31.2535],[34.76406,31.25364],[34.764,31.25366],[34.7638,31.25371],[34.76299,31.25391],[34.76282,31.25395],[34.76261,31.254],[34.76197,31.25414],[34.76181,31.25419],[34.76171,31.25422],[34.76169,31.25422],[34.76164,31.25424],[34.76146,31.2543],[34.76125,31.25439],[34.76114,31.25444],[34.76109,31.25446],[34.76093,31.25455],[34.7608,31.25463],[34.76071,31.25469],[34.76066,31.25474],[34.7605,31.25486],[34.76024,31.25511],[34.76016,31.25521],[34.76007,31.2553],[34.75988,31.25557],[34.75964,31.25589],[34.75886,31.25693],[34.75882,31.25691],[34.75873,31.25687],[34.75858,31.2568],[34.75857,31.25679],[34.75856,31.25679],[34.75853,31.25677],[34.75852,31.25677],[34.75851,31.25676],[34.75843,31.25672],[34.75831,31.25664],[34.75826,31.2566],[34.75824,31.25658],[34.75823,31.25658],[34.75822,31.25657],[34.75821,31.25656],[34.75811,31.25646],[34.75809,31.25644],[34.758,31.25633],[34.75795,31.25623],[34.75755,31.25588],[34.75629,31.25312],[34.75627,31.25312],[34.75624,31.25313],[34.75576,31.25191],[34.75571,31.25186],[34.7557,31.25186],[34.75569,31.25185],[34.7557,31.25176],[34.7557,31.25167],[34.75569,31.25155],[34.75568,31.2514],[34.75567,31.25119],[34.75566,31.25101],[34.75566,31.25097],[34.75564,31.25072],[34.75564,31.2507],[34.75565,31.25061],[34.75567,31.25055],[34.75569,31.25054],[34.7559,31.2492],[34.75592,31.24907],[34.75593,31.24907],[34.75644,31.24783],[34.75648,31.24773],[34.75655,31.24762],[34.75658,31.24758],[34.75662,31.2475],[34.75665,31.24741],[34.7567,31.24731],[34.75677,31.24712],[34.75682,31.24705],[34.75685,31.24695],[34.75691,31.24683],[34.75693,31.2468],[34.75703,31.24655],[34.75724,31.24619],[34.7574,31.24589],[34.75741,31.24588],[34.75741,31.24587],[34.75757,31.24559],[34.75761,31.24555],[34.7577,31.2454],[34.75796,31.24494],[34.7583,31.24435],[34.75855,31.24393],[34.75869,31.24365],[34.75876,31.24347],[34.7588,31.24335],[34.75883,31.24326],[34.75889,31.24311],[34.75893,31.24292],[34.75897,31.24273],[34.75897,31.24269],[34.75899,31.24253],[34.759,31.24226],[34.75901,31.24203],[34.759,31.24173],[34.75898,31.24149],[34.75896,31.24136],[34.75895,31.24134],[34.75895,31.24134],[34.75897,31.24134],[34.75899,31.24133],[34.75915,31.24131],[34.75961,31.24126],[34.76001,31.24121],[34.76004,31.24121],[34.76006,31.2412],[34.76008,31.2412],[34.7601,31.2412],[34.76012,31.2412],[34.76019,31.24119],[34.76091,31.2411],[34.76135,31.24106],[34.76162,31.24105],[34.76223,31.24106],[34.76233,31.24106],[34.7629,31.24108],[34.76305,31.24108],[34.76307,31.24108],[34.76309,31.24108],[34.76335,31.24109],[34.76337,31.24109],[34.76339,31.24109],[34.7635,31.24109],[34.76378,31.2411],[34.76411,31.24112],[34.7643,31.24112],[34.76447,31.24113],[34.76449,31.24113],[34.76451,31.24113],[34.76469,31.24113],[34.76488,31.24114],[34.76507,31.24114],[34.76568,31.24116],[34.76604,31.24117],[34.76649,31.2412],[34.76652,31.2412],[34.76741,31.24127],[34.76758,31.24129],[34.7676,31.24129],[34.76762,31.2413],[34.76774,31.2413],[34.76798,31.24133],[34.76801,31.24133],[34.768,31.24135],[34.768,31.24136],[34.76794,31.24175],[34.76794,31.24177],[34.76789,31.24216],[34.76787,31.24239],[34.76787,31.24276],[34.7679,31.24304],[34.76792,31.24325],[34.76792,31.24329],[34.76795,31.24341],[34.76796,31.24344],[34.76797,31.24348],[34.76799,31.24354],[34.76803,31.24383],[34.76809,31.24432],[34.76809,31.24434],[34.76827,31.2456],[34.76827,31.24561],[34.76827,31.24566],[34.76829,31.2458],[34.76832,31.24597],[34.76834,31.24615],[34.76839,31.24648],[34.7684,31.24651],[34.76841,31.24657],[34.76846,31.24686],[34.76848,31.24697],[34.76849,31.24702],[34.7685,31.24706],[34.7685,31.24707],[34.76854,31.24736],[34.76855,31.24741],[34.76855,31.24744],[34.7686,31.24791],[34.76865,31.24822],[34.76866,31.24825],[34.76875,31.24886],[34.76878,31.24908],[34.76879,31.24911],[34.76882,31.24925],[34.76891,31.24954],[34.76891,31.24955],[34.76903,31.24989],[34.76906,31.24994],[34.76915,31.25013],[34.76927,31.25035],[34.76928,31.25037],[34.76929,31.25038],[34.76938,31.25055],[34.76939,31.25056],[34.76939,31.25057],[34.76948,31.25072],[34.76964,31.25103],[34.76985,31.2514],[34.76985,31.25141],[34.76994,31.25156],[34.76994,31.25157],[34.77005,31.25176],[34.7702,31.25202],[34.77023,31.25205],[34.77029,31.25213],[34.77007,31.25219],[34.76948,31.25233],[34.76924,31.25239],[34.76876,31.25251],[34.76784,31.25273],[34.76709,31.25291],[34.76661,31.25303],[34.76598,31.25318]]]}},{"type":"Feature","properties":{"Name":"שכונה ט","building_count":477,"avg_overall_5min":338.93,"med_overall_5min":339.75,"avg_amenities_5min":99.47,"avg_trees_5min":619.93,"avg_street_lights_5min":337.9,"coverage_5min":100.0,"avg_commercial_5min":21.72,"avg_education_5min":20.19,"avg_financial_services_5min":2.6,"avg_fitness_5min":5.35,"avg_healthcare_5min":8.05,"avg_parks_and_recreation_5min":10.84,"avg_public_establishment_5min":3.28,"avg_public_institutions_5min":2.21,"avg_religious_institutions_5min":5.0,"avg_senior_services_and_living_5min":0.29,"avg_services_5min":14.5,"avg_shelters_5min":3.99,"avg_tourism_5min":0.65,"avg_transportation_5min":0.81,"avg_score_clean_5min":4163.09,"coverage_clean_5min":100.0,"avg_score_weighted_5min":58.85,"coverage_weighted_5min":100.0,"avg_score_weighted_environmental_quality_5min":38.18,"avg_score_weighted_sub_environmental_quality_roads_5min":61.84,"avg_score_weighted_sub_environmental_quality_shade_5min":19.81,"avg_score_weighted_sub_environmental_quality_trees_5min":27.57,"avg_score_weighted_nature_5min":86.27,"avg_score_weighted_sub_nature_parks_5min":100.0,"avg_score_weighted_sub_nature_urban_nature_areas_5min":72.54,"avg_score_weighted_play_5min":100.0,"avg_score_weighted_sub_play_playgrounds_5min":100.0,"avg_score_weighted_safety_mobility_5min":42.55,"avg_score_weighted_sub_safety_mobility_bicycle_access_5min":0.0,"avg_score_weighted_sub_safety_mobility_bus_stops_5min":100.0,"avg_score_weighted_sub_safety_mobility_shelters_5min":0.0,"avg_score_weighted_sub_safety_mobility_street_lights_5min":83.65,"avg_score_weighted_family_services_5min":50.55,"avg_score_weighted_sub_family_services_business_5min":37.95,"avg_score_weighted_sub_family_services_community_5min":0.0,"avg_score_weighted_sub_family_services_education_5min":93.5,"avg_score_weighted_sub_family_services_health_5min":49.69,"avg_overall_10min":1434.43,"med_overall_10min":1457.0,"avg_amenities_10min":485.99,"avg_trees_10min":2551.56,"avg_street_lights_10min":1242.22,"coverage_10min":100.0,"avg_commercial_10min":177.11,"avg_education_10min":66.43,"avg_financial_services_10min":8.23,"avg_fitness_10min":23.49,"avg_healthcare_10min":28.18,"avg_parks_and_recreation_10min":54.85,"avg_public_establishment_10min":10.4,"avg_public_institutions_10min":12.3,"avg_religious_institutions_10min":13.26,"avg_senior_services_and_living_10min":0.97,"avg_services_10min":70.29,"avg_shelters_10min":16.62,"avg_tourism_10min":2.03,"avg_transportation_10min":1.84,"avg_score_clean_10min":16233.14,"coverage_clean_10min":100.0,"avg_score_weighted_10min":58.85,"coverage_weighted_10min":100.0,"avg_score_weighted_environmental_quality_10min":38.18,"avg_score_weighted_sub_environmental_quality_roads_10min":61.84,"avg_score_weighted_sub_environmental_quality_shade_10min":19.81,"avg_score_weighted_sub_environmental_quality_trees_10min":27.57,"avg_score_weighted_nature_10min":86.27,"avg_score_weighted_sub_nature_parks_10min":100.0,"avg_score_weighted_sub_nature_urban_nature_areas_10min":72.54,"avg_score_weighted_play_10min":100.0,"avg_score_weighted_sub_play_playgrounds_10min":100.0,"avg_score_weighted_safety_mobility_10min":42.55,"avg_score_weighted_sub_safety_mobility_bicycle_access_10min":0.0,"avg_score_weighted_sub_safety_mobility_bus_stops_10min":100.0,"avg_score_weighted_sub_safety_mobility_shelters_10min":0.0,"avg_score_weighted_sub_safety_mobility_street_lights_10min":83.65,"avg_score_weighted_family_services_10min":50.55,"avg_score_weighted_sub_family_services_business_10min":37.95,"avg_score_weighted_sub_family_services_community_10min":0.0,"avg_score_weighted_sub_family_services_education_10min":93.5,"avg_score_weighted_sub_family_services_health_10min":49.69,"avg_overall_15min":3455.36,"med_overall_15min":3447.75,"avg_amenities_15min":1277.14,"avg_trees_15min":5812.24,"avg_street_lights_15min":2900.65,"coverage_15min":100.0,"avg_commercial_15min":463.94,"avg_education_15min":151.79,"avg_financial_services_15min":24.86,"avg_fitness_15min":46.89,"avg_healthcare_15min":67.81,"avg_parks_and_recreation_15min":156.3,"avg_public_establishment_15min":24.09,"avg_public_institutions_15min":25.48,"avg_religious_institutions_15min":33.09,"avg_senior_services_and_living_15min":2.53,"avg_services_15min":218.01,"avg_shelters_15min":53.5,"avg_tourism_15min":5.36,"avg_transportation_15min":3.51,"avg_score_clean_15min":37200.28,"coverage_clean_15min":100.0,"avg_score_weighted_15min":58.85,"coverage_weighted_15min":100.0,"avg_score_weighted_environmental_quality_15min":38.18,"avg_score_weighted_sub_environmental_quality_roads_15min":61.84,"avg_score_weighted_sub_environmental_quality_shade_15min":19.81,"avg_score_weighted_sub_environmental_quality_trees_15min":27.57,"avg_score_weighted_nature_15min":86.27,"avg_score_weighted_sub_nature_parks_15min":100.0,"avg_score_weighted_sub_nature_urban_nature_areas_15min":72.54,"avg_score_weighted_play_15min":100.0,"avg_score_weighted_sub_play_playgrounds_15min":100.0,"avg_score_weighted_safety_mobility_15min":42.55,"avg_score_weighted_sub_safety_mobility_bicycle_access_15min":0.0,"avg_score_weighted_sub_safety_mobility_bus_stops_15min":100.0,"avg_score_weighted_sub_safety_mobility_shelters_15min":0.0,"avg_score_weighted_sub_safety_mobility_street_lights_15min":83.65,"avg_score_weighted_family_services_15min":50.55,"avg_score_weighted_sub_family_services_business_15min":37.95,"avg_score_weighted_sub_family_services_community_15min":0.0,"avg_score_weighted_sub_family_services_education_15min":93.5,"avg_score_weighted_sub_family_services_health_15min":49.69,"pct_overall_5min":67,"pct_commercial_5min":71,"pct_education_5min":90,"pct_financial_services_5min":81,"pct_fitness_5min":90,"pct_healthcare_5min":81,"pct_parks_and_recreation_5min":67,"pct_public_establishment_5min":81,"pct_public_institutions_5min":71,"pct_religious_institutions_5min":67,"pct_senior_services_and_living_5min":57,"pct_services_5min":71,"pct_shelters_5min":43,"pct_tourism_5min":62,"pct_transportation_5min":95,"pct_trees_5min":67,"pct_clean_overall_5min":76,"pct_weighted_overall_5min":86,"pct_overall_10min":81,"pct_commercial_10min":90,"pct_education_10min":86,"pct_financial_services_10min":76,"pct_fitness_10min":95,"pct_healthcare_10min":76,"pct_parks_and_recreation_10min":76,"pct_public_establishment_10min":76,"pct_public_institutions_10min":86,"pct_religious_institutions_10min":52,"pct_senior_services_and_living_10min":52,"pct_services_10min":76,"pct_shelters_10min":38,"pct_tourism_10min":67,"pct_transportation_10min":86,"pct_trees_10min":86,"pct_clean_overall_10min":86,"pct_weighted_overall_10min":86,"pct_overall_15min":81,"pct_commercial_15min":90,"pct_education_15min":86,"pct_financial_services_15min":81,"pct_fitness_15min":95,"pct_healthcare_15min":76,"pct_parks_and_recreation_15min":81,"pct_public_establishment_15min":71,"pct_public_institutions_15min":86,"pct_religious_institutions_15min":52,"pct_senior_services_and_living_15min":52,"pct_services_15min":76,"pct_shelters_15min":38,"pct_tourism_15min":62,"pct_transportation_15min":81,"pct_trees_15min":90,"pct_clean_overall_15min":90,"pct_weighted_overall_15min":86,"pct_inv_clean_businesscenters":81,"pct_inv_clean_community-centers":48,"pct_inv_clean_education":71,"pct_inv_clean_health":48,"pct_inv_clean_playgrounds":57,"pct_inv_clean_shelters":43,"pct_inv_legacy_commercial":100,"pct_inv_legacy_education":48,"pct_inv_legacy_financial_services":81,"pct_inv_legacy_fitness":90,"pct_inv_legacy_healthcare":43,"pct_inv_legacy_parks_and_recreation":86,"pct_inv_legacy_public_establishment":67,"pct_inv_legacy_public_institutions":86,"pct_inv_legacy_religious_institutions":43,"pct_inv_legacy_senior_services_and_living":71,"pct_inv_legacy_services":57,"pct_inv_legacy_shelters":43,"pct_inv_legacy_tourism":57,"pct_inv_legacy_transportation":86},"geometry":{"type":"MultiPolygon","coordinates":[[[[34.77091,31.25195],[34.77095,31.25193],[34.77139,31.2518],[34.77177,31.25166],[34.7721,31.25153],[34.77231,31.25144],[34.7725,31.25135],[34.77292,31.25116],[34.7731,31.25107],[34.77345,31.25088],[34.77376,31.2507],[34.77382,31.25067],[34.77398,31.25058],[34.77404,31.25054],[34.77438,31.25032],[34.7745,31.25024],[34.77472,31.25011],[34.77492,31.24996],[34.77524,31.24974],[34.77527,31.24971],[34.77585,31.24927],[34.7759,31.24924],[34.77627,31.24896],[34.77636,31.24889],[34.7765,31.24878],[34.77705,31.24835],[34.77706,31.24835],[34.77741,31.24808],[34.7778,31.24777],[34.77782,31.24775],[34.77823,31.24746],[34.77849,31.2473],[34.77872,31.24718],[34.77899,31.24707],[34.7791,31.24703],[34.7792,31.24699],[34.77949,31.24691],[34.77975,31.24686],[34.77986,31.24684],[34.78001,31.24682],[34.78008,31.24681],[34.7811,31.24669],[34.7812,31.24667],[34.78295,31.24644],[34.78289,31.24625],[34.78268,31.24571],[34.78267,31.24568],[34.7826,31.24549],[34.7825,31.24522],[34.78239,31.24493],[34.78238,31.2449],[34.78231,31.24469],[34.78223,31.24456],[34.78222,31.24454],[34.78215,31.24448],[34.78208,31.24442],[34.78196,31.24435],[34.78178,31.24429],[34.78175,31.24428],[34.78173,31.24427],[34.78171,31.24427],[34.7816,31.24423],[34.78157,31.24422],[34.78155,31.24421],[34.78153,31.24421],[34.78123,31.24412],[34.78097,31.24403],[34.78079,31.24397],[34.78056,31.2439],[34.78028,31.2438],[34.77967,31.2436],[34.77953,31.24356],[34.77939,31.24351],[34.77925,31.24346],[34.77922,31.24345],[34.7792,31.24344],[34.77898,31.24337],[34.77896,31.24336],[34.77889,31.24334],[34.77888,31.24334],[34.77884,31.24332],[34.77867,31.24327],[34.77815,31.2431],[34.77799,31.24305],[34.77773,31.24296],[34.77729,31.24282],[34.77713,31.24277],[34.77705,31.24274],[34.77646,31.24255],[34.77631,31.24249],[34.7763,31.24249],[34.77614,31.24244],[34.77567,31.2423],[34.77519,31.24217],[34.77501,31.24212],[34.77467,31.24205],[34.77424,31.24197],[34.77421,31.24196],[34.77419,31.24196],[34.77417,31.24196],[34.77411,31.24195],[34.77389,31.24192],[34.77386,31.24191],[34.77383,31.24191],[34.77361,31.24188],[34.77359,31.24188],[34.77336,31.24185],[34.77332,31.24185],[34.77283,31.2418],[34.77167,31.24169],[34.77121,31.24165],[34.77118,31.24165],[34.77114,31.24164],[34.77082,31.24161],[34.77048,31.24158],[34.76929,31.24146],[34.76887,31.24142],[34.76858,31.24139],[34.76854,31.24139],[34.76804,31.24133],[34.76803,31.24133],[34.76801,31.24133],[34.768,31.24135],[34.768,31.24136],[34.76794,31.24175],[34.76794,31.24177],[34.76789,31.24216],[34.76787,31.24239],[34.76787,31.24276],[34.7679,31.24304],[34.76792,31.24325],[34.76792,31.24329],[34.76795,31.24341],[34.76796,31.24344],[34.76797,31.24348],[34.76799,31.24354],[34.76803,31.24383],[34.76809,31.24432],[34.76809,31.24434],[34.76827,31.2456],[34.76827,31.24561],[34.76827,31.24566],[34.76829,31.2458],[34.76832,31.24597],[34.76834,31.24615],[34.76839,31.24648],[34.7684,31.24651],[34.76841,31.24657],[34.76846,31.24686],[34.76848,31.24697],[34.76849,31.24702],[34.7685,31.24706],[34.7685,31.24707],[34.76854,31.24736],[34.76855,31.24741],[34.76855,31.24744],[34.7686,31.24791],[34.76865,31.24822],[34.76866,31.24825],[34.76875,31.24886],[34.76878,31.24908],[34.76879,31.24911],[34.76882,31.24925],[34.76891,31.24954],[34.76891,31.24955],[34.76903,31.24989],[34.76906,31.24994],[34.76915,31.25013],[34.76927,31.25035],[34.76928,31.25037],[34.76929,31.25038],[34.76938,31.25055],[34.76939,31.25056],[34.76939,31.25057],[34.76948,31.25072],[34.76964,31.25103],[34.76985,31.2514],[34.76985,31.25141],[34.76994,31.25156],[34.76994,31.25157],[34.77005,31.25176],[34.7702,31.25202],[34.77023,31.25205],[34.77029,31.25213],[34.77064,31.25202],[34.77091,31.25195]]],[[[34.77029,31.25213],[34.77032,31.25216],[34.77029,31.25213],[34.77029,31.25213]]]]}},{"type":"Feature","properties":{"Name":"נחל בקע","building_count":844,"avg_overall_5min":247.57,"med_overall_5min":253.88,"avg_amenities_5min":51.92,"avg_trees_5min":570.77,"avg_street_lights_5min":211.81,"coverage_5min":100.0,"avg_commercial_5min":2.61,"avg_education_5min":3.25,"avg_financial_services_5min":0.0,"avg_fitness_5min":2.2,"avg_healthcare_5min":1.35,"avg_parks_and_recreation_5min":0.61,"avg_public_establishment_5min":0.0,"avg_public_institutions_5min":0.65,"avg_religious_institutions_5min":1.49,"avg_senior_services_and_living_5min":0.43,"avg_services_5min":1.62,"avg_shelters_5min":37.02,"avg_tourism_5min":0.7,"avg_transportation_5min":0.0,"avg_score_clean_5min":3250.28,"coverage_clean_5min":100.0,"avg_score_weighted_5min":60.13,"coverage_weighted_5min":100.0,"avg_score_weighted_environmental_quality_5min":55.94,"avg_score_weighted_sub_environmental_quality_roads_5min":100.0,"avg_score_weighted_sub_environmental_quality_shade_5min":0.77,"avg_score_weighted_sub_environmental_quality_trees_5min":78.14,"avg_score_weighted_nature_5min":90.55,"avg_score_weighted_sub_nature_parks_5min":81.1,"avg_score_weighted_sub_nature_urban_nature_areas_5min":100.0,"avg_score_weighted_play_5min":97.75,"avg_score_weighted_sub_play_playgrounds_5min":97.75,"avg_score_weighted_safety_mobility_5min":46.93,"avg_score_weighted_sub_safety_mobility_bicycle_access_5min":0.0,"avg_score_weighted_sub_safety_mobility_bus_stops_5min":98.05,"avg_score_weighted_sub_safety_mobility_shelters_5min":31.16,"avg_score_weighted_sub_safety_mobility_street_lights_5min":33.65,"avg_score_weighted_family_services_5min":35.85,"avg_score_weighted_sub_family_services_business_5min":0.0,"avg_score_weighted_sub_family_services_community_5min":56.28,"avg_score_weighted_sub_family_services_education_5min":36.73,"avg_score_weighted_sub_family_services_health_5min":45.26,"avg_overall_10min":472.21,"med_overall_10min":475.0,"avg_amenities_10min":92.43,"avg_trees_10min":1114.92,"avg_street_lights_10min":404.22,"coverage_10min":100.0,"avg_commercial_10min":4.93,"avg_education_10min":5.49,"avg_financial_services_10min":0.01,"avg_fitness_10min":3.87,"avg_healthcare_10min":2.84,"avg_parks_and_recreation_10min":1.1,"avg_public_establishment_10min":0.01,"avg_public_institutions_10min":1.0,"avg_religious_institutions_10min":2.44,"avg_senior_services_and_living_10min":0.67,"avg_services_10min":2.95,"avg_shelters_10min":65.56,"avg_tourism_10min":1.56,"avg_transportation_10min":0.0,"avg_score_clean_10min":6282.41,"coverage_clean_10min":100.0,"avg_score_weighted_10min":60.13,"coverage_weighted_10min":100.0,"avg_score_weighted_environmental_quality_10min":55.94,"avg_score_weighted_sub_environmental_quality_roads_10min":100.0,"avg_score_weighted_sub_environmental_quality_shade_10min":0.77,"avg_score_weighted_sub_environmental_quality_trees_10min":78.14,"avg_score_weighted_nature_10min":90.55,"avg_score_weighted_sub_nature_parks_10min":81.1,"avg_score_weighted_sub_nature_urban_nature_areas_10min":100.0,"avg_score_weighted_play_10min":97.75,"avg_score_weighted_sub_play_playgrounds_10min":97.75,"avg_score_weighted_safety_mobility_10min":46.93,"avg_score_weighted_sub_safety_mobility_bicycle_access_10min":0.0,"avg_score_weighted_sub_safety_mobility_bus_stops_10min":98.05,"avg_score_weighted_sub_safety_mobility_shelters_10min":31.16,"avg_score_weighted_sub_safety_mobility_street_lights_10min":33.65,"avg_score_weighted_family_services_10min":35.85,"avg_score_weighted_sub_family_services_business_10min":0.0,"avg_score_weighted_sub_family_services_community_10min":56.28,"avg_score_weighted_sub_family_services_education_10min":36.73,"avg_score_weighted_sub_family_services_health_10min":45.26,"avg_overall_15min":644.02,"med_overall_15min":656.38,"avg_amenities_15min":110.27,"avg_trees_15min":1606.5,"avg_street_lights_15min":528.52,"coverage_15min":100.0,"avg_commercial_15min":5.61,"avg_education_15min":6.36,"avg_financial_services_15min":0.03,"avg_fitness_15min":4.08,"avg_healthcare_15min":3.12,"avg_parks_and_recreation_15min":1.2,"avg_public_establishment_15min":0.05,"avg_public_institutions_15min":1.05,"avg_religious_institutions_15min":3.11,"avg_senior_services_and_living_15min":0.98,"avg_services_15min":4.24,"avg_shelters_15min":78.43,"avg_tourism_15min":2.0,"avg_transportation_15min":0.0,"avg_score_clean_15min":8795.39,"coverage_clean_15min":100.0,"avg_score_weighted_15min":60.13,"coverage_weighted_15min":100.0,"avg_score_weighted_environmental_quality_15min":55.94,"avg_score_weighted_sub_environmental_quality_roads_15min":100.0,"avg_score_weighted_sub_environmental_quality_shade_15min":0.77,"avg_score_weighted_sub_environmental_quality_trees_15min":78.14,"avg_score_weighted_nature_15min":90.55,"avg_score_weighted_sub_nature_parks_15min":81.1,"avg_score_weighted_sub_nature_urban_nature_areas_15min":100.0,"avg_score_weighted_play_15min":97.75,"avg_score_weighted_sub_play_playgrounds_15min":97.75,"avg_score_weighted_safety_mobility_15min":46.93,"avg_score_weighted_sub_safety_mobility_bicycle_access_15min":0.0,"avg_score_weighted_sub_safety_mobility_bus_stops_15min":98.05,"avg_score_weighted_sub_safety_mobility_shelters_15min":31.16,"avg_score_weighted_sub_safety_mobility_street_lights_15min":33.65,"avg_score_weighted_family_services_15min":35.85,"avg_score_weighted_sub_family_services_business_15min":0.0,"avg_score_weighted_sub_family_services_community_15min":56.28,"avg_score_weighted_sub_family_services_education_15min":36.73,"avg_score_weighted_sub_family_services_health_15min":45.26,"pct_overall_5min":33,"pct_commercial_5min":24,"pct_education_5min":10,"pct_financial_services_5min":24,"pct_fitness_5min":38,"pct_healthcare_5min":24,"pct_parks_and_recreation_5min":14,"pct_public_establishment_5min":19,"pct_public_institutions_5min":33,"pct_religious_institutions_5min":19,"pct_senior_services_and_living_5min":71,"pct_services_5min":24,"pct_shelters_5min":86,"pct_tourism_5min":67,"pct_transportation_5min":38,"pct_trees_5min":38,"pct_clean_overall_5min":29,"pct_weighted_overall_5min":95,"pct_overall_10min":14,"pct_commercial_10min":14,"pct_education_10min":5,"pct_financial_services_10min":14,"pct_fitness_10min":14,"pct_healthcare_10min":14,"pct_parks_and_recreation_10min":5,"pct_public_establishment_10min":10,"pct_public_institutions_10min":14,"pct_religious_institutions_10min":19,"pct_senior_services_and_living_10min":38,"pct_services_10min":14,"pct_shelters_10min":62,"pct_tourism_10min":38,"pct_transportation_10min":10,"pct_trees_10min":19,"pct_clean_overall_10min":14,"pct_weighted_overall_10min":95,"pct_overall_15min":5,"pct_commercial_15min":5,"pct_education_15min":5,"pct_financial_services_15min":5,"pct_fitness_15min":14,"pct_healthcare_15min":5,"pct_parks_and_recreation_15min":5,"pct_public_establishment_15min":10,"pct_public_institutions_15min":5,"pct_religious_institutions_15min":10,"pct_senior_services_and_living_15min":38,"pct_services_15min":5,"pct_shelters_15min":48,"pct_tourism_15min":19,"pct_transportation_15min":5,"pct_trees_15min":10,"pct_clean_overall_15min":5,"pct_weighted_overall_15min":95,"pct_inv_clean_businesscenters":29,"pct_inv_clean_community-centers":90,"pct_inv_clean_education":14,"pct_inv_clean_health":38,"pct_inv_clean_playgrounds":29,"pct_inv_clean_shelters":76,"pct_inv_legacy_commercial":19,"pct_inv_legacy_education":10,"pct_inv_legacy_financial_services":19,"pct_inv_legacy_fitness":24,"pct_inv_legacy_healthcare":24,"pct_inv_legacy_parks_and_recreation":19,"pct_inv_legacy_public_establishment":24,"pct_inv_legacy_public_institutions":14,"pct_inv_legacy_religious_institutions":24,"pct_inv_legacy_senior_services_and_living":71,"pct_inv_legacy_services":24,"pct_inv_legacy_shelters":76,"pct_inv_legacy_tourism":57,"pct_inv_legacy_transportation":57},"geometry":{"type":"GeometryCollection","geometries":[{"type":"Polygon","coordinates":[[[34.77526,31.2262],[34.77523,31.22617],[34.77526,31.22617],[34.77596,31.22615],[34.77686,31.22633],[34.77739,31.22642],[34.77754,31.22649],[34.77796,31.22671],[34.7781,31.22673],[34.77874,31.22685],[34.77927,31.227],[34.77954,31.22702],[34.78034,31.22754],[34.78184,31.22793],[34.78224,31.22813],[34.78363,31.22814],[34.78364,31.22817],[34.78367,31.22823],[34.78371,31.22828],[34.78372,31.2283],[34.78374,31.2283],[34.78386,31.22833],[34.78401,31.22835],[34.78415,31.22838],[34.78425,31.22841],[34.78442,31.22845],[34.7846,31.22848],[34.78472,31.22847],[34.7849,31.22848],[34.78514,31.22844],[34.78529,31.22843],[34.7854,31.22846],[34.78658,31.22831],[34.78669,31.22829],[34.7867,31.22828],[34.78682,31.22823],[34.78697,31.22821],[34.78713,31.22819],[34.78755,31.22811],[34.78813,31.22807],[34.78832,31.22804],[34.78834,31.22804],[34.78864,31.22796],[34.78874,31.22794],[34.7889,31.22793],[34.78904,31.22794],[34.78915,31.22796],[34.78923,31.22797],[34.78932,31.22798],[34.78949,31.22795],[34.78954,31.22795],[34.7896,31.22797],[34.78971,31.22799],[34.78985,31.22804],[34.79005,31.22806],[34.79028,31.22802],[34.79043,31.228],[34.7906,31.22801],[34.7908,31.22803],[34.79098,31.22802],[34.79122,31.22796],[34.7914,31.22793],[34.7916,31.228],[34.79169,31.22802],[34.79171,31.22803],[34.79188,31.22806],[34.79203,31.22807],[34.79212,31.2281],[34.79222,31.2282],[34.79222,31.22819],[34.79228,31.22808],[34.79235,31.22778],[34.79237,31.22759],[34.79236,31.22753],[34.79235,31.22746],[34.79348,31.22725],[34.79545,31.2273],[34.79761,31.22735],[34.79765,31.22735],[34.79765,31.22738],[34.79781,31.22612],[34.79741,31.22601],[34.7963,31.2257],[34.79512,31.2254],[34.79217,31.22462],[34.79054,31.22426],[34.79042,31.22423],[34.7895,31.22402],[34.78934,31.22398],[34.78696,31.22345],[34.7842,31.22287],[34.78137,31.22225],[34.78135,31.22224],[34.78134,31.22221],[34.78111,31.22098],[34.78111,31.22095],[34.78109,31.22095],[34.78016,31.22091],[34.77992,31.2209],[34.77785,31.22088],[34.77638,31.22089],[34.77623,31.22089],[34.77557,31.22026],[34.77584,31.22005],[34.77453,31.21882],[34.77402,31.21834],[34.77242,31.21952],[34.77205,31.2198],[34.7706,31.22087],[34.77024,31.22087],[34.76948,31.22086],[34.76942,31.22085],[34.76942,31.22088],[34.76554,31.22085],[34.76626,31.22173],[34.76642,31.22248],[34.76702,31.22338],[34.76754,31.22405],[34.76798,31.22472],[34.76824,31.2248],[34.76841,31.22508],[34.76879,31.22518],[34.76916,31.22536],[34.76945,31.22569],[34.77001,31.22618],[34.77117,31.22715],[34.77203,31.22662],[34.77271,31.22659],[34.77367,31.22632],[34.7744,31.22626],[34.77526,31.22621],[34.77527,31.22621],[34.77526,31.2262]]]},{"type":"LineString","coordinates":[[34.77527,31.22621],[34.77528,31.22621]]}]}},{"type":"Feature","properties":{"Name":"נווה נוי","building_count":1346,"avg_overall_5min":231.42,"med_overall_5min":218.12,"avg_amenities_5min":38.85,"avg_trees_5min":563.3,"avg_street_lights_5min":206.99,"coverage_5min":100.0,"avg_commercial_5min":7.75,"avg_education_5min":6.05,"avg_financial_services_5min":0.38,"avg_fitness_5min":1.89,"avg_healthcare_5min":2.47,"avg_parks_and_recreation_5min":2.95,"avg_public_establishment_5min":0.42,"avg_public_institutions_5min":0.74,"avg_religious_institutions_5min":2.36,"avg_senior_services_and_living_5min":0.0,"avg_services_5min":10.1,"avg_shelters_5min":3.19,"avg_tourism_5min":0.51,"avg_transportation_5min":0.04,"avg_score_clean_5min":3193.13,"coverage_clean_5min":100.0,"avg_score_weighted_5min":53.41,"coverage_weighted_5min":100.0,"avg_score_weighted_environmental_quality_5min":45.01,"avg_score_weighted_sub_environmental_quality_roads_5min":83.32,"avg_score_weighted_sub_environmental_quality_shade_5min":6.43,"avg_score_weighted_sub_environmental_quality_trees_5min":45.54,"avg_score_weighted_nature_5min":96.81,"avg_score_weighted_sub_nature_parks_5min":95.47,"avg_score_weighted_sub_nature_urban_nature_areas_5min":98.14,"avg_score_weighted_play_5min":93.46,"avg_score_weighted_sub_play_playgrounds_5min":93.46,"avg_score_weighted_safety_mobility_5min":33.65,"avg_score_weighted_sub_safety_mobility_bicycle_access_5min":0.0,"avg_score_weighted_sub_safety_mobility_bus_stops_5min":89.34,"avg_score_weighted_sub_safety_mobility_shelters_5min":1.78,"avg_score_weighted_sub_safety_mobility_street_lights_5min":40.9,"avg_score_weighted_family_services_5min":29.83,"avg_score_weighted_sub_family_services_business_5min":5.72,"avg_score_weighted_sub_family_services_community_5min":19.02,"avg_score_weighted_sub_family_services_education_5min":60.36,"avg_score_weighted_sub_family_services_health_5min":22.59,"avg_overall_10min":678.03,"med_overall_10min":666.0,"avg_amenities_10min":117.3,"avg_trees_10min":1624.52,"avg_street_lights_10min":618.4,"coverage_10min":100.0,"avg_commercial_10min":26.66,"avg_education_10min":15.05,"avg_financial_services_10min":1.11,"avg_fitness_10min":4.87,"avg_healthcare_10min":6.66,"avg_parks_and_recreation_10min":14.88,"avg_public_establishment_10min":1.28,"avg_public_institutions_10min":2.07,"avg_religious_institutions_10min":6.01,"avg_senior_services_and_living_10min":0.02,"avg_services_10min":29.19,"avg_shelters_10min":7.66,"avg_tourism_10min":1.36,"avg_transportation_10min":0.49,"avg_score_clean_10min":9215.28,"coverage_clean_10min":100.0,"avg_score_weighted_10min":53.41,"coverage_weighted_10min":100.0,"avg_score_weighted_environmental_quality_10min":45.01,"avg_score_weighted_sub_environmental_quality_roads_10min":83.32,"avg_score_weighted_sub_environmental_quality_shade_10min":6.43,"avg_score_weighted_sub_environmental_quality_trees_10min":45.54,"avg_score_weighted_nature_10min":96.81,"avg_score_weighted_sub_nature_parks_10min":95.47,"avg_score_weighted_sub_nature_urban_nature_areas_10min":98.14,"avg_score_weighted_play_10min":93.46,"avg_score_weighted_sub_play_playgrounds_10min":93.46,"avg_score_weighted_safety_mobility_10min":33.65,"avg_score_weighted_sub_safety_mobility_bicycle_access_10min":0.0,"avg_score_weighted_sub_safety_mobility_bus_stops_10min":89.34,"avg_score_weighted_sub_safety_mobility_shelters_10min":1.78,"avg_score_weighted_sub_safety_mobility_street_lights_10min":40.9,"avg_score_weighted_family_services_10min":29.83,"avg_score_weighted_sub_family_services_business_10min":5.72,"avg_score_weighted_sub_family_services_community_10min":19.02,"avg_score_weighted_sub_family_services_education_10min":60.36,"avg_score_weighted_sub_family_services_health_10min":22.59,"avg_overall_15min":1356.66,"med_overall_15min":1270.5,"avg_amenities_15min":316.06,"avg_trees_15min":2974.57,"avg_street_lights_15min":1187.8,"coverage_15min":100.0,"avg_commercial_15min":82.81,"avg_education_15min":29.81,"avg_financial_services_15min":4.01,"avg_fitness_15min":9.78,"avg_healthcare_15min":15.51,"avg_parks_and_recreation_15min":55.88,"avg_public_establishment_15min":2.68,"avg_public_institutions_15min":4.25,"avg_religious_institutions_15min":9.51,"avg_senior_services_and_living_15min":0.68,"avg_services_15min":80.55,"avg_shelters_15min":13.61,"avg_tourism_15min":4.73,"avg_transportation_15min":2.25,"avg_score_clean_15min":17057.55,"coverage_clean_15min":100.0,"avg_score_weighted_15min":53.41,"coverage_weighted_15min":100.0,"avg_score_weighted_environmental_quality_15min":45.01,"avg_score_weighted_sub_environmental_quality_roads_15min":83.32,"avg_score_weighted_sub_environmental_quality_shade_15min":6.43,"avg_score_weighted_sub_environmental_quality_trees_15min":45.54,"avg_score_weighted_nature_15min":96.81,"avg_score_weighted_sub_nature_parks_15min":95.47,"avg_score_weighted_sub_nature_urban_nature_areas_15min":98.14,"avg_score_weighted_play_15min":93.46,"avg_score_weighted_sub_play_playgrounds_15min":93.46,"avg_score_weighted_safety_mobility_15min":33.65,"avg_score_weighted_sub_safety_mobility_bicycle_access_15min":0.0,"avg_score_weighted_sub_safety_mobility_bus_stops_15min":89.34,"avg_score_weighted_sub_safety_mobility_shelters_15min":1.78,"avg_score_weighted_sub_safety_mobility_street_lights_15min":40.9,"avg_score_weighted_family_services_15min":29.83,"avg_score_weighted_sub_family_services_business_15min":5.72,"avg_score_weighted_sub_family_services_community_15min":19.02,"avg_score_weighted_sub_family_services_education_15min":60.36,"avg_score_weighted_sub_family_services_health_15min":22.59,"pct_overall_5min":24,"pct_commercial_5min":38,"pct_education_5min":29,"pct_financial_services_5min":33,"pct_fitness_5min":33,"pct_healthcare_5min":29,"pct_parks_and_recreation_5min":29,"pct_public_establishment_5min":33,"pct_public_institutions_5min":38,"pct_religious_institutions_5min":29,"pct_senior_services_and_living_5min":19,"pct_services_5min":48,"pct_shelters_5min":38,"pct_tourism_5min":57,"pct_transportation_5min":48,"pct_trees_5min":33,"pct_clean_overall_5min":24,"pct_weighted_overall_5min":43,"pct_overall_10min":24,"pct_commercial_10min":33,"pct_education_10min":19,"pct_financial_services_10min":29,"pct_fitness_10min":19,"pct_healthcare_10min":24,"pct_parks_and_recreation_10min":29,"pct_public_establishment_10min":24,"pct_public_institutions_10min":19,"pct_religious_institutions_10min":24,"pct_senior_services_and_living_10min":19,"pct_services_10min":38,"pct_shelters_10min":29,"pct_tourism_10min":29,"pct_transportation_10min":43,"pct_trees_10min":29,"pct_clean_overall_10min":24,"pct_weighted_overall_10min":43,"pct_overall_15min":24,"pct_commercial_15min":43,"pct_education_15min":14,"pct_financial_services_15min":33,"pct_fitness_15min":24,"pct_healthcare_15min":24,"pct_parks_and_recreation_15min":43,"pct_public_establishment_15min":19,"pct_public_institutions_15min":19,"pct_religious_institutions_15min":24,"pct_senior_services_and_living_15min":29,"pct_services_15min":38,"pct_shelters_15min":19,"pct_tourism_15min":57,"pct_transportation_15min":57,"pct_trees_15min":29,"pct_clean_overall_15min":24,"pct_weighted_overall_15min":43,"pct_inv_clean_businesscenters":29,"pct_inv_clean_community-centers":90,"pct_inv_clean_education":29,"pct_inv_clean_health":38,"pct_inv_clean_playgrounds":67,"pct_inv_clean_shelters":48,"pct_inv_legacy_commercial":38,"pct_inv_legacy_education":38,"pct_inv_legacy_financial_services":43,"pct_inv_legacy_fitness":29,"pct_inv_legacy_healthcare":33,"pct_inv_legacy_parks_and_recreation":33,"pct_inv_legacy_public_establishment":43,"pct_inv_legacy_public_institutions":38,"pct_inv_legacy_religious_institutions":43,"pct_inv_legacy_senior_services_and_living":43,"pct_inv_legacy_services":43,"pct_inv_legacy_shelters":48,"pct_inv_legacy_tourism":57,"pct_inv_legacy_transportation":57},"geometry":{"type":"GeometryCollection","geometries":[{"type":"Polygon","coordinates":[[[34.77526,31.22621],[34.7744,31.22626],[34.77367,31.22632],[34.77271,31.22659],[34.77202,31.22662],[34.77161,31.22687],[34.77117,31.22715],[34.77157,31.22756],[34.77243,31.22829],[34.77317,31.22854],[34.77318,31.22855],[34.77397,31.22918],[34.77399,31.22921],[34.77457,31.23001],[34.77457,31.23002],[34.77459,31.23004],[34.77462,31.23005],[34.77624,31.23351],[34.77633,31.23371],[34.7765,31.23408],[34.77657,31.23422],[34.77679,31.23469],[34.7768,31.2347],[34.77682,31.2347],[34.77689,31.23471],[34.77718,31.23474],[34.77762,31.2348],[34.77825,31.23491],[34.77839,31.23492],[34.7786,31.23494],[34.77879,31.23495],[34.77907,31.23495],[34.77931,31.23493],[34.77989,31.23489],[34.77995,31.23488],[34.78058,31.23477],[34.78071,31.23474],[34.78086,31.2347],[34.78089,31.23469],[34.78133,31.23459],[34.78136,31.23459],[34.78136,31.23445],[34.78151,31.23438],[34.78169,31.23429],[34.78202,31.23413],[34.78203,31.23412],[34.78236,31.23395],[34.78241,31.23393],[34.78269,31.2338],[34.7828,31.23375],[34.78322,31.23354],[34.78331,31.2335],[34.78338,31.23346],[34.78374,31.23341],[34.78408,31.23337],[34.78436,31.23337],[34.78476,31.23344],[34.78493,31.23348],[34.78512,31.23352],[34.78541,31.23362],[34.78556,31.23371],[34.78595,31.23396],[34.78597,31.23398],[34.78598,31.23398],[34.78606,31.23404],[34.78609,31.23407],[34.78619,31.23415],[34.78631,31.23424],[34.78644,31.23434],[34.78645,31.23434],[34.78653,31.2344],[34.78659,31.23445],[34.78667,31.2345],[34.78677,31.23456],[34.7869,31.23463],[34.78698,31.23468],[34.78704,31.23471],[34.78706,31.23472],[34.78706,31.23471],[34.78715,31.23477],[34.78732,31.23484],[34.78747,31.23491],[34.78761,31.23497],[34.78777,31.23504],[34.78794,31.23512],[34.78813,31.2352],[34.78829,31.23526],[34.78849,31.23534],[34.78869,31.23542],[34.78903,31.2355],[34.7893,31.23561],[34.78953,31.2357],[34.7896,31.23572],[34.78977,31.23577],[34.78996,31.23587],[34.79027,31.23602],[34.79063,31.23619],[34.79094,31.23634],[34.79122,31.23647],[34.7914,31.23656],[34.7916,31.23664],[34.79184,31.23674],[34.79203,31.2368],[34.79217,31.23684],[34.79251,31.23691],[34.79278,31.23694],[34.79293,31.23694],[34.79302,31.23694],[34.79311,31.23681],[34.79315,31.23673],[34.79383,31.23565],[34.79394,31.23547],[34.7943,31.23491],[34.79456,31.23454],[34.79457,31.23453],[34.79498,31.2339],[34.79523,31.23354],[34.79542,31.23325],[34.79599,31.23242],[34.79616,31.23218],[34.79617,31.23216],[34.79639,31.23187],[34.79651,31.23169],[34.79682,31.23121],[34.79683,31.23119],[34.79706,31.23086],[34.79707,31.23084],[34.79734,31.23046],[34.79747,31.23025],[34.79753,31.23015],[34.79756,31.22998],[34.79758,31.22946],[34.79759,31.22924],[34.79763,31.22814],[34.79765,31.22768],[34.79765,31.22738],[34.79765,31.22735],[34.79761,31.22735],[34.79545,31.2273],[34.79348,31.22725],[34.79235,31.22746],[34.79236,31.22753],[34.79237,31.22759],[34.79235,31.22778],[34.79228,31.22808],[34.79222,31.22819],[34.79222,31.2282],[34.79212,31.2281],[34.79203,31.22807],[34.79188,31.22806],[34.79171,31.22803],[34.79169,31.22802],[34.7916,31.228],[34.7914,31.22793],[34.79122,31.22796],[34.79098,31.22802],[34.7908,31.22803],[34.7906,31.22801],[34.79043,31.228],[34.79028,31.22802],[34.79005,31.22806],[34.78985,31.22804],[34.78971,31.22799],[34.7896,31.22797],[34.78954,31.22795],[34.78949,31.22795],[34.78932,31.22798],[34.78923,31.22797],[34.78915,31.22796],[34.78904,31.22794],[34.7889,31.22793],[34.78874,31.22794],[34.78864,31.22796],[34.78834,31.22804],[34.78832,31.22804],[34.78813,31.22807],[34.78755,31.22811],[34.78713,31.22819],[34.78697,31.22821],[34.78682,31.22823],[34.7867,31.22828],[34.78669,31.22829],[34.78658,31.22831],[34.7854,31.22846],[34.78529,31.22843],[34.78514,31.22844],[34.7849,31.22848],[34.78472,31.22847],[34.7846,31.22848],[34.78442,31.22845],[34.78425,31.22841],[34.78415,31.22838],[34.78401,31.22835],[34.78386,31.22833],[34.78374,31.2283],[34.78372,31.2283],[34.78371,31.22828],[34.78367,31.22823],[34.78364,31.22817],[34.78363,31.22814],[34.78224,31.22813],[34.78184,31.22793],[34.78034,31.22754],[34.77954,31.22702],[34.77927,31.227],[34.77874,31.22685],[34.7781,31.22673],[34.77796,31.22671],[34.77754,31.22649],[34.77739,31.22642],[34.77686,31.22633],[34.77596,31.22615],[34.77526,31.22617],[34.77523,31.22617],[34.77526,31.2262],[34.77527,31.22621],[34.77526,31.22621]]]},{"type":"LineString","coordinates":[[34.77527,31.22621],[34.77528,31.22621]]}]}},{"type":"Feature","properties":{"Name":"מרכז העיר","building_count":24,"avg_overall_5min":544.21,"med_overall_5min":590.88,"avg_amenities_5min":347.38,"avg_trees_5min":578.96,"avg_street_lights_5min":208.38,"coverage_5min":100.0,"avg_commercial_5min":78.0,"avg_education_5min":6.58,"avg_financial_services_5min":22.83,"avg_fitness_5min":7.67,"avg_healthcare_5min":45.38,"avg_parks_and_recreation_5min":53.33,"avg_public_establishment_5min":4.12,"avg_public_institutions_5min":16.62,"avg_religious_institutions_5min":2.88,"avg_senior_services_and_living_5min":0.12,"avg_services_5min":106.67,"avg_shelters_5min":0.21,"avg_tourism_5min":2.96,"avg_transportation_5min":0.0,"avg_score_clean_5min":3332.86,"coverage_clean_5min":100.0,"avg_score_weighted_5min":53.03,"coverage_weighted_5min":100.0,"avg_score_weighted_environmental_quality_5min":47.08,"avg_score_weighted_sub_environmental_quality_roads_5min":62.5,"avg_score_weighted_sub_environmental_quality_shade_5min":47.92,"avg_score_weighted_sub_environmental_quality_trees_5min":14.58,"avg_score_weighted_nature_5min":91.67,"avg_score_weighted_sub_nature_parks_5min":83.33,"avg_score_weighted_sub_nature_urban_nature_areas_5min":100.0,"avg_score_weighted_play_5min":58.33,"avg_score_weighted_sub_play_playgrounds_5min":58.33,"avg_score_weighted_safety_mobility_5min":33.44,"avg_score_weighted_sub_safety_mobility_bicycle_access_5min":0.0,"avg_score_weighted_sub_safety_mobility_bus_stops_5min":95.83,"avg_score_weighted_sub_safety_mobility_shelters_5min":0.0,"avg_score_weighted_sub_safety_mobility_street_lights_5min":31.25,"avg_score_weighted_family_services_5min":51.04,"avg_score_weighted_sub_family_services_business_5min":95.83,"avg_score_weighted_sub_family_services_community_5min":0.0,"avg_score_weighted_sub_family_services_education_5min":6.25,"avg_score_weighted_sub_family_services_health_5min":100.0,"avg_overall_10min":1813.52,"med_overall_10min":1912.38,"avg_amenities_10min":976.83,"avg_trees_10min":2483.46,"avg_street_lights_10min":863.29,"coverage_10min":100.0,"avg_commercial_10min":276.33,"avg_education_10min":29.79,"avg_financial_services_10min":49.83,"avg_fitness_10min":17.17,"avg_healthcare_10min":110.54,"avg_parks_and_recreation_10min":140.12,"avg_public_establishment_10min":15.42,"avg_public_institutions_10min":29.0,"avg_religious_institutions_10min":23.92,"avg_senior_services_and_living_10min":4.21,"avg_services_10min":217.12,"avg_shelters_10min":56.5,"avg_tourism_10min":6.25,"avg_transportation_10min":0.62,"avg_score_clean_10min":13922.84,"coverage_clean_10min":100.0,"avg_score_weighted_10min":53.03,"coverage_weighted_10min":100.0,"avg_score_weighted_environmental_quality_10min":47.08,"avg_score_weighted_sub_environmental_quality_roads_10min":62.5,"avg_score_weighted_sub_environmental_quality_shade_10min":47.92,"avg_score_weighted_sub_environmental_quality_trees_10min":14.58,"avg_score_weighted_nature_10min":91.67,"avg_score_weighted_sub_nature_parks_10min":83.33,"avg_score_weighted_sub_nature_urban_nature_areas_10min":100.0,"avg_score_weighted_play_10min":58.33,"avg_score_weighted_sub_play_playgrounds_10min":58.33,"avg_score_weighted_safety_mobility_10min":33.44,"avg_score_weighted_sub_safety_mobility_bicycle_access_10min":0.0,"avg_score_weighted_sub_safety_mobility_bus_stops_10min":95.83,"avg_score_weighted_sub_safety_mobility_shelters_10min":0.0,"avg_score_weighted_sub_safety_mobility_street_lights_10min":31.25,"avg_score_weighted_family_services_10min":51.04,"avg_score_weighted_sub_family_services_business_10min":95.83,"avg_score_weighted_sub_family_services_community_10min":0.0,"avg_score_weighted_sub_family_services_education_10min":6.25,"avg_score_weighted_sub_family_services_health_10min":100.0,"avg_overall_15min":3753.88,"med_overall_15min":3886.5,"avg_amenities_15min":1984.88,"avg_trees_15min":5217.42,"avg_street_lights_15min":1858.58,"coverage_15min":100.0,"avg_commercial_15min":590.54,"avg_education_15min":96.83,"avg_financial_services_15min":75.25,"avg_fitness_15min":34.79,"avg_healthcare_15min":168.46,"avg_parks_and_recreation_15min":253.21,"avg_public_establishment_15min":26.75,"avg_public_institutions_15min":42.0,"avg_religious_institutions_15min":48.17,"avg_senior_services_and_living_15min":6.04,"avg_services_15min":482.75,"avg_shelters_15min":142.92,"avg_tourism_15min":13.42,"avg_transportation_15min":3.75,"avg_score_clean_15min":29309.35,"coverage_clean_15min":100.0,"avg_score_weighted_15min":53.03,"coverage_weighted_15min":100.0,"avg_score_weighted_environmental_quality_15min":47.08,"avg_score_weighted_sub_environmental_quality_roads_15min":62.5,"avg_score_weighted_sub_environmental_quality_shade_15min":47.92,"avg_score_weighted_sub_environmental_quality_trees_15min":14.58,"avg_score_weighted_nature_15min":91.67,"avg_score_weighted_sub_nature_parks_15min":83.33,"avg_score_weighted_sub_nature_urban_nature_areas_15min":100.0,"avg_score_weighted_play_15min":58.33,"avg_score_weighted_sub_play_playgrounds_15min":58.33,"avg_score_weighted_safety_mobility_15min":33.44,"avg_score_weighted_sub_safety_mobility_bicycle_access_15min":0.0,"avg_score_weighted_sub_safety_mobility_bus_stops_15min":95.83,"avg_score_weighted_sub_safety_mobility_shelters_15min":0.0,"avg_score_weighted_sub_safety_mobility_street_lights_15min":31.25,"avg_score_weighted_family_services_15min":51.04,"avg_score_weighted_sub_family_services_business_15min":95.83,"avg_score_weighted_sub_family_services_community_15min":0.0,"avg_score_weighted_sub_family_services_education_15min":6.25,"avg_score_weighted_sub_family_services_health_15min":100.0,"pct_overall_5min":100,"pct_commercial_5min":100,"pct_education_5min":33,"pct_financial_services_5min":100,"pct_fitness_5min":100,"pct_healthcare_5min":100,"pct_parks_and_recreation_5min":100,"pct_public_establishment_5min":90,"pct_public_institutions_5min":100,"pct_religious_institutions_5min":43,"pct_senior_services_and_living_5min":38,"pct_services_5min":100,"pct_shelters_5min":24,"pct_tourism_5min":100,"pct_transportation_5min":38,"pct_trees_5min":43,"pct_clean_overall_5min":38,"pct_weighted_overall_5min":38,"pct_overall_10min":90,"pct_commercial_10min":100,"pct_education_10min":38,"pct_financial_services_10min":100,"pct_fitness_10min":76,"pct_healthcare_10min":100,"pct_parks_and_recreation_10min":100,"pct_public_establishment_10min":90,"pct_public_institutions_10min":100,"pct_religious_institutions_10min":76,"pct_senior_services_and_living_10min":95,"pct_services_10min":90,"pct_shelters_10min":57,"pct_tourism_10min":86,"pct_transportation_10min":48,"pct_trees_10min":71,"pct_clean_overall_10min":57,"pct_weighted_overall_10min":38,"pct_overall_15min":90,"pct_commercial_15min":100,"pct_education_15min":57,"pct_financial_services_15min":95,"pct_fitness_15min":67,"pct_healthcare_15min":95,"pct_parks_and_recreation_15min":90,"pct_public_establishment_15min":81,"pct_public_institutions_15min":95,"pct_religious_institutions_15min":71,"pct_senior_services_and_living_15min":76,"pct_services_15min":90,"pct_shelters_15min":76,"pct_tourism_15min":90,"pct_transportation_15min":86,"pct_trees_15min":67,"pct_clean_overall_15min":57,"pct_weighted_overall_15min":38,"pct_inv_clean_businesscenters":100,"pct_inv_clean_community-centers":48,"pct_inv_clean_education":10,"pct_inv_clean_health":95,"pct_inv_clean_playgrounds":10,"pct_inv_clean_shelters":38,"pct_inv_legacy_commercial":90,"pct_inv_legacy_education":19,"pct_inv_legacy_financial_services":95,"pct_inv_legacy_fitness":43,"pct_inv_legacy_healthcare":95,"pct_inv_legacy_parks_and_recreation":90,"pct_inv_legacy_public_establishment":57,"pct_inv_legacy_public_institutions":95,"pct_inv_legacy_religious_institutions":29,"pct_inv_legacy_senior_services_and_living":43,"pct_inv_legacy_services":95,"pct_inv_legacy_shelters":38,"pct_inv_legacy_tourism":86,"pct_inv_legacy_transportation":57},"geometry":{"type":"Polygon","coordinates":[[[34.79808,31.25095],[34.79809,31.25055],[34.79809,31.2504],[34.79812,31.25004],[34.79813,31.24981],[34.79813,31.24945],[34.79814,31.24934],[34.79814,31.24931],[34.79814,31.24911],[34.7981,31.24882],[34.79804,31.24847],[34.798,31.24832],[34.79795,31.24814],[34.7979,31.24801],[34.79788,31.24795],[34.7978,31.24778],[34.79764,31.24747],[34.7975,31.24726],[34.79723,31.24683],[34.79714,31.24669],[34.79692,31.24639],[34.7969,31.24635],[34.79666,31.24602],[34.79658,31.24593],[34.79646,31.24578],[34.79644,31.24576],[34.79625,31.24556],[34.79601,31.24533],[34.79562,31.24501],[34.79538,31.24484],[34.79493,31.2446],[34.79479,31.24452],[34.79439,31.24433],[34.79413,31.24422],[34.79387,31.2441],[34.79368,31.24399],[34.79776,31.23928],[34.79782,31.2393],[34.79815,31.23939],[34.79847,31.23948],[34.7992,31.23972],[34.79987,31.23993],[34.79988,31.23994],[34.79989,31.23994],[34.8001,31.24003],[34.8001,31.24003],[34.80013,31.24005],[34.80084,31.2405],[34.80086,31.24051],[34.80087,31.24051],[34.80098,31.24063],[34.80117,31.24083],[34.80197,31.24183],[34.80302,31.24342],[34.80303,31.24343],[34.80318,31.24367],[34.8032,31.24368],[34.80331,31.24381],[34.80442,31.24471],[34.80492,31.24502],[34.80491,31.24503],[34.80479,31.2452],[34.80476,31.24525],[34.80473,31.24529],[34.80466,31.24541],[34.80435,31.24602],[34.80429,31.24614],[34.80412,31.24649],[34.80407,31.24663],[34.80391,31.24686],[34.80369,31.24718],[34.80361,31.24728],[34.80352,31.24738],[34.80346,31.24745],[34.80342,31.24749],[34.80339,31.24752],[34.80321,31.2477],[34.80306,31.24788],[34.803,31.24793],[34.80287,31.24804],[34.80272,31.24816],[34.80261,31.24823],[34.80251,31.2483],[34.80245,31.24835],[34.80237,31.2484],[34.80208,31.2486],[34.80205,31.24863],[34.80182,31.24881],[34.80175,31.24887],[34.80166,31.24894],[34.80141,31.24919],[34.80121,31.24943],[34.80076,31.25005],[34.80075,31.25005],[34.8006,31.25018],[34.80043,31.2503],[34.80022,31.25041],[34.7999,31.25053],[34.7995,31.25063],[34.79912,31.2507],[34.79868,31.2508],[34.79855,31.25083],[34.79811,31.25095],[34.79808,31.25095]]]}},{"type":"Feature","properties":{"Name":"שכונה ב","building_count":623,"avg_overall_5min":468.58,"med_overall_5min":491.5,"avg_amenities_5min":180.21,"avg_trees_5min":815.12,"avg_street_lights_5min":338.35,"coverage_5min":100.0,"avg_commercial_5min":36.3,"avg_education_5min":19.74,"avg_financial_services_5min":2.95,"avg_fitness_5min":4.33,"avg_healthcare_5min":10.49,"avg_parks_and_recreation_5min":23.31,"avg_public_establishment_5min":3.41,"avg_public_institutions_5min":2.65,"avg_religious_institutions_5min":9.79,"avg_senior_services_and_living_5min":0.35,"avg_services_5min":36.44,"avg_shelters_5min":28.35,"avg_tourism_5min":2.0,"avg_transportation_5min":0.1,"avg_score_clean_5min":4842.25,"coverage_clean_5min":100.0,"avg_score_weighted_5min":58.75,"coverage_weighted_5min":100.0,"avg_score_weighted_environmental_quality_5min":39.21,"avg_score_weighted_sub_environmental_quality_roads_5min":71.83,"avg_score_weighted_sub_environmental_quality_shade_5min":1.44,"avg_score_weighted_sub_environmental_quality_trees_5min":49.52,"avg_score_weighted_nature_5min":87.32,"avg_score_weighted_sub_nature_parks_5min":100.0,"avg_score_weighted_sub_nature_urban_nature_areas_5min":74.64,"avg_score_weighted_play_5min":96.95,"avg_score_weighted_sub_play_playgrounds_5min":96.95,"avg_score_weighted_safety_mobility_5min":45.63,"avg_score_weighted_sub_safety_mobility_bicycle_access_5min":6.26,"avg_score_weighted_sub_safety_mobility_bus_stops_5min":99.6,"avg_score_weighted_sub_safety_mobility_shelters_5min":11.08,"avg_score_weighted_sub_safety_mobility_street_lights_5min":69.18,"avg_score_weighted_family_services_5min":47.4,"avg_score_weighted_sub_family_services_business_5min":42.7,"avg_score_weighted_sub_family_services_community_5min":0.0,"avg_score_weighted_sub_family_services_education_5min":81.54,"avg_score_weighted_sub_family_services_health_5min":47.99,"avg_overall_10min":1723.83,"med_overall_10min":1814.5,"avg_amenities_10min":618.85,"avg_trees_10min":3084.14,"avg_street_lights_10min":1335.8,"coverage_10min":100.0,"avg_commercial_10min":113.59,"avg_education_10min":72.67,"avg_financial_services_10min":11.15,"avg_fitness_10min":15.44,"avg_healthcare_10min":40.64,"avg_parks_and_recreation_10min":77.54,"avg_public_establishment_10min":14.86,"avg_public_institutions_10min":8.32,"avg_religious_institutions_10min":35.58,"avg_senior_services_and_living_10min":1.76,"avg_services_10min":111.2,"avg_shelters_10min":109.44,"avg_tourism_10min":5.89,"avg_transportation_10min":0.78,"avg_score_clean_10min":18534.57,"coverage_clean_10min":100.0,"avg_score_weighted_10min":58.75,"coverage_weighted_10min":100.0,"avg_score_weighted_environmental_quality_10min":39.21,"avg_score_weighted_sub_environmental_quality_roads_10min":71.83,"avg_score_weighted_sub_environmental_quality_shade_10min":1.44,"avg_score_weighted_sub_environmental_quality_trees_10min":49.52,"avg_score_weighted_nature_10min":87.32,"avg_score_weighted_sub_nature_parks_10min":100.0,"avg_score_weighted_sub_nature_urban_nature_areas_10min":74.64,"avg_score_weighted_play_10min":96.95,"avg_score_weighted_sub_play_playgrounds_10min":96.95,"avg_score_weighted_safety_mobility_10min":45.63,"avg_score_weighted_sub_safety_mobility_bicycle_access_10min":6.26,"avg_score_weighted_sub_safety_mobility_bus_stops_10min":99.6,"avg_score_weighted_sub_safety_mobility_shelters_10min":11.08,"avg_score_weighted_sub_safety_mobility_street_lights_10min":69.18,"avg_score_weighted_family_services_10min":47.4,"avg_score_weighted_sub_family_services_business_10min":42.7,"avg_score_weighted_sub_family_services_community_10min":0.0,"avg_score_weighted_sub_family_services_education_10min":81.54,"avg_score_weighted_sub_family_services_health_10min":47.99,"avg_overall_15min":3715.0,"med_overall_15min":3737.5,"avg_amenities_15min":1358.29,"avg_trees_15min":6593.66,"avg_street_lights_15min":2833.2,"coverage_15min":100.0,"avg_commercial_15min":237.85,"avg_education_15min":164.6,"avg_financial_services_15min":24.83,"avg_fitness_15min":38.31,"avg_healthcare_15min":107.3,"avg_parks_and_recreation_15min":163.65,"avg_public_establishment_15min":38.2,"avg_public_institutions_15min":20.29,"avg_religious_institutions_15min":76.13,"avg_senior_services_and_living_15min":6.76,"avg_services_15min":224.48,"avg_shelters_15min":241.03,"avg_tourism_15min":12.56,"avg_transportation_15min":2.29,"avg_score_clean_15min":39739.76,"coverage_clean_15min":100.0,"avg_score_weighted_15min":58.75,"coverage_weighted_15min":100.0,"avg_score_weighted_environmental_quality_15min":39.21,"avg_score_weighted_sub_environmental_quality_roads_15min":71.83,"avg_score_weighted_sub_environmental_quality_shade_15min":1.44,"avg_score_weighted_sub_environmental_quality_trees_15min":49.52,"avg_score_weighted_nature_15min":87.32,"avg_score_weighted_sub_nature_parks_15min":100.0,"avg_score_weighted_sub_nature_urban_nature_areas_15min":74.64,"avg_score_weighted_play_15min":96.95,"avg_score_weighted_sub_play_playgrounds_15min":96.95,"avg_score_weighted_safety_mobility_15min":45.63,"avg_score_weighted_sub_safety_mobility_bicycle_access_15min":6.26,"avg_score_weighted_sub_safety_mobility_bus_stops_15min":99.6,"avg_score_weighted_sub_safety_mobility_shelters_15min":11.08,"avg_score_weighted_sub_safety_mobility_street_lights_15min":69.18,"avg_score_weighted_family_services_15min":47.4,"avg_score_weighted_sub_family_services_business_15min":42.7,"avg_score_weighted_sub_family_services_community_15min":0.0,"avg_score_weighted_sub_family_services_education_15min":81.54,"avg_score_weighted_sub_family_services_health_15min":47.99,"pct_overall_5min":90,"pct_commercial_5min":90,"pct_education_5min":86,"pct_financial_services_5min":86,"pct_fitness_5min":81,"pct_healthcare_5min":86,"pct_parks_and_recreation_5min":86,"pct_public_establishment_5min":86,"pct_public_institutions_5min":86,"pct_religious_institutions_5min":90,"pct_senior_services_and_living_5min":67,"pct_services_5min":86,"pct_shelters_5min":81,"pct_tourism_5min":86,"pct_transportation_5min":57,"pct_trees_5min":95,"pct_clean_overall_5min":95,"pct_weighted_overall_5min":81,"pct_overall_10min":86,"pct_commercial_10min":76,"pct_education_10min":90,"pct_financial_services_10min":86,"pct_fitness_10min":71,"pct_healthcare_10min":86,"pct_parks_and_recreation_10min":86,"pct_public_establishment_10min":86,"pct_public_institutions_10min":76,"pct_religious_institutions_10min":90,"pct_senior_services_and_living_10min":67,"pct_services_10min":86,"pct_shelters_10min":90,"pct_tourism_10min":81,"pct_transportation_10min":57,"pct_trees_10min":100,"pct_clean_overall_10min":100,"pct_weighted_overall_10min":81,"pct_overall_15min":86,"pct_commercial_15min":67,"pct_education_15min":95,"pct_financial_services_15min":76,"pct_fitness_15min":76,"pct_healthcare_15min":86,"pct_parks_and_recreation_15min":86,"pct_public_establishment_15min":95,"pct_public_institutions_15min":76,"pct_religious_institutions_15min":95,"pct_senior_services_and_living_15min":90,"pct_services_15min":81,"pct_shelters_15min":95,"pct_tourism_15min":86,"pct_transportation_15min":62,"pct_trees_15min":95,"pct_clean_overall_15min":95,"pct_weighted_overall_15min":81,"pct_inv_clean_businesscenters":81,"pct_inv_clean_community-centers":48,"pct_inv_clean_education":76,"pct_inv_clean_health":67,"pct_inv_clean_playgrounds":29,"pct_inv_clean_shelters":71,"pct_inv_legacy_commercial":76,"pct_inv_legacy_education":62,"pct_inv_legacy_financial_services":62,"pct_inv_legacy_fitness":67,"pct_inv_legacy_healthcare":57,"pct_inv_legacy_parks_and_recreation":76,"pct_inv_legacy_public_establishment":76,"pct_inv_legacy_public_institutions":76,"pct_inv_legacy_religious_institutions":71,"pct_inv_legacy_senior_services_and_living":71,"pct_inv_legacy_services":86,"pct_inv_legacy_shelters":71,"pct_inv_legacy_tourism":90,"pct_inv_legacy_transportation":71},"geometry":{"type":"Polygon","coordinates":[[[34.79806,31.25851],[34.79792,31.25853],[34.79736,31.2585],[34.79711,31.25849],[34.79663,31.25848],[34.79651,31.25847],[34.79649,31.25847],[34.79647,31.25847],[34.79577,31.25844],[34.7951,31.25842],[34.79507,31.25842],[34.79415,31.25841],[34.79287,31.2584],[34.79256,31.2584],[34.79224,31.2584],[34.79211,31.2584],[34.79206,31.2584],[34.79205,31.2584],[34.79204,31.2584],[34.79183,31.25841],[34.79122,31.25851],[34.79095,31.25856],[34.79055,31.25864],[34.79054,31.25864],[34.79054,31.25864],[34.79053,31.25864],[34.79037,31.25868],[34.78996,31.25877],[34.78991,31.25878],[34.78987,31.25879],[34.78981,31.2588],[34.78956,31.25884],[34.78935,31.25888],[34.78905,31.25893],[34.78887,31.25895],[34.78868,31.25898],[34.7885,31.25899],[34.78805,31.25902],[34.78773,31.25906],[34.78771,31.25906],[34.78745,31.25909],[34.78711,31.25911],[34.78706,31.25912],[34.78667,31.25913],[34.78622,31.25916],[34.78611,31.25916],[34.78591,31.25916],[34.78551,31.25914],[34.78539,31.25913],[34.78518,31.2591],[34.78514,31.25909],[34.78497,31.25907],[34.78478,31.25903],[34.7847,31.25901],[34.78446,31.25896],[34.78433,31.25893],[34.78424,31.25892],[34.7838,31.25883],[34.78375,31.25882],[34.78375,31.25882],[34.78321,31.25872],[34.78277,31.25863],[34.7826,31.2586],[34.78213,31.25852],[34.78185,31.25846],[34.78178,31.25845],[34.78153,31.25841],[34.78134,31.25839],[34.7811,31.2584],[34.78101,31.2584],[34.78061,31.25844],[34.78042,31.25847],[34.78019,31.2585],[34.77984,31.25858],[34.77943,31.25867],[34.77913,31.25875],[34.77855,31.25889],[34.77814,31.25894],[34.7781,31.25895],[34.77782,31.25896],[34.77782,31.25896],[34.77749,31.25895],[34.77746,31.25895],[34.77724,31.25893],[34.77711,31.2589],[34.77693,31.25887],[34.77681,31.25885],[34.77672,31.25883],[34.7764,31.25873],[34.77628,31.25868],[34.77627,31.25868],[34.77626,31.25867],[34.776,31.25856],[34.7759,31.25852],[34.77586,31.2585],[34.77598,31.25839],[34.77634,31.25809],[34.77659,31.25791],[34.77685,31.2577],[34.77728,31.25741],[34.77738,31.25736],[34.77763,31.25721],[34.77773,31.25716],[34.77814,31.25694],[34.77826,31.25688],[34.77845,31.2568],[34.77872,31.25668],[34.77968,31.25626],[34.77979,31.25621],[34.77991,31.25616],[34.78036,31.25596],[34.78042,31.25594],[34.78085,31.25576],[34.78085,31.25576],[34.78136,31.25558],[34.78146,31.25553],[34.78163,31.25545],[34.78184,31.25567],[34.78256,31.25583],[34.78256,31.25606],[34.78316,31.25606],[34.78317,31.25588],[34.78352,31.25589],[34.78396,31.25622],[34.78429,31.25643],[34.78428,31.25671],[34.78445,31.25709],[34.78473,31.25728],[34.78666,31.2565],[34.78696,31.25656],[34.78723,31.25676],[34.78762,31.25685],[34.78762,31.25677],[34.78762,31.25668],[34.78762,31.2565],[34.78761,31.25627],[34.78759,31.25602],[34.78759,31.25595],[34.78757,31.25557],[34.78755,31.2551],[34.78751,31.25467],[34.78751,31.25465],[34.78746,31.25423],[34.7874,31.25391],[34.78727,31.2534],[34.78722,31.25325],[34.78716,31.25304],[34.78687,31.25228],[34.78679,31.25212],[34.78678,31.25209],[34.78679,31.25209],[34.78693,31.25207],[34.78701,31.25207],[34.78746,31.25205],[34.78753,31.25204],[34.78832,31.25199],[34.78866,31.25197],[34.78916,31.25194],[34.78953,31.25192],[34.78976,31.25191],[34.79014,31.25188],[34.79128,31.25182],[34.7913,31.25181],[34.79167,31.25178],[34.79212,31.25178],[34.79227,31.25178],[34.79269,31.25177],[34.7929,31.25177],[34.79316,31.25177],[34.79318,31.25177],[34.7932,31.25177],[34.79325,31.25177],[34.79329,31.25177],[34.79361,31.25176],[34.7939,31.25175],[34.79391,31.25175],[34.79393,31.25175],[34.79395,31.25175],[34.7942,31.25172],[34.79423,31.25171],[34.79495,31.25158],[34.79553,31.25148],[34.79558,31.25147],[34.7963,31.25135],[34.79716,31.25116],[34.79756,31.25108],[34.79808,31.25095],[34.79808,31.25099],[34.79806,31.25151],[34.798,31.2527],[34.79791,31.25435],[34.7979,31.25459],[34.79788,31.25481],[34.79786,31.25506],[34.79787,31.25546],[34.79788,31.25549],[34.7979,31.25581],[34.79793,31.25639],[34.79797,31.25699],[34.79801,31.25755],[34.79805,31.2583],[34.79806,31.25851]]]}},{"type":"Feature","properties":{"Name":"נווה זאב","building_count":1415,"avg_overall_5min":241.72,"med_overall_5min":235.5,"avg_amenities_5min":54.66,"avg_trees_5min":489.05,"avg_street_lights_5min":259.18,"coverage_5min":99.4,"avg_commercial_5min":11.33,"avg_education_5min":13.74,"avg_financial_services_5min":1.13,"avg_fitness_5min":1.42,"avg_healthcare_5min":3.7,"avg_parks_and_recreation_5min":6.66,"avg_public_establishment_5min":0.56,"avg_public_institutions_5min":0.61,"avg_religious_institutions_5min":2.39,"avg_senior_services_and_living_5min":0.03,"avg_services_5min":11.24,"avg_shelters_5min":1.25,"avg_tourism_5min":0.38,"avg_transportation_5min":0.22,"avg_score_clean_5min":3310.11,"coverage_clean_5min":100.0,"avg_score_weighted_5min":50.19,"coverage_weighted_5min":100.0,"avg_score_weighted_environmental_quality_5min":42.66,"avg_score_weighted_sub_environmental_quality_roads_5min":82.37,"avg_score_weighted_sub_environmental_quality_shade_5min":8.8,"avg_score_weighted_sub_environmental_quality_trees_5min":30.95,"avg_score_weighted_nature_5min":77.95,"avg_score_weighted_sub_nature_parks_5min":93.92,"avg_score_weighted_sub_nature_urban_nature_areas_5min":61.98,"avg_score_weighted_play_5min":99.93,"avg_score_weighted_sub_play_playgrounds_5min":99.93,"avg_score_weighted_safety_mobility_5min":28.78,"avg_score_weighted_sub_safety_mobility_bicycle_access_5min":0.21,"avg_score_weighted_sub_safety_mobility_bus_stops_5min":68.23,"avg_score_weighted_sub_safety_mobility_shelters_5min":0.0,"avg_score_weighted_sub_safety_mobility_street_lights_5min":55.16,"avg_score_weighted_family_services_5min":31.08,"avg_score_weighted_sub_family_services_business_5min":9.33,"avg_score_weighted_sub_family_services_community_5min":9.4,"avg_score_weighted_sub_family_services_education_5min":59.75,"avg_score_weighted_sub_family_services_health_5min":31.38,"avg_overall_10min":826.61,"med_overall_10min":720.25,"avg_amenities_10min":186.64,"avg_trees_10min":1672.62,"avg_street_lights_10min":887.27,"coverage_10min":100.0,"avg_commercial_10min":33.37,"avg_education_10min":45.8,"avg_financial_services_10min":3.49,"avg_fitness_10min":5.87,"avg_healthcare_10min":12.12,"avg_parks_and_recreation_10min":22.03,"avg_public_establishment_10min":2.84,"avg_public_institutions_10min":3.55,"avg_religious_institutions_10min":8.59,"avg_senior_services_and_living_10min":0.16,"avg_services_10min":40.16,"avg_shelters_10min":6.35,"avg_tourism_10min":1.47,"avg_transportation_10min":0.84,"avg_score_clean_10min":11142.06,"coverage_clean_10min":100.0,"avg_score_weighted_10min":50.19,"coverage_weighted_10min":100.0,"avg_score_weighted_environmental_quality_10min":42.66,"avg_score_weighted_sub_environmental_quality_roads_10min":82.37,"avg_score_weighted_sub_environmental_quality_shade_10min":8.8,"avg_score_weighted_sub_environmental_quality_trees_10min":30.95,"avg_score_weighted_nature_10min":77.95,"avg_score_weighted_sub_nature_parks_10min":93.92,"avg_score_weighted_sub_nature_urban_nature_areas_10min":61.98,"avg_score_weighted_play_10min":99.93,"avg_score_weighted_sub_play_playgrounds_10min":99.93,"avg_score_weighted_safety_mobility_10min":28.78,"avg_score_weighted_sub_safety_mobility_bicycle_access_10min":0.21,"avg_score_weighted_sub_safety_mobility_bus_stops_10min":68.23,"avg_score_weighted_sub_safety_mobility_shelters_10min":0.0,"avg_score_weighted_sub_safety_mobility_street_lights_10min":55.16,"avg_score_weighted_family_services_10min":31.08,"avg_score_weighted_sub_family_services_business_10min":9.33,"avg_score_weighted_sub_family_services_community_10min":9.4,"avg_score_weighted_sub_family_services_education_10min":59.75,"avg_score_weighted_sub_family_services_health_10min":31.38,"avg_overall_15min":1734.54,"med_overall_15min":1413.0,"avg_amenities_15min":416.28,"avg_trees_15min":3436.22,"avg_street_lights_15min":1836.82,"coverage_15min":100.0,"avg_commercial_15min":73.1,"avg_education_15min":91.43,"avg_financial_services_15min":8.82,"avg_fitness_15min":12.66,"avg_healthcare_15min":26.14,"avg_parks_and_recreation_15min":52.35,"avg_public_establishment_15min":7.54,"avg_public_institutions_15min":9.88,"avg_religious_institutions_15min":17.99,"avg_senior_services_and_living_15min":0.55,"avg_services_15min":95.75,"avg_shelters_15min":14.28,"avg_tourism_15min":3.85,"avg_transportation_15min":1.94,"avg_score_clean_15min":22756.84,"coverage_clean_15min":100.0,"avg_score_weighted_15min":50.19,"coverage_weighted_15min":100.0,"avg_score_weighted_environmental_quality_15min":42.66,"avg_score_weighted_sub_environmental_quality_roads_15min":82.37,"avg_score_weighted_sub_environmental_quality_shade_15min":8.8,"avg_score_weighted_sub_environmental_quality_trees_15min":30.95,"avg_score_weighted_nature_15min":77.95,"avg_score_weighted_sub_nature_parks_15min":93.92,"avg_score_weighted_sub_nature_urban_nature_areas_15min":61.98,"avg_score_weighted_play_15min":99.93,"avg_score_weighted_sub_play_playgrounds_15min":99.93,"avg_score_weighted_safety_mobility_15min":28.78,"avg_score_weighted_sub_safety_mobility_bicycle_access_15min":0.21,"avg_score_weighted_sub_safety_mobility_bus_stops_15min":68.23,"avg_score_weighted_sub_safety_mobility_shelters_15min":0.0,"avg_score_weighted_sub_safety_mobility_street_lights_15min":55.16,"avg_score_weighted_family_services_15min":31.08,"avg_score_weighted_sub_family_services_business_15min":9.33,"avg_score_weighted_sub_family_services_community_15min":9.4,"avg_score_weighted_sub_family_services_education_15min":59.75,"avg_score_weighted_sub_family_services_health_15min":31.38,"pct_overall_5min":29,"pct_commercial_5min":48,"pct_education_5min":57,"pct_financial_services_5min":57,"pct_fitness_5min":19,"pct_healthcare_5min":38,"pct_parks_and_recreation_5min":52,"pct_public_establishment_5min":43,"pct_public_institutions_5min":24,"pct_religious_institutions_5min":33,"pct_senior_services_and_living_5min":29,"pct_services_5min":57,"pct_shelters_5min":33,"pct_tourism_5min":38,"pct_transportation_5min":67,"pct_trees_5min":24,"pct_clean_overall_5min":33,"pct_weighted_overall_5min":24,"pct_overall_10min":29,"pct_commercial_10min":48,"pct_education_10min":57,"pct_financial_services_10min":57,"pct_fitness_10min":29,"pct_healthcare_10min":38,"pct_parks_and_recreation_10min":43,"pct_public_establishment_10min":38,"pct_public_institutions_10min":48,"pct_religious_institutions_10min":33,"pct_senior_services_and_living_10min":24,"pct_services_10min":62,"pct_shelters_10min":24,"pct_tourism_10min":33,"pct_transportation_10min":62,"pct_trees_10min":33,"pct_clean_overall_10min":33,"pct_weighted_overall_10min":24,"pct_overall_15min":38,"pct_commercial_15min":38,"pct_education_15min":52,"pct_financial_services_15min":48,"pct_fitness_15min":33,"pct_healthcare_15min":38,"pct_parks_and_recreation_15min":38,"pct_public_establishment_15min":38,"pct_public_institutions_15min":48,"pct_religious_institutions_15min":29,"pct_senior_services_and_living_15min":19,"pct_services_15min":62,"pct_shelters_15min":24,"pct_tourism_15min":43,"pct_transportation_15min":52,"pct_trees_15min":38,"pct_clean_overall_15min":38,"pct_weighted_overall_15min":24,"pct_inv_clean_businesscenters":67,"pct_inv_clean_community-centers":95,"pct_inv_clean_education":100,"pct_inv_clean_health":67,"pct_inv_clean_playgrounds":100,"pct_inv_clean_shelters":38,"pct_inv_legacy_commercial":81,"pct_inv_legacy_education":100,"pct_inv_legacy_financial_services":76,"pct_inv_legacy_fitness":57,"pct_inv_legacy_healthcare":67,"pct_inv_legacy_parks_and_recreation":81,"pct_inv_legacy_public_establishment":48,"pct_inv_legacy_public_institutions":62,"pct_inv_legacy_religious_institutions":62,"pct_inv_legacy_senior_services_and_living":43,"pct_inv_legacy_services":90,"pct_inv_legacy_shelters":38,"pct_inv_legacy_tourism":67,"pct_inv_legacy_transportation":86},"geometry":{"type":"Polygon","coordinates":[[[34.76554,31.22085],[34.76626,31.22173],[34.76642,31.22248],[34.76702,31.22338],[34.76754,31.22405],[34.76798,31.22472],[34.76824,31.2248],[34.76841,31.22508],[34.76879,31.22518],[34.76916,31.22536],[34.76945,31.22569],[34.77001,31.22618],[34.77117,31.22715],[34.77157,31.22756],[34.77243,31.22829],[34.77317,31.22854],[34.77318,31.22855],[34.77397,31.22918],[34.77399,31.22921],[34.77457,31.23001],[34.77457,31.23002],[34.77459,31.23004],[34.77462,31.23005],[34.77624,31.23351],[34.77633,31.23371],[34.7765,31.23408],[34.77657,31.23422],[34.77679,31.23469],[34.7768,31.2347],[34.77682,31.2347],[34.77689,31.23471],[34.77718,31.23474],[34.77762,31.2348],[34.77825,31.23491],[34.77839,31.23492],[34.7786,31.23494],[34.77879,31.23495],[34.77907,31.23495],[34.77931,31.23493],[34.77989,31.23489],[34.77995,31.23488],[34.78058,31.23477],[34.78071,31.23474],[34.78086,31.2347],[34.78089,31.23469],[34.78133,31.23459],[34.78136,31.23459],[34.78136,31.23445],[34.78241,31.23393],[34.78338,31.23346],[34.78408,31.23337],[34.78436,31.23337],[34.7848,31.23345],[34.7852,31.23355],[34.78547,31.23366],[34.78606,31.23404],[34.78632,31.23425],[34.78667,31.2345],[34.78715,31.23477],[34.78732,31.23484],[34.78727,31.23492],[34.78704,31.23537],[34.78637,31.23513],[34.78433,31.23448],[34.78384,31.23431],[34.78338,31.23427],[34.78303,31.23433],[34.78255,31.23448],[34.782,31.23476],[34.78166,31.23503],[34.78167,31.23504],[34.78162,31.23529],[34.7816,31.23542],[34.78159,31.23545],[34.78157,31.23544],[34.78141,31.23544],[34.78126,31.23548],[34.78087,31.23559],[34.78087,31.2356],[34.78072,31.23593],[34.78068,31.23602],[34.78059,31.23622],[34.78068,31.23643],[34.78071,31.23651],[34.78084,31.23682],[34.78087,31.2369],[34.78087,31.2369],[34.78082,31.23719],[34.78081,31.23723],[34.78082,31.23727],[34.78075,31.23755],[34.78067,31.23774],[34.78059,31.23788],[34.78057,31.23813],[34.78055,31.23833],[34.78049,31.23915],[34.78049,31.23916],[34.78047,31.23934],[34.78044,31.23967],[34.78068,31.24014],[34.78067,31.24016],[34.78067,31.24019],[34.78066,31.24022],[34.78065,31.24031],[34.77877,31.24155],[34.77877,31.24156],[34.77883,31.24228],[34.77884,31.24232],[34.77886,31.24236],[34.77886,31.24272],[34.77888,31.24283],[34.7789,31.24286],[34.77937,31.24329],[34.77967,31.2436],[34.77953,31.24356],[34.77939,31.24351],[34.77925,31.24346],[34.77922,31.24345],[34.7792,31.24344],[34.77898,31.24337],[34.77896,31.24336],[34.77889,31.24334],[34.77888,31.24334],[34.77884,31.24332],[34.77867,31.24327],[34.77815,31.2431],[34.77799,31.24305],[34.77773,31.24296],[34.77729,31.24282],[34.77713,31.24277],[34.77705,31.24274],[34.77646,31.24255],[34.77631,31.24249],[34.7763,31.24249],[34.77614,31.24244],[34.77567,31.2423],[34.77519,31.24217],[34.77501,31.24212],[34.77467,31.24205],[34.77424,31.24197],[34.77421,31.24196],[34.77419,31.24196],[34.77417,31.24196],[34.77411,31.24195],[34.77389,31.24192],[34.77386,31.24191],[34.77383,31.24191],[34.77361,31.24188],[34.77359,31.24188],[34.77336,31.24185],[34.77332,31.24185],[34.77283,31.2418],[34.77167,31.24169],[34.77121,31.24165],[34.77118,31.24165],[34.77114,31.24164],[34.77082,31.24161],[34.77048,31.24158],[34.76929,31.24146],[34.76887,31.24142],[34.76858,31.24139],[34.76854,31.24139],[34.76804,31.24133],[34.76803,31.24133],[34.76801,31.24133],[34.76798,31.24133],[34.76774,31.2413],[34.76762,31.2413],[34.7676,31.24129],[34.76758,31.24129],[34.76741,31.24127],[34.76652,31.2412],[34.76649,31.2412],[34.76604,31.24117],[34.76568,31.24116],[34.76507,31.24114],[34.76488,31.24114],[34.76469,31.24113],[34.76451,31.24113],[34.76449,31.24113],[34.76447,31.24113],[34.7643,31.24112],[34.76411,31.24112],[34.76378,31.2411],[34.7635,31.24109],[34.76339,31.24109],[34.76337,31.24109],[34.76335,31.24109],[34.76309,31.24108],[34.76307,31.24108],[34.76305,31.24108],[34.7629,31.24108],[34.76233,31.24106],[34.76223,31.24106],[34.76162,31.24105],[34.76135,31.24106],[34.76091,31.2411],[34.76019,31.24119],[34.76012,31.2412],[34.7601,31.2412],[34.76008,31.2412],[34.76006,31.2412],[34.76004,31.24121],[34.76001,31.24121],[34.75961,31.24126],[34.75915,31.24131],[34.75899,31.24133],[34.75897,31.24134],[34.75895,31.24134],[34.75918,31.2402],[34.75898,31.23826],[34.75895,31.23799],[34.75887,31.23708],[34.75882,31.23658],[34.75884,31.2365],[34.75884,31.23648],[34.75885,31.23646],[34.75885,31.23639],[34.75888,31.23629],[34.75891,31.23617],[34.75896,31.23601],[34.75902,31.23582],[34.75909,31.2356],[34.75914,31.23548],[34.75921,31.23528],[34.75926,31.23516],[34.75926,31.23514],[34.75926,31.23513],[34.75928,31.23503],[34.75931,31.23495],[34.75936,31.2348],[34.75939,31.23469],[34.7594,31.2346],[34.75946,31.23442],[34.75951,31.23428],[34.7596,31.23405],[34.75966,31.23383],[34.75971,31.23366],[34.75975,31.23349],[34.75981,31.23329],[34.75986,31.23314],[34.75986,31.23312],[34.75986,31.2331],[34.75989,31.23298],[34.75994,31.2328],[34.75996,31.23275],[34.75996,31.23274],[34.75996,31.23272],[34.76001,31.23258],[34.76005,31.23244],[34.76009,31.23228],[34.76015,31.23213],[34.7602,31.23201],[34.76021,31.23196],[34.76022,31.23194],[34.76554,31.22085]]]}},{"type":"Feature","properties":{"Name":"הפארק","building_count":177,"avg_overall_5min":103.88,"med_overall_5min":107.75,"avg_amenities_5min":10.42,"avg_trees_5min":133.92,"avg_street_lights_5min":239.91,"coverage_5min":96.6,"avg_commercial_5min":2.07,"avg_education_5min":4.47,"avg_financial_services_5min":0.0,"avg_fitness_5min":0.0,"avg_healthcare_5min":0.38,"avg_parks_and_recreation_5min":1.86,"avg_public_establishment_5min":0.0,"avg_public_institutions_5min":1.04,"avg_religious_institutions_5min":0.0,"avg_senior_services_and_living_5min":0.0,"avg_services_5min":0.53,"avg_shelters_5min":0.0,"avg_tourism_5min":0.0,"avg_transportation_5min":0.06,"avg_score_clean_5min":1566.76,"coverage_clean_5min":100.0,"avg_score_weighted_5min":55.17,"coverage_weighted_5min":100.0,"avg_score_weighted_environmental_quality_5min":47.51,"avg_score_weighted_sub_environmental_quality_roads_5min":100.0,"avg_score_weighted_sub_environmental_quality_shade_5min":18.08,"avg_score_weighted_sub_environmental_quality_trees_5min":1.41,"avg_score_weighted_nature_5min":90.96,"avg_score_weighted_sub_nature_parks_5min":81.92,"avg_score_weighted_sub_nature_urban_nature_areas_5min":100.0,"avg_score_weighted_play_5min":96.05,"avg_score_weighted_sub_play_playgrounds_5min":96.05,"avg_score_weighted_safety_mobility_5min":35.85,"avg_score_weighted_sub_safety_mobility_bicycle_access_5min":0.0,"avg_score_weighted_sub_safety_mobility_bus_stops_5min":98.87,"avg_score_weighted_sub_safety_mobility_shelters_5min":0.0,"avg_score_weighted_sub_safety_mobility_street_lights_5min":41.24,"avg_score_weighted_family_services_5min":34.6,"avg_score_weighted_sub_family_services_business_5min":33.9,"avg_score_weighted_sub_family_services_community_5min":34.46,"avg_score_weighted_sub_family_services_education_5min":69.77,"avg_score_weighted_sub_family_services_health_5min":0.0,"avg_overall_10min":405.48,"med_overall_10min":405.0,"avg_amenities_10min":42.71,"avg_trees_10min":574.43,"avg_street_lights_10min":876.65,"coverage_10min":100.0,"avg_commercial_10min":12.14,"avg_education_10min":11.09,"avg_financial_services_10min":0.01,"avg_fitness_10min":0.01,"avg_healthcare_10min":1.46,"avg_parks_and_recreation_10min":6.24,"avg_public_establishment_10min":0.0,"avg_public_institutions_10min":2.84,"avg_religious_institutions_10min":0.22,"avg_senior_services_and_living_10min":0.0,"avg_services_10min":8.34,"avg_shelters_10min":0.0,"avg_tourism_10min":0.0,"avg_transportation_10min":0.37,"avg_score_clean_10min":5950.22,"coverage_clean_10min":100.0,"avg_score_weighted_10min":55.17,"coverage_weighted_10min":100.0,"avg_score_weighted_environmental_quality_10min":47.51,"avg_score_weighted_sub_environmental_quality_roads_10min":100.0,"avg_score_weighted_sub_environmental_quality_shade_10min":18.08,"avg_score_weighted_sub_environmental_quality_trees_10min":1.41,"avg_score_weighted_nature_10min":90.96,"avg_score_weighted_sub_nature_parks_10min":81.92,"avg_score_weighted_sub_nature_urban_nature_areas_10min":100.0,"avg_score_weighted_play_10min":96.05,"avg_score_weighted_sub_play_playgrounds_10min":96.05,"avg_score_weighted_safety_mobility_10min":35.85,"avg_score_weighted_sub_safety_mobility_bicycle_access_10min":0.0,"avg_score_weighted_sub_safety_mobility_bus_stops_10min":98.87,"avg_score_weighted_sub_safety_mobility_shelters_10min":0.0,"avg_score_weighted_sub_safety_mobility_street_lights_10min":41.24,"avg_score_weighted_family_services_10min":34.6,"avg_score_weighted_sub_family_services_business_10min":33.9,"avg_score_weighted_sub_family_services_community_10min":34.46,"avg_score_weighted_sub_family_services_education_10min":69.77,"avg_score_weighted_sub_family_services_health_10min":0.0,"avg_overall_15min":873.03,"med_overall_15min":846.75,"avg_amenities_15min":121.51,"avg_trees_15min":1439.06,"avg_street_lights_15min":1567.0,"coverage_15min":100.0,"avg_commercial_15min":39.42,"avg_education_15min":13.59,"avg_financial_services_15min":0.31,"avg_fitness_15min":0.25,"avg_healthcare_15min":4.03,"avg_parks_and_recreation_15min":14.56,"avg_public_establishment_15min":0.0,"avg_public_institutions_15min":3.99,"avg_religious_institutions_15min":0.86,"avg_senior_services_and_living_15min":0.0,"avg_services_15min":43.09,"avg_shelters_15min":0.0,"avg_tourism_15min":0.0,"avg_transportation_15min":1.41,"avg_score_clean_15min":12137.84,"coverage_clean_15min":100.0,"avg_score_weighted_15min":55.17,"coverage_weighted_15min":100.0,"avg_score_weighted_environmental_quality_15min":47.51,"avg_score_weighted_sub_environmental_quality_roads_15min":100.0,"avg_score_weighted_sub_environmental_quality_shade_15min":18.08,"avg_score_weighted_sub_environmental_quality_trees_15min":1.41,"avg_score_weighted_nature_15min":90.96,"avg_score_weighted_sub_nature_parks_15min":81.92,"avg_score_weighted_sub_nature_urban_nature_areas_15min":100.0,"avg_score_weighted_play_15min":96.05,"avg_score_weighted_sub_play_playgrounds_15min":96.05,"avg_score_weighted_safety_mobility_15min":35.85,"avg_score_weighted_sub_safety_mobility_bicycle_access_15min":0.0,"avg_score_weighted_sub_safety_mobility_bus_stops_15min":98.87,"avg_score_weighted_sub_safety_mobility_shelters_15min":0.0,"avg_score_weighted_sub_safety_mobility_street_lights_15min":41.24,"avg_score_weighted_family_services_15min":34.6,"avg_score_weighted_sub_family_services_business_15min":33.9,"avg_score_weighted_sub_family_services_community_15min":34.46,"avg_score_weighted_sub_family_services_education_15min":69.77,"avg_score_weighted_sub_family_services_health_15min":0.0,"pct_overall_5min":5,"pct_commercial_5min":19,"pct_education_5min":24,"pct_financial_services_5min":24,"pct_fitness_5min":5,"pct_healthcare_5min":19,"pct_parks_and_recreation_5min":24,"pct_public_establishment_5min":19,"pct_public_institutions_5min":48,"pct_religious_institutions_5min":14,"pct_senior_services_and_living_5min":19,"pct_services_5min":10,"pct_shelters_5min":14,"pct_tourism_5min":14,"pct_transportation_5min":52,"pct_trees_5min":5,"pct_clean_overall_5min":5,"pct_weighted_overall_5min":57,"pct_overall_10min":10,"pct_commercial_10min":19,"pct_education_10min":10,"pct_financial_services_10min":14,"pct_fitness_10min":5,"pct_healthcare_10min":10,"pct_parks_and_recreation_10min":19,"pct_public_establishment_10min":5,"pct_public_institutions_10min":38,"pct_religious_institutions_10min":5,"pct_senior_services_and_living_10min":14,"pct_services_10min":19,"pct_shelters_10min":5,"pct_tourism_10min":5,"pct_transportation_10min":38,"pct_trees_10min":5,"pct_clean_overall_10min":10,"pct_weighted_overall_10min":57,"pct_overall_15min":10,"pct_commercial_15min":29,"pct_education_15min":10,"pct_financial_services_15min":14,"pct_fitness_15min":5,"pct_healthcare_15min":10,"pct_parks_and_recreation_15min":19,"pct_public_establishment_15min":5,"pct_public_institutions_15min":14,"pct_religious_institutions_15min":5,"pct_senior_services_and_living_15min":5,"pct_services_15min":29,"pct_shelters_15min":5,"pct_tourism_15min":5,"pct_transportation_15min":38,"pct_trees_15min":5,"pct_clean_overall_15min":10,"pct_weighted_overall_15min":57,"pct_inv_clean_businesscenters":67,"pct_inv_clean_community-centers":90,"pct_inv_clean_education":43,"pct_inv_clean_health":14,"pct_inv_clean_playgrounds":48,"pct_inv_clean_shelters":38,"pct_inv_legacy_commercial":24,"pct_inv_legacy_education":29,"pct_inv_legacy_financial_services":19,"pct_inv_legacy_fitness":10,"pct_inv_legacy_healthcare":19,"pct_inv_legacy_parks_and_recreation":24,"pct_inv_legacy_public_establishment":24,"pct_inv_legacy_public_institutions":38,"pct_inv_legacy_religious_institutions":19,"pct_inv_legacy_senior_services_and_living":43,"pct_inv_legacy_services":19,"pct_inv_legacy_shelters":38,"pct_inv_legacy_tourism":19,"pct_inv_legacy_transportation":57},"geometry":{"type":"Polygon","coordinates":[[[34.82837,31.22521],[34.83043,31.23173],[34.82965,31.23211],[34.82825,31.23246],[34.82672,31.23271],[34.82545,31.23267],[34.82426,31.23278],[34.82338,31.2331],[34.822,31.23404],[34.82005,31.23533],[34.81876,31.23556],[34.81737,31.23549],[34.81494,31.23483],[34.81343,31.22852],[34.82837,31.22521]]]}},{"type":"Feature","properties":{"Name":"אזור תעשייה קריית יהודית"},"geometry":{"type":"Polygon","coordinates":[[[34.79825,31.22622],[34.80239,31.21308],[34.80442,31.21589],[34.80487,31.21692],[34.80509,31.21782],[34.80482,31.22031],[34.80422,31.22296],[34.80371,31.22587],[34.79825,31.22622]]]}},{"type":"Feature","properties":{"Name":"עמק שרה"},"geometry":{"type":"Polygon","coordinates":[[[34.83085,31.22449],[34.82837,31.22521],[34.81343,31.22852],[34.80515,31.2303],[34.80275,31.23026],[34.80371,31.22587],[34.80422,31.22296],[34.80482,31.22031],[34.80509,31.21782],[34.80487,31.21692],[34.80442,31.21589],[34.80239,31.21308],[34.80248,31.21281],[34.8028,31.21189],[34.80632,31.21193],[34.80867,31.21192],[34.80988,31.21196],[34.80988,31.2119],[34.80988,31.21177],[34.81257,31.2118],[34.81257,31.21182],[34.81256,31.21189],[34.81255,31.21202],[34.81455,31.21197],[34.81455,31.21194],[34.8283,31.21198],[34.82849,31.21199],[34.82843,31.21205],[34.82837,31.21212],[34.82822,31.21227],[34.82822,31.21227],[34.82791,31.2126],[34.82757,31.21281],[34.82757,31.21281],[34.82677,31.21329],[34.82688,31.21389],[34.82689,31.21393],[34.8282,31.21743],[34.8282,31.21743],[34.83085,31.22449]]]}},{"type":"Feature","properties":{"Name":"העיר העתיקה","building_count":757,"avg_overall_5min":520.1,"med_overall_5min":463.75,"avg_amenities_5min":215.71,"avg_trees_5min":838.69,"avg_street_lights_5min":378.84,"coverage_5min":100.0,"avg_commercial_5min":30.21,"avg_education_5min":21.17,"avg_financial_services_5min":6.53,"avg_fitness_5min":4.63,"avg_healthcare_5min":14.41,"avg_parks_and_recreation_5min":30.26,"avg_public_establishment_5min":6.74,"avg_public_institutions_5min":5.76,"avg_religious_institutions_5min":6.05,"avg_senior_services_and_living_5min":0.81,"avg_services_5min":67.94,"avg_shelters_5min":18.54,"avg_tourism_5min":2.34,"avg_transportation_5min":0.33,"avg_score_clean_5min":5141.27,"coverage_clean_5min":100.0,"avg_score_weighted_5min":56.14,"coverage_weighted_5min":100.0,"avg_score_weighted_environmental_quality_5min":38.56,"avg_score_weighted_sub_environmental_quality_roads_5min":64.0,"avg_score_weighted_sub_environmental_quality_shade_5min":4.36,"avg_score_weighted_sub_environmental_quality_trees_5min":56.08,"avg_score_weighted_nature_5min":77.71,"avg_score_weighted_sub_nature_parks_5min":99.54,"avg_score_weighted_sub_nature_urban_nature_areas_5min":55.88,"avg_score_weighted_play_5min":96.43,"avg_score_weighted_sub_play_playgrounds_5min":96.43,"avg_score_weighted_safety_mobility_5min":43.85,"avg_score_weighted_sub_safety_mobility_bicycle_access_5min":0.0,"avg_score_weighted_sub_safety_mobility_bus_stops_5min":98.94,"avg_score_weighted_sub_safety_mobility_shelters_5min":7.53,"avg_score_weighted_sub_safety_mobility_street_lights_5min":74.37,"avg_score_weighted_family_services_5min":45.37,"avg_score_weighted_sub_family_services_business_5min":13.08,"avg_score_weighted_sub_family_services_community_5min":18.1,"avg_score_weighted_sub_family_services_education_5min":78.14,"avg_score_weighted_sub_family_services_health_5min":52.31,"avg_overall_10min":1920.1,"med_overall_10min":1758.25,"avg_amenities_10min":889.68,"avg_trees_10min":2829.78,"avg_street_lights_10min":1291.88,"coverage_10min":100.0,"avg_commercial_10min":164.78,"avg_education_10min":72.7,"avg_financial_services_10min":31.33,"avg_fitness_10min":21.6,"avg_healthcare_10min":55.59,"avg_parks_and_recreation_10min":137.76,"avg_public_establishment_10min":22.79,"avg_public_institutions_10min":20.94,"avg_religious_institutions_10min":20.16,"avg_senior_services_and_living_10min":2.04,"avg_services_10min":282.49,"avg_shelters_10min":44.11,"avg_tourism_10min":10.42,"avg_transportation_10min":2.99,"avg_score_clean_10min":17311.64,"coverage_clean_10min":100.0,"avg_score_weighted_10min":56.14,"coverage_weighted_10min":100.0,"avg_score_weighted_environmental_quality_10min":38.56,"avg_score_weighted_sub_environmental_quality_roads_10min":64.0,"avg_score_weighted_sub_environmental_quality_shade_10min":4.36,"avg_score_weighted_sub_environmental_quality_trees_10min":56.08,"avg_score_weighted_nature_10min":77.71,"avg_score_weighted_sub_nature_parks_10min":99.54,"avg_score_weighted_sub_nature_urban_nature_areas_10min":55.88,"avg_score_weighted_play_10min":96.43,"avg_score_weighted_sub_play_playgrounds_10min":96.43,"avg_score_weighted_safety_mobility_10min":43.85,"avg_score_weighted_sub_safety_mobility_bicycle_access_10min":0.0,"avg_score_weighted_sub_safety_mobility_bus_stops_10min":98.94,"avg_score_weighted_sub_safety_mobility_shelters_10min":7.53,"avg_score_weighted_sub_safety_mobility_street_lights_10min":74.37,"avg_score_weighted_family_services_10min":45.37,"avg_score_weighted_sub_family_services_business_10min":13.08,"avg_score_weighted_sub_family_services_community_10min":18.1,"avg_score_weighted_sub_family_services_education_10min":78.14,"avg_score_weighted_sub_family_services_health_10min":52.31,"avg_overall_15min":3896.77,"med_overall_15min":3766.25,"avg_amenities_15min":1827.39,"avg_trees_15min":5628.81,"avg_street_lights_15min":2648.7,"coverage_15min":100.0,"avg_commercial_15min":404.44,"avg_education_15min":148.9,"avg_financial_services_15min":68.0,"avg_fitness_15min":44.63,"avg_healthcare_15min":119.09,"avg_parks_and_recreation_15min":281.02,"avg_public_establishment_15min":35.83,"avg_public_institutions_15min":37.19,"avg_religious_institutions_15min":39.32,"avg_senior_services_and_living_15min":3.16,"avg_services_15min":537.44,"avg_shelters_15min":81.12,"avg_tourism_15min":19.94,"avg_transportation_15min":7.3,"avg_score_clean_15min":34827.11,"coverage_clean_15min":100.0,"avg_score_weighted_15min":56.14,"coverage_weighted_15min":100.0,"avg_score_weighted_environmental_quality_15min":38.56,"avg_score_weighted_sub_environmental_quality_roads_15min":64.0,"avg_score_weighted_sub_environmental_quality_shade_15min":4.36,"avg_score_weighted_sub_environmental_quality_trees_15min":56.08,"avg_score_weighted_nature_15min":77.71,"avg_score_weighted_sub_nature_parks_15min":99.54,"avg_score_weighted_sub_nature_urban_nature_areas_15min":55.88,"avg_score_weighted_play_15min":96.43,"avg_score_weighted_sub_play_playgrounds_15min":96.43,"avg_score_weighted_safety_mobility_15min":43.85,"avg_score_weighted_sub_safety_mobility_bicycle_access_15min":0.0,"avg_score_weighted_sub_safety_mobility_bus_stops_15min":98.94,"avg_score_weighted_sub_safety_mobility_shelters_15min":7.53,"avg_score_weighted_sub_safety_mobility_street_lights_15min":74.37,"avg_score_weighted_family_services_15min":45.37,"avg_score_weighted_sub_family_services_business_15min":13.08,"avg_score_weighted_sub_family_services_community_15min":18.1,"avg_score_weighted_sub_family_services_education_15min":78.14,"avg_score_weighted_sub_family_services_health_15min":52.31,"pct_overall_5min":95,"pct_commercial_5min":86,"pct_education_5min":95,"pct_financial_services_5min":95,"pct_fitness_5min":86,"pct_healthcare_5min":95,"pct_parks_and_recreation_5min":95,"pct_public_establishment_5min":100,"pct_public_institutions_5min":95,"pct_religious_institutions_5min":81,"pct_senior_services_and_living_5min":76,"pct_services_5min":95,"pct_shelters_5min":62,"pct_tourism_5min":95,"pct_transportation_5min":86,"pct_trees_5min":100,"pct_clean_overall_5min":100,"pct_weighted_overall_5min":67,"pct_overall_10min":95,"pct_commercial_10min":86,"pct_education_10min":95,"pct_financial_services_10min":90,"pct_fitness_10min":90,"pct_healthcare_10min":90,"pct_parks_and_recreation_10min":95,"pct_public_establishment_10min":95,"pct_public_institutions_10min":90,"pct_religious_institutions_10min":67,"pct_senior_services_and_living_10min":71,"pct_services_10min":100,"pct_shelters_10min":52,"pct_tourism_10min":100,"pct_transportation_10min":95,"pct_trees_10min":95,"pct_clean_overall_10min":95,"pct_weighted_overall_10min":67,"pct_overall_15min":95,"pct_commercial_15min":86,"pct_education_15min":81,"pct_financial_services_15min":90,"pct_fitness_15min":86,"pct_healthcare_15min":90,"pct_parks_and_recreation_15min":95,"pct_public_establishment_15min":90,"pct_public_institutions_15min":90,"pct_religious_institutions_15min":57,"pct_senior_services_and_living_15min":57,"pct_services_15min":95,"pct_shelters_15min":52,"pct_tourism_15min":100,"pct_transportation_15min":100,"pct_trees_15min":86,"pct_clean_overall_15min":81,"pct_weighted_overall_15min":67,"pct_inv_clean_businesscenters":100,"pct_inv_clean_community-centers":90,"pct_inv_clean_education":48,"pct_inv_clean_health":95,"pct_inv_clean_playgrounds":76,"pct_inv_clean_shelters":62,"pct_inv_legacy_commercial":95,"pct_inv_legacy_education":86,"pct_inv_legacy_financial_services":100,"pct_inv_legacy_fitness":95,"pct_inv_legacy_healthcare":100,"pct_inv_legacy_parks_and_recreation":100,"pct_inv_legacy_public_establishment":100,"pct_inv_legacy_public_institutions":100,"pct_inv_legacy_religious_institutions":71,"pct_inv_legacy_senior_services_and_living":81,"pct_inv_legacy_services":100,"pct_inv_legacy_shelters":62,"pct_inv_legacy_tourism":100,"pct_inv_legacy_transportation":100},"geometry":{"type":"Polygon","coordinates":[[[34.79776,31.23928],[34.79368,31.24399],[34.79356,31.24389],[34.79356,31.24388],[34.79351,31.24388],[34.79351,31.24388],[34.79344,31.24393],[34.79342,31.24394],[34.7934,31.24395],[34.7934,31.24396],[34.79328,31.24403],[34.79272,31.2443],[34.79249,31.24438],[34.79227,31.24444],[34.79217,31.24446],[34.79188,31.24454],[34.79176,31.24458],[34.79162,31.24461],[34.79157,31.24462],[34.79143,31.24465],[34.79109,31.24474],[34.79077,31.2448],[34.79068,31.24482],[34.79067,31.24482],[34.79006,31.24494],[34.78963,31.24502],[34.78962,31.24503],[34.78925,31.2451],[34.78862,31.24522],[34.78857,31.24524],[34.78837,31.24528],[34.78833,31.24528],[34.78826,31.2453],[34.78752,31.24546],[34.78745,31.24547],[34.78711,31.24555],[34.7867,31.24565],[34.78669,31.24565],[34.78652,31.24568],[34.78651,31.24568],[34.7865,31.24568],[34.78645,31.24569],[34.78643,31.2457],[34.78641,31.2457],[34.7858,31.24584],[34.78508,31.24601],[34.78489,31.24605],[34.78467,31.2461],[34.78431,31.24617],[34.78416,31.2462],[34.78403,31.24623],[34.78396,31.24625],[34.78363,31.24632],[34.7835,31.24634],[34.78316,31.24639],[34.78297,31.24643],[34.78295,31.24644],[34.78289,31.24625],[34.78268,31.24571],[34.78267,31.24568],[34.7826,31.24549],[34.7825,31.24522],[34.78239,31.24493],[34.78238,31.2449],[34.78231,31.24469],[34.78223,31.24456],[34.78222,31.24454],[34.78215,31.24448],[34.78208,31.24442],[34.78196,31.24435],[34.78178,31.24429],[34.78175,31.24428],[34.78173,31.24427],[34.78171,31.24427],[34.7816,31.24423],[34.78157,31.24422],[34.78155,31.24421],[34.78153,31.24421],[34.78123,31.24412],[34.78097,31.24403],[34.78079,31.24397],[34.78056,31.2439],[34.78028,31.2438],[34.77967,31.2436],[34.77937,31.24329],[34.7789,31.24286],[34.77888,31.24283],[34.77886,31.24272],[34.77886,31.24236],[34.77884,31.24232],[34.77883,31.24228],[34.77877,31.24156],[34.77877,31.24155],[34.78065,31.24031],[34.78066,31.24022],[34.78067,31.24019],[34.78067,31.24016],[34.78068,31.24014],[34.78044,31.23967],[34.78047,31.23934],[34.78049,31.23916],[34.78049,31.23915],[34.78055,31.23833],[34.78057,31.23813],[34.78059,31.23788],[34.78067,31.23774],[34.78075,31.23755],[34.78082,31.23727],[34.78081,31.23723],[34.78082,31.23719],[34.78087,31.2369],[34.78087,31.2369],[34.78084,31.23682],[34.78071,31.23651],[34.78068,31.23643],[34.78059,31.23622],[34.78068,31.23602],[34.78072,31.23593],[34.78087,31.2356],[34.78087,31.23559],[34.78126,31.23548],[34.78141,31.23544],[34.78157,31.23544],[34.78159,31.23545],[34.7816,31.23542],[34.78162,31.23529],[34.78167,31.23504],[34.78166,31.23503],[34.782,31.23476],[34.78255,31.23448],[34.78303,31.23433],[34.78338,31.23427],[34.78384,31.23431],[34.78433,31.23448],[34.78637,31.23513],[34.78704,31.23537],[34.78727,31.23492],[34.78732,31.23484],[34.78747,31.23491],[34.78761,31.23497],[34.78777,31.23504],[34.78794,31.23512],[34.78813,31.2352],[34.78829,31.23526],[34.78849,31.23534],[34.78869,31.23542],[34.78903,31.2355],[34.7893,31.23561],[34.78953,31.2357],[34.7896,31.23572],[34.78977,31.23577],[34.78996,31.23587],[34.79027,31.23602],[34.79063,31.23619],[34.79094,31.23634],[34.79122,31.23647],[34.7914,31.23656],[34.7916,31.23664],[34.79184,31.23674],[34.79203,31.2368],[34.79217,31.23684],[34.79251,31.23691],[34.79278,31.23694],[34.79293,31.23694],[34.79302,31.23694],[34.79301,31.23695],[34.79292,31.2371],[34.79273,31.23733],[34.79264,31.23743],[34.79268,31.23745],[34.79307,31.23764],[34.79319,31.23769],[34.79336,31.23777],[34.79337,31.23777],[34.79339,31.23778],[34.79341,31.23778],[34.79359,31.23785],[34.79362,31.23786],[34.79364,31.23786],[34.79383,31.23793],[34.79416,31.23804],[34.79416,31.23805],[34.79425,31.23808],[34.79433,31.23811],[34.79435,31.23811],[34.79439,31.23813],[34.79499,31.23834],[34.79529,31.23844],[34.79531,31.23845],[34.79533,31.23846],[34.79538,31.23847],[34.79598,31.23866],[34.79628,31.23876],[34.79638,31.2388],[34.79672,31.23891],[34.79684,31.23895],[34.79776,31.23928]]]}},{"type":"Feature","properties":{"Name":"אזור התעשייה"},"geometry":{"type":"Polygon","coordinates":[[[34.83043,31.23173],[34.83243,31.23549],[34.83258,31.23692],[34.83272,31.23855],[34.83218,31.24013],[34.83133,31.24168],[34.83073,31.24262],[34.83144,31.24287],[34.8327,31.24343],[34.83373,31.24341],[34.83492,31.24347],[34.83593,31.24322],[34.83658,31.24311],[34.838,31.24328],[34.83936,31.24353],[34.83995,31.24373],[34.8413,31.24369],[34.84288,31.24348],[34.84322,31.24341],[34.8435,31.2434],[34.84353,31.2434],[34.84374,31.24333],[34.84378,31.2433],[34.844,31.24358],[34.84426,31.2441],[34.84427,31.24511],[34.84429,31.24617],[34.84409,31.24706],[34.84366,31.24706],[34.84286,31.24705],[34.84046,31.24689],[34.83864,31.24649],[34.83715,31.24641],[34.837,31.2466],[34.83514,31.24889],[34.83371,31.24943],[34.83298,31.2497],[34.8325,31.24982],[34.83212,31.2499],[34.83177,31.24996],[34.83131,31.25],[34.83092,31.25004],[34.83087,31.25004],[34.83055,31.25006],[34.82982,31.25015],[34.82906,31.2503],[34.82877,31.25037],[34.8288,31.25062],[34.82885,31.25127],[34.82927,31.25505],[34.82943,31.25675],[34.82946,31.25704],[34.82977,31.25705],[34.83142,31.25706],[34.83338,31.25707],[34.83338,31.2571],[34.83338,31.25975],[34.83254,31.261],[34.83247,31.26106],[34.83245,31.26107],[34.83237,31.26109],[34.83226,31.26107],[34.83211,31.26097],[34.83155,31.26056],[34.83086,31.26014],[34.83023,31.25977],[34.82968,31.25946],[34.8297,31.25959],[34.82968,31.25959],[34.82967,31.25952],[34.82967,31.2595],[34.82871,31.25901],[34.82846,31.25889],[34.82826,31.25879],[34.82818,31.25875],[34.82812,31.25872],[34.82799,31.25865],[34.82768,31.25848],[34.82744,31.25836],[34.82706,31.25813],[34.82675,31.25788],[34.8264,31.25759],[34.82616,31.25739],[34.82573,31.25702],[34.82545,31.25678],[34.825,31.25638],[34.82493,31.25632],[34.82491,31.2563],[34.8249,31.25628],[34.82445,31.25589],[34.82428,31.25572],[34.82412,31.25559],[34.82366,31.25511],[34.82311,31.25453],[34.82297,31.25438],[34.82293,31.25442],[34.82276,31.2546],[34.82222,31.25518],[34.82153,31.2559],[34.8213,31.25613],[34.82107,31.25635],[34.82089,31.25651],[34.82068,31.25666],[34.8204,31.25683],[34.82021,31.25694],[34.82017,31.25697],[34.82,31.25706],[34.8198,31.25716],[34.81977,31.25717],[34.81975,31.25716],[34.81974,31.25719],[34.81909,31.2575],[34.81689,31.25856],[34.81608,31.25895],[34.81481,31.25956],[34.81432,31.25981],[34.8137,31.26009],[34.81323,31.26033],[34.81283,31.26053],[34.81259,31.26064],[34.81118,31.26131],[34.81114,31.26133],[34.81113,31.26134],[34.81111,31.26135],[34.81098,31.26141],[34.81044,31.26166],[34.80951,31.26211],[34.80949,31.26212],[34.80945,31.26185],[34.80918,31.26047],[34.80917,31.26043],[34.80931,31.26037],[34.8095,31.26026],[34.80968,31.26014],[34.8099,31.25998],[34.81008,31.25982],[34.8104,31.25949],[34.81041,31.25949],[34.8105,31.25939],[34.8109,31.25898],[34.81097,31.25891],[34.81123,31.25864],[34.81125,31.25862],[34.81126,31.2586],[34.81156,31.25831],[34.81158,31.25828],[34.81176,31.25808],[34.81189,31.25792],[34.81197,31.25777],[34.81198,31.25776],[34.81206,31.25764],[34.81265,31.25663],[34.81267,31.25659],[34.81315,31.25576],[34.8134,31.25534],[34.81341,31.25532],[34.81342,31.25531],[34.8141,31.25417],[34.81448,31.25349],[34.8145,31.25347],[34.81441,31.25345],[34.81415,31.25337],[34.81369,31.25319],[34.8132,31.253],[34.81312,31.25296],[34.81303,31.25292],[34.81301,31.25293],[34.81299,31.25292],[34.81272,31.25272],[34.81241,31.25249],[34.81222,31.25235],[34.81204,31.25222],[34.81178,31.25194],[34.81159,31.25176],[34.81133,31.25147],[34.81133,31.25146],[34.8112,31.2513],[34.81118,31.25127],[34.81061,31.25052],[34.81029,31.24986],[34.81023,31.24968],[34.81003,31.24906],[34.80997,31.24888],[34.80981,31.24839],[34.80925,31.24756],[34.80923,31.24753],[34.80708,31.2459],[34.80704,31.24588],[34.80677,31.24567],[34.80667,31.2456],[34.80655,31.24551],[34.80653,31.2455],[34.80628,31.24492],[34.80616,31.24448],[34.80614,31.24441],[34.80613,31.24438],[34.80611,31.24438],[34.80592,31.24443],[34.80575,31.24449],[34.80559,31.24455],[34.80534,31.24468],[34.8051,31.24486],[34.80495,31.245],[34.80493,31.24501],[34.80492,31.24502],[34.80442,31.24471],[34.80331,31.24381],[34.8032,31.24368],[34.80318,31.24367],[34.80303,31.24343],[34.80302,31.24342],[34.80197,31.24183],[34.80117,31.24083],[34.80098,31.24063],[34.80087,31.24051],[34.80086,31.24051],[34.80084,31.2405],[34.80013,31.24005],[34.8001,31.24003],[34.8001,31.24003],[34.79989,31.23994],[34.79988,31.23994],[34.79987,31.23993],[34.7992,31.23972],[34.79847,31.23948],[34.79815,31.23939],[34.79782,31.2393],[34.79776,31.23928],[34.79684,31.23895],[34.79672,31.23891],[34.79638,31.2388],[34.79628,31.23876],[34.79598,31.23866],[34.79538,31.23847],[34.79533,31.23846],[34.79531,31.23845],[34.79529,31.23844],[34.79499,31.23834],[34.79439,31.23813],[34.79435,31.23811],[34.79433,31.23811],[34.79425,31.23808],[34.79416,31.23805],[34.79416,31.23804],[34.79383,31.23793],[34.79364,31.23786],[34.79362,31.23786],[34.79359,31.23785],[34.79341,31.23778],[34.79339,31.23778],[34.79337,31.23777],[34.79336,31.23777],[34.79319,31.23769],[34.79307,31.23764],[34.79268,31.23745],[34.79264,31.23743],[34.79273,31.23733],[34.79292,31.2371],[34.79301,31.23695],[34.79302,31.23694],[34.79311,31.23681],[34.79315,31.23673],[34.79383,31.23565],[34.79394,31.23547],[34.79394,31.23547],[34.7943,31.23491],[34.79456,31.23454],[34.79457,31.23453],[34.79498,31.2339],[34.79523,31.23354],[34.79542,31.23325],[34.79599,31.23242],[34.79616,31.23218],[34.79617,31.23216],[34.79639,31.23187],[34.79651,31.23169],[34.79682,31.23121],[34.79683,31.23119],[34.79706,31.23086],[34.79707,31.23084],[34.79734,31.23046],[34.79747,31.23025],[34.79753,31.23015],[34.79756,31.22998],[34.79758,31.22946],[34.79759,31.22924],[34.79763,31.22814],[34.79765,31.22768],[34.79765,31.22738],[34.79765,31.22735],[34.79765,31.22732],[34.79765,31.22726],[34.79767,31.22701],[34.79768,31.22696],[34.79768,31.22694],[34.79768,31.22692],[34.7977,31.22664],[34.79777,31.22632],[34.79781,31.22615],[34.79781,31.22612],[34.79817,31.22622],[34.79825,31.22622],[34.80371,31.22587],[34.80275,31.23026],[34.80515,31.2303],[34.81343,31.22852],[34.81494,31.23483],[34.81737,31.23549],[34.81876,31.23556],[34.82005,31.23533],[34.822,31.23404],[34.82338,31.2331],[34.82426,31.23278],[34.82545,31.23267],[34.82672,31.23271],[34.82825,31.23246],[34.82965,31.23211],[34.83043,31.23173]]]}},{"type":"Feature","properties":{"Name":"כלניות","building_count":823,"avg_overall_5min":135.63,"med_overall_5min":123.75,"avg_amenities_5min":5.23,"avg_trees_5min":197.46,"avg_street_lights_5min":324.11,"coverage_5min":82.7,"avg_commercial_5min":0.12,"avg_education_5min":3.12,"avg_financial_services_5min":0.0,"avg_fitness_5min":0.07,"avg_healthcare_5min":0.36,"avg_parks_and_recreation_5min":0.05,"avg_public_establishment_5min":0.0,"avg_public_institutions_5min":0.54,"avg_religious_institutions_5min":0.0,"avg_senior_services_and_living_5min":0.06,"avg_services_5min":0.26,"avg_shelters_5min":0.64,"avg_tourism_5min":0.0,"avg_transportation_5min":0.01,"avg_score_clean_5min":2099.18,"coverage_clean_5min":100.0,"avg_score_weighted_5min":51.99,"coverage_weighted_5min":100.0,"avg_score_weighted_environmental_quality_5min":43.23,"avg_score_weighted_sub_environmental_quality_roads_5min":100.0,"avg_score_weighted_sub_environmental_quality_shade_5min":0.0,"avg_score_weighted_sub_environmental_quality_trees_5min":16.16,"avg_score_weighted_nature_5min":92.41,"avg_score_weighted_sub_nature_parks_5min":84.81,"avg_score_weighted_sub_nature_urban_nature_areas_5min":100.0,"avg_score_weighted_play_5min":98.78,"avg_score_weighted_sub_play_playgrounds_5min":98.78,"avg_score_weighted_safety_mobility_5min":35.66,"avg_score_weighted_sub_safety_mobility_bicycle_access_5min":0.0,"avg_score_weighted_sub_safety_mobility_bus_stops_5min":89.19,"avg_score_weighted_sub_safety_mobility_shelters_5min":0.0,"avg_score_weighted_sub_safety_mobility_street_lights_5min":59.36,"avg_score_weighted_family_services_5min":23.0,"avg_score_weighted_sub_family_services_business_5min":0.0,"avg_score_weighted_sub_family_services_community_5min":15.31,"avg_score_weighted_sub_family_services_education_5min":51.64,"avg_score_weighted_sub_family_services_health_5min":14.82,"avg_overall_10min":476.2,"med_overall_10min":427.75,"avg_amenities_10min":38.81,"avg_trees_10min":786.2,"avg_street_lights_10min":963.36,"coverage_10min":100.0,"avg_commercial_10min":2.1,"avg_education_10min":13.97,"avg_financial_services_10min":0.31,"avg_fitness_10min":0.73,"avg_healthcare_10min":3.0,"avg_parks_and_recreation_10min":1.69,"avg_public_establishment_10min":0.17,"avg_public_institutions_10min":2.48,"avg_religious_institutions_10min":1.44,"avg_senior_services_and_living_10min":0.38,"avg_services_10min":1.86,"avg_shelters_10min":10.21,"avg_tourism_10min":0.11,"avg_transportation_10min":0.37,"avg_score_clean_10min":7050.78,"coverage_clean_10min":100.0,"avg_score_weighted_10min":51.99,"coverage_weighted_10min":100.0,"avg_score_weighted_environmental_quality_10min":43.23,"avg_score_weighted_sub_environmental_quality_roads_10min":100.0,"avg_score_weighted_sub_environmental_quality_shade_10min":0.0,"avg_score_weighted_sub_environmental_quality_trees_10min":16.16,"avg_score_weighted_nature_10min":92.41,"avg_score_weighted_sub_nature_parks_10min":84.81,"avg_score_weighted_sub_nature_urban_nature_areas_10min":100.0,"avg_score_weighted_play_10min":98.78,"avg_score_weighted_sub_play_playgrounds_10min":98.78,"avg_score_weighted_safety_mobility_10min":35.66,"avg_score_weighted_sub_safety_mobility_bicycle_access_10min":0.0,"avg_score_weighted_sub_safety_mobility_bus_stops_10min":89.19,"avg_score_weighted_sub_safety_mobility_shelters_10min":0.0,"avg_score_weighted_sub_safety_mobility_street_lights_10min":59.36,"avg_score_weighted_family_services_10min":23.0,"avg_score_weighted_sub_family_services_business_10min":0.0,"avg_score_weighted_sub_family_services_community_10min":15.31,"avg_score_weighted_sub_family_services_education_10min":51.64,"avg_score_weighted_sub_family_services_health_10min":14.82,"avg_overall_15min":1031.05,"med_overall_15min":1031.75,"avg_amenities_15min":122.18,"avg_trees_15min":1889.17,"avg_street_lights_15min":1746.28,"coverage_15min":100.0,"avg_commercial_15min":8.97,"avg_education_15min":33.2,"avg_financial_services_15min":1.41,"avg_fitness_15min":2.83,"avg_healthcare_15min":9.11,"avg_parks_and_recreation_15min":6.26,"avg_public_establishment_15min":1.05,"avg_public_institutions_15min":4.26,"avg_religious_institutions_15min":6.32,"avg_senior_services_and_living_15min":0.76,"avg_services_15min":7.05,"avg_shelters_15min":39.49,"avg_tourism_15min":0.65,"avg_transportation_15min":0.82,"avg_score_clean_15min":14685.11,"coverage_clean_15min":100.0,"avg_score_weighted_15min":51.99,"coverage_weighted_15min":100.0,"avg_score_weighted_environmental_quality_15min":43.23,"avg_score_weighted_sub_environmental_quality_roads_15min":100.0,"avg_score_weighted_sub_environmental_quality_shade_15min":0.0,"avg_score_weighted_sub_environmental_quality_trees_15min":16.16,"avg_score_weighted_nature_15min":92.41,"avg_score_weighted_sub_nature_parks_15min":84.81,"avg_score_weighted_sub_nature_urban_nature_areas_15min":100.0,"avg_score_weighted_play_15min":98.78,"avg_score_weighted_sub_play_playgrounds_15min":98.78,"avg_score_weighted_safety_mobility_15min":35.66,"avg_score_weighted_sub_safety_mobility_bicycle_access_15min":0.0,"avg_score_weighted_sub_safety_mobility_bus_stops_15min":89.19,"avg_score_weighted_sub_safety_mobility_shelters_15min":0.0,"avg_score_weighted_sub_safety_mobility_street_lights_15min":59.36,"avg_score_weighted_family_services_15min":23.0,"avg_score_weighted_sub_family_services_business_15min":0.0,"avg_score_weighted_sub_family_services_community_15min":15.31,"avg_score_weighted_sub_family_services_education_15min":51.64,"avg_score_weighted_sub_family_services_health_15min":14.82,"pct_overall_5min":14,"pct_commercial_5min":10,"pct_education_5min":5,"pct_financial_services_5min":24,"pct_fitness_5min":10,"pct_healthcare_5min":14,"pct_parks_and_recreation_5min":5,"pct_public_establishment_5min":19,"pct_public_institutions_5min":14,"pct_religious_institutions_5min":14,"pct_senior_services_and_living_5min":33,"pct_services_5min":5,"pct_shelters_5min":29,"pct_tourism_5min":14,"pct_transportation_5min":43,"pct_trees_5min":10,"pct_clean_overall_5min":14,"pct_weighted_overall_5min":29,"pct_overall_10min":19,"pct_commercial_10min":10,"pct_education_10min":14,"pct_financial_services_10min":19,"pct_fitness_10min":10,"pct_healthcare_10min":19,"pct_parks_and_recreation_10min":10,"pct_public_establishment_10min":14,"pct_public_institutions_10min":24,"pct_religious_institutions_10min":14,"pct_senior_services_and_living_10min":29,"pct_services_10min":5,"pct_shelters_10min":33,"pct_tourism_10min":10,"pct_transportation_10min":38,"pct_trees_10min":10,"pct_clean_overall_10min":19,"pct_weighted_overall_10min":29,"pct_overall_15min":19,"pct_commercial_15min":14,"pct_education_15min":24,"pct_financial_services_15min":19,"pct_fitness_15min":10,"pct_healthcare_15min":19,"pct_parks_and_recreation_15min":10,"pct_public_establishment_15min":14,"pct_public_institutions_15min":24,"pct_religious_institutions_15min":14,"pct_senior_services_and_living_15min":33,"pct_services_15min":10,"pct_shelters_15min":33,"pct_tourism_15min":10,"pct_transportation_15min":29,"pct_trees_15min":14,"pct_clean_overall_15min":19,"pct_weighted_overall_15min":29,"pct_inv_clean_businesscenters":29,"pct_inv_clean_community-centers":90,"pct_inv_clean_education":24,"pct_inv_clean_health":38,"pct_inv_clean_playgrounds":48,"pct_inv_clean_shelters":38,"pct_inv_legacy_commercial":5,"pct_inv_legacy_education":24,"pct_inv_legacy_financial_services":19,"pct_inv_legacy_fitness":10,"pct_inv_legacy_healthcare":19,"pct_inv_legacy_parks_and_recreation":5,"pct_inv_legacy_public_establishment":24,"pct_inv_legacy_public_institutions":24,"pct_inv_legacy_religious_institutions":19,"pct_inv_legacy_senior_services_and_living":43,"pct_inv_legacy_services":10,"pct_inv_legacy_shelters":38,"pct_inv_legacy_tourism":19,"pct_inv_legacy_transportation":57},"geometry":{"type":"Polygon","coordinates":[[[34.76342,31.27238],[34.75985,31.27527],[34.75272,31.27857],[34.74724,31.27017],[34.75133,31.264],[34.7532,31.26533],[34.75554,31.26722],[34.75876,31.26974],[34.76127,31.271],[34.76276,31.27177],[34.76338,31.27234],[34.76342,31.27238]]]}},{"type":"Feature","properties":{"Name":"רקפות"},"geometry":{"type":"Polygon","coordinates":[[[34.79564,31.28785],[34.79124,31.28743],[34.78127,31.28324],[34.7782,31.28054],[34.77698,31.27945],[34.77525,31.27932],[34.77364,31.27943],[34.77284,31.27973],[34.76929,31.27956],[34.76673,31.2803],[34.76313,31.28123],[34.76154,31.28363],[34.75838,31.28493],[34.75698,31.28459],[34.75565,31.28412],[34.75371,31.28411],[34.75115,31.28301],[34.74897,31.28197],[34.74647,31.28092],[34.74423,31.2799],[34.7436,31.27927],[34.74468,31.27842],[34.74593,31.27694],[34.74642,31.27563],[34.74832,31.27488],[34.74953,31.27368],[34.75272,31.27857],[34.75985,31.27527],[34.76342,31.27238],[34.76411,31.27311],[34.76439,31.27359],[34.76658,31.27204],[34.76904,31.27284],[34.77001,31.27275],[34.77116,31.27296],[34.77292,31.27278],[34.77346,31.27279],[34.77491,31.2733],[34.77539,31.27387],[34.77632,31.27399],[34.77667,31.27416],[34.77692,31.2744],[34.77729,31.27513],[34.77756,31.27537],[34.77803,31.27553],[34.77842,31.27555],[34.78055,31.27529],[34.78087,31.27529],[34.78081,31.27536],[34.7808,31.27551],[34.78109,31.27557],[34.78174,31.2756],[34.7826,31.27571],[34.7837,31.27583],[34.78466,31.27611],[34.78514,31.27617],[34.7856,31.27616],[34.78852,31.27518],[34.78886,31.2752],[34.78939,31.27531],[34.78994,31.27537],[34.79046,31.27538],[34.79103,31.2754],[34.79133,31.27537],[34.79158,31.27538],[34.79211,31.27539],[34.79244,31.27539],[34.7928,31.27545],[34.79342,31.27558],[34.79385,31.27573],[34.79408,31.27549],[34.79424,31.27547],[34.79471,31.27559],[34.79512,31.27572],[34.79545,31.27586],[34.79561,31.27596],[34.79579,31.27574],[34.79632,31.27519],[34.79645,31.27519],[34.79758,31.27548],[34.79669,31.27671],[34.79608,31.27852],[34.79578,31.28115],[34.79587,31.28368],[34.7959,31.28615],[34.79584,31.28787],[34.79564,31.28785]]]}}]}